sample_id,partition,domain,label,printer_id,session_id,clip_uid,channel_id,fault_family,fault_subtype,speed_profile,collection_slot,microphone_position,condition,audio_path,destination_audio_path,mono_wav_sha256,bytes,start_source_frame,end_source_frame_exclusive,source_interleaved_wav_sha256,fault_overlap_sec,fault_overlap_ratio,anchor_revision,anchor_source,delta_seconds
section_00_test_000000,test,source,anomaly,A,20260902T123012Z-4cf6ff5d308fab84abd455c2,20260902T123012Z-4cf6ff5d308fab84abd455c2-dg-83bd84d7964d-000076,2,belt_tension_abnormal,belt_a,fast,belt-a-low-v1-fast,left,soft-anomaly,clipped/audio_event_clean/anomaly/20260902T123012Z-4cf6ff5d308fab84abd455c2-dg-83bd84d7964d-000076_ch2.wav,3DPrinter/test/section_00_test_000000.wav,af35d5263081a183b3ba82697cc488d6fd1477fd9362ca1121617ae3869f4091,960044,194752800,195232800,0419794d703398f5dd596f45aeaf388a9ebfae292e4a1655f4478b2ae3181dba,7.705,0.7705,afaa8f43be0aec96424463c6583224cb800950b6c382cac39d4792a69734eaea,saved_rule_based,0.55
section_00_test_000001,test,source,anomaly,A,20260902T123012Z-4cf6ff5d308fab84abd455c2,20260902T123012Z-4cf6ff5d308fab84abd455c2-dg-83bd84d7964d-000100,2,belt_tension_abnormal,belt_a,fast,belt-a-low-v1-fast,left,soft-anomaly,clipped/audio_event_clean/anomaly/20260902T123012Z-4cf6ff5d308fab84abd455c2-dg-83bd84d7964d-000100_ch2.wav,3DPrinter/test/section_00_test_000001.wav,f442f2de2131bc9d779c02b892c93538379641c3f4d65c58dd9fc94f7076c351,960044,206272800,206752800,0419794d703398f5dd596f45aeaf388a9ebfae292e4a1655f4478b2ae3181dba,6.08,0.608,afaa8f43be0aec96424463c6583224cb800950b6c382cac39d4792a69734eaea,saved_rule_based,0.55
section_00_test_000002,test,source,anomaly,A,20260902T123012Z-4cf6ff5d308fab84abd455c2,20260902T123012Z-4cf6ff5d308fab84abd455c2-dg-83bd84d7964d-000104,2,belt_tension_abnormal,belt_a,fast,belt-a-low-v1-fast,left,soft-anomaly,clipped/audio_event_clean/anomaly/20260902T123012Z-4cf6ff5d308fab84abd455c2-dg-83bd84d7964d-000104_ch2.wav,3DPrinter/test/section_00_test_000002.wav,9ad23fd1ea7ebe6c3704b03ab0490212f88b82b8fc8669cd7b87ec3a9cf852bb,960044,208192800,208672800,0419794d703398f5dd596f45aeaf388a9ebfae292e4a1655f4478b2ae3181dba,4.075,0.4075,afaa8f43be0aec96424463c6583224cb800950b6c382cac39d4792a69734eaea,saved_rule_based,0.55
section_00_test_000003,test,source,anomaly,A,20260902T160129Z-7bf957baa43106e95892839f,20260902T160129Z-7bf957baa43106e95892839f-dg-abd0479e1929-000021,2,belt_tension_abnormal,belt_a_b,fast,belt-ab-low-v1-fast,left,soft-anomaly,clipped/audio_event_clean/anomaly/20260902T160129Z-7bf957baa43106e95892839f-dg-abd0479e1929-000021_ch2.wav,3DPrinter/test/section_00_test_000003.wav,fb71dbfe66630509af355476bacf0b86318aafe89f4c4aeed5854cc448a8a884,960044,167448000,167928000,669d8faca045862f0e21ea01fa3d812c6d4a146585b3b1af4918926ea1d0af2e,3.16,0.316,cadc27ade9531bea25723c54bacde09b28bd902753dec34783f57174519caea1,saved_rule_based,0.55
section_00_test_000004,test,source,anomaly,A,20260902T160129Z-7bf957baa43106e95892839f,20260902T160129Z-7bf957baa43106e95892839f-dg-abd0479e1929-000048,2,belt_tension_abnormal,belt_a_b,fast,belt-ab-low-v1-fast,left,soft-anomaly,clipped/audio_event_clean/anomaly/20260902T160129Z-7bf957baa43106e95892839f-dg-abd0479e1929-000048_ch2.wav,3DPrinter/test/section_00_test_000004.wav,a0692b5154860d68af8d8728d2971fdf5e49b3b759ecbc2c5d16897076c87c00,960044,180408000,180888000,669d8faca045862f0e21ea01fa3d812c6d4a146585b3b1af4918926ea1d0af2e,7.41,0.741,cadc27ade9531bea25723c54bacde09b28bd902753dec34783f57174519caea1,saved_rule_based,0.55
section_00_test_000005,test,source,anomaly,A,20260903T035843Z-da2337039d4a903e210d8513,20260903T035843Z-da2337039d4a903e210d8513-dg-a7222c8d5e48-000049,2,belt_tension_abnormal,belt_b,fast,belt-b-low-v1-fast,left,soft-anomaly,clipped/audio_event_clean/anomaly/20260903T035843Z-da2337039d4a903e210d8513-dg-a7222c8d5e48-000049_ch2.wav,3DPrinter/test/section_00_test_000005.wav,1ca31212a99474febe78673365048529a94a408b5046eba50ea58202464ada0a,960044,2246500800,2246980800,ed3fc18f3dbbbba286defd5b89e5624227cfde94abc30cbeb84a5d2a497c3ce9,7.87,0.787,a6a2f33d9b610a671a93d7368ab33bde7052c6380696da7d336edcff117855ac,saved_rule_based,0.55
section_00_test_000006,test,source,anomaly,A,20260903T035843Z-da2337039d4a903e210d8513,20260903T035843Z-da2337039d4a903e210d8513-dg-a7222c8d5e48-000081,2,belt_tension_abnormal,belt_b,fast,belt-b-low-v1-fast,left,soft-anomaly,clipped/audio_event_clean/anomaly/20260903T035843Z-da2337039d4a903e210d8513-dg-a7222c8d5e48-000081_ch2.wav,3DPrinter/test/section_00_test_000006.wav,fa198b1860872c9ae97ea558cf0d6c58be96b790eca2d6384803b69a163afc6a,960044,2261860800,2262340800,ed3fc18f3dbbbba286defd5b89e5624227cfde94abc30cbeb84a5d2a497c3ce9,9.54,0.954,a6a2f33d9b610a671a93d7368ab33bde7052c6380696da7d336edcff117855ac,saved_rule_based,0.55
section_00_test_000007,test,source,anomaly,A,20260904T005200Z-3ad8dce5db7644aaf167f162,20260904T005200Z-3ad8dce5db7644aaf167f162-dg-17c600513d9e-000018,2,extruder_cogging_or_no_extrusion,extruder_cogging_or_no_extrusion,fast,extruder-cogging-fast,left,hard-anomaly,clipped/audio_event_clean/anomaly/20260904T005200Z-3ad8dce5db7644aaf167f162-dg-17c600513d9e-000018_ch2.wav,3DPrinter/test/section_00_test_000007.wav,7fb75314cde5dd819a6576308b02e12a7ae6829763165c36c720ec6e82f13c7d,960044,77244000,77724000,b17ce656894a045f6646367211ad2d2ccf1cbeb137a9f8e7dc3c043688c05064,10.0,1.0,c7c63d2a86a82f7fc0f52149725178753a55dbd294a644212f38c0a9a65cefc2,saved_rule_based,0.49
section_00_test_000008,test,source,anomaly,A,20260904T005200Z-3ad8dce5db7644aaf167f162,20260904T005200Z-3ad8dce5db7644aaf167f162-dg-17c600513d9e-000052,2,extruder_cogging_or_no_extrusion,extruder_cogging_or_no_extrusion,fast,extruder-cogging-fast,left,hard-anomaly,clipped/audio_event_clean/anomaly/20260904T005200Z-3ad8dce5db7644aaf167f162-dg-17c600513d9e-000052_ch2.wav,3DPrinter/test/section_00_test_000008.wav,9145c27132d28cf9cdd1581b69decc0b0e8c7b20d10adfa696b33e0ad7393bd6,960044,93564000,94044000,b17ce656894a045f6646367211ad2d2ccf1cbeb137a9f8e7dc3c043688c05064,10.0,1.0,c7c63d2a86a82f7fc0f52149725178753a55dbd294a644212f38c0a9a65cefc2,saved_rule_based,0.49
section_00_test_000009,test,source,anomaly,A,20260904T005200Z-3ad8dce5db7644aaf167f162,20260904T005200Z-3ad8dce5db7644aaf167f162-dg-17c600513d9e-000056,2,extruder_cogging_or_no_extrusion,extruder_cogging_or_no_extrusion,fast,extruder-cogging-fast,left,hard-anomaly,clipped/audio_event_clean/anomaly/20260904T005200Z-3ad8dce5db7644aaf167f162-dg-17c600513d9e-000056_ch2.wav,3DPrinter/test/section_00_test_000009.wav,ef6882a7694f62ff471ca9a15610d186e13ca99a0f223a420fe28d91bb33f38e,960044,95484000,95964000,b17ce656894a045f6646367211ad2d2ccf1cbeb137a9f8e7dc3c043688c05064,10.0,1.0,c7c63d2a86a82f7fc0f52149725178753a55dbd294a644212f38c0a9a65cefc2,saved_rule_based,0.49
section_00_test_000010,test,source,anomaly,A,20260904T005200Z-3ad8dce5db7644aaf167f162,20260904T005200Z-3ad8dce5db7644aaf167f162-dg-17c600513d9e-000085,2,extruder_cogging_or_no_extrusion,extruder_cogging_or_no_extrusion,fast,extruder-cogging-fast,left,hard-anomaly,clipped/audio_event_clean/anomaly/20260904T005200Z-3ad8dce5db7644aaf167f162-dg-17c600513d9e-000085_ch2.wav,3DPrinter/test/section_00_test_000010.wav,630c1a8f4f84268c862e1b8b4101b98e59367888584401204c3cd499df4f6fbc,960044,109404000,109884000,b17ce656894a045f6646367211ad2d2ccf1cbeb137a9f8e7dc3c043688c05064,10.0,1.0,c7c63d2a86a82f7fc0f52149725178753a55dbd294a644212f38c0a9a65cefc2,saved_rule_based,0.49
section_00_test_000011,test,source,anomaly,A,20260904T005200Z-3ad8dce5db7644aaf167f162,20260904T005200Z-3ad8dce5db7644aaf167f162-dg-17c600513d9e-000110,2,extruder_cogging_or_no_extrusion,extruder_cogging_or_no_extrusion,fast,extruder-cogging-fast,left,hard-anomaly,clipped/audio_event_clean/anomaly/20260904T005200Z-3ad8dce5db7644aaf167f162-dg-17c600513d9e-000110_ch2.wav,3DPrinter/test/section_00_test_000011.wav,1f94f154588c9b2d28757c2a6e962f817ecb3c1784c9b34af7360b353d893c91,960044,121404000,121884000,b17ce656894a045f6646367211ad2d2ccf1cbeb137a9f8e7dc3c043688c05064,10.0,1.0,c7c63d2a86a82f7fc0f52149725178753a55dbd294a644212f38c0a9a65cefc2,saved_rule_based,0.49
section_00_test_000012,test,source,anomaly,A,20260904T005200Z-3ad8dce5db7644aaf167f162,20260904T005200Z-3ad8dce5db7644aaf167f162-dg-17c600513d9e-000137,2,extruder_cogging_or_no_extrusion,extruder_cogging_or_no_extrusion,fast,extruder-cogging-fast,left,hard-anomaly,clipped/audio_event_clean/anomaly/20260904T005200Z-3ad8dce5db7644aaf167f162-dg-17c600513d9e-000137_ch2.wav,3DPrinter/test/section_00_test_000012.wav,607407451f626e0f5af6aae3b19d4b4a038565eefbd8e4b13507792997067d85,960044,134364000,134844000,b17ce656894a045f6646367211ad2d2ccf1cbeb137a9f8e7dc3c043688c05064,10.0,1.0,c7c63d2a86a82f7fc0f52149725178753a55dbd294a644212f38c0a9a65cefc2,saved_rule_based,0.49
section_00_test_000013,test,source,anomaly,A,20260904T041741Z-98e45a94c78b3bad81b186f9,20260904T041741Z-98e45a94c78b3bad81b186f9-dg-e4196811230a-000039,2,toolhead_collision,collision_x-min,fast,toolhead-collision-x-min-fast,left,hard-anomaly,clipped/audio_event_clean/anomaly/20260904T041741Z-98e45a94c78b3bad81b186f9-dg-e4196811230a-000039_ch2.wav,3DPrinter/test/section_00_test_000013.wav,7a0c528b0602a1b3a9eb47d8e49af21d936556114207e63fac07e282aab96b3d,960044,344872800,345352800,83a6b7fd70078eb54fda5b9ed246fc0fc73fae7d721c05d5f23c4d49c331e698,0.97,0.097,,frozen_r3_collision,1.16
section_00_test_000014,test,source,anomaly,A,20260904T051124Z-78b858c83cc199a82cf05f9a,20260904T051124Z-78b858c83cc199a82cf05f9a-dg-a34349efc09d-000053,2,toolhead_collision,collision_x-max,fast,toolhead-collision-x-max-fast,left,hard-anomaly,clipped/audio_event_clean/anomaly/20260904T051124Z-78b858c83cc199a82cf05f9a-dg-a34349efc09d-000053_ch2.wav,3DPrinter/test/section_00_test_000014.wav,7b35c81ef1545c50cf2e4b1a6ac0ea6ac88344b5454e80674902339c011ebf7e,960044,92572800,93052800,104f64310178569fd5145bf22800a6af54739e488e2dc433d27516c6ae5ab7b7,0.51,0.051,,frozen_r3_collision,1.2
section_00_test_000015,test,source,anomaly,A,20260904T054447Z-8072f6f8e5d3c14cc1ccbf80,20260904T054447Z-8072f6f8e5d3c14cc1ccbf80-dg-4dfa4b70d712-000001,2,toolhead_collision,collision_y-max,fast,toolhead-collision-y-max-fast,left,hard-anomaly,clipped/audio_event_clean/anomaly/20260904T054447Z-8072f6f8e5d3c14cc1ccbf80-dg-4dfa4b70d712-000001_ch2.wav,3DPrinter/test/section_00_test_000015.wav,1b2ac5a536bae9bb40423982682c84cf220a86649dcbf571101b77a5c0b798f6,960044,163768800,164248800,bea62337409f10c4460c7943889d5326606268d2521b42d4b8ea4ca033a6a5a7,0.56,0.056,,frozen_r3_collision,1.16
section_00_test_000016,test,source,anomaly,A,20260904T054447Z-8072f6f8e5d3c14cc1ccbf80,20260904T054447Z-8072f6f8e5d3c14cc1ccbf80-dg-4dfa4b70d712-000022,2,toolhead_collision,collision_y-max,fast,toolhead-collision-y-max-fast,left,hard-anomaly,clipped/audio_event_clean/anomaly/20260904T054447Z-8072f6f8e5d3c14cc1ccbf80-dg-4dfa4b70d712-000022_ch2.wav,3DPrinter/test/section_00_test_000016.wav,6f837be2e6ad0a3caeec0ae21c6abaf12593514eac5316bdeedaf677132e0bd8,960044,173848800,174328800,bea62337409f10c4460c7943889d5326606268d2521b42d4b8ea4ca033a6a5a7,1.2,0.12,,frozen_r3_collision,1.16
section_00_test_000017,test,source,anomaly,A,20260904T061543Z-b30bb3da9e9de761d2a45c4e,20260904T061543Z-b30bb3da9e9de761d2a45c4e-dg-15faaaa17cc1-000020,2,toolhead_collision,collision_x-min-y-max,fast,toolhead-collision-x-min-y-max-fast,left,hard-anomaly,clipped/audio_event_clean/anomaly/20260904T061543Z-b30bb3da9e9de761d2a45c4e-dg-15faaaa17cc1-000020_ch2.wav,3DPrinter/test/section_00_test_000017.wav,2abeac45f15fe66fbe0fdcd74cec28d626a06b87bfbe321a4ef6af8b14b04105,960044,261952800,262432800,dfc1084114a57c22a0c67834dc226d382cd141cfaec16ae114d2b671a4a244fa,2.14,0.214,,frozen_r3_collision,1.28
section_00_test_000018,test,source,anomaly,A,20260904T065059Z-4724e8d91a9a89e1d78afb78,20260904T065059Z-4724e8d91a9a89e1d78afb78-dg-c1d0d0238e6f-000004,2,toolhead_collision,collision_x-max-y-max,fast,toolhead-collision-x-max-y-max-fast,left,hard-anomaly,clipped/audio_event_clean/anomaly/20260904T065059Z-4724e8d91a9a89e1d78afb78-dg-c1d0d0238e6f-000004_ch2.wav,3DPrinter/test/section_00_test_000018.wav,ad8fc248801d1d4f098a18fe13ee62c276ebb4513c5e56aa490779748d4205d9,960044,355828800,356308800,249e5b9f2ef391901ed4884ea1aa8ad142d8d30ff26ca81c8e9b1de794956203,0.5228958333333333,0.052289583333333334,,frozen_r3_collision,1.26
section_00_test_000019,test,source,anomaly,A,20260904T100827Z-e8ef9c656ea5667a80bdcfa9,20260904T100827Z-e8ef9c656ea5667a80bdcfa9-dg-83ea56886dfd-000010,2,cooling_fan_fault,cooling_fan_fault,fast,fan-blade-damage-bilateral-v3-fast,left,hard-anomaly,clipped/audio_event_clean/anomaly/20260904T100827Z-e8ef9c656ea5667a80bdcfa9-dg-83ea56886dfd-000010_ch2.wav,3DPrinter/test/section_00_test_000019.wav,71a615b97dca0b722f19861045ea65e68dbaa060dfa20381acab30ece56e0ed5,960044,927432000,927912000,bb35614a6a8c565cf7ae6df2e5a99630b834a357a169df2170d1efac2347038e,10.0,1.0,8d36a6278e6fe1c1a70176eec12cc4afd27dad5de464d1382bec9510a92264bc,saved_rule_based,0.53
section_00_test_000020,test,source,anomaly,A,20260904T100827Z-e8ef9c656ea5667a80bdcfa9,20260904T100827Z-e8ef9c656ea5667a80bdcfa9-dg-83ea56886dfd-000033,2,cooling_fan_fault,cooling_fan_fault,fast,fan-blade-damage-bilateral-v3-fast,left,hard-anomaly,clipped/audio_event_clean/anomaly/20260904T100827Z-e8ef9c656ea5667a80bdcfa9-dg-83ea56886dfd-000033_ch2.wav,3DPrinter/test/section_00_test_000020.wav,4de6d65f49c133a4157425a1acbefc4821c18071d471e54bde103d7580f32886,960044,938472000,938952000,bb35614a6a8c565cf7ae6df2e5a99630b834a357a169df2170d1efac2347038e,10.0,1.0,8d36a6278e6fe1c1a70176eec12cc4afd27dad5de464d1382bec9510a92264bc,saved_rule_based,0.53
section_00_test_000021,test,source,anomaly,A,20260904T100827Z-e8ef9c656ea5667a80bdcfa9,20260904T100827Z-e8ef9c656ea5667a80bdcfa9-dg-83ea56886dfd-000053,2,cooling_fan_fault,cooling_fan_fault,fast,fan-blade-damage-bilateral-v3-fast,left,hard-anomaly,clipped/audio_event_clean/anomaly/20260904T100827Z-e8ef9c656ea5667a80bdcfa9-dg-83ea56886dfd-000053_ch2.wav,3DPrinter/test/section_00_test_000021.wav,39d1df3573a6e5efe56bf33cd554461613493579f7ba1c1fed0883c325c32e7f,960044,948072000,948552000,bb35614a6a8c565cf7ae6df2e5a99630b834a357a169df2170d1efac2347038e,7.6,0.76,8d36a6278e6fe1c1a70176eec12cc4afd27dad5de464d1382bec9510a92264bc,saved_rule_based,0.53
section_00_test_000022,test,source,anomaly,A,20260904T100827Z-e8ef9c656ea5667a80bdcfa9,20260904T100827Z-e8ef9c656ea5667a80bdcfa9-dg-83ea56886dfd-000074,2,cooling_fan_fault,cooling_fan_fault,fast,fan-blade-damage-bilateral-v3-fast,left,hard-anomaly,clipped/audio_event_clean/anomaly/20260904T100827Z-e8ef9c656ea5667a80bdcfa9-dg-83ea56886dfd-000074_ch2.wav,3DPrinter/test/section_00_test_000022.wav,cac4ff7bd3c0e04ac99fce4a073598731cfdc0043ddcc4d7f850e65c594e6215,960044,958152000,958632000,bb35614a6a8c565cf7ae6df2e5a99630b834a357a169df2170d1efac2347038e,10.0,1.0,8d36a6278e6fe1c1a70176eec12cc4afd27dad5de464d1382bec9510a92264bc,saved_rule_based,0.53
section_00_test_000023,test,source,anomaly,A,20260904T100827Z-e8ef9c656ea5667a80bdcfa9,20260904T100827Z-e8ef9c656ea5667a80bdcfa9-dg-83ea56886dfd-000113,2,cooling_fan_fault,cooling_fan_fault,fast,fan-blade-damage-bilateral-v3-fast,left,hard-anomaly,clipped/audio_event_clean/anomaly/20260904T100827Z-e8ef9c656ea5667a80bdcfa9-dg-83ea56886dfd-000113_ch2.wav,3DPrinter/test/section_00_test_000023.wav,74a0711211c2520b9def895e2a3a5789ff521a3b8b35cdb8c7bda1ebaa69328f,960044,976872000,977352000,bb35614a6a8c565cf7ae6df2e5a99630b834a357a169df2170d1efac2347038e,10.0,1.0,8d36a6278e6fe1c1a70176eec12cc4afd27dad5de464d1382bec9510a92264bc,saved_rule_based,0.53
section_00_test_000024,test,source,anomaly,A,20260904T100827Z-e8ef9c656ea5667a80bdcfa9,20260904T100827Z-e8ef9c656ea5667a80bdcfa9-dg-83ea56886dfd-000151,2,cooling_fan_fault,cooling_fan_fault,fast,fan-blade-damage-bilateral-v3-fast,left,hard-anomaly,clipped/audio_event_clean/anomaly/20260904T100827Z-e8ef9c656ea5667a80bdcfa9-dg-83ea56886dfd-000151_ch2.wav,3DPrinter/test/section_00_test_000024.wav,0a6fffefabd2b42310381b7f1903e2c04b6640e1733f18a4c9e1fa7b361b493c,960044,995112000,995592000,bb35614a6a8c565cf7ae6df2e5a99630b834a357a169df2170d1efac2347038e,10.0,1.0,8d36a6278e6fe1c1a70176eec12cc4afd27dad5de464d1382bec9510a92264bc,saved_rule_based,0.53
section_00_test_000025,test,source,anomaly,A,20260902T123012Z-4cf6ff5d308fab84abd455c2,20260902T123012Z-4cf6ff5d308fab84abd455c2-dg-83bd84d7964d-000091,4,belt_tension_abnormal,belt_a,fast,belt-a-low-v1-fast,right,soft-anomaly,clipped/audio_event_clean/anomaly/20260902T123012Z-4cf6ff5d308fab84abd455c2-dg-83bd84d7964d-000091_ch4.wav,3DPrinter/test/section_00_test_000025.wav,39d5c5284582ea31623333e71aebb6f1d017d5eefa4ff16fdea9e7a05ac7e053,960044,201952800,202432800,0419794d703398f5dd596f45aeaf388a9ebfae292e4a1655f4478b2ae3181dba,7.915,0.7915,afaa8f43be0aec96424463c6583224cb800950b6c382cac39d4792a69734eaea,saved_rule_based,0.55
section_00_test_000026,test,source,anomaly,A,20260902T123012Z-4cf6ff5d308fab84abd455c2,20260902T123012Z-4cf6ff5d308fab84abd455c2-dg-83bd84d7964d-000114,4,belt_tension_abnormal,belt_a,fast,belt-a-low-v1-fast,right,soft-anomaly,clipped/audio_event_clean/anomaly/20260902T123012Z-4cf6ff5d308fab84abd455c2-dg-83bd84d7964d-000114_ch4.wav,3DPrinter/test/section_00_test_000026.wav,c3c30f0527d557014aa9169dae5eff85374ed767eea6b18410dfc3691a6b9c04,960044,212992800,213472800,0419794d703398f5dd596f45aeaf388a9ebfae292e4a1655f4478b2ae3181dba,7.83,0.783,afaa8f43be0aec96424463c6583224cb800950b6c382cac39d4792a69734eaea,saved_rule_based,0.55
section_00_test_000027,test,source,anomaly,A,20260902T160129Z-7bf957baa43106e95892839f,20260902T160129Z-7bf957baa43106e95892839f-dg-abd0479e1929-000015,4,belt_tension_abnormal,belt_a_b,fast,belt-ab-low-v1-fast,right,soft-anomaly,clipped/audio_event_clean/anomaly/20260902T160129Z-7bf957baa43106e95892839f-dg-abd0479e1929-000015_ch4.wav,3DPrinter/test/section_00_test_000027.wav,2eecd915ec27649c162c80ed5ec088c97affd8b61e6570226354c30ccd39c96d,960044,164568000,165048000,669d8faca045862f0e21ea01fa3d812c6d4a146585b3b1af4918926ea1d0af2e,3.86,0.386,cadc27ade9531bea25723c54bacde09b28bd902753dec34783f57174519caea1,saved_rule_based,0.55
section_00_test_000028,test,source,anomaly,A,20260902T160129Z-7bf957baa43106e95892839f,20260902T160129Z-7bf957baa43106e95892839f-dg-abd0479e1929-000056,4,belt_tension_abnormal,belt_a_b,fast,belt-ab-low-v1-fast,right,soft-anomaly,clipped/audio_event_clean/anomaly/20260902T160129Z-7bf957baa43106e95892839f-dg-abd0479e1929-000056_ch4.wav,3DPrinter/test/section_00_test_000028.wav,e1248cf5ae57793ef4bd145506b26015b4b14511445b4abae0cf0403d02a143f,960044,184248000,184728000,669d8faca045862f0e21ea01fa3d812c6d4a146585b3b1af4918926ea1d0af2e,3.74,0.374,cadc27ade9531bea25723c54bacde09b28bd902753dec34783f57174519caea1,saved_rule_based,0.55
section_00_test_000029,test,source,anomaly,A,20260903T035843Z-da2337039d4a903e210d8513,20260903T035843Z-da2337039d4a903e210d8513-dg-a7222c8d5e48-000111,4,belt_tension_abnormal,belt_b,fast,belt-b-low-v1-fast,right,soft-anomaly,clipped/audio_event_clean/anomaly/20260903T035843Z-da2337039d4a903e210d8513-dg-a7222c8d5e48-000111_ch4.wav,3DPrinter/test/section_00_test_000029.wav,06569ddc86359a12341b8581fd8561d7e972caf9d62677ab7471935c02ead400,960044,2276260800,2276740800,ed3fc18f3dbbbba286defd5b89e5624227cfde94abc30cbeb84a5d2a497c3ce9,5.6,0.56,a6a2f33d9b610a671a93d7368ab33bde7052c6380696da7d336edcff117855ac,saved_rule_based,0.55
section_00_test_000030,test,source,anomaly,A,20260903T035843Z-da2337039d4a903e210d8513,20260903T035843Z-da2337039d4a903e210d8513-dg-a7222c8d5e48-000116,4,belt_tension_abnormal,belt_b,fast,belt-b-low-v1-fast,right,soft-anomaly,clipped/audio_event_clean/anomaly/20260903T035843Z-da2337039d4a903e210d8513-dg-a7222c8d5e48-000116_ch4.wav,3DPrinter/test/section_00_test_000030.wav,af10cf208551250856903ffcbd26a380085fa9cb759be2955a28dc3d51572681,960044,2278660800,2279140800,ed3fc18f3dbbbba286defd5b89e5624227cfde94abc30cbeb84a5d2a497c3ce9,4.49,0.449,a6a2f33d9b610a671a93d7368ab33bde7052c6380696da7d336edcff117855ac,saved_rule_based,0.55
section_00_test_000031,test,source,anomaly,A,20260904T005200Z-3ad8dce5db7644aaf167f162,20260904T005200Z-3ad8dce5db7644aaf167f162-dg-17c600513d9e-000028,4,extruder_cogging_or_no_extrusion,extruder_cogging_or_no_extrusion,fast,extruder-cogging-fast,right,hard-anomaly,clipped/audio_event_clean/anomaly/20260904T005200Z-3ad8dce5db7644aaf167f162-dg-17c600513d9e-000028_ch4.wav,3DPrinter/test/section_00_test_000031.wav,af3fb33918c9ecad4297a472fbb4f4abe644d6b5215433f431b0c8b2f85f411a,960044,82044000,82524000,b17ce656894a045f6646367211ad2d2ccf1cbeb137a9f8e7dc3c043688c05064,9.5,0.95,c7c63d2a86a82f7fc0f52149725178753a55dbd294a644212f38c0a9a65cefc2,saved_rule_based,0.49
section_00_test_000032,test,source,anomaly,A,20260904T005200Z-3ad8dce5db7644aaf167f162,20260904T005200Z-3ad8dce5db7644aaf167f162-dg-17c600513d9e-000069,4,extruder_cogging_or_no_extrusion,extruder_cogging_or_no_extrusion,fast,extruder-cogging-fast,right,hard-anomaly,clipped/audio_event_clean/anomaly/20260904T005200Z-3ad8dce5db7644aaf167f162-dg-17c600513d9e-000069_ch4.wav,3DPrinter/test/section_00_test_000032.wav,b458c1da34de2f3e80895cefd4969362abefd75d3d289a4d2e98063a4076b2ef,960044,101724000,102204000,b17ce656894a045f6646367211ad2d2ccf1cbeb137a9f8e7dc3c043688c05064,10.0,1.0,c7c63d2a86a82f7fc0f52149725178753a55dbd294a644212f38c0a9a65cefc2,saved_rule_based,0.49
section_00_test_000033,test,source,anomaly,A,20260904T005200Z-3ad8dce5db7644aaf167f162,20260904T005200Z-3ad8dce5db7644aaf167f162-dg-17c600513d9e-000106,4,extruder_cogging_or_no_extrusion,extruder_cogging_or_no_extrusion,fast,extruder-cogging-fast,right,hard-anomaly,clipped/audio_event_clean/anomaly/20260904T005200Z-3ad8dce5db7644aaf167f162-dg-17c600513d9e-000106_ch4.wav,3DPrinter/test/section_00_test_000033.wav,372f84fdb2df974fe6f54f87b1223edb8d9238b0a5bb6e96b9c59a12acfb1c3f,960044,119484000,119964000,b17ce656894a045f6646367211ad2d2ccf1cbeb137a9f8e7dc3c043688c05064,10.0,1.0,c7c63d2a86a82f7fc0f52149725178753a55dbd294a644212f38c0a9a65cefc2,saved_rule_based,0.49
section_00_test_000034,test,source,anomaly,A,20260904T005200Z-3ad8dce5db7644aaf167f162,20260904T005200Z-3ad8dce5db7644aaf167f162-dg-17c600513d9e-000109,4,extruder_cogging_or_no_extrusion,extruder_cogging_or_no_extrusion,fast,extruder-cogging-fast,right,hard-anomaly,clipped/audio_event_clean/anomaly/20260904T005200Z-3ad8dce5db7644aaf167f162-dg-17c600513d9e-000109_ch4.wav,3DPrinter/test/section_00_test_000034.wav,2ea2df2636068623a393dee0967961ffb657f8175ab4b0a642e82d59a8c5358e,960044,120924000,121404000,b17ce656894a045f6646367211ad2d2ccf1cbeb137a9f8e7dc3c043688c05064,10.0,1.0,c7c63d2a86a82f7fc0f52149725178753a55dbd294a644212f38c0a9a65cefc2,saved_rule_based,0.49
section_00_test_000035,test,source,anomaly,A,20260904T005200Z-3ad8dce5db7644aaf167f162,20260904T005200Z-3ad8dce5db7644aaf167f162-dg-17c600513d9e-000114,4,extruder_cogging_or_no_extrusion,extruder_cogging_or_no_extrusion,fast,extruder-cogging-fast,right,hard-anomaly,clipped/audio_event_clean/anomaly/20260904T005200Z-3ad8dce5db7644aaf167f162-dg-17c600513d9e-000114_ch4.wav,3DPrinter/test/section_00_test_000035.wav,422532f4f61f2942276b9e0fcc0fabcd929e1dfe4f027d06627ece5f0d5ea4df,960044,123324000,123804000,b17ce656894a045f6646367211ad2d2ccf1cbeb137a9f8e7dc3c043688c05064,10.0,1.0,c7c63d2a86a82f7fc0f52149725178753a55dbd294a644212f38c0a9a65cefc2,saved_rule_based,0.49
section_00_test_000036,test,source,anomaly,A,20260904T005200Z-3ad8dce5db7644aaf167f162,20260904T005200Z-3ad8dce5db7644aaf167f162-dg-17c600513d9e-000131,4,extruder_cogging_or_no_extrusion,extruder_cogging_or_no_extrusion,fast,extruder-cogging-fast,right,hard-anomaly,clipped/audio_event_clean/anomaly/20260904T005200Z-3ad8dce5db7644aaf167f162-dg-17c600513d9e-000131_ch4.wav,3DPrinter/test/section_00_test_000036.wav,6b6085cd2d8165d2e78941796d1aecaf2b19d73df91aba1699fa562a837114e7,960044,131484000,131964000,b17ce656894a045f6646367211ad2d2ccf1cbeb137a9f8e7dc3c043688c05064,10.0,1.0,c7c63d2a86a82f7fc0f52149725178753a55dbd294a644212f38c0a9a65cefc2,saved_rule_based,0.49
section_00_test_000037,test,source,anomaly,A,20260904T041741Z-98e45a94c78b3bad81b186f9,20260904T041741Z-98e45a94c78b3bad81b186f9-dg-e4196811230a-000027,4,toolhead_collision,collision_x-min,fast,toolhead-collision-x-min-fast,right,hard-anomaly,clipped/audio_event_clean/anomaly/20260904T041741Z-98e45a94c78b3bad81b186f9-dg-e4196811230a-000027_ch4.wav,3DPrinter/test/section_00_test_000037.wav,10b3056cfc2f37495d711b92f4bb256f2df48fcd0309d253d6c81e5b14cc62c5,960044,339112800,339592800,83a6b7fd70078eb54fda5b9ed246fc0fc73fae7d721c05d5f23c4d49c331e698,0.79,0.079,,frozen_r3_collision,1.16
section_00_test_000038,test,source,anomaly,A,20260904T051124Z-78b858c83cc199a82cf05f9a,20260904T051124Z-78b858c83cc199a82cf05f9a-dg-a34349efc09d-000013,4,toolhead_collision,collision_x-max,fast,toolhead-collision-x-max-fast,right,hard-anomaly,clipped/audio_event_clean/anomaly/20260904T051124Z-78b858c83cc199a82cf05f9a-dg-a34349efc09d-000013_ch4.wav,3DPrinter/test/section_00_test_000038.wav,f884d5bb916be9cf924a148f5a69fd39a9c984c2212055690509a8b2fc13e90b,960044,73372800,73852800,104f64310178569fd5145bf22800a6af54739e488e2dc433d27516c6ae5ab7b7,0.94,0.094,,frozen_r3_collision,1.2
section_00_test_000039,test,source,anomaly,A,20260904T051124Z-78b858c83cc199a82cf05f9a,20260904T051124Z-78b858c83cc199a82cf05f9a-dg-a34349efc09d-000056,4,toolhead_collision,collision_x-max,fast,toolhead-collision-x-max-fast,right,hard-anomaly,clipped/audio_event_clean/anomaly/20260904T051124Z-78b858c83cc199a82cf05f9a-dg-a34349efc09d-000056_ch4.wav,3DPrinter/test/section_00_test_000039.wav,d66c55364186ac185dd78ce4ee37e3e46755038665ec2ea2dc0f67cbb738bb23,960044,94012800,94492800,104f64310178569fd5145bf22800a6af54739e488e2dc433d27516c6ae5ab7b7,1.36,0.136,,frozen_r3_collision,1.2
section_00_test_000040,test,source,anomaly,A,20260904T061543Z-b30bb3da9e9de761d2a45c4e,20260904T061543Z-b30bb3da9e9de761d2a45c4e-dg-15faaaa17cc1-000003,4,toolhead_collision,collision_x-min-y-max,fast,toolhead-collision-x-min-y-max-fast,right,hard-anomaly,clipped/audio_event_clean/anomaly/20260904T061543Z-b30bb3da9e9de761d2a45c4e-dg-15faaaa17cc1-000003_ch4.wav,3DPrinter/test/section_00_test_000040.wav,764de9db0b98bcba895d51e13fc5298b2dbca7c6344392573f28f187fd15bd10,960044,253792800,254272800,dfc1084114a57c22a0c67834dc226d382cd141cfaec16ae114d2b671a4a244fa,0.7128958333333333,0.07128958333333334,,frozen_r3_collision,1.28
section_00_test_000041,test,source,anomaly,A,20260904T061543Z-b30bb3da9e9de761d2a45c4e,20260904T061543Z-b30bb3da9e9de761d2a45c4e-dg-15faaaa17cc1-000044,4,toolhead_collision,collision_x-min-y-max,fast,toolhead-collision-x-min-y-max-fast,right,hard-anomaly,clipped/audio_event_clean/anomaly/20260904T061543Z-b30bb3da9e9de761d2a45c4e-dg-15faaaa17cc1-000044_ch4.wav,3DPrinter/test/section_00_test_000041.wav,0a32b1de69d301c9d01747ff7b77940387c550dbfb995bbb6ffbe39012413d47,960044,273472800,273952800,dfc1084114a57c22a0c67834dc226d382cd141cfaec16ae114d2b671a4a244fa,2.12,0.212,,frozen_r3_collision,1.28
section_00_test_000042,test,source,anomaly,A,20260904T065059Z-4724e8d91a9a89e1d78afb78,20260904T065059Z-4724e8d91a9a89e1d78afb78-dg-c1d0d0238e6f-000001,4,toolhead_collision,collision_x-max-y-max,fast,toolhead-collision-x-max-y-max-fast,right,hard-anomaly,clipped/audio_event_clean/anomaly/20260904T065059Z-4724e8d91a9a89e1d78afb78-dg-c1d0d0238e6f-000001_ch4.wav,3DPrinter/test/section_00_test_000042.wav,d36f7a4600c69ffffa9632aabb26986980708708bf93b786c06f22dcb5564e59,960044,354388800,354868800,249e5b9f2ef391901ed4884ea1aa8ad142d8d30ff26ca81c8e9b1de794956203,1.16,0.116,,frozen_r3_collision,1.26
section_00_test_000043,test,source,anomaly,A,20260904T100827Z-e8ef9c656ea5667a80bdcfa9,20260904T100827Z-e8ef9c656ea5667a80bdcfa9-dg-83ea56886dfd-000012,4,cooling_fan_fault,cooling_fan_fault,fast,fan-blade-damage-bilateral-v3-fast,right,hard-anomaly,clipped/audio_event_clean/anomaly/20260904T100827Z-e8ef9c656ea5667a80bdcfa9-dg-83ea56886dfd-000012_ch4.wav,3DPrinter/test/section_00_test_000043.wav,83088ac99aee1b79478a2dcda077c39288225446eef1957d33fa1090fe60c43b,960044,928392000,928872000,bb35614a6a8c565cf7ae6df2e5a99630b834a357a169df2170d1efac2347038e,10.0,1.0,8d36a6278e6fe1c1a70176eec12cc4afd27dad5de464d1382bec9510a92264bc,saved_rule_based,0.53
section_00_test_000044,test,source,anomaly,A,20260904T100827Z-e8ef9c656ea5667a80bdcfa9,20260904T100827Z-e8ef9c656ea5667a80bdcfa9-dg-83ea56886dfd-000062,4,cooling_fan_fault,cooling_fan_fault,fast,fan-blade-damage-bilateral-v3-fast,right,hard-anomaly,clipped/audio_event_clean/anomaly/20260904T100827Z-e8ef9c656ea5667a80bdcfa9-dg-83ea56886dfd-000062_ch4.wav,3DPrinter/test/section_00_test_000044.wav,efeaae6c287090eee565d3e05eaf143c301cb403c7c9b2c2b984c6a15ddb57ee,960044,952392000,952872000,bb35614a6a8c565cf7ae6df2e5a99630b834a357a169df2170d1efac2347038e,10.0,1.0,8d36a6278e6fe1c1a70176eec12cc4afd27dad5de464d1382bec9510a92264bc,saved_rule_based,0.53
section_00_test_000045,test,source,anomaly,A,20260904T100827Z-e8ef9c656ea5667a80bdcfa9,20260904T100827Z-e8ef9c656ea5667a80bdcfa9-dg-83ea56886dfd-000072,4,cooling_fan_fault,cooling_fan_fault,fast,fan-blade-damage-bilateral-v3-fast,right,hard-anomaly,clipped/audio_event_clean/anomaly/20260904T100827Z-e8ef9c656ea5667a80bdcfa9-dg-83ea56886dfd-000072_ch4.wav,3DPrinter/test/section_00_test_000045.wav,bd0acc5ec671d9b194286a64f1b6a4bb7dc95358453af6c7760d4645388544f9,960044,957192000,957672000,bb35614a6a8c565cf7ae6df2e5a99630b834a357a169df2170d1efac2347038e,10.0,1.0,8d36a6278e6fe1c1a70176eec12cc4afd27dad5de464d1382bec9510a92264bc,saved_rule_based,0.53
section_00_test_000046,test,source,anomaly,A,20260904T100827Z-e8ef9c656ea5667a80bdcfa9,20260904T100827Z-e8ef9c656ea5667a80bdcfa9-dg-83ea56886dfd-000095,4,cooling_fan_fault,cooling_fan_fault,fast,fan-blade-damage-bilateral-v3-fast,right,hard-anomaly,clipped/audio_event_clean/anomaly/20260904T100827Z-e8ef9c656ea5667a80bdcfa9-dg-83ea56886dfd-000095_ch4.wav,3DPrinter/test/section_00_test_000046.wav,4667bd44f22a49446c688fe29a404de3ea39ae6052759ad526bd44610acb718a,960044,968232000,968712000,bb35614a6a8c565cf7ae6df2e5a99630b834a357a169df2170d1efac2347038e,10.0,1.0,8d36a6278e6fe1c1a70176eec12cc4afd27dad5de464d1382bec9510a92264bc,saved_rule_based,0.53
section_00_test_000047,test,source,anomaly,A,20260904T100827Z-e8ef9c656ea5667a80bdcfa9,20260904T100827Z-e8ef9c656ea5667a80bdcfa9-dg-83ea56886dfd-000108,4,cooling_fan_fault,cooling_fan_fault,fast,fan-blade-damage-bilateral-v3-fast,right,hard-anomaly,clipped/audio_event_clean/anomaly/20260904T100827Z-e8ef9c656ea5667a80bdcfa9-dg-83ea56886dfd-000108_ch4.wav,3DPrinter/test/section_00_test_000047.wav,f4ebc725779306861b57bbb4966b8d1f20a2d26da5aaabec9a321c386d3e82e7,960044,974472000,974952000,bb35614a6a8c565cf7ae6df2e5a99630b834a357a169df2170d1efac2347038e,10.0,1.0,8d36a6278e6fe1c1a70176eec12cc4afd27dad5de464d1382bec9510a92264bc,saved_rule_based,0.53
section_00_test_000048,test,source,anomaly,A,20260904T100827Z-e8ef9c656ea5667a80bdcfa9,20260904T100827Z-e8ef9c656ea5667a80bdcfa9-dg-83ea56886dfd-000131,4,cooling_fan_fault,cooling_fan_fault,fast,fan-blade-damage-bilateral-v3-fast,right,hard-anomaly,clipped/audio_event_clean/anomaly/20260904T100827Z-e8ef9c656ea5667a80bdcfa9-dg-83ea56886dfd-000131_ch4.wav,3DPrinter/test/section_00_test_000048.wav,4ebaf106784d80527f40021c53a154dec052ffebf72727e193ffb0b72e66294f,960044,985512000,985992000,bb35614a6a8c565cf7ae6df2e5a99630b834a357a169df2170d1efac2347038e,10.0,1.0,8d36a6278e6fe1c1a70176eec12cc4afd27dad5de464d1382bec9510a92264bc,saved_rule_based,0.53
section_00_test_000049,test,source,anomaly,A,20260904T100827Z-e8ef9c656ea5667a80bdcfa9,20260904T100827Z-e8ef9c656ea5667a80bdcfa9-dg-83ea56886dfd-000164,4,cooling_fan_fault,cooling_fan_fault,fast,fan-blade-damage-bilateral-v3-fast,right,hard-anomaly,clipped/audio_event_clean/anomaly/20260904T100827Z-e8ef9c656ea5667a80bdcfa9-dg-83ea56886dfd-000164_ch4.wav,3DPrinter/test/section_00_test_000049.wav,0813ff8ff7a78e293e24e78e8c3310a5deaba5650c9200af0cf81decfcb5bdf1,960044,1001352000,1001832000,bb35614a6a8c565cf7ae6df2e5a99630b834a357a169df2170d1efac2347038e,10.0,1.0,8d36a6278e6fe1c1a70176eec12cc4afd27dad5de464d1382bec9510a92264bc,saved_rule_based,0.53
section_00_test_000050,test,source,anomaly,C,20260911T072024Z-9c2abb50e4c856716bf9acd2,20260911T072024Z-9c2abb50e4c856716bf9acd2-dg-e2ad6c05e474-000128,2,belt_tension_abnormal,belt_a,fast,belt-a-low-v1-fast,left,soft-anomaly,clipped/audio_event_clean/anomaly/20260911T072024Z-9c2abb50e4c856716bf9acd2-dg-e2ad6c05e474-000128_ch2.wav,3DPrinter/test/section_00_test_000050.wav,05169484a057838476ae90e41015729173666eab5383bae3bc83ecdee8be13ef,960044,15618060000,15618540000,b68c90dd62231eb8852866c842bbfa6456e88cffb8027dd2de1d318e30744b8e,6.29,0.629,e85dc8c54b83a881a09c494624b7a15bd16cb5ee020e961f75b3409958289810,saved_rule_based,1.41
section_00_test_000051,test,source,anomaly,C,20260911T072024Z-9c2abb50e4c856716bf9acd2,20260911T072024Z-9c2abb50e4c856716bf9acd2-dg-e2ad6c05e474-000130,2,belt_tension_abnormal,belt_a,fast,belt-a-low-v1-fast,left,soft-anomaly,clipped/audio_event_clean/anomaly/20260911T072024Z-9c2abb50e4c856716bf9acd2-dg-e2ad6c05e474-000130_ch2.wav,3DPrinter/test/section_00_test_000051.wav,e23847390072e6b4b3f2f9b1c1c1bbada2b9f722f4639da429d311aabb1a465d,960044,15619020000,15619500000,b68c90dd62231eb8852866c842bbfa6456e88cffb8027dd2de1d318e30744b8e,6.57,0.657,e85dc8c54b83a881a09c494624b7a15bd16cb5ee020e961f75b3409958289810,saved_rule_based,1.41
section_00_test_000052,test,source,anomaly,C,20260911T100852Z-935bf74e9aedf0b13bd4e62d,20260911T100852Z-935bf74e9aedf0b13bd4e62d-dg-6f3fb0a8e2ae-000040,2,belt_tension_abnormal,belt_a_b,fast,belt-ab-low-v1-fast,left,soft-anomaly,clipped/audio_event_clean/anomaly/20260911T100852Z-935bf74e9aedf0b13bd4e62d-dg-6f3fb0a8e2ae-000040_ch2.wav,3DPrinter/test/section_00_test_000052.wav,26070540f85e78a61f88db74dad6eac2c40fb360d40bf8dd60f0ede240ce851a,960044,16061004000,16061484000,2f4e17fe7a123e6c0e0884adc2d466cc95bb31f6e81b5f6136fd67a66a97b1ff,8.25,0.825,be399d65df5cc47cd589de4b8678fc582b76138b53464e9108ff1cc2f160e7b6,saved_rule_based,1.61
section_00_test_000053,test,source,anomaly,C,20260911T100852Z-935bf74e9aedf0b13bd4e62d,20260911T100852Z-935bf74e9aedf0b13bd4e62d-dg-6f3fb0a8e2ae-000141,2,belt_tension_abnormal,belt_a_b,fast,belt-ab-low-v1-fast,left,soft-anomaly,clipped/audio_event_clean/anomaly/20260911T100852Z-935bf74e9aedf0b13bd4e62d-dg-6f3fb0a8e2ae-000141_ch2.wav,3DPrinter/test/section_00_test_000053.wav,f46ba01a149c945965655944a476dc0518a46d1b0936dcf02a5e19f411aba16c,960044,16109484000,16109964000,2f4e17fe7a123e6c0e0884adc2d466cc95bb31f6e81b5f6136fd67a66a97b1ff,5.89,0.589,be399d65df5cc47cd589de4b8678fc582b76138b53464e9108ff1cc2f160e7b6,saved_rule_based,1.61
section_00_test_000054,test,source,anomaly,C,20260911T120031Z-f1914c9803ce0695cce4e620,20260911T120031Z-f1914c9803ce0695cce4e620-dg-7ed01a3e0bad-000016,2,belt_tension_abnormal,belt_b,fast,belt-b-low-v1-fast,left,soft-anomaly,clipped/audio_event_clean/anomaly/20260911T120031Z-f1914c9803ce0695cce4e620-dg-7ed01a3e0bad-000016_ch2.wav,3DPrinter/test/section_00_test_000054.wav,8c7be51d5ae7bba754e14b5ebe3aa684b777e3319b8929afe20c9e6a3c9a311d,960044,16371016800,16371496800,e44f31b8f80c838c0f9679cef7e3450ddf4a0913bb200ffd9a4f649595aa4119,8.2,0.82,caf90bf67e9e3429e5cee866696b656d9a0dace150284929e714e63462de549e,saved_human,1.5637291666666666
section_00_test_000055,test,source,anomaly,C,20260911T120031Z-f1914c9803ce0695cce4e620,20260911T120031Z-f1914c9803ce0695cce4e620-dg-7ed01a3e0bad-000123,2,belt_tension_abnormal,belt_b,fast,belt-b-low-v1-fast,left,soft-anomaly,clipped/audio_event_clean/anomaly/20260911T120031Z-f1914c9803ce0695cce4e620-dg-7ed01a3e0bad-000123_ch2.wav,3DPrinter/test/section_00_test_000055.wav,cfc404ca81b5df0d77edf86a7b35f2ed7c2f3ac4ea7061ded34e4df0ce452ef1,960044,16422376800,16422856800,e44f31b8f80c838c0f9679cef7e3450ddf4a0913bb200ffd9a4f649595aa4119,8.8,0.88,caf90bf67e9e3429e5cee866696b656d9a0dace150284929e714e63462de549e,saved_human,1.5637291666666666
section_00_test_000056,test,source,anomaly,C,20260911T161000Z-07d176b0060ac87418627156,20260911T161000Z-07d176b0060ac87418627156-dg-36bae53d1250-000006,2,extruder_cogging_or_no_extrusion,extruder_cogging_or_no_extrusion,fast,extruder-cogging-fast,left,hard-anomaly,clipped/audio_event_clean/anomaly/20260911T161000Z-07d176b0060ac87418627156-dg-36bae53d1250-000006_ch2.wav,3DPrinter/test/section_00_test_000056.wav,fbba9b32046d658f61f70513191eac25548ec360f415bf410276852c13565253,960044,17084728800,17085208800,603acd106f7ac3cf11f072c549396ff35f5457f66fb1ead062cd9e3050dd9a52,10.0,1.0,60060c195fc333ab708b4f48aa9e4cde820bc218c03d5ea1bfd4309d9bf9fc7a,saved_human,1.6445208333333334
section_00_test_000057,test,source,anomaly,C,20260911T161000Z-07d176b0060ac87418627156,20260911T161000Z-07d176b0060ac87418627156-dg-36bae53d1250-000014,2,extruder_cogging_or_no_extrusion,extruder_cogging_or_no_extrusion,fast,extruder-cogging-fast,left,hard-anomaly,clipped/audio_event_clean/anomaly/20260911T161000Z-07d176b0060ac87418627156-dg-36bae53d1250-000014_ch2.wav,3DPrinter/test/section_00_test_000057.wav,856d2366f9af709d922cc5052fdac6fec91783628d3921b78e697605450e630a,960044,17088568800,17089048800,603acd106f7ac3cf11f072c549396ff35f5457f66fb1ead062cd9e3050dd9a52,10.0,1.0,60060c195fc333ab708b4f48aa9e4cde820bc218c03d5ea1bfd4309d9bf9fc7a,saved_human,1.6445208333333334
section_00_test_000058,test,source,anomaly,C,20260911T161000Z-07d176b0060ac87418627156,20260911T161000Z-07d176b0060ac87418627156-dg-36bae53d1250-000023,2,extruder_cogging_or_no_extrusion,extruder_cogging_or_no_extrusion,fast,extruder-cogging-fast,left,hard-anomaly,clipped/audio_event_clean/anomaly/20260911T161000Z-07d176b0060ac87418627156-dg-36bae53d1250-000023_ch2.wav,3DPrinter/test/section_00_test_000058.wav,3ad700640c68a0708ede2dfa4844cc15903a419bdf6dcf43fb4e885cbfe48184,960044,17092888800,17093368800,603acd106f7ac3cf11f072c549396ff35f5457f66fb1ead062cd9e3050dd9a52,10.0,1.0,60060c195fc333ab708b4f48aa9e4cde820bc218c03d5ea1bfd4309d9bf9fc7a,saved_human,1.6445208333333334
section_00_test_000059,test,source,anomaly,C,20260911T161000Z-07d176b0060ac87418627156,20260911T161000Z-07d176b0060ac87418627156-dg-36bae53d1250-000039,2,extruder_cogging_or_no_extrusion,extruder_cogging_or_no_extrusion,fast,extruder-cogging-fast,left,hard-anomaly,clipped/audio_event_clean/anomaly/20260911T161000Z-07d176b0060ac87418627156-dg-36bae53d1250-000039_ch2.wav,3DPrinter/test/section_00_test_000059.wav,bad5d80ac89582144f8345634ebec9bb608099d91149d743868f6a0dc0a3d84c,960044,17100568800,17101048800,603acd106f7ac3cf11f072c549396ff35f5457f66fb1ead062cd9e3050dd9a52,10.0,1.0,60060c195fc333ab708b4f48aa9e4cde820bc218c03d5ea1bfd4309d9bf9fc7a,saved_human,1.6445208333333334
section_00_test_000060,test,source,anomaly,C,20260911T161000Z-07d176b0060ac87418627156,20260911T161000Z-07d176b0060ac87418627156-dg-36bae53d1250-000083,2,extruder_cogging_or_no_extrusion,extruder_cogging_or_no_extrusion,fast,extruder-cogging-fast,left,hard-anomaly,clipped/audio_event_clean/anomaly/20260911T161000Z-07d176b0060ac87418627156-dg-36bae53d1250-000083_ch2.wav,3DPrinter/test/section_00_test_000060.wav,a030b0adbe8318669faaee4f077677e053383b1599c353c0a0dd7bc7aa1fff79,960044,17121688800,17122168800,603acd106f7ac3cf11f072c549396ff35f5457f66fb1ead062cd9e3050dd9a52,10.0,1.0,60060c195fc333ab708b4f48aa9e4cde820bc218c03d5ea1bfd4309d9bf9fc7a,saved_human,1.6445208333333334
section_00_test_000061,test,source,anomaly,C,20260911T161000Z-07d176b0060ac87418627156,20260911T161000Z-07d176b0060ac87418627156-dg-36bae53d1250-000087,2,extruder_cogging_or_no_extrusion,extruder_cogging_or_no_extrusion,fast,extruder-cogging-fast,left,hard-anomaly,clipped/audio_event_clean/anomaly/20260911T161000Z-07d176b0060ac87418627156-dg-36bae53d1250-000087_ch2.wav,3DPrinter/test/section_00_test_000061.wav,25b2920f7deceb4edfcc36db5cf6409ca1e6c5c5932b82eca93cb8695a5497aa,960044,17123608800,17124088800,603acd106f7ac3cf11f072c549396ff35f5457f66fb1ead062cd9e3050dd9a52,10.0,1.0,60060c195fc333ab708b4f48aa9e4cde820bc218c03d5ea1bfd4309d9bf9fc7a,saved_human,1.6445208333333334
section_00_test_000062,test,source,anomaly,C,20260911T161000Z-07d176b0060ac87418627156,20260911T161000Z-07d176b0060ac87418627156-dg-36bae53d1250-000107,2,extruder_cogging_or_no_extrusion,extruder_cogging_or_no_extrusion,fast,extruder-cogging-fast,left,hard-anomaly,clipped/audio_event_clean/anomaly/20260911T161000Z-07d176b0060ac87418627156-dg-36bae53d1250-000107_ch2.wav,3DPrinter/test/section_00_test_000062.wav,e75a03f02caf26ca1465ec9ffb6a7a0f281ce65a5473b95076ddee830da3b41f,960044,17133208800,17133688800,603acd106f7ac3cf11f072c549396ff35f5457f66fb1ead062cd9e3050dd9a52,10.0,1.0,60060c195fc333ab708b4f48aa9e4cde820bc218c03d5ea1bfd4309d9bf9fc7a,saved_human,1.6445208333333334
section_00_test_000063,test,source,anomaly,C,20260911T171148Z-2f35c316c47752fe14cf3be7,20260911T171148Z-2f35c316c47752fe14cf3be7-dg-d53b59c19395-000027,2,toolhead_collision,collision_x-min,fast,toolhead-collision-x-min-fast,left,hard-anomaly,clipped/audio_event_clean/anomaly/20260911T171148Z-2f35c316c47752fe14cf3be7-dg-d53b59c19395-000027_ch2.wav,3DPrinter/test/section_00_test_000063.wav,6b6095b73df576b60665543ca864bc356cf12ce9b1f8180fd558386e3bba50e2,960044,17272836000,17273316000,303fad3ca5d1578bef468c09afb6ccd405c5577fdedcade549038518c528fb31,1.26,0.126,,frozen_r3_collision,1.28
section_00_test_000064,test,source,anomaly,C,20260912T015304Z-fbbe3a4a6572e889ec55b10e,20260912T015304Z-fbbe3a4a6572e889ec55b10e-dg-b42e26c5441a-000035,2,toolhead_collision,collision_x-max,fast,toolhead-collision-x-max-fast,left,hard-anomaly,clipped/audio_event_clean/anomaly/20260912T015304Z-fbbe3a4a6572e889ec55b10e-dg-b42e26c5441a-000035_ch2.wav,3DPrinter/test/section_00_test_000064.wav,8b4e0f136792c32f117d3ca5cb6206ea5a80d8c13b8fc7868a0d590f74f68a14,960044,18777876000,18778356000,240604d9913d667f25ea176526d6f968da1e7521f92a6d62316a71a200fdc663,1.52,0.152,,frozen_r3_collision,1.3
section_00_test_000065,test,source,anomaly,C,20260912T021939Z-3278a03374dc31d9acdbbde8,20260912T021939Z-3278a03374dc31d9acdbbde8-dg-cf9b6ef25b7b-000042,2,toolhead_collision,collision_y-max,fast,toolhead-collision-y-max-fast,left,hard-anomaly,clipped/audio_event_clean/anomaly/20260912T021939Z-3278a03374dc31d9acdbbde8-dg-cf9b6ef25b7b-000042_ch2.wav,3DPrinter/test/section_00_test_000065.wav,54149b5d13442ab99c9a06b1b7ef574a30a7b20229e74dbba5a5cfbb46b61635,960044,18857796000,18858276000,50cea26bc6e6d4d4a9f03c0e42339937be31459e0d8a9d17ddd7489e5ef0b234,0.46,0.046,,frozen_r3_collision,1.1
section_00_test_000066,test,source,anomaly,C,20260912T024659Z-af99e7033894c502d0c27f5d,20260912T024659Z-af99e7033894c502d0c27f5d-dg-9baf03469be4-000009,2,toolhead_collision,collision_x-min-y-max,fast,toolhead-collision-x-min-y-max-fast,left,hard-anomaly,clipped/audio_event_clean/anomaly/20260912T024659Z-af99e7033894c502d0c27f5d-dg-9baf03469be4-000009_ch2.wav,3DPrinter/test/section_00_test_000066.wav,110dab6fe5608cb077ad6da486cd0b165a40732e32f29e34e8c731cb2b9de876,960044,18920700000,18921180000,defdef05b012a824b07300828863c262d0c282a4883add27bac2973cbb857bc5,1.1871041666666666,0.11871041666666667,,frozen_r3_collision,1.2
section_00_test_000067,test,source,anomaly,C,20260912T031303Z-3cbe457145ec2ba412c9b3d9,20260912T031303Z-3cbe457145ec2ba412c9b3d9-dg-7871b96a0ac3-000001,2,toolhead_collision,collision_x-max-y-max,fast,toolhead-collision-x-max-y-max-fast,left,hard-anomaly,clipped/audio_event_clean/anomaly/20260912T031303Z-3cbe457145ec2ba412c9b3d9-dg-7871b96a0ac3-000001_ch2.wav,3DPrinter/test/section_00_test_000067.wav,5fce1f6a38e22e2846ae5a4931046fd06b5766c89a083b3d145646d6f17002ee,960044,18991932000,18992412000,a8d3e8dbcbce833596b7c51ff73aaf8160b3fa6c18a350845d8d67a89131595e,1.84,0.184,,frozen_r3_collision,1.36
section_00_test_000068,test,source,anomaly,C,20260912T031303Z-3cbe457145ec2ba412c9b3d9,20260912T031303Z-3cbe457145ec2ba412c9b3d9-dg-7871b96a0ac3-000027,2,toolhead_collision,collision_x-max-y-max,fast,toolhead-collision-x-max-y-max-fast,left,hard-anomaly,clipped/audio_event_clean/anomaly/20260912T031303Z-3cbe457145ec2ba412c9b3d9-dg-7871b96a0ac3-000027_ch2.wav,3DPrinter/test/section_00_test_000068.wav,5b1214a46085b561d6e4d5d97cace74ecb74a2af60511274e880a369bfbbd434,960044,19004412000,19004892000,a8d3e8dbcbce833596b7c51ff73aaf8160b3fa6c18a350845d8d67a89131595e,1.84,0.184,,frozen_r3_collision,1.36
section_00_test_000069,test,source,anomaly,C,20260912T052839Z-042f80319ee006111d66c24f,20260912T052839Z-042f80319ee006111d66c24f-dg-23a3ed72574e-000020,2,cooling_fan_fault,cooling_fan_fault,fast,fan-blade-damage-bilateral-v3-fast,left,hard-anomaly,clipped/audio_event_clean/anomaly/20260912T052839Z-042f80319ee006111d66c24f-dg-23a3ed72574e-000020_ch2.wav,3DPrinter/test/section_00_test_000069.wav,d3bf60b7c1d0692a5d7c0e434ba89567aed43be6415b58463ce19c69a6e163e1,960044,19391568000,19392048000,f95d2f23b711c9c8851482fa34cb546602b68b0125b091bc28e699a2f359d5d9,10.0,1.0,6d5609c29f81d4b86f632804e1b0ec436d75f76a4d5e22b19ad8588800c2871c,saved_human,1.6827916666666667
section_00_test_000070,test,source,anomaly,C,20260912T052839Z-042f80319ee006111d66c24f,20260912T052839Z-042f80319ee006111d66c24f-dg-23a3ed72574e-000021,2,cooling_fan_fault,cooling_fan_fault,fast,fan-blade-damage-bilateral-v3-fast,left,hard-anomaly,clipped/audio_event_clean/anomaly/20260912T052839Z-042f80319ee006111d66c24f-dg-23a3ed72574e-000021_ch2.wav,3DPrinter/test/section_00_test_000070.wav,ee37da3814a9987f6de6c018b4af28f207df590eebec0e703be78a70b050b5a6,960044,19392048000,19392528000,f95d2f23b711c9c8851482fa34cb546602b68b0125b091bc28e699a2f359d5d9,10.0,1.0,6d5609c29f81d4b86f632804e1b0ec436d75f76a4d5e22b19ad8588800c2871c,saved_human,1.6827916666666667
section_00_test_000071,test,source,anomaly,C,20260912T052839Z-042f80319ee006111d66c24f,20260912T052839Z-042f80319ee006111d66c24f-dg-23a3ed72574e-000072,2,cooling_fan_fault,cooling_fan_fault,fast,fan-blade-damage-bilateral-v3-fast,left,hard-anomaly,clipped/audio_event_clean/anomaly/20260912T052839Z-042f80319ee006111d66c24f-dg-23a3ed72574e-000072_ch2.wav,3DPrinter/test/section_00_test_000071.wav,14c478627d02ddd499303b316c9d122c52c4503f43bde44813e7a7bde3b30c5d,960044,19416528000,19417008000,f95d2f23b711c9c8851482fa34cb546602b68b0125b091bc28e699a2f359d5d9,10.0,1.0,6d5609c29f81d4b86f632804e1b0ec436d75f76a4d5e22b19ad8588800c2871c,saved_human,1.6827916666666667
section_00_test_000072,test,source,anomaly,C,20260912T052839Z-042f80319ee006111d66c24f,20260912T052839Z-042f80319ee006111d66c24f-dg-23a3ed72574e-000110,2,cooling_fan_fault,cooling_fan_fault,fast,fan-blade-damage-bilateral-v3-fast,left,hard-anomaly,clipped/audio_event_clean/anomaly/20260912T052839Z-042f80319ee006111d66c24f-dg-23a3ed72574e-000110_ch2.wav,3DPrinter/test/section_00_test_000072.wav,c8578ab52b21d62193ab6b3e4e113b1b1b0896004beed5948614cc3d066de805,960044,19434768000,19435248000,f95d2f23b711c9c8851482fa34cb546602b68b0125b091bc28e699a2f359d5d9,10.0,1.0,6d5609c29f81d4b86f632804e1b0ec436d75f76a4d5e22b19ad8588800c2871c,saved_human,1.6827916666666667
section_00_test_000073,test,source,anomaly,C,20260912T052839Z-042f80319ee006111d66c24f,20260912T052839Z-042f80319ee006111d66c24f-dg-23a3ed72574e-000152,2,cooling_fan_fault,cooling_fan_fault,fast,fan-blade-damage-bilateral-v3-fast,left,hard-anomaly,clipped/audio_event_clean/anomaly/20260912T052839Z-042f80319ee006111d66c24f-dg-23a3ed72574e-000152_ch2.wav,3DPrinter/test/section_00_test_000073.wav,d402a70393030b1cbd2aaecbbb230c1322cd06dd7021e0d46ca2e9a6eafdec6e,960044,19454928000,19455408000,f95d2f23b711c9c8851482fa34cb546602b68b0125b091bc28e699a2f359d5d9,10.0,1.0,6d5609c29f81d4b86f632804e1b0ec436d75f76a4d5e22b19ad8588800c2871c,saved_human,1.6827916666666667
section_00_test_000074,test,source,anomaly,C,20260912T052839Z-042f80319ee006111d66c24f,20260912T052839Z-042f80319ee006111d66c24f-dg-23a3ed72574e-000158,2,cooling_fan_fault,cooling_fan_fault,fast,fan-blade-damage-bilateral-v3-fast,left,hard-anomaly,clipped/audio_event_clean/anomaly/20260912T052839Z-042f80319ee006111d66c24f-dg-23a3ed72574e-000158_ch2.wav,3DPrinter/test/section_00_test_000074.wav,87bbdf2691c04f99a0d53fbfc2d5794e2acdf4d6492094d4e275a56cf7e1ba18,960044,19457808000,19458288000,f95d2f23b711c9c8851482fa34cb546602b68b0125b091bc28e699a2f359d5d9,10.0,1.0,6d5609c29f81d4b86f632804e1b0ec436d75f76a4d5e22b19ad8588800c2871c,saved_human,1.6827916666666667
section_00_test_000075,test,source,anomaly,C,20260911T072024Z-9c2abb50e4c856716bf9acd2,20260911T072024Z-9c2abb50e4c856716bf9acd2-dg-e2ad6c05e474-000116,4,belt_tension_abnormal,belt_a,fast,belt-a-low-v1-fast,right,soft-anomaly,clipped/audio_event_clean/anomaly/20260911T072024Z-9c2abb50e4c856716bf9acd2-dg-e2ad6c05e474-000116_ch4.wav,3DPrinter/test/section_00_test_000075.wav,5691a824d9395a8365df53ac4ad344b7a0573013271182a9dc86ef0de0cc5854,960044,15612300000,15612780000,b68c90dd62231eb8852866c842bbfa6456e88cffb8027dd2de1d318e30744b8e,9.11,0.911,e85dc8c54b83a881a09c494624b7a15bd16cb5ee020e961f75b3409958289810,saved_rule_based,1.41
section_00_test_000076,test,source,anomaly,C,20260911T072024Z-9c2abb50e4c856716bf9acd2,20260911T072024Z-9c2abb50e4c856716bf9acd2-dg-e2ad6c05e474-000123,4,belt_tension_abnormal,belt_a,fast,belt-a-low-v1-fast,right,soft-anomaly,clipped/audio_event_clean/anomaly/20260911T072024Z-9c2abb50e4c856716bf9acd2-dg-e2ad6c05e474-000123_ch4.wav,3DPrinter/test/section_00_test_000076.wav,2c429e53d4e11c27126e94e01445d71c846668612c80826e120c9b6774518c1b,960044,15615660000,15616140000,b68c90dd62231eb8852866c842bbfa6456e88cffb8027dd2de1d318e30744b8e,5.27,0.527,e85dc8c54b83a881a09c494624b7a15bd16cb5ee020e961f75b3409958289810,saved_rule_based,1.41
section_00_test_000077,test,source,anomaly,C,20260911T100852Z-935bf74e9aedf0b13bd4e62d,20260911T100852Z-935bf74e9aedf0b13bd4e62d-dg-6f3fb0a8e2ae-000021,4,belt_tension_abnormal,belt_a_b,fast,belt-ab-low-v1-fast,right,soft-anomaly,clipped/audio_event_clean/anomaly/20260911T100852Z-935bf74e9aedf0b13bd4e62d-dg-6f3fb0a8e2ae-000021_ch4.wav,3DPrinter/test/section_00_test_000077.wav,4cf9e6246ff1b2bef3b40745fa7e844700579f1590270ed1a9137a8c1ed3f44b,960044,16051884000,16052364000,2f4e17fe7a123e6c0e0884adc2d466cc95bb31f6e81b5f6136fd67a66a97b1ff,5.84,0.584,be399d65df5cc47cd589de4b8678fc582b76138b53464e9108ff1cc2f160e7b6,saved_rule_based,1.61
section_00_test_000078,test,source,anomaly,C,20260911T100852Z-935bf74e9aedf0b13bd4e62d,20260911T100852Z-935bf74e9aedf0b13bd4e62d-dg-6f3fb0a8e2ae-000092,4,belt_tension_abnormal,belt_a_b,fast,belt-ab-low-v1-fast,right,soft-anomaly,clipped/audio_event_clean/anomaly/20260911T100852Z-935bf74e9aedf0b13bd4e62d-dg-6f3fb0a8e2ae-000092_ch4.wav,3DPrinter/test/section_00_test_000078.wav,3e17c3fcd197895967d67d96c78870cd7325d13a532a1f9ce5487f0c1229bd25,960044,16085964000,16086444000,2f4e17fe7a123e6c0e0884adc2d466cc95bb31f6e81b5f6136fd67a66a97b1ff,9.05,0.905,be399d65df5cc47cd589de4b8678fc582b76138b53464e9108ff1cc2f160e7b6,saved_rule_based,1.61
section_00_test_000079,test,source,anomaly,C,20260911T120031Z-f1914c9803ce0695cce4e620,20260911T120031Z-f1914c9803ce0695cce4e620-dg-7ed01a3e0bad-000022,4,belt_tension_abnormal,belt_b,fast,belt-b-low-v1-fast,right,soft-anomaly,clipped/audio_event_clean/anomaly/20260911T120031Z-f1914c9803ce0695cce4e620-dg-7ed01a3e0bad-000022_ch4.wav,3DPrinter/test/section_00_test_000079.wav,f5be1fb5f8226be615006a809585394031cdc41178622e199a9ea1d3c48fcd59,960044,16373896800,16374376800,e44f31b8f80c838c0f9679cef7e3450ddf4a0913bb200ffd9a4f649595aa4119,6.75,0.675,caf90bf67e9e3429e5cee866696b656d9a0dace150284929e714e63462de549e,saved_human,1.5637291666666666
section_00_test_000080,test,source,anomaly,C,20260911T120031Z-f1914c9803ce0695cce4e620,20260911T120031Z-f1914c9803ce0695cce4e620-dg-7ed01a3e0bad-000050,4,belt_tension_abnormal,belt_b,fast,belt-b-low-v1-fast,right,soft-anomaly,clipped/audio_event_clean/anomaly/20260911T120031Z-f1914c9803ce0695cce4e620-dg-7ed01a3e0bad-000050_ch4.wav,3DPrinter/test/section_00_test_000080.wav,1d47e175769076be29f3ae1b9ad4c5ad126af6142f4e2d0bf5c3dde202228258,960044,16387336800,16387816800,e44f31b8f80c838c0f9679cef7e3450ddf4a0913bb200ffd9a4f649595aa4119,8.75,0.875,caf90bf67e9e3429e5cee866696b656d9a0dace150284929e714e63462de549e,saved_human,1.5637291666666666
section_00_test_000081,test,source,anomaly,C,20260911T161000Z-07d176b0060ac87418627156,20260911T161000Z-07d176b0060ac87418627156-dg-36bae53d1250-000008,4,extruder_cogging_or_no_extrusion,extruder_cogging_or_no_extrusion,fast,extruder-cogging-fast,right,hard-anomaly,clipped/audio_event_clean/anomaly/20260911T161000Z-07d176b0060ac87418627156-dg-36bae53d1250-000008_ch4.wav,3DPrinter/test/section_00_test_000081.wav,58adab35369a960abda55a6b99a460b73d429b473cb001b0607cc97e7674e7e3,960044,17085688800,17086168800,603acd106f7ac3cf11f072c549396ff35f5457f66fb1ead062cd9e3050dd9a52,10.0,1.0,60060c195fc333ab708b4f48aa9e4cde820bc218c03d5ea1bfd4309d9bf9fc7a,saved_human,1.6445208333333334
section_00_test_000082,test,source,anomaly,C,20260911T161000Z-07d176b0060ac87418627156,20260911T161000Z-07d176b0060ac87418627156-dg-36bae53d1250-000011,4,extruder_cogging_or_no_extrusion,extruder_cogging_or_no_extrusion,fast,extruder-cogging-fast,right,hard-anomaly,clipped/audio_event_clean/anomaly/20260911T161000Z-07d176b0060ac87418627156-dg-36bae53d1250-000011_ch4.wav,3DPrinter/test/section_00_test_000082.wav,66abcd7c4d9118431c4f043b1a7f8b932f65fa7ddc582950c6bc0a49dcd2e20c,960044,17087128800,17087608800,603acd106f7ac3cf11f072c549396ff35f5457f66fb1ead062cd9e3050dd9a52,10.0,1.0,60060c195fc333ab708b4f48aa9e4cde820bc218c03d5ea1bfd4309d9bf9fc7a,saved_human,1.6445208333333334
section_00_test_000083,test,source,anomaly,C,20260911T161000Z-07d176b0060ac87418627156,20260911T161000Z-07d176b0060ac87418627156-dg-36bae53d1250-000030,4,extruder_cogging_or_no_extrusion,extruder_cogging_or_no_extrusion,fast,extruder-cogging-fast,right,hard-anomaly,clipped/audio_event_clean/anomaly/20260911T161000Z-07d176b0060ac87418627156-dg-36bae53d1250-000030_ch4.wav,3DPrinter/test/section_00_test_000083.wav,7bc79ef633f6478ad9d0200439a13fe19519b826b5e4178ffca208eb32383ef0,960044,17096248800,17096728800,603acd106f7ac3cf11f072c549396ff35f5457f66fb1ead062cd9e3050dd9a52,10.0,1.0,60060c195fc333ab708b4f48aa9e4cde820bc218c03d5ea1bfd4309d9bf9fc7a,saved_human,1.6445208333333334
section_00_test_000084,test,source,anomaly,C,20260911T161000Z-07d176b0060ac87418627156,20260911T161000Z-07d176b0060ac87418627156-dg-36bae53d1250-000038,4,extruder_cogging_or_no_extrusion,extruder_cogging_or_no_extrusion,fast,extruder-cogging-fast,right,hard-anomaly,clipped/audio_event_clean/anomaly/20260911T161000Z-07d176b0060ac87418627156-dg-36bae53d1250-000038_ch4.wav,3DPrinter/test/section_00_test_000084.wav,d376a4ebeca4a90e5f05836921528a4bf9fca51fce4431aef932d87b6fa802d8,960044,17100088800,17100568800,603acd106f7ac3cf11f072c549396ff35f5457f66fb1ead062cd9e3050dd9a52,10.0,1.0,60060c195fc333ab708b4f48aa9e4cde820bc218c03d5ea1bfd4309d9bf9fc7a,saved_human,1.6445208333333334
section_00_test_000085,test,source,anomaly,C,20260911T161000Z-07d176b0060ac87418627156,20260911T161000Z-07d176b0060ac87418627156-dg-36bae53d1250-000040,4,extruder_cogging_or_no_extrusion,extruder_cogging_or_no_extrusion,fast,extruder-cogging-fast,right,hard-anomaly,clipped/audio_event_clean/anomaly/20260911T161000Z-07d176b0060ac87418627156-dg-36bae53d1250-000040_ch4.wav,3DPrinter/test/section_00_test_000085.wav,df38a5aa61a6ece0c6d757f4b0bc532407108da8c92252b8e39736bf7f84e742,960044,17101048800,17101528800,603acd106f7ac3cf11f072c549396ff35f5457f66fb1ead062cd9e3050dd9a52,10.0,1.0,60060c195fc333ab708b4f48aa9e4cde820bc218c03d5ea1bfd4309d9bf9fc7a,saved_human,1.6445208333333334
section_00_test_000086,test,source,anomaly,C,20260911T161000Z-07d176b0060ac87418627156,20260911T161000Z-07d176b0060ac87418627156-dg-36bae53d1250-000136,4,extruder_cogging_or_no_extrusion,extruder_cogging_or_no_extrusion,fast,extruder-cogging-fast,right,hard-anomaly,clipped/audio_event_clean/anomaly/20260911T161000Z-07d176b0060ac87418627156-dg-36bae53d1250-000136_ch4.wav,3DPrinter/test/section_00_test_000086.wav,2d463af8340a12e771ebde6f6399a2442a3c7e15ab47e71b32afb6a148cb1b39,960044,17147128800,17147608800,603acd106f7ac3cf11f072c549396ff35f5457f66fb1ead062cd9e3050dd9a52,10.0,1.0,60060c195fc333ab708b4f48aa9e4cde820bc218c03d5ea1bfd4309d9bf9fc7a,saved_human,1.6445208333333334
section_00_test_000087,test,source,anomaly,C,20260911T171148Z-2f35c316c47752fe14cf3be7,20260911T171148Z-2f35c316c47752fe14cf3be7-dg-d53b59c19395-000006,4,toolhead_collision,collision_x-min,fast,toolhead-collision-x-min-fast,right,hard-anomaly,clipped/audio_event_clean/anomaly/20260911T171148Z-2f35c316c47752fe14cf3be7-dg-d53b59c19395-000006_ch4.wav,3DPrinter/test/section_00_test_000087.wav,dc6f889f7d012ed806374a2da77f2429b96c4aa9d1a9f602369902395e6df0be,960044,17262756000,17263236000,303fad3ca5d1578bef468c09afb6ccd405c5577fdedcade549038518c528fb31,0.38,0.038,,frozen_r3_collision,1.28
section_00_test_000088,test,source,anomaly,C,20260911T171148Z-2f35c316c47752fe14cf3be7,20260911T171148Z-2f35c316c47752fe14cf3be7-dg-d53b59c19395-000058,4,toolhead_collision,collision_x-min,fast,toolhead-collision-x-min-fast,right,hard-anomaly,clipped/audio_event_clean/anomaly/20260911T171148Z-2f35c316c47752fe14cf3be7-dg-d53b59c19395-000058_ch4.wav,3DPrinter/test/section_00_test_000088.wav,6cc5671065df4b5f09e8ea27f1edb93aa8db799538f507d9381f9c6164773041,960044,17287716000,17288196000,303fad3ca5d1578bef468c09afb6ccd405c5577fdedcade549038518c528fb31,1.16,0.116,,frozen_r3_collision,1.28
section_00_test_000089,test,source,anomaly,C,20260912T015304Z-fbbe3a4a6572e889ec55b10e,20260912T015304Z-fbbe3a4a6572e889ec55b10e-dg-b42e26c5441a-000003,4,toolhead_collision,collision_x-max,fast,toolhead-collision-x-max-fast,right,hard-anomaly,clipped/audio_event_clean/anomaly/20260912T015304Z-fbbe3a4a6572e889ec55b10e-dg-b42e26c5441a-000003_ch4.wav,3DPrinter/test/section_00_test_000089.wav,5c113989502efb4844f12899beda81fa8b048b89e8d09845c431b5e3bd94a571,960044,18762516000,18762996000,240604d9913d667f25ea176526d6f968da1e7521f92a6d62316a71a200fdc663,1.76,0.176,,frozen_r3_collision,1.3
section_00_test_000090,test,source,anomaly,C,20260912T021939Z-3278a03374dc31d9acdbbde8,20260912T021939Z-3278a03374dc31d9acdbbde8-dg-cf9b6ef25b7b-000017,4,toolhead_collision,collision_y-max,fast,toolhead-collision-y-max-fast,right,hard-anomaly,clipped/audio_event_clean/anomaly/20260912T021939Z-3278a03374dc31d9acdbbde8-dg-cf9b6ef25b7b-000017_ch4.wav,3DPrinter/test/section_00_test_000090.wav,d49150ed72c489d64cbeea91ba8ef0229f9267af49c36d9a524753634b4c46c3,960044,18845796000,18846276000,50cea26bc6e6d4d4a9f03c0e42339937be31459e0d8a9d17ddd7489e5ef0b234,1.28,0.128,,frozen_r3_collision,1.1
section_00_test_000091,test,source,anomaly,C,20260912T021939Z-3278a03374dc31d9acdbbde8,20260912T021939Z-3278a03374dc31d9acdbbde8-dg-cf9b6ef25b7b-000033,4,toolhead_collision,collision_y-max,fast,toolhead-collision-y-max-fast,right,hard-anomaly,clipped/audio_event_clean/anomaly/20260912T021939Z-3278a03374dc31d9acdbbde8-dg-cf9b6ef25b7b-000033_ch4.wav,3DPrinter/test/section_00_test_000091.wav,63f15339bcedf31ab8cc6481728fa09bf04ab8310829c42cf804ff2adbd30618,960044,18853476000,18853956000,50cea26bc6e6d4d4a9f03c0e42339937be31459e0d8a9d17ddd7489e5ef0b234,1.66,0.166,,frozen_r3_collision,1.1
section_00_test_000092,test,source,anomaly,C,20260912T024659Z-af99e7033894c502d0c27f5d,20260912T024659Z-af99e7033894c502d0c27f5d-dg-9baf03469be4-000013,4,toolhead_collision,collision_x-min-y-max,fast,toolhead-collision-x-min-y-max-fast,right,hard-anomaly,clipped/audio_event_clean/anomaly/20260912T024659Z-af99e7033894c502d0c27f5d-dg-9baf03469be4-000013_ch4.wav,3DPrinter/test/section_00_test_000092.wav,8a801e679d68dea363dfa9acfb813caece33834f26aec14c904850303817b905,960044,18922620000,18923100000,defdef05b012a824b07300828863c262d0c282a4883add27bac2973cbb857bc5,1.86,0.186,,frozen_r3_collision,1.2
section_00_test_000093,test,source,anomaly,C,20260912T031303Z-3cbe457145ec2ba412c9b3d9,20260912T031303Z-3cbe457145ec2ba412c9b3d9-dg-7871b96a0ac3-000034,4,toolhead_collision,collision_x-max-y-max,fast,toolhead-collision-x-max-y-max-fast,right,hard-anomaly,clipped/audio_event_clean/anomaly/20260912T031303Z-3cbe457145ec2ba412c9b3d9-dg-7871b96a0ac3-000034_ch4.wav,3DPrinter/test/section_00_test_000093.wav,45ae193fc576ee2863cfb1170aae3c4d39b827d71b59b65cbe999bcf424b8cb8,960044,19007772000,19008252000,a8d3e8dbcbce833596b7c51ff73aaf8160b3fa6c18a350845d8d67a89131595e,2.64,0.264,,frozen_r3_collision,1.36
section_00_test_000094,test,source,anomaly,C,20260912T052839Z-042f80319ee006111d66c24f,20260912T052839Z-042f80319ee006111d66c24f-dg-23a3ed72574e-000023,4,cooling_fan_fault,cooling_fan_fault,fast,fan-blade-damage-bilateral-v3-fast,right,hard-anomaly,clipped/audio_event_clean/anomaly/20260912T052839Z-042f80319ee006111d66c24f-dg-23a3ed72574e-000023_ch4.wav,3DPrinter/test/section_00_test_000094.wav,572bfb8d7c218d32f8f07bc84c2c590bd99f1a86d56b5d0d28a8eea51b599e8e,960044,19393008000,19393488000,f95d2f23b711c9c8851482fa34cb546602b68b0125b091bc28e699a2f359d5d9,10.0,1.0,6d5609c29f81d4b86f632804e1b0ec436d75f76a4d5e22b19ad8588800c2871c,saved_human,1.6827916666666667
section_00_test_000095,test,source,anomaly,C,20260912T052839Z-042f80319ee006111d66c24f,20260912T052839Z-042f80319ee006111d66c24f-dg-23a3ed72574e-000045,4,cooling_fan_fault,cooling_fan_fault,fast,fan-blade-damage-bilateral-v3-fast,right,hard-anomaly,clipped/audio_event_clean/anomaly/20260912T052839Z-042f80319ee006111d66c24f-dg-23a3ed72574e-000045_ch4.wav,3DPrinter/test/section_00_test_000095.wav,0b836ed23da2fbb9f8f5a17f83b139fc75f26d3178156d15dac5b45be932b64b,960044,19403568000,19404048000,f95d2f23b711c9c8851482fa34cb546602b68b0125b091bc28e699a2f359d5d9,10.0,1.0,6d5609c29f81d4b86f632804e1b0ec436d75f76a4d5e22b19ad8588800c2871c,saved_human,1.6827916666666667
section_00_test_000096,test,source,anomaly,C,20260912T052839Z-042f80319ee006111d66c24f,20260912T052839Z-042f80319ee006111d66c24f-dg-23a3ed72574e-000054,4,cooling_fan_fault,cooling_fan_fault,fast,fan-blade-damage-bilateral-v3-fast,right,hard-anomaly,clipped/audio_event_clean/anomaly/20260912T052839Z-042f80319ee006111d66c24f-dg-23a3ed72574e-000054_ch4.wav,3DPrinter/test/section_00_test_000096.wav,4b1d034da364e5c0a003a480a5d7de15a88c875cdcb7a500e45cca0d9ec7c5ed,960044,19407888000,19408368000,f95d2f23b711c9c8851482fa34cb546602b68b0125b091bc28e699a2f359d5d9,10.0,1.0,6d5609c29f81d4b86f632804e1b0ec436d75f76a4d5e22b19ad8588800c2871c,saved_human,1.6827916666666667
section_00_test_000097,test,source,anomaly,C,20260912T052839Z-042f80319ee006111d66c24f,20260912T052839Z-042f80319ee006111d66c24f-dg-23a3ed72574e-000084,4,cooling_fan_fault,cooling_fan_fault,fast,fan-blade-damage-bilateral-v3-fast,right,hard-anomaly,clipped/audio_event_clean/anomaly/20260912T052839Z-042f80319ee006111d66c24f-dg-23a3ed72574e-000084_ch4.wav,3DPrinter/test/section_00_test_000097.wav,7e324ff23b38e451575e3e72b945e43422e15495e13b66d86b1f69fbd65a5759,960044,19422288000,19422768000,f95d2f23b711c9c8851482fa34cb546602b68b0125b091bc28e699a2f359d5d9,10.0,1.0,6d5609c29f81d4b86f632804e1b0ec436d75f76a4d5e22b19ad8588800c2871c,saved_human,1.6827916666666667
section_00_test_000098,test,source,anomaly,C,20260912T052839Z-042f80319ee006111d66c24f,20260912T052839Z-042f80319ee006111d66c24f-dg-23a3ed72574e-000130,4,cooling_fan_fault,cooling_fan_fault,fast,fan-blade-damage-bilateral-v3-fast,right,hard-anomaly,clipped/audio_event_clean/anomaly/20260912T052839Z-042f80319ee006111d66c24f-dg-23a3ed72574e-000130_ch4.wav,3DPrinter/test/section_00_test_000098.wav,05d38430aed0959bc7f633f2472e410a00299c897e039fc72d94d86f1eae47bc,960044,19444368000,19444848000,f95d2f23b711c9c8851482fa34cb546602b68b0125b091bc28e699a2f359d5d9,10.0,1.0,6d5609c29f81d4b86f632804e1b0ec436d75f76a4d5e22b19ad8588800c2871c,saved_human,1.6827916666666667
section_00_test_000099,test,source,anomaly,C,20260912T052839Z-042f80319ee006111d66c24f,20260912T052839Z-042f80319ee006111d66c24f-dg-23a3ed72574e-000132,4,cooling_fan_fault,cooling_fan_fault,fast,fan-blade-damage-bilateral-v3-fast,right,hard-anomaly,clipped/audio_event_clean/anomaly/20260912T052839Z-042f80319ee006111d66c24f-dg-23a3ed72574e-000132_ch4.wav,3DPrinter/test/section_00_test_000099.wav,935a768508fdff1688e44f69035ee065b8a077b24d7d0102875b289e78da474f,960044,19445328000,19445808000,f95d2f23b711c9c8851482fa34cb546602b68b0125b091bc28e699a2f359d5d9,10.0,1.0,6d5609c29f81d4b86f632804e1b0ec436d75f76a4d5e22b19ad8588800c2871c,saved_human,1.6827916666666667
section_00_test_000100,test,source,normal,A,20260901T155741Z-0df85415b97c4d70844c7d69,20260901T155741Z-0df85415b97c4d70844c7d69-dg-7ef4e3096b6f-000017,2,none,none,fast,normal-fast-3,left,normal,clipped/audio_event_clean/normal/20260901T155741Z-0df85415b97c4d70844c7d69-dg-7ef4e3096b6f-000017_ch2.wav,3DPrinter/test/section_00_test_000100.wav,cba5ce8a9227f0a98eab7c7d75791c9603a6550f41c07c698ce0096a1de1890a,960044,237420000,237900000,01dcb96a24a4cfc216b1384b47c5b0ff580ba1f320086987a77f27999c34596f,0,0,2f1960a8006c7171636bf34056c8c328dbb5f63276920c493748d615e81dda42,saved_rule_based,0.53
section_00_test_000101,test,source,normal,A,20260901T155741Z-0df85415b97c4d70844c7d69,20260901T155741Z-0df85415b97c4d70844c7d69-dg-7ef4e3096b6f-000027,2,none,none,fast,normal-fast-3,left,normal,clipped/audio_event_clean/normal/20260901T155741Z-0df85415b97c4d70844c7d69-dg-7ef4e3096b6f-000027_ch2.wav,3DPrinter/test/section_00_test_000101.wav,25b6ddafc74dc1463b4b101d225faaacec17d3eeb467ca2144c6e34a42c3e45b,960044,242220000,242700000,01dcb96a24a4cfc216b1384b47c5b0ff580ba1f320086987a77f27999c34596f,0,0,2f1960a8006c7171636bf34056c8c328dbb5f63276920c493748d615e81dda42,saved_rule_based,0.53
section_00_test_000102,test,source,normal,A,20260901T155741Z-0df85415b97c4d70844c7d69,20260901T155741Z-0df85415b97c4d70844c7d69-dg-7ef4e3096b6f-000030,2,none,none,fast,normal-fast-3,left,normal,clipped/audio_event_clean/normal/20260901T155741Z-0df85415b97c4d70844c7d69-dg-7ef4e3096b6f-000030_ch2.wav,3DPrinter/test/section_00_test_000102.wav,e81d3d2a5dbfe05374d239c884cf4133c4ad6ed82f22a57ad432da6e8efe84b5,960044,243660000,244140000,01dcb96a24a4cfc216b1384b47c5b0ff580ba1f320086987a77f27999c34596f,0,0,2f1960a8006c7171636bf34056c8c328dbb5f63276920c493748d615e81dda42,saved_rule_based,0.53
section_00_test_000103,test,source,normal,A,20260901T155741Z-0df85415b97c4d70844c7d69,20260901T155741Z-0df85415b97c4d70844c7d69-dg-7ef4e3096b6f-000044,2,none,none,fast,normal-fast-3,left,normal,clipped/audio_event_clean/normal/20260901T155741Z-0df85415b97c4d70844c7d69-dg-7ef4e3096b6f-000044_ch2.wav,3DPrinter/test/section_00_test_000103.wav,d07d70f1ae8cb114699c588891c45f9bf2b9c141bb0024ea4a6823b792b85803,960044,250380000,250860000,01dcb96a24a4cfc216b1384b47c5b0ff580ba1f320086987a77f27999c34596f,0,0,2f1960a8006c7171636bf34056c8c328dbb5f63276920c493748d615e81dda42,saved_rule_based,0.53
section_00_test_000104,test,source,normal,A,20260901T155741Z-0df85415b97c4d70844c7d69,20260901T155741Z-0df85415b97c4d70844c7d69-dg-7ef4e3096b6f-000051,2,none,none,fast,normal-fast-3,left,normal,clipped/audio_event_clean/normal/20260901T155741Z-0df85415b97c4d70844c7d69-dg-7ef4e3096b6f-000051_ch2.wav,3DPrinter/test/section_00_test_000104.wav,603f1912d7b6ce14abbd55e357bf7e59a53a4429a0c426e947d3bc73854cb88d,960044,253740000,254220000,01dcb96a24a4cfc216b1384b47c5b0ff580ba1f320086987a77f27999c34596f,0,0,2f1960a8006c7171636bf34056c8c328dbb5f63276920c493748d615e81dda42,saved_rule_based,0.53
section_00_test_000105,test,source,normal,A,20260901T155741Z-0df85415b97c4d70844c7d69,20260901T155741Z-0df85415b97c4d70844c7d69-dg-7ef4e3096b6f-000053,2,none,none,fast,normal-fast-3,left,normal,clipped/audio_event_clean/normal/20260901T155741Z-0df85415b97c4d70844c7d69-dg-7ef4e3096b6f-000053_ch2.wav,3DPrinter/test/section_00_test_000105.wav,36ad837748ce4592304dade501941bebdcb60b4a10648e39fa114b281a3d46e0,960044,254700000,255180000,01dcb96a24a4cfc216b1384b47c5b0ff580ba1f320086987a77f27999c34596f,0,0,2f1960a8006c7171636bf34056c8c328dbb5f63276920c493748d615e81dda42,saved_rule_based,0.53
section_00_test_000106,test,source,normal,A,20260901T155741Z-0df85415b97c4d70844c7d69,20260901T155741Z-0df85415b97c4d70844c7d69-dg-7ef4e3096b6f-000060,2,none,none,fast,normal-fast-3,left,normal,clipped/audio_event_clean/normal/20260901T155741Z-0df85415b97c4d70844c7d69-dg-7ef4e3096b6f-000060_ch2.wav,3DPrinter/test/section_00_test_000106.wav,a19e1262fa924b2471ab43444d85111808574008cb4415f62d1e31e0a6ff08f6,960044,258060000,258540000,01dcb96a24a4cfc216b1384b47c5b0ff580ba1f320086987a77f27999c34596f,0,0,2f1960a8006c7171636bf34056c8c328dbb5f63276920c493748d615e81dda42,saved_rule_based,0.53
section_00_test_000107,test,source,normal,A,20260901T155741Z-0df85415b97c4d70844c7d69,20260901T155741Z-0df85415b97c4d70844c7d69-dg-7ef4e3096b6f-000061,2,none,none,fast,normal-fast-3,left,normal,clipped/audio_event_clean/normal/20260901T155741Z-0df85415b97c4d70844c7d69-dg-7ef4e3096b6f-000061_ch2.wav,3DPrinter/test/section_00_test_000107.wav,d3db2c884f66355fdc370a59b7ea381fe3fe5ce00078b7dbd751dfa34b30751c,960044,258540000,259020000,01dcb96a24a4cfc216b1384b47c5b0ff580ba1f320086987a77f27999c34596f,0,0,2f1960a8006c7171636bf34056c8c328dbb5f63276920c493748d615e81dda42,saved_rule_based,0.53
section_00_test_000108,test,source,normal,A,20260901T155741Z-0df85415b97c4d70844c7d69,20260901T155741Z-0df85415b97c4d70844c7d69-dg-7ef4e3096b6f-000070,2,none,none,fast,normal-fast-3,left,normal,clipped/audio_event_clean/normal/20260901T155741Z-0df85415b97c4d70844c7d69-dg-7ef4e3096b6f-000070_ch2.wav,3DPrinter/test/section_00_test_000108.wav,c7352a325f2e9faca4e149cfda0931b37003840412f503a541298984344f71f9,960044,262860000,263340000,01dcb96a24a4cfc216b1384b47c5b0ff580ba1f320086987a77f27999c34596f,0,0,2f1960a8006c7171636bf34056c8c328dbb5f63276920c493748d615e81dda42,saved_rule_based,0.53
section_00_test_000109,test,source,normal,A,20260901T155741Z-0df85415b97c4d70844c7d69,20260901T155741Z-0df85415b97c4d70844c7d69-dg-7ef4e3096b6f-000076,2,none,none,fast,normal-fast-3,left,normal,clipped/audio_event_clean/normal/20260901T155741Z-0df85415b97c4d70844c7d69-dg-7ef4e3096b6f-000076_ch2.wav,3DPrinter/test/section_00_test_000109.wav,0ca2c610bb0c6a29f1b56bc035f49415cb19d3ca9d01cc23438500136c897778,960044,265740000,266220000,01dcb96a24a4cfc216b1384b47c5b0ff580ba1f320086987a77f27999c34596f,0,0,2f1960a8006c7171636bf34056c8c328dbb5f63276920c493748d615e81dda42,saved_rule_based,0.53
section_00_test_000110,test,source,normal,A,20260901T155741Z-0df85415b97c4d70844c7d69,20260901T155741Z-0df85415b97c4d70844c7d69-dg-7ef4e3096b6f-000084,2,none,none,fast,normal-fast-3,left,normal,clipped/audio_event_clean/normal/20260901T155741Z-0df85415b97c4d70844c7d69-dg-7ef4e3096b6f-000084_ch2.wav,3DPrinter/test/section_00_test_000110.wav,5d39b32e7ece769c6609e6de925a022406bc64067fa3e85520b092bfe49fa86c,960044,269580000,270060000,01dcb96a24a4cfc216b1384b47c5b0ff580ba1f320086987a77f27999c34596f,0,0,2f1960a8006c7171636bf34056c8c328dbb5f63276920c493748d615e81dda42,saved_rule_based,0.53
section_00_test_000111,test,source,normal,A,20260901T155741Z-0df85415b97c4d70844c7d69,20260901T155741Z-0df85415b97c4d70844c7d69-dg-7ef4e3096b6f-000105,2,none,none,fast,normal-fast-3,left,normal,clipped/audio_event_clean/normal/20260901T155741Z-0df85415b97c4d70844c7d69-dg-7ef4e3096b6f-000105_ch2.wav,3DPrinter/test/section_00_test_000111.wav,e1fc3cd366478275de6e0db7c0d22653dd5761c13a2100070c1af689e65e29cc,960044,279660000,280140000,01dcb96a24a4cfc216b1384b47c5b0ff580ba1f320086987a77f27999c34596f,0,0,2f1960a8006c7171636bf34056c8c328dbb5f63276920c493748d615e81dda42,saved_rule_based,0.53
section_00_test_000112,test,source,normal,A,20260901T155741Z-0df85415b97c4d70844c7d69,20260901T155741Z-0df85415b97c4d70844c7d69-dg-7ef4e3096b6f-000112,2,none,none,fast,normal-fast-3,left,normal,clipped/audio_event_clean/normal/20260901T155741Z-0df85415b97c4d70844c7d69-dg-7ef4e3096b6f-000112_ch2.wav,3DPrinter/test/section_00_test_000112.wav,5b90018087112d3288058e45d4a6104101161d4ac905bffa993129d528a77747,960044,283020000,283500000,01dcb96a24a4cfc216b1384b47c5b0ff580ba1f320086987a77f27999c34596f,0,0,2f1960a8006c7171636bf34056c8c328dbb5f63276920c493748d615e81dda42,saved_rule_based,0.53
section_00_test_000113,test,source,normal,A,20260901T155741Z-0df85415b97c4d70844c7d69,20260901T155741Z-0df85415b97c4d70844c7d69-dg-7ef4e3096b6f-000113,2,none,none,fast,normal-fast-3,left,normal,clipped/audio_event_clean/normal/20260901T155741Z-0df85415b97c4d70844c7d69-dg-7ef4e3096b6f-000113_ch2.wav,3DPrinter/test/section_00_test_000113.wav,a3a2d81f2159041f67c44ea4a8807ad449e86f50b66786db1270a82537bad29e,960044,283500000,283980000,01dcb96a24a4cfc216b1384b47c5b0ff580ba1f320086987a77f27999c34596f,0,0,2f1960a8006c7171636bf34056c8c328dbb5f63276920c493748d615e81dda42,saved_rule_based,0.53
section_00_test_000114,test,source,normal,A,20260901T155741Z-0df85415b97c4d70844c7d69,20260901T155741Z-0df85415b97c4d70844c7d69-dg-7ef4e3096b6f-000128,2,none,none,fast,normal-fast-3,left,normal,clipped/audio_event_clean/normal/20260901T155741Z-0df85415b97c4d70844c7d69-dg-7ef4e3096b6f-000128_ch2.wav,3DPrinter/test/section_00_test_000114.wav,8ec73fe49d4911bc9038652285daa62ff2110de512cf0e4397d23c30ce8f4991,960044,290700000,291180000,01dcb96a24a4cfc216b1384b47c5b0ff580ba1f320086987a77f27999c34596f,0,0,2f1960a8006c7171636bf34056c8c328dbb5f63276920c493748d615e81dda42,saved_rule_based,0.53
section_00_test_000115,test,source,normal,A,20260901T155741Z-0df85415b97c4d70844c7d69,20260901T155741Z-0df85415b97c4d70844c7d69-dg-7ef4e3096b6f-000152,2,none,none,fast,normal-fast-3,left,normal,clipped/audio_event_clean/normal/20260901T155741Z-0df85415b97c4d70844c7d69-dg-7ef4e3096b6f-000152_ch2.wav,3DPrinter/test/section_00_test_000115.wav,eaa8c676584861e8097957ffe652a976a5b9362ec94cd068084e6e8b6ab6c178,960044,302220000,302700000,01dcb96a24a4cfc216b1384b47c5b0ff580ba1f320086987a77f27999c34596f,0,0,2f1960a8006c7171636bf34056c8c328dbb5f63276920c493748d615e81dda42,saved_rule_based,0.53
section_00_test_000116,test,source,normal,A,20260901T155741Z-0df85415b97c4d70844c7d69,20260901T155741Z-0df85415b97c4d70844c7d69-dg-7ef4e3096b6f-000166,2,none,none,fast,normal-fast-3,left,normal,clipped/audio_event_clean/normal/20260901T155741Z-0df85415b97c4d70844c7d69-dg-7ef4e3096b6f-000166_ch2.wav,3DPrinter/test/section_00_test_000116.wav,1589a8f8fb8225bac511dfe56e0f45ec1fd1114610aa0dd47dfc85da5e307fd7,960044,308940000,309420000,01dcb96a24a4cfc216b1384b47c5b0ff580ba1f320086987a77f27999c34596f,0,0,2f1960a8006c7171636bf34056c8c328dbb5f63276920c493748d615e81dda42,saved_rule_based,0.53
section_00_test_000117,test,source,normal,A,20260901T155741Z-0df85415b97c4d70844c7d69,20260901T155741Z-0df85415b97c4d70844c7d69-dg-7ef4e3096b6f-000169,2,none,none,fast,normal-fast-3,left,normal,clipped/audio_event_clean/normal/20260901T155741Z-0df85415b97c4d70844c7d69-dg-7ef4e3096b6f-000169_ch2.wav,3DPrinter/test/section_00_test_000117.wav,c8b6bf86e7e36079bb99cd7a5366412f315e451a0e862a7e44c2ba948e376697,960044,310380000,310860000,01dcb96a24a4cfc216b1384b47c5b0ff580ba1f320086987a77f27999c34596f,0,0,2f1960a8006c7171636bf34056c8c328dbb5f63276920c493748d615e81dda42,saved_rule_based,0.53
section_00_test_000118,test,source,normal,A,20260901T155741Z-0df85415b97c4d70844c7d69,20260901T155741Z-0df85415b97c4d70844c7d69-dg-7ef4e3096b6f-000172,2,none,none,fast,normal-fast-3,left,normal,clipped/audio_event_clean/normal/20260901T155741Z-0df85415b97c4d70844c7d69-dg-7ef4e3096b6f-000172_ch2.wav,3DPrinter/test/section_00_test_000118.wav,dfb574f3acc98d7b38b093f8b190c0b5f4c7b7621cf547ba39e75eba1fe4327a,960044,311820000,312300000,01dcb96a24a4cfc216b1384b47c5b0ff580ba1f320086987a77f27999c34596f,0,0,2f1960a8006c7171636bf34056c8c328dbb5f63276920c493748d615e81dda42,saved_rule_based,0.53
section_00_test_000119,test,source,normal,A,20260901T155741Z-0df85415b97c4d70844c7d69,20260901T155741Z-0df85415b97c4d70844c7d69-dg-7ef4e3096b6f-000192,2,none,none,fast,normal-fast-3,left,normal,clipped/audio_event_clean/normal/20260901T155741Z-0df85415b97c4d70844c7d69-dg-7ef4e3096b6f-000192_ch2.wav,3DPrinter/test/section_00_test_000119.wav,01007a088966127a2f1b2de3e900c3719921a16d02874a6319e9d0046d068e18,960044,321420000,321900000,01dcb96a24a4cfc216b1384b47c5b0ff580ba1f320086987a77f27999c34596f,0,0,2f1960a8006c7171636bf34056c8c328dbb5f63276920c493748d615e81dda42,saved_rule_based,0.53
section_00_test_000120,test,source,normal,A,20260901T155741Z-0df85415b97c4d70844c7d69,20260901T155741Z-0df85415b97c4d70844c7d69-dg-7ef4e3096b6f-000194,2,none,none,fast,normal-fast-3,left,normal,clipped/audio_event_clean/normal/20260901T155741Z-0df85415b97c4d70844c7d69-dg-7ef4e3096b6f-000194_ch2.wav,3DPrinter/test/section_00_test_000120.wav,cf0b54ef8b73bd9631e14f32754581b6fb510f704ca93bf0a54b871b9be58660,960044,322380000,322860000,01dcb96a24a4cfc216b1384b47c5b0ff580ba1f320086987a77f27999c34596f,0,0,2f1960a8006c7171636bf34056c8c328dbb5f63276920c493748d615e81dda42,saved_rule_based,0.53
section_00_test_000121,test,source,normal,A,20260901T155741Z-0df85415b97c4d70844c7d69,20260901T155741Z-0df85415b97c4d70844c7d69-dg-7ef4e3096b6f-000201,2,none,none,fast,normal-fast-3,left,normal,clipped/audio_event_clean/normal/20260901T155741Z-0df85415b97c4d70844c7d69-dg-7ef4e3096b6f-000201_ch2.wav,3DPrinter/test/section_00_test_000121.wav,b6a8debb2b3469166bbda06739b8e0be0e24fa1109c17c87887f0eebba9ec14f,960044,325740000,326220000,01dcb96a24a4cfc216b1384b47c5b0ff580ba1f320086987a77f27999c34596f,0,0,2f1960a8006c7171636bf34056c8c328dbb5f63276920c493748d615e81dda42,saved_rule_based,0.53
section_00_test_000122,test,source,normal,A,20260901T155741Z-0df85415b97c4d70844c7d69,20260901T155741Z-0df85415b97c4d70844c7d69-dg-7ef4e3096b6f-000203,2,none,none,fast,normal-fast-3,left,normal,clipped/audio_event_clean/normal/20260901T155741Z-0df85415b97c4d70844c7d69-dg-7ef4e3096b6f-000203_ch2.wav,3DPrinter/test/section_00_test_000122.wav,a82ef0d5261ee681e4ccbe59a0c5e8e09d079e43d5a951b8f4ebafb11dc8b9bb,960044,326700000,327180000,01dcb96a24a4cfc216b1384b47c5b0ff580ba1f320086987a77f27999c34596f,0,0,2f1960a8006c7171636bf34056c8c328dbb5f63276920c493748d615e81dda42,saved_rule_based,0.53
section_00_test_000123,test,source,normal,A,20260901T155741Z-0df85415b97c4d70844c7d69,20260901T155741Z-0df85415b97c4d70844c7d69-dg-7ef4e3096b6f-000210,2,none,none,fast,normal-fast-3,left,normal,clipped/audio_event_clean/normal/20260901T155741Z-0df85415b97c4d70844c7d69-dg-7ef4e3096b6f-000210_ch2.wav,3DPrinter/test/section_00_test_000123.wav,d583415eafffd9f07aa58ae8f011ce008602add50e62670b594d55682a1f3317,960044,330060000,330540000,01dcb96a24a4cfc216b1384b47c5b0ff580ba1f320086987a77f27999c34596f,0,0,2f1960a8006c7171636bf34056c8c328dbb5f63276920c493748d615e81dda42,saved_rule_based,0.53
section_00_test_000124,test,source,normal,A,20260901T155741Z-0df85415b97c4d70844c7d69,20260901T155741Z-0df85415b97c4d70844c7d69-dg-7ef4e3096b6f-000213,2,none,none,fast,normal-fast-3,left,normal,clipped/audio_event_clean/normal/20260901T155741Z-0df85415b97c4d70844c7d69-dg-7ef4e3096b6f-000213_ch2.wav,3DPrinter/test/section_00_test_000124.wav,dcef8d29c31d091b22754636976f8fc5d3a9a47238bedfb79c3aa2c2f77510d2,960044,331500000,331980000,01dcb96a24a4cfc216b1384b47c5b0ff580ba1f320086987a77f27999c34596f,0,0,2f1960a8006c7171636bf34056c8c328dbb5f63276920c493748d615e81dda42,saved_rule_based,0.53
section_00_test_000125,test,source,normal,A,20260901T155741Z-0df85415b97c4d70844c7d69,20260901T155741Z-0df85415b97c4d70844c7d69-dg-7ef4e3096b6f-000011,4,none,none,fast,normal-fast-3,right,normal,clipped/audio_event_clean/normal/20260901T155741Z-0df85415b97c4d70844c7d69-dg-7ef4e3096b6f-000011_ch4.wav,3DPrinter/test/section_00_test_000125.wav,3dc2062b2df23d549333daa8f2d7f8aad8e5e253d384194bede438e8291618d3,960044,234540000,235020000,01dcb96a24a4cfc216b1384b47c5b0ff580ba1f320086987a77f27999c34596f,0,0,2f1960a8006c7171636bf34056c8c328dbb5f63276920c493748d615e81dda42,saved_rule_based,0.53
section_00_test_000126,test,source,normal,A,20260901T155741Z-0df85415b97c4d70844c7d69,20260901T155741Z-0df85415b97c4d70844c7d69-dg-7ef4e3096b6f-000018,4,none,none,fast,normal-fast-3,right,normal,clipped/audio_event_clean/normal/20260901T155741Z-0df85415b97c4d70844c7d69-dg-7ef4e3096b6f-000018_ch4.wav,3DPrinter/test/section_00_test_000126.wav,a0a9a8728380c95f588f5246b53bd05d68db9e00624e84bb7801f0fdf20d0d65,960044,237900000,238380000,01dcb96a24a4cfc216b1384b47c5b0ff580ba1f320086987a77f27999c34596f,0,0,2f1960a8006c7171636bf34056c8c328dbb5f63276920c493748d615e81dda42,saved_rule_based,0.53
section_00_test_000127,test,source,normal,A,20260901T155741Z-0df85415b97c4d70844c7d69,20260901T155741Z-0df85415b97c4d70844c7d69-dg-7ef4e3096b6f-000026,4,none,none,fast,normal-fast-3,right,normal,clipped/audio_event_clean/normal/20260901T155741Z-0df85415b97c4d70844c7d69-dg-7ef4e3096b6f-000026_ch4.wav,3DPrinter/test/section_00_test_000127.wav,3c803f45e3173a3054ffa93140111093b5a57fd68e5de1057cba0299dabeb5ad,960044,241740000,242220000,01dcb96a24a4cfc216b1384b47c5b0ff580ba1f320086987a77f27999c34596f,0,0,2f1960a8006c7171636bf34056c8c328dbb5f63276920c493748d615e81dda42,saved_rule_based,0.53
section_00_test_000128,test,source,normal,A,20260901T155741Z-0df85415b97c4d70844c7d69,20260901T155741Z-0df85415b97c4d70844c7d69-dg-7ef4e3096b6f-000031,4,none,none,fast,normal-fast-3,right,normal,clipped/audio_event_clean/normal/20260901T155741Z-0df85415b97c4d70844c7d69-dg-7ef4e3096b6f-000031_ch4.wav,3DPrinter/test/section_00_test_000128.wav,cf3f03a65b757f5bfe7a23c73762ce012f77276c7a687c742aca725d8db58bb2,960044,244140000,244620000,01dcb96a24a4cfc216b1384b47c5b0ff580ba1f320086987a77f27999c34596f,0,0,2f1960a8006c7171636bf34056c8c328dbb5f63276920c493748d615e81dda42,saved_rule_based,0.53
section_00_test_000129,test,source,normal,A,20260901T155741Z-0df85415b97c4d70844c7d69,20260901T155741Z-0df85415b97c4d70844c7d69-dg-7ef4e3096b6f-000035,4,none,none,fast,normal-fast-3,right,normal,clipped/audio_event_clean/normal/20260901T155741Z-0df85415b97c4d70844c7d69-dg-7ef4e3096b6f-000035_ch4.wav,3DPrinter/test/section_00_test_000129.wav,379ae30acb14270a9049365cb55ead86f0e85d9d5c668ac97e086cc6b2a172e6,960044,246060000,246540000,01dcb96a24a4cfc216b1384b47c5b0ff580ba1f320086987a77f27999c34596f,0,0,2f1960a8006c7171636bf34056c8c328dbb5f63276920c493748d615e81dda42,saved_rule_based,0.53
section_00_test_000130,test,source,normal,A,20260901T155741Z-0df85415b97c4d70844c7d69,20260901T155741Z-0df85415b97c4d70844c7d69-dg-7ef4e3096b6f-000052,4,none,none,fast,normal-fast-3,right,normal,clipped/audio_event_clean/normal/20260901T155741Z-0df85415b97c4d70844c7d69-dg-7ef4e3096b6f-000052_ch4.wav,3DPrinter/test/section_00_test_000130.wav,5e7f563ec2e88da65bf721211328ce32e4489b801fbac4082eae2042fc371f47,960044,254220000,254700000,01dcb96a24a4cfc216b1384b47c5b0ff580ba1f320086987a77f27999c34596f,0,0,2f1960a8006c7171636bf34056c8c328dbb5f63276920c493748d615e81dda42,saved_rule_based,0.53
section_00_test_000131,test,source,normal,A,20260901T155741Z-0df85415b97c4d70844c7d69,20260901T155741Z-0df85415b97c4d70844c7d69-dg-7ef4e3096b6f-000059,4,none,none,fast,normal-fast-3,right,normal,clipped/audio_event_clean/normal/20260901T155741Z-0df85415b97c4d70844c7d69-dg-7ef4e3096b6f-000059_ch4.wav,3DPrinter/test/section_00_test_000131.wav,fbd7e7f8e01163cb16ff61ea9356e092e1915bbea2fec540635f0f174c6cce84,960044,257580000,258060000,01dcb96a24a4cfc216b1384b47c5b0ff580ba1f320086987a77f27999c34596f,0,0,2f1960a8006c7171636bf34056c8c328dbb5f63276920c493748d615e81dda42,saved_rule_based,0.53
section_00_test_000132,test,source,normal,A,20260901T155741Z-0df85415b97c4d70844c7d69,20260901T155741Z-0df85415b97c4d70844c7d69-dg-7ef4e3096b6f-000063,4,none,none,fast,normal-fast-3,right,normal,clipped/audio_event_clean/normal/20260901T155741Z-0df85415b97c4d70844c7d69-dg-7ef4e3096b6f-000063_ch4.wav,3DPrinter/test/section_00_test_000132.wav,65bf1b97fb386792142c307b708962ddb5c945b26407086246e8b9fa960bed41,960044,259500000,259980000,01dcb96a24a4cfc216b1384b47c5b0ff580ba1f320086987a77f27999c34596f,0,0,2f1960a8006c7171636bf34056c8c328dbb5f63276920c493748d615e81dda42,saved_rule_based,0.53
section_00_test_000133,test,source,normal,A,20260901T155741Z-0df85415b97c4d70844c7d69,20260901T155741Z-0df85415b97c4d70844c7d69-dg-7ef4e3096b6f-000072,4,none,none,fast,normal-fast-3,right,normal,clipped/audio_event_clean/normal/20260901T155741Z-0df85415b97c4d70844c7d69-dg-7ef4e3096b6f-000072_ch4.wav,3DPrinter/test/section_00_test_000133.wav,acf5b84918801e189b97874f0b860f512f4bd492f179f605640c0d116e992e00,960044,263820000,264300000,01dcb96a24a4cfc216b1384b47c5b0ff580ba1f320086987a77f27999c34596f,0,0,2f1960a8006c7171636bf34056c8c328dbb5f63276920c493748d615e81dda42,saved_rule_based,0.53
section_00_test_000134,test,source,normal,A,20260901T155741Z-0df85415b97c4d70844c7d69,20260901T155741Z-0df85415b97c4d70844c7d69-dg-7ef4e3096b6f-000081,4,none,none,fast,normal-fast-3,right,normal,clipped/audio_event_clean/normal/20260901T155741Z-0df85415b97c4d70844c7d69-dg-7ef4e3096b6f-000081_ch4.wav,3DPrinter/test/section_00_test_000134.wav,8a4dd4d30972d47fa1228439c3f8541ea8f511b0fbeec00a09855b7c692a37d3,960044,268140000,268620000,01dcb96a24a4cfc216b1384b47c5b0ff580ba1f320086987a77f27999c34596f,0,0,2f1960a8006c7171636bf34056c8c328dbb5f63276920c493748d615e81dda42,saved_rule_based,0.53
section_00_test_000135,test,source,normal,A,20260901T155741Z-0df85415b97c4d70844c7d69,20260901T155741Z-0df85415b97c4d70844c7d69-dg-7ef4e3096b6f-000087,4,none,none,fast,normal-fast-3,right,normal,clipped/audio_event_clean/normal/20260901T155741Z-0df85415b97c4d70844c7d69-dg-7ef4e3096b6f-000087_ch4.wav,3DPrinter/test/section_00_test_000135.wav,332f675edfc2c6cd45f5a7999a24936d18008b98fef727af147be209b6b6aeb7,960044,271020000,271500000,01dcb96a24a4cfc216b1384b47c5b0ff580ba1f320086987a77f27999c34596f,0,0,2f1960a8006c7171636bf34056c8c328dbb5f63276920c493748d615e81dda42,saved_rule_based,0.53
section_00_test_000136,test,source,normal,A,20260901T155741Z-0df85415b97c4d70844c7d69,20260901T155741Z-0df85415b97c4d70844c7d69-dg-7ef4e3096b6f-000093,4,none,none,fast,normal-fast-3,right,normal,clipped/audio_event_clean/normal/20260901T155741Z-0df85415b97c4d70844c7d69-dg-7ef4e3096b6f-000093_ch4.wav,3DPrinter/test/section_00_test_000136.wav,5f54c2ddd3296f6ba0aa888e44d600ecbd3b6fbc7f748d18f6fbc7a05a5354ff,960044,273900000,274380000,01dcb96a24a4cfc216b1384b47c5b0ff580ba1f320086987a77f27999c34596f,0,0,2f1960a8006c7171636bf34056c8c328dbb5f63276920c493748d615e81dda42,saved_rule_based,0.53
section_00_test_000137,test,source,normal,A,20260901T155741Z-0df85415b97c4d70844c7d69,20260901T155741Z-0df85415b97c4d70844c7d69-dg-7ef4e3096b6f-000097,4,none,none,fast,normal-fast-3,right,normal,clipped/audio_event_clean/normal/20260901T155741Z-0df85415b97c4d70844c7d69-dg-7ef4e3096b6f-000097_ch4.wav,3DPrinter/test/section_00_test_000137.wav,b950a981d15f54cc562e3df094edda402e222ae52dc079dd6ec8321c5c59d549,960044,275820000,276300000,01dcb96a24a4cfc216b1384b47c5b0ff580ba1f320086987a77f27999c34596f,0,0,2f1960a8006c7171636bf34056c8c328dbb5f63276920c493748d615e81dda42,saved_rule_based,0.53
section_00_test_000138,test,source,normal,A,20260901T155741Z-0df85415b97c4d70844c7d69,20260901T155741Z-0df85415b97c4d70844c7d69-dg-7ef4e3096b6f-000110,4,none,none,fast,normal-fast-3,right,normal,clipped/audio_event_clean/normal/20260901T155741Z-0df85415b97c4d70844c7d69-dg-7ef4e3096b6f-000110_ch4.wav,3DPrinter/test/section_00_test_000138.wav,8cba124dcd3c2e0d9804d983e192c9dfa23fccb8256bef747e05606e3c9401e1,960044,282060000,282540000,01dcb96a24a4cfc216b1384b47c5b0ff580ba1f320086987a77f27999c34596f,0,0,2f1960a8006c7171636bf34056c8c328dbb5f63276920c493748d615e81dda42,saved_rule_based,0.53
section_00_test_000139,test,source,normal,A,20260901T155741Z-0df85415b97c4d70844c7d69,20260901T155741Z-0df85415b97c4d70844c7d69-dg-7ef4e3096b6f-000115,4,none,none,fast,normal-fast-3,right,normal,clipped/audio_event_clean/normal/20260901T155741Z-0df85415b97c4d70844c7d69-dg-7ef4e3096b6f-000115_ch4.wav,3DPrinter/test/section_00_test_000139.wav,fa3d4bf7af7a04eb20045fcddd829663432cca8db60c6e8cfb943f92da745ffd,960044,284460000,284940000,01dcb96a24a4cfc216b1384b47c5b0ff580ba1f320086987a77f27999c34596f,0,0,2f1960a8006c7171636bf34056c8c328dbb5f63276920c493748d615e81dda42,saved_rule_based,0.53
section_00_test_000140,test,source,normal,A,20260901T155741Z-0df85415b97c4d70844c7d69,20260901T155741Z-0df85415b97c4d70844c7d69-dg-7ef4e3096b6f-000124,4,none,none,fast,normal-fast-3,right,normal,clipped/audio_event_clean/normal/20260901T155741Z-0df85415b97c4d70844c7d69-dg-7ef4e3096b6f-000124_ch4.wav,3DPrinter/test/section_00_test_000140.wav,4917b3ec0cdc99a34de83b1df29f8701000ed4f1e2ddc54efa8db1663e3fc8bd,960044,288780000,289260000,01dcb96a24a4cfc216b1384b47c5b0ff580ba1f320086987a77f27999c34596f,0,0,2f1960a8006c7171636bf34056c8c328dbb5f63276920c493748d615e81dda42,saved_rule_based,0.53
section_00_test_000141,test,source,normal,A,20260901T155741Z-0df85415b97c4d70844c7d69,20260901T155741Z-0df85415b97c4d70844c7d69-dg-7ef4e3096b6f-000131,4,none,none,fast,normal-fast-3,right,normal,clipped/audio_event_clean/normal/20260901T155741Z-0df85415b97c4d70844c7d69-dg-7ef4e3096b6f-000131_ch4.wav,3DPrinter/test/section_00_test_000141.wav,fc9c5ed422c97c0bf5bc1aa9efee303e065d9fe7e5f629771adf55cefede58e2,960044,292140000,292620000,01dcb96a24a4cfc216b1384b47c5b0ff580ba1f320086987a77f27999c34596f,0,0,2f1960a8006c7171636bf34056c8c328dbb5f63276920c493748d615e81dda42,saved_rule_based,0.53
section_00_test_000142,test,source,normal,A,20260901T155741Z-0df85415b97c4d70844c7d69,20260901T155741Z-0df85415b97c4d70844c7d69-dg-7ef4e3096b6f-000133,4,none,none,fast,normal-fast-3,right,normal,clipped/audio_event_clean/normal/20260901T155741Z-0df85415b97c4d70844c7d69-dg-7ef4e3096b6f-000133_ch4.wav,3DPrinter/test/section_00_test_000142.wav,c146e76747206b9f612748699b4b34ab4143a234cca135300a8dfd747453240e,960044,293100000,293580000,01dcb96a24a4cfc216b1384b47c5b0ff580ba1f320086987a77f27999c34596f,0,0,2f1960a8006c7171636bf34056c8c328dbb5f63276920c493748d615e81dda42,saved_rule_based,0.53
section_00_test_000143,test,source,normal,A,20260901T155741Z-0df85415b97c4d70844c7d69,20260901T155741Z-0df85415b97c4d70844c7d69-dg-7ef4e3096b6f-000136,4,none,none,fast,normal-fast-3,right,normal,clipped/audio_event_clean/normal/20260901T155741Z-0df85415b97c4d70844c7d69-dg-7ef4e3096b6f-000136_ch4.wav,3DPrinter/test/section_00_test_000143.wav,6ba0a6a2cafaf0e56ad0afcbfa5cf3e57143f08f89e970cd8c9bbe42407de801,960044,294540000,295020000,01dcb96a24a4cfc216b1384b47c5b0ff580ba1f320086987a77f27999c34596f,0,0,2f1960a8006c7171636bf34056c8c328dbb5f63276920c493748d615e81dda42,saved_rule_based,0.53
section_00_test_000144,test,source,normal,A,20260901T155741Z-0df85415b97c4d70844c7d69,20260901T155741Z-0df85415b97c4d70844c7d69-dg-7ef4e3096b6f-000143,4,none,none,fast,normal-fast-3,right,normal,clipped/audio_event_clean/normal/20260901T155741Z-0df85415b97c4d70844c7d69-dg-7ef4e3096b6f-000143_ch4.wav,3DPrinter/test/section_00_test_000144.wav,2b72565628dbf3316715753752ea131465de5a14695cdf3d2c5b1ecc2ec4326d,960044,297900000,298380000,01dcb96a24a4cfc216b1384b47c5b0ff580ba1f320086987a77f27999c34596f,0,0,2f1960a8006c7171636bf34056c8c328dbb5f63276920c493748d615e81dda42,saved_rule_based,0.53
section_00_test_000145,test,source,normal,A,20260901T155741Z-0df85415b97c4d70844c7d69,20260901T155741Z-0df85415b97c4d70844c7d69-dg-7ef4e3096b6f-000145,4,none,none,fast,normal-fast-3,right,normal,clipped/audio_event_clean/normal/20260901T155741Z-0df85415b97c4d70844c7d69-dg-7ef4e3096b6f-000145_ch4.wav,3DPrinter/test/section_00_test_000145.wav,01b6e87146460473e4618583b4742008783b7455232f989d87cb7dd7afff18b6,960044,298860000,299340000,01dcb96a24a4cfc216b1384b47c5b0ff580ba1f320086987a77f27999c34596f,0,0,2f1960a8006c7171636bf34056c8c328dbb5f63276920c493748d615e81dda42,saved_rule_based,0.53
section_00_test_000146,test,source,normal,A,20260901T155741Z-0df85415b97c4d70844c7d69,20260901T155741Z-0df85415b97c4d70844c7d69-dg-7ef4e3096b6f-000153,4,none,none,fast,normal-fast-3,right,normal,clipped/audio_event_clean/normal/20260901T155741Z-0df85415b97c4d70844c7d69-dg-7ef4e3096b6f-000153_ch4.wav,3DPrinter/test/section_00_test_000146.wav,502f98027037120b066573339d0aa1705163952c49810f0f04ca513dd7f5a23c,960044,302700000,303180000,01dcb96a24a4cfc216b1384b47c5b0ff580ba1f320086987a77f27999c34596f,0,0,2f1960a8006c7171636bf34056c8c328dbb5f63276920c493748d615e81dda42,saved_rule_based,0.53
section_00_test_000147,test,source,normal,A,20260901T155741Z-0df85415b97c4d70844c7d69,20260901T155741Z-0df85415b97c4d70844c7d69-dg-7ef4e3096b6f-000160,4,none,none,fast,normal-fast-3,right,normal,clipped/audio_event_clean/normal/20260901T155741Z-0df85415b97c4d70844c7d69-dg-7ef4e3096b6f-000160_ch4.wav,3DPrinter/test/section_00_test_000147.wav,6294fbe99eac352368b781f0ae5f25554d443f6a5fa0a9c947d9f59b0d1380a7,960044,306060000,306540000,01dcb96a24a4cfc216b1384b47c5b0ff580ba1f320086987a77f27999c34596f,0,0,2f1960a8006c7171636bf34056c8c328dbb5f63276920c493748d615e81dda42,saved_rule_based,0.53
section_00_test_000148,test,source,normal,A,20260901T155741Z-0df85415b97c4d70844c7d69,20260901T155741Z-0df85415b97c4d70844c7d69-dg-7ef4e3096b6f-000161,4,none,none,fast,normal-fast-3,right,normal,clipped/audio_event_clean/normal/20260901T155741Z-0df85415b97c4d70844c7d69-dg-7ef4e3096b6f-000161_ch4.wav,3DPrinter/test/section_00_test_000148.wav,ac38f7dce0403aa1466a3e4fb4294071d20eb2fa6bff48f56bc3d6872fb3fc9a,960044,306540000,307020000,01dcb96a24a4cfc216b1384b47c5b0ff580ba1f320086987a77f27999c34596f,0,0,2f1960a8006c7171636bf34056c8c328dbb5f63276920c493748d615e81dda42,saved_rule_based,0.53
section_00_test_000149,test,source,normal,A,20260901T155741Z-0df85415b97c4d70844c7d69,20260901T155741Z-0df85415b97c4d70844c7d69-dg-7ef4e3096b6f-000174,4,none,none,fast,normal-fast-3,right,normal,clipped/audio_event_clean/normal/20260901T155741Z-0df85415b97c4d70844c7d69-dg-7ef4e3096b6f-000174_ch4.wav,3DPrinter/test/section_00_test_000149.wav,e761160ebacbcf7bda16f37c5d75e68959860363034cd211b475f996cf1cedc5,960044,312780000,313260000,01dcb96a24a4cfc216b1384b47c5b0ff580ba1f320086987a77f27999c34596f,0,0,2f1960a8006c7171636bf34056c8c328dbb5f63276920c493748d615e81dda42,saved_rule_based,0.53
section_00_test_000150,test,source,normal,C,20260909T171541Z-f9bc216ede1adbf54cfdc857,20260909T171541Z-f9bc216ede1adbf54cfdc857-dg-78793475a9ff-000003,2,none,none,fast,normal-fast-3,left,normal,clipped/audio_event_clean/normal/20260909T171541Z-f9bc216ede1adbf54cfdc857-dg-78793475a9ff-000003_ch2.wav,3DPrinter/test/section_00_test_000150.wav,1cc95bffcde5703673be6cb1cad0245c3ac7a3d49bb860f120a3994f05732368,960044,8978044800,8978524800,880ac5f31549c25686a8991e8c9e26ec4c429e306e6b56c77105c0eb3e92d5ff,0,0,519a708a07e537b59da15ddd887be8a31606bc1f58e77de8e01aef4d5e0b31bb,saved_rule_based,1.67
section_00_test_000151,test,source,normal,C,20260909T171541Z-f9bc216ede1adbf54cfdc857,20260909T171541Z-f9bc216ede1adbf54cfdc857-dg-78793475a9ff-000004,2,none,none,fast,normal-fast-3,left,normal,clipped/audio_event_clean/normal/20260909T171541Z-f9bc216ede1adbf54cfdc857-dg-78793475a9ff-000004_ch2.wav,3DPrinter/test/section_00_test_000151.wav,3568454d8992969094fa085be888344e93ae616b0ce771ad35cc897fe1a20889,960044,8978524800,8979004800,880ac5f31549c25686a8991e8c9e26ec4c429e306e6b56c77105c0eb3e92d5ff,0,0,519a708a07e537b59da15ddd887be8a31606bc1f58e77de8e01aef4d5e0b31bb,saved_rule_based,1.67
section_00_test_000152,test,source,normal,C,20260909T171541Z-f9bc216ede1adbf54cfdc857,20260909T171541Z-f9bc216ede1adbf54cfdc857-dg-78793475a9ff-000018,2,none,none,fast,normal-fast-3,left,normal,clipped/audio_event_clean/normal/20260909T171541Z-f9bc216ede1adbf54cfdc857-dg-78793475a9ff-000018_ch2.wav,3DPrinter/test/section_00_test_000152.wav,26d56b23bc93882040b13ee83d4d1cd0258641c0767e59b1fd867614af7fb5a0,960044,8985244800,8985724800,880ac5f31549c25686a8991e8c9e26ec4c429e306e6b56c77105c0eb3e92d5ff,0,0,519a708a07e537b59da15ddd887be8a31606bc1f58e77de8e01aef4d5e0b31bb,saved_rule_based,1.67
section_00_test_000153,test,source,normal,C,20260909T171541Z-f9bc216ede1adbf54cfdc857,20260909T171541Z-f9bc216ede1adbf54cfdc857-dg-78793475a9ff-000021,2,none,none,fast,normal-fast-3,left,normal,clipped/audio_event_clean/normal/20260909T171541Z-f9bc216ede1adbf54cfdc857-dg-78793475a9ff-000021_ch2.wav,3DPrinter/test/section_00_test_000153.wav,f94fb2a3c48528f4163b5d590ae11553b568457c57aa0fa92123fb1b8c277bc6,960044,8986684800,8987164800,880ac5f31549c25686a8991e8c9e26ec4c429e306e6b56c77105c0eb3e92d5ff,0,0,519a708a07e537b59da15ddd887be8a31606bc1f58e77de8e01aef4d5e0b31bb,saved_rule_based,1.67
section_00_test_000154,test,source,normal,C,20260909T171541Z-f9bc216ede1adbf54cfdc857,20260909T171541Z-f9bc216ede1adbf54cfdc857-dg-78793475a9ff-000025,2,none,none,fast,normal-fast-3,left,normal,clipped/audio_event_clean/normal/20260909T171541Z-f9bc216ede1adbf54cfdc857-dg-78793475a9ff-000025_ch2.wav,3DPrinter/test/section_00_test_000154.wav,0d9ccd4d877f1d4e262167931bce6a8e2d5e09181e39b3137ea1b890cc897355,960044,8988604800,8989084800,880ac5f31549c25686a8991e8c9e26ec4c429e306e6b56c77105c0eb3e92d5ff,0,0,519a708a07e537b59da15ddd887be8a31606bc1f58e77de8e01aef4d5e0b31bb,saved_rule_based,1.67
section_00_test_000155,test,source,normal,C,20260909T171541Z-f9bc216ede1adbf54cfdc857,20260909T171541Z-f9bc216ede1adbf54cfdc857-dg-78793475a9ff-000027,2,none,none,fast,normal-fast-3,left,normal,clipped/audio_event_clean/normal/20260909T171541Z-f9bc216ede1adbf54cfdc857-dg-78793475a9ff-000027_ch2.wav,3DPrinter/test/section_00_test_000155.wav,320106adc642a859eb8cac48a71590c3422ef2cc4b9d3271b5a61e6bfabd3235,960044,8989564800,8990044800,880ac5f31549c25686a8991e8c9e26ec4c429e306e6b56c77105c0eb3e92d5ff,0,0,519a708a07e537b59da15ddd887be8a31606bc1f58e77de8e01aef4d5e0b31bb,saved_rule_based,1.67
section_00_test_000156,test,source,normal,C,20260909T171541Z-f9bc216ede1adbf54cfdc857,20260909T171541Z-f9bc216ede1adbf54cfdc857-dg-78793475a9ff-000033,2,none,none,fast,normal-fast-3,left,normal,clipped/audio_event_clean/normal/20260909T171541Z-f9bc216ede1adbf54cfdc857-dg-78793475a9ff-000033_ch2.wav,3DPrinter/test/section_00_test_000156.wav,9bbf8325ba7c8b8679da93040ea74feb9fa30d740781845c42b431381e4f40eb,960044,8992444800,8992924800,880ac5f31549c25686a8991e8c9e26ec4c429e306e6b56c77105c0eb3e92d5ff,0,0,519a708a07e537b59da15ddd887be8a31606bc1f58e77de8e01aef4d5e0b31bb,saved_rule_based,1.67
section_00_test_000157,test,source,normal,C,20260909T171541Z-f9bc216ede1adbf54cfdc857,20260909T171541Z-f9bc216ede1adbf54cfdc857-dg-78793475a9ff-000039,2,none,none,fast,normal-fast-3,left,normal,clipped/audio_event_clean/normal/20260909T171541Z-f9bc216ede1adbf54cfdc857-dg-78793475a9ff-000039_ch2.wav,3DPrinter/test/section_00_test_000157.wav,57370fac33b58b81c6e2d88bbcdd077e10a14c0f1336f13ecd9f88f51a8a0680,960044,8995324800,8995804800,880ac5f31549c25686a8991e8c9e26ec4c429e306e6b56c77105c0eb3e92d5ff,0,0,519a708a07e537b59da15ddd887be8a31606bc1f58e77de8e01aef4d5e0b31bb,saved_rule_based,1.67
section_00_test_000158,test,source,normal,C,20260909T171541Z-f9bc216ede1adbf54cfdc857,20260909T171541Z-f9bc216ede1adbf54cfdc857-dg-78793475a9ff-000050,2,none,none,fast,normal-fast-3,left,normal,clipped/audio_event_clean/normal/20260909T171541Z-f9bc216ede1adbf54cfdc857-dg-78793475a9ff-000050_ch2.wav,3DPrinter/test/section_00_test_000158.wav,2bbcdc8add79b44b7f4f49c5640e89c7621c2f36d7516121e1108437f282bcfe,960044,9000604800,9001084800,880ac5f31549c25686a8991e8c9e26ec4c429e306e6b56c77105c0eb3e92d5ff,0,0,519a708a07e537b59da15ddd887be8a31606bc1f58e77de8e01aef4d5e0b31bb,saved_rule_based,1.67
section_00_test_000159,test,source,normal,C,20260909T171541Z-f9bc216ede1adbf54cfdc857,20260909T171541Z-f9bc216ede1adbf54cfdc857-dg-78793475a9ff-000057,2,none,none,fast,normal-fast-3,left,normal,clipped/audio_event_clean/normal/20260909T171541Z-f9bc216ede1adbf54cfdc857-dg-78793475a9ff-000057_ch2.wav,3DPrinter/test/section_00_test_000159.wav,588541404ecd73e441dab4917b6862d919b3d6bb1ae772325a9d878497284e94,960044,9003964800,9004444800,880ac5f31549c25686a8991e8c9e26ec4c429e306e6b56c77105c0eb3e92d5ff,0,0,519a708a07e537b59da15ddd887be8a31606bc1f58e77de8e01aef4d5e0b31bb,saved_rule_based,1.67
section_00_test_000160,test,source,normal,C,20260909T171541Z-f9bc216ede1adbf54cfdc857,20260909T171541Z-f9bc216ede1adbf54cfdc857-dg-78793475a9ff-000065,2,none,none,fast,normal-fast-3,left,normal,clipped/audio_event_clean/normal/20260909T171541Z-f9bc216ede1adbf54cfdc857-dg-78793475a9ff-000065_ch2.wav,3DPrinter/test/section_00_test_000160.wav,b4266fe1662dc5ba200093f68542d3dcc894bb6f7169bd9362b69133ea9aa8e1,960044,9007804800,9008284800,880ac5f31549c25686a8991e8c9e26ec4c429e306e6b56c77105c0eb3e92d5ff,0,0,519a708a07e537b59da15ddd887be8a31606bc1f58e77de8e01aef4d5e0b31bb,saved_rule_based,1.67
section_00_test_000161,test,source,normal,C,20260909T171541Z-f9bc216ede1adbf54cfdc857,20260909T171541Z-f9bc216ede1adbf54cfdc857-dg-78793475a9ff-000068,2,none,none,fast,normal-fast-3,left,normal,clipped/audio_event_clean/normal/20260909T171541Z-f9bc216ede1adbf54cfdc857-dg-78793475a9ff-000068_ch2.wav,3DPrinter/test/section_00_test_000161.wav,639caca9c65d674138daaadc08a3d7e66ff244efd32ee13ef0f74c2c5673cd77,960044,9009244800,9009724800,880ac5f31549c25686a8991e8c9e26ec4c429e306e6b56c77105c0eb3e92d5ff,0,0,519a708a07e537b59da15ddd887be8a31606bc1f58e77de8e01aef4d5e0b31bb,saved_rule_based,1.67
section_00_test_000162,test,source,normal,C,20260909T171541Z-f9bc216ede1adbf54cfdc857,20260909T171541Z-f9bc216ede1adbf54cfdc857-dg-78793475a9ff-000082,2,none,none,fast,normal-fast-3,left,normal,clipped/audio_event_clean/normal/20260909T171541Z-f9bc216ede1adbf54cfdc857-dg-78793475a9ff-000082_ch2.wav,3DPrinter/test/section_00_test_000162.wav,02409c8d12fac7a49be1f4b92fe3b918a43819ca316179538460b768412bf816,960044,9015964800,9016444800,880ac5f31549c25686a8991e8c9e26ec4c429e306e6b56c77105c0eb3e92d5ff,0,0,519a708a07e537b59da15ddd887be8a31606bc1f58e77de8e01aef4d5e0b31bb,saved_rule_based,1.67
section_00_test_000163,test,source,normal,C,20260909T171541Z-f9bc216ede1adbf54cfdc857,20260909T171541Z-f9bc216ede1adbf54cfdc857-dg-78793475a9ff-000096,2,none,none,fast,normal-fast-3,left,normal,clipped/audio_event_clean/normal/20260909T171541Z-f9bc216ede1adbf54cfdc857-dg-78793475a9ff-000096_ch2.wav,3DPrinter/test/section_00_test_000163.wav,041c6183146a9f37d275de53551c13bfd66888f21eaa337248ffcfedb1db2fff,960044,9022684800,9023164800,880ac5f31549c25686a8991e8c9e26ec4c429e306e6b56c77105c0eb3e92d5ff,0,0,519a708a07e537b59da15ddd887be8a31606bc1f58e77de8e01aef4d5e0b31bb,saved_rule_based,1.67
section_00_test_000164,test,source,normal,C,20260909T171541Z-f9bc216ede1adbf54cfdc857,20260909T171541Z-f9bc216ede1adbf54cfdc857-dg-78793475a9ff-000100,2,none,none,fast,normal-fast-3,left,normal,clipped/audio_event_clean/normal/20260909T171541Z-f9bc216ede1adbf54cfdc857-dg-78793475a9ff-000100_ch2.wav,3DPrinter/test/section_00_test_000164.wav,3e72c2a30bb3f863fa97734db2c836bedec091d8fe265a6458477afd3ed1ac6f,960044,9024604800,9025084800,880ac5f31549c25686a8991e8c9e26ec4c429e306e6b56c77105c0eb3e92d5ff,0,0,519a708a07e537b59da15ddd887be8a31606bc1f58e77de8e01aef4d5e0b31bb,saved_rule_based,1.67
section_00_test_000165,test,source,normal,C,20260909T171541Z-f9bc216ede1adbf54cfdc857,20260909T171541Z-f9bc216ede1adbf54cfdc857-dg-78793475a9ff-000103,2,none,none,fast,normal-fast-3,left,normal,clipped/audio_event_clean/normal/20260909T171541Z-f9bc216ede1adbf54cfdc857-dg-78793475a9ff-000103_ch2.wav,3DPrinter/test/section_00_test_000165.wav,a10e133533090a79168bc029b7a57dda3dd75cd5a31f961c4b0efd0e73fa653a,960044,9026044800,9026524800,880ac5f31549c25686a8991e8c9e26ec4c429e306e6b56c77105c0eb3e92d5ff,0,0,519a708a07e537b59da15ddd887be8a31606bc1f58e77de8e01aef4d5e0b31bb,saved_rule_based,1.67
section_00_test_000166,test,source,normal,C,20260909T171541Z-f9bc216ede1adbf54cfdc857,20260909T171541Z-f9bc216ede1adbf54cfdc857-dg-78793475a9ff-000112,2,none,none,fast,normal-fast-3,left,normal,clipped/audio_event_clean/normal/20260909T171541Z-f9bc216ede1adbf54cfdc857-dg-78793475a9ff-000112_ch2.wav,3DPrinter/test/section_00_test_000166.wav,4ad52ba72670c9578ee505b0fcb439bf4e53f954f687e8b9917c23813e7e0516,960044,9030364800,9030844800,880ac5f31549c25686a8991e8c9e26ec4c429e306e6b56c77105c0eb3e92d5ff,0,0,519a708a07e537b59da15ddd887be8a31606bc1f58e77de8e01aef4d5e0b31bb,saved_rule_based,1.67
section_00_test_000167,test,source,normal,C,20260909T171541Z-f9bc216ede1adbf54cfdc857,20260909T171541Z-f9bc216ede1adbf54cfdc857-dg-78793475a9ff-000117,2,none,none,fast,normal-fast-3,left,normal,clipped/audio_event_clean/normal/20260909T171541Z-f9bc216ede1adbf54cfdc857-dg-78793475a9ff-000117_ch2.wav,3DPrinter/test/section_00_test_000167.wav,e7dc29b9e801152f00dd13f7cec50e3e67c5ef94eef872e40f81ff89a30f3844,960044,9032764800,9033244800,880ac5f31549c25686a8991e8c9e26ec4c429e306e6b56c77105c0eb3e92d5ff,0,0,519a708a07e537b59da15ddd887be8a31606bc1f58e77de8e01aef4d5e0b31bb,saved_rule_based,1.67
section_00_test_000168,test,source,normal,C,20260909T171541Z-f9bc216ede1adbf54cfdc857,20260909T171541Z-f9bc216ede1adbf54cfdc857-dg-78793475a9ff-000120,2,none,none,fast,normal-fast-3,left,normal,clipped/audio_event_clean/normal/20260909T171541Z-f9bc216ede1adbf54cfdc857-dg-78793475a9ff-000120_ch2.wav,3DPrinter/test/section_00_test_000168.wav,d011675df419d6726fd7d5eda77d8ca6ce8d5333f971d111206655dbc74074a0,960044,9034204800,9034684800,880ac5f31549c25686a8991e8c9e26ec4c429e306e6b56c77105c0eb3e92d5ff,0,0,519a708a07e537b59da15ddd887be8a31606bc1f58e77de8e01aef4d5e0b31bb,saved_rule_based,1.67
section_00_test_000169,test,source,normal,C,20260909T171541Z-f9bc216ede1adbf54cfdc857,20260909T171541Z-f9bc216ede1adbf54cfdc857-dg-78793475a9ff-000133,2,none,none,fast,normal-fast-3,left,normal,clipped/audio_event_clean/normal/20260909T171541Z-f9bc216ede1adbf54cfdc857-dg-78793475a9ff-000133_ch2.wav,3DPrinter/test/section_00_test_000169.wav,47abf00bda8238de5ba81faf137e805be9fa8ceeeef8a10b9987324a52f7852f,960044,9040444800,9040924800,880ac5f31549c25686a8991e8c9e26ec4c429e306e6b56c77105c0eb3e92d5ff,0,0,519a708a07e537b59da15ddd887be8a31606bc1f58e77de8e01aef4d5e0b31bb,saved_rule_based,1.67
section_00_test_000170,test,source,normal,C,20260909T171541Z-f9bc216ede1adbf54cfdc857,20260909T171541Z-f9bc216ede1adbf54cfdc857-dg-78793475a9ff-000136,2,none,none,fast,normal-fast-3,left,normal,clipped/audio_event_clean/normal/20260909T171541Z-f9bc216ede1adbf54cfdc857-dg-78793475a9ff-000136_ch2.wav,3DPrinter/test/section_00_test_000170.wav,611934c37be5e2f2dea0b25d871237700a98f065e249f7c97e4237577e8737a6,960044,9041884800,9042364800,880ac5f31549c25686a8991e8c9e26ec4c429e306e6b56c77105c0eb3e92d5ff,0,0,519a708a07e537b59da15ddd887be8a31606bc1f58e77de8e01aef4d5e0b31bb,saved_rule_based,1.67
section_00_test_000171,test,source,normal,C,20260909T171541Z-f9bc216ede1adbf54cfdc857,20260909T171541Z-f9bc216ede1adbf54cfdc857-dg-78793475a9ff-000137,2,none,none,fast,normal-fast-3,left,normal,clipped/audio_event_clean/normal/20260909T171541Z-f9bc216ede1adbf54cfdc857-dg-78793475a9ff-000137_ch2.wav,3DPrinter/test/section_00_test_000171.wav,8915eacec16fbdd9dc27371024e8e862edcfece4caf4ed4bbca8a11f10a74edc,960044,9042364800,9042844800,880ac5f31549c25686a8991e8c9e26ec4c429e306e6b56c77105c0eb3e92d5ff,0,0,519a708a07e537b59da15ddd887be8a31606bc1f58e77de8e01aef4d5e0b31bb,saved_rule_based,1.67
section_00_test_000172,test,source,normal,C,20260909T171541Z-f9bc216ede1adbf54cfdc857,20260909T171541Z-f9bc216ede1adbf54cfdc857-dg-78793475a9ff-000138,2,none,none,fast,normal-fast-3,left,normal,clipped/audio_event_clean/normal/20260909T171541Z-f9bc216ede1adbf54cfdc857-dg-78793475a9ff-000138_ch2.wav,3DPrinter/test/section_00_test_000172.wav,d080c0fa221d9d90f1c6ef39a831dcfab8e519041e0c35371261638dfb79bb4d,960044,9042844800,9043324800,880ac5f31549c25686a8991e8c9e26ec4c429e306e6b56c77105c0eb3e92d5ff,0,0,519a708a07e537b59da15ddd887be8a31606bc1f58e77de8e01aef4d5e0b31bb,saved_rule_based,1.67
section_00_test_000173,test,source,normal,C,20260909T171541Z-f9bc216ede1adbf54cfdc857,20260909T171541Z-f9bc216ede1adbf54cfdc857-dg-78793475a9ff-000139,2,none,none,fast,normal-fast-3,left,normal,clipped/audio_event_clean/normal/20260909T171541Z-f9bc216ede1adbf54cfdc857-dg-78793475a9ff-000139_ch2.wav,3DPrinter/test/section_00_test_000173.wav,6993d41293f605c207414b09ecb2a1b84b36012668c0b3018f0c3701b0055dd7,960044,9043324800,9043804800,880ac5f31549c25686a8991e8c9e26ec4c429e306e6b56c77105c0eb3e92d5ff,0,0,519a708a07e537b59da15ddd887be8a31606bc1f58e77de8e01aef4d5e0b31bb,saved_rule_based,1.67
section_00_test_000174,test,source,normal,C,20260909T171541Z-f9bc216ede1adbf54cfdc857,20260909T171541Z-f9bc216ede1adbf54cfdc857-dg-78793475a9ff-000154,2,none,none,fast,normal-fast-3,left,normal,clipped/audio_event_clean/normal/20260909T171541Z-f9bc216ede1adbf54cfdc857-dg-78793475a9ff-000154_ch2.wav,3DPrinter/test/section_00_test_000174.wav,ac54513162eec1cffc5dbcaa27d3afe786e5c84fcbd6cc46d8214e1e02555e54,960044,9050524800,9051004800,880ac5f31549c25686a8991e8c9e26ec4c429e306e6b56c77105c0eb3e92d5ff,0,0,519a708a07e537b59da15ddd887be8a31606bc1f58e77de8e01aef4d5e0b31bb,saved_rule_based,1.67
section_00_test_000175,test,source,normal,C,20260909T171541Z-f9bc216ede1adbf54cfdc857,20260909T171541Z-f9bc216ede1adbf54cfdc857-dg-78793475a9ff-000007,4,none,none,fast,normal-fast-3,right,normal,clipped/audio_event_clean/normal/20260909T171541Z-f9bc216ede1adbf54cfdc857-dg-78793475a9ff-000007_ch4.wav,3DPrinter/test/section_00_test_000175.wav,3ff8b1250c487be62a99f060bdc49e8fbe7a925202ab90cb225ede4dac51c516,960044,8979964800,8980444800,880ac5f31549c25686a8991e8c9e26ec4c429e306e6b56c77105c0eb3e92d5ff,0,0,519a708a07e537b59da15ddd887be8a31606bc1f58e77de8e01aef4d5e0b31bb,saved_rule_based,1.67
section_00_test_000176,test,source,normal,C,20260909T171541Z-f9bc216ede1adbf54cfdc857,20260909T171541Z-f9bc216ede1adbf54cfdc857-dg-78793475a9ff-000014,4,none,none,fast,normal-fast-3,right,normal,clipped/audio_event_clean/normal/20260909T171541Z-f9bc216ede1adbf54cfdc857-dg-78793475a9ff-000014_ch4.wav,3DPrinter/test/section_00_test_000176.wav,395d8008d3d20a81d2c7fb39fbdc43acb67031725736279623056ad7994b16ac,960044,8983324800,8983804800,880ac5f31549c25686a8991e8c9e26ec4c429e306e6b56c77105c0eb3e92d5ff,0,0,519a708a07e537b59da15ddd887be8a31606bc1f58e77de8e01aef4d5e0b31bb,saved_rule_based,1.67
section_00_test_000177,test,source,normal,C,20260909T171541Z-f9bc216ede1adbf54cfdc857,20260909T171541Z-f9bc216ede1adbf54cfdc857-dg-78793475a9ff-000015,4,none,none,fast,normal-fast-3,right,normal,clipped/audio_event_clean/normal/20260909T171541Z-f9bc216ede1adbf54cfdc857-dg-78793475a9ff-000015_ch4.wav,3DPrinter/test/section_00_test_000177.wav,1372879daa41b6c621d37b06ac8cdbabc1b0c71836d6f557055082543cb1668b,960044,8983804800,8984284800,880ac5f31549c25686a8991e8c9e26ec4c429e306e6b56c77105c0eb3e92d5ff,0,0,519a708a07e537b59da15ddd887be8a31606bc1f58e77de8e01aef4d5e0b31bb,saved_rule_based,1.67
section_00_test_000178,test,source,normal,C,20260909T171541Z-f9bc216ede1adbf54cfdc857,20260909T171541Z-f9bc216ede1adbf54cfdc857-dg-78793475a9ff-000043,4,none,none,fast,normal-fast-3,right,normal,clipped/audio_event_clean/normal/20260909T171541Z-f9bc216ede1adbf54cfdc857-dg-78793475a9ff-000043_ch4.wav,3DPrinter/test/section_00_test_000178.wav,61941780d293fc6e18d554f53dab7752af68b5bc21e13b34f6c5212c6fecd0d8,960044,8997244800,8997724800,880ac5f31549c25686a8991e8c9e26ec4c429e306e6b56c77105c0eb3e92d5ff,0,0,519a708a07e537b59da15ddd887be8a31606bc1f58e77de8e01aef4d5e0b31bb,saved_rule_based,1.67
section_00_test_000179,test,source,normal,C,20260909T171541Z-f9bc216ede1adbf54cfdc857,20260909T171541Z-f9bc216ede1adbf54cfdc857-dg-78793475a9ff-000056,4,none,none,fast,normal-fast-3,right,normal,clipped/audio_event_clean/normal/20260909T171541Z-f9bc216ede1adbf54cfdc857-dg-78793475a9ff-000056_ch4.wav,3DPrinter/test/section_00_test_000179.wav,a0f5bdf1f4edb954aa27429ce697e26744b38bf1495dbac884459d6e50f4030e,960044,9003484800,9003964800,880ac5f31549c25686a8991e8c9e26ec4c429e306e6b56c77105c0eb3e92d5ff,0,0,519a708a07e537b59da15ddd887be8a31606bc1f58e77de8e01aef4d5e0b31bb,saved_rule_based,1.67
section_00_test_000180,test,source,normal,C,20260909T171541Z-f9bc216ede1adbf54cfdc857,20260909T171541Z-f9bc216ede1adbf54cfdc857-dg-78793475a9ff-000060,4,none,none,fast,normal-fast-3,right,normal,clipped/audio_event_clean/normal/20260909T171541Z-f9bc216ede1adbf54cfdc857-dg-78793475a9ff-000060_ch4.wav,3DPrinter/test/section_00_test_000180.wav,6455b0a5255ef341c57dba241a060e5d23fda971dec8aee35733de95e6bd1596,960044,9005404800,9005884800,880ac5f31549c25686a8991e8c9e26ec4c429e306e6b56c77105c0eb3e92d5ff,0,0,519a708a07e537b59da15ddd887be8a31606bc1f58e77de8e01aef4d5e0b31bb,saved_rule_based,1.67
section_00_test_000181,test,source,normal,C,20260909T171541Z-f9bc216ede1adbf54cfdc857,20260909T171541Z-f9bc216ede1adbf54cfdc857-dg-78793475a9ff-000066,4,none,none,fast,normal-fast-3,right,normal,clipped/audio_event_clean/normal/20260909T171541Z-f9bc216ede1adbf54cfdc857-dg-78793475a9ff-000066_ch4.wav,3DPrinter/test/section_00_test_000181.wav,2b14429f733f564d547d5380326faf9b714dc015a990b3ad43aafdb1c9290941,960044,9008284800,9008764800,880ac5f31549c25686a8991e8c9e26ec4c429e306e6b56c77105c0eb3e92d5ff,0,0,519a708a07e537b59da15ddd887be8a31606bc1f58e77de8e01aef4d5e0b31bb,saved_rule_based,1.67
section_00_test_000182,test,source,normal,C,20260909T171541Z-f9bc216ede1adbf54cfdc857,20260909T171541Z-f9bc216ede1adbf54cfdc857-dg-78793475a9ff-000074,4,none,none,fast,normal-fast-3,right,normal,clipped/audio_event_clean/normal/20260909T171541Z-f9bc216ede1adbf54cfdc857-dg-78793475a9ff-000074_ch4.wav,3DPrinter/test/section_00_test_000182.wav,613c1e4f472c2c789a4d4c6911b40bc222038a7b20f2ee99b3e842df13551165,960044,9012124800,9012604800,880ac5f31549c25686a8991e8c9e26ec4c429e306e6b56c77105c0eb3e92d5ff,0,0,519a708a07e537b59da15ddd887be8a31606bc1f58e77de8e01aef4d5e0b31bb,saved_rule_based,1.67
section_00_test_000183,test,source,normal,C,20260909T171541Z-f9bc216ede1adbf54cfdc857,20260909T171541Z-f9bc216ede1adbf54cfdc857-dg-78793475a9ff-000079,4,none,none,fast,normal-fast-3,right,normal,clipped/audio_event_clean/normal/20260909T171541Z-f9bc216ede1adbf54cfdc857-dg-78793475a9ff-000079_ch4.wav,3DPrinter/test/section_00_test_000183.wav,d1c48b4ee4e002499893390f2583098e59b5466b44e8924e0bcbe30d7e409ded,960044,9014524800,9015004800,880ac5f31549c25686a8991e8c9e26ec4c429e306e6b56c77105c0eb3e92d5ff,0,0,519a708a07e537b59da15ddd887be8a31606bc1f58e77de8e01aef4d5e0b31bb,saved_rule_based,1.67
section_00_test_000184,test,source,normal,C,20260909T171541Z-f9bc216ede1adbf54cfdc857,20260909T171541Z-f9bc216ede1adbf54cfdc857-dg-78793475a9ff-000084,4,none,none,fast,normal-fast-3,right,normal,clipped/audio_event_clean/normal/20260909T171541Z-f9bc216ede1adbf54cfdc857-dg-78793475a9ff-000084_ch4.wav,3DPrinter/test/section_00_test_000184.wav,4105e51f501f9fc584be2dbf9aba3aefb8f21cab6887db6a31992b3bd25598fc,960044,9016924800,9017404800,880ac5f31549c25686a8991e8c9e26ec4c429e306e6b56c77105c0eb3e92d5ff,0,0,519a708a07e537b59da15ddd887be8a31606bc1f58e77de8e01aef4d5e0b31bb,saved_rule_based,1.67
section_00_test_000185,test,source,normal,C,20260909T171541Z-f9bc216ede1adbf54cfdc857,20260909T171541Z-f9bc216ede1adbf54cfdc857-dg-78793475a9ff-000088,4,none,none,fast,normal-fast-3,right,normal,clipped/audio_event_clean/normal/20260909T171541Z-f9bc216ede1adbf54cfdc857-dg-78793475a9ff-000088_ch4.wav,3DPrinter/test/section_00_test_000185.wav,d1854acc2dafc6c1d16747a801b78a5e36b567aad06d629a489f9d5efe816c80,960044,9018844800,9019324800,880ac5f31549c25686a8991e8c9e26ec4c429e306e6b56c77105c0eb3e92d5ff,0,0,519a708a07e537b59da15ddd887be8a31606bc1f58e77de8e01aef4d5e0b31bb,saved_rule_based,1.67
section_00_test_000186,test,source,normal,C,20260909T171541Z-f9bc216ede1adbf54cfdc857,20260909T171541Z-f9bc216ede1adbf54cfdc857-dg-78793475a9ff-000090,4,none,none,fast,normal-fast-3,right,normal,clipped/audio_event_clean/normal/20260909T171541Z-f9bc216ede1adbf54cfdc857-dg-78793475a9ff-000090_ch4.wav,3DPrinter/test/section_00_test_000186.wav,f0498fed7090fb7be1d9bf97f37de0aabc7d4050554bf50c44744b0d73aebfa0,960044,9019804800,9020284800,880ac5f31549c25686a8991e8c9e26ec4c429e306e6b56c77105c0eb3e92d5ff,0,0,519a708a07e537b59da15ddd887be8a31606bc1f58e77de8e01aef4d5e0b31bb,saved_rule_based,1.67
section_00_test_000187,test,source,normal,C,20260909T171541Z-f9bc216ede1adbf54cfdc857,20260909T171541Z-f9bc216ede1adbf54cfdc857-dg-78793475a9ff-000097,4,none,none,fast,normal-fast-3,right,normal,clipped/audio_event_clean/normal/20260909T171541Z-f9bc216ede1adbf54cfdc857-dg-78793475a9ff-000097_ch4.wav,3DPrinter/test/section_00_test_000187.wav,2698896eee1274369be1b783fd42c26cc98572b06d055be19ed62061d7901542,960044,9023164800,9023644800,880ac5f31549c25686a8991e8c9e26ec4c429e306e6b56c77105c0eb3e92d5ff,0,0,519a708a07e537b59da15ddd887be8a31606bc1f58e77de8e01aef4d5e0b31bb,saved_rule_based,1.67
section_00_test_000188,test,source,normal,C,20260909T171541Z-f9bc216ede1adbf54cfdc857,20260909T171541Z-f9bc216ede1adbf54cfdc857-dg-78793475a9ff-000098,4,none,none,fast,normal-fast-3,right,normal,clipped/audio_event_clean/normal/20260909T171541Z-f9bc216ede1adbf54cfdc857-dg-78793475a9ff-000098_ch4.wav,3DPrinter/test/section_00_test_000188.wav,5bace4e141bdaa2952ff330718b2385353d90f2776fca0f67dcdf8e9597fc2e0,960044,9023644800,9024124800,880ac5f31549c25686a8991e8c9e26ec4c429e306e6b56c77105c0eb3e92d5ff,0,0,519a708a07e537b59da15ddd887be8a31606bc1f58e77de8e01aef4d5e0b31bb,saved_rule_based,1.67
section_00_test_000189,test,source,normal,C,20260909T171541Z-f9bc216ede1adbf54cfdc857,20260909T171541Z-f9bc216ede1adbf54cfdc857-dg-78793475a9ff-000106,4,none,none,fast,normal-fast-3,right,normal,clipped/audio_event_clean/normal/20260909T171541Z-f9bc216ede1adbf54cfdc857-dg-78793475a9ff-000106_ch4.wav,3DPrinter/test/section_00_test_000189.wav,f2324ead7e528aa15a41fb8997d4391e5e9cc9d696360011c0fe1b15e5e16ebe,960044,9027484800,9027964800,880ac5f31549c25686a8991e8c9e26ec4c429e306e6b56c77105c0eb3e92d5ff,0,0,519a708a07e537b59da15ddd887be8a31606bc1f58e77de8e01aef4d5e0b31bb,saved_rule_based,1.67
section_00_test_000190,test,source,normal,C,20260909T171541Z-f9bc216ede1adbf54cfdc857,20260909T171541Z-f9bc216ede1adbf54cfdc857-dg-78793475a9ff-000109,4,none,none,fast,normal-fast-3,right,normal,clipped/audio_event_clean/normal/20260909T171541Z-f9bc216ede1adbf54cfdc857-dg-78793475a9ff-000109_ch4.wav,3DPrinter/test/section_00_test_000190.wav,0b2c738bece1fa2acd5a439a2504d115ff516fd65d313cb366f42caed2f84268,960044,9028924800,9029404800,880ac5f31549c25686a8991e8c9e26ec4c429e306e6b56c77105c0eb3e92d5ff,0,0,519a708a07e537b59da15ddd887be8a31606bc1f58e77de8e01aef4d5e0b31bb,saved_rule_based,1.67
section_00_test_000191,test,source,normal,C,20260909T171541Z-f9bc216ede1adbf54cfdc857,20260909T171541Z-f9bc216ede1adbf54cfdc857-dg-78793475a9ff-000113,4,none,none,fast,normal-fast-3,right,normal,clipped/audio_event_clean/normal/20260909T171541Z-f9bc216ede1adbf54cfdc857-dg-78793475a9ff-000113_ch4.wav,3DPrinter/test/section_00_test_000191.wav,9ff191487f3c50885cfb3955f4ec432ec6181b4e94c60465615991462dcc2cfb,960044,9030844800,9031324800,880ac5f31549c25686a8991e8c9e26ec4c429e306e6b56c77105c0eb3e92d5ff,0,0,519a708a07e537b59da15ddd887be8a31606bc1f58e77de8e01aef4d5e0b31bb,saved_rule_based,1.67
section_00_test_000192,test,source,normal,C,20260909T171541Z-f9bc216ede1adbf54cfdc857,20260909T171541Z-f9bc216ede1adbf54cfdc857-dg-78793475a9ff-000121,4,none,none,fast,normal-fast-3,right,normal,clipped/audio_event_clean/normal/20260909T171541Z-f9bc216ede1adbf54cfdc857-dg-78793475a9ff-000121_ch4.wav,3DPrinter/test/section_00_test_000192.wav,332868e2fb7f782c6745ea5a78cc95ae4a1742b6dc241501b562cda2549992e8,960044,9034684800,9035164800,880ac5f31549c25686a8991e8c9e26ec4c429e306e6b56c77105c0eb3e92d5ff,0,0,519a708a07e537b59da15ddd887be8a31606bc1f58e77de8e01aef4d5e0b31bb,saved_rule_based,1.67
section_00_test_000193,test,source,normal,C,20260909T171541Z-f9bc216ede1adbf54cfdc857,20260909T171541Z-f9bc216ede1adbf54cfdc857-dg-78793475a9ff-000125,4,none,none,fast,normal-fast-3,right,normal,clipped/audio_event_clean/normal/20260909T171541Z-f9bc216ede1adbf54cfdc857-dg-78793475a9ff-000125_ch4.wav,3DPrinter/test/section_00_test_000193.wav,a8613340495e26455ea7cdb0eb2f236001d7f2d5038ee19b6a33e937bfba099a,960044,9036604800,9037084800,880ac5f31549c25686a8991e8c9e26ec4c429e306e6b56c77105c0eb3e92d5ff,0,0,519a708a07e537b59da15ddd887be8a31606bc1f58e77de8e01aef4d5e0b31bb,saved_rule_based,1.67
section_00_test_000194,test,source,normal,C,20260909T171541Z-f9bc216ede1adbf54cfdc857,20260909T171541Z-f9bc216ede1adbf54cfdc857-dg-78793475a9ff-000128,4,none,none,fast,normal-fast-3,right,normal,clipped/audio_event_clean/normal/20260909T171541Z-f9bc216ede1adbf54cfdc857-dg-78793475a9ff-000128_ch4.wav,3DPrinter/test/section_00_test_000194.wav,ecc7d0f6c835ad279c06e2e53f52dcc09bb42881e696cd50a0cf42909377cb25,960044,9038044800,9038524800,880ac5f31549c25686a8991e8c9e26ec4c429e306e6b56c77105c0eb3e92d5ff,0,0,519a708a07e537b59da15ddd887be8a31606bc1f58e77de8e01aef4d5e0b31bb,saved_rule_based,1.67
section_00_test_000195,test,source,normal,C,20260909T171541Z-f9bc216ede1adbf54cfdc857,20260909T171541Z-f9bc216ede1adbf54cfdc857-dg-78793475a9ff-000131,4,none,none,fast,normal-fast-3,right,normal,clipped/audio_event_clean/normal/20260909T171541Z-f9bc216ede1adbf54cfdc857-dg-78793475a9ff-000131_ch4.wav,3DPrinter/test/section_00_test_000195.wav,eb58ffd5196e05806dbda998ac844b563c041bdee767fa910ec31a237db8c013,960044,9039484800,9039964800,880ac5f31549c25686a8991e8c9e26ec4c429e306e6b56c77105c0eb3e92d5ff,0,0,519a708a07e537b59da15ddd887be8a31606bc1f58e77de8e01aef4d5e0b31bb,saved_rule_based,1.67
section_00_test_000196,test,source,normal,C,20260909T171541Z-f9bc216ede1adbf54cfdc857,20260909T171541Z-f9bc216ede1adbf54cfdc857-dg-78793475a9ff-000144,4,none,none,fast,normal-fast-3,right,normal,clipped/audio_event_clean/normal/20260909T171541Z-f9bc216ede1adbf54cfdc857-dg-78793475a9ff-000144_ch4.wav,3DPrinter/test/section_00_test_000196.wav,187a5deb12d2522b30867956a001f11ac78218b70ad5a38433da36c9351b58b3,960044,9045724800,9046204800,880ac5f31549c25686a8991e8c9e26ec4c429e306e6b56c77105c0eb3e92d5ff,0,0,519a708a07e537b59da15ddd887be8a31606bc1f58e77de8e01aef4d5e0b31bb,saved_rule_based,1.67
section_00_test_000197,test,source,normal,C,20260909T171541Z-f9bc216ede1adbf54cfdc857,20260909T171541Z-f9bc216ede1adbf54cfdc857-dg-78793475a9ff-000146,4,none,none,fast,normal-fast-3,right,normal,clipped/audio_event_clean/normal/20260909T171541Z-f9bc216ede1adbf54cfdc857-dg-78793475a9ff-000146_ch4.wav,3DPrinter/test/section_00_test_000197.wav,c1b1405b19218422edb29160ce83483e8c93c4f815b662eef1a6d1aea6615521,960044,9046684800,9047164800,880ac5f31549c25686a8991e8c9e26ec4c429e306e6b56c77105c0eb3e92d5ff,0,0,519a708a07e537b59da15ddd887be8a31606bc1f58e77de8e01aef4d5e0b31bb,saved_rule_based,1.67
section_00_test_000198,test,source,normal,C,20260909T171541Z-f9bc216ede1adbf54cfdc857,20260909T171541Z-f9bc216ede1adbf54cfdc857-dg-78793475a9ff-000150,4,none,none,fast,normal-fast-3,right,normal,clipped/audio_event_clean/normal/20260909T171541Z-f9bc216ede1adbf54cfdc857-dg-78793475a9ff-000150_ch4.wav,3DPrinter/test/section_00_test_000198.wav,829e839a68758cd902ef812017f93eb3300d52b243b330f559043e85b65e2357,960044,9048604800,9049084800,880ac5f31549c25686a8991e8c9e26ec4c429e306e6b56c77105c0eb3e92d5ff,0,0,519a708a07e537b59da15ddd887be8a31606bc1f58e77de8e01aef4d5e0b31bb,saved_rule_based,1.67
section_00_test_000199,test,source,normal,C,20260909T171541Z-f9bc216ede1adbf54cfdc857,20260909T171541Z-f9bc216ede1adbf54cfdc857-dg-78793475a9ff-000151,4,none,none,fast,normal-fast-3,right,normal,clipped/audio_event_clean/normal/20260909T171541Z-f9bc216ede1adbf54cfdc857-dg-78793475a9ff-000151_ch4.wav,3DPrinter/test/section_00_test_000199.wav,a24306514bc9d90ccd3a264c1ea904e158417af7f4910db0be02f34fc00662af,960044,9049084800,9049564800,880ac5f31549c25686a8991e8c9e26ec4c429e306e6b56c77105c0eb3e92d5ff,0,0,519a708a07e537b59da15ddd887be8a31606bc1f58e77de8e01aef4d5e0b31bb,saved_rule_based,1.67
section_00_test_000200,test,target,anomaly,B,20260905T050107Z-563e5602acd70612935e3840,20260905T050107Z-563e5602acd70612935e3840-dg-d53fa15b5842-000067,1,belt_tension_abnormal,belt_b,slow,belt-b-low-v1-slow,rear,soft-anomaly,clipped/audio_event_clean/anomaly/20260905T050107Z-563e5602acd70612935e3840-dg-d53fa15b5842-000067_ch1.wav,3DPrinter/test/section_00_test_000200.wav,4c3e459b19723ff20bbcb7a793d8dac9ce2c2658406a359038a5a9a4840d3029,960044,2497984800,2498464800,8668aa0bfb3d6867cca43d22dae55085000d4bdbe2635e63e9dd69323e2c09a3,10.0,1.0,a26a9ffe4e7a0b59045eb8f7f1313cd165b9ca438023de304162e35158cd3f27,saved_rule_based,1.69
section_00_test_000201,test,target,anomaly,B,20260905T050107Z-563e5602acd70612935e3840,20260905T050107Z-563e5602acd70612935e3840-dg-d53fa15b5842-000183,1,belt_tension_abnormal,belt_b,slow,belt-b-low-v1-slow,rear,soft-anomaly,clipped/audio_event_clean/anomaly/20260905T050107Z-563e5602acd70612935e3840-dg-d53fa15b5842-000183_ch1.wav,3DPrinter/test/section_00_test_000201.wav,c0833b1405b9c1718de85e40ce9a3701b7e2a2200b3afcfad417aa0a4c0ba89f,960044,2553664800,2554144800,8668aa0bfb3d6867cca43d22dae55085000d4bdbe2635e63e9dd69323e2c09a3,10.0,1.0,a26a9ffe4e7a0b59045eb8f7f1313cd165b9ca438023de304162e35158cd3f27,saved_rule_based,1.69
section_00_test_000202,test,target,anomaly,B,20260905T050107Z-563e5602acd70612935e3840,20260905T050107Z-563e5602acd70612935e3840-dg-d53fa15b5842-000187,1,belt_tension_abnormal,belt_b,slow,belt-b-low-v1-slow,rear,soft-anomaly,clipped/audio_event_clean/anomaly/20260905T050107Z-563e5602acd70612935e3840-dg-d53fa15b5842-000187_ch1.wav,3DPrinter/test/section_00_test_000202.wav,29063671e6280efa2b61aac8c1c8bcd29e73e638a29e4b99d8081a5edcb189d8,960044,2555584800,2556064800,8668aa0bfb3d6867cca43d22dae55085000d4bdbe2635e63e9dd69323e2c09a3,10.0,1.0,a26a9ffe4e7a0b59045eb8f7f1313cd165b9ca438023de304162e35158cd3f27,saved_rule_based,1.69
section_00_test_000203,test,target,anomaly,B,20260905T050107Z-563e5602acd70612935e3840,20260905T050107Z-563e5602acd70612935e3840-dg-d53fa15b5842-000231,1,belt_tension_abnormal,belt_b,slow,belt-b-low-v1-slow,rear,soft-anomaly,clipped/audio_event_clean/anomaly/20260905T050107Z-563e5602acd70612935e3840-dg-d53fa15b5842-000231_ch1.wav,3DPrinter/test/section_00_test_000203.wav,fca3498f5dec4ca82ac5858c0e1e82cb0fee11078a3c9c89b365412fa5fd20e2,960044,2576704800,2577184800,8668aa0bfb3d6867cca43d22dae55085000d4bdbe2635e63e9dd69323e2c09a3,10.0,1.0,a26a9ffe4e7a0b59045eb8f7f1313cd165b9ca438023de304162e35158cd3f27,saved_rule_based,1.69
section_00_test_000204,test,target,anomaly,B,20260905T065117Z-ff4c5a98a32203bfe9f91cab,20260905T065117Z-ff4c5a98a32203bfe9f91cab-dg-83942617f0a8-000004,1,belt_tension_abnormal,belt_a_b,slow,belt-ab-low-v1-slow,rear,soft-anomaly,clipped/audio_event_clean/anomaly/20260905T065117Z-ff4c5a98a32203bfe9f91cab-dg-83942617f0a8-000004_ch1.wav,3DPrinter/test/section_00_test_000204.wav,8c30191396744cbd4b3aa5b9eda7926622f369d690c77991244985c58fd35f7f,960044,2785032000,2785512000,92de93e0cbea87c2f48d37c5741755f781726b98528c47ada12d4bd51bbccff6,10.0,1.0,d2262272fd8b566f5255c759d9b8842f189ef0913408fc9e392ff2be6ee50e06,saved_rule_based,1.63
section_00_test_000205,test,target,anomaly,B,20260905T065117Z-ff4c5a98a32203bfe9f91cab,20260905T065117Z-ff4c5a98a32203bfe9f91cab-dg-83942617f0a8-000051,1,belt_tension_abnormal,belt_a_b,slow,belt-ab-low-v1-slow,rear,soft-anomaly,clipped/audio_event_clean/anomaly/20260905T065117Z-ff4c5a98a32203bfe9f91cab-dg-83942617f0a8-000051_ch1.wav,3DPrinter/test/section_00_test_000205.wav,f7becd84fa74757838846c4220618b4d31c08bacd61f7e2510e27f4b12dcb3da,960044,2807592000,2808072000,92de93e0cbea87c2f48d37c5741755f781726b98528c47ada12d4bd51bbccff6,6.8,0.68,d2262272fd8b566f5255c759d9b8842f189ef0913408fc9e392ff2be6ee50e06,saved_rule_based,1.63
section_00_test_000206,test,target,anomaly,B,20260905T065117Z-ff4c5a98a32203bfe9f91cab,20260905T065117Z-ff4c5a98a32203bfe9f91cab-dg-83942617f0a8-000218,1,belt_tension_abnormal,belt_a_b,slow,belt-ab-low-v1-slow,rear,soft-anomaly,clipped/audio_event_clean/anomaly/20260905T065117Z-ff4c5a98a32203bfe9f91cab-dg-83942617f0a8-000218_ch1.wav,3DPrinter/test/section_00_test_000206.wav,765ba04f30f4084f2d26412128c1647a206f8e07ba65ea224643fdef271c0414,960044,2887752000,2888232000,92de93e0cbea87c2f48d37c5741755f781726b98528c47ada12d4bd51bbccff6,10.0,1.0,d2262272fd8b566f5255c759d9b8842f189ef0913408fc9e392ff2be6ee50e06,saved_rule_based,1.63
section_00_test_000207,test,target,anomaly,B,20260905T065117Z-ff4c5a98a32203bfe9f91cab,20260905T065117Z-ff4c5a98a32203bfe9f91cab-dg-83942617f0a8-000291,1,belt_tension_abnormal,belt_a_b,slow,belt-ab-low-v1-slow,rear,soft-anomaly,clipped/audio_event_clean/anomaly/20260905T065117Z-ff4c5a98a32203bfe9f91cab-dg-83942617f0a8-000291_ch1.wav,3DPrinter/test/section_00_test_000207.wav,39ad47b13d28de5a28a6535576fc7d572f90c13401ef17361181f8a37df6fff3,960044,2922792000,2923272000,92de93e0cbea87c2f48d37c5741755f781726b98528c47ada12d4bd51bbccff6,5.35,0.535,d2262272fd8b566f5255c759d9b8842f189ef0913408fc9e392ff2be6ee50e06,saved_rule_based,1.63
section_00_test_000208,test,target,anomaly,B,20260905T091955Z-0ec9ac6a2a604ed98ae7628a,20260905T091955Z-0ec9ac6a2a604ed98ae7628a-dg-46b0b9c346d2-000131,1,belt_tension_abnormal,belt_a,slow,belt-a-low-v1-slow,rear,soft-anomaly,clipped/audio_event_clean/anomaly/20260905T091955Z-0ec9ac6a2a604ed98ae7628a-dg-46b0b9c346d2-000131_ch1.wav,3DPrinter/test/section_00_test_000208.wav,6ac768f56e5d1c6bb9c70caa92b7fa8dfcdb7870fcab3ca9bd4487ea04ae84b1,960044,3274044000,3274524000,91abdd0ae8a047464f949cb0288f4b77142533d1976a73382cb1212cfff5df8b,8.23,0.823,e0ea696df7f60e9e7345b296c5b0d45ffc22c519fc11ccf17c73186eb5eac7a8,saved_rule_based,1.83
section_00_test_000209,test,target,anomaly,B,20260905T091955Z-0ec9ac6a2a604ed98ae7628a,20260905T091955Z-0ec9ac6a2a604ed98ae7628a-dg-46b0b9c346d2-000141,1,belt_tension_abnormal,belt_a,slow,belt-a-low-v1-slow,rear,soft-anomaly,clipped/audio_event_clean/anomaly/20260905T091955Z-0ec9ac6a2a604ed98ae7628a-dg-46b0b9c346d2-000141_ch1.wav,3DPrinter/test/section_00_test_000209.wav,de91f37d10519427cea660a85e820b9a6c7a3900b7891d3d2ddc8c27f0f314bd,960044,3278844000,3279324000,91abdd0ae8a047464f949cb0288f4b77142533d1976a73382cb1212cfff5df8b,10.0,1.0,e0ea696df7f60e9e7345b296c5b0d45ffc22c519fc11ccf17c73186eb5eac7a8,saved_rule_based,1.83
section_00_test_000210,test,target,anomaly,B,20260905T091955Z-0ec9ac6a2a604ed98ae7628a,20260905T091955Z-0ec9ac6a2a604ed98ae7628a-dg-46b0b9c346d2-000145,1,belt_tension_abnormal,belt_a,slow,belt-a-low-v1-slow,rear,soft-anomaly,clipped/audio_event_clean/anomaly/20260905T091955Z-0ec9ac6a2a604ed98ae7628a-dg-46b0b9c346d2-000145_ch1.wav,3DPrinter/test/section_00_test_000210.wav,a15304f6e172596d961e16c4dc873aead962b688e6a92651e2df52f1ab86cebd,960044,3280764000,3281244000,91abdd0ae8a047464f949cb0288f4b77142533d1976a73382cb1212cfff5df8b,10.0,1.0,e0ea696df7f60e9e7345b296c5b0d45ffc22c519fc11ccf17c73186eb5eac7a8,saved_rule_based,1.83
section_00_test_000211,test,target,anomaly,B,20260905T091955Z-0ec9ac6a2a604ed98ae7628a,20260905T091955Z-0ec9ac6a2a604ed98ae7628a-dg-46b0b9c346d2-000257,1,belt_tension_abnormal,belt_a,slow,belt-a-low-v1-slow,rear,soft-anomaly,clipped/audio_event_clean/anomaly/20260905T091955Z-0ec9ac6a2a604ed98ae7628a-dg-46b0b9c346d2-000257_ch1.wav,3DPrinter/test/section_00_test_000211.wav,17a4f8108ab7611d2119a9cc0edfbf38317a13731f13bba3456caa134b544095,960044,3334524000,3335004000,91abdd0ae8a047464f949cb0288f4b77142533d1976a73382cb1212cfff5df8b,7.8,0.78,e0ea696df7f60e9e7345b296c5b0d45ffc22c519fc11ccf17c73186eb5eac7a8,saved_rule_based,1.83
section_00_test_000212,test,target,anomaly,B,20260905T091955Z-0ec9ac6a2a604ed98ae7628a,20260905T091955Z-0ec9ac6a2a604ed98ae7628a-dg-46b0b9c346d2-000274,1,belt_tension_abnormal,belt_a,slow,belt-a-low-v1-slow,rear,soft-anomaly,clipped/audio_event_clean/anomaly/20260905T091955Z-0ec9ac6a2a604ed98ae7628a-dg-46b0b9c346d2-000274_ch1.wav,3DPrinter/test/section_00_test_000212.wav,7b78ba2610101d5d9b4bf1ec39d5a2551823396e259266de8722cd11dd37c15b,960044,3342684000,3343164000,91abdd0ae8a047464f949cb0288f4b77142533d1976a73382cb1212cfff5df8b,7.66,0.766,e0ea696df7f60e9e7345b296c5b0d45ffc22c519fc11ccf17c73186eb5eac7a8,saved_rule_based,1.83
section_00_test_000213,test,target,anomaly,B,20260905T145828Z-e26ab8e484b6efbd52f1acc1,20260905T145828Z-e26ab8e484b6efbd52f1acc1-dg-08aae5bf848d-000007,1,extruder_cogging_or_no_extrusion,extruder_cogging_or_no_extrusion,slow,extruder-cogging-slow,rear,hard-anomaly,clipped/audio_event_clean/anomaly/20260905T145828Z-e26ab8e484b6efbd52f1acc1-dg-08aae5bf848d-000007_ch1.wav,3DPrinter/test/section_00_test_000213.wav,575e024aa85c7048ac9146b723b84c5e3c3719ee980e3ec25108e2863a4c3382,960044,54964800,55444800,52277bad1e5ac7b5327875b6e72a00464afd2a6691dc9b79d3a887f8faf520fd,10.0,1.0,36e531064a1b0477e34241318d4a9aeca7b2d8e75be7dc6299b26a87ed820e0c,saved_rule_based,1.75
section_00_test_000214,test,target,anomaly,B,20260905T145828Z-e26ab8e484b6efbd52f1acc1,20260905T145828Z-e26ab8e484b6efbd52f1acc1-dg-08aae5bf848d-000016,1,extruder_cogging_or_no_extrusion,extruder_cogging_or_no_extrusion,slow,extruder-cogging-slow,rear,hard-anomaly,clipped/audio_event_clean/anomaly/20260905T145828Z-e26ab8e484b6efbd52f1acc1-dg-08aae5bf848d-000016_ch1.wav,3DPrinter/test/section_00_test_000214.wav,3de277c323e0b3dc3a37c77fd4de97a85942ac865f2e5032adc63f7fda2af266,960044,59284800,59764800,52277bad1e5ac7b5327875b6e72a00464afd2a6691dc9b79d3a887f8faf520fd,10.0,1.0,36e531064a1b0477e34241318d4a9aeca7b2d8e75be7dc6299b26a87ed820e0c,saved_rule_based,1.75
section_00_test_000215,test,target,anomaly,B,20260905T145828Z-e26ab8e484b6efbd52f1acc1,20260905T145828Z-e26ab8e484b6efbd52f1acc1-dg-08aae5bf848d-000099,1,extruder_cogging_or_no_extrusion,extruder_cogging_or_no_extrusion,slow,extruder-cogging-slow,rear,hard-anomaly,clipped/audio_event_clean/anomaly/20260905T145828Z-e26ab8e484b6efbd52f1acc1-dg-08aae5bf848d-000099_ch1.wav,3DPrinter/test/section_00_test_000215.wav,fa6ec232d70fbe0cfe40044c67a2b280ed6ffd49c5290495e1f2087cd51acb69,960044,99124800,99604800,52277bad1e5ac7b5327875b6e72a00464afd2a6691dc9b79d3a887f8faf520fd,10.0,1.0,36e531064a1b0477e34241318d4a9aeca7b2d8e75be7dc6299b26a87ed820e0c,saved_rule_based,1.75
section_00_test_000216,test,target,anomaly,B,20260905T145828Z-e26ab8e484b6efbd52f1acc1,20260905T145828Z-e26ab8e484b6efbd52f1acc1-dg-08aae5bf848d-000133,1,extruder_cogging_or_no_extrusion,extruder_cogging_or_no_extrusion,slow,extruder-cogging-slow,rear,hard-anomaly,clipped/audio_event_clean/anomaly/20260905T145828Z-e26ab8e484b6efbd52f1acc1-dg-08aae5bf848d-000133_ch1.wav,3DPrinter/test/section_00_test_000216.wav,db7ca314e64a6ceed8db6cb482f5fcf8b34023c64cc5d80a8ec0d36473bbe963,960044,115444800,115924800,52277bad1e5ac7b5327875b6e72a00464afd2a6691dc9b79d3a887f8faf520fd,9.6,0.96,36e531064a1b0477e34241318d4a9aeca7b2d8e75be7dc6299b26a87ed820e0c,saved_rule_based,1.75
section_00_test_000217,test,target,anomaly,B,20260905T145828Z-e26ab8e484b6efbd52f1acc1,20260905T145828Z-e26ab8e484b6efbd52f1acc1-dg-08aae5bf848d-000137,1,extruder_cogging_or_no_extrusion,extruder_cogging_or_no_extrusion,slow,extruder-cogging-slow,rear,hard-anomaly,clipped/audio_event_clean/anomaly/20260905T145828Z-e26ab8e484b6efbd52f1acc1-dg-08aae5bf848d-000137_ch1.wav,3DPrinter/test/section_00_test_000217.wav,1a5862254c3d57e6bd8b1f7853e0bcc945f765c711a5edbf619af6f92ef914d0,960044,117364800,117844800,52277bad1e5ac7b5327875b6e72a00464afd2a6691dc9b79d3a887f8faf520fd,10.0,1.0,36e531064a1b0477e34241318d4a9aeca7b2d8e75be7dc6299b26a87ed820e0c,saved_rule_based,1.75
section_00_test_000218,test,target,anomaly,B,20260905T145828Z-e26ab8e484b6efbd52f1acc1,20260905T145828Z-e26ab8e484b6efbd52f1acc1-dg-08aae5bf848d-000174,1,extruder_cogging_or_no_extrusion,extruder_cogging_or_no_extrusion,slow,extruder-cogging-slow,rear,hard-anomaly,clipped/audio_event_clean/anomaly/20260905T145828Z-e26ab8e484b6efbd52f1acc1-dg-08aae5bf848d-000174_ch1.wav,3DPrinter/test/section_00_test_000218.wav,3a2759b8408b2043c18b30d2dca89db192d5c8737e801ebee48498c729896f38,960044,135124800,135604800,52277bad1e5ac7b5327875b6e72a00464afd2a6691dc9b79d3a887f8faf520fd,10.0,1.0,36e531064a1b0477e34241318d4a9aeca7b2d8e75be7dc6299b26a87ed820e0c,saved_rule_based,1.75
section_00_test_000219,test,target,anomaly,B,20260905T145828Z-e26ab8e484b6efbd52f1acc1,20260905T145828Z-e26ab8e484b6efbd52f1acc1-dg-08aae5bf848d-000204,1,extruder_cogging_or_no_extrusion,extruder_cogging_or_no_extrusion,slow,extruder-cogging-slow,rear,hard-anomaly,clipped/audio_event_clean/anomaly/20260905T145828Z-e26ab8e484b6efbd52f1acc1-dg-08aae5bf848d-000204_ch1.wav,3DPrinter/test/section_00_test_000219.wav,3157905b55d0ee4b7bbd1b468becc0bac00c50e3ddd5029e2ecde4a90881f27a,960044,149524800,150004800,52277bad1e5ac7b5327875b6e72a00464afd2a6691dc9b79d3a887f8faf520fd,10.0,1.0,36e531064a1b0477e34241318d4a9aeca7b2d8e75be7dc6299b26a87ed820e0c,saved_rule_based,1.75
section_00_test_000220,test,target,anomaly,B,20260905T145828Z-e26ab8e484b6efbd52f1acc1,20260905T145828Z-e26ab8e484b6efbd52f1acc1-dg-08aae5bf848d-000222,1,extruder_cogging_or_no_extrusion,extruder_cogging_or_no_extrusion,slow,extruder-cogging-slow,rear,hard-anomaly,clipped/audio_event_clean/anomaly/20260905T145828Z-e26ab8e484b6efbd52f1acc1-dg-08aae5bf848d-000222_ch1.wav,3DPrinter/test/section_00_test_000220.wav,f2b13b3dc4ed9cfddf6ed51dec4c2c1cc431aa4ecb41c83a8f4d714dab904902,960044,158164800,158644800,52277bad1e5ac7b5327875b6e72a00464afd2a6691dc9b79d3a887f8faf520fd,10.0,1.0,36e531064a1b0477e34241318d4a9aeca7b2d8e75be7dc6299b26a87ed820e0c,saved_rule_based,1.75
section_00_test_000221,test,target,anomaly,B,20260905T145828Z-e26ab8e484b6efbd52f1acc1,20260905T145828Z-e26ab8e484b6efbd52f1acc1-dg-08aae5bf848d-000249,1,extruder_cogging_or_no_extrusion,extruder_cogging_or_no_extrusion,slow,extruder-cogging-slow,rear,hard-anomaly,clipped/audio_event_clean/anomaly/20260905T145828Z-e26ab8e484b6efbd52f1acc1-dg-08aae5bf848d-000249_ch1.wav,3DPrinter/test/section_00_test_000221.wav,1a7b2b2029db2b268c0d0280e2b32aff029723645579ee01363d6c8c2c85ec1d,960044,171124800,171604800,52277bad1e5ac7b5327875b6e72a00464afd2a6691dc9b79d3a887f8faf520fd,9.5,0.95,36e531064a1b0477e34241318d4a9aeca7b2d8e75be7dc6299b26a87ed820e0c,saved_rule_based,1.75
section_00_test_000222,test,target,anomaly,B,20260905T145828Z-e26ab8e484b6efbd52f1acc1,20260905T145828Z-e26ab8e484b6efbd52f1acc1-dg-08aae5bf848d-000266,1,extruder_cogging_or_no_extrusion,extruder_cogging_or_no_extrusion,slow,extruder-cogging-slow,rear,hard-anomaly,clipped/audio_event_clean/anomaly/20260905T145828Z-e26ab8e484b6efbd52f1acc1-dg-08aae5bf848d-000266_ch1.wav,3DPrinter/test/section_00_test_000222.wav,786c9a3b40a1d84d09af0e0041abaec541b05679fa980de8ede6bf2450308e66,960044,179284800,179764800,52277bad1e5ac7b5327875b6e72a00464afd2a6691dc9b79d3a887f8faf520fd,9.5,0.95,36e531064a1b0477e34241318d4a9aeca7b2d8e75be7dc6299b26a87ed820e0c,saved_rule_based,1.75
section_00_test_000223,test,target,anomaly,B,20260905T145828Z-e26ab8e484b6efbd52f1acc1,20260905T145828Z-e26ab8e484b6efbd52f1acc1-dg-08aae5bf848d-000270,1,extruder_cogging_or_no_extrusion,extruder_cogging_or_no_extrusion,slow,extruder-cogging-slow,rear,hard-anomaly,clipped/audio_event_clean/anomaly/20260905T145828Z-e26ab8e484b6efbd52f1acc1-dg-08aae5bf848d-000270_ch1.wav,3DPrinter/test/section_00_test_000223.wav,147ade52d5c1d735a96b1f285291190f04ead9816c1387c234683d9160594863,960044,181204800,181684800,52277bad1e5ac7b5327875b6e72a00464afd2a6691dc9b79d3a887f8faf520fd,9.5,0.95,36e531064a1b0477e34241318d4a9aeca7b2d8e75be7dc6299b26a87ed820e0c,saved_rule_based,1.75
section_00_test_000224,test,target,anomaly,B,20260905T145828Z-e26ab8e484b6efbd52f1acc1,20260905T145828Z-e26ab8e484b6efbd52f1acc1-dg-08aae5bf848d-000275,1,extruder_cogging_or_no_extrusion,extruder_cogging_or_no_extrusion,slow,extruder-cogging-slow,rear,hard-anomaly,clipped/audio_event_clean/anomaly/20260905T145828Z-e26ab8e484b6efbd52f1acc1-dg-08aae5bf848d-000275_ch1.wav,3DPrinter/test/section_00_test_000224.wav,df95bea86afc4bae751a260b286d9878989f8e5b2bd52e386bac8b52926b6b30,960044,183604800,184084800,52277bad1e5ac7b5327875b6e72a00464afd2a6691dc9b79d3a887f8faf520fd,10.0,1.0,36e531064a1b0477e34241318d4a9aeca7b2d8e75be7dc6299b26a87ed820e0c,saved_rule_based,1.75
section_00_test_000225,test,target,anomaly,B,20260905T145828Z-e26ab8e484b6efbd52f1acc1,20260905T145828Z-e26ab8e484b6efbd52f1acc1-dg-08aae5bf848d-000278,1,extruder_cogging_or_no_extrusion,extruder_cogging_or_no_extrusion,slow,extruder-cogging-slow,rear,hard-anomaly,clipped/audio_event_clean/anomaly/20260905T145828Z-e26ab8e484b6efbd52f1acc1-dg-08aae5bf848d-000278_ch1.wav,3DPrinter/test/section_00_test_000225.wav,a9511003b42f15390bd6eacbd58e707ee037b4245ae0c57f788e8e5aa971ddc8,960044,185044800,185524800,52277bad1e5ac7b5327875b6e72a00464afd2a6691dc9b79d3a887f8faf520fd,10.0,1.0,36e531064a1b0477e34241318d4a9aeca7b2d8e75be7dc6299b26a87ed820e0c,saved_rule_based,1.75
section_00_test_000226,test,target,anomaly,B,20260906T033116Z-0586ff9054959f9204f6cde4,20260906T033116Z-0586ff9054959f9204f6cde4-dg-1ed7ad1ed3c8-000005,1,toolhead_collision,collision_x-min,slow,toolhead-collision-x-min-slow,rear,hard-anomaly,clipped/audio_event_clean/anomaly/20260906T033116Z-0586ff9054959f9204f6cde4-dg-1ed7ad1ed3c8-000005_ch1.wav,3DPrinter/test/section_00_test_000226.wav,9583582eb80d8e47e858eba0bf5d91812123be292656025668cfdee563a5e0d0,960044,164140800,164620800,0f5a84926688b1f8599ab09210196cc5e71cc64db14a109aaa93e9bcdc9e5d7c,1.52,0.152,,frozen_r3_collision,1.22
section_00_test_000227,test,target,anomaly,B,20260906T033116Z-0586ff9054959f9204f6cde4,20260906T033116Z-0586ff9054959f9204f6cde4-dg-1ed7ad1ed3c8-000051,1,toolhead_collision,collision_x-min,slow,toolhead-collision-x-min-slow,rear,hard-anomaly,clipped/audio_event_clean/anomaly/20260906T033116Z-0586ff9054959f9204f6cde4-dg-1ed7ad1ed3c8-000051_ch1.wav,3DPrinter/test/section_00_test_000227.wav,ae72823192e86172878e70415423c82ca0e46b1b98d42d6593f2f7c6c5a292a9,960044,186220800,186700800,0f5a84926688b1f8599ab09210196cc5e71cc64db14a109aaa93e9bcdc9e5d7c,1.44,0.144,,frozen_r3_collision,1.22
section_00_test_000228,test,target,anomaly,B,20260906T085412Z-5489b83342d7e2fba29031b6,20260906T085412Z-5489b83342d7e2fba29031b6-dg-d0b7d9918dfc-000007,1,toolhead_collision,collision_x-max,slow,toolhead-collision-x-max-slow,rear,hard-anomaly,clipped/audio_event_clean/anomaly/20260906T085412Z-5489b83342d7e2fba29031b6-dg-d0b7d9918dfc-000007_ch1.wav,3DPrinter/test/section_00_test_000228.wav,033838a5a5f549f11983283b190cd9b0a455a57bbe9425412452a5f2748e7c23,960044,6744000,7224000,d4603091e9aebe603cc5958042ece4f7ce2b8c2a1bcb6912717434fda78ec4d8,1.79,0.179,,frozen_r3_collision,1.32
section_00_test_000229,test,target,anomaly,B,20260906T085412Z-5489b83342d7e2fba29031b6,20260906T085412Z-5489b83342d7e2fba29031b6-dg-d0b7d9918dfc-000100,1,toolhead_collision,collision_x-max,slow,toolhead-collision-x-max-slow,rear,hard-anomaly,clipped/audio_event_clean/anomaly/20260906T085412Z-5489b83342d7e2fba29031b6-dg-d0b7d9918dfc-000100_ch1.wav,3DPrinter/test/section_00_test_000229.wav,e6aef054870719333bf38de2fd6885a45491a218ef9aae3dc14640bbdf9726ae,960044,51384000,51864000,d4603091e9aebe603cc5958042ece4f7ce2b8c2a1bcb6912717434fda78ec4d8,0.12,0.012,,frozen_r3_collision,1.32
section_00_test_000230,test,target,anomaly,B,20260906T092852Z-b2f259b9c6ca413c5493d6af,20260906T092852Z-b2f259b9c6ca413c5493d6af-dg-2cdedaa876a9-000074,1,toolhead_collision,collision_y-max,slow,toolhead-collision-y-max-slow,rear,hard-anomaly,clipped/audio_event_clean/anomaly/20260906T092852Z-b2f259b9c6ca413c5493d6af-dg-2cdedaa876a9-000074_ch1.wav,3DPrinter/test/section_00_test_000230.wav,3e3d4bb6788049b3cd613b87fad752db23b4dbd9f4913de6dad5b10d0bc17fa0,960044,138720000,139200000,77ddbd112a5c4308e6b7eef10c7a20145275937e64c84617a0e231a6a615e7ca,0.18,0.018,,frozen_r3_collision,1.08
section_00_test_000231,test,target,anomaly,B,20260906T092852Z-b2f259b9c6ca413c5493d6af,20260906T092852Z-b2f259b9c6ca413c5493d6af-dg-2cdedaa876a9-000082,1,toolhead_collision,collision_y-max,slow,toolhead-collision-y-max-slow,rear,hard-anomaly,clipped/audio_event_clean/anomaly/20260906T092852Z-b2f259b9c6ca413c5493d6af-dg-2cdedaa876a9-000082_ch1.wav,3DPrinter/test/section_00_test_000231.wav,a9481654871474ccec470943cd19d0ed19fd71104e4ed11adc79e1b74ab7bb9f,960044,142560000,143040000,77ddbd112a5c4308e6b7eef10c7a20145275937e64c84617a0e231a6a615e7ca,0.46,0.046,,frozen_r3_collision,1.08
section_00_test_000232,test,target,anomaly,B,20260906T092852Z-b2f259b9c6ca413c5493d6af,20260906T092852Z-b2f259b9c6ca413c5493d6af-dg-2cdedaa876a9-000111,1,toolhead_collision,collision_y-max,slow,toolhead-collision-y-max-slow,rear,hard-anomaly,clipped/audio_event_clean/anomaly/20260906T092852Z-b2f259b9c6ca413c5493d6af-dg-2cdedaa876a9-000111_ch1.wav,3DPrinter/test/section_00_test_000232.wav,24e1737bda2b16a59e5f7e3a86bdb62567eb4c05d3b04af4e4038e7fea39ed9a,960044,156480000,156960000,77ddbd112a5c4308e6b7eef10c7a20145275937e64c84617a0e231a6a615e7ca,0.38,0.038,,frozen_r3_collision,1.08
section_00_test_000233,test,target,anomaly,B,20260906T100342Z-59979407ad61cc09639d1b0a,20260906T100342Z-59979407ad61cc09639d1b0a-dg-f7f1015b587b-000061,1,toolhead_collision,collision_x-min-y-max,slow,toolhead-collision-x-min-y-max-slow,rear,hard-anomaly,clipped/audio_event_clean/anomaly/20260906T100342Z-59979407ad61cc09639d1b0a-dg-f7f1015b587b-000061_ch1.wav,3DPrinter/test/section_00_test_000233.wav,cb5ba2947df46943f3fb0ece9204c2d553b913ddee57d4c6ce7f774b07e13a16,960044,232848000,233328000,659285aa2877af9a750eb6af026e998dd64f5c7f4dc16f38ef34401468fa6272,0.62,0.062,,frozen_r3_collision,1.14
section_00_test_000234,test,target,anomaly,B,20260906T100342Z-59979407ad61cc09639d1b0a,20260906T100342Z-59979407ad61cc09639d1b0a-dg-f7f1015b587b-000109,1,toolhead_collision,collision_x-min-y-max,slow,toolhead-collision-x-min-y-max-slow,rear,hard-anomaly,clipped/audio_event_clean/anomaly/20260906T100342Z-59979407ad61cc09639d1b0a-dg-f7f1015b587b-000109_ch1.wav,3DPrinter/test/section_00_test_000234.wav,bc7e25e3be9c6bb32718eeab46ca7c35d4db451c2e4e0435e5b0b5969f718dc8,960044,255888000,256368000,659285aa2877af9a750eb6af026e998dd64f5c7f4dc16f38ef34401468fa6272,0.48,0.048,,frozen_r3_collision,1.14
section_00_test_000235,test,target,anomaly,B,20260906T104126Z-e58f1f7c38bf0a54c280b3ef,20260906T104126Z-e58f1f7c38bf0a54c280b3ef-dg-8f4af5b2f3d9-000058,1,toolhead_collision,collision_x-max-y-max,slow,toolhead-collision-x-max-y-max-slow,rear,hard-anomaly,clipped/audio_event_clean/anomaly/20260906T104126Z-e58f1f7c38bf0a54c280b3ef-dg-8f4af5b2f3d9-000058_ch1.wav,3DPrinter/test/section_00_test_000235.wav,e1d93b39743109695ac5419d18f3de306126fccfdba2cacd2ff0561603b82a7c,960044,340080000,340560000,a2e2fd632b2f9ca0d734a2053f8e6b935974a4d69a884eabb1483cb89d96c714,0.12,0.012,,frozen_r3_collision,1.18
section_00_test_000236,test,target,anomaly,B,20260906T104126Z-e58f1f7c38bf0a54c280b3ef,20260906T104126Z-e58f1f7c38bf0a54c280b3ef-dg-8f4af5b2f3d9-000078,1,toolhead_collision,collision_x-max-y-max,slow,toolhead-collision-x-max-y-max-slow,rear,hard-anomaly,clipped/audio_event_clean/anomaly/20260906T104126Z-e58f1f7c38bf0a54c280b3ef-dg-8f4af5b2f3d9-000078_ch1.wav,3DPrinter/test/section_00_test_000236.wav,3d4d6aa113c068f0539785ea989bd530d29891d0062d325e884d9b2ee936d358,960044,349680000,350160000,a2e2fd632b2f9ca0d734a2053f8e6b935974a4d69a884eabb1483cb89d96c714,0.82,0.082,,frozen_r3_collision,1.18
section_00_test_000237,test,target,anomaly,B,20260906T104126Z-e58f1f7c38bf0a54c280b3ef,20260906T104126Z-e58f1f7c38bf0a54c280b3ef-dg-8f4af5b2f3d9-000091,1,toolhead_collision,collision_x-max-y-max,slow,toolhead-collision-x-max-y-max-slow,rear,hard-anomaly,clipped/audio_event_clean/anomaly/20260906T104126Z-e58f1f7c38bf0a54c280b3ef-dg-8f4af5b2f3d9-000091_ch1.wav,3DPrinter/test/section_00_test_000237.wav,3b616d8c8b30812a2b5afd7ad4ba65273b8958c331a4fde13297874e8a689a5f,960044,355920000,356400000,a2e2fd632b2f9ca0d734a2053f8e6b935974a4d69a884eabb1483cb89d96c714,0.2,0.02,,frozen_r3_collision,1.18
section_00_test_000238,test,target,anomaly,B,20260906T131853Z-2be35f053fd4b32b11ffc479,20260906T131853Z-2be35f053fd4b32b11ffc479-dg-47d95fda2175-000017,1,cooling_fan_fault,cooling_fan_fault,slow,fan-blade-damage-bilateral-v3-slow,rear,hard-anomaly,clipped/audio_event_clean/anomaly/20260906T131853Z-2be35f053fd4b32b11ffc479-dg-47d95fda2175-000017_ch1.wav,3DPrinter/test/section_00_test_000238.wav,f36165df7ca11a6c7880016f92fb2fd0c7477dbc498305f92009bd59741cd933,960044,773512800,773992800,5939a5ad0927967b708777b329cfc571ba80f5ce4b131cd52563992c58869a1a,10.0,1.0,2e9f198250bbf8f72b0e404a1a5728955812c4451cf2a290897a82f836380df8,saved_rule_based,1.73
section_00_test_000239,test,target,anomaly,B,20260906T131853Z-2be35f053fd4b32b11ffc479,20260906T131853Z-2be35f053fd4b32b11ffc479-dg-47d95fda2175-000024,1,cooling_fan_fault,cooling_fan_fault,slow,fan-blade-damage-bilateral-v3-slow,rear,hard-anomaly,clipped/audio_event_clean/anomaly/20260906T131853Z-2be35f053fd4b32b11ffc479-dg-47d95fda2175-000024_ch1.wav,3DPrinter/test/section_00_test_000239.wav,fe70cdea1e11dd189c9327c6d1dc1bbd4d2116974ec51167def2323dba4dbc71,960044,776872800,777352800,5939a5ad0927967b708777b329cfc571ba80f5ce4b131cd52563992c58869a1a,10.0,1.0,2e9f198250bbf8f72b0e404a1a5728955812c4451cf2a290897a82f836380df8,saved_rule_based,1.73
section_00_test_000240,test,target,anomaly,B,20260906T131853Z-2be35f053fd4b32b11ffc479,20260906T131853Z-2be35f053fd4b32b11ffc479-dg-47d95fda2175-000039,1,cooling_fan_fault,cooling_fan_fault,slow,fan-blade-damage-bilateral-v3-slow,rear,hard-anomaly,clipped/audio_event_clean/anomaly/20260906T131853Z-2be35f053fd4b32b11ffc479-dg-47d95fda2175-000039_ch1.wav,3DPrinter/test/section_00_test_000240.wav,30eba29073a53aa9ad7193ea5ffda779022da35f8d5ec6bcf1d6b0b7fc2b1a14,960044,784072800,784552800,5939a5ad0927967b708777b329cfc571ba80f5ce4b131cd52563992c58869a1a,10.0,1.0,2e9f198250bbf8f72b0e404a1a5728955812c4451cf2a290897a82f836380df8,saved_rule_based,1.73
section_00_test_000241,test,target,anomaly,B,20260906T131853Z-2be35f053fd4b32b11ffc479,20260906T131853Z-2be35f053fd4b32b11ffc479-dg-47d95fda2175-000074,1,cooling_fan_fault,cooling_fan_fault,slow,fan-blade-damage-bilateral-v3-slow,rear,hard-anomaly,clipped/audio_event_clean/anomaly/20260906T131853Z-2be35f053fd4b32b11ffc479-dg-47d95fda2175-000074_ch1.wav,3DPrinter/test/section_00_test_000241.wav,335b4d1e9ae41ce1fca8cfc7abf28ef4ab797b1b960009fdaf5c718248f69c11,960044,800872800,801352800,5939a5ad0927967b708777b329cfc571ba80f5ce4b131cd52563992c58869a1a,10.0,1.0,2e9f198250bbf8f72b0e404a1a5728955812c4451cf2a290897a82f836380df8,saved_rule_based,1.73
section_00_test_000242,test,target,anomaly,B,20260906T131853Z-2be35f053fd4b32b11ffc479,20260906T131853Z-2be35f053fd4b32b11ffc479-dg-47d95fda2175-000104,1,cooling_fan_fault,cooling_fan_fault,slow,fan-blade-damage-bilateral-v3-slow,rear,hard-anomaly,clipped/audio_event_clean/anomaly/20260906T131853Z-2be35f053fd4b32b11ffc479-dg-47d95fda2175-000104_ch1.wav,3DPrinter/test/section_00_test_000242.wav,70f0333ebc69a68d5ce81aa621bc421bb4c386ff52c07022bd1c798d2d562d61,960044,815272800,815752800,5939a5ad0927967b708777b329cfc571ba80f5ce4b131cd52563992c58869a1a,10.0,1.0,2e9f198250bbf8f72b0e404a1a5728955812c4451cf2a290897a82f836380df8,saved_rule_based,1.73
section_00_test_000243,test,target,anomaly,B,20260906T131853Z-2be35f053fd4b32b11ffc479,20260906T131853Z-2be35f053fd4b32b11ffc479-dg-47d95fda2175-000108,1,cooling_fan_fault,cooling_fan_fault,slow,fan-blade-damage-bilateral-v3-slow,rear,hard-anomaly,clipped/audio_event_clean/anomaly/20260906T131853Z-2be35f053fd4b32b11ffc479-dg-47d95fda2175-000108_ch1.wav,3DPrinter/test/section_00_test_000243.wav,c787afca5cfd8f4a1a2d449c45b6ef2763cf48598d508b74a984ace3a112dea4,960044,817192800,817672800,5939a5ad0927967b708777b329cfc571ba80f5ce4b131cd52563992c58869a1a,10.0,1.0,2e9f198250bbf8f72b0e404a1a5728955812c4451cf2a290897a82f836380df8,saved_rule_based,1.73
section_00_test_000244,test,target,anomaly,B,20260906T131853Z-2be35f053fd4b32b11ffc479,20260906T131853Z-2be35f053fd4b32b11ffc479-dg-47d95fda2175-000129,1,cooling_fan_fault,cooling_fan_fault,slow,fan-blade-damage-bilateral-v3-slow,rear,hard-anomaly,clipped/audio_event_clean/anomaly/20260906T131853Z-2be35f053fd4b32b11ffc479-dg-47d95fda2175-000129_ch1.wav,3DPrinter/test/section_00_test_000244.wav,c1d07b345a6c795cf554c1fd292ad289967c65b4c6023a5c5188b3502c978bc9,960044,827272800,827752800,5939a5ad0927967b708777b329cfc571ba80f5ce4b131cd52563992c58869a1a,10.0,1.0,2e9f198250bbf8f72b0e404a1a5728955812c4451cf2a290897a82f836380df8,saved_rule_based,1.73
section_00_test_000245,test,target,anomaly,B,20260906T131853Z-2be35f053fd4b32b11ffc479,20260906T131853Z-2be35f053fd4b32b11ffc479-dg-47d95fda2175-000132,1,cooling_fan_fault,cooling_fan_fault,slow,fan-blade-damage-bilateral-v3-slow,rear,hard-anomaly,clipped/audio_event_clean/anomaly/20260906T131853Z-2be35f053fd4b32b11ffc479-dg-47d95fda2175-000132_ch1.wav,3DPrinter/test/section_00_test_000245.wav,5b92df78ad72145ac69cbbafd04f1d9609b89489b1b23e16f3e0071e5e205e4b,960044,828712800,829192800,5939a5ad0927967b708777b329cfc571ba80f5ce4b131cd52563992c58869a1a,10.0,1.0,2e9f198250bbf8f72b0e404a1a5728955812c4451cf2a290897a82f836380df8,saved_rule_based,1.73
section_00_test_000246,test,target,anomaly,B,20260906T131853Z-2be35f053fd4b32b11ffc479,20260906T131853Z-2be35f053fd4b32b11ffc479-dg-47d95fda2175-000133,1,cooling_fan_fault,cooling_fan_fault,slow,fan-blade-damage-bilateral-v3-slow,rear,hard-anomaly,clipped/audio_event_clean/anomaly/20260906T131853Z-2be35f053fd4b32b11ffc479-dg-47d95fda2175-000133_ch1.wav,3DPrinter/test/section_00_test_000246.wav,cfd5fcddd4f1105be36a168766e0e7524ff861e6529ad918239faa875f309cce,960044,829192800,829672800,5939a5ad0927967b708777b329cfc571ba80f5ce4b131cd52563992c58869a1a,10.0,1.0,2e9f198250bbf8f72b0e404a1a5728955812c4451cf2a290897a82f836380df8,saved_rule_based,1.73
section_00_test_000247,test,target,anomaly,B,20260906T131853Z-2be35f053fd4b32b11ffc479,20260906T131853Z-2be35f053fd4b32b11ffc479-dg-47d95fda2175-000161,1,cooling_fan_fault,cooling_fan_fault,slow,fan-blade-damage-bilateral-v3-slow,rear,hard-anomaly,clipped/audio_event_clean/anomaly/20260906T131853Z-2be35f053fd4b32b11ffc479-dg-47d95fda2175-000161_ch1.wav,3DPrinter/test/section_00_test_000247.wav,cf8600f21993c0baf4931eac71895174742cbc2c6570c05dacd0cfe808461fde,960044,842632800,843112800,5939a5ad0927967b708777b329cfc571ba80f5ce4b131cd52563992c58869a1a,10.0,1.0,2e9f198250bbf8f72b0e404a1a5728955812c4451cf2a290897a82f836380df8,saved_rule_based,1.73
section_00_test_000248,test,target,anomaly,B,20260906T131853Z-2be35f053fd4b32b11ffc479,20260906T131853Z-2be35f053fd4b32b11ffc479-dg-47d95fda2175-000170,1,cooling_fan_fault,cooling_fan_fault,slow,fan-blade-damage-bilateral-v3-slow,rear,hard-anomaly,clipped/audio_event_clean/anomaly/20260906T131853Z-2be35f053fd4b32b11ffc479-dg-47d95fda2175-000170_ch1.wav,3DPrinter/test/section_00_test_000248.wav,c0367cdc7e0334df8177621fa62073059f216fb0d12aed954f03d00acee94dd7,960044,846952800,847432800,5939a5ad0927967b708777b329cfc571ba80f5ce4b131cd52563992c58869a1a,10.0,1.0,2e9f198250bbf8f72b0e404a1a5728955812c4451cf2a290897a82f836380df8,saved_rule_based,1.73
section_00_test_000249,test,target,anomaly,B,20260906T131853Z-2be35f053fd4b32b11ffc479,20260906T131853Z-2be35f053fd4b32b11ffc479-dg-47d95fda2175-000181,1,cooling_fan_fault,cooling_fan_fault,slow,fan-blade-damage-bilateral-v3-slow,rear,hard-anomaly,clipped/audio_event_clean/anomaly/20260906T131853Z-2be35f053fd4b32b11ffc479-dg-47d95fda2175-000181_ch1.wav,3DPrinter/test/section_00_test_000249.wav,509adf15bee5b3d086345b572de4cbb18e54496721664e546fb4089f54bd4e50,960044,852232800,852712800,5939a5ad0927967b708777b329cfc571ba80f5ce4b131cd52563992c58869a1a,10.0,1.0,2e9f198250bbf8f72b0e404a1a5728955812c4451cf2a290897a82f836380df8,saved_rule_based,1.73
section_00_test_000250,test,target,anomaly,B,20260905T050107Z-563e5602acd70612935e3840,20260905T050107Z-563e5602acd70612935e3840-dg-d53fa15b5842-000092,3,belt_tension_abnormal,belt_b,slow,belt-b-low-v1-slow,front,soft-anomaly,clipped/audio_event_clean/anomaly/20260905T050107Z-563e5602acd70612935e3840-dg-d53fa15b5842-000092_ch3.wav,3DPrinter/test/section_00_test_000250.wav,2085aba46e6133c6f03b25b7d8f879b77d3fc45c20c55d2c0702474c89f82d54,960044,2509984800,2510464800,8668aa0bfb3d6867cca43d22dae55085000d4bdbe2635e63e9dd69323e2c09a3,9.07,0.907,a26a9ffe4e7a0b59045eb8f7f1313cd165b9ca438023de304162e35158cd3f27,saved_rule_based,1.69
section_00_test_000251,test,target,anomaly,B,20260905T050107Z-563e5602acd70612935e3840,20260905T050107Z-563e5602acd70612935e3840-dg-d53fa15b5842-000232,3,belt_tension_abnormal,belt_b,slow,belt-b-low-v1-slow,front,soft-anomaly,clipped/audio_event_clean/anomaly/20260905T050107Z-563e5602acd70612935e3840-dg-d53fa15b5842-000232_ch3.wav,3DPrinter/test/section_00_test_000251.wav,b136232a74c20b3853f845a388a2de5bc0566d49f4b5ecfcaeaea56faeded27c,960044,2577184800,2577664800,8668aa0bfb3d6867cca43d22dae55085000d4bdbe2635e63e9dd69323e2c09a3,10.0,1.0,a26a9ffe4e7a0b59045eb8f7f1313cd165b9ca438023de304162e35158cd3f27,saved_rule_based,1.69
section_00_test_000252,test,target,anomaly,B,20260905T050107Z-563e5602acd70612935e3840,20260905T050107Z-563e5602acd70612935e3840-dg-d53fa15b5842-000235,3,belt_tension_abnormal,belt_b,slow,belt-b-low-v1-slow,front,soft-anomaly,clipped/audio_event_clean/anomaly/20260905T050107Z-563e5602acd70612935e3840-dg-d53fa15b5842-000235_ch3.wav,3DPrinter/test/section_00_test_000252.wav,d5332382fb692345f48646bea7bb18f6d6286b2c2e85ed229a57713d0e189520,960044,2578624800,2579104800,8668aa0bfb3d6867cca43d22dae55085000d4bdbe2635e63e9dd69323e2c09a3,9.66,0.966,a26a9ffe4e7a0b59045eb8f7f1313cd165b9ca438023de304162e35158cd3f27,saved_rule_based,1.69
section_00_test_000253,test,target,anomaly,B,20260905T050107Z-563e5602acd70612935e3840,20260905T050107Z-563e5602acd70612935e3840-dg-d53fa15b5842-000255,3,belt_tension_abnormal,belt_b,slow,belt-b-low-v1-slow,front,soft-anomaly,clipped/audio_event_clean/anomaly/20260905T050107Z-563e5602acd70612935e3840-dg-d53fa15b5842-000255_ch3.wav,3DPrinter/test/section_00_test_000253.wav,55f5241154733fe4e48ee9d6ba5920bd7902834060494b0c9ace4e1d0bc98364,960044,2588224800,2588704800,8668aa0bfb3d6867cca43d22dae55085000d4bdbe2635e63e9dd69323e2c09a3,5.78,0.578,a26a9ffe4e7a0b59045eb8f7f1313cd165b9ca438023de304162e35158cd3f27,saved_rule_based,1.69
section_00_test_000254,test,target,anomaly,B,20260905T065117Z-ff4c5a98a32203bfe9f91cab,20260905T065117Z-ff4c5a98a32203bfe9f91cab-dg-83942617f0a8-000003,3,belt_tension_abnormal,belt_a_b,slow,belt-ab-low-v1-slow,front,soft-anomaly,clipped/audio_event_clean/anomaly/20260905T065117Z-ff4c5a98a32203bfe9f91cab-dg-83942617f0a8-000003_ch3.wav,3DPrinter/test/section_00_test_000254.wav,a7b58284a965ed2f55dc5eb4b088508c137f2423439765d7a7808ce757886516,960044,2784552000,2785032000,92de93e0cbea87c2f48d37c5741755f781726b98528c47ada12d4bd51bbccff6,3.15,0.315,d2262272fd8b566f5255c759d9b8842f189ef0913408fc9e392ff2be6ee50e06,saved_rule_based,1.63
section_00_test_000255,test,target,anomaly,B,20260905T065117Z-ff4c5a98a32203bfe9f91cab,20260905T065117Z-ff4c5a98a32203bfe9f91cab-dg-83942617f0a8-000100,3,belt_tension_abnormal,belt_a_b,slow,belt-ab-low-v1-slow,front,soft-anomaly,clipped/audio_event_clean/anomaly/20260905T065117Z-ff4c5a98a32203bfe9f91cab-dg-83942617f0a8-000100_ch3.wav,3DPrinter/test/section_00_test_000255.wav,8aa666799ca2b91c2f5dc317c1323375241c3cac8d8712d7fdb4a5ded5852c41,960044,2831112000,2831592000,92de93e0cbea87c2f48d37c5741755f781726b98528c47ada12d4bd51bbccff6,10.0,1.0,d2262272fd8b566f5255c759d9b8842f189ef0913408fc9e392ff2be6ee50e06,saved_rule_based,1.63
section_00_test_000256,test,target,anomaly,B,20260905T065117Z-ff4c5a98a32203bfe9f91cab,20260905T065117Z-ff4c5a98a32203bfe9f91cab-dg-83942617f0a8-000177,3,belt_tension_abnormal,belt_a_b,slow,belt-ab-low-v1-slow,front,soft-anomaly,clipped/audio_event_clean/anomaly/20260905T065117Z-ff4c5a98a32203bfe9f91cab-dg-83942617f0a8-000177_ch3.wav,3DPrinter/test/section_00_test_000256.wav,3b9ffc580ca17d16cb42e5c5f1fefa4a618e6337b05d29b3fb0eec163483bdc9,960044,2868072000,2868552000,92de93e0cbea87c2f48d37c5741755f781726b98528c47ada12d4bd51bbccff6,10.0,1.0,d2262272fd8b566f5255c759d9b8842f189ef0913408fc9e392ff2be6ee50e06,saved_rule_based,1.63
section_00_test_000257,test,target,anomaly,B,20260905T065117Z-ff4c5a98a32203bfe9f91cab,20260905T065117Z-ff4c5a98a32203bfe9f91cab-dg-83942617f0a8-000178,3,belt_tension_abnormal,belt_a_b,slow,belt-ab-low-v1-slow,front,soft-anomaly,clipped/audio_event_clean/anomaly/20260905T065117Z-ff4c5a98a32203bfe9f91cab-dg-83942617f0a8-000178_ch3.wav,3DPrinter/test/section_00_test_000257.wav,97a681daa8989c7d06e40702c1344a846068ad56029ac52ce00be4e1cebe445c,960044,2868552000,2869032000,92de93e0cbea87c2f48d37c5741755f781726b98528c47ada12d4bd51bbccff6,10.0,1.0,d2262272fd8b566f5255c759d9b8842f189ef0913408fc9e392ff2be6ee50e06,saved_rule_based,1.63
section_00_test_000258,test,target,anomaly,B,20260905T091955Z-0ec9ac6a2a604ed98ae7628a,20260905T091955Z-0ec9ac6a2a604ed98ae7628a-dg-46b0b9c346d2-000022,3,belt_tension_abnormal,belt_a,slow,belt-a-low-v1-slow,front,soft-anomaly,clipped/audio_event_clean/anomaly/20260905T091955Z-0ec9ac6a2a604ed98ae7628a-dg-46b0b9c346d2-000022_ch3.wav,3DPrinter/test/section_00_test_000258.wav,20effca33dd2dcacc19ac1933faed358a775ca28090564b7584d6d73c420de15,960044,3221724000,3222204000,91abdd0ae8a047464f949cb0288f4b77142533d1976a73382cb1212cfff5df8b,3.39,0.339,e0ea696df7f60e9e7345b296c5b0d45ffc22c519fc11ccf17c73186eb5eac7a8,saved_rule_based,1.83
section_00_test_000259,test,target,anomaly,B,20260905T091955Z-0ec9ac6a2a604ed98ae7628a,20260905T091955Z-0ec9ac6a2a604ed98ae7628a-dg-46b0b9c346d2-000081,3,belt_tension_abnormal,belt_a,slow,belt-a-low-v1-slow,front,soft-anomaly,clipped/audio_event_clean/anomaly/20260905T091955Z-0ec9ac6a2a604ed98ae7628a-dg-46b0b9c346d2-000081_ch3.wav,3DPrinter/test/section_00_test_000259.wav,0de9344c50504ef41d651de58bad0f8c22b9793913b50a65025d57e1370ce5d0,960044,3250044000,3250524000,91abdd0ae8a047464f949cb0288f4b77142533d1976a73382cb1212cfff5df8b,10.0,1.0,e0ea696df7f60e9e7345b296c5b0d45ffc22c519fc11ccf17c73186eb5eac7a8,saved_rule_based,1.83
section_00_test_000260,test,target,anomaly,B,20260905T091955Z-0ec9ac6a2a604ed98ae7628a,20260905T091955Z-0ec9ac6a2a604ed98ae7628a-dg-46b0b9c346d2-000207,3,belt_tension_abnormal,belt_a,slow,belt-a-low-v1-slow,front,soft-anomaly,clipped/audio_event_clean/anomaly/20260905T091955Z-0ec9ac6a2a604ed98ae7628a-dg-46b0b9c346d2-000207_ch3.wav,3DPrinter/test/section_00_test_000260.wav,e72f78e45d4c03dab53c302720d4f4ac3e847271f9bd4d224e82477ed1985cee,960044,3310524000,3311004000,91abdd0ae8a047464f949cb0288f4b77142533d1976a73382cb1212cfff5df8b,8.73,0.873,e0ea696df7f60e9e7345b296c5b0d45ffc22c519fc11ccf17c73186eb5eac7a8,saved_rule_based,1.83
section_00_test_000261,test,target,anomaly,B,20260905T091955Z-0ec9ac6a2a604ed98ae7628a,20260905T091955Z-0ec9ac6a2a604ed98ae7628a-dg-46b0b9c346d2-000286,3,belt_tension_abnormal,belt_a,slow,belt-a-low-v1-slow,front,soft-anomaly,clipped/audio_event_clean/anomaly/20260905T091955Z-0ec9ac6a2a604ed98ae7628a-dg-46b0b9c346d2-000286_ch3.wav,3DPrinter/test/section_00_test_000261.wav,8dcaf7551589547546b09718d7e9162e49e9cbc589076ae4d22d9ae77e0b1bec,960044,3348444000,3348924000,91abdd0ae8a047464f949cb0288f4b77142533d1976a73382cb1212cfff5df8b,3.3,0.33,e0ea696df7f60e9e7345b296c5b0d45ffc22c519fc11ccf17c73186eb5eac7a8,saved_rule_based,1.83
section_00_test_000262,test,target,anomaly,B,20260905T145828Z-e26ab8e484b6efbd52f1acc1,20260905T145828Z-e26ab8e484b6efbd52f1acc1-dg-08aae5bf848d-000015,3,extruder_cogging_or_no_extrusion,extruder_cogging_or_no_extrusion,slow,extruder-cogging-slow,front,hard-anomaly,clipped/audio_event_clean/anomaly/20260905T145828Z-e26ab8e484b6efbd52f1acc1-dg-08aae5bf848d-000015_ch3.wav,3DPrinter/test/section_00_test_000262.wav,b9332dd6a9317599411e7d2e45668728ae5dff7caac9803bfa080e5a30f95462,960044,58804800,59284800,52277bad1e5ac7b5327875b6e72a00464afd2a6691dc9b79d3a887f8faf520fd,10.0,1.0,36e531064a1b0477e34241318d4a9aeca7b2d8e75be7dc6299b26a87ed820e0c,saved_rule_based,1.75
section_00_test_000263,test,target,anomaly,B,20260905T145828Z-e26ab8e484b6efbd52f1acc1,20260905T145828Z-e26ab8e484b6efbd52f1acc1-dg-08aae5bf848d-000030,3,extruder_cogging_or_no_extrusion,extruder_cogging_or_no_extrusion,slow,extruder-cogging-slow,front,hard-anomaly,clipped/audio_event_clean/anomaly/20260905T145828Z-e26ab8e484b6efbd52f1acc1-dg-08aae5bf848d-000030_ch3.wav,3DPrinter/test/section_00_test_000263.wav,8a3c5ada39ee6804beb0942e5a034aa89f19243ae724bb668c02f02ec2b3d9c8,960044,66004800,66484800,52277bad1e5ac7b5327875b6e72a00464afd2a6691dc9b79d3a887f8faf520fd,10.0,1.0,36e531064a1b0477e34241318d4a9aeca7b2d8e75be7dc6299b26a87ed820e0c,saved_rule_based,1.75
section_00_test_000264,test,target,anomaly,B,20260905T145828Z-e26ab8e484b6efbd52f1acc1,20260905T145828Z-e26ab8e484b6efbd52f1acc1-dg-08aae5bf848d-000032,3,extruder_cogging_or_no_extrusion,extruder_cogging_or_no_extrusion,slow,extruder-cogging-slow,front,hard-anomaly,clipped/audio_event_clean/anomaly/20260905T145828Z-e26ab8e484b6efbd52f1acc1-dg-08aae5bf848d-000032_ch3.wav,3DPrinter/test/section_00_test_000264.wav,804116c170642a637219d3282994ed131f57710c3204a77d04cf77b3e4994025,960044,66964800,67444800,52277bad1e5ac7b5327875b6e72a00464afd2a6691dc9b79d3a887f8faf520fd,9.5,0.95,36e531064a1b0477e34241318d4a9aeca7b2d8e75be7dc6299b26a87ed820e0c,saved_rule_based,1.75
section_00_test_000265,test,target,anomaly,B,20260905T145828Z-e26ab8e484b6efbd52f1acc1,20260905T145828Z-e26ab8e484b6efbd52f1acc1-dg-08aae5bf848d-000033,3,extruder_cogging_or_no_extrusion,extruder_cogging_or_no_extrusion,slow,extruder-cogging-slow,front,hard-anomaly,clipped/audio_event_clean/anomaly/20260905T145828Z-e26ab8e484b6efbd52f1acc1-dg-08aae5bf848d-000033_ch3.wav,3DPrinter/test/section_00_test_000265.wav,eb4452640020867c80ba47bc053d3ce7c119ce2dfb26980f7ff76780cf696dcd,960044,67444800,67924800,52277bad1e5ac7b5327875b6e72a00464afd2a6691dc9b79d3a887f8faf520fd,10.0,1.0,36e531064a1b0477e34241318d4a9aeca7b2d8e75be7dc6299b26a87ed820e0c,saved_rule_based,1.75
section_00_test_000266,test,target,anomaly,B,20260905T145828Z-e26ab8e484b6efbd52f1acc1,20260905T145828Z-e26ab8e484b6efbd52f1acc1-dg-08aae5bf848d-000062,3,extruder_cogging_or_no_extrusion,extruder_cogging_or_no_extrusion,slow,extruder-cogging-slow,front,hard-anomaly,clipped/audio_event_clean/anomaly/20260905T145828Z-e26ab8e484b6efbd52f1acc1-dg-08aae5bf848d-000062_ch3.wav,3DPrinter/test/section_00_test_000266.wav,f936e7c317de675d947d2365bc8a360fbc496e1cfcb6e70966b2e5f65f4ccf34,960044,81364800,81844800,52277bad1e5ac7b5327875b6e72a00464afd2a6691dc9b79d3a887f8faf520fd,10.0,1.0,36e531064a1b0477e34241318d4a9aeca7b2d8e75be7dc6299b26a87ed820e0c,saved_rule_based,1.75
section_00_test_000267,test,target,anomaly,B,20260905T145828Z-e26ab8e484b6efbd52f1acc1,20260905T145828Z-e26ab8e484b6efbd52f1acc1-dg-08aae5bf848d-000067,3,extruder_cogging_or_no_extrusion,extruder_cogging_or_no_extrusion,slow,extruder-cogging-slow,front,hard-anomaly,clipped/audio_event_clean/anomaly/20260905T145828Z-e26ab8e484b6efbd52f1acc1-dg-08aae5bf848d-000067_ch3.wav,3DPrinter/test/section_00_test_000267.wav,dcaf41cecba5b461d3dfdcd88bbddf4fc939c8a21bb997b0147324315bfed00f,960044,83764800,84244800,52277bad1e5ac7b5327875b6e72a00464afd2a6691dc9b79d3a887f8faf520fd,9.5,0.95,36e531064a1b0477e34241318d4a9aeca7b2d8e75be7dc6299b26a87ed820e0c,saved_rule_based,1.75
section_00_test_000268,test,target,anomaly,B,20260905T145828Z-e26ab8e484b6efbd52f1acc1,20260905T145828Z-e26ab8e484b6efbd52f1acc1-dg-08aae5bf848d-000120,3,extruder_cogging_or_no_extrusion,extruder_cogging_or_no_extrusion,slow,extruder-cogging-slow,front,hard-anomaly,clipped/audio_event_clean/anomaly/20260905T145828Z-e26ab8e484b6efbd52f1acc1-dg-08aae5bf848d-000120_ch3.wav,3DPrinter/test/section_00_test_000268.wav,1681c2c6dbc4a1751c78e59ff094c391a1685e6ce4609926cbd3a3b963b9cc19,960044,109204800,109684800,52277bad1e5ac7b5327875b6e72a00464afd2a6691dc9b79d3a887f8faf520fd,10.0,1.0,36e531064a1b0477e34241318d4a9aeca7b2d8e75be7dc6299b26a87ed820e0c,saved_rule_based,1.75
section_00_test_000269,test,target,anomaly,B,20260905T145828Z-e26ab8e484b6efbd52f1acc1,20260905T145828Z-e26ab8e484b6efbd52f1acc1-dg-08aae5bf848d-000160,3,extruder_cogging_or_no_extrusion,extruder_cogging_or_no_extrusion,slow,extruder-cogging-slow,front,hard-anomaly,clipped/audio_event_clean/anomaly/20260905T145828Z-e26ab8e484b6efbd52f1acc1-dg-08aae5bf848d-000160_ch3.wav,3DPrinter/test/section_00_test_000269.wav,70cb6c7eea57cba6ff025367bd112ac532cad789a3b7dca2e2781ef5e4b344ca,960044,128404800,128884800,52277bad1e5ac7b5327875b6e72a00464afd2a6691dc9b79d3a887f8faf520fd,10.0,1.0,36e531064a1b0477e34241318d4a9aeca7b2d8e75be7dc6299b26a87ed820e0c,saved_rule_based,1.75
section_00_test_000270,test,target,anomaly,B,20260905T145828Z-e26ab8e484b6efbd52f1acc1,20260905T145828Z-e26ab8e484b6efbd52f1acc1-dg-08aae5bf848d-000163,3,extruder_cogging_or_no_extrusion,extruder_cogging_or_no_extrusion,slow,extruder-cogging-slow,front,hard-anomaly,clipped/audio_event_clean/anomaly/20260905T145828Z-e26ab8e484b6efbd52f1acc1-dg-08aae5bf848d-000163_ch3.wav,3DPrinter/test/section_00_test_000270.wav,ca4ce306d0e410c79af2ac2a1056930fc30ee28ac65c27733336e0f66c783cb8,960044,129844800,130324800,52277bad1e5ac7b5327875b6e72a00464afd2a6691dc9b79d3a887f8faf520fd,10.0,1.0,36e531064a1b0477e34241318d4a9aeca7b2d8e75be7dc6299b26a87ed820e0c,saved_rule_based,1.75
section_00_test_000271,test,target,anomaly,B,20260905T145828Z-e26ab8e484b6efbd52f1acc1,20260905T145828Z-e26ab8e484b6efbd52f1acc1-dg-08aae5bf848d-000264,3,extruder_cogging_or_no_extrusion,extruder_cogging_or_no_extrusion,slow,extruder-cogging-slow,front,hard-anomaly,clipped/audio_event_clean/anomaly/20260905T145828Z-e26ab8e484b6efbd52f1acc1-dg-08aae5bf848d-000264_ch3.wav,3DPrinter/test/section_00_test_000271.wav,db383f39349c0a91edfa8743a6f6bc0b18a13c37ac69ff16e0bc4103256e7307,960044,178324800,178804800,52277bad1e5ac7b5327875b6e72a00464afd2a6691dc9b79d3a887f8faf520fd,10.0,1.0,36e531064a1b0477e34241318d4a9aeca7b2d8e75be7dc6299b26a87ed820e0c,saved_rule_based,1.75
section_00_test_000272,test,target,anomaly,B,20260905T145828Z-e26ab8e484b6efbd52f1acc1,20260905T145828Z-e26ab8e484b6efbd52f1acc1-dg-08aae5bf848d-000290,3,extruder_cogging_or_no_extrusion,extruder_cogging_or_no_extrusion,slow,extruder-cogging-slow,front,hard-anomaly,clipped/audio_event_clean/anomaly/20260905T145828Z-e26ab8e484b6efbd52f1acc1-dg-08aae5bf848d-000290_ch3.wav,3DPrinter/test/section_00_test_000272.wav,e85c0085bd703b358a031f77495deffb7c75c0481eb770622ce46c8d60933e5d,960044,190804800,191284800,52277bad1e5ac7b5327875b6e72a00464afd2a6691dc9b79d3a887f8faf520fd,10.0,1.0,36e531064a1b0477e34241318d4a9aeca7b2d8e75be7dc6299b26a87ed820e0c,saved_rule_based,1.75
section_00_test_000273,test,target,anomaly,B,20260905T145828Z-e26ab8e484b6efbd52f1acc1,20260905T145828Z-e26ab8e484b6efbd52f1acc1-dg-08aae5bf848d-000300,3,extruder_cogging_or_no_extrusion,extruder_cogging_or_no_extrusion,slow,extruder-cogging-slow,front,hard-anomaly,clipped/audio_event_clean/anomaly/20260905T145828Z-e26ab8e484b6efbd52f1acc1-dg-08aae5bf848d-000300_ch3.wav,3DPrinter/test/section_00_test_000273.wav,f4459875e47ed0db0dee4a6b66c6d0960f38c8ef73d84f3038ee5b882a6dd0ae,960044,195604800,196084800,52277bad1e5ac7b5327875b6e72a00464afd2a6691dc9b79d3a887f8faf520fd,9.75,0.975,36e531064a1b0477e34241318d4a9aeca7b2d8e75be7dc6299b26a87ed820e0c,saved_rule_based,1.75
section_00_test_000274,test,target,anomaly,B,20260906T033116Z-0586ff9054959f9204f6cde4,20260906T033116Z-0586ff9054959f9204f6cde4-dg-1ed7ad1ed3c8-000001,3,toolhead_collision,collision_x-min,slow,toolhead-collision-x-min-slow,front,hard-anomaly,clipped/audio_event_clean/anomaly/20260906T033116Z-0586ff9054959f9204f6cde4-dg-1ed7ad1ed3c8-000001_ch3.wav,3DPrinter/test/section_00_test_000274.wav,352f12bc65c6abf76a99d63798d9a75bcaad5ea42f69f710c8701906e7aaab19,960044,162220800,162700800,0f5a84926688b1f8599ab09210196cc5e71cc64db14a109aaa93e9bcdc9e5d7c,1.26,0.126,,frozen_r3_collision,1.22
section_00_test_000275,test,target,anomaly,B,20260906T033116Z-0586ff9054959f9204f6cde4,20260906T033116Z-0586ff9054959f9204f6cde4-dg-1ed7ad1ed3c8-000009,3,toolhead_collision,collision_x-min,slow,toolhead-collision-x-min-slow,front,hard-anomaly,clipped/audio_event_clean/anomaly/20260906T033116Z-0586ff9054959f9204f6cde4-dg-1ed7ad1ed3c8-000009_ch3.wav,3DPrinter/test/section_00_test_000275.wav,8d31476143507e5c4648fb60086bfa8037f670687dca7caa1ebd8311f2310ddd,960044,166060800,166540800,0f5a84926688b1f8599ab09210196cc5e71cc64db14a109aaa93e9bcdc9e5d7c,1.68,0.168,,frozen_r3_collision,1.22
section_00_test_000276,test,target,anomaly,B,20260906T033116Z-0586ff9054959f9204f6cde4,20260906T033116Z-0586ff9054959f9204f6cde4-dg-1ed7ad1ed3c8-000013,3,toolhead_collision,collision_x-min,slow,toolhead-collision-x-min-slow,front,hard-anomaly,clipped/audio_event_clean/anomaly/20260906T033116Z-0586ff9054959f9204f6cde4-dg-1ed7ad1ed3c8-000013_ch3.wav,3DPrinter/test/section_00_test_000276.wav,33233cb0ea6a3e8b963f2ad3fa5dc571111f6aa1152ef619424583f66bf05a29,960044,167980800,168460800,0f5a84926688b1f8599ab09210196cc5e71cc64db14a109aaa93e9bcdc9e5d7c,1.62,0.162,,frozen_r3_collision,1.22
section_00_test_000277,test,target,anomaly,B,20260906T085412Z-5489b83342d7e2fba29031b6,20260906T085412Z-5489b83342d7e2fba29031b6-dg-d0b7d9918dfc-000011,3,toolhead_collision,collision_x-max,slow,toolhead-collision-x-max-slow,front,hard-anomaly,clipped/audio_event_clean/anomaly/20260906T085412Z-5489b83342d7e2fba29031b6-dg-d0b7d9918dfc-000011_ch3.wav,3DPrinter/test/section_00_test_000277.wav,d7fb3d402b23fb8f11933f5917ec3c4eba65ca40d46016bcb4fc917d3104fd25,960044,8664000,9144000,d4603091e9aebe603cc5958042ece4f7ce2b8c2a1bcb6912717434fda78ec4d8,2.1,0.21,,frozen_r3_collision,1.32
section_00_test_000278,test,target,anomaly,B,20260906T085412Z-5489b83342d7e2fba29031b6,20260906T085412Z-5489b83342d7e2fba29031b6-dg-d0b7d9918dfc-000032,3,toolhead_collision,collision_x-max,slow,toolhead-collision-x-max-slow,front,hard-anomaly,clipped/audio_event_clean/anomaly/20260906T085412Z-5489b83342d7e2fba29031b6-dg-d0b7d9918dfc-000032_ch3.wav,3DPrinter/test/section_00_test_000278.wav,99f293c73437aaf1014fcc437e6852d37df7f68269d32e96dfd63ae5050fa487,960044,18744000,19224000,d4603091e9aebe603cc5958042ece4f7ce2b8c2a1bcb6912717434fda78ec4d8,1.3,0.13,,frozen_r3_collision,1.32
section_00_test_000279,test,target,anomaly,B,20260906T085412Z-5489b83342d7e2fba29031b6,20260906T085412Z-5489b83342d7e2fba29031b6-dg-d0b7d9918dfc-000035,3,toolhead_collision,collision_x-max,slow,toolhead-collision-x-max-slow,front,hard-anomaly,clipped/audio_event_clean/anomaly/20260906T085412Z-5489b83342d7e2fba29031b6-dg-d0b7d9918dfc-000035_ch3.wav,3DPrinter/test/section_00_test_000279.wav,fc59c7835446206231c9845d516e80a2538bd7bf1be4d4f43eaae93ff72bfd40,960044,20184000,20664000,d4603091e9aebe603cc5958042ece4f7ce2b8c2a1bcb6912717434fda78ec4d8,0.65,0.065,,frozen_r3_collision,1.32
section_00_test_000280,test,target,anomaly,B,20260906T092852Z-b2f259b9c6ca413c5493d6af,20260906T092852Z-b2f259b9c6ca413c5493d6af-dg-2cdedaa876a9-000029,3,toolhead_collision,collision_y-max,slow,toolhead-collision-y-max-slow,front,hard-anomaly,clipped/audio_event_clean/anomaly/20260906T092852Z-b2f259b9c6ca413c5493d6af-dg-2cdedaa876a9-000029_ch3.wav,3DPrinter/test/section_00_test_000280.wav,5771bbeed8a05452e104873bb28970c5f07e03532beb072b9325912d05f616e9,960044,117120000,117600000,77ddbd112a5c4308e6b7eef10c7a20145275937e64c84617a0e231a6a615e7ca,0.18,0.018,,frozen_r3_collision,1.08
section_00_test_000281,test,target,anomaly,B,20260906T092852Z-b2f259b9c6ca413c5493d6af,20260906T092852Z-b2f259b9c6ca413c5493d6af-dg-2cdedaa876a9-000058,3,toolhead_collision,collision_y-max,slow,toolhead-collision-y-max-slow,front,hard-anomaly,clipped/audio_event_clean/anomaly/20260906T092852Z-b2f259b9c6ca413c5493d6af-dg-2cdedaa876a9-000058_ch3.wav,3DPrinter/test/section_00_test_000281.wav,58df0a4920d3407d51c1cbcc2794ebbdcd10710936d2e137029e2e2e78e6d02b,960044,131040000,131520000,77ddbd112a5c4308e6b7eef10c7a20145275937e64c84617a0e231a6a615e7ca,0.64,0.064,,frozen_r3_collision,1.08
section_00_test_000282,test,target,anomaly,B,20260906T100342Z-59979407ad61cc09639d1b0a,20260906T100342Z-59979407ad61cc09639d1b0a-dg-f7f1015b587b-000005,3,toolhead_collision,collision_x-min-y-max,slow,toolhead-collision-x-min-y-max-slow,front,hard-anomaly,clipped/audio_event_clean/anomaly/20260906T100342Z-59979407ad61cc09639d1b0a-dg-f7f1015b587b-000005_ch3.wav,3DPrinter/test/section_00_test_000282.wav,43f6ed649bd83408c35de0112f23fbcb08921132c342cd83be8920d0654e0033,960044,205968000,206448000,659285aa2877af9a750eb6af026e998dd64f5c7f4dc16f38ef34401468fa6272,0.62,0.062,,frozen_r3_collision,1.14
section_00_test_000283,test,target,anomaly,B,20260906T100342Z-59979407ad61cc09639d1b0a,20260906T100342Z-59979407ad61cc09639d1b0a-dg-f7f1015b587b-000064,3,toolhead_collision,collision_x-min-y-max,slow,toolhead-collision-x-min-y-max-slow,front,hard-anomaly,clipped/audio_event_clean/anomaly/20260906T100342Z-59979407ad61cc09639d1b0a-dg-f7f1015b587b-000064_ch3.wav,3DPrinter/test/section_00_test_000283.wav,c8376cdfef7639bffde15bf47dfe3c31848285632510df5d31abea73941e49ff,960044,234288000,234768000,659285aa2877af9a750eb6af026e998dd64f5c7f4dc16f38ef34401468fa6272,0.64,0.064,,frozen_r3_collision,1.14
section_00_test_000284,test,target,anomaly,B,20260906T100342Z-59979407ad61cc09639d1b0a,20260906T100342Z-59979407ad61cc09639d1b0a-dg-f7f1015b587b-000123,3,toolhead_collision,collision_x-min-y-max,slow,toolhead-collision-x-min-y-max-slow,front,hard-anomaly,clipped/audio_event_clean/anomaly/20260906T100342Z-59979407ad61cc09639d1b0a-dg-f7f1015b587b-000123_ch3.wav,3DPrinter/test/section_00_test_000284.wav,8a11274402c8fbbf5f09b5dc5804ad051d5e46539aa6888e1aeecd1236b4baa0,960044,262608000,263088000,659285aa2877af9a750eb6af026e998dd64f5c7f4dc16f38ef34401468fa6272,0.64,0.064,,frozen_r3_collision,1.14
section_00_test_000285,test,target,anomaly,B,20260906T104126Z-e58f1f7c38bf0a54c280b3ef,20260906T104126Z-e58f1f7c38bf0a54c280b3ef-dg-8f4af5b2f3d9-000034,3,toolhead_collision,collision_x-max-y-max,slow,toolhead-collision-x-max-y-max-slow,front,hard-anomaly,clipped/audio_event_clean/anomaly/20260906T104126Z-e58f1f7c38bf0a54c280b3ef-dg-8f4af5b2f3d9-000034_ch3.wav,3DPrinter/test/section_00_test_000285.wav,a9e6b0165edae0ce47eb51fcea40ea800584586bb3fa0e1d353cf1d7d9b15572,960044,328560000,329040000,a2e2fd632b2f9ca0d734a2053f8e6b935974a4d69a884eabb1483cb89d96c714,0.2,0.02,,frozen_r3_collision,1.18
section_00_test_000286,test,target,anomaly,B,20260906T104126Z-e58f1f7c38bf0a54c280b3ef,20260906T104126Z-e58f1f7c38bf0a54c280b3ef-dg-8f4af5b2f3d9-000055,3,toolhead_collision,collision_x-max-y-max,slow,toolhead-collision-x-max-y-max-slow,front,hard-anomaly,clipped/audio_event_clean/anomaly/20260906T104126Z-e58f1f7c38bf0a54c280b3ef-dg-8f4af5b2f3d9-000055_ch3.wav,3DPrinter/test/section_00_test_000286.wav,a547a590b18de58a8cba04e41f93e81c60485d25f216c0f5f1a26af530d990ef,960044,338640000,339120000,a2e2fd632b2f9ca0d734a2053f8e6b935974a4d69a884eabb1483cb89d96c714,0.16,0.016,,frozen_r3_collision,1.18
section_00_test_000287,test,target,anomaly,B,20260906T131853Z-2be35f053fd4b32b11ffc479,20260906T131853Z-2be35f053fd4b32b11ffc479-dg-47d95fda2175-000049,3,cooling_fan_fault,cooling_fan_fault,slow,fan-blade-damage-bilateral-v3-slow,front,hard-anomaly,clipped/audio_event_clean/anomaly/20260906T131853Z-2be35f053fd4b32b11ffc479-dg-47d95fda2175-000049_ch3.wav,3DPrinter/test/section_00_test_000287.wav,4868bbf6619bcc7b6b14415418af2694734058c97c70a22d20a30b6b7078e392,960044,788872800,789352800,5939a5ad0927967b708777b329cfc571ba80f5ce4b131cd52563992c58869a1a,10.0,1.0,2e9f198250bbf8f72b0e404a1a5728955812c4451cf2a290897a82f836380df8,saved_rule_based,1.73
section_00_test_000288,test,target,anomaly,B,20260906T131853Z-2be35f053fd4b32b11ffc479,20260906T131853Z-2be35f053fd4b32b11ffc479-dg-47d95fda2175-000059,3,cooling_fan_fault,cooling_fan_fault,slow,fan-blade-damage-bilateral-v3-slow,front,hard-anomaly,clipped/audio_event_clean/anomaly/20260906T131853Z-2be35f053fd4b32b11ffc479-dg-47d95fda2175-000059_ch3.wav,3DPrinter/test/section_00_test_000288.wav,2936a6ee6a0847b775fb76369cb284d9ba22943e2e43715ebe453f2ed82670a3,960044,793672800,794152800,5939a5ad0927967b708777b329cfc571ba80f5ce4b131cd52563992c58869a1a,10.0,1.0,2e9f198250bbf8f72b0e404a1a5728955812c4451cf2a290897a82f836380df8,saved_rule_based,1.73
section_00_test_000289,test,target,anomaly,B,20260906T131853Z-2be35f053fd4b32b11ffc479,20260906T131853Z-2be35f053fd4b32b11ffc479-dg-47d95fda2175-000080,3,cooling_fan_fault,cooling_fan_fault,slow,fan-blade-damage-bilateral-v3-slow,front,hard-anomaly,clipped/audio_event_clean/anomaly/20260906T131853Z-2be35f053fd4b32b11ffc479-dg-47d95fda2175-000080_ch3.wav,3DPrinter/test/section_00_test_000289.wav,c77ecafb1844a503c7c78960aa3fbc8b0b0646ae25384786444acb3306363410,960044,803752800,804232800,5939a5ad0927967b708777b329cfc571ba80f5ce4b131cd52563992c58869a1a,10.0,1.0,2e9f198250bbf8f72b0e404a1a5728955812c4451cf2a290897a82f836380df8,saved_rule_based,1.73
section_00_test_000290,test,target,anomaly,B,20260906T131853Z-2be35f053fd4b32b11ffc479,20260906T131853Z-2be35f053fd4b32b11ffc479-dg-47d95fda2175-000085,3,cooling_fan_fault,cooling_fan_fault,slow,fan-blade-damage-bilateral-v3-slow,front,hard-anomaly,clipped/audio_event_clean/anomaly/20260906T131853Z-2be35f053fd4b32b11ffc479-dg-47d95fda2175-000085_ch3.wav,3DPrinter/test/section_00_test_000290.wav,9db33669d0efc40151b14a2672430fd061d0cc330f99cf9e28b2358646d96a77,960044,806152800,806632800,5939a5ad0927967b708777b329cfc571ba80f5ce4b131cd52563992c58869a1a,10.0,1.0,2e9f198250bbf8f72b0e404a1a5728955812c4451cf2a290897a82f836380df8,saved_rule_based,1.73
section_00_test_000291,test,target,anomaly,B,20260906T131853Z-2be35f053fd4b32b11ffc479,20260906T131853Z-2be35f053fd4b32b11ffc479-dg-47d95fda2175-000174,3,cooling_fan_fault,cooling_fan_fault,slow,fan-blade-damage-bilateral-v3-slow,front,hard-anomaly,clipped/audio_event_clean/anomaly/20260906T131853Z-2be35f053fd4b32b11ffc479-dg-47d95fda2175-000174_ch3.wav,3DPrinter/test/section_00_test_000291.wav,576628f0fd1595c612900d2b88be20f77a4ef9237423cccbe2191b7db1b73896,960044,848872800,849352800,5939a5ad0927967b708777b329cfc571ba80f5ce4b131cd52563992c58869a1a,10.0,1.0,2e9f198250bbf8f72b0e404a1a5728955812c4451cf2a290897a82f836380df8,saved_rule_based,1.73
section_00_test_000292,test,target,anomaly,B,20260906T131853Z-2be35f053fd4b32b11ffc479,20260906T131853Z-2be35f053fd4b32b11ffc479-dg-47d95fda2175-000180,3,cooling_fan_fault,cooling_fan_fault,slow,fan-blade-damage-bilateral-v3-slow,front,hard-anomaly,clipped/audio_event_clean/anomaly/20260906T131853Z-2be35f053fd4b32b11ffc479-dg-47d95fda2175-000180_ch3.wav,3DPrinter/test/section_00_test_000292.wav,56f08394fd1f75fbdeaea6994247d838f8bccbefdd1b745d9d6ad2af3d21bac5,960044,851752800,852232800,5939a5ad0927967b708777b329cfc571ba80f5ce4b131cd52563992c58869a1a,10.0,1.0,2e9f198250bbf8f72b0e404a1a5728955812c4451cf2a290897a82f836380df8,saved_rule_based,1.73
section_00_test_000293,test,target,anomaly,B,20260906T131853Z-2be35f053fd4b32b11ffc479,20260906T131853Z-2be35f053fd4b32b11ffc479-dg-47d95fda2175-000201,3,cooling_fan_fault,cooling_fan_fault,slow,fan-blade-damage-bilateral-v3-slow,front,hard-anomaly,clipped/audio_event_clean/anomaly/20260906T131853Z-2be35f053fd4b32b11ffc479-dg-47d95fda2175-000201_ch3.wav,3DPrinter/test/section_00_test_000293.wav,65f310b0f1759f7c44dabca3d65b99ea21738ab5aa5d6359cfea5c275191c219,960044,861832800,862312800,5939a5ad0927967b708777b329cfc571ba80f5ce4b131cd52563992c58869a1a,10.0,1.0,2e9f198250bbf8f72b0e404a1a5728955812c4451cf2a290897a82f836380df8,saved_rule_based,1.73
section_00_test_000294,test,target,anomaly,B,20260906T131853Z-2be35f053fd4b32b11ffc479,20260906T131853Z-2be35f053fd4b32b11ffc479-dg-47d95fda2175-000237,3,cooling_fan_fault,cooling_fan_fault,slow,fan-blade-damage-bilateral-v3-slow,front,hard-anomaly,clipped/audio_event_clean/anomaly/20260906T131853Z-2be35f053fd4b32b11ffc479-dg-47d95fda2175-000237_ch3.wav,3DPrinter/test/section_00_test_000294.wav,95b50f3185c7c88ead5085fe051608b85b4a831af26751fb340253361890b0eb,960044,879112800,879592800,5939a5ad0927967b708777b329cfc571ba80f5ce4b131cd52563992c58869a1a,10.0,1.0,2e9f198250bbf8f72b0e404a1a5728955812c4451cf2a290897a82f836380df8,saved_rule_based,1.73
section_00_test_000295,test,target,anomaly,B,20260906T131853Z-2be35f053fd4b32b11ffc479,20260906T131853Z-2be35f053fd4b32b11ffc479-dg-47d95fda2175-000247,3,cooling_fan_fault,cooling_fan_fault,slow,fan-blade-damage-bilateral-v3-slow,front,hard-anomaly,clipped/audio_event_clean/anomaly/20260906T131853Z-2be35f053fd4b32b11ffc479-dg-47d95fda2175-000247_ch3.wav,3DPrinter/test/section_00_test_000295.wav,011f9d428aa41fc977b73b24f2c6211eced3c4268141aa20861cf160b8803e0d,960044,883912800,884392800,5939a5ad0927967b708777b329cfc571ba80f5ce4b131cd52563992c58869a1a,10.0,1.0,2e9f198250bbf8f72b0e404a1a5728955812c4451cf2a290897a82f836380df8,saved_rule_based,1.73
section_00_test_000296,test,target,anomaly,B,20260906T131853Z-2be35f053fd4b32b11ffc479,20260906T131853Z-2be35f053fd4b32b11ffc479-dg-47d95fda2175-000250,3,cooling_fan_fault,cooling_fan_fault,slow,fan-blade-damage-bilateral-v3-slow,front,hard-anomaly,clipped/audio_event_clean/anomaly/20260906T131853Z-2be35f053fd4b32b11ffc479-dg-47d95fda2175-000250_ch3.wav,3DPrinter/test/section_00_test_000296.wav,e630ed3a72843f8470e76623af5e5f84bc65c05136c84f8d44eef3aac33824dc,960044,885352800,885832800,5939a5ad0927967b708777b329cfc571ba80f5ce4b131cd52563992c58869a1a,10.0,1.0,2e9f198250bbf8f72b0e404a1a5728955812c4451cf2a290897a82f836380df8,saved_rule_based,1.73
section_00_test_000297,test,target,anomaly,B,20260906T131853Z-2be35f053fd4b32b11ffc479,20260906T131853Z-2be35f053fd4b32b11ffc479-dg-47d95fda2175-000264,3,cooling_fan_fault,cooling_fan_fault,slow,fan-blade-damage-bilateral-v3-slow,front,hard-anomaly,clipped/audio_event_clean/anomaly/20260906T131853Z-2be35f053fd4b32b11ffc479-dg-47d95fda2175-000264_ch3.wav,3DPrinter/test/section_00_test_000297.wav,8b24b7c823f13b543184a33bbbc64acfab6bcc314860222b3d5b71fc1eceee09,960044,892072800,892552800,5939a5ad0927967b708777b329cfc571ba80f5ce4b131cd52563992c58869a1a,10.0,1.0,2e9f198250bbf8f72b0e404a1a5728955812c4451cf2a290897a82f836380df8,saved_rule_based,1.73
section_00_test_000298,test,target,anomaly,B,20260906T131853Z-2be35f053fd4b32b11ffc479,20260906T131853Z-2be35f053fd4b32b11ffc479-dg-47d95fda2175-000277,3,cooling_fan_fault,cooling_fan_fault,slow,fan-blade-damage-bilateral-v3-slow,front,hard-anomaly,clipped/audio_event_clean/anomaly/20260906T131853Z-2be35f053fd4b32b11ffc479-dg-47d95fda2175-000277_ch3.wav,3DPrinter/test/section_00_test_000298.wav,d1b430006139a855cc4fc5795598204b5ded0f301e088d51c61acfba3743e7e9,960044,898312800,898792800,5939a5ad0927967b708777b329cfc571ba80f5ce4b131cd52563992c58869a1a,10.0,1.0,2e9f198250bbf8f72b0e404a1a5728955812c4451cf2a290897a82f836380df8,saved_rule_based,1.73
section_00_test_000299,test,target,anomaly,B,20260906T131853Z-2be35f053fd4b32b11ffc479,20260906T131853Z-2be35f053fd4b32b11ffc479-dg-47d95fda2175-000283,3,cooling_fan_fault,cooling_fan_fault,slow,fan-blade-damage-bilateral-v3-slow,front,hard-anomaly,clipped/audio_event_clean/anomaly/20260906T131853Z-2be35f053fd4b32b11ffc479-dg-47d95fda2175-000283_ch3.wav,3DPrinter/test/section_00_test_000299.wav,bd63c6a0c3c5134cabd3d715e38741fdd0a1aca35e06c82c1ede053ab20fba28,960044,901192800,901672800,5939a5ad0927967b708777b329cfc571ba80f5ce4b131cd52563992c58869a1a,10.0,1.0,2e9f198250bbf8f72b0e404a1a5728955812c4451cf2a290897a82f836380df8,saved_rule_based,1.73
section_00_test_000300,test,target,normal,B,20260904T181815Z-34f9bd77290592aace48ae82,20260904T181815Z-34f9bd77290592aace48ae82-dg-615b3981072d-000011,1,none,none,slow,normal-slow-3,rear,normal,clipped/audio_event_clean/normal/20260904T181815Z-34f9bd77290592aace48ae82-dg-615b3981072d-000011_ch1.wav,3DPrinter/test/section_00_test_000300.wav,e277f89ecaf0810356ff31b5bc941878f612822417ad94ed494623f9bb048dc9,960044,619608000,620088000,7403aa2bd6a7fb9d1933ea5c51ea305371179867a308a258dcd214de7b5e6827,0,0,13c869d9ddcbc5da5b8dc1aefd223cd50895e7fff08a9092e764dce76e684c88,saved_rule_based,1.67
section_00_test_000301,test,target,normal,B,20260904T181815Z-34f9bd77290592aace48ae82,20260904T181815Z-34f9bd77290592aace48ae82-dg-615b3981072d-000012,1,none,none,slow,normal-slow-3,rear,normal,clipped/audio_event_clean/normal/20260904T181815Z-34f9bd77290592aace48ae82-dg-615b3981072d-000012_ch1.wav,3DPrinter/test/section_00_test_000301.wav,706984202105c4c1cc3ec8e83e9f7aba5cc6c2d654ccc30e20d67ee31899e97b,960044,620088000,620568000,7403aa2bd6a7fb9d1933ea5c51ea305371179867a308a258dcd214de7b5e6827,0,0,13c869d9ddcbc5da5b8dc1aefd223cd50895e7fff08a9092e764dce76e684c88,saved_rule_based,1.67
section_00_test_000302,test,target,normal,B,20260904T181815Z-34f9bd77290592aace48ae82,20260904T181815Z-34f9bd77290592aace48ae82-dg-615b3981072d-000013,1,none,none,slow,normal-slow-3,rear,normal,clipped/audio_event_clean/normal/20260904T181815Z-34f9bd77290592aace48ae82-dg-615b3981072d-000013_ch1.wav,3DPrinter/test/section_00_test_000302.wav,0767413d8590d978507d1852f7f69055f85cf4f42a39cbc6978e4f5f10e00c10,960044,620568000,621048000,7403aa2bd6a7fb9d1933ea5c51ea305371179867a308a258dcd214de7b5e6827,0,0,13c869d9ddcbc5da5b8dc1aefd223cd50895e7fff08a9092e764dce76e684c88,saved_rule_based,1.67
section_00_test_000303,test,target,normal,B,20260904T181815Z-34f9bd77290592aace48ae82,20260904T181815Z-34f9bd77290592aace48ae82-dg-615b3981072d-000018,1,none,none,slow,normal-slow-3,rear,normal,clipped/audio_event_clean/normal/20260904T181815Z-34f9bd77290592aace48ae82-dg-615b3981072d-000018_ch1.wav,3DPrinter/test/section_00_test_000303.wav,8f66358d00b96f4cf7ca77827d8a088ae2827675863f49522dc5bf9d9264d40b,960044,622968000,623448000,7403aa2bd6a7fb9d1933ea5c51ea305371179867a308a258dcd214de7b5e6827,0,0,13c869d9ddcbc5da5b8dc1aefd223cd50895e7fff08a9092e764dce76e684c88,saved_rule_based,1.67
section_00_test_000304,test,target,normal,B,20260904T181815Z-34f9bd77290592aace48ae82,20260904T181815Z-34f9bd77290592aace48ae82-dg-615b3981072d-000024,1,none,none,slow,normal-slow-3,rear,normal,clipped/audio_event_clean/normal/20260904T181815Z-34f9bd77290592aace48ae82-dg-615b3981072d-000024_ch1.wav,3DPrinter/test/section_00_test_000304.wav,cc727c368205e773b7ea8e608cd05739b1fb15afdab98fe8bc4225b988d340c2,960044,625848000,626328000,7403aa2bd6a7fb9d1933ea5c51ea305371179867a308a258dcd214de7b5e6827,0,0,13c869d9ddcbc5da5b8dc1aefd223cd50895e7fff08a9092e764dce76e684c88,saved_rule_based,1.67
section_00_test_000305,test,target,normal,B,20260904T181815Z-34f9bd77290592aace48ae82,20260904T181815Z-34f9bd77290592aace48ae82-dg-615b3981072d-000031,1,none,none,slow,normal-slow-3,rear,normal,clipped/audio_event_clean/normal/20260904T181815Z-34f9bd77290592aace48ae82-dg-615b3981072d-000031_ch1.wav,3DPrinter/test/section_00_test_000305.wav,dee8061823212c4fe7187c9fad1c034d1ce2b4865dcf8828bb6c56dcfc3d4aa6,960044,629208000,629688000,7403aa2bd6a7fb9d1933ea5c51ea305371179867a308a258dcd214de7b5e6827,0,0,13c869d9ddcbc5da5b8dc1aefd223cd50895e7fff08a9092e764dce76e684c88,saved_rule_based,1.67
section_00_test_000306,test,target,normal,B,20260904T181815Z-34f9bd77290592aace48ae82,20260904T181815Z-34f9bd77290592aace48ae82-dg-615b3981072d-000035,1,none,none,slow,normal-slow-3,rear,normal,clipped/audio_event_clean/normal/20260904T181815Z-34f9bd77290592aace48ae82-dg-615b3981072d-000035_ch1.wav,3DPrinter/test/section_00_test_000306.wav,c2797ebcbc3c8d58e3b895f19e6080490d8d8713627c83920e6a436a9dd9bcfc,960044,631128000,631608000,7403aa2bd6a7fb9d1933ea5c51ea305371179867a308a258dcd214de7b5e6827,0,0,13c869d9ddcbc5da5b8dc1aefd223cd50895e7fff08a9092e764dce76e684c88,saved_rule_based,1.67
section_00_test_000307,test,target,normal,B,20260904T181815Z-34f9bd77290592aace48ae82,20260904T181815Z-34f9bd77290592aace48ae82-dg-615b3981072d-000047,1,none,none,slow,normal-slow-3,rear,normal,clipped/audio_event_clean/normal/20260904T181815Z-34f9bd77290592aace48ae82-dg-615b3981072d-000047_ch1.wav,3DPrinter/test/section_00_test_000307.wav,3b92e89d7fc22c8cd3c47727637711621d3cb8cc0a90562dce55c2d271460453,960044,636888000,637368000,7403aa2bd6a7fb9d1933ea5c51ea305371179867a308a258dcd214de7b5e6827,0,0,13c869d9ddcbc5da5b8dc1aefd223cd50895e7fff08a9092e764dce76e684c88,saved_rule_based,1.67
section_00_test_000308,test,target,normal,B,20260904T181815Z-34f9bd77290592aace48ae82,20260904T181815Z-34f9bd77290592aace48ae82-dg-615b3981072d-000051,1,none,none,slow,normal-slow-3,rear,normal,clipped/audio_event_clean/normal/20260904T181815Z-34f9bd77290592aace48ae82-dg-615b3981072d-000051_ch1.wav,3DPrinter/test/section_00_test_000308.wav,4c10dcfc306fbd3deb6fe11812cbaf55e2495505dfda2f7e402c40c591e88812,960044,638808000,639288000,7403aa2bd6a7fb9d1933ea5c51ea305371179867a308a258dcd214de7b5e6827,0,0,13c869d9ddcbc5da5b8dc1aefd223cd50895e7fff08a9092e764dce76e684c88,saved_rule_based,1.67
section_00_test_000309,test,target,normal,B,20260904T181815Z-34f9bd77290592aace48ae82,20260904T181815Z-34f9bd77290592aace48ae82-dg-615b3981072d-000052,1,none,none,slow,normal-slow-3,rear,normal,clipped/audio_event_clean/normal/20260904T181815Z-34f9bd77290592aace48ae82-dg-615b3981072d-000052_ch1.wav,3DPrinter/test/section_00_test_000309.wav,9ee08125aabb39c3a7869e04b741e338a7781b9be6274f90499d838d3f47b931,960044,639288000,639768000,7403aa2bd6a7fb9d1933ea5c51ea305371179867a308a258dcd214de7b5e6827,0,0,13c869d9ddcbc5da5b8dc1aefd223cd50895e7fff08a9092e764dce76e684c88,saved_rule_based,1.67
section_00_test_000310,test,target,normal,B,20260904T181815Z-34f9bd77290592aace48ae82,20260904T181815Z-34f9bd77290592aace48ae82-dg-615b3981072d-000053,1,none,none,slow,normal-slow-3,rear,normal,clipped/audio_event_clean/normal/20260904T181815Z-34f9bd77290592aace48ae82-dg-615b3981072d-000053_ch1.wav,3DPrinter/test/section_00_test_000310.wav,0dd1e3b0f7f12bc0608aec68ae5f98697d8ca0bc11401171b860ac680da014aa,960044,639768000,640248000,7403aa2bd6a7fb9d1933ea5c51ea305371179867a308a258dcd214de7b5e6827,0,0,13c869d9ddcbc5da5b8dc1aefd223cd50895e7fff08a9092e764dce76e684c88,saved_rule_based,1.67
section_00_test_000311,test,target,normal,B,20260904T181815Z-34f9bd77290592aace48ae82,20260904T181815Z-34f9bd77290592aace48ae82-dg-615b3981072d-000060,1,none,none,slow,normal-slow-3,rear,normal,clipped/audio_event_clean/normal/20260904T181815Z-34f9bd77290592aace48ae82-dg-615b3981072d-000060_ch1.wav,3DPrinter/test/section_00_test_000311.wav,0cb4e3cc86d33718625e5b4b0bc22c0daa9a888e6a4add59b7fee00617c335b2,960044,643128000,643608000,7403aa2bd6a7fb9d1933ea5c51ea305371179867a308a258dcd214de7b5e6827,0,0,13c869d9ddcbc5da5b8dc1aefd223cd50895e7fff08a9092e764dce76e684c88,saved_rule_based,1.67
section_00_test_000312,test,target,normal,B,20260904T181815Z-34f9bd77290592aace48ae82,20260904T181815Z-34f9bd77290592aace48ae82-dg-615b3981072d-000063,1,none,none,slow,normal-slow-3,rear,normal,clipped/audio_event_clean/normal/20260904T181815Z-34f9bd77290592aace48ae82-dg-615b3981072d-000063_ch1.wav,3DPrinter/test/section_00_test_000312.wav,9d2f13e902c281d3991c53650780e52422d9897b9fa31b44fbe27c8426eeb607,960044,644568000,645048000,7403aa2bd6a7fb9d1933ea5c51ea305371179867a308a258dcd214de7b5e6827,0,0,13c869d9ddcbc5da5b8dc1aefd223cd50895e7fff08a9092e764dce76e684c88,saved_rule_based,1.67
section_00_test_000313,test,target,normal,B,20260904T181815Z-34f9bd77290592aace48ae82,20260904T181815Z-34f9bd77290592aace48ae82-dg-615b3981072d-000064,1,none,none,slow,normal-slow-3,rear,normal,clipped/audio_event_clean/normal/20260904T181815Z-34f9bd77290592aace48ae82-dg-615b3981072d-000064_ch1.wav,3DPrinter/test/section_00_test_000313.wav,d8e012f8da55d394cfdd49bd5ed9912f502588ff25628357ed2391e1d63e0e1b,960044,645048000,645528000,7403aa2bd6a7fb9d1933ea5c51ea305371179867a308a258dcd214de7b5e6827,0,0,13c869d9ddcbc5da5b8dc1aefd223cd50895e7fff08a9092e764dce76e684c88,saved_rule_based,1.67
section_00_test_000314,test,target,normal,B,20260904T181815Z-34f9bd77290592aace48ae82,20260904T181815Z-34f9bd77290592aace48ae82-dg-615b3981072d-000073,1,none,none,slow,normal-slow-3,rear,normal,clipped/audio_event_clean/normal/20260904T181815Z-34f9bd77290592aace48ae82-dg-615b3981072d-000073_ch1.wav,3DPrinter/test/section_00_test_000314.wav,1cd8dacbfa48ba828e1be4cf1b233e95a98e0b1c151eb9c8b712d2c24a874f50,960044,649368000,649848000,7403aa2bd6a7fb9d1933ea5c51ea305371179867a308a258dcd214de7b5e6827,0,0,13c869d9ddcbc5da5b8dc1aefd223cd50895e7fff08a9092e764dce76e684c88,saved_rule_based,1.67
section_00_test_000315,test,target,normal,B,20260904T181815Z-34f9bd77290592aace48ae82,20260904T181815Z-34f9bd77290592aace48ae82-dg-615b3981072d-000081,1,none,none,slow,normal-slow-3,rear,normal,clipped/audio_event_clean/normal/20260904T181815Z-34f9bd77290592aace48ae82-dg-615b3981072d-000081_ch1.wav,3DPrinter/test/section_00_test_000315.wav,fa76ed8922bd374f7ff26be3f15246a2916f8ce920f36c385d0b6d28d10b1747,960044,653208000,653688000,7403aa2bd6a7fb9d1933ea5c51ea305371179867a308a258dcd214de7b5e6827,0,0,13c869d9ddcbc5da5b8dc1aefd223cd50895e7fff08a9092e764dce76e684c88,saved_rule_based,1.67
section_00_test_000316,test,target,normal,B,20260904T181815Z-34f9bd77290592aace48ae82,20260904T181815Z-34f9bd77290592aace48ae82-dg-615b3981072d-000084,1,none,none,slow,normal-slow-3,rear,normal,clipped/audio_event_clean/normal/20260904T181815Z-34f9bd77290592aace48ae82-dg-615b3981072d-000084_ch1.wav,3DPrinter/test/section_00_test_000316.wav,1e65629aaaff71bb5957d5bcd2fc9d91ebbdc1d90fafa7be5b32f3cb8ee1932f,960044,654648000,655128000,7403aa2bd6a7fb9d1933ea5c51ea305371179867a308a258dcd214de7b5e6827,0,0,13c869d9ddcbc5da5b8dc1aefd223cd50895e7fff08a9092e764dce76e684c88,saved_rule_based,1.67
section_00_test_000317,test,target,normal,B,20260904T181815Z-34f9bd77290592aace48ae82,20260904T181815Z-34f9bd77290592aace48ae82-dg-615b3981072d-000088,1,none,none,slow,normal-slow-3,rear,normal,clipped/audio_event_clean/normal/20260904T181815Z-34f9bd77290592aace48ae82-dg-615b3981072d-000088_ch1.wav,3DPrinter/test/section_00_test_000317.wav,baaf48ad8e67ca587dd4d65b2efe1530a86785db0974c64e11323d6ded061133,960044,656568000,657048000,7403aa2bd6a7fb9d1933ea5c51ea305371179867a308a258dcd214de7b5e6827,0,0,13c869d9ddcbc5da5b8dc1aefd223cd50895e7fff08a9092e764dce76e684c88,saved_rule_based,1.67
section_00_test_000318,test,target,normal,B,20260904T181815Z-34f9bd77290592aace48ae82,20260904T181815Z-34f9bd77290592aace48ae82-dg-615b3981072d-000101,1,none,none,slow,normal-slow-3,rear,normal,clipped/audio_event_clean/normal/20260904T181815Z-34f9bd77290592aace48ae82-dg-615b3981072d-000101_ch1.wav,3DPrinter/test/section_00_test_000318.wav,71daad7cf04e6e3fa6e0e54cb4a01ae03d5b5a15f8582c87416bcf08f3d1db32,960044,662808000,663288000,7403aa2bd6a7fb9d1933ea5c51ea305371179867a308a258dcd214de7b5e6827,0,0,13c869d9ddcbc5da5b8dc1aefd223cd50895e7fff08a9092e764dce76e684c88,saved_rule_based,1.67
section_00_test_000319,test,target,normal,B,20260904T181815Z-34f9bd77290592aace48ae82,20260904T181815Z-34f9bd77290592aace48ae82-dg-615b3981072d-000103,1,none,none,slow,normal-slow-3,rear,normal,clipped/audio_event_clean/normal/20260904T181815Z-34f9bd77290592aace48ae82-dg-615b3981072d-000103_ch1.wav,3DPrinter/test/section_00_test_000319.wav,1ce0ca2d27b9c6078073c2921ae35e530b459abc6942d3956bd4592267484054,960044,663768000,664248000,7403aa2bd6a7fb9d1933ea5c51ea305371179867a308a258dcd214de7b5e6827,0,0,13c869d9ddcbc5da5b8dc1aefd223cd50895e7fff08a9092e764dce76e684c88,saved_rule_based,1.67
section_00_test_000320,test,target,normal,B,20260904T181815Z-34f9bd77290592aace48ae82,20260904T181815Z-34f9bd77290592aace48ae82-dg-615b3981072d-000111,1,none,none,slow,normal-slow-3,rear,normal,clipped/audio_event_clean/normal/20260904T181815Z-34f9bd77290592aace48ae82-dg-615b3981072d-000111_ch1.wav,3DPrinter/test/section_00_test_000320.wav,df4354dd90ce938235f4e83b78327a2c81c0b74dad540af799d606dd1928be92,960044,667608000,668088000,7403aa2bd6a7fb9d1933ea5c51ea305371179867a308a258dcd214de7b5e6827,0,0,13c869d9ddcbc5da5b8dc1aefd223cd50895e7fff08a9092e764dce76e684c88,saved_rule_based,1.67
section_00_test_000321,test,target,normal,B,20260904T181815Z-34f9bd77290592aace48ae82,20260904T181815Z-34f9bd77290592aace48ae82-dg-615b3981072d-000115,1,none,none,slow,normal-slow-3,rear,normal,clipped/audio_event_clean/normal/20260904T181815Z-34f9bd77290592aace48ae82-dg-615b3981072d-000115_ch1.wav,3DPrinter/test/section_00_test_000321.wav,be5a088828f0338e9197e9c53f0ba18ed9aff6adab67777fb0a020864d9be3c0,960044,669528000,670008000,7403aa2bd6a7fb9d1933ea5c51ea305371179867a308a258dcd214de7b5e6827,0,0,13c869d9ddcbc5da5b8dc1aefd223cd50895e7fff08a9092e764dce76e684c88,saved_rule_based,1.67
section_00_test_000322,test,target,normal,B,20260904T181815Z-34f9bd77290592aace48ae82,20260904T181815Z-34f9bd77290592aace48ae82-dg-615b3981072d-000118,1,none,none,slow,normal-slow-3,rear,normal,clipped/audio_event_clean/normal/20260904T181815Z-34f9bd77290592aace48ae82-dg-615b3981072d-000118_ch1.wav,3DPrinter/test/section_00_test_000322.wav,7780757448356f838503912a3bc03dfd4c6fa2cf5472c4ee0856477ec18e88a5,960044,670968000,671448000,7403aa2bd6a7fb9d1933ea5c51ea305371179867a308a258dcd214de7b5e6827,0,0,13c869d9ddcbc5da5b8dc1aefd223cd50895e7fff08a9092e764dce76e684c88,saved_rule_based,1.67
section_00_test_000323,test,target,normal,B,20260904T181815Z-34f9bd77290592aace48ae82,20260904T181815Z-34f9bd77290592aace48ae82-dg-615b3981072d-000133,1,none,none,slow,normal-slow-3,rear,normal,clipped/audio_event_clean/normal/20260904T181815Z-34f9bd77290592aace48ae82-dg-615b3981072d-000133_ch1.wav,3DPrinter/test/section_00_test_000323.wav,887e1a1d38c81e88a3b08bc63f243ff6e27e2c1b645a953644044b542bdc2e01,960044,678168000,678648000,7403aa2bd6a7fb9d1933ea5c51ea305371179867a308a258dcd214de7b5e6827,0,0,13c869d9ddcbc5da5b8dc1aefd223cd50895e7fff08a9092e764dce76e684c88,saved_rule_based,1.67
section_00_test_000324,test,target,normal,B,20260904T181815Z-34f9bd77290592aace48ae82,20260904T181815Z-34f9bd77290592aace48ae82-dg-615b3981072d-000154,1,none,none,slow,normal-slow-3,rear,normal,clipped/audio_event_clean/normal/20260904T181815Z-34f9bd77290592aace48ae82-dg-615b3981072d-000154_ch1.wav,3DPrinter/test/section_00_test_000324.wav,89edfe78ea2690351b68dbc3ab0dc94ceaa1c4298d653794ce2e9c93991fe195,960044,688248000,688728000,7403aa2bd6a7fb9d1933ea5c51ea305371179867a308a258dcd214de7b5e6827,0,0,13c869d9ddcbc5da5b8dc1aefd223cd50895e7fff08a9092e764dce76e684c88,saved_rule_based,1.67
section_00_test_000325,test,target,normal,B,20260904T181815Z-34f9bd77290592aace48ae82,20260904T181815Z-34f9bd77290592aace48ae82-dg-615b3981072d-000169,1,none,none,slow,normal-slow-3,rear,normal,clipped/audio_event_clean/normal/20260904T181815Z-34f9bd77290592aace48ae82-dg-615b3981072d-000169_ch1.wav,3DPrinter/test/section_00_test_000325.wav,4367961b0e6031dc6436263edfbf1966b4dd87a6762ffbf31955afe217c864a3,960044,695448000,695928000,7403aa2bd6a7fb9d1933ea5c51ea305371179867a308a258dcd214de7b5e6827,0,0,13c869d9ddcbc5da5b8dc1aefd223cd50895e7fff08a9092e764dce76e684c88,saved_rule_based,1.67
section_00_test_000326,test,target,normal,B,20260904T181815Z-34f9bd77290592aace48ae82,20260904T181815Z-34f9bd77290592aace48ae82-dg-615b3981072d-000170,1,none,none,slow,normal-slow-3,rear,normal,clipped/audio_event_clean/normal/20260904T181815Z-34f9bd77290592aace48ae82-dg-615b3981072d-000170_ch1.wav,3DPrinter/test/section_00_test_000326.wav,3aa7e846017c4dac89a1a18431d169cc33b37a670d7712fe3a1aff2e218ce163,960044,695928000,696408000,7403aa2bd6a7fb9d1933ea5c51ea305371179867a308a258dcd214de7b5e6827,0,0,13c869d9ddcbc5da5b8dc1aefd223cd50895e7fff08a9092e764dce76e684c88,saved_rule_based,1.67
section_00_test_000327,test,target,normal,B,20260904T181815Z-34f9bd77290592aace48ae82,20260904T181815Z-34f9bd77290592aace48ae82-dg-615b3981072d-000171,1,none,none,slow,normal-slow-3,rear,normal,clipped/audio_event_clean/normal/20260904T181815Z-34f9bd77290592aace48ae82-dg-615b3981072d-000171_ch1.wav,3DPrinter/test/section_00_test_000327.wav,34c0cd8e0bd1df0cb49d021de02621dd875a3ac8bb48a6a93b6d609263770c76,960044,696408000,696888000,7403aa2bd6a7fb9d1933ea5c51ea305371179867a308a258dcd214de7b5e6827,0,0,13c869d9ddcbc5da5b8dc1aefd223cd50895e7fff08a9092e764dce76e684c88,saved_rule_based,1.67
section_00_test_000328,test,target,normal,B,20260904T181815Z-34f9bd77290592aace48ae82,20260904T181815Z-34f9bd77290592aace48ae82-dg-615b3981072d-000182,1,none,none,slow,normal-slow-3,rear,normal,clipped/audio_event_clean/normal/20260904T181815Z-34f9bd77290592aace48ae82-dg-615b3981072d-000182_ch1.wav,3DPrinter/test/section_00_test_000328.wav,8044decec35f29dbbc7e25573c4910f0c5a9c9819721293ed9c3569de757bc8a,960044,701688000,702168000,7403aa2bd6a7fb9d1933ea5c51ea305371179867a308a258dcd214de7b5e6827,0,0,13c869d9ddcbc5da5b8dc1aefd223cd50895e7fff08a9092e764dce76e684c88,saved_rule_based,1.67
section_00_test_000329,test,target,normal,B,20260904T181815Z-34f9bd77290592aace48ae82,20260904T181815Z-34f9bd77290592aace48ae82-dg-615b3981072d-000183,1,none,none,slow,normal-slow-3,rear,normal,clipped/audio_event_clean/normal/20260904T181815Z-34f9bd77290592aace48ae82-dg-615b3981072d-000183_ch1.wav,3DPrinter/test/section_00_test_000329.wav,47ee70d808a22e6b155c479b3f61de7790eb51b5329bf42ed65e0a4538dba50e,960044,702168000,702648000,7403aa2bd6a7fb9d1933ea5c51ea305371179867a308a258dcd214de7b5e6827,0,0,13c869d9ddcbc5da5b8dc1aefd223cd50895e7fff08a9092e764dce76e684c88,saved_rule_based,1.67
section_00_test_000330,test,target,normal,B,20260904T181815Z-34f9bd77290592aace48ae82,20260904T181815Z-34f9bd77290592aace48ae82-dg-615b3981072d-000190,1,none,none,slow,normal-slow-3,rear,normal,clipped/audio_event_clean/normal/20260904T181815Z-34f9bd77290592aace48ae82-dg-615b3981072d-000190_ch1.wav,3DPrinter/test/section_00_test_000330.wav,f32bf4a9b1a2ed76645de9e205f45f1aa6b55e39362fc0acbf5f66e13d2a9a1e,960044,705528000,706008000,7403aa2bd6a7fb9d1933ea5c51ea305371179867a308a258dcd214de7b5e6827,0,0,13c869d9ddcbc5da5b8dc1aefd223cd50895e7fff08a9092e764dce76e684c88,saved_rule_based,1.67
section_00_test_000331,test,target,normal,B,20260904T181815Z-34f9bd77290592aace48ae82,20260904T181815Z-34f9bd77290592aace48ae82-dg-615b3981072d-000193,1,none,none,slow,normal-slow-3,rear,normal,clipped/audio_event_clean/normal/20260904T181815Z-34f9bd77290592aace48ae82-dg-615b3981072d-000193_ch1.wav,3DPrinter/test/section_00_test_000331.wav,ef80899727849e5e091ea51aa8c540e475943c5e7d9eeecb35b7de44d212f88d,960044,706968000,707448000,7403aa2bd6a7fb9d1933ea5c51ea305371179867a308a258dcd214de7b5e6827,0,0,13c869d9ddcbc5da5b8dc1aefd223cd50895e7fff08a9092e764dce76e684c88,saved_rule_based,1.67
section_00_test_000332,test,target,normal,B,20260904T181815Z-34f9bd77290592aace48ae82,20260904T181815Z-34f9bd77290592aace48ae82-dg-615b3981072d-000199,1,none,none,slow,normal-slow-3,rear,normal,clipped/audio_event_clean/normal/20260904T181815Z-34f9bd77290592aace48ae82-dg-615b3981072d-000199_ch1.wav,3DPrinter/test/section_00_test_000332.wav,3097e4bad72cafa5fb2c0be6c3b317a42408fc513abfaf1864e06525ddca5904,960044,709848000,710328000,7403aa2bd6a7fb9d1933ea5c51ea305371179867a308a258dcd214de7b5e6827,0,0,13c869d9ddcbc5da5b8dc1aefd223cd50895e7fff08a9092e764dce76e684c88,saved_rule_based,1.67
section_00_test_000333,test,target,normal,B,20260904T181815Z-34f9bd77290592aace48ae82,20260904T181815Z-34f9bd77290592aace48ae82-dg-615b3981072d-000203,1,none,none,slow,normal-slow-3,rear,normal,clipped/audio_event_clean/normal/20260904T181815Z-34f9bd77290592aace48ae82-dg-615b3981072d-000203_ch1.wav,3DPrinter/test/section_00_test_000333.wav,cfdf3a3fceb4f8fb08767bf9a24f81c21527c6a6dd1d556d1158c4d7a69b20f4,960044,711768000,712248000,7403aa2bd6a7fb9d1933ea5c51ea305371179867a308a258dcd214de7b5e6827,0,0,13c869d9ddcbc5da5b8dc1aefd223cd50895e7fff08a9092e764dce76e684c88,saved_rule_based,1.67
section_00_test_000334,test,target,normal,B,20260904T181815Z-34f9bd77290592aace48ae82,20260904T181815Z-34f9bd77290592aace48ae82-dg-615b3981072d-000207,1,none,none,slow,normal-slow-3,rear,normal,clipped/audio_event_clean/normal/20260904T181815Z-34f9bd77290592aace48ae82-dg-615b3981072d-000207_ch1.wav,3DPrinter/test/section_00_test_000334.wav,3143c28f194df216eb317c4ae32c8816f8a5275669c374aa775be8c30e617194,960044,713688000,714168000,7403aa2bd6a7fb9d1933ea5c51ea305371179867a308a258dcd214de7b5e6827,0,0,13c869d9ddcbc5da5b8dc1aefd223cd50895e7fff08a9092e764dce76e684c88,saved_rule_based,1.67
section_00_test_000335,test,target,normal,B,20260904T181815Z-34f9bd77290592aace48ae82,20260904T181815Z-34f9bd77290592aace48ae82-dg-615b3981072d-000229,1,none,none,slow,normal-slow-3,rear,normal,clipped/audio_event_clean/normal/20260904T181815Z-34f9bd77290592aace48ae82-dg-615b3981072d-000229_ch1.wav,3DPrinter/test/section_00_test_000335.wav,8125581cd1607b4434b5466f47d70ecad192565c841d5bc8c21e76d39c1b4f6d,960044,724248000,724728000,7403aa2bd6a7fb9d1933ea5c51ea305371179867a308a258dcd214de7b5e6827,0,0,13c869d9ddcbc5da5b8dc1aefd223cd50895e7fff08a9092e764dce76e684c88,saved_rule_based,1.67
section_00_test_000336,test,target,normal,B,20260904T181815Z-34f9bd77290592aace48ae82,20260904T181815Z-34f9bd77290592aace48ae82-dg-615b3981072d-000239,1,none,none,slow,normal-slow-3,rear,normal,clipped/audio_event_clean/normal/20260904T181815Z-34f9bd77290592aace48ae82-dg-615b3981072d-000239_ch1.wav,3DPrinter/test/section_00_test_000336.wav,0b25c5d94559a63e8149c97644a97f612020e2aa46d34a064dd55628fcd15073,960044,729048000,729528000,7403aa2bd6a7fb9d1933ea5c51ea305371179867a308a258dcd214de7b5e6827,0,0,13c869d9ddcbc5da5b8dc1aefd223cd50895e7fff08a9092e764dce76e684c88,saved_rule_based,1.67
section_00_test_000337,test,target,normal,B,20260904T181815Z-34f9bd77290592aace48ae82,20260904T181815Z-34f9bd77290592aace48ae82-dg-615b3981072d-000251,1,none,none,slow,normal-slow-3,rear,normal,clipped/audio_event_clean/normal/20260904T181815Z-34f9bd77290592aace48ae82-dg-615b3981072d-000251_ch1.wav,3DPrinter/test/section_00_test_000337.wav,4ef9f2d5863633692475ff98a358865a75621de6d7d55e997082c0de85a6fa01,960044,734808000,735288000,7403aa2bd6a7fb9d1933ea5c51ea305371179867a308a258dcd214de7b5e6827,0,0,13c869d9ddcbc5da5b8dc1aefd223cd50895e7fff08a9092e764dce76e684c88,saved_rule_based,1.67
section_00_test_000338,test,target,normal,B,20260904T181815Z-34f9bd77290592aace48ae82,20260904T181815Z-34f9bd77290592aace48ae82-dg-615b3981072d-000252,1,none,none,slow,normal-slow-3,rear,normal,clipped/audio_event_clean/normal/20260904T181815Z-34f9bd77290592aace48ae82-dg-615b3981072d-000252_ch1.wav,3DPrinter/test/section_00_test_000338.wav,3fd260b493fafecdefec61d0f48a2dadab6f9c6d9170bf4199d410bb8f103e6d,960044,735288000,735768000,7403aa2bd6a7fb9d1933ea5c51ea305371179867a308a258dcd214de7b5e6827,0,0,13c869d9ddcbc5da5b8dc1aefd223cd50895e7fff08a9092e764dce76e684c88,saved_rule_based,1.67
section_00_test_000339,test,target,normal,B,20260904T181815Z-34f9bd77290592aace48ae82,20260904T181815Z-34f9bd77290592aace48ae82-dg-615b3981072d-000257,1,none,none,slow,normal-slow-3,rear,normal,clipped/audio_event_clean/normal/20260904T181815Z-34f9bd77290592aace48ae82-dg-615b3981072d-000257_ch1.wav,3DPrinter/test/section_00_test_000339.wav,b9e0714955568bc2780bba842dd074ee44f3d0553e18545ebcd277f08120c17b,960044,737688000,738168000,7403aa2bd6a7fb9d1933ea5c51ea305371179867a308a258dcd214de7b5e6827,0,0,13c869d9ddcbc5da5b8dc1aefd223cd50895e7fff08a9092e764dce76e684c88,saved_rule_based,1.67
section_00_test_000340,test,target,normal,B,20260904T181815Z-34f9bd77290592aace48ae82,20260904T181815Z-34f9bd77290592aace48ae82-dg-615b3981072d-000262,1,none,none,slow,normal-slow-3,rear,normal,clipped/audio_event_clean/normal/20260904T181815Z-34f9bd77290592aace48ae82-dg-615b3981072d-000262_ch1.wav,3DPrinter/test/section_00_test_000340.wav,caf3c4aec04f925b494c812692210eb39342d42e36953d462d851aa70b67b037,960044,740088000,740568000,7403aa2bd6a7fb9d1933ea5c51ea305371179867a308a258dcd214de7b5e6827,0,0,13c869d9ddcbc5da5b8dc1aefd223cd50895e7fff08a9092e764dce76e684c88,saved_rule_based,1.67
section_00_test_000341,test,target,normal,B,20260904T181815Z-34f9bd77290592aace48ae82,20260904T181815Z-34f9bd77290592aace48ae82-dg-615b3981072d-000263,1,none,none,slow,normal-slow-3,rear,normal,clipped/audio_event_clean/normal/20260904T181815Z-34f9bd77290592aace48ae82-dg-615b3981072d-000263_ch1.wav,3DPrinter/test/section_00_test_000341.wav,3969dd72cb81506edd8938c10e22ebffd57a6303da5f62177c7fb7c98eaa2159,960044,740568000,741048000,7403aa2bd6a7fb9d1933ea5c51ea305371179867a308a258dcd214de7b5e6827,0,0,13c869d9ddcbc5da5b8dc1aefd223cd50895e7fff08a9092e764dce76e684c88,saved_rule_based,1.67
section_00_test_000342,test,target,normal,B,20260904T181815Z-34f9bd77290592aace48ae82,20260904T181815Z-34f9bd77290592aace48ae82-dg-615b3981072d-000269,1,none,none,slow,normal-slow-3,rear,normal,clipped/audio_event_clean/normal/20260904T181815Z-34f9bd77290592aace48ae82-dg-615b3981072d-000269_ch1.wav,3DPrinter/test/section_00_test_000342.wav,656f24a618993d162fc06632f0aa2fbf08063bd5a49e7c574eff9affba80ee63,960044,743448000,743928000,7403aa2bd6a7fb9d1933ea5c51ea305371179867a308a258dcd214de7b5e6827,0,0,13c869d9ddcbc5da5b8dc1aefd223cd50895e7fff08a9092e764dce76e684c88,saved_rule_based,1.67
section_00_test_000343,test,target,normal,B,20260904T181815Z-34f9bd77290592aace48ae82,20260904T181815Z-34f9bd77290592aace48ae82-dg-615b3981072d-000274,1,none,none,slow,normal-slow-3,rear,normal,clipped/audio_event_clean/normal/20260904T181815Z-34f9bd77290592aace48ae82-dg-615b3981072d-000274_ch1.wav,3DPrinter/test/section_00_test_000343.wav,ed94f5a80af2a674155ce15c0160b910c4b056fc5d921bd9e875a4291b65f94a,960044,745848000,746328000,7403aa2bd6a7fb9d1933ea5c51ea305371179867a308a258dcd214de7b5e6827,0,0,13c869d9ddcbc5da5b8dc1aefd223cd50895e7fff08a9092e764dce76e684c88,saved_rule_based,1.67
section_00_test_000344,test,target,normal,B,20260904T181815Z-34f9bd77290592aace48ae82,20260904T181815Z-34f9bd77290592aace48ae82-dg-615b3981072d-000283,1,none,none,slow,normal-slow-3,rear,normal,clipped/audio_event_clean/normal/20260904T181815Z-34f9bd77290592aace48ae82-dg-615b3981072d-000283_ch1.wav,3DPrinter/test/section_00_test_000344.wav,d98cfc0151f85c1dddff3ffbdd66e138ac4587e6584d83e52fe359e8583b3598,960044,750168000,750648000,7403aa2bd6a7fb9d1933ea5c51ea305371179867a308a258dcd214de7b5e6827,0,0,13c869d9ddcbc5da5b8dc1aefd223cd50895e7fff08a9092e764dce76e684c88,saved_rule_based,1.67
section_00_test_000345,test,target,normal,B,20260904T181815Z-34f9bd77290592aace48ae82,20260904T181815Z-34f9bd77290592aace48ae82-dg-615b3981072d-000285,1,none,none,slow,normal-slow-3,rear,normal,clipped/audio_event_clean/normal/20260904T181815Z-34f9bd77290592aace48ae82-dg-615b3981072d-000285_ch1.wav,3DPrinter/test/section_00_test_000345.wav,c04081cd5719abb657d6c3b23e65cd59eb8505110fde0d82449abf81b5a0571d,960044,751128000,751608000,7403aa2bd6a7fb9d1933ea5c51ea305371179867a308a258dcd214de7b5e6827,0,0,13c869d9ddcbc5da5b8dc1aefd223cd50895e7fff08a9092e764dce76e684c88,saved_rule_based,1.67
section_00_test_000346,test,target,normal,B,20260904T181815Z-34f9bd77290592aace48ae82,20260904T181815Z-34f9bd77290592aace48ae82-dg-615b3981072d-000288,1,none,none,slow,normal-slow-3,rear,normal,clipped/audio_event_clean/normal/20260904T181815Z-34f9bd77290592aace48ae82-dg-615b3981072d-000288_ch1.wav,3DPrinter/test/section_00_test_000346.wav,5e07d4254228fbae5147a1ddecab86e2f84da2c9b0867777d6f1a306519c40be,960044,752568000,753048000,7403aa2bd6a7fb9d1933ea5c51ea305371179867a308a258dcd214de7b5e6827,0,0,13c869d9ddcbc5da5b8dc1aefd223cd50895e7fff08a9092e764dce76e684c88,saved_rule_based,1.67
section_00_test_000347,test,target,normal,B,20260904T181815Z-34f9bd77290592aace48ae82,20260904T181815Z-34f9bd77290592aace48ae82-dg-615b3981072d-000291,1,none,none,slow,normal-slow-3,rear,normal,clipped/audio_event_clean/normal/20260904T181815Z-34f9bd77290592aace48ae82-dg-615b3981072d-000291_ch1.wav,3DPrinter/test/section_00_test_000347.wav,f83e3338457d8321f0e6abf263d1d56ca913bb550391e03c49e29550902cb5ee,960044,754008000,754488000,7403aa2bd6a7fb9d1933ea5c51ea305371179867a308a258dcd214de7b5e6827,0,0,13c869d9ddcbc5da5b8dc1aefd223cd50895e7fff08a9092e764dce76e684c88,saved_rule_based,1.67
section_00_test_000348,test,target,normal,B,20260904T181815Z-34f9bd77290592aace48ae82,20260904T181815Z-34f9bd77290592aace48ae82-dg-615b3981072d-000299,1,none,none,slow,normal-slow-3,rear,normal,clipped/audio_event_clean/normal/20260904T181815Z-34f9bd77290592aace48ae82-dg-615b3981072d-000299_ch1.wav,3DPrinter/test/section_00_test_000348.wav,15f59432338cf9f5b7997b1ebd07dd2a1b6f161b7d1f1678af2ddfdecdd47d96,960044,757848000,758328000,7403aa2bd6a7fb9d1933ea5c51ea305371179867a308a258dcd214de7b5e6827,0,0,13c869d9ddcbc5da5b8dc1aefd223cd50895e7fff08a9092e764dce76e684c88,saved_rule_based,1.67
section_00_test_000349,test,target,normal,B,20260904T181815Z-34f9bd77290592aace48ae82,20260904T181815Z-34f9bd77290592aace48ae82-dg-615b3981072d-000300,1,none,none,slow,normal-slow-3,rear,normal,clipped/audio_event_clean/normal/20260904T181815Z-34f9bd77290592aace48ae82-dg-615b3981072d-000300_ch1.wav,3DPrinter/test/section_00_test_000349.wav,c79f2e415d24605a8a617d2c62ca255220f22552e9a5131ce57563ceb6c31d99,960044,758328000,758808000,7403aa2bd6a7fb9d1933ea5c51ea305371179867a308a258dcd214de7b5e6827,0,0,13c869d9ddcbc5da5b8dc1aefd223cd50895e7fff08a9092e764dce76e684c88,saved_rule_based,1.67
section_00_test_000350,test,target,normal,B,20260904T181815Z-34f9bd77290592aace48ae82,20260904T181815Z-34f9bd77290592aace48ae82-dg-615b3981072d-000006,3,none,none,slow,normal-slow-3,front,normal,clipped/audio_event_clean/normal/20260904T181815Z-34f9bd77290592aace48ae82-dg-615b3981072d-000006_ch3.wav,3DPrinter/test/section_00_test_000350.wav,2fb0a5b96899699176f79964ac0ab7189c9c07cd498caff761010e06e51c22f1,960044,617208000,617688000,7403aa2bd6a7fb9d1933ea5c51ea305371179867a308a258dcd214de7b5e6827,0,0,13c869d9ddcbc5da5b8dc1aefd223cd50895e7fff08a9092e764dce76e684c88,saved_rule_based,1.67
section_00_test_000351,test,target,normal,B,20260904T181815Z-34f9bd77290592aace48ae82,20260904T181815Z-34f9bd77290592aace48ae82-dg-615b3981072d-000007,3,none,none,slow,normal-slow-3,front,normal,clipped/audio_event_clean/normal/20260904T181815Z-34f9bd77290592aace48ae82-dg-615b3981072d-000007_ch3.wav,3DPrinter/test/section_00_test_000351.wav,e789951c165dd41e8bb1cbf62b9f750b07f7b36cdf020ffbed025603f0dee3bd,960044,617688000,618168000,7403aa2bd6a7fb9d1933ea5c51ea305371179867a308a258dcd214de7b5e6827,0,0,13c869d9ddcbc5da5b8dc1aefd223cd50895e7fff08a9092e764dce76e684c88,saved_rule_based,1.67
section_00_test_000352,test,target,normal,B,20260904T181815Z-34f9bd77290592aace48ae82,20260904T181815Z-34f9bd77290592aace48ae82-dg-615b3981072d-000009,3,none,none,slow,normal-slow-3,front,normal,clipped/audio_event_clean/normal/20260904T181815Z-34f9bd77290592aace48ae82-dg-615b3981072d-000009_ch3.wav,3DPrinter/test/section_00_test_000352.wav,39014733d2e1c844b7ba5462ecb8ece4e2ad1f5fdf2d5797c27d553bfa371a73,960044,618648000,619128000,7403aa2bd6a7fb9d1933ea5c51ea305371179867a308a258dcd214de7b5e6827,0,0,13c869d9ddcbc5da5b8dc1aefd223cd50895e7fff08a9092e764dce76e684c88,saved_rule_based,1.67
section_00_test_000353,test,target,normal,B,20260904T181815Z-34f9bd77290592aace48ae82,20260904T181815Z-34f9bd77290592aace48ae82-dg-615b3981072d-000010,3,none,none,slow,normal-slow-3,front,normal,clipped/audio_event_clean/normal/20260904T181815Z-34f9bd77290592aace48ae82-dg-615b3981072d-000010_ch3.wav,3DPrinter/test/section_00_test_000353.wav,31293b87ce328bd6ad717c593f2caa92ab700b881d05c014d6bcbfdd0c583b11,960044,619128000,619608000,7403aa2bd6a7fb9d1933ea5c51ea305371179867a308a258dcd214de7b5e6827,0,0,13c869d9ddcbc5da5b8dc1aefd223cd50895e7fff08a9092e764dce76e684c88,saved_rule_based,1.67
section_00_test_000354,test,target,normal,B,20260904T181815Z-34f9bd77290592aace48ae82,20260904T181815Z-34f9bd77290592aace48ae82-dg-615b3981072d-000028,3,none,none,slow,normal-slow-3,front,normal,clipped/audio_event_clean/normal/20260904T181815Z-34f9bd77290592aace48ae82-dg-615b3981072d-000028_ch3.wav,3DPrinter/test/section_00_test_000354.wav,88731fb613db66733232bc3cc07d92fb2c4b1dce1c2100e2c6b4773b0d5c12e5,960044,627768000,628248000,7403aa2bd6a7fb9d1933ea5c51ea305371179867a308a258dcd214de7b5e6827,0,0,13c869d9ddcbc5da5b8dc1aefd223cd50895e7fff08a9092e764dce76e684c88,saved_rule_based,1.67
section_00_test_000355,test,target,normal,B,20260904T181815Z-34f9bd77290592aace48ae82,20260904T181815Z-34f9bd77290592aace48ae82-dg-615b3981072d-000041,3,none,none,slow,normal-slow-3,front,normal,clipped/audio_event_clean/normal/20260904T181815Z-34f9bd77290592aace48ae82-dg-615b3981072d-000041_ch3.wav,3DPrinter/test/section_00_test_000355.wav,45f866dbe8a8fdd85a698c6a854bae699dbcb2a12aeb8c40a2d011db083da6d6,960044,634008000,634488000,7403aa2bd6a7fb9d1933ea5c51ea305371179867a308a258dcd214de7b5e6827,0,0,13c869d9ddcbc5da5b8dc1aefd223cd50895e7fff08a9092e764dce76e684c88,saved_rule_based,1.67
section_00_test_000356,test,target,normal,B,20260904T181815Z-34f9bd77290592aace48ae82,20260904T181815Z-34f9bd77290592aace48ae82-dg-615b3981072d-000045,3,none,none,slow,normal-slow-3,front,normal,clipped/audio_event_clean/normal/20260904T181815Z-34f9bd77290592aace48ae82-dg-615b3981072d-000045_ch3.wav,3DPrinter/test/section_00_test_000356.wav,1cc565f01fc4abaecefc1420d6f4852214320a35ab9177efb37aa8b5a2cb9c93,960044,635928000,636408000,7403aa2bd6a7fb9d1933ea5c51ea305371179867a308a258dcd214de7b5e6827,0,0,13c869d9ddcbc5da5b8dc1aefd223cd50895e7fff08a9092e764dce76e684c88,saved_rule_based,1.67
section_00_test_000357,test,target,normal,B,20260904T181815Z-34f9bd77290592aace48ae82,20260904T181815Z-34f9bd77290592aace48ae82-dg-615b3981072d-000046,3,none,none,slow,normal-slow-3,front,normal,clipped/audio_event_clean/normal/20260904T181815Z-34f9bd77290592aace48ae82-dg-615b3981072d-000046_ch3.wav,3DPrinter/test/section_00_test_000357.wav,eedd1332e7d593406c20be6c3523a35e2e38b871459bd12ca2c4c636cba40055,960044,636408000,636888000,7403aa2bd6a7fb9d1933ea5c51ea305371179867a308a258dcd214de7b5e6827,0,0,13c869d9ddcbc5da5b8dc1aefd223cd50895e7fff08a9092e764dce76e684c88,saved_rule_based,1.67
section_00_test_000358,test,target,normal,B,20260904T181815Z-34f9bd77290592aace48ae82,20260904T181815Z-34f9bd77290592aace48ae82-dg-615b3981072d-000048,3,none,none,slow,normal-slow-3,front,normal,clipped/audio_event_clean/normal/20260904T181815Z-34f9bd77290592aace48ae82-dg-615b3981072d-000048_ch3.wav,3DPrinter/test/section_00_test_000358.wav,310f214465e3b981dae7e50b66f6da0c09624064f20a9f8b20642b7540a403d4,960044,637368000,637848000,7403aa2bd6a7fb9d1933ea5c51ea305371179867a308a258dcd214de7b5e6827,0,0,13c869d9ddcbc5da5b8dc1aefd223cd50895e7fff08a9092e764dce76e684c88,saved_rule_based,1.67
section_00_test_000359,test,target,normal,B,20260904T181815Z-34f9bd77290592aace48ae82,20260904T181815Z-34f9bd77290592aace48ae82-dg-615b3981072d-000049,3,none,none,slow,normal-slow-3,front,normal,clipped/audio_event_clean/normal/20260904T181815Z-34f9bd77290592aace48ae82-dg-615b3981072d-000049_ch3.wav,3DPrinter/test/section_00_test_000359.wav,88566afca1715ab8a4757ac03e41d6e5d976567c8918020d03a71344fc54ab4b,960044,637848000,638328000,7403aa2bd6a7fb9d1933ea5c51ea305371179867a308a258dcd214de7b5e6827,0,0,13c869d9ddcbc5da5b8dc1aefd223cd50895e7fff08a9092e764dce76e684c88,saved_rule_based,1.67
section_00_test_000360,test,target,normal,B,20260904T181815Z-34f9bd77290592aace48ae82,20260904T181815Z-34f9bd77290592aace48ae82-dg-615b3981072d-000050,3,none,none,slow,normal-slow-3,front,normal,clipped/audio_event_clean/normal/20260904T181815Z-34f9bd77290592aace48ae82-dg-615b3981072d-000050_ch3.wav,3DPrinter/test/section_00_test_000360.wav,5b3656321e9e15d9309ebf8608c482a510e38a77a7bf52a1a6e84c185fe893b5,960044,638328000,638808000,7403aa2bd6a7fb9d1933ea5c51ea305371179867a308a258dcd214de7b5e6827,0,0,13c869d9ddcbc5da5b8dc1aefd223cd50895e7fff08a9092e764dce76e684c88,saved_rule_based,1.67
section_00_test_000361,test,target,normal,B,20260904T181815Z-34f9bd77290592aace48ae82,20260904T181815Z-34f9bd77290592aace48ae82-dg-615b3981072d-000059,3,none,none,slow,normal-slow-3,front,normal,clipped/audio_event_clean/normal/20260904T181815Z-34f9bd77290592aace48ae82-dg-615b3981072d-000059_ch3.wav,3DPrinter/test/section_00_test_000361.wav,824fb937af96d27d13dea32cfed3ab526e1a8f732d8fb8a024db8810dff169e9,960044,642648000,643128000,7403aa2bd6a7fb9d1933ea5c51ea305371179867a308a258dcd214de7b5e6827,0,0,13c869d9ddcbc5da5b8dc1aefd223cd50895e7fff08a9092e764dce76e684c88,saved_rule_based,1.67
section_00_test_000362,test,target,normal,B,20260904T181815Z-34f9bd77290592aace48ae82,20260904T181815Z-34f9bd77290592aace48ae82-dg-615b3981072d-000065,3,none,none,slow,normal-slow-3,front,normal,clipped/audio_event_clean/normal/20260904T181815Z-34f9bd77290592aace48ae82-dg-615b3981072d-000065_ch3.wav,3DPrinter/test/section_00_test_000362.wav,b14c83fa3ccc9ee81a4b70e89a53ae3ae2de3cffd9d70610497fd534fb4d82a2,960044,645528000,646008000,7403aa2bd6a7fb9d1933ea5c51ea305371179867a308a258dcd214de7b5e6827,0,0,13c869d9ddcbc5da5b8dc1aefd223cd50895e7fff08a9092e764dce76e684c88,saved_rule_based,1.67
section_00_test_000363,test,target,normal,B,20260904T181815Z-34f9bd77290592aace48ae82,20260904T181815Z-34f9bd77290592aace48ae82-dg-615b3981072d-000083,3,none,none,slow,normal-slow-3,front,normal,clipped/audio_event_clean/normal/20260904T181815Z-34f9bd77290592aace48ae82-dg-615b3981072d-000083_ch3.wav,3DPrinter/test/section_00_test_000363.wav,d537bf9e7006536ea9e1a9f8e038395945c17243a304df4153f8bfe5f4700024,960044,654168000,654648000,7403aa2bd6a7fb9d1933ea5c51ea305371179867a308a258dcd214de7b5e6827,0,0,13c869d9ddcbc5da5b8dc1aefd223cd50895e7fff08a9092e764dce76e684c88,saved_rule_based,1.67
section_00_test_000364,test,target,normal,B,20260904T181815Z-34f9bd77290592aace48ae82,20260904T181815Z-34f9bd77290592aace48ae82-dg-615b3981072d-000097,3,none,none,slow,normal-slow-3,front,normal,clipped/audio_event_clean/normal/20260904T181815Z-34f9bd77290592aace48ae82-dg-615b3981072d-000097_ch3.wav,3DPrinter/test/section_00_test_000364.wav,e7decacae3d156928b7ca04d54fb06c2f89d8366ebc3509e1d6f734feb382ffa,960044,660888000,661368000,7403aa2bd6a7fb9d1933ea5c51ea305371179867a308a258dcd214de7b5e6827,0,0,13c869d9ddcbc5da5b8dc1aefd223cd50895e7fff08a9092e764dce76e684c88,saved_rule_based,1.67
section_00_test_000365,test,target,normal,B,20260904T181815Z-34f9bd77290592aace48ae82,20260904T181815Z-34f9bd77290592aace48ae82-dg-615b3981072d-000100,3,none,none,slow,normal-slow-3,front,normal,clipped/audio_event_clean/normal/20260904T181815Z-34f9bd77290592aace48ae82-dg-615b3981072d-000100_ch3.wav,3DPrinter/test/section_00_test_000365.wav,558a672fee8084ddca0355c2a18da3b4308c00d6c73b0db82190e3f05b71796f,960044,662328000,662808000,7403aa2bd6a7fb9d1933ea5c51ea305371179867a308a258dcd214de7b5e6827,0,0,13c869d9ddcbc5da5b8dc1aefd223cd50895e7fff08a9092e764dce76e684c88,saved_rule_based,1.67
section_00_test_000366,test,target,normal,B,20260904T181815Z-34f9bd77290592aace48ae82,20260904T181815Z-34f9bd77290592aace48ae82-dg-615b3981072d-000106,3,none,none,slow,normal-slow-3,front,normal,clipped/audio_event_clean/normal/20260904T181815Z-34f9bd77290592aace48ae82-dg-615b3981072d-000106_ch3.wav,3DPrinter/test/section_00_test_000366.wav,7aa79833bcd0dd7f7082d3ba11563a06fdf93481723e486f8d958e4959d4f12e,960044,665208000,665688000,7403aa2bd6a7fb9d1933ea5c51ea305371179867a308a258dcd214de7b5e6827,0,0,13c869d9ddcbc5da5b8dc1aefd223cd50895e7fff08a9092e764dce76e684c88,saved_rule_based,1.67
section_00_test_000367,test,target,normal,B,20260904T181815Z-34f9bd77290592aace48ae82,20260904T181815Z-34f9bd77290592aace48ae82-dg-615b3981072d-000107,3,none,none,slow,normal-slow-3,front,normal,clipped/audio_event_clean/normal/20260904T181815Z-34f9bd77290592aace48ae82-dg-615b3981072d-000107_ch3.wav,3DPrinter/test/section_00_test_000367.wav,95aaee8c0a5eb9248c9b92d30acd0f6d52ec625cad923553e08b605061d07076,960044,665688000,666168000,7403aa2bd6a7fb9d1933ea5c51ea305371179867a308a258dcd214de7b5e6827,0,0,13c869d9ddcbc5da5b8dc1aefd223cd50895e7fff08a9092e764dce76e684c88,saved_rule_based,1.67
section_00_test_000368,test,target,normal,B,20260904T181815Z-34f9bd77290592aace48ae82,20260904T181815Z-34f9bd77290592aace48ae82-dg-615b3981072d-000120,3,none,none,slow,normal-slow-3,front,normal,clipped/audio_event_clean/normal/20260904T181815Z-34f9bd77290592aace48ae82-dg-615b3981072d-000120_ch3.wav,3DPrinter/test/section_00_test_000368.wav,f5179b81e423b44dbe150dcfd6fb7ffcb7e912bd5d32f95586d00ffc8ff0e2ab,960044,671928000,672408000,7403aa2bd6a7fb9d1933ea5c51ea305371179867a308a258dcd214de7b5e6827,0,0,13c869d9ddcbc5da5b8dc1aefd223cd50895e7fff08a9092e764dce76e684c88,saved_rule_based,1.67
section_00_test_000369,test,target,normal,B,20260904T181815Z-34f9bd77290592aace48ae82,20260904T181815Z-34f9bd77290592aace48ae82-dg-615b3981072d-000134,3,none,none,slow,normal-slow-3,front,normal,clipped/audio_event_clean/normal/20260904T181815Z-34f9bd77290592aace48ae82-dg-615b3981072d-000134_ch3.wav,3DPrinter/test/section_00_test_000369.wav,4e490c415d8e4c855625375c08526412540d10d2dfd11e194ccdea35b93b8a22,960044,678648000,679128000,7403aa2bd6a7fb9d1933ea5c51ea305371179867a308a258dcd214de7b5e6827,0,0,13c869d9ddcbc5da5b8dc1aefd223cd50895e7fff08a9092e764dce76e684c88,saved_rule_based,1.67
section_00_test_000370,test,target,normal,B,20260904T181815Z-34f9bd77290592aace48ae82,20260904T181815Z-34f9bd77290592aace48ae82-dg-615b3981072d-000135,3,none,none,slow,normal-slow-3,front,normal,clipped/audio_event_clean/normal/20260904T181815Z-34f9bd77290592aace48ae82-dg-615b3981072d-000135_ch3.wav,3DPrinter/test/section_00_test_000370.wav,dc428b5b06108db58af4e68bb6adac0026ed7a30805279abe628872c5c598333,960044,679128000,679608000,7403aa2bd6a7fb9d1933ea5c51ea305371179867a308a258dcd214de7b5e6827,0,0,13c869d9ddcbc5da5b8dc1aefd223cd50895e7fff08a9092e764dce76e684c88,saved_rule_based,1.67
section_00_test_000371,test,target,normal,B,20260904T181815Z-34f9bd77290592aace48ae82,20260904T181815Z-34f9bd77290592aace48ae82-dg-615b3981072d-000137,3,none,none,slow,normal-slow-3,front,normal,clipped/audio_event_clean/normal/20260904T181815Z-34f9bd77290592aace48ae82-dg-615b3981072d-000137_ch3.wav,3DPrinter/test/section_00_test_000371.wav,e02c8dde09c0b0da591d6adca6ca7509bcd5fcfd1f67cbddb1dd6f2c638a6703,960044,680088000,680568000,7403aa2bd6a7fb9d1933ea5c51ea305371179867a308a258dcd214de7b5e6827,0,0,13c869d9ddcbc5da5b8dc1aefd223cd50895e7fff08a9092e764dce76e684c88,saved_rule_based,1.67
section_00_test_000372,test,target,normal,B,20260904T181815Z-34f9bd77290592aace48ae82,20260904T181815Z-34f9bd77290592aace48ae82-dg-615b3981072d-000146,3,none,none,slow,normal-slow-3,front,normal,clipped/audio_event_clean/normal/20260904T181815Z-34f9bd77290592aace48ae82-dg-615b3981072d-000146_ch3.wav,3DPrinter/test/section_00_test_000372.wav,35ed546ac700a09967d36d5f40ee2bbb0ead362956f1b5efefc4e756c4c2d468,960044,684408000,684888000,7403aa2bd6a7fb9d1933ea5c51ea305371179867a308a258dcd214de7b5e6827,0,0,13c869d9ddcbc5da5b8dc1aefd223cd50895e7fff08a9092e764dce76e684c88,saved_rule_based,1.67
section_00_test_000373,test,target,normal,B,20260904T181815Z-34f9bd77290592aace48ae82,20260904T181815Z-34f9bd77290592aace48ae82-dg-615b3981072d-000147,3,none,none,slow,normal-slow-3,front,normal,clipped/audio_event_clean/normal/20260904T181815Z-34f9bd77290592aace48ae82-dg-615b3981072d-000147_ch3.wav,3DPrinter/test/section_00_test_000373.wav,a4f74717495cb09de3cea51870c894f401fe4216cdde0b6fac58037f4b1cc9f3,960044,684888000,685368000,7403aa2bd6a7fb9d1933ea5c51ea305371179867a308a258dcd214de7b5e6827,0,0,13c869d9ddcbc5da5b8dc1aefd223cd50895e7fff08a9092e764dce76e684c88,saved_rule_based,1.67
section_00_test_000374,test,target,normal,B,20260904T181815Z-34f9bd77290592aace48ae82,20260904T181815Z-34f9bd77290592aace48ae82-dg-615b3981072d-000150,3,none,none,slow,normal-slow-3,front,normal,clipped/audio_event_clean/normal/20260904T181815Z-34f9bd77290592aace48ae82-dg-615b3981072d-000150_ch3.wav,3DPrinter/test/section_00_test_000374.wav,8b714e6c820c17daaa3a5cd1380e9357f40198b1a901a99c7498a241f0837398,960044,686328000,686808000,7403aa2bd6a7fb9d1933ea5c51ea305371179867a308a258dcd214de7b5e6827,0,0,13c869d9ddcbc5da5b8dc1aefd223cd50895e7fff08a9092e764dce76e684c88,saved_rule_based,1.67
section_00_test_000375,test,target,normal,B,20260904T181815Z-34f9bd77290592aace48ae82,20260904T181815Z-34f9bd77290592aace48ae82-dg-615b3981072d-000152,3,none,none,slow,normal-slow-3,front,normal,clipped/audio_event_clean/normal/20260904T181815Z-34f9bd77290592aace48ae82-dg-615b3981072d-000152_ch3.wav,3DPrinter/test/section_00_test_000375.wav,0cf052f3b6a4b546741654e91b3794069ce8335f1e538dc13967da2bc7789d76,960044,687288000,687768000,7403aa2bd6a7fb9d1933ea5c51ea305371179867a308a258dcd214de7b5e6827,0,0,13c869d9ddcbc5da5b8dc1aefd223cd50895e7fff08a9092e764dce76e684c88,saved_rule_based,1.67
section_00_test_000376,test,target,normal,B,20260904T181815Z-34f9bd77290592aace48ae82,20260904T181815Z-34f9bd77290592aace48ae82-dg-615b3981072d-000157,3,none,none,slow,normal-slow-3,front,normal,clipped/audio_event_clean/normal/20260904T181815Z-34f9bd77290592aace48ae82-dg-615b3981072d-000157_ch3.wav,3DPrinter/test/section_00_test_000376.wav,01d20b016da7c6807a3110bc5aede96a4934844042c851f58e0eadc6438ab76a,960044,689688000,690168000,7403aa2bd6a7fb9d1933ea5c51ea305371179867a308a258dcd214de7b5e6827,0,0,13c869d9ddcbc5da5b8dc1aefd223cd50895e7fff08a9092e764dce76e684c88,saved_rule_based,1.67
section_00_test_000377,test,target,normal,B,20260904T181815Z-34f9bd77290592aace48ae82,20260904T181815Z-34f9bd77290592aace48ae82-dg-615b3981072d-000160,3,none,none,slow,normal-slow-3,front,normal,clipped/audio_event_clean/normal/20260904T181815Z-34f9bd77290592aace48ae82-dg-615b3981072d-000160_ch3.wav,3DPrinter/test/section_00_test_000377.wav,8887b89d75da9f48de0264c1de92919f4c11d16d74cc0b7e6513b293f45d5cab,960044,691128000,691608000,7403aa2bd6a7fb9d1933ea5c51ea305371179867a308a258dcd214de7b5e6827,0,0,13c869d9ddcbc5da5b8dc1aefd223cd50895e7fff08a9092e764dce76e684c88,saved_rule_based,1.67
section_00_test_000378,test,target,normal,B,20260904T181815Z-34f9bd77290592aace48ae82,20260904T181815Z-34f9bd77290592aace48ae82-dg-615b3981072d-000163,3,none,none,slow,normal-slow-3,front,normal,clipped/audio_event_clean/normal/20260904T181815Z-34f9bd77290592aace48ae82-dg-615b3981072d-000163_ch3.wav,3DPrinter/test/section_00_test_000378.wav,3d14f32fb31e71ced4cdb86b4c76c5216acddc5b765d8d9b792e82d04d3b311f,960044,692568000,693048000,7403aa2bd6a7fb9d1933ea5c51ea305371179867a308a258dcd214de7b5e6827,0,0,13c869d9ddcbc5da5b8dc1aefd223cd50895e7fff08a9092e764dce76e684c88,saved_rule_based,1.67
section_00_test_000379,test,target,normal,B,20260904T181815Z-34f9bd77290592aace48ae82,20260904T181815Z-34f9bd77290592aace48ae82-dg-615b3981072d-000165,3,none,none,slow,normal-slow-3,front,normal,clipped/audio_event_clean/normal/20260904T181815Z-34f9bd77290592aace48ae82-dg-615b3981072d-000165_ch3.wav,3DPrinter/test/section_00_test_000379.wav,fae400d732c2093d75d01d167ba38dd12992a9412007831319f2f4bd38a3e3dc,960044,693528000,694008000,7403aa2bd6a7fb9d1933ea5c51ea305371179867a308a258dcd214de7b5e6827,0,0,13c869d9ddcbc5da5b8dc1aefd223cd50895e7fff08a9092e764dce76e684c88,saved_rule_based,1.67
section_00_test_000380,test,target,normal,B,20260904T181815Z-34f9bd77290592aace48ae82,20260904T181815Z-34f9bd77290592aace48ae82-dg-615b3981072d-000166,3,none,none,slow,normal-slow-3,front,normal,clipped/audio_event_clean/normal/20260904T181815Z-34f9bd77290592aace48ae82-dg-615b3981072d-000166_ch3.wav,3DPrinter/test/section_00_test_000380.wav,a209e43040983f7a85446d26dd0739a15cc80c934bfb466f27cdfb4d88ccc6c6,960044,694008000,694488000,7403aa2bd6a7fb9d1933ea5c51ea305371179867a308a258dcd214de7b5e6827,0,0,13c869d9ddcbc5da5b8dc1aefd223cd50895e7fff08a9092e764dce76e684c88,saved_rule_based,1.67
section_00_test_000381,test,target,normal,B,20260904T181815Z-34f9bd77290592aace48ae82,20260904T181815Z-34f9bd77290592aace48ae82-dg-615b3981072d-000167,3,none,none,slow,normal-slow-3,front,normal,clipped/audio_event_clean/normal/20260904T181815Z-34f9bd77290592aace48ae82-dg-615b3981072d-000167_ch3.wav,3DPrinter/test/section_00_test_000381.wav,c3d73e3da4bb425ae021f7e68029f752ca9442a468c6f652c95d4e4d7526d060,960044,694488000,694968000,7403aa2bd6a7fb9d1933ea5c51ea305371179867a308a258dcd214de7b5e6827,0,0,13c869d9ddcbc5da5b8dc1aefd223cd50895e7fff08a9092e764dce76e684c88,saved_rule_based,1.67
section_00_test_000382,test,target,normal,B,20260904T181815Z-34f9bd77290592aace48ae82,20260904T181815Z-34f9bd77290592aace48ae82-dg-615b3981072d-000178,3,none,none,slow,normal-slow-3,front,normal,clipped/audio_event_clean/normal/20260904T181815Z-34f9bd77290592aace48ae82-dg-615b3981072d-000178_ch3.wav,3DPrinter/test/section_00_test_000382.wav,e78ff51a203e9db07126fe6ac68b73b018925b0697dbe3c18e60f1b9fa099bae,960044,699768000,700248000,7403aa2bd6a7fb9d1933ea5c51ea305371179867a308a258dcd214de7b5e6827,0,0,13c869d9ddcbc5da5b8dc1aefd223cd50895e7fff08a9092e764dce76e684c88,saved_rule_based,1.67
section_00_test_000383,test,target,normal,B,20260904T181815Z-34f9bd77290592aace48ae82,20260904T181815Z-34f9bd77290592aace48ae82-dg-615b3981072d-000192,3,none,none,slow,normal-slow-3,front,normal,clipped/audio_event_clean/normal/20260904T181815Z-34f9bd77290592aace48ae82-dg-615b3981072d-000192_ch3.wav,3DPrinter/test/section_00_test_000383.wav,8eeac16562978c66a67b6039ba14be496afc1ac65b070e034ae84606ba13e229,960044,706488000,706968000,7403aa2bd6a7fb9d1933ea5c51ea305371179867a308a258dcd214de7b5e6827,0,0,13c869d9ddcbc5da5b8dc1aefd223cd50895e7fff08a9092e764dce76e684c88,saved_rule_based,1.67
section_00_test_000384,test,target,normal,B,20260904T181815Z-34f9bd77290592aace48ae82,20260904T181815Z-34f9bd77290592aace48ae82-dg-615b3981072d-000205,3,none,none,slow,normal-slow-3,front,normal,clipped/audio_event_clean/normal/20260904T181815Z-34f9bd77290592aace48ae82-dg-615b3981072d-000205_ch3.wav,3DPrinter/test/section_00_test_000384.wav,69807297e492d3bcc23b7f295061af426a41d9b84817b31fd9ff957ed0385fc0,960044,712728000,713208000,7403aa2bd6a7fb9d1933ea5c51ea305371179867a308a258dcd214de7b5e6827,0,0,13c869d9ddcbc5da5b8dc1aefd223cd50895e7fff08a9092e764dce76e684c88,saved_rule_based,1.67
section_00_test_000385,test,target,normal,B,20260904T181815Z-34f9bd77290592aace48ae82,20260904T181815Z-34f9bd77290592aace48ae82-dg-615b3981072d-000211,3,none,none,slow,normal-slow-3,front,normal,clipped/audio_event_clean/normal/20260904T181815Z-34f9bd77290592aace48ae82-dg-615b3981072d-000211_ch3.wav,3DPrinter/test/section_00_test_000385.wav,3623fe9dac4b2731e136da3ef627398e4f0743d12e59d1b78088a34a5cfe6c4c,960044,715608000,716088000,7403aa2bd6a7fb9d1933ea5c51ea305371179867a308a258dcd214de7b5e6827,0,0,13c869d9ddcbc5da5b8dc1aefd223cd50895e7fff08a9092e764dce76e684c88,saved_rule_based,1.67
section_00_test_000386,test,target,normal,B,20260904T181815Z-34f9bd77290592aace48ae82,20260904T181815Z-34f9bd77290592aace48ae82-dg-615b3981072d-000220,3,none,none,slow,normal-slow-3,front,normal,clipped/audio_event_clean/normal/20260904T181815Z-34f9bd77290592aace48ae82-dg-615b3981072d-000220_ch3.wav,3DPrinter/test/section_00_test_000386.wav,e3c5914501e31b1ea7bfa6ab81a99d10c3a54093eb65efc1d93c8a72876b7b0f,960044,719928000,720408000,7403aa2bd6a7fb9d1933ea5c51ea305371179867a308a258dcd214de7b5e6827,0,0,13c869d9ddcbc5da5b8dc1aefd223cd50895e7fff08a9092e764dce76e684c88,saved_rule_based,1.67
section_00_test_000387,test,target,normal,B,20260904T181815Z-34f9bd77290592aace48ae82,20260904T181815Z-34f9bd77290592aace48ae82-dg-615b3981072d-000227,3,none,none,slow,normal-slow-3,front,normal,clipped/audio_event_clean/normal/20260904T181815Z-34f9bd77290592aace48ae82-dg-615b3981072d-000227_ch3.wav,3DPrinter/test/section_00_test_000387.wav,1fb8519980f50328d0887af3b6a60f97581bbb73e5d6a53a8545345e55a75174,960044,723288000,723768000,7403aa2bd6a7fb9d1933ea5c51ea305371179867a308a258dcd214de7b5e6827,0,0,13c869d9ddcbc5da5b8dc1aefd223cd50895e7fff08a9092e764dce76e684c88,saved_rule_based,1.67
section_00_test_000388,test,target,normal,B,20260904T181815Z-34f9bd77290592aace48ae82,20260904T181815Z-34f9bd77290592aace48ae82-dg-615b3981072d-000234,3,none,none,slow,normal-slow-3,front,normal,clipped/audio_event_clean/normal/20260904T181815Z-34f9bd77290592aace48ae82-dg-615b3981072d-000234_ch3.wav,3DPrinter/test/section_00_test_000388.wav,32805b1c0c79da03a6379fe156c0203d8ae7fee887bcda72e02a101fd6dd9037,960044,726648000,727128000,7403aa2bd6a7fb9d1933ea5c51ea305371179867a308a258dcd214de7b5e6827,0,0,13c869d9ddcbc5da5b8dc1aefd223cd50895e7fff08a9092e764dce76e684c88,saved_rule_based,1.67
section_00_test_000389,test,target,normal,B,20260904T181815Z-34f9bd77290592aace48ae82,20260904T181815Z-34f9bd77290592aace48ae82-dg-615b3981072d-000235,3,none,none,slow,normal-slow-3,front,normal,clipped/audio_event_clean/normal/20260904T181815Z-34f9bd77290592aace48ae82-dg-615b3981072d-000235_ch3.wav,3DPrinter/test/section_00_test_000389.wav,2eee292a870d1292cd13cbb97ef7293794cbb88810de0852aa6bc047e594bf51,960044,727128000,727608000,7403aa2bd6a7fb9d1933ea5c51ea305371179867a308a258dcd214de7b5e6827,0,0,13c869d9ddcbc5da5b8dc1aefd223cd50895e7fff08a9092e764dce76e684c88,saved_rule_based,1.67
section_00_test_000390,test,target,normal,B,20260904T181815Z-34f9bd77290592aace48ae82,20260904T181815Z-34f9bd77290592aace48ae82-dg-615b3981072d-000236,3,none,none,slow,normal-slow-3,front,normal,clipped/audio_event_clean/normal/20260904T181815Z-34f9bd77290592aace48ae82-dg-615b3981072d-000236_ch3.wav,3DPrinter/test/section_00_test_000390.wav,9ccb01cb0fa17648d03eb2b2cf2ea816d9e585b91a47b8d7a926dc868842b746,960044,727608000,728088000,7403aa2bd6a7fb9d1933ea5c51ea305371179867a308a258dcd214de7b5e6827,0,0,13c869d9ddcbc5da5b8dc1aefd223cd50895e7fff08a9092e764dce76e684c88,saved_rule_based,1.67
section_00_test_000391,test,target,normal,B,20260904T181815Z-34f9bd77290592aace48ae82,20260904T181815Z-34f9bd77290592aace48ae82-dg-615b3981072d-000243,3,none,none,slow,normal-slow-3,front,normal,clipped/audio_event_clean/normal/20260904T181815Z-34f9bd77290592aace48ae82-dg-615b3981072d-000243_ch3.wav,3DPrinter/test/section_00_test_000391.wav,e32cbc6f79b08e816d228077df2c19b02f459f0c8dae6a32e1cff4903ff4f1a1,960044,730968000,731448000,7403aa2bd6a7fb9d1933ea5c51ea305371179867a308a258dcd214de7b5e6827,0,0,13c869d9ddcbc5da5b8dc1aefd223cd50895e7fff08a9092e764dce76e684c88,saved_rule_based,1.67
section_00_test_000392,test,target,normal,B,20260904T181815Z-34f9bd77290592aace48ae82,20260904T181815Z-34f9bd77290592aace48ae82-dg-615b3981072d-000249,3,none,none,slow,normal-slow-3,front,normal,clipped/audio_event_clean/normal/20260904T181815Z-34f9bd77290592aace48ae82-dg-615b3981072d-000249_ch3.wav,3DPrinter/test/section_00_test_000392.wav,95f2cc0bad81dc75230b10923a60ba4f1bd92bae6823580f1a132b5d6b3bab35,960044,733848000,734328000,7403aa2bd6a7fb9d1933ea5c51ea305371179867a308a258dcd214de7b5e6827,0,0,13c869d9ddcbc5da5b8dc1aefd223cd50895e7fff08a9092e764dce76e684c88,saved_rule_based,1.67
section_00_test_000393,test,target,normal,B,20260904T181815Z-34f9bd77290592aace48ae82,20260904T181815Z-34f9bd77290592aace48ae82-dg-615b3981072d-000250,3,none,none,slow,normal-slow-3,front,normal,clipped/audio_event_clean/normal/20260904T181815Z-34f9bd77290592aace48ae82-dg-615b3981072d-000250_ch3.wav,3DPrinter/test/section_00_test_000393.wav,b1fd1654f574cdf6b87c0378e69e382e055d71f5a7a8b0c993de497d81ac4be0,960044,734328000,734808000,7403aa2bd6a7fb9d1933ea5c51ea305371179867a308a258dcd214de7b5e6827,0,0,13c869d9ddcbc5da5b8dc1aefd223cd50895e7fff08a9092e764dce76e684c88,saved_rule_based,1.67
section_00_test_000394,test,target,normal,B,20260904T181815Z-34f9bd77290592aace48ae82,20260904T181815Z-34f9bd77290592aace48ae82-dg-615b3981072d-000270,3,none,none,slow,normal-slow-3,front,normal,clipped/audio_event_clean/normal/20260904T181815Z-34f9bd77290592aace48ae82-dg-615b3981072d-000270_ch3.wav,3DPrinter/test/section_00_test_000394.wav,0b220852eea6012555e70b5fff595764e41cdbce9ea21dac96e8e90f794fb2e4,960044,743928000,744408000,7403aa2bd6a7fb9d1933ea5c51ea305371179867a308a258dcd214de7b5e6827,0,0,13c869d9ddcbc5da5b8dc1aefd223cd50895e7fff08a9092e764dce76e684c88,saved_rule_based,1.67
section_00_test_000395,test,target,normal,B,20260904T181815Z-34f9bd77290592aace48ae82,20260904T181815Z-34f9bd77290592aace48ae82-dg-615b3981072d-000275,3,none,none,slow,normal-slow-3,front,normal,clipped/audio_event_clean/normal/20260904T181815Z-34f9bd77290592aace48ae82-dg-615b3981072d-000275_ch3.wav,3DPrinter/test/section_00_test_000395.wav,631877a062965016eac829843f3d30bf6318d71774e20793bcc61c84ebbf0f1e,960044,746328000,746808000,7403aa2bd6a7fb9d1933ea5c51ea305371179867a308a258dcd214de7b5e6827,0,0,13c869d9ddcbc5da5b8dc1aefd223cd50895e7fff08a9092e764dce76e684c88,saved_rule_based,1.67
section_00_test_000396,test,target,normal,B,20260904T181815Z-34f9bd77290592aace48ae82,20260904T181815Z-34f9bd77290592aace48ae82-dg-615b3981072d-000282,3,none,none,slow,normal-slow-3,front,normal,clipped/audio_event_clean/normal/20260904T181815Z-34f9bd77290592aace48ae82-dg-615b3981072d-000282_ch3.wav,3DPrinter/test/section_00_test_000396.wav,5c76e5e5cf031e1bb7995d44f759bf09f8b06206e6ff3932b72e7269b5b00fb5,960044,749688000,750168000,7403aa2bd6a7fb9d1933ea5c51ea305371179867a308a258dcd214de7b5e6827,0,0,13c869d9ddcbc5da5b8dc1aefd223cd50895e7fff08a9092e764dce76e684c88,saved_rule_based,1.67
section_00_test_000397,test,target,normal,B,20260904T181815Z-34f9bd77290592aace48ae82,20260904T181815Z-34f9bd77290592aace48ae82-dg-615b3981072d-000289,3,none,none,slow,normal-slow-3,front,normal,clipped/audio_event_clean/normal/20260904T181815Z-34f9bd77290592aace48ae82-dg-615b3981072d-000289_ch3.wav,3DPrinter/test/section_00_test_000397.wav,910a9926f0512f2eb536c7ca397f22d2252b0e39f265e808e6c1778bf4fc9f7c,960044,753048000,753528000,7403aa2bd6a7fb9d1933ea5c51ea305371179867a308a258dcd214de7b5e6827,0,0,13c869d9ddcbc5da5b8dc1aefd223cd50895e7fff08a9092e764dce76e684c88,saved_rule_based,1.67
section_00_test_000398,test,target,normal,B,20260904T181815Z-34f9bd77290592aace48ae82,20260904T181815Z-34f9bd77290592aace48ae82-dg-615b3981072d-000293,3,none,none,slow,normal-slow-3,front,normal,clipped/audio_event_clean/normal/20260904T181815Z-34f9bd77290592aace48ae82-dg-615b3981072d-000293_ch3.wav,3DPrinter/test/section_00_test_000398.wav,29dc8a4551f9c16345afc6dbc3ceb1b94e75233b93f264741b9ed1e15e4aa895,960044,754968000,755448000,7403aa2bd6a7fb9d1933ea5c51ea305371179867a308a258dcd214de7b5e6827,0,0,13c869d9ddcbc5da5b8dc1aefd223cd50895e7fff08a9092e764dce76e684c88,saved_rule_based,1.67
section_00_test_000399,test,target,normal,B,20260904T181815Z-34f9bd77290592aace48ae82,20260904T181815Z-34f9bd77290592aace48ae82-dg-615b3981072d-000298,3,none,none,slow,normal-slow-3,front,normal,clipped/audio_event_clean/normal/20260904T181815Z-34f9bd77290592aace48ae82-dg-615b3981072d-000298_ch3.wav,3DPrinter/test/section_00_test_000399.wav,e2bfb0a33a15840824924f4ad31b2e94cad456346a321202bb19380829ed1aae,960044,757368000,757848000,7403aa2bd6a7fb9d1933ea5c51ea305371179867a308a258dcd214de7b5e6827,0,0,13c869d9ddcbc5da5b8dc1aefd223cd50895e7fff08a9092e764dce76e684c88,saved_rule_based,1.67
section_00_source_train_normal_000000,train,source,normal,A,20260901T143912Z-e5d061dfc62c0b36daf92847,20260901T143912Z-e5d061dfc62c0b36daf92847-dg-7740f073a739-000003,2,none,none,fast,normal-fast-1,left,normal,clipped/audio_event_clean/normal/20260901T143912Z-e5d061dfc62c0b36daf92847-dg-7740f073a739-000003_ch2.wav,3DPrinter/train/section_00_source_train_normal_000000.wav,ea8499a0901eff453b6b9970453cc4ab4e211a44b3732d477ba9d2d14649aa8f,960044,4684800,5164800,0bb84adb1499c0cbc90b2a5e374045adfb496a27c91b32d6c9aaf5bb0599b224,0,0,aeb450032c7d5c66d9bb313c64fd807f1610d32e2ed646ec023dea0a1b1334d0,saved_rule_based,0.53
section_00_source_train_normal_000001,train,source,normal,A,20260901T143912Z-e5d061dfc62c0b36daf92847,20260901T143912Z-e5d061dfc62c0b36daf92847-dg-7740f073a739-000005,2,none,none,fast,normal-fast-1,left,normal,clipped/audio_event_clean/normal/20260901T143912Z-e5d061dfc62c0b36daf92847-dg-7740f073a739-000005_ch2.wav,3DPrinter/train/section_00_source_train_normal_000001.wav,e34e479e7072c64797afcb50f31fc1010652d522680dfefd5974370d896e7bd1,960044,5644800,6124800,0bb84adb1499c0cbc90b2a5e374045adfb496a27c91b32d6c9aaf5bb0599b224,0,0,aeb450032c7d5c66d9bb313c64fd807f1610d32e2ed646ec023dea0a1b1334d0,saved_rule_based,0.53
section_00_source_train_normal_000002,train,source,normal,A,20260901T143912Z-e5d061dfc62c0b36daf92847,20260901T143912Z-e5d061dfc62c0b36daf92847-dg-7740f073a739-000006,2,none,none,fast,normal-fast-1,left,normal,clipped/audio_event_clean/normal/20260901T143912Z-e5d061dfc62c0b36daf92847-dg-7740f073a739-000006_ch2.wav,3DPrinter/train/section_00_source_train_normal_000002.wav,6d9bc73223cb717c67f645a8a7ff63a7f8b4b48736775130fec29b9a24be4b31,960044,6124800,6604800,0bb84adb1499c0cbc90b2a5e374045adfb496a27c91b32d6c9aaf5bb0599b224,0,0,aeb450032c7d5c66d9bb313c64fd807f1610d32e2ed646ec023dea0a1b1334d0,saved_rule_based,0.53
section_00_source_train_normal_000003,train,source,normal,A,20260901T143912Z-e5d061dfc62c0b36daf92847,20260901T143912Z-e5d061dfc62c0b36daf92847-dg-7740f073a739-000007,2,none,none,fast,normal-fast-1,left,normal,clipped/audio_event_clean/normal/20260901T143912Z-e5d061dfc62c0b36daf92847-dg-7740f073a739-000007_ch2.wav,3DPrinter/train/section_00_source_train_normal_000003.wav,edacdede5dc09c5b4c9c4939bed0cf3bca57a9a2bb4856aa474ccf9a942a2221,960044,6604800,7084800,0bb84adb1499c0cbc90b2a5e374045adfb496a27c91b32d6c9aaf5bb0599b224,0,0,aeb450032c7d5c66d9bb313c64fd807f1610d32e2ed646ec023dea0a1b1334d0,saved_rule_based,0.53
section_00_source_train_normal_000004,train,source,normal,A,20260901T143912Z-e5d061dfc62c0b36daf92847,20260901T143912Z-e5d061dfc62c0b36daf92847-dg-7740f073a739-000008,2,none,none,fast,normal-fast-1,left,normal,clipped/audio_event_clean/normal/20260901T143912Z-e5d061dfc62c0b36daf92847-dg-7740f073a739-000008_ch2.wav,3DPrinter/train/section_00_source_train_normal_000004.wav,74363c390359ca79381e13638db5f4f0b431b22491fd7dffbc78994bf3737899,960044,7084800,7564800,0bb84adb1499c0cbc90b2a5e374045adfb496a27c91b32d6c9aaf5bb0599b224,0,0,aeb450032c7d5c66d9bb313c64fd807f1610d32e2ed646ec023dea0a1b1334d0,saved_rule_based,0.53
section_00_source_train_normal_000005,train,source,normal,A,20260901T143912Z-e5d061dfc62c0b36daf92847,20260901T143912Z-e5d061dfc62c0b36daf92847-dg-7740f073a739-000010,2,none,none,fast,normal-fast-1,left,normal,clipped/audio_event_clean/normal/20260901T143912Z-e5d061dfc62c0b36daf92847-dg-7740f073a739-000010_ch2.wav,3DPrinter/train/section_00_source_train_normal_000005.wav,ef04144e567b080e6df9688312f0d376a4211003a5dc5bc93d41fcce226096af,960044,8044800,8524800,0bb84adb1499c0cbc90b2a5e374045adfb496a27c91b32d6c9aaf5bb0599b224,0,0,aeb450032c7d5c66d9bb313c64fd807f1610d32e2ed646ec023dea0a1b1334d0,saved_rule_based,0.53
section_00_source_train_normal_000006,train,source,normal,A,20260901T143912Z-e5d061dfc62c0b36daf92847,20260901T143912Z-e5d061dfc62c0b36daf92847-dg-7740f073a739-000011,2,none,none,fast,normal-fast-1,left,normal,clipped/audio_event_clean/normal/20260901T143912Z-e5d061dfc62c0b36daf92847-dg-7740f073a739-000011_ch2.wav,3DPrinter/train/section_00_source_train_normal_000006.wav,04459ce484d5c08b0f6e8fe794c60489780b27c9b2c3dd05743c6cefb614d8f8,960044,8524800,9004800,0bb84adb1499c0cbc90b2a5e374045adfb496a27c91b32d6c9aaf5bb0599b224,0,0,aeb450032c7d5c66d9bb313c64fd807f1610d32e2ed646ec023dea0a1b1334d0,saved_rule_based,0.53
section_00_source_train_normal_000007,train,source,normal,A,20260901T143912Z-e5d061dfc62c0b36daf92847,20260901T143912Z-e5d061dfc62c0b36daf92847-dg-7740f073a739-000012,2,none,none,fast,normal-fast-1,left,normal,clipped/audio_event_clean/normal/20260901T143912Z-e5d061dfc62c0b36daf92847-dg-7740f073a739-000012_ch2.wav,3DPrinter/train/section_00_source_train_normal_000007.wav,a515fdce4a86d70b8749b101205ed4372c84367c795be9fc2eb7cbc53bcf1cc6,960044,9004800,9484800,0bb84adb1499c0cbc90b2a5e374045adfb496a27c91b32d6c9aaf5bb0599b224,0,0,aeb450032c7d5c66d9bb313c64fd807f1610d32e2ed646ec023dea0a1b1334d0,saved_rule_based,0.53
section_00_source_train_normal_000008,train,source,normal,A,20260901T143912Z-e5d061dfc62c0b36daf92847,20260901T143912Z-e5d061dfc62c0b36daf92847-dg-7740f073a739-000013,2,none,none,fast,normal-fast-1,left,normal,clipped/audio_event_clean/normal/20260901T143912Z-e5d061dfc62c0b36daf92847-dg-7740f073a739-000013_ch2.wav,3DPrinter/train/section_00_source_train_normal_000008.wav,9c2a1183d3f5dd1e281dc04e073f4e64e0a0f0ef15620da943a211424c280b12,960044,9484800,9964800,0bb84adb1499c0cbc90b2a5e374045adfb496a27c91b32d6c9aaf5bb0599b224,0,0,aeb450032c7d5c66d9bb313c64fd807f1610d32e2ed646ec023dea0a1b1334d0,saved_rule_based,0.53
section_00_source_train_normal_000009,train,source,normal,A,20260901T143912Z-e5d061dfc62c0b36daf92847,20260901T143912Z-e5d061dfc62c0b36daf92847-dg-7740f073a739-000016,2,none,none,fast,normal-fast-1,left,normal,clipped/audio_event_clean/normal/20260901T143912Z-e5d061dfc62c0b36daf92847-dg-7740f073a739-000016_ch2.wav,3DPrinter/train/section_00_source_train_normal_000009.wav,ac935e90f39cf4d6b2af955d55e4f57b5fc951ae4218d3dc4771ed8d593ed001,960044,10924800,11404800,0bb84adb1499c0cbc90b2a5e374045adfb496a27c91b32d6c9aaf5bb0599b224,0,0,aeb450032c7d5c66d9bb313c64fd807f1610d32e2ed646ec023dea0a1b1334d0,saved_rule_based,0.53
section_00_source_train_normal_000010,train,source,normal,A,20260901T143912Z-e5d061dfc62c0b36daf92847,20260901T143912Z-e5d061dfc62c0b36daf92847-dg-7740f073a739-000017,2,none,none,fast,normal-fast-1,left,normal,clipped/audio_event_clean/normal/20260901T143912Z-e5d061dfc62c0b36daf92847-dg-7740f073a739-000017_ch2.wav,3DPrinter/train/section_00_source_train_normal_000010.wav,496a6610a2d2aa30422eac4cce66862c12a46df006439754a947c19117364c6b,960044,11404800,11884800,0bb84adb1499c0cbc90b2a5e374045adfb496a27c91b32d6c9aaf5bb0599b224,0,0,aeb450032c7d5c66d9bb313c64fd807f1610d32e2ed646ec023dea0a1b1334d0,saved_rule_based,0.53
section_00_source_train_normal_000011,train,source,normal,A,20260901T143912Z-e5d061dfc62c0b36daf92847,20260901T143912Z-e5d061dfc62c0b36daf92847-dg-7740f073a739-000019,2,none,none,fast,normal-fast-1,left,normal,clipped/audio_event_clean/normal/20260901T143912Z-e5d061dfc62c0b36daf92847-dg-7740f073a739-000019_ch2.wav,3DPrinter/train/section_00_source_train_normal_000011.wav,8557eaad06084892b69bb70926a11c6b4bc24c1c42be0204e847f2378c98e163,960044,12364800,12844800,0bb84adb1499c0cbc90b2a5e374045adfb496a27c91b32d6c9aaf5bb0599b224,0,0,aeb450032c7d5c66d9bb313c64fd807f1610d32e2ed646ec023dea0a1b1334d0,saved_rule_based,0.53
section_00_source_train_normal_000012,train,source,normal,A,20260901T143912Z-e5d061dfc62c0b36daf92847,20260901T143912Z-e5d061dfc62c0b36daf92847-dg-7740f073a739-000020,2,none,none,fast,normal-fast-1,left,normal,clipped/audio_event_clean/normal/20260901T143912Z-e5d061dfc62c0b36daf92847-dg-7740f073a739-000020_ch2.wav,3DPrinter/train/section_00_source_train_normal_000012.wav,56017cf68e488470dfb64ba25c90afbea141a28aa08834bba71deded7e34d7e8,960044,12844800,13324800,0bb84adb1499c0cbc90b2a5e374045adfb496a27c91b32d6c9aaf5bb0599b224,0,0,aeb450032c7d5c66d9bb313c64fd807f1610d32e2ed646ec023dea0a1b1334d0,saved_rule_based,0.53
section_00_source_train_normal_000013,train,source,normal,A,20260901T143912Z-e5d061dfc62c0b36daf92847,20260901T143912Z-e5d061dfc62c0b36daf92847-dg-7740f073a739-000022,2,none,none,fast,normal-fast-1,left,normal,clipped/audio_event_clean/normal/20260901T143912Z-e5d061dfc62c0b36daf92847-dg-7740f073a739-000022_ch2.wav,3DPrinter/train/section_00_source_train_normal_000013.wav,a6cc143fba621615b8fe87853d9008d613b117fce16498bf9e3174b49a6bb643,960044,13804800,14284800,0bb84adb1499c0cbc90b2a5e374045adfb496a27c91b32d6c9aaf5bb0599b224,0,0,aeb450032c7d5c66d9bb313c64fd807f1610d32e2ed646ec023dea0a1b1334d0,saved_rule_based,0.53
section_00_source_train_normal_000014,train,source,normal,A,20260901T143912Z-e5d061dfc62c0b36daf92847,20260901T143912Z-e5d061dfc62c0b36daf92847-dg-7740f073a739-000023,2,none,none,fast,normal-fast-1,left,normal,clipped/audio_event_clean/normal/20260901T143912Z-e5d061dfc62c0b36daf92847-dg-7740f073a739-000023_ch2.wav,3DPrinter/train/section_00_source_train_normal_000014.wav,3e2bf9b46e32729b32c3ea6513c4750ea45195bb806147a143c3bdd35aff84fa,960044,14284800,14764800,0bb84adb1499c0cbc90b2a5e374045adfb496a27c91b32d6c9aaf5bb0599b224,0,0,aeb450032c7d5c66d9bb313c64fd807f1610d32e2ed646ec023dea0a1b1334d0,saved_rule_based,0.53
section_00_source_train_normal_000015,train,source,normal,A,20260901T143912Z-e5d061dfc62c0b36daf92847,20260901T143912Z-e5d061dfc62c0b36daf92847-dg-7740f073a739-000024,2,none,none,fast,normal-fast-1,left,normal,clipped/audio_event_clean/normal/20260901T143912Z-e5d061dfc62c0b36daf92847-dg-7740f073a739-000024_ch2.wav,3DPrinter/train/section_00_source_train_normal_000015.wav,3728e93fe2b3bd3a926786b2a58b63f0fd213529ec4231aba3d1595e9feb4935,960044,14764800,15244800,0bb84adb1499c0cbc90b2a5e374045adfb496a27c91b32d6c9aaf5bb0599b224,0,0,aeb450032c7d5c66d9bb313c64fd807f1610d32e2ed646ec023dea0a1b1334d0,saved_rule_based,0.53
section_00_source_train_normal_000016,train,source,normal,A,20260901T143912Z-e5d061dfc62c0b36daf92847,20260901T143912Z-e5d061dfc62c0b36daf92847-dg-7740f073a739-000026,2,none,none,fast,normal-fast-1,left,normal,clipped/audio_event_clean/normal/20260901T143912Z-e5d061dfc62c0b36daf92847-dg-7740f073a739-000026_ch2.wav,3DPrinter/train/section_00_source_train_normal_000016.wav,a8118d36ce7a12a05236aa12dec9953ae205f5c726cd8574d741a8cc443858fd,960044,15724800,16204800,0bb84adb1499c0cbc90b2a5e374045adfb496a27c91b32d6c9aaf5bb0599b224,0,0,aeb450032c7d5c66d9bb313c64fd807f1610d32e2ed646ec023dea0a1b1334d0,saved_rule_based,0.53
section_00_source_train_normal_000017,train,source,normal,A,20260901T143912Z-e5d061dfc62c0b36daf92847,20260901T143912Z-e5d061dfc62c0b36daf92847-dg-7740f073a739-000027,2,none,none,fast,normal-fast-1,left,normal,clipped/audio_event_clean/normal/20260901T143912Z-e5d061dfc62c0b36daf92847-dg-7740f073a739-000027_ch2.wav,3DPrinter/train/section_00_source_train_normal_000017.wav,07fbcc274b943ee1fe6ff3e8b48e81c6371f8f3ec62a8ab7c9ae2cd2f2ad0d21,960044,16204800,16684800,0bb84adb1499c0cbc90b2a5e374045adfb496a27c91b32d6c9aaf5bb0599b224,0,0,aeb450032c7d5c66d9bb313c64fd807f1610d32e2ed646ec023dea0a1b1334d0,saved_rule_based,0.53
section_00_source_train_normal_000018,train,source,normal,A,20260901T143912Z-e5d061dfc62c0b36daf92847,20260901T143912Z-e5d061dfc62c0b36daf92847-dg-7740f073a739-000029,2,none,none,fast,normal-fast-1,left,normal,clipped/audio_event_clean/normal/20260901T143912Z-e5d061dfc62c0b36daf92847-dg-7740f073a739-000029_ch2.wav,3DPrinter/train/section_00_source_train_normal_000018.wav,c3d83776f5016681c0a0f81784e505d3b110b98769842784d140d153f549218b,960044,17164800,17644800,0bb84adb1499c0cbc90b2a5e374045adfb496a27c91b32d6c9aaf5bb0599b224,0,0,aeb450032c7d5c66d9bb313c64fd807f1610d32e2ed646ec023dea0a1b1334d0,saved_rule_based,0.53
section_00_source_train_normal_000019,train,source,normal,A,20260901T143912Z-e5d061dfc62c0b36daf92847,20260901T143912Z-e5d061dfc62c0b36daf92847-dg-7740f073a739-000030,2,none,none,fast,normal-fast-1,left,normal,clipped/audio_event_clean/normal/20260901T143912Z-e5d061dfc62c0b36daf92847-dg-7740f073a739-000030_ch2.wav,3DPrinter/train/section_00_source_train_normal_000019.wav,10dbe633ec8c737618cafc4189ef5e7ee080c6cd1f31b28922f03c9edc43c093,960044,17644800,18124800,0bb84adb1499c0cbc90b2a5e374045adfb496a27c91b32d6c9aaf5bb0599b224,0,0,aeb450032c7d5c66d9bb313c64fd807f1610d32e2ed646ec023dea0a1b1334d0,saved_rule_based,0.53
section_00_source_train_normal_000020,train,source,normal,A,20260901T143912Z-e5d061dfc62c0b36daf92847,20260901T143912Z-e5d061dfc62c0b36daf92847-dg-7740f073a739-000032,2,none,none,fast,normal-fast-1,left,normal,clipped/audio_event_clean/normal/20260901T143912Z-e5d061dfc62c0b36daf92847-dg-7740f073a739-000032_ch2.wav,3DPrinter/train/section_00_source_train_normal_000020.wav,bf00d6761b377c0071d4c3b8ef2fb4903498e7c2e083032bb1655bb937fadd56,960044,18604800,19084800,0bb84adb1499c0cbc90b2a5e374045adfb496a27c91b32d6c9aaf5bb0599b224,0,0,aeb450032c7d5c66d9bb313c64fd807f1610d32e2ed646ec023dea0a1b1334d0,saved_rule_based,0.53
section_00_source_train_normal_000021,train,source,normal,A,20260901T143912Z-e5d061dfc62c0b36daf92847,20260901T143912Z-e5d061dfc62c0b36daf92847-dg-7740f073a739-000034,2,none,none,fast,normal-fast-1,left,normal,clipped/audio_event_clean/normal/20260901T143912Z-e5d061dfc62c0b36daf92847-dg-7740f073a739-000034_ch2.wav,3DPrinter/train/section_00_source_train_normal_000021.wav,6ac48def698f98e8ac2effe7b885df60caf723f68a945d160032faf12ee1b525,960044,19564800,20044800,0bb84adb1499c0cbc90b2a5e374045adfb496a27c91b32d6c9aaf5bb0599b224,0,0,aeb450032c7d5c66d9bb313c64fd807f1610d32e2ed646ec023dea0a1b1334d0,saved_rule_based,0.53
section_00_source_train_normal_000022,train,source,normal,A,20260901T143912Z-e5d061dfc62c0b36daf92847,20260901T143912Z-e5d061dfc62c0b36daf92847-dg-7740f073a739-000035,2,none,none,fast,normal-fast-1,left,normal,clipped/audio_event_clean/normal/20260901T143912Z-e5d061dfc62c0b36daf92847-dg-7740f073a739-000035_ch2.wav,3DPrinter/train/section_00_source_train_normal_000022.wav,5b9088d8b4853b9210ce98bdcc086729994197499b0289bcd4c67ca2efbf3491,960044,20044800,20524800,0bb84adb1499c0cbc90b2a5e374045adfb496a27c91b32d6c9aaf5bb0599b224,0,0,aeb450032c7d5c66d9bb313c64fd807f1610d32e2ed646ec023dea0a1b1334d0,saved_rule_based,0.53
section_00_source_train_normal_000023,train,source,normal,A,20260901T143912Z-e5d061dfc62c0b36daf92847,20260901T143912Z-e5d061dfc62c0b36daf92847-dg-7740f073a739-000036,2,none,none,fast,normal-fast-1,left,normal,clipped/audio_event_clean/normal/20260901T143912Z-e5d061dfc62c0b36daf92847-dg-7740f073a739-000036_ch2.wav,3DPrinter/train/section_00_source_train_normal_000023.wav,e733f4fe9f322c9ee3aeab9ae9cce38c2b44daa772d5d05c625e63e6401f666e,960044,20524800,21004800,0bb84adb1499c0cbc90b2a5e374045adfb496a27c91b32d6c9aaf5bb0599b224,0,0,aeb450032c7d5c66d9bb313c64fd807f1610d32e2ed646ec023dea0a1b1334d0,saved_rule_based,0.53
section_00_source_train_normal_000024,train,source,normal,A,20260901T143912Z-e5d061dfc62c0b36daf92847,20260901T143912Z-e5d061dfc62c0b36daf92847-dg-7740f073a739-000038,2,none,none,fast,normal-fast-1,left,normal,clipped/audio_event_clean/normal/20260901T143912Z-e5d061dfc62c0b36daf92847-dg-7740f073a739-000038_ch2.wav,3DPrinter/train/section_00_source_train_normal_000024.wav,b9dfd78f6a4d9961eb8d11b8dda52cb3fe7abd11981b56f51d88b06816493162,960044,21484800,21964800,0bb84adb1499c0cbc90b2a5e374045adfb496a27c91b32d6c9aaf5bb0599b224,0,0,aeb450032c7d5c66d9bb313c64fd807f1610d32e2ed646ec023dea0a1b1334d0,saved_rule_based,0.53
section_00_source_train_normal_000025,train,source,normal,A,20260901T143912Z-e5d061dfc62c0b36daf92847,20260901T143912Z-e5d061dfc62c0b36daf92847-dg-7740f073a739-000039,2,none,none,fast,normal-fast-1,left,normal,clipped/audio_event_clean/normal/20260901T143912Z-e5d061dfc62c0b36daf92847-dg-7740f073a739-000039_ch2.wav,3DPrinter/train/section_00_source_train_normal_000025.wav,6cd6e5fefae2e17aaaf8b76f744c92c41328397c4791dd73ee95dae91b440630,960044,21964800,22444800,0bb84adb1499c0cbc90b2a5e374045adfb496a27c91b32d6c9aaf5bb0599b224,0,0,aeb450032c7d5c66d9bb313c64fd807f1610d32e2ed646ec023dea0a1b1334d0,saved_rule_based,0.53
section_00_source_train_normal_000026,train,source,normal,A,20260901T143912Z-e5d061dfc62c0b36daf92847,20260901T143912Z-e5d061dfc62c0b36daf92847-dg-7740f073a739-000042,2,none,none,fast,normal-fast-1,left,normal,clipped/audio_event_clean/normal/20260901T143912Z-e5d061dfc62c0b36daf92847-dg-7740f073a739-000042_ch2.wav,3DPrinter/train/section_00_source_train_normal_000026.wav,2ae33dde454ce80a6fe24b5ea68e3cbe324090da463a6bfda8f152a00cd93aab,960044,23404800,23884800,0bb84adb1499c0cbc90b2a5e374045adfb496a27c91b32d6c9aaf5bb0599b224,0,0,aeb450032c7d5c66d9bb313c64fd807f1610d32e2ed646ec023dea0a1b1334d0,saved_rule_based,0.53
section_00_source_train_normal_000027,train,source,normal,A,20260901T143912Z-e5d061dfc62c0b36daf92847,20260901T143912Z-e5d061dfc62c0b36daf92847-dg-7740f073a739-000045,2,none,none,fast,normal-fast-1,left,normal,clipped/audio_event_clean/normal/20260901T143912Z-e5d061dfc62c0b36daf92847-dg-7740f073a739-000045_ch2.wav,3DPrinter/train/section_00_source_train_normal_000027.wav,497cfe9acbedafe236ec5b15fa96350898d04bd2c0cea9ab7ec2b0817fb2c97b,960044,24844800,25324800,0bb84adb1499c0cbc90b2a5e374045adfb496a27c91b32d6c9aaf5bb0599b224,0,0,aeb450032c7d5c66d9bb313c64fd807f1610d32e2ed646ec023dea0a1b1334d0,saved_rule_based,0.53
section_00_source_train_normal_000028,train,source,normal,A,20260901T143912Z-e5d061dfc62c0b36daf92847,20260901T143912Z-e5d061dfc62c0b36daf92847-dg-7740f073a739-000050,2,none,none,fast,normal-fast-1,left,normal,clipped/audio_event_clean/normal/20260901T143912Z-e5d061dfc62c0b36daf92847-dg-7740f073a739-000050_ch2.wav,3DPrinter/train/section_00_source_train_normal_000028.wav,ba0699638cf2cc343f5f804950b57a7ec2041f7b2b37f5540e91319b6f08f9ad,960044,27244800,27724800,0bb84adb1499c0cbc90b2a5e374045adfb496a27c91b32d6c9aaf5bb0599b224,0,0,aeb450032c7d5c66d9bb313c64fd807f1610d32e2ed646ec023dea0a1b1334d0,saved_rule_based,0.53
section_00_source_train_normal_000029,train,source,normal,A,20260901T143912Z-e5d061dfc62c0b36daf92847,20260901T143912Z-e5d061dfc62c0b36daf92847-dg-7740f073a739-000054,2,none,none,fast,normal-fast-1,left,normal,clipped/audio_event_clean/normal/20260901T143912Z-e5d061dfc62c0b36daf92847-dg-7740f073a739-000054_ch2.wav,3DPrinter/train/section_00_source_train_normal_000029.wav,d3299a1ac8972c0cbf362383490ed4bc8a73ddd2ab1589653be0fe6798a8d0b0,960044,29164800,29644800,0bb84adb1499c0cbc90b2a5e374045adfb496a27c91b32d6c9aaf5bb0599b224,0,0,aeb450032c7d5c66d9bb313c64fd807f1610d32e2ed646ec023dea0a1b1334d0,saved_rule_based,0.53
section_00_source_train_normal_000030,train,source,normal,A,20260901T143912Z-e5d061dfc62c0b36daf92847,20260901T143912Z-e5d061dfc62c0b36daf92847-dg-7740f073a739-000058,2,none,none,fast,normal-fast-1,left,normal,clipped/audio_event_clean/normal/20260901T143912Z-e5d061dfc62c0b36daf92847-dg-7740f073a739-000058_ch2.wav,3DPrinter/train/section_00_source_train_normal_000030.wav,aa17f2ca39c576f337309b859b1d711b6100f3d2d4ee99271055a91e0b586f9b,960044,31084800,31564800,0bb84adb1499c0cbc90b2a5e374045adfb496a27c91b32d6c9aaf5bb0599b224,0,0,aeb450032c7d5c66d9bb313c64fd807f1610d32e2ed646ec023dea0a1b1334d0,saved_rule_based,0.53
section_00_source_train_normal_000031,train,source,normal,A,20260901T143912Z-e5d061dfc62c0b36daf92847,20260901T143912Z-e5d061dfc62c0b36daf92847-dg-7740f073a739-000059,2,none,none,fast,normal-fast-1,left,normal,clipped/audio_event_clean/normal/20260901T143912Z-e5d061dfc62c0b36daf92847-dg-7740f073a739-000059_ch2.wav,3DPrinter/train/section_00_source_train_normal_000031.wav,ec433d4ae5c885b6d46b108d91f974baad5548d79c19d76e7251e6574e00ac06,960044,31564800,32044800,0bb84adb1499c0cbc90b2a5e374045adfb496a27c91b32d6c9aaf5bb0599b224,0,0,aeb450032c7d5c66d9bb313c64fd807f1610d32e2ed646ec023dea0a1b1334d0,saved_rule_based,0.53
section_00_source_train_normal_000032,train,source,normal,A,20260901T143912Z-e5d061dfc62c0b36daf92847,20260901T143912Z-e5d061dfc62c0b36daf92847-dg-7740f073a739-000064,2,none,none,fast,normal-fast-1,left,normal,clipped/audio_event_clean/normal/20260901T143912Z-e5d061dfc62c0b36daf92847-dg-7740f073a739-000064_ch2.wav,3DPrinter/train/section_00_source_train_normal_000032.wav,c1b6051b9260053db7ccffce53e384ad007422d21a49982c8789bbb6e9688eb4,960044,33964800,34444800,0bb84adb1499c0cbc90b2a5e374045adfb496a27c91b32d6c9aaf5bb0599b224,0,0,aeb450032c7d5c66d9bb313c64fd807f1610d32e2ed646ec023dea0a1b1334d0,saved_rule_based,0.53
section_00_source_train_normal_000033,train,source,normal,A,20260901T143912Z-e5d061dfc62c0b36daf92847,20260901T143912Z-e5d061dfc62c0b36daf92847-dg-7740f073a739-000066,2,none,none,fast,normal-fast-1,left,normal,clipped/audio_event_clean/normal/20260901T143912Z-e5d061dfc62c0b36daf92847-dg-7740f073a739-000066_ch2.wav,3DPrinter/train/section_00_source_train_normal_000033.wav,7b8d35adb58bc979eeefad60b25e90e294e156cf24aa41b0570601d03bb9b493,960044,34924800,35404800,0bb84adb1499c0cbc90b2a5e374045adfb496a27c91b32d6c9aaf5bb0599b224,0,0,aeb450032c7d5c66d9bb313c64fd807f1610d32e2ed646ec023dea0a1b1334d0,saved_rule_based,0.53
section_00_source_train_normal_000034,train,source,normal,A,20260901T143912Z-e5d061dfc62c0b36daf92847,20260901T143912Z-e5d061dfc62c0b36daf92847-dg-7740f073a739-000067,2,none,none,fast,normal-fast-1,left,normal,clipped/audio_event_clean/normal/20260901T143912Z-e5d061dfc62c0b36daf92847-dg-7740f073a739-000067_ch2.wav,3DPrinter/train/section_00_source_train_normal_000034.wav,f09fdb8bb103e8b5a845f928c1bd43945c81e607f497402c7ba65d46378804a9,960044,35404800,35884800,0bb84adb1499c0cbc90b2a5e374045adfb496a27c91b32d6c9aaf5bb0599b224,0,0,aeb450032c7d5c66d9bb313c64fd807f1610d32e2ed646ec023dea0a1b1334d0,saved_rule_based,0.53
section_00_source_train_normal_000035,train,source,normal,A,20260901T143912Z-e5d061dfc62c0b36daf92847,20260901T143912Z-e5d061dfc62c0b36daf92847-dg-7740f073a739-000069,2,none,none,fast,normal-fast-1,left,normal,clipped/audio_event_clean/normal/20260901T143912Z-e5d061dfc62c0b36daf92847-dg-7740f073a739-000069_ch2.wav,3DPrinter/train/section_00_source_train_normal_000035.wav,35494be65c5fcb616a652cfd1f497ee019e181f5411a406b589b11e81bd6c4ef,960044,36364800,36844800,0bb84adb1499c0cbc90b2a5e374045adfb496a27c91b32d6c9aaf5bb0599b224,0,0,aeb450032c7d5c66d9bb313c64fd807f1610d32e2ed646ec023dea0a1b1334d0,saved_rule_based,0.53
section_00_source_train_normal_000036,train,source,normal,A,20260901T143912Z-e5d061dfc62c0b36daf92847,20260901T143912Z-e5d061dfc62c0b36daf92847-dg-7740f073a739-000071,2,none,none,fast,normal-fast-1,left,normal,clipped/audio_event_clean/normal/20260901T143912Z-e5d061dfc62c0b36daf92847-dg-7740f073a739-000071_ch2.wav,3DPrinter/train/section_00_source_train_normal_000036.wav,6a17e899b85ecf488d65e243ed93f8ec267b2ae127b9485852d113634cf6c19f,960044,37324800,37804800,0bb84adb1499c0cbc90b2a5e374045adfb496a27c91b32d6c9aaf5bb0599b224,0,0,aeb450032c7d5c66d9bb313c64fd807f1610d32e2ed646ec023dea0a1b1334d0,saved_rule_based,0.53
section_00_source_train_normal_000037,train,source,normal,A,20260901T143912Z-e5d061dfc62c0b36daf92847,20260901T143912Z-e5d061dfc62c0b36daf92847-dg-7740f073a739-000072,2,none,none,fast,normal-fast-1,left,normal,clipped/audio_event_clean/normal/20260901T143912Z-e5d061dfc62c0b36daf92847-dg-7740f073a739-000072_ch2.wav,3DPrinter/train/section_00_source_train_normal_000037.wav,168d986fc001b37072effd001107fe02bda91731b1d64a741eb1eff7552a5d9a,960044,37804800,38284800,0bb84adb1499c0cbc90b2a5e374045adfb496a27c91b32d6c9aaf5bb0599b224,0,0,aeb450032c7d5c66d9bb313c64fd807f1610d32e2ed646ec023dea0a1b1334d0,saved_rule_based,0.53
section_00_source_train_normal_000038,train,source,normal,A,20260901T143912Z-e5d061dfc62c0b36daf92847,20260901T143912Z-e5d061dfc62c0b36daf92847-dg-7740f073a739-000074,2,none,none,fast,normal-fast-1,left,normal,clipped/audio_event_clean/normal/20260901T143912Z-e5d061dfc62c0b36daf92847-dg-7740f073a739-000074_ch2.wav,3DPrinter/train/section_00_source_train_normal_000038.wav,41347bb14fc57cf5cd0ecdf258a504e205f2dc192fefbe3ce06f52ebd94827cf,960044,38764800,39244800,0bb84adb1499c0cbc90b2a5e374045adfb496a27c91b32d6c9aaf5bb0599b224,0,0,aeb450032c7d5c66d9bb313c64fd807f1610d32e2ed646ec023dea0a1b1334d0,saved_rule_based,0.53
section_00_source_train_normal_000039,train,source,normal,A,20260901T143912Z-e5d061dfc62c0b36daf92847,20260901T143912Z-e5d061dfc62c0b36daf92847-dg-7740f073a739-000076,2,none,none,fast,normal-fast-1,left,normal,clipped/audio_event_clean/normal/20260901T143912Z-e5d061dfc62c0b36daf92847-dg-7740f073a739-000076_ch2.wav,3DPrinter/train/section_00_source_train_normal_000039.wav,94e2cfadf3ba3498f8048e8c9b0ff35c06e5904ff9483e30f8d9f9d8e2c37700,960044,39724800,40204800,0bb84adb1499c0cbc90b2a5e374045adfb496a27c91b32d6c9aaf5bb0599b224,0,0,aeb450032c7d5c66d9bb313c64fd807f1610d32e2ed646ec023dea0a1b1334d0,saved_rule_based,0.53
section_00_source_train_normal_000040,train,source,normal,A,20260901T143912Z-e5d061dfc62c0b36daf92847,20260901T143912Z-e5d061dfc62c0b36daf92847-dg-7740f073a739-000077,2,none,none,fast,normal-fast-1,left,normal,clipped/audio_event_clean/normal/20260901T143912Z-e5d061dfc62c0b36daf92847-dg-7740f073a739-000077_ch2.wav,3DPrinter/train/section_00_source_train_normal_000040.wav,6941fb2b0e9d1148a87b13a2fc63f99e3e5d81adfc8a453f65c95ac22cf54238,960044,40204800,40684800,0bb84adb1499c0cbc90b2a5e374045adfb496a27c91b32d6c9aaf5bb0599b224,0,0,aeb450032c7d5c66d9bb313c64fd807f1610d32e2ed646ec023dea0a1b1334d0,saved_rule_based,0.53
section_00_source_train_normal_000041,train,source,normal,A,20260901T143912Z-e5d061dfc62c0b36daf92847,20260901T143912Z-e5d061dfc62c0b36daf92847-dg-7740f073a739-000078,2,none,none,fast,normal-fast-1,left,normal,clipped/audio_event_clean/normal/20260901T143912Z-e5d061dfc62c0b36daf92847-dg-7740f073a739-000078_ch2.wav,3DPrinter/train/section_00_source_train_normal_000041.wav,1d22e7ba90e16c68b757082446905fb9e200794e6711980c008d21c8b49b5e80,960044,40684800,41164800,0bb84adb1499c0cbc90b2a5e374045adfb496a27c91b32d6c9aaf5bb0599b224,0,0,aeb450032c7d5c66d9bb313c64fd807f1610d32e2ed646ec023dea0a1b1334d0,saved_rule_based,0.53
section_00_source_train_normal_000042,train,source,normal,A,20260901T143912Z-e5d061dfc62c0b36daf92847,20260901T143912Z-e5d061dfc62c0b36daf92847-dg-7740f073a739-000079,2,none,none,fast,normal-fast-1,left,normal,clipped/audio_event_clean/normal/20260901T143912Z-e5d061dfc62c0b36daf92847-dg-7740f073a739-000079_ch2.wav,3DPrinter/train/section_00_source_train_normal_000042.wav,fe61c0c267bbfca49db238d56a2bbe2e6c6f38df1ac34c52f27dde09b6d5c18d,960044,41164800,41644800,0bb84adb1499c0cbc90b2a5e374045adfb496a27c91b32d6c9aaf5bb0599b224,0,0,aeb450032c7d5c66d9bb313c64fd807f1610d32e2ed646ec023dea0a1b1334d0,saved_rule_based,0.53
section_00_source_train_normal_000043,train,source,normal,A,20260901T143912Z-e5d061dfc62c0b36daf92847,20260901T143912Z-e5d061dfc62c0b36daf92847-dg-7740f073a739-000081,2,none,none,fast,normal-fast-1,left,normal,clipped/audio_event_clean/normal/20260901T143912Z-e5d061dfc62c0b36daf92847-dg-7740f073a739-000081_ch2.wav,3DPrinter/train/section_00_source_train_normal_000043.wav,031dd217d4a39f360960b27c3b8f1b3ecc0514f7cdf21110f3be9799453065f5,960044,42124800,42604800,0bb84adb1499c0cbc90b2a5e374045adfb496a27c91b32d6c9aaf5bb0599b224,0,0,aeb450032c7d5c66d9bb313c64fd807f1610d32e2ed646ec023dea0a1b1334d0,saved_rule_based,0.53
section_00_source_train_normal_000044,train,source,normal,A,20260901T143912Z-e5d061dfc62c0b36daf92847,20260901T143912Z-e5d061dfc62c0b36daf92847-dg-7740f073a739-000083,2,none,none,fast,normal-fast-1,left,normal,clipped/audio_event_clean/normal/20260901T143912Z-e5d061dfc62c0b36daf92847-dg-7740f073a739-000083_ch2.wav,3DPrinter/train/section_00_source_train_normal_000044.wav,15d23c3d80f40f6996597c6c411c276bbc37f40b7e5372afcf2482204729b3de,960044,43084800,43564800,0bb84adb1499c0cbc90b2a5e374045adfb496a27c91b32d6c9aaf5bb0599b224,0,0,aeb450032c7d5c66d9bb313c64fd807f1610d32e2ed646ec023dea0a1b1334d0,saved_rule_based,0.53
section_00_source_train_normal_000045,train,source,normal,A,20260901T143912Z-e5d061dfc62c0b36daf92847,20260901T143912Z-e5d061dfc62c0b36daf92847-dg-7740f073a739-000084,2,none,none,fast,normal-fast-1,left,normal,clipped/audio_event_clean/normal/20260901T143912Z-e5d061dfc62c0b36daf92847-dg-7740f073a739-000084_ch2.wav,3DPrinter/train/section_00_source_train_normal_000045.wav,cc77d41f1622628e54138427a8b467ac31329d08d7baae65cc52f7103e19b6b6,960044,43564800,44044800,0bb84adb1499c0cbc90b2a5e374045adfb496a27c91b32d6c9aaf5bb0599b224,0,0,aeb450032c7d5c66d9bb313c64fd807f1610d32e2ed646ec023dea0a1b1334d0,saved_rule_based,0.53
section_00_source_train_normal_000046,train,source,normal,A,20260901T143912Z-e5d061dfc62c0b36daf92847,20260901T143912Z-e5d061dfc62c0b36daf92847-dg-7740f073a739-000086,2,none,none,fast,normal-fast-1,left,normal,clipped/audio_event_clean/normal/20260901T143912Z-e5d061dfc62c0b36daf92847-dg-7740f073a739-000086_ch2.wav,3DPrinter/train/section_00_source_train_normal_000046.wav,1025e0a6c1d03250c9244e409fad0b86e07e62b94d7ed4c6cfee4121c192f5cd,960044,44524800,45004800,0bb84adb1499c0cbc90b2a5e374045adfb496a27c91b32d6c9aaf5bb0599b224,0,0,aeb450032c7d5c66d9bb313c64fd807f1610d32e2ed646ec023dea0a1b1334d0,saved_rule_based,0.53
section_00_source_train_normal_000047,train,source,normal,A,20260901T143912Z-e5d061dfc62c0b36daf92847,20260901T143912Z-e5d061dfc62c0b36daf92847-dg-7740f073a739-000088,2,none,none,fast,normal-fast-1,left,normal,clipped/audio_event_clean/normal/20260901T143912Z-e5d061dfc62c0b36daf92847-dg-7740f073a739-000088_ch2.wav,3DPrinter/train/section_00_source_train_normal_000047.wav,93ed92448e4de54303179922125f697dcd41415b27dbc8f5147a6cc95c8e77a9,960044,45484800,45964800,0bb84adb1499c0cbc90b2a5e374045adfb496a27c91b32d6c9aaf5bb0599b224,0,0,aeb450032c7d5c66d9bb313c64fd807f1610d32e2ed646ec023dea0a1b1334d0,saved_rule_based,0.53
section_00_source_train_normal_000048,train,source,normal,A,20260901T143912Z-e5d061dfc62c0b36daf92847,20260901T143912Z-e5d061dfc62c0b36daf92847-dg-7740f073a739-000089,2,none,none,fast,normal-fast-1,left,normal,clipped/audio_event_clean/normal/20260901T143912Z-e5d061dfc62c0b36daf92847-dg-7740f073a739-000089_ch2.wav,3DPrinter/train/section_00_source_train_normal_000048.wav,ee6c3cccc4b15e34e1e6ac3a4a925020e6aa4d052c7d311f6941bc810130fa55,960044,45964800,46444800,0bb84adb1499c0cbc90b2a5e374045adfb496a27c91b32d6c9aaf5bb0599b224,0,0,aeb450032c7d5c66d9bb313c64fd807f1610d32e2ed646ec023dea0a1b1334d0,saved_rule_based,0.53
section_00_source_train_normal_000049,train,source,normal,A,20260901T143912Z-e5d061dfc62c0b36daf92847,20260901T143912Z-e5d061dfc62c0b36daf92847-dg-7740f073a739-000090,2,none,none,fast,normal-fast-1,left,normal,clipped/audio_event_clean/normal/20260901T143912Z-e5d061dfc62c0b36daf92847-dg-7740f073a739-000090_ch2.wav,3DPrinter/train/section_00_source_train_normal_000049.wav,0f17459dc458ba9d3e83908b91d3791a85df4033578f75e6c605545d2f17b6ad,960044,46444800,46924800,0bb84adb1499c0cbc90b2a5e374045adfb496a27c91b32d6c9aaf5bb0599b224,0,0,aeb450032c7d5c66d9bb313c64fd807f1610d32e2ed646ec023dea0a1b1334d0,saved_rule_based,0.53
section_00_source_train_normal_000050,train,source,normal,A,20260901T143912Z-e5d061dfc62c0b36daf92847,20260901T143912Z-e5d061dfc62c0b36daf92847-dg-7740f073a739-000091,2,none,none,fast,normal-fast-1,left,normal,clipped/audio_event_clean/normal/20260901T143912Z-e5d061dfc62c0b36daf92847-dg-7740f073a739-000091_ch2.wav,3DPrinter/train/section_00_source_train_normal_000050.wav,da8cad92f5054ef5a74964997ba2ecf91f987e21a1f73c044c54ed1975161358,960044,46924800,47404800,0bb84adb1499c0cbc90b2a5e374045adfb496a27c91b32d6c9aaf5bb0599b224,0,0,aeb450032c7d5c66d9bb313c64fd807f1610d32e2ed646ec023dea0a1b1334d0,saved_rule_based,0.53
section_00_source_train_normal_000051,train,source,normal,A,20260901T143912Z-e5d061dfc62c0b36daf92847,20260901T143912Z-e5d061dfc62c0b36daf92847-dg-7740f073a739-000094,2,none,none,fast,normal-fast-1,left,normal,clipped/audio_event_clean/normal/20260901T143912Z-e5d061dfc62c0b36daf92847-dg-7740f073a739-000094_ch2.wav,3DPrinter/train/section_00_source_train_normal_000051.wav,22d1968e95e1e4aa916a167faab5614865d6b0e4f8fa7c301def4153398c4d5f,960044,48364800,48844800,0bb84adb1499c0cbc90b2a5e374045adfb496a27c91b32d6c9aaf5bb0599b224,0,0,aeb450032c7d5c66d9bb313c64fd807f1610d32e2ed646ec023dea0a1b1334d0,saved_rule_based,0.53
section_00_source_train_normal_000052,train,source,normal,A,20260901T143912Z-e5d061dfc62c0b36daf92847,20260901T143912Z-e5d061dfc62c0b36daf92847-dg-7740f073a739-000096,2,none,none,fast,normal-fast-1,left,normal,clipped/audio_event_clean/normal/20260901T143912Z-e5d061dfc62c0b36daf92847-dg-7740f073a739-000096_ch2.wav,3DPrinter/train/section_00_source_train_normal_000052.wav,af8b6b3bd25271bb0edf2f8fa10da966a104caeee6ba32980912911cec86980e,960044,49324800,49804800,0bb84adb1499c0cbc90b2a5e374045adfb496a27c91b32d6c9aaf5bb0599b224,0,0,aeb450032c7d5c66d9bb313c64fd807f1610d32e2ed646ec023dea0a1b1334d0,saved_rule_based,0.53
section_00_source_train_normal_000053,train,source,normal,A,20260901T143912Z-e5d061dfc62c0b36daf92847,20260901T143912Z-e5d061dfc62c0b36daf92847-dg-7740f073a739-000098,2,none,none,fast,normal-fast-1,left,normal,clipped/audio_event_clean/normal/20260901T143912Z-e5d061dfc62c0b36daf92847-dg-7740f073a739-000098_ch2.wav,3DPrinter/train/section_00_source_train_normal_000053.wav,ee698d60f4e78f06c733243b6fca7c1acbd17f475f684b3ae5c775d3d96ce20a,960044,50284800,50764800,0bb84adb1499c0cbc90b2a5e374045adfb496a27c91b32d6c9aaf5bb0599b224,0,0,aeb450032c7d5c66d9bb313c64fd807f1610d32e2ed646ec023dea0a1b1334d0,saved_rule_based,0.53
section_00_source_train_normal_000054,train,source,normal,A,20260901T143912Z-e5d061dfc62c0b36daf92847,20260901T143912Z-e5d061dfc62c0b36daf92847-dg-7740f073a739-000100,2,none,none,fast,normal-fast-1,left,normal,clipped/audio_event_clean/normal/20260901T143912Z-e5d061dfc62c0b36daf92847-dg-7740f073a739-000100_ch2.wav,3DPrinter/train/section_00_source_train_normal_000054.wav,c8f9b204c2531689c1740b1b147caf5dcd45f93bddb128bc35b6a4b3e0b950af,960044,51244800,51724800,0bb84adb1499c0cbc90b2a5e374045adfb496a27c91b32d6c9aaf5bb0599b224,0,0,aeb450032c7d5c66d9bb313c64fd807f1610d32e2ed646ec023dea0a1b1334d0,saved_rule_based,0.53
section_00_source_train_normal_000055,train,source,normal,A,20260901T143912Z-e5d061dfc62c0b36daf92847,20260901T143912Z-e5d061dfc62c0b36daf92847-dg-7740f073a739-000101,2,none,none,fast,normal-fast-1,left,normal,clipped/audio_event_clean/normal/20260901T143912Z-e5d061dfc62c0b36daf92847-dg-7740f073a739-000101_ch2.wav,3DPrinter/train/section_00_source_train_normal_000055.wav,705dd1c487b70ecf736ce1d2a6d3f33c979c499c44ef5481b8f451de5ff26bca,960044,51724800,52204800,0bb84adb1499c0cbc90b2a5e374045adfb496a27c91b32d6c9aaf5bb0599b224,0,0,aeb450032c7d5c66d9bb313c64fd807f1610d32e2ed646ec023dea0a1b1334d0,saved_rule_based,0.53
section_00_source_train_normal_000056,train,source,normal,A,20260901T143912Z-e5d061dfc62c0b36daf92847,20260901T143912Z-e5d061dfc62c0b36daf92847-dg-7740f073a739-000102,2,none,none,fast,normal-fast-1,left,normal,clipped/audio_event_clean/normal/20260901T143912Z-e5d061dfc62c0b36daf92847-dg-7740f073a739-000102_ch2.wav,3DPrinter/train/section_00_source_train_normal_000056.wav,d2283d0eecb3f6132f03da217d01d09c80f33b5d6e795877232f3aad4ee272d5,960044,52204800,52684800,0bb84adb1499c0cbc90b2a5e374045adfb496a27c91b32d6c9aaf5bb0599b224,0,0,aeb450032c7d5c66d9bb313c64fd807f1610d32e2ed646ec023dea0a1b1334d0,saved_rule_based,0.53
section_00_source_train_normal_000057,train,source,normal,A,20260901T143912Z-e5d061dfc62c0b36daf92847,20260901T143912Z-e5d061dfc62c0b36daf92847-dg-7740f073a739-000108,2,none,none,fast,normal-fast-1,left,normal,clipped/audio_event_clean/normal/20260901T143912Z-e5d061dfc62c0b36daf92847-dg-7740f073a739-000108_ch2.wav,3DPrinter/train/section_00_source_train_normal_000057.wav,8ca00cf90105488971cc1aa06a5d234c7c212bb07d4b49e0846169880f738196,960044,55084800,55564800,0bb84adb1499c0cbc90b2a5e374045adfb496a27c91b32d6c9aaf5bb0599b224,0,0,aeb450032c7d5c66d9bb313c64fd807f1610d32e2ed646ec023dea0a1b1334d0,saved_rule_based,0.53
section_00_source_train_normal_000058,train,source,normal,A,20260901T143912Z-e5d061dfc62c0b36daf92847,20260901T143912Z-e5d061dfc62c0b36daf92847-dg-7740f073a739-000109,2,none,none,fast,normal-fast-1,left,normal,clipped/audio_event_clean/normal/20260901T143912Z-e5d061dfc62c0b36daf92847-dg-7740f073a739-000109_ch2.wav,3DPrinter/train/section_00_source_train_normal_000058.wav,6032a99f1cc03ecc19a8c434aab7c7407e9bf6cbd05ff1197f23163731164b68,960044,55564800,56044800,0bb84adb1499c0cbc90b2a5e374045adfb496a27c91b32d6c9aaf5bb0599b224,0,0,aeb450032c7d5c66d9bb313c64fd807f1610d32e2ed646ec023dea0a1b1334d0,saved_rule_based,0.53
section_00_source_train_normal_000059,train,source,normal,A,20260901T143912Z-e5d061dfc62c0b36daf92847,20260901T143912Z-e5d061dfc62c0b36daf92847-dg-7740f073a739-000111,2,none,none,fast,normal-fast-1,left,normal,clipped/audio_event_clean/normal/20260901T143912Z-e5d061dfc62c0b36daf92847-dg-7740f073a739-000111_ch2.wav,3DPrinter/train/section_00_source_train_normal_000059.wav,560274a8024611ca18e0a6774afa9eadd999bbea221cee726aa649062c7be97a,960044,56524800,57004800,0bb84adb1499c0cbc90b2a5e374045adfb496a27c91b32d6c9aaf5bb0599b224,0,0,aeb450032c7d5c66d9bb313c64fd807f1610d32e2ed646ec023dea0a1b1334d0,saved_rule_based,0.53
section_00_source_train_normal_000060,train,source,normal,A,20260901T143912Z-e5d061dfc62c0b36daf92847,20260901T143912Z-e5d061dfc62c0b36daf92847-dg-7740f073a739-000112,2,none,none,fast,normal-fast-1,left,normal,clipped/audio_event_clean/normal/20260901T143912Z-e5d061dfc62c0b36daf92847-dg-7740f073a739-000112_ch2.wav,3DPrinter/train/section_00_source_train_normal_000060.wav,a3a66b7dafe4433ac32825d881b0daaca1a18f11cc47e962903f732100610c60,960044,57004800,57484800,0bb84adb1499c0cbc90b2a5e374045adfb496a27c91b32d6c9aaf5bb0599b224,0,0,aeb450032c7d5c66d9bb313c64fd807f1610d32e2ed646ec023dea0a1b1334d0,saved_rule_based,0.53
section_00_source_train_normal_000061,train,source,normal,A,20260901T143912Z-e5d061dfc62c0b36daf92847,20260901T143912Z-e5d061dfc62c0b36daf92847-dg-7740f073a739-000113,2,none,none,fast,normal-fast-1,left,normal,clipped/audio_event_clean/normal/20260901T143912Z-e5d061dfc62c0b36daf92847-dg-7740f073a739-000113_ch2.wav,3DPrinter/train/section_00_source_train_normal_000061.wav,8428b9c016945b1f341727d31f250c72919191ab82e41030c39e99cc53a985ba,960044,57484800,57964800,0bb84adb1499c0cbc90b2a5e374045adfb496a27c91b32d6c9aaf5bb0599b224,0,0,aeb450032c7d5c66d9bb313c64fd807f1610d32e2ed646ec023dea0a1b1334d0,saved_rule_based,0.53
section_00_source_train_normal_000062,train,source,normal,A,20260901T143912Z-e5d061dfc62c0b36daf92847,20260901T143912Z-e5d061dfc62c0b36daf92847-dg-7740f073a739-000115,2,none,none,fast,normal-fast-1,left,normal,clipped/audio_event_clean/normal/20260901T143912Z-e5d061dfc62c0b36daf92847-dg-7740f073a739-000115_ch2.wav,3DPrinter/train/section_00_source_train_normal_000062.wav,bcd68913ddb2e157b4adcd60ade0474a1fccac371f8a1a6244d2a2803e0ba6b8,960044,58444800,58924800,0bb84adb1499c0cbc90b2a5e374045adfb496a27c91b32d6c9aaf5bb0599b224,0,0,aeb450032c7d5c66d9bb313c64fd807f1610d32e2ed646ec023dea0a1b1334d0,saved_rule_based,0.53
section_00_source_train_normal_000063,train,source,normal,A,20260901T143912Z-e5d061dfc62c0b36daf92847,20260901T143912Z-e5d061dfc62c0b36daf92847-dg-7740f073a739-000116,2,none,none,fast,normal-fast-1,left,normal,clipped/audio_event_clean/normal/20260901T143912Z-e5d061dfc62c0b36daf92847-dg-7740f073a739-000116_ch2.wav,3DPrinter/train/section_00_source_train_normal_000063.wav,c3e3b832558b30fd125d41096d5c9b5ec52be08580ed6e96d6d0be621c7898f8,960044,58924800,59404800,0bb84adb1499c0cbc90b2a5e374045adfb496a27c91b32d6c9aaf5bb0599b224,0,0,aeb450032c7d5c66d9bb313c64fd807f1610d32e2ed646ec023dea0a1b1334d0,saved_rule_based,0.53
section_00_source_train_normal_000064,train,source,normal,A,20260901T143912Z-e5d061dfc62c0b36daf92847,20260901T143912Z-e5d061dfc62c0b36daf92847-dg-7740f073a739-000119,2,none,none,fast,normal-fast-1,left,normal,clipped/audio_event_clean/normal/20260901T143912Z-e5d061dfc62c0b36daf92847-dg-7740f073a739-000119_ch2.wav,3DPrinter/train/section_00_source_train_normal_000064.wav,1b666472c946148f76a6f7104ea9ca5862c232928adb7c6c28d40e54444e138e,960044,60364800,60844800,0bb84adb1499c0cbc90b2a5e374045adfb496a27c91b32d6c9aaf5bb0599b224,0,0,aeb450032c7d5c66d9bb313c64fd807f1610d32e2ed646ec023dea0a1b1334d0,saved_rule_based,0.53
section_00_source_train_normal_000065,train,source,normal,A,20260901T143912Z-e5d061dfc62c0b36daf92847,20260901T143912Z-e5d061dfc62c0b36daf92847-dg-7740f073a739-000121,2,none,none,fast,normal-fast-1,left,normal,clipped/audio_event_clean/normal/20260901T143912Z-e5d061dfc62c0b36daf92847-dg-7740f073a739-000121_ch2.wav,3DPrinter/train/section_00_source_train_normal_000065.wav,49a87b84b3278ade8afec596ee0785e46bfd5e940c024dee17901726661d97a9,960044,61324800,61804800,0bb84adb1499c0cbc90b2a5e374045adfb496a27c91b32d6c9aaf5bb0599b224,0,0,aeb450032c7d5c66d9bb313c64fd807f1610d32e2ed646ec023dea0a1b1334d0,saved_rule_based,0.53
section_00_source_train_normal_000066,train,source,normal,A,20260901T143912Z-e5d061dfc62c0b36daf92847,20260901T143912Z-e5d061dfc62c0b36daf92847-dg-7740f073a739-000122,2,none,none,fast,normal-fast-1,left,normal,clipped/audio_event_clean/normal/20260901T143912Z-e5d061dfc62c0b36daf92847-dg-7740f073a739-000122_ch2.wav,3DPrinter/train/section_00_source_train_normal_000066.wav,9e8244f2b0a54553f3f0ac0a1094e87e5b81335294d9c40464f7add023774040,960044,61804800,62284800,0bb84adb1499c0cbc90b2a5e374045adfb496a27c91b32d6c9aaf5bb0599b224,0,0,aeb450032c7d5c66d9bb313c64fd807f1610d32e2ed646ec023dea0a1b1334d0,saved_rule_based,0.53
section_00_source_train_normal_000067,train,source,normal,A,20260901T143912Z-e5d061dfc62c0b36daf92847,20260901T143912Z-e5d061dfc62c0b36daf92847-dg-7740f073a739-000126,2,none,none,fast,normal-fast-1,left,normal,clipped/audio_event_clean/normal/20260901T143912Z-e5d061dfc62c0b36daf92847-dg-7740f073a739-000126_ch2.wav,3DPrinter/train/section_00_source_train_normal_000067.wav,c1764c407258da46f6cd806f950b8dace0d4180bb509381fae6abaf9860c1c92,960044,63724800,64204800,0bb84adb1499c0cbc90b2a5e374045adfb496a27c91b32d6c9aaf5bb0599b224,0,0,aeb450032c7d5c66d9bb313c64fd807f1610d32e2ed646ec023dea0a1b1334d0,saved_rule_based,0.53
section_00_source_train_normal_000068,train,source,normal,A,20260901T143912Z-e5d061dfc62c0b36daf92847,20260901T143912Z-e5d061dfc62c0b36daf92847-dg-7740f073a739-000127,2,none,none,fast,normal-fast-1,left,normal,clipped/audio_event_clean/normal/20260901T143912Z-e5d061dfc62c0b36daf92847-dg-7740f073a739-000127_ch2.wav,3DPrinter/train/section_00_source_train_normal_000068.wav,a71eb8813c8e5dd2e637a155e2448c4eec84202746171118d0e0416ea6c578b8,960044,64204800,64684800,0bb84adb1499c0cbc90b2a5e374045adfb496a27c91b32d6c9aaf5bb0599b224,0,0,aeb450032c7d5c66d9bb313c64fd807f1610d32e2ed646ec023dea0a1b1334d0,saved_rule_based,0.53
section_00_source_train_normal_000069,train,source,normal,A,20260901T143912Z-e5d061dfc62c0b36daf92847,20260901T143912Z-e5d061dfc62c0b36daf92847-dg-7740f073a739-000130,2,none,none,fast,normal-fast-1,left,normal,clipped/audio_event_clean/normal/20260901T143912Z-e5d061dfc62c0b36daf92847-dg-7740f073a739-000130_ch2.wav,3DPrinter/train/section_00_source_train_normal_000069.wav,b6cda671013722c44ef0dd07eb4741f9a39c09c6476082bf81b090ec4d26de21,960044,65644800,66124800,0bb84adb1499c0cbc90b2a5e374045adfb496a27c91b32d6c9aaf5bb0599b224,0,0,aeb450032c7d5c66d9bb313c64fd807f1610d32e2ed646ec023dea0a1b1334d0,saved_rule_based,0.53
section_00_source_train_normal_000070,train,source,normal,A,20260901T143912Z-e5d061dfc62c0b36daf92847,20260901T143912Z-e5d061dfc62c0b36daf92847-dg-7740f073a739-000131,2,none,none,fast,normal-fast-1,left,normal,clipped/audio_event_clean/normal/20260901T143912Z-e5d061dfc62c0b36daf92847-dg-7740f073a739-000131_ch2.wav,3DPrinter/train/section_00_source_train_normal_000070.wav,17658579b649acf63c0dd20aaab9b628da301459960225e354e06a1e07cb455e,960044,66124800,66604800,0bb84adb1499c0cbc90b2a5e374045adfb496a27c91b32d6c9aaf5bb0599b224,0,0,aeb450032c7d5c66d9bb313c64fd807f1610d32e2ed646ec023dea0a1b1334d0,saved_rule_based,0.53
section_00_source_train_normal_000071,train,source,normal,A,20260901T143912Z-e5d061dfc62c0b36daf92847,20260901T143912Z-e5d061dfc62c0b36daf92847-dg-7740f073a739-000132,2,none,none,fast,normal-fast-1,left,normal,clipped/audio_event_clean/normal/20260901T143912Z-e5d061dfc62c0b36daf92847-dg-7740f073a739-000132_ch2.wav,3DPrinter/train/section_00_source_train_normal_000071.wav,4f2b979ab8c1eceeec1ad9dad66b11c2f481d1724e339b5b418356676e35647e,960044,66604800,67084800,0bb84adb1499c0cbc90b2a5e374045adfb496a27c91b32d6c9aaf5bb0599b224,0,0,aeb450032c7d5c66d9bb313c64fd807f1610d32e2ed646ec023dea0a1b1334d0,saved_rule_based,0.53
section_00_source_train_normal_000072,train,source,normal,A,20260901T143912Z-e5d061dfc62c0b36daf92847,20260901T143912Z-e5d061dfc62c0b36daf92847-dg-7740f073a739-000135,2,none,none,fast,normal-fast-1,left,normal,clipped/audio_event_clean/normal/20260901T143912Z-e5d061dfc62c0b36daf92847-dg-7740f073a739-000135_ch2.wav,3DPrinter/train/section_00_source_train_normal_000072.wav,8d0e38c4a792f13b18e92d3ef319cc5a02664fc7582672f9de98945c51191e5f,960044,68044800,68524800,0bb84adb1499c0cbc90b2a5e374045adfb496a27c91b32d6c9aaf5bb0599b224,0,0,aeb450032c7d5c66d9bb313c64fd807f1610d32e2ed646ec023dea0a1b1334d0,saved_rule_based,0.53
section_00_source_train_normal_000073,train,source,normal,A,20260901T143912Z-e5d061dfc62c0b36daf92847,20260901T143912Z-e5d061dfc62c0b36daf92847-dg-7740f073a739-000137,2,none,none,fast,normal-fast-1,left,normal,clipped/audio_event_clean/normal/20260901T143912Z-e5d061dfc62c0b36daf92847-dg-7740f073a739-000137_ch2.wav,3DPrinter/train/section_00_source_train_normal_000073.wav,173f370ebc35964e699b9a41c317f29b4a5e991be7e3c6e5ed5773c571fa5b92,960044,69004800,69484800,0bb84adb1499c0cbc90b2a5e374045adfb496a27c91b32d6c9aaf5bb0599b224,0,0,aeb450032c7d5c66d9bb313c64fd807f1610d32e2ed646ec023dea0a1b1334d0,saved_rule_based,0.53
section_00_source_train_normal_000074,train,source,normal,A,20260901T143912Z-e5d061dfc62c0b36daf92847,20260901T143912Z-e5d061dfc62c0b36daf92847-dg-7740f073a739-000138,2,none,none,fast,normal-fast-1,left,normal,clipped/audio_event_clean/normal/20260901T143912Z-e5d061dfc62c0b36daf92847-dg-7740f073a739-000138_ch2.wav,3DPrinter/train/section_00_source_train_normal_000074.wav,33ab243b993daaa2be90244ff8894af291893acb0c3dd1aff140cd8a666e0e06,960044,69484800,69964800,0bb84adb1499c0cbc90b2a5e374045adfb496a27c91b32d6c9aaf5bb0599b224,0,0,aeb450032c7d5c66d9bb313c64fd807f1610d32e2ed646ec023dea0a1b1334d0,saved_rule_based,0.53
section_00_source_train_normal_000075,train,source,normal,A,20260901T143912Z-e5d061dfc62c0b36daf92847,20260901T143912Z-e5d061dfc62c0b36daf92847-dg-7740f073a739-000140,2,none,none,fast,normal-fast-1,left,normal,clipped/audio_event_clean/normal/20260901T143912Z-e5d061dfc62c0b36daf92847-dg-7740f073a739-000140_ch2.wav,3DPrinter/train/section_00_source_train_normal_000075.wav,d061c9d7d99ebc936b5c9c567f8fd12ad5449be77f20cb0020498efcdd365d61,960044,70444800,70924800,0bb84adb1499c0cbc90b2a5e374045adfb496a27c91b32d6c9aaf5bb0599b224,0,0,aeb450032c7d5c66d9bb313c64fd807f1610d32e2ed646ec023dea0a1b1334d0,saved_rule_based,0.53
section_00_source_train_normal_000076,train,source,normal,A,20260901T143912Z-e5d061dfc62c0b36daf92847,20260901T143912Z-e5d061dfc62c0b36daf92847-dg-7740f073a739-000141,2,none,none,fast,normal-fast-1,left,normal,clipped/audio_event_clean/normal/20260901T143912Z-e5d061dfc62c0b36daf92847-dg-7740f073a739-000141_ch2.wav,3DPrinter/train/section_00_source_train_normal_000076.wav,14a5019bffec0a1dea87f53b50d7b0a2820a8b3eabb011be3fc855a973926e74,960044,70924800,71404800,0bb84adb1499c0cbc90b2a5e374045adfb496a27c91b32d6c9aaf5bb0599b224,0,0,aeb450032c7d5c66d9bb313c64fd807f1610d32e2ed646ec023dea0a1b1334d0,saved_rule_based,0.53
section_00_source_train_normal_000077,train,source,normal,A,20260901T143912Z-e5d061dfc62c0b36daf92847,20260901T143912Z-e5d061dfc62c0b36daf92847-dg-7740f073a739-000142,2,none,none,fast,normal-fast-1,left,normal,clipped/audio_event_clean/normal/20260901T143912Z-e5d061dfc62c0b36daf92847-dg-7740f073a739-000142_ch2.wav,3DPrinter/train/section_00_source_train_normal_000077.wav,17f0fef0d09f2f4fe36f80150d0a5e901de51528d0fd3f39f3a98af520ad1c39,960044,71404800,71884800,0bb84adb1499c0cbc90b2a5e374045adfb496a27c91b32d6c9aaf5bb0599b224,0,0,aeb450032c7d5c66d9bb313c64fd807f1610d32e2ed646ec023dea0a1b1334d0,saved_rule_based,0.53
section_00_source_train_normal_000078,train,source,normal,A,20260901T143912Z-e5d061dfc62c0b36daf92847,20260901T143912Z-e5d061dfc62c0b36daf92847-dg-7740f073a739-000143,2,none,none,fast,normal-fast-1,left,normal,clipped/audio_event_clean/normal/20260901T143912Z-e5d061dfc62c0b36daf92847-dg-7740f073a739-000143_ch2.wav,3DPrinter/train/section_00_source_train_normal_000078.wav,ebd5b81f3c5c4557e925e6a3ae72f5de33d3dd5a2f4db12a5e6473e33cd3840a,960044,71884800,72364800,0bb84adb1499c0cbc90b2a5e374045adfb496a27c91b32d6c9aaf5bb0599b224,0,0,aeb450032c7d5c66d9bb313c64fd807f1610d32e2ed646ec023dea0a1b1334d0,saved_rule_based,0.53
section_00_source_train_normal_000079,train,source,normal,A,20260901T143912Z-e5d061dfc62c0b36daf92847,20260901T143912Z-e5d061dfc62c0b36daf92847-dg-7740f073a739-000147,2,none,none,fast,normal-fast-1,left,normal,clipped/audio_event_clean/normal/20260901T143912Z-e5d061dfc62c0b36daf92847-dg-7740f073a739-000147_ch2.wav,3DPrinter/train/section_00_source_train_normal_000079.wav,83b5c0f8fea88ddcef3926ec098fa7ef7b5ee63f6e0b248b9b2fce5eff5ab3cf,960044,73804800,74284800,0bb84adb1499c0cbc90b2a5e374045adfb496a27c91b32d6c9aaf5bb0599b224,0,0,aeb450032c7d5c66d9bb313c64fd807f1610d32e2ed646ec023dea0a1b1334d0,saved_rule_based,0.53
section_00_source_train_normal_000080,train,source,normal,A,20260901T143912Z-e5d061dfc62c0b36daf92847,20260901T143912Z-e5d061dfc62c0b36daf92847-dg-7740f073a739-000148,2,none,none,fast,normal-fast-1,left,normal,clipped/audio_event_clean/normal/20260901T143912Z-e5d061dfc62c0b36daf92847-dg-7740f073a739-000148_ch2.wav,3DPrinter/train/section_00_source_train_normal_000080.wav,f52c1c6ce4ca2c4a551291fde71f871b9b0911b0300efdb5eafbfe88f59d63eb,960044,74284800,74764800,0bb84adb1499c0cbc90b2a5e374045adfb496a27c91b32d6c9aaf5bb0599b224,0,0,aeb450032c7d5c66d9bb313c64fd807f1610d32e2ed646ec023dea0a1b1334d0,saved_rule_based,0.53
section_00_source_train_normal_000081,train,source,normal,A,20260901T143912Z-e5d061dfc62c0b36daf92847,20260901T143912Z-e5d061dfc62c0b36daf92847-dg-7740f073a739-000152,2,none,none,fast,normal-fast-1,left,normal,clipped/audio_event_clean/normal/20260901T143912Z-e5d061dfc62c0b36daf92847-dg-7740f073a739-000152_ch2.wav,3DPrinter/train/section_00_source_train_normal_000081.wav,2e6652d8dc4f65166c15c0215e8b4d083004b6f4fffee16c55790abda52b0d71,960044,76204800,76684800,0bb84adb1499c0cbc90b2a5e374045adfb496a27c91b32d6c9aaf5bb0599b224,0,0,aeb450032c7d5c66d9bb313c64fd807f1610d32e2ed646ec023dea0a1b1334d0,saved_rule_based,0.53
section_00_source_train_normal_000082,train,source,normal,A,20260901T143912Z-e5d061dfc62c0b36daf92847,20260901T143912Z-e5d061dfc62c0b36daf92847-dg-7740f073a739-000156,2,none,none,fast,normal-fast-1,left,normal,clipped/audio_event_clean/normal/20260901T143912Z-e5d061dfc62c0b36daf92847-dg-7740f073a739-000156_ch2.wav,3DPrinter/train/section_00_source_train_normal_000082.wav,d727819eb8918f772c54208c93509ac1521970e94559966ad31cbe02145b0457,960044,78124800,78604800,0bb84adb1499c0cbc90b2a5e374045adfb496a27c91b32d6c9aaf5bb0599b224,0,0,aeb450032c7d5c66d9bb313c64fd807f1610d32e2ed646ec023dea0a1b1334d0,saved_rule_based,0.53
section_00_source_train_normal_000083,train,source,normal,A,20260901T143912Z-e5d061dfc62c0b36daf92847,20260901T143912Z-e5d061dfc62c0b36daf92847-dg-7740f073a739-000158,2,none,none,fast,normal-fast-1,left,normal,clipped/audio_event_clean/normal/20260901T143912Z-e5d061dfc62c0b36daf92847-dg-7740f073a739-000158_ch2.wav,3DPrinter/train/section_00_source_train_normal_000083.wav,5f9d742843d3001bf3beebf4eea605ed9b70ac2b2242850862da147a83f0d16d,960044,79084800,79564800,0bb84adb1499c0cbc90b2a5e374045adfb496a27c91b32d6c9aaf5bb0599b224,0,0,aeb450032c7d5c66d9bb313c64fd807f1610d32e2ed646ec023dea0a1b1334d0,saved_rule_based,0.53
section_00_source_train_normal_000084,train,source,normal,A,20260901T143912Z-e5d061dfc62c0b36daf92847,20260901T143912Z-e5d061dfc62c0b36daf92847-dg-7740f073a739-000162,2,none,none,fast,normal-fast-1,left,normal,clipped/audio_event_clean/normal/20260901T143912Z-e5d061dfc62c0b36daf92847-dg-7740f073a739-000162_ch2.wav,3DPrinter/train/section_00_source_train_normal_000084.wav,f878bc891cc39995bb6601c656f82d59f1fa2c5d85a4a32a816a58f6bdb7e4b1,960044,81004800,81484800,0bb84adb1499c0cbc90b2a5e374045adfb496a27c91b32d6c9aaf5bb0599b224,0,0,aeb450032c7d5c66d9bb313c64fd807f1610d32e2ed646ec023dea0a1b1334d0,saved_rule_based,0.53
section_00_source_train_normal_000085,train,source,normal,A,20260901T143912Z-e5d061dfc62c0b36daf92847,20260901T143912Z-e5d061dfc62c0b36daf92847-dg-7740f073a739-000163,2,none,none,fast,normal-fast-1,left,normal,clipped/audio_event_clean/normal/20260901T143912Z-e5d061dfc62c0b36daf92847-dg-7740f073a739-000163_ch2.wav,3DPrinter/train/section_00_source_train_normal_000085.wav,c673b4bfd22e6bc10e2fa47e4f612c952d1a5b8bebe6d5791a6dade3a45a3a4d,960044,81484800,81964800,0bb84adb1499c0cbc90b2a5e374045adfb496a27c91b32d6c9aaf5bb0599b224,0,0,aeb450032c7d5c66d9bb313c64fd807f1610d32e2ed646ec023dea0a1b1334d0,saved_rule_based,0.53
section_00_source_train_normal_000086,train,source,normal,A,20260901T143912Z-e5d061dfc62c0b36daf92847,20260901T143912Z-e5d061dfc62c0b36daf92847-dg-7740f073a739-000164,2,none,none,fast,normal-fast-1,left,normal,clipped/audio_event_clean/normal/20260901T143912Z-e5d061dfc62c0b36daf92847-dg-7740f073a739-000164_ch2.wav,3DPrinter/train/section_00_source_train_normal_000086.wav,2c3ae2e49e21349534ee43b2bbb7c78a3e34f884bc2e2512605c68c83d59d9c9,960044,81964800,82444800,0bb84adb1499c0cbc90b2a5e374045adfb496a27c91b32d6c9aaf5bb0599b224,0,0,aeb450032c7d5c66d9bb313c64fd807f1610d32e2ed646ec023dea0a1b1334d0,saved_rule_based,0.53
section_00_source_train_normal_000087,train,source,normal,A,20260901T143912Z-e5d061dfc62c0b36daf92847,20260901T143912Z-e5d061dfc62c0b36daf92847-dg-7740f073a739-000165,2,none,none,fast,normal-fast-1,left,normal,clipped/audio_event_clean/normal/20260901T143912Z-e5d061dfc62c0b36daf92847-dg-7740f073a739-000165_ch2.wav,3DPrinter/train/section_00_source_train_normal_000087.wav,a23aade9793bf58b2520e0677eb4d3b68bfde3a17fdad7f0f9057e3ae3116736,960044,82444800,82924800,0bb84adb1499c0cbc90b2a5e374045adfb496a27c91b32d6c9aaf5bb0599b224,0,0,aeb450032c7d5c66d9bb313c64fd807f1610d32e2ed646ec023dea0a1b1334d0,saved_rule_based,0.53
section_00_source_train_normal_000088,train,source,normal,A,20260901T143912Z-e5d061dfc62c0b36daf92847,20260901T143912Z-e5d061dfc62c0b36daf92847-dg-7740f073a739-000168,2,none,none,fast,normal-fast-1,left,normal,clipped/audio_event_clean/normal/20260901T143912Z-e5d061dfc62c0b36daf92847-dg-7740f073a739-000168_ch2.wav,3DPrinter/train/section_00_source_train_normal_000088.wav,63e73f3fe62f72ad3baba177bfab8ff87c2a47b466e2d527d2890e2059869823,960044,83884800,84364800,0bb84adb1499c0cbc90b2a5e374045adfb496a27c91b32d6c9aaf5bb0599b224,0,0,aeb450032c7d5c66d9bb313c64fd807f1610d32e2ed646ec023dea0a1b1334d0,saved_rule_based,0.53
section_00_source_train_normal_000089,train,source,normal,A,20260901T143912Z-e5d061dfc62c0b36daf92847,20260901T143912Z-e5d061dfc62c0b36daf92847-dg-7740f073a739-000169,2,none,none,fast,normal-fast-1,left,normal,clipped/audio_event_clean/normal/20260901T143912Z-e5d061dfc62c0b36daf92847-dg-7740f073a739-000169_ch2.wav,3DPrinter/train/section_00_source_train_normal_000089.wav,f3b9f3e330c472b7849846194330c0646dc6c2ee58e8529b271826053af45f7f,960044,84364800,84844800,0bb84adb1499c0cbc90b2a5e374045adfb496a27c91b32d6c9aaf5bb0599b224,0,0,aeb450032c7d5c66d9bb313c64fd807f1610d32e2ed646ec023dea0a1b1334d0,saved_rule_based,0.53
section_00_source_train_normal_000090,train,source,normal,A,20260901T143912Z-e5d061dfc62c0b36daf92847,20260901T143912Z-e5d061dfc62c0b36daf92847-dg-7740f073a739-000171,2,none,none,fast,normal-fast-1,left,normal,clipped/audio_event_clean/normal/20260901T143912Z-e5d061dfc62c0b36daf92847-dg-7740f073a739-000171_ch2.wav,3DPrinter/train/section_00_source_train_normal_000090.wav,f90b2f8a26eb106bb8eb84f6b742574881809bf83c0ecbe954b48c289776f143,960044,85324800,85804800,0bb84adb1499c0cbc90b2a5e374045adfb496a27c91b32d6c9aaf5bb0599b224,0,0,aeb450032c7d5c66d9bb313c64fd807f1610d32e2ed646ec023dea0a1b1334d0,saved_rule_based,0.53
section_00_source_train_normal_000091,train,source,normal,A,20260901T143912Z-e5d061dfc62c0b36daf92847,20260901T143912Z-e5d061dfc62c0b36daf92847-dg-7740f073a739-000172,2,none,none,fast,normal-fast-1,left,normal,clipped/audio_event_clean/normal/20260901T143912Z-e5d061dfc62c0b36daf92847-dg-7740f073a739-000172_ch2.wav,3DPrinter/train/section_00_source_train_normal_000091.wav,2a37a1f278d14bc140c4a5019051af899ef88cd8a6dd3818821b5a2db986f00b,960044,85804800,86284800,0bb84adb1499c0cbc90b2a5e374045adfb496a27c91b32d6c9aaf5bb0599b224,0,0,aeb450032c7d5c66d9bb313c64fd807f1610d32e2ed646ec023dea0a1b1334d0,saved_rule_based,0.53
section_00_source_train_normal_000092,train,source,normal,A,20260901T143912Z-e5d061dfc62c0b36daf92847,20260901T143912Z-e5d061dfc62c0b36daf92847-dg-7740f073a739-000173,2,none,none,fast,normal-fast-1,left,normal,clipped/audio_event_clean/normal/20260901T143912Z-e5d061dfc62c0b36daf92847-dg-7740f073a739-000173_ch2.wav,3DPrinter/train/section_00_source_train_normal_000092.wav,ded1fb5613ceec63ec96cee2b96ae3f04c6746025f0c885bafdd44e5b126ad3d,960044,86284800,86764800,0bb84adb1499c0cbc90b2a5e374045adfb496a27c91b32d6c9aaf5bb0599b224,0,0,aeb450032c7d5c66d9bb313c64fd807f1610d32e2ed646ec023dea0a1b1334d0,saved_rule_based,0.53
section_00_source_train_normal_000093,train,source,normal,A,20260901T143912Z-e5d061dfc62c0b36daf92847,20260901T143912Z-e5d061dfc62c0b36daf92847-dg-7740f073a739-000174,2,none,none,fast,normal-fast-1,left,normal,clipped/audio_event_clean/normal/20260901T143912Z-e5d061dfc62c0b36daf92847-dg-7740f073a739-000174_ch2.wav,3DPrinter/train/section_00_source_train_normal_000093.wav,304ffe734d609f71f2d547b8259429c18527e4035617f8794028cb1390229b38,960044,86764800,87244800,0bb84adb1499c0cbc90b2a5e374045adfb496a27c91b32d6c9aaf5bb0599b224,0,0,aeb450032c7d5c66d9bb313c64fd807f1610d32e2ed646ec023dea0a1b1334d0,saved_rule_based,0.53
section_00_source_train_normal_000094,train,source,normal,A,20260901T143912Z-e5d061dfc62c0b36daf92847,20260901T143912Z-e5d061dfc62c0b36daf92847-dg-7740f073a739-000176,2,none,none,fast,normal-fast-1,left,normal,clipped/audio_event_clean/normal/20260901T143912Z-e5d061dfc62c0b36daf92847-dg-7740f073a739-000176_ch2.wav,3DPrinter/train/section_00_source_train_normal_000094.wav,09c82ddf7b7732f98252570f836b37ed2accb1c4b11cb4937b221e7d53503c13,960044,87724800,88204800,0bb84adb1499c0cbc90b2a5e374045adfb496a27c91b32d6c9aaf5bb0599b224,0,0,aeb450032c7d5c66d9bb313c64fd807f1610d32e2ed646ec023dea0a1b1334d0,saved_rule_based,0.53
section_00_source_train_normal_000095,train,source,normal,A,20260901T143912Z-e5d061dfc62c0b36daf92847,20260901T143912Z-e5d061dfc62c0b36daf92847-dg-7740f073a739-000180,2,none,none,fast,normal-fast-1,left,normal,clipped/audio_event_clean/normal/20260901T143912Z-e5d061dfc62c0b36daf92847-dg-7740f073a739-000180_ch2.wav,3DPrinter/train/section_00_source_train_normal_000095.wav,ea5cc08f4cad60a0ca266e64e2314392b12bbd328c17d9852a36473e56f6934b,960044,89644800,90124800,0bb84adb1499c0cbc90b2a5e374045adfb496a27c91b32d6c9aaf5bb0599b224,0,0,aeb450032c7d5c66d9bb313c64fd807f1610d32e2ed646ec023dea0a1b1334d0,saved_rule_based,0.53
section_00_source_train_normal_000096,train,source,normal,A,20260901T143912Z-e5d061dfc62c0b36daf92847,20260901T143912Z-e5d061dfc62c0b36daf92847-dg-7740f073a739-000181,2,none,none,fast,normal-fast-1,left,normal,clipped/audio_event_clean/normal/20260901T143912Z-e5d061dfc62c0b36daf92847-dg-7740f073a739-000181_ch2.wav,3DPrinter/train/section_00_source_train_normal_000096.wav,8b07e753a00c8210cbb27ad4b920c441283cbe6e9844877044f85a953d7802e2,960044,90124800,90604800,0bb84adb1499c0cbc90b2a5e374045adfb496a27c91b32d6c9aaf5bb0599b224,0,0,aeb450032c7d5c66d9bb313c64fd807f1610d32e2ed646ec023dea0a1b1334d0,saved_rule_based,0.53
section_00_source_train_normal_000097,train,source,normal,A,20260901T143912Z-e5d061dfc62c0b36daf92847,20260901T143912Z-e5d061dfc62c0b36daf92847-dg-7740f073a739-000183,2,none,none,fast,normal-fast-1,left,normal,clipped/audio_event_clean/normal/20260901T143912Z-e5d061dfc62c0b36daf92847-dg-7740f073a739-000183_ch2.wav,3DPrinter/train/section_00_source_train_normal_000097.wav,4e1471ef53ec4725e1df4c26b734d17aed4eee78e708f5f5dcfa4ca3ae8688b3,960044,91084800,91564800,0bb84adb1499c0cbc90b2a5e374045adfb496a27c91b32d6c9aaf5bb0599b224,0,0,aeb450032c7d5c66d9bb313c64fd807f1610d32e2ed646ec023dea0a1b1334d0,saved_rule_based,0.53
section_00_source_train_normal_000098,train,source,normal,A,20260901T143912Z-e5d061dfc62c0b36daf92847,20260901T143912Z-e5d061dfc62c0b36daf92847-dg-7740f073a739-000184,2,none,none,fast,normal-fast-1,left,normal,clipped/audio_event_clean/normal/20260901T143912Z-e5d061dfc62c0b36daf92847-dg-7740f073a739-000184_ch2.wav,3DPrinter/train/section_00_source_train_normal_000098.wav,68ccf57439e3ff7756e728e803bffd16ea24ed636240c2e7169fce65c83c5ec3,960044,91564800,92044800,0bb84adb1499c0cbc90b2a5e374045adfb496a27c91b32d6c9aaf5bb0599b224,0,0,aeb450032c7d5c66d9bb313c64fd807f1610d32e2ed646ec023dea0a1b1334d0,saved_rule_based,0.53
section_00_source_train_normal_000099,train,source,normal,A,20260901T143912Z-e5d061dfc62c0b36daf92847,20260901T143912Z-e5d061dfc62c0b36daf92847-dg-7740f073a739-000186,2,none,none,fast,normal-fast-1,left,normal,clipped/audio_event_clean/normal/20260901T143912Z-e5d061dfc62c0b36daf92847-dg-7740f073a739-000186_ch2.wav,3DPrinter/train/section_00_source_train_normal_000099.wav,684f34df658332637db1de1f3e768dd9f7acc3415a9aa0e13c31eb4a4ddbd060,960044,92524800,93004800,0bb84adb1499c0cbc90b2a5e374045adfb496a27c91b32d6c9aaf5bb0599b224,0,0,aeb450032c7d5c66d9bb313c64fd807f1610d32e2ed646ec023dea0a1b1334d0,saved_rule_based,0.53
section_00_source_train_normal_000100,train,source,normal,A,20260901T143912Z-e5d061dfc62c0b36daf92847,20260901T143912Z-e5d061dfc62c0b36daf92847-dg-7740f073a739-000188,2,none,none,fast,normal-fast-1,left,normal,clipped/audio_event_clean/normal/20260901T143912Z-e5d061dfc62c0b36daf92847-dg-7740f073a739-000188_ch2.wav,3DPrinter/train/section_00_source_train_normal_000100.wav,88cf75f79c70d11285ce9de1fd25b9a3db3a6f4e2c899ebced4f15edeb926e6e,960044,93484800,93964800,0bb84adb1499c0cbc90b2a5e374045adfb496a27c91b32d6c9aaf5bb0599b224,0,0,aeb450032c7d5c66d9bb313c64fd807f1610d32e2ed646ec023dea0a1b1334d0,saved_rule_based,0.53
section_00_source_train_normal_000101,train,source,normal,A,20260901T143912Z-e5d061dfc62c0b36daf92847,20260901T143912Z-e5d061dfc62c0b36daf92847-dg-7740f073a739-000189,2,none,none,fast,normal-fast-1,left,normal,clipped/audio_event_clean/normal/20260901T143912Z-e5d061dfc62c0b36daf92847-dg-7740f073a739-000189_ch2.wav,3DPrinter/train/section_00_source_train_normal_000101.wav,918a0005a39524e9d2f80de7c1d80da17beb43ac3e38a06755e23461b2051776,960044,93964800,94444800,0bb84adb1499c0cbc90b2a5e374045adfb496a27c91b32d6c9aaf5bb0599b224,0,0,aeb450032c7d5c66d9bb313c64fd807f1610d32e2ed646ec023dea0a1b1334d0,saved_rule_based,0.53
section_00_source_train_normal_000102,train,source,normal,A,20260901T143912Z-e5d061dfc62c0b36daf92847,20260901T143912Z-e5d061dfc62c0b36daf92847-dg-7740f073a739-000190,2,none,none,fast,normal-fast-1,left,normal,clipped/audio_event_clean/normal/20260901T143912Z-e5d061dfc62c0b36daf92847-dg-7740f073a739-000190_ch2.wav,3DPrinter/train/section_00_source_train_normal_000102.wav,91add1cd9ece07286eb838204343c53c9e960b8edffeecf6a0f4d40045212624,960044,94444800,94924800,0bb84adb1499c0cbc90b2a5e374045adfb496a27c91b32d6c9aaf5bb0599b224,0,0,aeb450032c7d5c66d9bb313c64fd807f1610d32e2ed646ec023dea0a1b1334d0,saved_rule_based,0.53
section_00_source_train_normal_000103,train,source,normal,A,20260901T143912Z-e5d061dfc62c0b36daf92847,20260901T143912Z-e5d061dfc62c0b36daf92847-dg-7740f073a739-000191,2,none,none,fast,normal-fast-1,left,normal,clipped/audio_event_clean/normal/20260901T143912Z-e5d061dfc62c0b36daf92847-dg-7740f073a739-000191_ch2.wav,3DPrinter/train/section_00_source_train_normal_000103.wav,1faf2746d62de9da0b48930fae0af5deeae2659e42c3189f342ecf5a36b19203,960044,94924800,95404800,0bb84adb1499c0cbc90b2a5e374045adfb496a27c91b32d6c9aaf5bb0599b224,0,0,aeb450032c7d5c66d9bb313c64fd807f1610d32e2ed646ec023dea0a1b1334d0,saved_rule_based,0.53
section_00_source_train_normal_000104,train,source,normal,A,20260901T143912Z-e5d061dfc62c0b36daf92847,20260901T143912Z-e5d061dfc62c0b36daf92847-dg-7740f073a739-000193,2,none,none,fast,normal-fast-1,left,normal,clipped/audio_event_clean/normal/20260901T143912Z-e5d061dfc62c0b36daf92847-dg-7740f073a739-000193_ch2.wav,3DPrinter/train/section_00_source_train_normal_000104.wav,5850956134f430cfc2323ae63f090cdc0a25f46f3c381e3a940910c1e52ec831,960044,95884800,96364800,0bb84adb1499c0cbc90b2a5e374045adfb496a27c91b32d6c9aaf5bb0599b224,0,0,aeb450032c7d5c66d9bb313c64fd807f1610d32e2ed646ec023dea0a1b1334d0,saved_rule_based,0.53
section_00_source_train_normal_000105,train,source,normal,A,20260901T143912Z-e5d061dfc62c0b36daf92847,20260901T143912Z-e5d061dfc62c0b36daf92847-dg-7740f073a739-000194,2,none,none,fast,normal-fast-1,left,normal,clipped/audio_event_clean/normal/20260901T143912Z-e5d061dfc62c0b36daf92847-dg-7740f073a739-000194_ch2.wav,3DPrinter/train/section_00_source_train_normal_000105.wav,6f75bf567025b95fe8e31fe721fcce89c4548491823440f16fcdac3619b691ca,960044,96364800,96844800,0bb84adb1499c0cbc90b2a5e374045adfb496a27c91b32d6c9aaf5bb0599b224,0,0,aeb450032c7d5c66d9bb313c64fd807f1610d32e2ed646ec023dea0a1b1334d0,saved_rule_based,0.53
section_00_source_train_normal_000106,train,source,normal,A,20260901T143912Z-e5d061dfc62c0b36daf92847,20260901T143912Z-e5d061dfc62c0b36daf92847-dg-7740f073a739-000195,2,none,none,fast,normal-fast-1,left,normal,clipped/audio_event_clean/normal/20260901T143912Z-e5d061dfc62c0b36daf92847-dg-7740f073a739-000195_ch2.wav,3DPrinter/train/section_00_source_train_normal_000106.wav,8672c603d1ae5cb48d2a50df2c851937e822caf1944c19b55e8f628b06f3b9c6,960044,96844800,97324800,0bb84adb1499c0cbc90b2a5e374045adfb496a27c91b32d6c9aaf5bb0599b224,0,0,aeb450032c7d5c66d9bb313c64fd807f1610d32e2ed646ec023dea0a1b1334d0,saved_rule_based,0.53
section_00_source_train_normal_000107,train,source,normal,A,20260901T143912Z-e5d061dfc62c0b36daf92847,20260901T143912Z-e5d061dfc62c0b36daf92847-dg-7740f073a739-000197,2,none,none,fast,normal-fast-1,left,normal,clipped/audio_event_clean/normal/20260901T143912Z-e5d061dfc62c0b36daf92847-dg-7740f073a739-000197_ch2.wav,3DPrinter/train/section_00_source_train_normal_000107.wav,a027b50b9387d42c7bf453645aac86e492a207e9b94779b8ddeefab3b7a10823,960044,97804800,98284800,0bb84adb1499c0cbc90b2a5e374045adfb496a27c91b32d6c9aaf5bb0599b224,0,0,aeb450032c7d5c66d9bb313c64fd807f1610d32e2ed646ec023dea0a1b1334d0,saved_rule_based,0.53
section_00_source_train_normal_000108,train,source,normal,A,20260901T143912Z-e5d061dfc62c0b36daf92847,20260901T143912Z-e5d061dfc62c0b36daf92847-dg-7740f073a739-000199,2,none,none,fast,normal-fast-1,left,normal,clipped/audio_event_clean/normal/20260901T143912Z-e5d061dfc62c0b36daf92847-dg-7740f073a739-000199_ch2.wav,3DPrinter/train/section_00_source_train_normal_000108.wav,bdc4018b9228079e39fb2c79ae3bb249e4af61c15fd70a3abeb68c4e21bbc5f4,960044,98764800,99244800,0bb84adb1499c0cbc90b2a5e374045adfb496a27c91b32d6c9aaf5bb0599b224,0,0,aeb450032c7d5c66d9bb313c64fd807f1610d32e2ed646ec023dea0a1b1334d0,saved_rule_based,0.53
section_00_source_train_normal_000109,train,source,normal,A,20260901T143912Z-e5d061dfc62c0b36daf92847,20260901T143912Z-e5d061dfc62c0b36daf92847-dg-7740f073a739-000202,2,none,none,fast,normal-fast-1,left,normal,clipped/audio_event_clean/normal/20260901T143912Z-e5d061dfc62c0b36daf92847-dg-7740f073a739-000202_ch2.wav,3DPrinter/train/section_00_source_train_normal_000109.wav,b683cef2a1aec172e06a933eae77c3606a0c042090a22b32cd7c2b98d19f1a1d,960044,100204800,100684800,0bb84adb1499c0cbc90b2a5e374045adfb496a27c91b32d6c9aaf5bb0599b224,0,0,aeb450032c7d5c66d9bb313c64fd807f1610d32e2ed646ec023dea0a1b1334d0,saved_rule_based,0.53
section_00_source_train_normal_000110,train,source,normal,A,20260901T143912Z-e5d061dfc62c0b36daf92847,20260901T143912Z-e5d061dfc62c0b36daf92847-dg-7740f073a739-000203,2,none,none,fast,normal-fast-1,left,normal,clipped/audio_event_clean/normal/20260901T143912Z-e5d061dfc62c0b36daf92847-dg-7740f073a739-000203_ch2.wav,3DPrinter/train/section_00_source_train_normal_000110.wav,03b9d298cc1633955e1d2d570c3a0d049d718106f660cafeab483c1d0f9a528d,960044,100684800,101164800,0bb84adb1499c0cbc90b2a5e374045adfb496a27c91b32d6c9aaf5bb0599b224,0,0,aeb450032c7d5c66d9bb313c64fd807f1610d32e2ed646ec023dea0a1b1334d0,saved_rule_based,0.53
section_00_source_train_normal_000111,train,source,normal,A,20260901T143912Z-e5d061dfc62c0b36daf92847,20260901T143912Z-e5d061dfc62c0b36daf92847-dg-7740f073a739-000205,2,none,none,fast,normal-fast-1,left,normal,clipped/audio_event_clean/normal/20260901T143912Z-e5d061dfc62c0b36daf92847-dg-7740f073a739-000205_ch2.wav,3DPrinter/train/section_00_source_train_normal_000111.wav,0746a112b8e85882aa3bb29c363d07be07b6aad90df68e795a4d483920f876a0,960044,101644800,102124800,0bb84adb1499c0cbc90b2a5e374045adfb496a27c91b32d6c9aaf5bb0599b224,0,0,aeb450032c7d5c66d9bb313c64fd807f1610d32e2ed646ec023dea0a1b1334d0,saved_rule_based,0.53
section_00_source_train_normal_000112,train,source,normal,A,20260901T143912Z-e5d061dfc62c0b36daf92847,20260901T143912Z-e5d061dfc62c0b36daf92847-dg-7740f073a739-000206,2,none,none,fast,normal-fast-1,left,normal,clipped/audio_event_clean/normal/20260901T143912Z-e5d061dfc62c0b36daf92847-dg-7740f073a739-000206_ch2.wav,3DPrinter/train/section_00_source_train_normal_000112.wav,2e8c958c2f75f3aef1b822051c60cbd5be8d26889b44782ebb84ca907cabc836,960044,102124800,102604800,0bb84adb1499c0cbc90b2a5e374045adfb496a27c91b32d6c9aaf5bb0599b224,0,0,aeb450032c7d5c66d9bb313c64fd807f1610d32e2ed646ec023dea0a1b1334d0,saved_rule_based,0.53
section_00_source_train_normal_000113,train,source,normal,A,20260901T143912Z-e5d061dfc62c0b36daf92847,20260901T143912Z-e5d061dfc62c0b36daf92847-dg-7740f073a739-000211,2,none,none,fast,normal-fast-1,left,normal,clipped/audio_event_clean/normal/20260901T143912Z-e5d061dfc62c0b36daf92847-dg-7740f073a739-000211_ch2.wav,3DPrinter/train/section_00_source_train_normal_000113.wav,2b402a26b87d856a023409a38471ec7217fc8fd9e3f49cae8040f4760bf123d0,960044,104524800,105004800,0bb84adb1499c0cbc90b2a5e374045adfb496a27c91b32d6c9aaf5bb0599b224,0,0,aeb450032c7d5c66d9bb313c64fd807f1610d32e2ed646ec023dea0a1b1334d0,saved_rule_based,0.53
section_00_source_train_normal_000114,train,source,normal,A,20260901T143912Z-e5d061dfc62c0b36daf92847,20260901T143912Z-e5d061dfc62c0b36daf92847-dg-7740f073a739-000215,2,none,none,fast,normal-fast-1,left,normal,clipped/audio_event_clean/normal/20260901T143912Z-e5d061dfc62c0b36daf92847-dg-7740f073a739-000215_ch2.wav,3DPrinter/train/section_00_source_train_normal_000114.wav,04d072c4bb4e372dce7eec0189bbf06ff990712787a7606c1a3ea153ee66fd24,960044,106444800,106924800,0bb84adb1499c0cbc90b2a5e374045adfb496a27c91b32d6c9aaf5bb0599b224,0,0,aeb450032c7d5c66d9bb313c64fd807f1610d32e2ed646ec023dea0a1b1334d0,saved_rule_based,0.53
section_00_source_train_normal_000115,train,source,normal,A,20260901T143912Z-e5d061dfc62c0b36daf92847,20260901T143912Z-e5d061dfc62c0b36daf92847-dg-7740f073a739-000216,2,none,none,fast,normal-fast-1,left,normal,clipped/audio_event_clean/normal/20260901T143912Z-e5d061dfc62c0b36daf92847-dg-7740f073a739-000216_ch2.wav,3DPrinter/train/section_00_source_train_normal_000115.wav,01ec942b4a35e27423da529bf0c54c23136fcf75a13a1292d20cf39522827955,960044,106924800,107404800,0bb84adb1499c0cbc90b2a5e374045adfb496a27c91b32d6c9aaf5bb0599b224,0,0,aeb450032c7d5c66d9bb313c64fd807f1610d32e2ed646ec023dea0a1b1334d0,saved_rule_based,0.53
section_00_source_train_normal_000116,train,source,normal,A,20260901T143912Z-e5d061dfc62c0b36daf92847,20260901T143912Z-e5d061dfc62c0b36daf92847-dg-7740f073a739-000217,2,none,none,fast,normal-fast-1,left,normal,clipped/audio_event_clean/normal/20260901T143912Z-e5d061dfc62c0b36daf92847-dg-7740f073a739-000217_ch2.wav,3DPrinter/train/section_00_source_train_normal_000116.wav,10c743b32a55815c7080005044156f32dc4c1cf827be0283f31af4b6521d2bcf,960044,107404800,107884800,0bb84adb1499c0cbc90b2a5e374045adfb496a27c91b32d6c9aaf5bb0599b224,0,0,aeb450032c7d5c66d9bb313c64fd807f1610d32e2ed646ec023dea0a1b1334d0,saved_rule_based,0.53
section_00_source_train_normal_000117,train,source,normal,A,20260901T143912Z-e5d061dfc62c0b36daf92847,20260901T143912Z-e5d061dfc62c0b36daf92847-dg-7740f073a739-000218,2,none,none,fast,normal-fast-1,left,normal,clipped/audio_event_clean/normal/20260901T143912Z-e5d061dfc62c0b36daf92847-dg-7740f073a739-000218_ch2.wav,3DPrinter/train/section_00_source_train_normal_000117.wav,9cdc18a0b3496070047df81041ddd93b096cfb91d24c9752f35f76d6c1138f2c,960044,107884800,108364800,0bb84adb1499c0cbc90b2a5e374045adfb496a27c91b32d6c9aaf5bb0599b224,0,0,aeb450032c7d5c66d9bb313c64fd807f1610d32e2ed646ec023dea0a1b1334d0,saved_rule_based,0.53
section_00_source_train_normal_000118,train,source,normal,A,20260901T143912Z-e5d061dfc62c0b36daf92847,20260901T143912Z-e5d061dfc62c0b36daf92847-dg-7740f073a739-000219,2,none,none,fast,normal-fast-1,left,normal,clipped/audio_event_clean/normal/20260901T143912Z-e5d061dfc62c0b36daf92847-dg-7740f073a739-000219_ch2.wav,3DPrinter/train/section_00_source_train_normal_000118.wav,03b1dcd71e2f84b851a869ea5542ab35b99d2ee9924e14392c60d1355219bfc9,960044,108364800,108844800,0bb84adb1499c0cbc90b2a5e374045adfb496a27c91b32d6c9aaf5bb0599b224,0,0,aeb450032c7d5c66d9bb313c64fd807f1610d32e2ed646ec023dea0a1b1334d0,saved_rule_based,0.53
section_00_source_train_normal_000119,train,source,normal,A,20260901T143912Z-e5d061dfc62c0b36daf92847,20260901T143912Z-e5d061dfc62c0b36daf92847-dg-7740f073a739-000220,2,none,none,fast,normal-fast-1,left,normal,clipped/audio_event_clean/normal/20260901T143912Z-e5d061dfc62c0b36daf92847-dg-7740f073a739-000220_ch2.wav,3DPrinter/train/section_00_source_train_normal_000119.wav,749451d2ef050344a69118b60bd9d7717722d40fbf513eb33ad11e9ea6fa8f82,960044,108844800,109324800,0bb84adb1499c0cbc90b2a5e374045adfb496a27c91b32d6c9aaf5bb0599b224,0,0,aeb450032c7d5c66d9bb313c64fd807f1610d32e2ed646ec023dea0a1b1334d0,saved_rule_based,0.53
section_00_source_train_normal_000120,train,source,normal,A,20260901T151827Z-92a6aa2e4849cea633194dd8,20260901T151827Z-92a6aa2e4849cea633194dd8-dg-6d507e8caf75-000001,2,none,none,fast,normal-fast-2,left,normal,clipped/audio_event_clean/normal/20260901T151827Z-92a6aa2e4849cea633194dd8-dg-6d507e8caf75-000001_ch2.wav,3DPrinter/train/section_00_source_train_normal_000120.wav,ed1cfe042165e7a89787217ffde3e7ceb920d7d7175bbd8ef8558bcfc7decb96,960044,116776800,117256800,1093b3922e3fdbb3602ac7ccc37f65321b297593ec1fae68d398a2302d77d48d,0,0,501cecdda262cbfa73f7a39568e8741d358d700e4d416ec10bba169547b6849d,saved_rule_based,0.43
section_00_source_train_normal_000121,train,source,normal,A,20260901T151827Z-92a6aa2e4849cea633194dd8,20260901T151827Z-92a6aa2e4849cea633194dd8-dg-6d507e8caf75-000002,2,none,none,fast,normal-fast-2,left,normal,clipped/audio_event_clean/normal/20260901T151827Z-92a6aa2e4849cea633194dd8-dg-6d507e8caf75-000002_ch2.wav,3DPrinter/train/section_00_source_train_normal_000121.wav,9f3a657483f0c9e640d5472aed89ffa173f1d4c29557d42fac2e4f09997ed742,960044,117256800,117736800,1093b3922e3fdbb3602ac7ccc37f65321b297593ec1fae68d398a2302d77d48d,0,0,501cecdda262cbfa73f7a39568e8741d358d700e4d416ec10bba169547b6849d,saved_rule_based,0.43
section_00_source_train_normal_000122,train,source,normal,A,20260901T151827Z-92a6aa2e4849cea633194dd8,20260901T151827Z-92a6aa2e4849cea633194dd8-dg-6d507e8caf75-000003,2,none,none,fast,normal-fast-2,left,normal,clipped/audio_event_clean/normal/20260901T151827Z-92a6aa2e4849cea633194dd8-dg-6d507e8caf75-000003_ch2.wav,3DPrinter/train/section_00_source_train_normal_000122.wav,83afc16e71fd677c0f2908ed2b4d91428e7f43dcdec9be90a97e6390c9b27444,960044,117736800,118216800,1093b3922e3fdbb3602ac7ccc37f65321b297593ec1fae68d398a2302d77d48d,0,0,501cecdda262cbfa73f7a39568e8741d358d700e4d416ec10bba169547b6849d,saved_rule_based,0.43
section_00_source_train_normal_000123,train,source,normal,A,20260901T151827Z-92a6aa2e4849cea633194dd8,20260901T151827Z-92a6aa2e4849cea633194dd8-dg-6d507e8caf75-000004,2,none,none,fast,normal-fast-2,left,normal,clipped/audio_event_clean/normal/20260901T151827Z-92a6aa2e4849cea633194dd8-dg-6d507e8caf75-000004_ch2.wav,3DPrinter/train/section_00_source_train_normal_000123.wav,2bad37e21b46e7e6b6af61f5c407842b5455aa39a1a9cff369b264d16a660a8d,960044,118216800,118696800,1093b3922e3fdbb3602ac7ccc37f65321b297593ec1fae68d398a2302d77d48d,0,0,501cecdda262cbfa73f7a39568e8741d358d700e4d416ec10bba169547b6849d,saved_rule_based,0.43
section_00_source_train_normal_000124,train,source,normal,A,20260901T151827Z-92a6aa2e4849cea633194dd8,20260901T151827Z-92a6aa2e4849cea633194dd8-dg-6d507e8caf75-000005,2,none,none,fast,normal-fast-2,left,normal,clipped/audio_event_clean/normal/20260901T151827Z-92a6aa2e4849cea633194dd8-dg-6d507e8caf75-000005_ch2.wav,3DPrinter/train/section_00_source_train_normal_000124.wav,e55ee16bbe5fef2794ea32aafca87a3e7d5e92d338ec0b6f6b65a148ded25fe9,960044,118696800,119176800,1093b3922e3fdbb3602ac7ccc37f65321b297593ec1fae68d398a2302d77d48d,0,0,501cecdda262cbfa73f7a39568e8741d358d700e4d416ec10bba169547b6849d,saved_rule_based,0.43
section_00_source_train_normal_000125,train,source,normal,A,20260901T151827Z-92a6aa2e4849cea633194dd8,20260901T151827Z-92a6aa2e4849cea633194dd8-dg-6d507e8caf75-000006,2,none,none,fast,normal-fast-2,left,normal,clipped/audio_event_clean/normal/20260901T151827Z-92a6aa2e4849cea633194dd8-dg-6d507e8caf75-000006_ch2.wav,3DPrinter/train/section_00_source_train_normal_000125.wav,ff0e69038af12aaca57d0f52d7732ac2a6998404363cd683d75f6c7e937220e4,960044,119176800,119656800,1093b3922e3fdbb3602ac7ccc37f65321b297593ec1fae68d398a2302d77d48d,0,0,501cecdda262cbfa73f7a39568e8741d358d700e4d416ec10bba169547b6849d,saved_rule_based,0.43
section_00_source_train_normal_000126,train,source,normal,A,20260901T151827Z-92a6aa2e4849cea633194dd8,20260901T151827Z-92a6aa2e4849cea633194dd8-dg-6d507e8caf75-000008,2,none,none,fast,normal-fast-2,left,normal,clipped/audio_event_clean/normal/20260901T151827Z-92a6aa2e4849cea633194dd8-dg-6d507e8caf75-000008_ch2.wav,3DPrinter/train/section_00_source_train_normal_000126.wav,02bc21cf5e39ac30f76ded3eeb1e2cc8ca23b24df1d669ee17d7f6857d24d6bf,960044,120136800,120616800,1093b3922e3fdbb3602ac7ccc37f65321b297593ec1fae68d398a2302d77d48d,0,0,501cecdda262cbfa73f7a39568e8741d358d700e4d416ec10bba169547b6849d,saved_rule_based,0.43
section_00_source_train_normal_000127,train,source,normal,A,20260901T151827Z-92a6aa2e4849cea633194dd8,20260901T151827Z-92a6aa2e4849cea633194dd8-dg-6d507e8caf75-000010,2,none,none,fast,normal-fast-2,left,normal,clipped/audio_event_clean/normal/20260901T151827Z-92a6aa2e4849cea633194dd8-dg-6d507e8caf75-000010_ch2.wav,3DPrinter/train/section_00_source_train_normal_000127.wav,e8da250e2b7d3c20400025cfd2df6203b64fbdf88df4bbcdae91213617df580f,960044,121096800,121576800,1093b3922e3fdbb3602ac7ccc37f65321b297593ec1fae68d398a2302d77d48d,0,0,501cecdda262cbfa73f7a39568e8741d358d700e4d416ec10bba169547b6849d,saved_rule_based,0.43
section_00_source_train_normal_000128,train,source,normal,A,20260901T151827Z-92a6aa2e4849cea633194dd8,20260901T151827Z-92a6aa2e4849cea633194dd8-dg-6d507e8caf75-000012,2,none,none,fast,normal-fast-2,left,normal,clipped/audio_event_clean/normal/20260901T151827Z-92a6aa2e4849cea633194dd8-dg-6d507e8caf75-000012_ch2.wav,3DPrinter/train/section_00_source_train_normal_000128.wav,cdbc8122a93fcd18e0aa48ca49aa6b2d7ab26aa74db04b45f58e5d89e97f8e13,960044,122056800,122536800,1093b3922e3fdbb3602ac7ccc37f65321b297593ec1fae68d398a2302d77d48d,0,0,501cecdda262cbfa73f7a39568e8741d358d700e4d416ec10bba169547b6849d,saved_rule_based,0.43
section_00_source_train_normal_000129,train,source,normal,A,20260901T151827Z-92a6aa2e4849cea633194dd8,20260901T151827Z-92a6aa2e4849cea633194dd8-dg-6d507e8caf75-000014,2,none,none,fast,normal-fast-2,left,normal,clipped/audio_event_clean/normal/20260901T151827Z-92a6aa2e4849cea633194dd8-dg-6d507e8caf75-000014_ch2.wav,3DPrinter/train/section_00_source_train_normal_000129.wav,18b1425300879ea771b0fc39d39fd5f6c57dc14d3cd3386a5007c4905cf3493f,960044,123016800,123496800,1093b3922e3fdbb3602ac7ccc37f65321b297593ec1fae68d398a2302d77d48d,0,0,501cecdda262cbfa73f7a39568e8741d358d700e4d416ec10bba169547b6849d,saved_rule_based,0.43
section_00_source_train_normal_000130,train,source,normal,A,20260901T151827Z-92a6aa2e4849cea633194dd8,20260901T151827Z-92a6aa2e4849cea633194dd8-dg-6d507e8caf75-000016,2,none,none,fast,normal-fast-2,left,normal,clipped/audio_event_clean/normal/20260901T151827Z-92a6aa2e4849cea633194dd8-dg-6d507e8caf75-000016_ch2.wav,3DPrinter/train/section_00_source_train_normal_000130.wav,3ca017fdbe8c85ade64edce10a506699b4c718394329f6d6b464d2104346ec95,960044,123976800,124456800,1093b3922e3fdbb3602ac7ccc37f65321b297593ec1fae68d398a2302d77d48d,0,0,501cecdda262cbfa73f7a39568e8741d358d700e4d416ec10bba169547b6849d,saved_rule_based,0.43
section_00_source_train_normal_000131,train,source,normal,A,20260901T151827Z-92a6aa2e4849cea633194dd8,20260901T151827Z-92a6aa2e4849cea633194dd8-dg-6d507e8caf75-000018,2,none,none,fast,normal-fast-2,left,normal,clipped/audio_event_clean/normal/20260901T151827Z-92a6aa2e4849cea633194dd8-dg-6d507e8caf75-000018_ch2.wav,3DPrinter/train/section_00_source_train_normal_000131.wav,57cce7418c8a97f0bd9e8a2bb7275d5eb8b0a4df91bcca1cc6f517c4a73eae1f,960044,124936800,125416800,1093b3922e3fdbb3602ac7ccc37f65321b297593ec1fae68d398a2302d77d48d,0,0,501cecdda262cbfa73f7a39568e8741d358d700e4d416ec10bba169547b6849d,saved_rule_based,0.43
section_00_source_train_normal_000132,train,source,normal,A,20260901T151827Z-92a6aa2e4849cea633194dd8,20260901T151827Z-92a6aa2e4849cea633194dd8-dg-6d507e8caf75-000020,2,none,none,fast,normal-fast-2,left,normal,clipped/audio_event_clean/normal/20260901T151827Z-92a6aa2e4849cea633194dd8-dg-6d507e8caf75-000020_ch2.wav,3DPrinter/train/section_00_source_train_normal_000132.wav,5dc0019f53d17bcefac9732e867bb816123e1d981a5743b9ef8b99ed7696b744,960044,125896800,126376800,1093b3922e3fdbb3602ac7ccc37f65321b297593ec1fae68d398a2302d77d48d,0,0,501cecdda262cbfa73f7a39568e8741d358d700e4d416ec10bba169547b6849d,saved_rule_based,0.43
section_00_source_train_normal_000133,train,source,normal,A,20260901T151827Z-92a6aa2e4849cea633194dd8,20260901T151827Z-92a6aa2e4849cea633194dd8-dg-6d507e8caf75-000023,2,none,none,fast,normal-fast-2,left,normal,clipped/audio_event_clean/normal/20260901T151827Z-92a6aa2e4849cea633194dd8-dg-6d507e8caf75-000023_ch2.wav,3DPrinter/train/section_00_source_train_normal_000133.wav,95c92c1379800161b3519346b4e937c6a4ef88ff12f45de1e0b64722998edc86,960044,127336800,127816800,1093b3922e3fdbb3602ac7ccc37f65321b297593ec1fae68d398a2302d77d48d,0,0,501cecdda262cbfa73f7a39568e8741d358d700e4d416ec10bba169547b6849d,saved_rule_based,0.43
section_00_source_train_normal_000134,train,source,normal,A,20260901T151827Z-92a6aa2e4849cea633194dd8,20260901T151827Z-92a6aa2e4849cea633194dd8-dg-6d507e8caf75-000024,2,none,none,fast,normal-fast-2,left,normal,clipped/audio_event_clean/normal/20260901T151827Z-92a6aa2e4849cea633194dd8-dg-6d507e8caf75-000024_ch2.wav,3DPrinter/train/section_00_source_train_normal_000134.wav,331b704c869341c8ee6e968b98d9467a3eb9c4862cd6ceb24bdb31f549dcb028,960044,127816800,128296800,1093b3922e3fdbb3602ac7ccc37f65321b297593ec1fae68d398a2302d77d48d,0,0,501cecdda262cbfa73f7a39568e8741d358d700e4d416ec10bba169547b6849d,saved_rule_based,0.43
section_00_source_train_normal_000135,train,source,normal,A,20260901T151827Z-92a6aa2e4849cea633194dd8,20260901T151827Z-92a6aa2e4849cea633194dd8-dg-6d507e8caf75-000027,2,none,none,fast,normal-fast-2,left,normal,clipped/audio_event_clean/normal/20260901T151827Z-92a6aa2e4849cea633194dd8-dg-6d507e8caf75-000027_ch2.wav,3DPrinter/train/section_00_source_train_normal_000135.wav,673a0af8874357132e1b62bec8bf482c78d2a822b11dc6aadf2e08fd8a7be428,960044,129256800,129736800,1093b3922e3fdbb3602ac7ccc37f65321b297593ec1fae68d398a2302d77d48d,0,0,501cecdda262cbfa73f7a39568e8741d358d700e4d416ec10bba169547b6849d,saved_rule_based,0.43
section_00_source_train_normal_000136,train,source,normal,A,20260901T151827Z-92a6aa2e4849cea633194dd8,20260901T151827Z-92a6aa2e4849cea633194dd8-dg-6d507e8caf75-000028,2,none,none,fast,normal-fast-2,left,normal,clipped/audio_event_clean/normal/20260901T151827Z-92a6aa2e4849cea633194dd8-dg-6d507e8caf75-000028_ch2.wav,3DPrinter/train/section_00_source_train_normal_000136.wav,f9f5292d22bb68d5cd352fd8f0fd43c67e57505ce48d931cc9030e4bf7a0c3ed,960044,129736800,130216800,1093b3922e3fdbb3602ac7ccc37f65321b297593ec1fae68d398a2302d77d48d,0,0,501cecdda262cbfa73f7a39568e8741d358d700e4d416ec10bba169547b6849d,saved_rule_based,0.43
section_00_source_train_normal_000137,train,source,normal,A,20260901T151827Z-92a6aa2e4849cea633194dd8,20260901T151827Z-92a6aa2e4849cea633194dd8-dg-6d507e8caf75-000033,2,none,none,fast,normal-fast-2,left,normal,clipped/audio_event_clean/normal/20260901T151827Z-92a6aa2e4849cea633194dd8-dg-6d507e8caf75-000033_ch2.wav,3DPrinter/train/section_00_source_train_normal_000137.wav,95a34156c0884b9ac3239c1d5025b8d699dd5172b5e228af59692f1e5d326df8,960044,132136800,132616800,1093b3922e3fdbb3602ac7ccc37f65321b297593ec1fae68d398a2302d77d48d,0,0,501cecdda262cbfa73f7a39568e8741d358d700e4d416ec10bba169547b6849d,saved_rule_based,0.43
section_00_source_train_normal_000138,train,source,normal,A,20260901T151827Z-92a6aa2e4849cea633194dd8,20260901T151827Z-92a6aa2e4849cea633194dd8-dg-6d507e8caf75-000034,2,none,none,fast,normal-fast-2,left,normal,clipped/audio_event_clean/normal/20260901T151827Z-92a6aa2e4849cea633194dd8-dg-6d507e8caf75-000034_ch2.wav,3DPrinter/train/section_00_source_train_normal_000138.wav,1f88376c69ae96de9dfcc3a0847d73631e5b76da5887903ee57c084222617972,960044,132616800,133096800,1093b3922e3fdbb3602ac7ccc37f65321b297593ec1fae68d398a2302d77d48d,0,0,501cecdda262cbfa73f7a39568e8741d358d700e4d416ec10bba169547b6849d,saved_rule_based,0.43
section_00_source_train_normal_000139,train,source,normal,A,20260901T151827Z-92a6aa2e4849cea633194dd8,20260901T151827Z-92a6aa2e4849cea633194dd8-dg-6d507e8caf75-000035,2,none,none,fast,normal-fast-2,left,normal,clipped/audio_event_clean/normal/20260901T151827Z-92a6aa2e4849cea633194dd8-dg-6d507e8caf75-000035_ch2.wav,3DPrinter/train/section_00_source_train_normal_000139.wav,37777a5e7ae921ab758b859cfac9c6adb2a36df3ab6e1b00a207c7c67d7cbeb4,960044,133096800,133576800,1093b3922e3fdbb3602ac7ccc37f65321b297593ec1fae68d398a2302d77d48d,0,0,501cecdda262cbfa73f7a39568e8741d358d700e4d416ec10bba169547b6849d,saved_rule_based,0.43
section_00_source_train_normal_000140,train,source,normal,A,20260901T151827Z-92a6aa2e4849cea633194dd8,20260901T151827Z-92a6aa2e4849cea633194dd8-dg-6d507e8caf75-000038,2,none,none,fast,normal-fast-2,left,normal,clipped/audio_event_clean/normal/20260901T151827Z-92a6aa2e4849cea633194dd8-dg-6d507e8caf75-000038_ch2.wav,3DPrinter/train/section_00_source_train_normal_000140.wav,882512af89a89422c6dd65f9ddb96d539e23cd43fe138ba71d986f6d9483f0e2,960044,134536800,135016800,1093b3922e3fdbb3602ac7ccc37f65321b297593ec1fae68d398a2302d77d48d,0,0,501cecdda262cbfa73f7a39568e8741d358d700e4d416ec10bba169547b6849d,saved_rule_based,0.43
section_00_source_train_normal_000141,train,source,normal,A,20260901T151827Z-92a6aa2e4849cea633194dd8,20260901T151827Z-92a6aa2e4849cea633194dd8-dg-6d507e8caf75-000039,2,none,none,fast,normal-fast-2,left,normal,clipped/audio_event_clean/normal/20260901T151827Z-92a6aa2e4849cea633194dd8-dg-6d507e8caf75-000039_ch2.wav,3DPrinter/train/section_00_source_train_normal_000141.wav,abc499e5b81582f832775e7fe3b00999ea6b538bdf9d7171ffe8a51eaced9690,960044,135016800,135496800,1093b3922e3fdbb3602ac7ccc37f65321b297593ec1fae68d398a2302d77d48d,0,0,501cecdda262cbfa73f7a39568e8741d358d700e4d416ec10bba169547b6849d,saved_rule_based,0.43
section_00_source_train_normal_000142,train,source,normal,A,20260901T151827Z-92a6aa2e4849cea633194dd8,20260901T151827Z-92a6aa2e4849cea633194dd8-dg-6d507e8caf75-000040,2,none,none,fast,normal-fast-2,left,normal,clipped/audio_event_clean/normal/20260901T151827Z-92a6aa2e4849cea633194dd8-dg-6d507e8caf75-000040_ch2.wav,3DPrinter/train/section_00_source_train_normal_000142.wav,4aa1747d1378c8f4b65b7947de64babf930fc801ec52dfac5f37c62191af5b71,960044,135496800,135976800,1093b3922e3fdbb3602ac7ccc37f65321b297593ec1fae68d398a2302d77d48d,0,0,501cecdda262cbfa73f7a39568e8741d358d700e4d416ec10bba169547b6849d,saved_rule_based,0.43
section_00_source_train_normal_000143,train,source,normal,A,20260901T151827Z-92a6aa2e4849cea633194dd8,20260901T151827Z-92a6aa2e4849cea633194dd8-dg-6d507e8caf75-000041,2,none,none,fast,normal-fast-2,left,normal,clipped/audio_event_clean/normal/20260901T151827Z-92a6aa2e4849cea633194dd8-dg-6d507e8caf75-000041_ch2.wav,3DPrinter/train/section_00_source_train_normal_000143.wav,9f090241f99182a512c75a0fc4362b1ff751cb2bcde2e8797e744cda08d14546,960044,135976800,136456800,1093b3922e3fdbb3602ac7ccc37f65321b297593ec1fae68d398a2302d77d48d,0,0,501cecdda262cbfa73f7a39568e8741d358d700e4d416ec10bba169547b6849d,saved_rule_based,0.43
section_00_source_train_normal_000144,train,source,normal,A,20260901T151827Z-92a6aa2e4849cea633194dd8,20260901T151827Z-92a6aa2e4849cea633194dd8-dg-6d507e8caf75-000042,2,none,none,fast,normal-fast-2,left,normal,clipped/audio_event_clean/normal/20260901T151827Z-92a6aa2e4849cea633194dd8-dg-6d507e8caf75-000042_ch2.wav,3DPrinter/train/section_00_source_train_normal_000144.wav,4a7f3e41f9360384e1ec7bda2b1ba2cfb2a741144d15661ab1500c817d1f6074,960044,136456800,136936800,1093b3922e3fdbb3602ac7ccc37f65321b297593ec1fae68d398a2302d77d48d,0,0,501cecdda262cbfa73f7a39568e8741d358d700e4d416ec10bba169547b6849d,saved_rule_based,0.43
section_00_source_train_normal_000145,train,source,normal,A,20260901T151827Z-92a6aa2e4849cea633194dd8,20260901T151827Z-92a6aa2e4849cea633194dd8-dg-6d507e8caf75-000043,2,none,none,fast,normal-fast-2,left,normal,clipped/audio_event_clean/normal/20260901T151827Z-92a6aa2e4849cea633194dd8-dg-6d507e8caf75-000043_ch2.wav,3DPrinter/train/section_00_source_train_normal_000145.wav,5120faa70fca57cc1b80cb8068ecf1e6cfe485cec48e4a479546d13b5f980134,960044,136936800,137416800,1093b3922e3fdbb3602ac7ccc37f65321b297593ec1fae68d398a2302d77d48d,0,0,501cecdda262cbfa73f7a39568e8741d358d700e4d416ec10bba169547b6849d,saved_rule_based,0.43
section_00_source_train_normal_000146,train,source,normal,A,20260901T151827Z-92a6aa2e4849cea633194dd8,20260901T151827Z-92a6aa2e4849cea633194dd8-dg-6d507e8caf75-000044,2,none,none,fast,normal-fast-2,left,normal,clipped/audio_event_clean/normal/20260901T151827Z-92a6aa2e4849cea633194dd8-dg-6d507e8caf75-000044_ch2.wav,3DPrinter/train/section_00_source_train_normal_000146.wav,f65e9860024eb6573ea92f180918a0c7a98bfd896f2c254af510f9fc61c9f367,960044,137416800,137896800,1093b3922e3fdbb3602ac7ccc37f65321b297593ec1fae68d398a2302d77d48d,0,0,501cecdda262cbfa73f7a39568e8741d358d700e4d416ec10bba169547b6849d,saved_rule_based,0.43
section_00_source_train_normal_000147,train,source,normal,A,20260901T151827Z-92a6aa2e4849cea633194dd8,20260901T151827Z-92a6aa2e4849cea633194dd8-dg-6d507e8caf75-000045,2,none,none,fast,normal-fast-2,left,normal,clipped/audio_event_clean/normal/20260901T151827Z-92a6aa2e4849cea633194dd8-dg-6d507e8caf75-000045_ch2.wav,3DPrinter/train/section_00_source_train_normal_000147.wav,e601909b92f052a9533133c99d197c189291503e106bba72f0e743503fdc2be2,960044,137896800,138376800,1093b3922e3fdbb3602ac7ccc37f65321b297593ec1fae68d398a2302d77d48d,0,0,501cecdda262cbfa73f7a39568e8741d358d700e4d416ec10bba169547b6849d,saved_rule_based,0.43
section_00_source_train_normal_000148,train,source,normal,A,20260901T151827Z-92a6aa2e4849cea633194dd8,20260901T151827Z-92a6aa2e4849cea633194dd8-dg-6d507e8caf75-000047,2,none,none,fast,normal-fast-2,left,normal,clipped/audio_event_clean/normal/20260901T151827Z-92a6aa2e4849cea633194dd8-dg-6d507e8caf75-000047_ch2.wav,3DPrinter/train/section_00_source_train_normal_000148.wav,8be28f8f758881eac292441c7165efbddd2ca0c58603cb86b06a77e14579090e,960044,138856800,139336800,1093b3922e3fdbb3602ac7ccc37f65321b297593ec1fae68d398a2302d77d48d,0,0,501cecdda262cbfa73f7a39568e8741d358d700e4d416ec10bba169547b6849d,saved_rule_based,0.43
section_00_source_train_normal_000149,train,source,normal,A,20260901T151827Z-92a6aa2e4849cea633194dd8,20260901T151827Z-92a6aa2e4849cea633194dd8-dg-6d507e8caf75-000050,2,none,none,fast,normal-fast-2,left,normal,clipped/audio_event_clean/normal/20260901T151827Z-92a6aa2e4849cea633194dd8-dg-6d507e8caf75-000050_ch2.wav,3DPrinter/train/section_00_source_train_normal_000149.wav,6efa3fb442f0891cac5727bb34335b06ccc4425cb733dda9cf4d2ebbc1751aa8,960044,140296800,140776800,1093b3922e3fdbb3602ac7ccc37f65321b297593ec1fae68d398a2302d77d48d,0,0,501cecdda262cbfa73f7a39568e8741d358d700e4d416ec10bba169547b6849d,saved_rule_based,0.43
section_00_source_train_normal_000150,train,source,normal,A,20260901T151827Z-92a6aa2e4849cea633194dd8,20260901T151827Z-92a6aa2e4849cea633194dd8-dg-6d507e8caf75-000051,2,none,none,fast,normal-fast-2,left,normal,clipped/audio_event_clean/normal/20260901T151827Z-92a6aa2e4849cea633194dd8-dg-6d507e8caf75-000051_ch2.wav,3DPrinter/train/section_00_source_train_normal_000150.wav,4a18b1bf389ffd00c5c975d31335cd56c50dce70f1abd7de5b592da73adaade8,960044,140776800,141256800,1093b3922e3fdbb3602ac7ccc37f65321b297593ec1fae68d398a2302d77d48d,0,0,501cecdda262cbfa73f7a39568e8741d358d700e4d416ec10bba169547b6849d,saved_rule_based,0.43
section_00_source_train_normal_000151,train,source,normal,A,20260901T151827Z-92a6aa2e4849cea633194dd8,20260901T151827Z-92a6aa2e4849cea633194dd8-dg-6d507e8caf75-000057,2,none,none,fast,normal-fast-2,left,normal,clipped/audio_event_clean/normal/20260901T151827Z-92a6aa2e4849cea633194dd8-dg-6d507e8caf75-000057_ch2.wav,3DPrinter/train/section_00_source_train_normal_000151.wav,21c0291ba4720bbb23aacd29cbe1f598c63e28f9168cae4dc5d541a9cfb7cc5f,960044,143656800,144136800,1093b3922e3fdbb3602ac7ccc37f65321b297593ec1fae68d398a2302d77d48d,0,0,501cecdda262cbfa73f7a39568e8741d358d700e4d416ec10bba169547b6849d,saved_rule_based,0.43
section_00_source_train_normal_000152,train,source,normal,A,20260901T151827Z-92a6aa2e4849cea633194dd8,20260901T151827Z-92a6aa2e4849cea633194dd8-dg-6d507e8caf75-000058,2,none,none,fast,normal-fast-2,left,normal,clipped/audio_event_clean/normal/20260901T151827Z-92a6aa2e4849cea633194dd8-dg-6d507e8caf75-000058_ch2.wav,3DPrinter/train/section_00_source_train_normal_000152.wav,0418c1fae06f9216dee55ded5280bbdf79ed80a72e60723d86079340ee71b850,960044,144136800,144616800,1093b3922e3fdbb3602ac7ccc37f65321b297593ec1fae68d398a2302d77d48d,0,0,501cecdda262cbfa73f7a39568e8741d358d700e4d416ec10bba169547b6849d,saved_rule_based,0.43
section_00_source_train_normal_000153,train,source,normal,A,20260901T151827Z-92a6aa2e4849cea633194dd8,20260901T151827Z-92a6aa2e4849cea633194dd8-dg-6d507e8caf75-000059,2,none,none,fast,normal-fast-2,left,normal,clipped/audio_event_clean/normal/20260901T151827Z-92a6aa2e4849cea633194dd8-dg-6d507e8caf75-000059_ch2.wav,3DPrinter/train/section_00_source_train_normal_000153.wav,596abcb4544a8c67593861c33b381c0d6ff50282602349c0ae7c67b610c8818e,960044,144616800,145096800,1093b3922e3fdbb3602ac7ccc37f65321b297593ec1fae68d398a2302d77d48d,0,0,501cecdda262cbfa73f7a39568e8741d358d700e4d416ec10bba169547b6849d,saved_rule_based,0.43
section_00_source_train_normal_000154,train,source,normal,A,20260901T151827Z-92a6aa2e4849cea633194dd8,20260901T151827Z-92a6aa2e4849cea633194dd8-dg-6d507e8caf75-000063,2,none,none,fast,normal-fast-2,left,normal,clipped/audio_event_clean/normal/20260901T151827Z-92a6aa2e4849cea633194dd8-dg-6d507e8caf75-000063_ch2.wav,3DPrinter/train/section_00_source_train_normal_000154.wav,7c8eb6174d52bb5def12e6a0c282b84dcd521685aa7b0ca89e5fcb44a5a69700,960044,146536800,147016800,1093b3922e3fdbb3602ac7ccc37f65321b297593ec1fae68d398a2302d77d48d,0,0,501cecdda262cbfa73f7a39568e8741d358d700e4d416ec10bba169547b6849d,saved_rule_based,0.43
section_00_source_train_normal_000155,train,source,normal,A,20260901T151827Z-92a6aa2e4849cea633194dd8,20260901T151827Z-92a6aa2e4849cea633194dd8-dg-6d507e8caf75-000064,2,none,none,fast,normal-fast-2,left,normal,clipped/audio_event_clean/normal/20260901T151827Z-92a6aa2e4849cea633194dd8-dg-6d507e8caf75-000064_ch2.wav,3DPrinter/train/section_00_source_train_normal_000155.wav,7dad7114bfc45184d0645423e5d2e3a032bd8b64ee76cf3d53a94e420fe9c3a4,960044,147016800,147496800,1093b3922e3fdbb3602ac7ccc37f65321b297593ec1fae68d398a2302d77d48d,0,0,501cecdda262cbfa73f7a39568e8741d358d700e4d416ec10bba169547b6849d,saved_rule_based,0.43
section_00_source_train_normal_000156,train,source,normal,A,20260901T151827Z-92a6aa2e4849cea633194dd8,20260901T151827Z-92a6aa2e4849cea633194dd8-dg-6d507e8caf75-000065,2,none,none,fast,normal-fast-2,left,normal,clipped/audio_event_clean/normal/20260901T151827Z-92a6aa2e4849cea633194dd8-dg-6d507e8caf75-000065_ch2.wav,3DPrinter/train/section_00_source_train_normal_000156.wav,557c8e8721cd830aa68013b02377e6714927c7377a8cc7758845c925584efc8b,960044,147496800,147976800,1093b3922e3fdbb3602ac7ccc37f65321b297593ec1fae68d398a2302d77d48d,0,0,501cecdda262cbfa73f7a39568e8741d358d700e4d416ec10bba169547b6849d,saved_rule_based,0.43
section_00_source_train_normal_000157,train,source,normal,A,20260901T151827Z-92a6aa2e4849cea633194dd8,20260901T151827Z-92a6aa2e4849cea633194dd8-dg-6d507e8caf75-000067,2,none,none,fast,normal-fast-2,left,normal,clipped/audio_event_clean/normal/20260901T151827Z-92a6aa2e4849cea633194dd8-dg-6d507e8caf75-000067_ch2.wav,3DPrinter/train/section_00_source_train_normal_000157.wav,96203797ca073442fcc3bc6d8b08160b66179825802af3c1c3d574f5737cef13,960044,148456800,148936800,1093b3922e3fdbb3602ac7ccc37f65321b297593ec1fae68d398a2302d77d48d,0,0,501cecdda262cbfa73f7a39568e8741d358d700e4d416ec10bba169547b6849d,saved_rule_based,0.43
section_00_source_train_normal_000158,train,source,normal,A,20260901T151827Z-92a6aa2e4849cea633194dd8,20260901T151827Z-92a6aa2e4849cea633194dd8-dg-6d507e8caf75-000072,2,none,none,fast,normal-fast-2,left,normal,clipped/audio_event_clean/normal/20260901T151827Z-92a6aa2e4849cea633194dd8-dg-6d507e8caf75-000072_ch2.wav,3DPrinter/train/section_00_source_train_normal_000158.wav,b4165863a6adbaf27fca9f7d0738db1fa3f4a339173df827b6929a14799d792a,960044,150856800,151336800,1093b3922e3fdbb3602ac7ccc37f65321b297593ec1fae68d398a2302d77d48d,0,0,501cecdda262cbfa73f7a39568e8741d358d700e4d416ec10bba169547b6849d,saved_rule_based,0.43
section_00_source_train_normal_000159,train,source,normal,A,20260901T151827Z-92a6aa2e4849cea633194dd8,20260901T151827Z-92a6aa2e4849cea633194dd8-dg-6d507e8caf75-000073,2,none,none,fast,normal-fast-2,left,normal,clipped/audio_event_clean/normal/20260901T151827Z-92a6aa2e4849cea633194dd8-dg-6d507e8caf75-000073_ch2.wav,3DPrinter/train/section_00_source_train_normal_000159.wav,46b78ff7151dd33b715795c4dc4101c3371cc30c643506f5ac24b2567991b100,960044,151336800,151816800,1093b3922e3fdbb3602ac7ccc37f65321b297593ec1fae68d398a2302d77d48d,0,0,501cecdda262cbfa73f7a39568e8741d358d700e4d416ec10bba169547b6849d,saved_rule_based,0.43
section_00_source_train_normal_000160,train,source,normal,A,20260901T151827Z-92a6aa2e4849cea633194dd8,20260901T151827Z-92a6aa2e4849cea633194dd8-dg-6d507e8caf75-000074,2,none,none,fast,normal-fast-2,left,normal,clipped/audio_event_clean/normal/20260901T151827Z-92a6aa2e4849cea633194dd8-dg-6d507e8caf75-000074_ch2.wav,3DPrinter/train/section_00_source_train_normal_000160.wav,69531d6d17b866b074a156873456e84eb2fa674aff25eb870212358eb2eb160b,960044,151816800,152296800,1093b3922e3fdbb3602ac7ccc37f65321b297593ec1fae68d398a2302d77d48d,0,0,501cecdda262cbfa73f7a39568e8741d358d700e4d416ec10bba169547b6849d,saved_rule_based,0.43
section_00_source_train_normal_000161,train,source,normal,A,20260901T151827Z-92a6aa2e4849cea633194dd8,20260901T151827Z-92a6aa2e4849cea633194dd8-dg-6d507e8caf75-000077,2,none,none,fast,normal-fast-2,left,normal,clipped/audio_event_clean/normal/20260901T151827Z-92a6aa2e4849cea633194dd8-dg-6d507e8caf75-000077_ch2.wav,3DPrinter/train/section_00_source_train_normal_000161.wav,653fcb72b5a8cb8013069c290afca141fdee2e459145d499672f4bc67c453294,960044,153256800,153736800,1093b3922e3fdbb3602ac7ccc37f65321b297593ec1fae68d398a2302d77d48d,0,0,501cecdda262cbfa73f7a39568e8741d358d700e4d416ec10bba169547b6849d,saved_rule_based,0.43
section_00_source_train_normal_000162,train,source,normal,A,20260901T151827Z-92a6aa2e4849cea633194dd8,20260901T151827Z-92a6aa2e4849cea633194dd8-dg-6d507e8caf75-000078,2,none,none,fast,normal-fast-2,left,normal,clipped/audio_event_clean/normal/20260901T151827Z-92a6aa2e4849cea633194dd8-dg-6d507e8caf75-000078_ch2.wav,3DPrinter/train/section_00_source_train_normal_000162.wav,6f0ce4dedc12fa7450b4842baaac18b1274634b377927da7d2339e87e691a700,960044,153736800,154216800,1093b3922e3fdbb3602ac7ccc37f65321b297593ec1fae68d398a2302d77d48d,0,0,501cecdda262cbfa73f7a39568e8741d358d700e4d416ec10bba169547b6849d,saved_rule_based,0.43
section_00_source_train_normal_000163,train,source,normal,A,20260901T151827Z-92a6aa2e4849cea633194dd8,20260901T151827Z-92a6aa2e4849cea633194dd8-dg-6d507e8caf75-000079,2,none,none,fast,normal-fast-2,left,normal,clipped/audio_event_clean/normal/20260901T151827Z-92a6aa2e4849cea633194dd8-dg-6d507e8caf75-000079_ch2.wav,3DPrinter/train/section_00_source_train_normal_000163.wav,a1dceb87be52074d78b844cbe551217b292ebc28a4a1b0d96a1f748ac35b6615,960044,154216800,154696800,1093b3922e3fdbb3602ac7ccc37f65321b297593ec1fae68d398a2302d77d48d,0,0,501cecdda262cbfa73f7a39568e8741d358d700e4d416ec10bba169547b6849d,saved_rule_based,0.43
section_00_source_train_normal_000164,train,source,normal,A,20260901T151827Z-92a6aa2e4849cea633194dd8,20260901T151827Z-92a6aa2e4849cea633194dd8-dg-6d507e8caf75-000080,2,none,none,fast,normal-fast-2,left,normal,clipped/audio_event_clean/normal/20260901T151827Z-92a6aa2e4849cea633194dd8-dg-6d507e8caf75-000080_ch2.wav,3DPrinter/train/section_00_source_train_normal_000164.wav,f51f48beaa328304c40e8d47222aeadf336f75aea2bcbda50093aca19a916f5c,960044,154696800,155176800,1093b3922e3fdbb3602ac7ccc37f65321b297593ec1fae68d398a2302d77d48d,0,0,501cecdda262cbfa73f7a39568e8741d358d700e4d416ec10bba169547b6849d,saved_rule_based,0.43
section_00_source_train_normal_000165,train,source,normal,A,20260901T151827Z-92a6aa2e4849cea633194dd8,20260901T151827Z-92a6aa2e4849cea633194dd8-dg-6d507e8caf75-000081,2,none,none,fast,normal-fast-2,left,normal,clipped/audio_event_clean/normal/20260901T151827Z-92a6aa2e4849cea633194dd8-dg-6d507e8caf75-000081_ch2.wav,3DPrinter/train/section_00_source_train_normal_000165.wav,d36b307cbb871bba746c341eb1a031dd82aa2f298b3571658cf53bff522b8256,960044,155176800,155656800,1093b3922e3fdbb3602ac7ccc37f65321b297593ec1fae68d398a2302d77d48d,0,0,501cecdda262cbfa73f7a39568e8741d358d700e4d416ec10bba169547b6849d,saved_rule_based,0.43
section_00_source_train_normal_000166,train,source,normal,A,20260901T151827Z-92a6aa2e4849cea633194dd8,20260901T151827Z-92a6aa2e4849cea633194dd8-dg-6d507e8caf75-000082,2,none,none,fast,normal-fast-2,left,normal,clipped/audio_event_clean/normal/20260901T151827Z-92a6aa2e4849cea633194dd8-dg-6d507e8caf75-000082_ch2.wav,3DPrinter/train/section_00_source_train_normal_000166.wav,501017e9fbdbb71b0ec943c4930e1b8b6c3652ba93ce4dc24d815bb6e2e42120,960044,155656800,156136800,1093b3922e3fdbb3602ac7ccc37f65321b297593ec1fae68d398a2302d77d48d,0,0,501cecdda262cbfa73f7a39568e8741d358d700e4d416ec10bba169547b6849d,saved_rule_based,0.43
section_00_source_train_normal_000167,train,source,normal,A,20260901T151827Z-92a6aa2e4849cea633194dd8,20260901T151827Z-92a6aa2e4849cea633194dd8-dg-6d507e8caf75-000083,2,none,none,fast,normal-fast-2,left,normal,clipped/audio_event_clean/normal/20260901T151827Z-92a6aa2e4849cea633194dd8-dg-6d507e8caf75-000083_ch2.wav,3DPrinter/train/section_00_source_train_normal_000167.wav,2fe91c42f287a649f1e3ead6cad4be21c921473cfb2bd16f0d61ee7ebb4a3054,960044,156136800,156616800,1093b3922e3fdbb3602ac7ccc37f65321b297593ec1fae68d398a2302d77d48d,0,0,501cecdda262cbfa73f7a39568e8741d358d700e4d416ec10bba169547b6849d,saved_rule_based,0.43
section_00_source_train_normal_000168,train,source,normal,A,20260901T151827Z-92a6aa2e4849cea633194dd8,20260901T151827Z-92a6aa2e4849cea633194dd8-dg-6d507e8caf75-000084,2,none,none,fast,normal-fast-2,left,normal,clipped/audio_event_clean/normal/20260901T151827Z-92a6aa2e4849cea633194dd8-dg-6d507e8caf75-000084_ch2.wav,3DPrinter/train/section_00_source_train_normal_000168.wav,5397acb165d1a0fe6a2a533b9550538bbf984c7a9efff35fa60fd7fff9c5fc10,960044,156616800,157096800,1093b3922e3fdbb3602ac7ccc37f65321b297593ec1fae68d398a2302d77d48d,0,0,501cecdda262cbfa73f7a39568e8741d358d700e4d416ec10bba169547b6849d,saved_rule_based,0.43
section_00_source_train_normal_000169,train,source,normal,A,20260901T151827Z-92a6aa2e4849cea633194dd8,20260901T151827Z-92a6aa2e4849cea633194dd8-dg-6d507e8caf75-000086,2,none,none,fast,normal-fast-2,left,normal,clipped/audio_event_clean/normal/20260901T151827Z-92a6aa2e4849cea633194dd8-dg-6d507e8caf75-000086_ch2.wav,3DPrinter/train/section_00_source_train_normal_000169.wav,797078de97a8e7752c32f399ece58536d938153141b38fecd34a2d2209df3fe3,960044,157576800,158056800,1093b3922e3fdbb3602ac7ccc37f65321b297593ec1fae68d398a2302d77d48d,0,0,501cecdda262cbfa73f7a39568e8741d358d700e4d416ec10bba169547b6849d,saved_rule_based,0.43
section_00_source_train_normal_000170,train,source,normal,A,20260901T151827Z-92a6aa2e4849cea633194dd8,20260901T151827Z-92a6aa2e4849cea633194dd8-dg-6d507e8caf75-000087,2,none,none,fast,normal-fast-2,left,normal,clipped/audio_event_clean/normal/20260901T151827Z-92a6aa2e4849cea633194dd8-dg-6d507e8caf75-000087_ch2.wav,3DPrinter/train/section_00_source_train_normal_000170.wav,50bb4d4cb1dff81e6250d1d4df5d411a785f6efdf27ef0e4fa2101b5fbc623b2,960044,158056800,158536800,1093b3922e3fdbb3602ac7ccc37f65321b297593ec1fae68d398a2302d77d48d,0,0,501cecdda262cbfa73f7a39568e8741d358d700e4d416ec10bba169547b6849d,saved_rule_based,0.43
section_00_source_train_normal_000171,train,source,normal,A,20260901T151827Z-92a6aa2e4849cea633194dd8,20260901T151827Z-92a6aa2e4849cea633194dd8-dg-6d507e8caf75-000088,2,none,none,fast,normal-fast-2,left,normal,clipped/audio_event_clean/normal/20260901T151827Z-92a6aa2e4849cea633194dd8-dg-6d507e8caf75-000088_ch2.wav,3DPrinter/train/section_00_source_train_normal_000171.wav,85d4eda3df34dd70e5de9e29c8ccb23726d556418f7810e45c48e53975ed94f4,960044,158536800,159016800,1093b3922e3fdbb3602ac7ccc37f65321b297593ec1fae68d398a2302d77d48d,0,0,501cecdda262cbfa73f7a39568e8741d358d700e4d416ec10bba169547b6849d,saved_rule_based,0.43
section_00_source_train_normal_000172,train,source,normal,A,20260901T151827Z-92a6aa2e4849cea633194dd8,20260901T151827Z-92a6aa2e4849cea633194dd8-dg-6d507e8caf75-000089,2,none,none,fast,normal-fast-2,left,normal,clipped/audio_event_clean/normal/20260901T151827Z-92a6aa2e4849cea633194dd8-dg-6d507e8caf75-000089_ch2.wav,3DPrinter/train/section_00_source_train_normal_000172.wav,ec6ffb847bf2aa0e52616c5962e34f3ac43f8efa9ea60f82d77b4023e5cf6bf9,960044,159016800,159496800,1093b3922e3fdbb3602ac7ccc37f65321b297593ec1fae68d398a2302d77d48d,0,0,501cecdda262cbfa73f7a39568e8741d358d700e4d416ec10bba169547b6849d,saved_rule_based,0.43
section_00_source_train_normal_000173,train,source,normal,A,20260901T151827Z-92a6aa2e4849cea633194dd8,20260901T151827Z-92a6aa2e4849cea633194dd8-dg-6d507e8caf75-000091,2,none,none,fast,normal-fast-2,left,normal,clipped/audio_event_clean/normal/20260901T151827Z-92a6aa2e4849cea633194dd8-dg-6d507e8caf75-000091_ch2.wav,3DPrinter/train/section_00_source_train_normal_000173.wav,6267508033f04cbf47f7df4d33f556cc285216b12fd6fb585f5cb749d2fdffd3,960044,159976800,160456800,1093b3922e3fdbb3602ac7ccc37f65321b297593ec1fae68d398a2302d77d48d,0,0,501cecdda262cbfa73f7a39568e8741d358d700e4d416ec10bba169547b6849d,saved_rule_based,0.43
section_00_source_train_normal_000174,train,source,normal,A,20260901T151827Z-92a6aa2e4849cea633194dd8,20260901T151827Z-92a6aa2e4849cea633194dd8-dg-6d507e8caf75-000092,2,none,none,fast,normal-fast-2,left,normal,clipped/audio_event_clean/normal/20260901T151827Z-92a6aa2e4849cea633194dd8-dg-6d507e8caf75-000092_ch2.wav,3DPrinter/train/section_00_source_train_normal_000174.wav,efee8e9af1ea7428bb98435d3977c855b8f1bebcf00bdc76aa960b1121469f46,960044,160456800,160936800,1093b3922e3fdbb3602ac7ccc37f65321b297593ec1fae68d398a2302d77d48d,0,0,501cecdda262cbfa73f7a39568e8741d358d700e4d416ec10bba169547b6849d,saved_rule_based,0.43
section_00_source_train_normal_000175,train,source,normal,A,20260901T151827Z-92a6aa2e4849cea633194dd8,20260901T151827Z-92a6aa2e4849cea633194dd8-dg-6d507e8caf75-000093,2,none,none,fast,normal-fast-2,left,normal,clipped/audio_event_clean/normal/20260901T151827Z-92a6aa2e4849cea633194dd8-dg-6d507e8caf75-000093_ch2.wav,3DPrinter/train/section_00_source_train_normal_000175.wav,29113d459980b7ce97ca61acfa919a20685945ee3e04bfb27bd20bbde5953fc3,960044,160936800,161416800,1093b3922e3fdbb3602ac7ccc37f65321b297593ec1fae68d398a2302d77d48d,0,0,501cecdda262cbfa73f7a39568e8741d358d700e4d416ec10bba169547b6849d,saved_rule_based,0.43
section_00_source_train_normal_000176,train,source,normal,A,20260901T151827Z-92a6aa2e4849cea633194dd8,20260901T151827Z-92a6aa2e4849cea633194dd8-dg-6d507e8caf75-000095,2,none,none,fast,normal-fast-2,left,normal,clipped/audio_event_clean/normal/20260901T151827Z-92a6aa2e4849cea633194dd8-dg-6d507e8caf75-000095_ch2.wav,3DPrinter/train/section_00_source_train_normal_000176.wav,5ae7f77f376ad117a36ee9917e8bbfd4bb7e5eff8fbad9b428196f06547499ab,960044,161896800,162376800,1093b3922e3fdbb3602ac7ccc37f65321b297593ec1fae68d398a2302d77d48d,0,0,501cecdda262cbfa73f7a39568e8741d358d700e4d416ec10bba169547b6849d,saved_rule_based,0.43
section_00_source_train_normal_000177,train,source,normal,A,20260901T151827Z-92a6aa2e4849cea633194dd8,20260901T151827Z-92a6aa2e4849cea633194dd8-dg-6d507e8caf75-000096,2,none,none,fast,normal-fast-2,left,normal,clipped/audio_event_clean/normal/20260901T151827Z-92a6aa2e4849cea633194dd8-dg-6d507e8caf75-000096_ch2.wav,3DPrinter/train/section_00_source_train_normal_000177.wav,27de948ef0a0f55df425671e08053bd6acb1f9277734b6d94c1e6c0b9a48f8a0,960044,162376800,162856800,1093b3922e3fdbb3602ac7ccc37f65321b297593ec1fae68d398a2302d77d48d,0,0,501cecdda262cbfa73f7a39568e8741d358d700e4d416ec10bba169547b6849d,saved_rule_based,0.43
section_00_source_train_normal_000178,train,source,normal,A,20260901T151827Z-92a6aa2e4849cea633194dd8,20260901T151827Z-92a6aa2e4849cea633194dd8-dg-6d507e8caf75-000097,2,none,none,fast,normal-fast-2,left,normal,clipped/audio_event_clean/normal/20260901T151827Z-92a6aa2e4849cea633194dd8-dg-6d507e8caf75-000097_ch2.wav,3DPrinter/train/section_00_source_train_normal_000178.wav,e71588518319072d25f391e2260cf71a1f65cd8220d7574a6585c16fe916b2e1,960044,162856800,163336800,1093b3922e3fdbb3602ac7ccc37f65321b297593ec1fae68d398a2302d77d48d,0,0,501cecdda262cbfa73f7a39568e8741d358d700e4d416ec10bba169547b6849d,saved_rule_based,0.43
section_00_source_train_normal_000179,train,source,normal,A,20260901T151827Z-92a6aa2e4849cea633194dd8,20260901T151827Z-92a6aa2e4849cea633194dd8-dg-6d507e8caf75-000101,2,none,none,fast,normal-fast-2,left,normal,clipped/audio_event_clean/normal/20260901T151827Z-92a6aa2e4849cea633194dd8-dg-6d507e8caf75-000101_ch2.wav,3DPrinter/train/section_00_source_train_normal_000179.wav,8d8a540be4cdf76d2be8b079fc100b8f928e974ced99d4ef8da10cc38796e6e1,960044,164776800,165256800,1093b3922e3fdbb3602ac7ccc37f65321b297593ec1fae68d398a2302d77d48d,0,0,501cecdda262cbfa73f7a39568e8741d358d700e4d416ec10bba169547b6849d,saved_rule_based,0.43
section_00_source_train_normal_000180,train,source,normal,A,20260901T151827Z-92a6aa2e4849cea633194dd8,20260901T151827Z-92a6aa2e4849cea633194dd8-dg-6d507e8caf75-000102,2,none,none,fast,normal-fast-2,left,normal,clipped/audio_event_clean/normal/20260901T151827Z-92a6aa2e4849cea633194dd8-dg-6d507e8caf75-000102_ch2.wav,3DPrinter/train/section_00_source_train_normal_000180.wav,4b5a743f0203c3194a6365d9d83cea10c9de365a9e9a3764d62bb9ad36d4a30f,960044,165256800,165736800,1093b3922e3fdbb3602ac7ccc37f65321b297593ec1fae68d398a2302d77d48d,0,0,501cecdda262cbfa73f7a39568e8741d358d700e4d416ec10bba169547b6849d,saved_rule_based,0.43
section_00_source_train_normal_000181,train,source,normal,A,20260901T151827Z-92a6aa2e4849cea633194dd8,20260901T151827Z-92a6aa2e4849cea633194dd8-dg-6d507e8caf75-000104,2,none,none,fast,normal-fast-2,left,normal,clipped/audio_event_clean/normal/20260901T151827Z-92a6aa2e4849cea633194dd8-dg-6d507e8caf75-000104_ch2.wav,3DPrinter/train/section_00_source_train_normal_000181.wav,635955458df9e18a50e7530b37743e3d8c1f3cbed48c05db14b59866db9d271f,960044,166216800,166696800,1093b3922e3fdbb3602ac7ccc37f65321b297593ec1fae68d398a2302d77d48d,0,0,501cecdda262cbfa73f7a39568e8741d358d700e4d416ec10bba169547b6849d,saved_rule_based,0.43
section_00_source_train_normal_000182,train,source,normal,A,20260901T151827Z-92a6aa2e4849cea633194dd8,20260901T151827Z-92a6aa2e4849cea633194dd8-dg-6d507e8caf75-000105,2,none,none,fast,normal-fast-2,left,normal,clipped/audio_event_clean/normal/20260901T151827Z-92a6aa2e4849cea633194dd8-dg-6d507e8caf75-000105_ch2.wav,3DPrinter/train/section_00_source_train_normal_000182.wav,91f98e7a73408f2520b8612a30155f3f611b082ee228431a6919fd1bbeaeed34,960044,166696800,167176800,1093b3922e3fdbb3602ac7ccc37f65321b297593ec1fae68d398a2302d77d48d,0,0,501cecdda262cbfa73f7a39568e8741d358d700e4d416ec10bba169547b6849d,saved_rule_based,0.43
section_00_source_train_normal_000183,train,source,normal,A,20260901T151827Z-92a6aa2e4849cea633194dd8,20260901T151827Z-92a6aa2e4849cea633194dd8-dg-6d507e8caf75-000108,2,none,none,fast,normal-fast-2,left,normal,clipped/audio_event_clean/normal/20260901T151827Z-92a6aa2e4849cea633194dd8-dg-6d507e8caf75-000108_ch2.wav,3DPrinter/train/section_00_source_train_normal_000183.wav,736182d696df58a16ac84cee30ed2cb70bf9d1462309002fee942d435709d466,960044,168136800,168616800,1093b3922e3fdbb3602ac7ccc37f65321b297593ec1fae68d398a2302d77d48d,0,0,501cecdda262cbfa73f7a39568e8741d358d700e4d416ec10bba169547b6849d,saved_rule_based,0.43
section_00_source_train_normal_000184,train,source,normal,A,20260901T151827Z-92a6aa2e4849cea633194dd8,20260901T151827Z-92a6aa2e4849cea633194dd8-dg-6d507e8caf75-000111,2,none,none,fast,normal-fast-2,left,normal,clipped/audio_event_clean/normal/20260901T151827Z-92a6aa2e4849cea633194dd8-dg-6d507e8caf75-000111_ch2.wav,3DPrinter/train/section_00_source_train_normal_000184.wav,eec27db37dce242eeba9ce4ce00d80839baee1f1685892fb4c90bde5143e7b76,960044,169576800,170056800,1093b3922e3fdbb3602ac7ccc37f65321b297593ec1fae68d398a2302d77d48d,0,0,501cecdda262cbfa73f7a39568e8741d358d700e4d416ec10bba169547b6849d,saved_rule_based,0.43
section_00_source_train_normal_000185,train,source,normal,A,20260901T151827Z-92a6aa2e4849cea633194dd8,20260901T151827Z-92a6aa2e4849cea633194dd8-dg-6d507e8caf75-000113,2,none,none,fast,normal-fast-2,left,normal,clipped/audio_event_clean/normal/20260901T151827Z-92a6aa2e4849cea633194dd8-dg-6d507e8caf75-000113_ch2.wav,3DPrinter/train/section_00_source_train_normal_000185.wav,e4f2162d3ae7b7d3e07153037e33f6097cab9d46ce8330f00629eb451dc5dafa,960044,170536800,171016800,1093b3922e3fdbb3602ac7ccc37f65321b297593ec1fae68d398a2302d77d48d,0,0,501cecdda262cbfa73f7a39568e8741d358d700e4d416ec10bba169547b6849d,saved_rule_based,0.43
section_00_source_train_normal_000186,train,source,normal,A,20260901T151827Z-92a6aa2e4849cea633194dd8,20260901T151827Z-92a6aa2e4849cea633194dd8-dg-6d507e8caf75-000115,2,none,none,fast,normal-fast-2,left,normal,clipped/audio_event_clean/normal/20260901T151827Z-92a6aa2e4849cea633194dd8-dg-6d507e8caf75-000115_ch2.wav,3DPrinter/train/section_00_source_train_normal_000186.wav,c08a7e6e67de9183afd802cbc4eb9307d67cd31c0248541ad827c44824c0a351,960044,171496800,171976800,1093b3922e3fdbb3602ac7ccc37f65321b297593ec1fae68d398a2302d77d48d,0,0,501cecdda262cbfa73f7a39568e8741d358d700e4d416ec10bba169547b6849d,saved_rule_based,0.43
section_00_source_train_normal_000187,train,source,normal,A,20260901T151827Z-92a6aa2e4849cea633194dd8,20260901T151827Z-92a6aa2e4849cea633194dd8-dg-6d507e8caf75-000116,2,none,none,fast,normal-fast-2,left,normal,clipped/audio_event_clean/normal/20260901T151827Z-92a6aa2e4849cea633194dd8-dg-6d507e8caf75-000116_ch2.wav,3DPrinter/train/section_00_source_train_normal_000187.wav,ab34e62da4a07592ee586a51889fd3494f34b2c42c556dcaa35296d808815dc1,960044,171976800,172456800,1093b3922e3fdbb3602ac7ccc37f65321b297593ec1fae68d398a2302d77d48d,0,0,501cecdda262cbfa73f7a39568e8741d358d700e4d416ec10bba169547b6849d,saved_rule_based,0.43
section_00_source_train_normal_000188,train,source,normal,A,20260901T151827Z-92a6aa2e4849cea633194dd8,20260901T151827Z-92a6aa2e4849cea633194dd8-dg-6d507e8caf75-000117,2,none,none,fast,normal-fast-2,left,normal,clipped/audio_event_clean/normal/20260901T151827Z-92a6aa2e4849cea633194dd8-dg-6d507e8caf75-000117_ch2.wav,3DPrinter/train/section_00_source_train_normal_000188.wav,a6c39276ee34b5f7f665e86633fc38b5c334d14898f5de44e2c9040c9fbb9e26,960044,172456800,172936800,1093b3922e3fdbb3602ac7ccc37f65321b297593ec1fae68d398a2302d77d48d,0,0,501cecdda262cbfa73f7a39568e8741d358d700e4d416ec10bba169547b6849d,saved_rule_based,0.43
section_00_source_train_normal_000189,train,source,normal,A,20260901T151827Z-92a6aa2e4849cea633194dd8,20260901T151827Z-92a6aa2e4849cea633194dd8-dg-6d507e8caf75-000118,2,none,none,fast,normal-fast-2,left,normal,clipped/audio_event_clean/normal/20260901T151827Z-92a6aa2e4849cea633194dd8-dg-6d507e8caf75-000118_ch2.wav,3DPrinter/train/section_00_source_train_normal_000189.wav,15476d5a193febca2f0a4233777ce91b2ba66eb90e95387c840d9f9de618716c,960044,172936800,173416800,1093b3922e3fdbb3602ac7ccc37f65321b297593ec1fae68d398a2302d77d48d,0,0,501cecdda262cbfa73f7a39568e8741d358d700e4d416ec10bba169547b6849d,saved_rule_based,0.43
section_00_source_train_normal_000190,train,source,normal,A,20260901T151827Z-92a6aa2e4849cea633194dd8,20260901T151827Z-92a6aa2e4849cea633194dd8-dg-6d507e8caf75-000119,2,none,none,fast,normal-fast-2,left,normal,clipped/audio_event_clean/normal/20260901T151827Z-92a6aa2e4849cea633194dd8-dg-6d507e8caf75-000119_ch2.wav,3DPrinter/train/section_00_source_train_normal_000190.wav,3a4f9e69f98e3b576a8c9c9fef29f7749146099e0b6aa021dcb62b1965a52e92,960044,173416800,173896800,1093b3922e3fdbb3602ac7ccc37f65321b297593ec1fae68d398a2302d77d48d,0,0,501cecdda262cbfa73f7a39568e8741d358d700e4d416ec10bba169547b6849d,saved_rule_based,0.43
section_00_source_train_normal_000191,train,source,normal,A,20260901T151827Z-92a6aa2e4849cea633194dd8,20260901T151827Z-92a6aa2e4849cea633194dd8-dg-6d507e8caf75-000121,2,none,none,fast,normal-fast-2,left,normal,clipped/audio_event_clean/normal/20260901T151827Z-92a6aa2e4849cea633194dd8-dg-6d507e8caf75-000121_ch2.wav,3DPrinter/train/section_00_source_train_normal_000191.wav,bb6cd621104aea8dca858d1cae4584d6d530fca1476aaf9642a7c1a83267ed45,960044,174376800,174856800,1093b3922e3fdbb3602ac7ccc37f65321b297593ec1fae68d398a2302d77d48d,0,0,501cecdda262cbfa73f7a39568e8741d358d700e4d416ec10bba169547b6849d,saved_rule_based,0.43
section_00_source_train_normal_000192,train,source,normal,A,20260901T151827Z-92a6aa2e4849cea633194dd8,20260901T151827Z-92a6aa2e4849cea633194dd8-dg-6d507e8caf75-000123,2,none,none,fast,normal-fast-2,left,normal,clipped/audio_event_clean/normal/20260901T151827Z-92a6aa2e4849cea633194dd8-dg-6d507e8caf75-000123_ch2.wav,3DPrinter/train/section_00_source_train_normal_000192.wav,4df259ca4f84fc6693f611953a08421b6c30d2bd33ff1d3881981cf234d13530,960044,175336800,175816800,1093b3922e3fdbb3602ac7ccc37f65321b297593ec1fae68d398a2302d77d48d,0,0,501cecdda262cbfa73f7a39568e8741d358d700e4d416ec10bba169547b6849d,saved_rule_based,0.43
section_00_source_train_normal_000193,train,source,normal,A,20260901T151827Z-92a6aa2e4849cea633194dd8,20260901T151827Z-92a6aa2e4849cea633194dd8-dg-6d507e8caf75-000124,2,none,none,fast,normal-fast-2,left,normal,clipped/audio_event_clean/normal/20260901T151827Z-92a6aa2e4849cea633194dd8-dg-6d507e8caf75-000124_ch2.wav,3DPrinter/train/section_00_source_train_normal_000193.wav,b41e70275fcf673a0388854ebbfa58a5f91e1ab4cb8152ade063df4473f8da2e,960044,175816800,176296800,1093b3922e3fdbb3602ac7ccc37f65321b297593ec1fae68d398a2302d77d48d,0,0,501cecdda262cbfa73f7a39568e8741d358d700e4d416ec10bba169547b6849d,saved_rule_based,0.43
section_00_source_train_normal_000194,train,source,normal,A,20260901T151827Z-92a6aa2e4849cea633194dd8,20260901T151827Z-92a6aa2e4849cea633194dd8-dg-6d507e8caf75-000125,2,none,none,fast,normal-fast-2,left,normal,clipped/audio_event_clean/normal/20260901T151827Z-92a6aa2e4849cea633194dd8-dg-6d507e8caf75-000125_ch2.wav,3DPrinter/train/section_00_source_train_normal_000194.wav,dcbe79737863582340404d87d7b3649ea863f1a4e3fccba884abe53848227932,960044,176296800,176776800,1093b3922e3fdbb3602ac7ccc37f65321b297593ec1fae68d398a2302d77d48d,0,0,501cecdda262cbfa73f7a39568e8741d358d700e4d416ec10bba169547b6849d,saved_rule_based,0.43
section_00_source_train_normal_000195,train,source,normal,A,20260901T151827Z-92a6aa2e4849cea633194dd8,20260901T151827Z-92a6aa2e4849cea633194dd8-dg-6d507e8caf75-000126,2,none,none,fast,normal-fast-2,left,normal,clipped/audio_event_clean/normal/20260901T151827Z-92a6aa2e4849cea633194dd8-dg-6d507e8caf75-000126_ch2.wav,3DPrinter/train/section_00_source_train_normal_000195.wav,deeb764c3c178203476df38195a445f6c2ce4088c5bbf76035cf7a764b414da8,960044,176776800,177256800,1093b3922e3fdbb3602ac7ccc37f65321b297593ec1fae68d398a2302d77d48d,0,0,501cecdda262cbfa73f7a39568e8741d358d700e4d416ec10bba169547b6849d,saved_rule_based,0.43
section_00_source_train_normal_000196,train,source,normal,A,20260901T151827Z-92a6aa2e4849cea633194dd8,20260901T151827Z-92a6aa2e4849cea633194dd8-dg-6d507e8caf75-000127,2,none,none,fast,normal-fast-2,left,normal,clipped/audio_event_clean/normal/20260901T151827Z-92a6aa2e4849cea633194dd8-dg-6d507e8caf75-000127_ch2.wav,3DPrinter/train/section_00_source_train_normal_000196.wav,686b72845fa19782854715d783f9af5a07670a50474d7a01b2aae708d5246170,960044,177256800,177736800,1093b3922e3fdbb3602ac7ccc37f65321b297593ec1fae68d398a2302d77d48d,0,0,501cecdda262cbfa73f7a39568e8741d358d700e4d416ec10bba169547b6849d,saved_rule_based,0.43
section_00_source_train_normal_000197,train,source,normal,A,20260901T151827Z-92a6aa2e4849cea633194dd8,20260901T151827Z-92a6aa2e4849cea633194dd8-dg-6d507e8caf75-000128,2,none,none,fast,normal-fast-2,left,normal,clipped/audio_event_clean/normal/20260901T151827Z-92a6aa2e4849cea633194dd8-dg-6d507e8caf75-000128_ch2.wav,3DPrinter/train/section_00_source_train_normal_000197.wav,25c7287f4bddb25a12d6b9194a5b0be490961ede2e1b89589eda2ca85a6406c9,960044,177736800,178216800,1093b3922e3fdbb3602ac7ccc37f65321b297593ec1fae68d398a2302d77d48d,0,0,501cecdda262cbfa73f7a39568e8741d358d700e4d416ec10bba169547b6849d,saved_rule_based,0.43
section_00_source_train_normal_000198,train,source,normal,A,20260901T151827Z-92a6aa2e4849cea633194dd8,20260901T151827Z-92a6aa2e4849cea633194dd8-dg-6d507e8caf75-000129,2,none,none,fast,normal-fast-2,left,normal,clipped/audio_event_clean/normal/20260901T151827Z-92a6aa2e4849cea633194dd8-dg-6d507e8caf75-000129_ch2.wav,3DPrinter/train/section_00_source_train_normal_000198.wav,ab62cff65b9f3292cabfb813a33dd3c92bb24747aeff3459b7b13acb4f284b7f,960044,178216800,178696800,1093b3922e3fdbb3602ac7ccc37f65321b297593ec1fae68d398a2302d77d48d,0,0,501cecdda262cbfa73f7a39568e8741d358d700e4d416ec10bba169547b6849d,saved_rule_based,0.43
section_00_source_train_normal_000199,train,source,normal,A,20260901T151827Z-92a6aa2e4849cea633194dd8,20260901T151827Z-92a6aa2e4849cea633194dd8-dg-6d507e8caf75-000130,2,none,none,fast,normal-fast-2,left,normal,clipped/audio_event_clean/normal/20260901T151827Z-92a6aa2e4849cea633194dd8-dg-6d507e8caf75-000130_ch2.wav,3DPrinter/train/section_00_source_train_normal_000199.wav,a2db0612bf913e600d9b96cd43af571169b655ca66f1016dfd967c8a0a57d253,960044,178696800,179176800,1093b3922e3fdbb3602ac7ccc37f65321b297593ec1fae68d398a2302d77d48d,0,0,501cecdda262cbfa73f7a39568e8741d358d700e4d416ec10bba169547b6849d,saved_rule_based,0.43
section_00_source_train_normal_000200,train,source,normal,A,20260901T151827Z-92a6aa2e4849cea633194dd8,20260901T151827Z-92a6aa2e4849cea633194dd8-dg-6d507e8caf75-000131,2,none,none,fast,normal-fast-2,left,normal,clipped/audio_event_clean/normal/20260901T151827Z-92a6aa2e4849cea633194dd8-dg-6d507e8caf75-000131_ch2.wav,3DPrinter/train/section_00_source_train_normal_000200.wav,0a36723c87b9a4afb0b9c8e589562c9db36e5ddef82dd96fddc00aed4b7b1bea,960044,179176800,179656800,1093b3922e3fdbb3602ac7ccc37f65321b297593ec1fae68d398a2302d77d48d,0,0,501cecdda262cbfa73f7a39568e8741d358d700e4d416ec10bba169547b6849d,saved_rule_based,0.43
section_00_source_train_normal_000201,train,source,normal,A,20260901T151827Z-92a6aa2e4849cea633194dd8,20260901T151827Z-92a6aa2e4849cea633194dd8-dg-6d507e8caf75-000132,2,none,none,fast,normal-fast-2,left,normal,clipped/audio_event_clean/normal/20260901T151827Z-92a6aa2e4849cea633194dd8-dg-6d507e8caf75-000132_ch2.wav,3DPrinter/train/section_00_source_train_normal_000201.wav,8bfd8ab08e2f8b282d439418cbe7e167c2b1359d8030d58c503091c82ac8dfa3,960044,179656800,180136800,1093b3922e3fdbb3602ac7ccc37f65321b297593ec1fae68d398a2302d77d48d,0,0,501cecdda262cbfa73f7a39568e8741d358d700e4d416ec10bba169547b6849d,saved_rule_based,0.43
section_00_source_train_normal_000202,train,source,normal,A,20260901T151827Z-92a6aa2e4849cea633194dd8,20260901T151827Z-92a6aa2e4849cea633194dd8-dg-6d507e8caf75-000133,2,none,none,fast,normal-fast-2,left,normal,clipped/audio_event_clean/normal/20260901T151827Z-92a6aa2e4849cea633194dd8-dg-6d507e8caf75-000133_ch2.wav,3DPrinter/train/section_00_source_train_normal_000202.wav,d8b60c8ff4bdc9b6705a94b7f0af119a95523f40189e2e03e241968d22e4248f,960044,180136800,180616800,1093b3922e3fdbb3602ac7ccc37f65321b297593ec1fae68d398a2302d77d48d,0,0,501cecdda262cbfa73f7a39568e8741d358d700e4d416ec10bba169547b6849d,saved_rule_based,0.43
section_00_source_train_normal_000203,train,source,normal,A,20260901T151827Z-92a6aa2e4849cea633194dd8,20260901T151827Z-92a6aa2e4849cea633194dd8-dg-6d507e8caf75-000134,2,none,none,fast,normal-fast-2,left,normal,clipped/audio_event_clean/normal/20260901T151827Z-92a6aa2e4849cea633194dd8-dg-6d507e8caf75-000134_ch2.wav,3DPrinter/train/section_00_source_train_normal_000203.wav,cb4842ca903e2a744fecdc849a0db356bea4b3ad0fe49ef1ff807e1a7d8d68fe,960044,180616800,181096800,1093b3922e3fdbb3602ac7ccc37f65321b297593ec1fae68d398a2302d77d48d,0,0,501cecdda262cbfa73f7a39568e8741d358d700e4d416ec10bba169547b6849d,saved_rule_based,0.43
section_00_source_train_normal_000204,train,source,normal,A,20260901T151827Z-92a6aa2e4849cea633194dd8,20260901T151827Z-92a6aa2e4849cea633194dd8-dg-6d507e8caf75-000137,2,none,none,fast,normal-fast-2,left,normal,clipped/audio_event_clean/normal/20260901T151827Z-92a6aa2e4849cea633194dd8-dg-6d507e8caf75-000137_ch2.wav,3DPrinter/train/section_00_source_train_normal_000204.wav,243f6528520452458f45e701fb6e5cf02864bc8157df07d52d79150826cba093,960044,182056800,182536800,1093b3922e3fdbb3602ac7ccc37f65321b297593ec1fae68d398a2302d77d48d,0,0,501cecdda262cbfa73f7a39568e8741d358d700e4d416ec10bba169547b6849d,saved_rule_based,0.43
section_00_source_train_normal_000205,train,source,normal,A,20260901T151827Z-92a6aa2e4849cea633194dd8,20260901T151827Z-92a6aa2e4849cea633194dd8-dg-6d507e8caf75-000141,2,none,none,fast,normal-fast-2,left,normal,clipped/audio_event_clean/normal/20260901T151827Z-92a6aa2e4849cea633194dd8-dg-6d507e8caf75-000141_ch2.wav,3DPrinter/train/section_00_source_train_normal_000205.wav,d8fa10f1edce22b0b7f7db3fa7e6c4cdf27fc5fd37d169c5722711eece780502,960044,183976800,184456800,1093b3922e3fdbb3602ac7ccc37f65321b297593ec1fae68d398a2302d77d48d,0,0,501cecdda262cbfa73f7a39568e8741d358d700e4d416ec10bba169547b6849d,saved_rule_based,0.43
section_00_source_train_normal_000206,train,source,normal,A,20260901T151827Z-92a6aa2e4849cea633194dd8,20260901T151827Z-92a6aa2e4849cea633194dd8-dg-6d507e8caf75-000146,2,none,none,fast,normal-fast-2,left,normal,clipped/audio_event_clean/normal/20260901T151827Z-92a6aa2e4849cea633194dd8-dg-6d507e8caf75-000146_ch2.wav,3DPrinter/train/section_00_source_train_normal_000206.wav,94146f83ac210cea5b41c862e8bf0c91afce39e1e6cf637663550a12c592a8f3,960044,186376800,186856800,1093b3922e3fdbb3602ac7ccc37f65321b297593ec1fae68d398a2302d77d48d,0,0,501cecdda262cbfa73f7a39568e8741d358d700e4d416ec10bba169547b6849d,saved_rule_based,0.43
section_00_source_train_normal_000207,train,source,normal,A,20260901T151827Z-92a6aa2e4849cea633194dd8,20260901T151827Z-92a6aa2e4849cea633194dd8-dg-6d507e8caf75-000147,2,none,none,fast,normal-fast-2,left,normal,clipped/audio_event_clean/normal/20260901T151827Z-92a6aa2e4849cea633194dd8-dg-6d507e8caf75-000147_ch2.wav,3DPrinter/train/section_00_source_train_normal_000207.wav,d383a8f9a142c2c5698156906e52e37c43fea3642be8b5b31131a93ed6e87277,960044,186856800,187336800,1093b3922e3fdbb3602ac7ccc37f65321b297593ec1fae68d398a2302d77d48d,0,0,501cecdda262cbfa73f7a39568e8741d358d700e4d416ec10bba169547b6849d,saved_rule_based,0.43
section_00_source_train_normal_000208,train,source,normal,A,20260901T151827Z-92a6aa2e4849cea633194dd8,20260901T151827Z-92a6aa2e4849cea633194dd8-dg-6d507e8caf75-000148,2,none,none,fast,normal-fast-2,left,normal,clipped/audio_event_clean/normal/20260901T151827Z-92a6aa2e4849cea633194dd8-dg-6d507e8caf75-000148_ch2.wav,3DPrinter/train/section_00_source_train_normal_000208.wav,e4d953fd4f137a492472a427bc3b6e734959c57ca9400a03689c9b8fa91702d0,960044,187336800,187816800,1093b3922e3fdbb3602ac7ccc37f65321b297593ec1fae68d398a2302d77d48d,0,0,501cecdda262cbfa73f7a39568e8741d358d700e4d416ec10bba169547b6849d,saved_rule_based,0.43
section_00_source_train_normal_000209,train,source,normal,A,20260901T151827Z-92a6aa2e4849cea633194dd8,20260901T151827Z-92a6aa2e4849cea633194dd8-dg-6d507e8caf75-000149,2,none,none,fast,normal-fast-2,left,normal,clipped/audio_event_clean/normal/20260901T151827Z-92a6aa2e4849cea633194dd8-dg-6d507e8caf75-000149_ch2.wav,3DPrinter/train/section_00_source_train_normal_000209.wav,cea34910484c19dbfecf8ef346bae549fea079eb36855ef8b948873783a90af6,960044,187816800,188296800,1093b3922e3fdbb3602ac7ccc37f65321b297593ec1fae68d398a2302d77d48d,0,0,501cecdda262cbfa73f7a39568e8741d358d700e4d416ec10bba169547b6849d,saved_rule_based,0.43
section_00_source_train_normal_000210,train,source,normal,A,20260901T151827Z-92a6aa2e4849cea633194dd8,20260901T151827Z-92a6aa2e4849cea633194dd8-dg-6d507e8caf75-000151,2,none,none,fast,normal-fast-2,left,normal,clipped/audio_event_clean/normal/20260901T151827Z-92a6aa2e4849cea633194dd8-dg-6d507e8caf75-000151_ch2.wav,3DPrinter/train/section_00_source_train_normal_000210.wav,8d3d1ffd7327e5fe330b79bfd14cd686716d7be3971038b36df18a15eb53e3ec,960044,188776800,189256800,1093b3922e3fdbb3602ac7ccc37f65321b297593ec1fae68d398a2302d77d48d,0,0,501cecdda262cbfa73f7a39568e8741d358d700e4d416ec10bba169547b6849d,saved_rule_based,0.43
section_00_source_train_normal_000211,train,source,normal,A,20260901T151827Z-92a6aa2e4849cea633194dd8,20260901T151827Z-92a6aa2e4849cea633194dd8-dg-6d507e8caf75-000153,2,none,none,fast,normal-fast-2,left,normal,clipped/audio_event_clean/normal/20260901T151827Z-92a6aa2e4849cea633194dd8-dg-6d507e8caf75-000153_ch2.wav,3DPrinter/train/section_00_source_train_normal_000211.wav,3f5508111df625f646369256475d06485545a290ebca86c24b73e0dfa93fac26,960044,189736800,190216800,1093b3922e3fdbb3602ac7ccc37f65321b297593ec1fae68d398a2302d77d48d,0,0,501cecdda262cbfa73f7a39568e8741d358d700e4d416ec10bba169547b6849d,saved_rule_based,0.43
section_00_source_train_normal_000212,train,source,normal,A,20260901T151827Z-92a6aa2e4849cea633194dd8,20260901T151827Z-92a6aa2e4849cea633194dd8-dg-6d507e8caf75-000155,2,none,none,fast,normal-fast-2,left,normal,clipped/audio_event_clean/normal/20260901T151827Z-92a6aa2e4849cea633194dd8-dg-6d507e8caf75-000155_ch2.wav,3DPrinter/train/section_00_source_train_normal_000212.wav,b03603e1d77ef01d0df5c81d4af43bdb79072371bb560c32df62b1173119ec29,960044,190696800,191176800,1093b3922e3fdbb3602ac7ccc37f65321b297593ec1fae68d398a2302d77d48d,0,0,501cecdda262cbfa73f7a39568e8741d358d700e4d416ec10bba169547b6849d,saved_rule_based,0.43
section_00_source_train_normal_000213,train,source,normal,A,20260901T151827Z-92a6aa2e4849cea633194dd8,20260901T151827Z-92a6aa2e4849cea633194dd8-dg-6d507e8caf75-000156,2,none,none,fast,normal-fast-2,left,normal,clipped/audio_event_clean/normal/20260901T151827Z-92a6aa2e4849cea633194dd8-dg-6d507e8caf75-000156_ch2.wav,3DPrinter/train/section_00_source_train_normal_000213.wav,65f6f7475b8dbbb69bd6e924cd98ef4258cddffcaa75a3a3513dd35fb1ba8099,960044,191176800,191656800,1093b3922e3fdbb3602ac7ccc37f65321b297593ec1fae68d398a2302d77d48d,0,0,501cecdda262cbfa73f7a39568e8741d358d700e4d416ec10bba169547b6849d,saved_rule_based,0.43
section_00_source_train_normal_000214,train,source,normal,A,20260901T151827Z-92a6aa2e4849cea633194dd8,20260901T151827Z-92a6aa2e4849cea633194dd8-dg-6d507e8caf75-000157,2,none,none,fast,normal-fast-2,left,normal,clipped/audio_event_clean/normal/20260901T151827Z-92a6aa2e4849cea633194dd8-dg-6d507e8caf75-000157_ch2.wav,3DPrinter/train/section_00_source_train_normal_000214.wav,44ecffe053dd5bd23ae7c5701898d7e9310a940b497032aed83cc1b4ed676165,960044,191656800,192136800,1093b3922e3fdbb3602ac7ccc37f65321b297593ec1fae68d398a2302d77d48d,0,0,501cecdda262cbfa73f7a39568e8741d358d700e4d416ec10bba169547b6849d,saved_rule_based,0.43
section_00_source_train_normal_000215,train,source,normal,A,20260901T151827Z-92a6aa2e4849cea633194dd8,20260901T151827Z-92a6aa2e4849cea633194dd8-dg-6d507e8caf75-000160,2,none,none,fast,normal-fast-2,left,normal,clipped/audio_event_clean/normal/20260901T151827Z-92a6aa2e4849cea633194dd8-dg-6d507e8caf75-000160_ch2.wav,3DPrinter/train/section_00_source_train_normal_000215.wav,e38eb66ebd23b83300a234d7507976b5f6853c5ba8dd4670546f8cd5d4d9a4fb,960044,193096800,193576800,1093b3922e3fdbb3602ac7ccc37f65321b297593ec1fae68d398a2302d77d48d,0,0,501cecdda262cbfa73f7a39568e8741d358d700e4d416ec10bba169547b6849d,saved_rule_based,0.43
section_00_source_train_normal_000216,train,source,normal,A,20260901T151827Z-92a6aa2e4849cea633194dd8,20260901T151827Z-92a6aa2e4849cea633194dd8-dg-6d507e8caf75-000161,2,none,none,fast,normal-fast-2,left,normal,clipped/audio_event_clean/normal/20260901T151827Z-92a6aa2e4849cea633194dd8-dg-6d507e8caf75-000161_ch2.wav,3DPrinter/train/section_00_source_train_normal_000216.wav,c3505ac439f7da3e9102be9fd0d0fbc8d56e5a62f101c7c977265172dc3dfb44,960044,193576800,194056800,1093b3922e3fdbb3602ac7ccc37f65321b297593ec1fae68d398a2302d77d48d,0,0,501cecdda262cbfa73f7a39568e8741d358d700e4d416ec10bba169547b6849d,saved_rule_based,0.43
section_00_source_train_normal_000217,train,source,normal,A,20260901T151827Z-92a6aa2e4849cea633194dd8,20260901T151827Z-92a6aa2e4849cea633194dd8-dg-6d507e8caf75-000163,2,none,none,fast,normal-fast-2,left,normal,clipped/audio_event_clean/normal/20260901T151827Z-92a6aa2e4849cea633194dd8-dg-6d507e8caf75-000163_ch2.wav,3DPrinter/train/section_00_source_train_normal_000217.wav,95482539a88f58c559b66e6c007b4c2ffb46caf9dc0f592258aa873c719892cb,960044,194536800,195016800,1093b3922e3fdbb3602ac7ccc37f65321b297593ec1fae68d398a2302d77d48d,0,0,501cecdda262cbfa73f7a39568e8741d358d700e4d416ec10bba169547b6849d,saved_rule_based,0.43
section_00_source_train_normal_000218,train,source,normal,A,20260901T151827Z-92a6aa2e4849cea633194dd8,20260901T151827Z-92a6aa2e4849cea633194dd8-dg-6d507e8caf75-000165,2,none,none,fast,normal-fast-2,left,normal,clipped/audio_event_clean/normal/20260901T151827Z-92a6aa2e4849cea633194dd8-dg-6d507e8caf75-000165_ch2.wav,3DPrinter/train/section_00_source_train_normal_000218.wav,d4b8a2789a3800bd14f931ab6fc17d84f964ade62b6f60c073aff900344fd1fa,960044,195496800,195976800,1093b3922e3fdbb3602ac7ccc37f65321b297593ec1fae68d398a2302d77d48d,0,0,501cecdda262cbfa73f7a39568e8741d358d700e4d416ec10bba169547b6849d,saved_rule_based,0.43
section_00_source_train_normal_000219,train,source,normal,A,20260901T151827Z-92a6aa2e4849cea633194dd8,20260901T151827Z-92a6aa2e4849cea633194dd8-dg-6d507e8caf75-000166,2,none,none,fast,normal-fast-2,left,normal,clipped/audio_event_clean/normal/20260901T151827Z-92a6aa2e4849cea633194dd8-dg-6d507e8caf75-000166_ch2.wav,3DPrinter/train/section_00_source_train_normal_000219.wav,cd23a365691b48fcb673338bb9f97434222eb5fe01c02836b6204bda99600dd8,960044,195976800,196456800,1093b3922e3fdbb3602ac7ccc37f65321b297593ec1fae68d398a2302d77d48d,0,0,501cecdda262cbfa73f7a39568e8741d358d700e4d416ec10bba169547b6849d,saved_rule_based,0.43
section_00_source_train_normal_000220,train,source,normal,A,20260901T151827Z-92a6aa2e4849cea633194dd8,20260901T151827Z-92a6aa2e4849cea633194dd8-dg-6d507e8caf75-000167,2,none,none,fast,normal-fast-2,left,normal,clipped/audio_event_clean/normal/20260901T151827Z-92a6aa2e4849cea633194dd8-dg-6d507e8caf75-000167_ch2.wav,3DPrinter/train/section_00_source_train_normal_000220.wav,a8206e3674bbfa5bc842b69abcbac99a5f36f3bfaa3a30ee8abed17fc755f94f,960044,196456800,196936800,1093b3922e3fdbb3602ac7ccc37f65321b297593ec1fae68d398a2302d77d48d,0,0,501cecdda262cbfa73f7a39568e8741d358d700e4d416ec10bba169547b6849d,saved_rule_based,0.43
section_00_source_train_normal_000221,train,source,normal,A,20260901T151827Z-92a6aa2e4849cea633194dd8,20260901T151827Z-92a6aa2e4849cea633194dd8-dg-6d507e8caf75-000170,2,none,none,fast,normal-fast-2,left,normal,clipped/audio_event_clean/normal/20260901T151827Z-92a6aa2e4849cea633194dd8-dg-6d507e8caf75-000170_ch2.wav,3DPrinter/train/section_00_source_train_normal_000221.wav,edfc8d157692cc7c61e9d21355cd7c2b4577565c4887ad641f3ace9a96a1b422,960044,197896800,198376800,1093b3922e3fdbb3602ac7ccc37f65321b297593ec1fae68d398a2302d77d48d,0,0,501cecdda262cbfa73f7a39568e8741d358d700e4d416ec10bba169547b6849d,saved_rule_based,0.43
section_00_source_train_normal_000222,train,source,normal,A,20260901T151827Z-92a6aa2e4849cea633194dd8,20260901T151827Z-92a6aa2e4849cea633194dd8-dg-6d507e8caf75-000171,2,none,none,fast,normal-fast-2,left,normal,clipped/audio_event_clean/normal/20260901T151827Z-92a6aa2e4849cea633194dd8-dg-6d507e8caf75-000171_ch2.wav,3DPrinter/train/section_00_source_train_normal_000222.wav,c5780fa49b43660b3fdde4eeddb28845be076ea23741389e8c1402f116f17c6e,960044,198376800,198856800,1093b3922e3fdbb3602ac7ccc37f65321b297593ec1fae68d398a2302d77d48d,0,0,501cecdda262cbfa73f7a39568e8741d358d700e4d416ec10bba169547b6849d,saved_rule_based,0.43
section_00_source_train_normal_000223,train,source,normal,A,20260901T151827Z-92a6aa2e4849cea633194dd8,20260901T151827Z-92a6aa2e4849cea633194dd8-dg-6d507e8caf75-000173,2,none,none,fast,normal-fast-2,left,normal,clipped/audio_event_clean/normal/20260901T151827Z-92a6aa2e4849cea633194dd8-dg-6d507e8caf75-000173_ch2.wav,3DPrinter/train/section_00_source_train_normal_000223.wav,7bcea5858e3e7e919d55fbcc7a6d3b5d5cd7cc6ce87f3c1f84eecb2530573e87,960044,199336800,199816800,1093b3922e3fdbb3602ac7ccc37f65321b297593ec1fae68d398a2302d77d48d,0,0,501cecdda262cbfa73f7a39568e8741d358d700e4d416ec10bba169547b6849d,saved_rule_based,0.43
section_00_source_train_normal_000224,train,source,normal,A,20260901T151827Z-92a6aa2e4849cea633194dd8,20260901T151827Z-92a6aa2e4849cea633194dd8-dg-6d507e8caf75-000175,2,none,none,fast,normal-fast-2,left,normal,clipped/audio_event_clean/normal/20260901T151827Z-92a6aa2e4849cea633194dd8-dg-6d507e8caf75-000175_ch2.wav,3DPrinter/train/section_00_source_train_normal_000224.wav,5f8bcf3116da9e9ea57aa628edffb35db727d439cc3931f63ab8af7a4fa50ff1,960044,200296800,200776800,1093b3922e3fdbb3602ac7ccc37f65321b297593ec1fae68d398a2302d77d48d,0,0,501cecdda262cbfa73f7a39568e8741d358d700e4d416ec10bba169547b6849d,saved_rule_based,0.43
section_00_source_train_normal_000225,train,source,normal,A,20260901T151827Z-92a6aa2e4849cea633194dd8,20260901T151827Z-92a6aa2e4849cea633194dd8-dg-6d507e8caf75-000176,2,none,none,fast,normal-fast-2,left,normal,clipped/audio_event_clean/normal/20260901T151827Z-92a6aa2e4849cea633194dd8-dg-6d507e8caf75-000176_ch2.wav,3DPrinter/train/section_00_source_train_normal_000225.wav,46056912ad439781336d0d8fa6bde1cab6f7d925005d5f5b7ae99aa4e0c1341e,960044,200776800,201256800,1093b3922e3fdbb3602ac7ccc37f65321b297593ec1fae68d398a2302d77d48d,0,0,501cecdda262cbfa73f7a39568e8741d358d700e4d416ec10bba169547b6849d,saved_rule_based,0.43
section_00_source_train_normal_000226,train,source,normal,A,20260901T151827Z-92a6aa2e4849cea633194dd8,20260901T151827Z-92a6aa2e4849cea633194dd8-dg-6d507e8caf75-000180,2,none,none,fast,normal-fast-2,left,normal,clipped/audio_event_clean/normal/20260901T151827Z-92a6aa2e4849cea633194dd8-dg-6d507e8caf75-000180_ch2.wav,3DPrinter/train/section_00_source_train_normal_000226.wav,b3c8d9848569a2ab9b5c5ecb408008cc4d3406c62b3322851011004b56dbf8e3,960044,202696800,203176800,1093b3922e3fdbb3602ac7ccc37f65321b297593ec1fae68d398a2302d77d48d,0,0,501cecdda262cbfa73f7a39568e8741d358d700e4d416ec10bba169547b6849d,saved_rule_based,0.43
section_00_source_train_normal_000227,train,source,normal,A,20260901T151827Z-92a6aa2e4849cea633194dd8,20260901T151827Z-92a6aa2e4849cea633194dd8-dg-6d507e8caf75-000181,2,none,none,fast,normal-fast-2,left,normal,clipped/audio_event_clean/normal/20260901T151827Z-92a6aa2e4849cea633194dd8-dg-6d507e8caf75-000181_ch2.wav,3DPrinter/train/section_00_source_train_normal_000227.wav,3489f70f461c8104268a473955fd62e7fd7cd71528c8b82da68951bf70c8f115,960044,203176800,203656800,1093b3922e3fdbb3602ac7ccc37f65321b297593ec1fae68d398a2302d77d48d,0,0,501cecdda262cbfa73f7a39568e8741d358d700e4d416ec10bba169547b6849d,saved_rule_based,0.43
section_00_source_train_normal_000228,train,source,normal,A,20260901T151827Z-92a6aa2e4849cea633194dd8,20260901T151827Z-92a6aa2e4849cea633194dd8-dg-6d507e8caf75-000182,2,none,none,fast,normal-fast-2,left,normal,clipped/audio_event_clean/normal/20260901T151827Z-92a6aa2e4849cea633194dd8-dg-6d507e8caf75-000182_ch2.wav,3DPrinter/train/section_00_source_train_normal_000228.wav,fd7a735fbb8483e7344f149003487595026614867700ded7dcfccefbb026ab75,960044,203656800,204136800,1093b3922e3fdbb3602ac7ccc37f65321b297593ec1fae68d398a2302d77d48d,0,0,501cecdda262cbfa73f7a39568e8741d358d700e4d416ec10bba169547b6849d,saved_rule_based,0.43
section_00_source_train_normal_000229,train,source,normal,A,20260901T151827Z-92a6aa2e4849cea633194dd8,20260901T151827Z-92a6aa2e4849cea633194dd8-dg-6d507e8caf75-000183,2,none,none,fast,normal-fast-2,left,normal,clipped/audio_event_clean/normal/20260901T151827Z-92a6aa2e4849cea633194dd8-dg-6d507e8caf75-000183_ch2.wav,3DPrinter/train/section_00_source_train_normal_000229.wav,1338e36bdbd25587598abed45c6c5fae509d245204299be5e845d6cf490bad18,960044,204136800,204616800,1093b3922e3fdbb3602ac7ccc37f65321b297593ec1fae68d398a2302d77d48d,0,0,501cecdda262cbfa73f7a39568e8741d358d700e4d416ec10bba169547b6849d,saved_rule_based,0.43
section_00_source_train_normal_000230,train,source,normal,A,20260901T151827Z-92a6aa2e4849cea633194dd8,20260901T151827Z-92a6aa2e4849cea633194dd8-dg-6d507e8caf75-000186,2,none,none,fast,normal-fast-2,left,normal,clipped/audio_event_clean/normal/20260901T151827Z-92a6aa2e4849cea633194dd8-dg-6d507e8caf75-000186_ch2.wav,3DPrinter/train/section_00_source_train_normal_000230.wav,8e7c7cc0d4c5cbfb67639cbd546f3929e7364a797b687c82e7c1b6d880d0b482,960044,205576800,206056800,1093b3922e3fdbb3602ac7ccc37f65321b297593ec1fae68d398a2302d77d48d,0,0,501cecdda262cbfa73f7a39568e8741d358d700e4d416ec10bba169547b6849d,saved_rule_based,0.43
section_00_source_train_normal_000231,train,source,normal,A,20260901T151827Z-92a6aa2e4849cea633194dd8,20260901T151827Z-92a6aa2e4849cea633194dd8-dg-6d507e8caf75-000190,2,none,none,fast,normal-fast-2,left,normal,clipped/audio_event_clean/normal/20260901T151827Z-92a6aa2e4849cea633194dd8-dg-6d507e8caf75-000190_ch2.wav,3DPrinter/train/section_00_source_train_normal_000231.wav,0c65c8d8d51447406ac84e988d782567cd59562f8e9bdd18b1d485be54339061,960044,207496800,207976800,1093b3922e3fdbb3602ac7ccc37f65321b297593ec1fae68d398a2302d77d48d,0,0,501cecdda262cbfa73f7a39568e8741d358d700e4d416ec10bba169547b6849d,saved_rule_based,0.43
section_00_source_train_normal_000232,train,source,normal,A,20260901T151827Z-92a6aa2e4849cea633194dd8,20260901T151827Z-92a6aa2e4849cea633194dd8-dg-6d507e8caf75-000191,2,none,none,fast,normal-fast-2,left,normal,clipped/audio_event_clean/normal/20260901T151827Z-92a6aa2e4849cea633194dd8-dg-6d507e8caf75-000191_ch2.wav,3DPrinter/train/section_00_source_train_normal_000232.wav,dea9199b16426cd1a632562eaf736aa9a4bd1ac7e4d3e7e2b07ba45781dc54f3,960044,207976800,208456800,1093b3922e3fdbb3602ac7ccc37f65321b297593ec1fae68d398a2302d77d48d,0,0,501cecdda262cbfa73f7a39568e8741d358d700e4d416ec10bba169547b6849d,saved_rule_based,0.43
section_00_source_train_normal_000233,train,source,normal,A,20260901T151827Z-92a6aa2e4849cea633194dd8,20260901T151827Z-92a6aa2e4849cea633194dd8-dg-6d507e8caf75-000195,2,none,none,fast,normal-fast-2,left,normal,clipped/audio_event_clean/normal/20260901T151827Z-92a6aa2e4849cea633194dd8-dg-6d507e8caf75-000195_ch2.wav,3DPrinter/train/section_00_source_train_normal_000233.wav,4476c123d926a5691718deddd041e85f4d2e069761db91b8b65b492d28f1a910,960044,209896800,210376800,1093b3922e3fdbb3602ac7ccc37f65321b297593ec1fae68d398a2302d77d48d,0,0,501cecdda262cbfa73f7a39568e8741d358d700e4d416ec10bba169547b6849d,saved_rule_based,0.43
section_00_source_train_normal_000234,train,source,normal,A,20260901T151827Z-92a6aa2e4849cea633194dd8,20260901T151827Z-92a6aa2e4849cea633194dd8-dg-6d507e8caf75-000197,2,none,none,fast,normal-fast-2,left,normal,clipped/audio_event_clean/normal/20260901T151827Z-92a6aa2e4849cea633194dd8-dg-6d507e8caf75-000197_ch2.wav,3DPrinter/train/section_00_source_train_normal_000234.wav,026bde6e06a2f587054c620c68e28e84895ceb9eb041525b2e90fc80d0c99207,960044,210856800,211336800,1093b3922e3fdbb3602ac7ccc37f65321b297593ec1fae68d398a2302d77d48d,0,0,501cecdda262cbfa73f7a39568e8741d358d700e4d416ec10bba169547b6849d,saved_rule_based,0.43
section_00_source_train_normal_000235,train,source,normal,A,20260901T151827Z-92a6aa2e4849cea633194dd8,20260901T151827Z-92a6aa2e4849cea633194dd8-dg-6d507e8caf75-000198,2,none,none,fast,normal-fast-2,left,normal,clipped/audio_event_clean/normal/20260901T151827Z-92a6aa2e4849cea633194dd8-dg-6d507e8caf75-000198_ch2.wav,3DPrinter/train/section_00_source_train_normal_000235.wav,0cf97d865b6b0f1c08501d7f973607b1cd570198024c12d9a56546a3ffcf33c2,960044,211336800,211816800,1093b3922e3fdbb3602ac7ccc37f65321b297593ec1fae68d398a2302d77d48d,0,0,501cecdda262cbfa73f7a39568e8741d358d700e4d416ec10bba169547b6849d,saved_rule_based,0.43
section_00_source_train_normal_000236,train,source,normal,A,20260901T151827Z-92a6aa2e4849cea633194dd8,20260901T151827Z-92a6aa2e4849cea633194dd8-dg-6d507e8caf75-000199,2,none,none,fast,normal-fast-2,left,normal,clipped/audio_event_clean/normal/20260901T151827Z-92a6aa2e4849cea633194dd8-dg-6d507e8caf75-000199_ch2.wav,3DPrinter/train/section_00_source_train_normal_000236.wav,2fd620abf11c38ad62464b305af3becea1990d64420ea7ff1be208ad9fe578ac,960044,211816800,212296800,1093b3922e3fdbb3602ac7ccc37f65321b297593ec1fae68d398a2302d77d48d,0,0,501cecdda262cbfa73f7a39568e8741d358d700e4d416ec10bba169547b6849d,saved_rule_based,0.43
section_00_source_train_normal_000237,train,source,normal,A,20260901T151827Z-92a6aa2e4849cea633194dd8,20260901T151827Z-92a6aa2e4849cea633194dd8-dg-6d507e8caf75-000200,2,none,none,fast,normal-fast-2,left,normal,clipped/audio_event_clean/normal/20260901T151827Z-92a6aa2e4849cea633194dd8-dg-6d507e8caf75-000200_ch2.wav,3DPrinter/train/section_00_source_train_normal_000237.wav,98817cf8dd8f84e651a9c9e30083305b53e998dfe87c9c36ccf9cec44028be73,960044,212296800,212776800,1093b3922e3fdbb3602ac7ccc37f65321b297593ec1fae68d398a2302d77d48d,0,0,501cecdda262cbfa73f7a39568e8741d358d700e4d416ec10bba169547b6849d,saved_rule_based,0.43
section_00_source_train_normal_000238,train,source,normal,A,20260901T151827Z-92a6aa2e4849cea633194dd8,20260901T151827Z-92a6aa2e4849cea633194dd8-dg-6d507e8caf75-000201,2,none,none,fast,normal-fast-2,left,normal,clipped/audio_event_clean/normal/20260901T151827Z-92a6aa2e4849cea633194dd8-dg-6d507e8caf75-000201_ch2.wav,3DPrinter/train/section_00_source_train_normal_000238.wav,fe1f57b24e954ed4162f17fc89e096fa3ffb831d3b7b5916a12953d3887f2e48,960044,212776800,213256800,1093b3922e3fdbb3602ac7ccc37f65321b297593ec1fae68d398a2302d77d48d,0,0,501cecdda262cbfa73f7a39568e8741d358d700e4d416ec10bba169547b6849d,saved_rule_based,0.43
section_00_source_train_normal_000239,train,source,normal,A,20260901T151827Z-92a6aa2e4849cea633194dd8,20260901T151827Z-92a6aa2e4849cea633194dd8-dg-6d507e8caf75-000202,2,none,none,fast,normal-fast-2,left,normal,clipped/audio_event_clean/normal/20260901T151827Z-92a6aa2e4849cea633194dd8-dg-6d507e8caf75-000202_ch2.wav,3DPrinter/train/section_00_source_train_normal_000239.wav,e88d1157fa547d31f80e8f86f73f9b7720abdd77957bdb921ab2ce618ec65c05,960044,213256800,213736800,1093b3922e3fdbb3602ac7ccc37f65321b297593ec1fae68d398a2302d77d48d,0,0,501cecdda262cbfa73f7a39568e8741d358d700e4d416ec10bba169547b6849d,saved_rule_based,0.43
section_00_source_train_normal_000240,train,source,normal,A,20260901T151827Z-92a6aa2e4849cea633194dd8,20260901T151827Z-92a6aa2e4849cea633194dd8-dg-6d507e8caf75-000203,2,none,none,fast,normal-fast-2,left,normal,clipped/audio_event_clean/normal/20260901T151827Z-92a6aa2e4849cea633194dd8-dg-6d507e8caf75-000203_ch2.wav,3DPrinter/train/section_00_source_train_normal_000240.wav,56a06c882b90391857049c63bdac6ce205f09d6a5ec98695e2b23a9274c21a3b,960044,213736800,214216800,1093b3922e3fdbb3602ac7ccc37f65321b297593ec1fae68d398a2302d77d48d,0,0,501cecdda262cbfa73f7a39568e8741d358d700e4d416ec10bba169547b6849d,saved_rule_based,0.43
section_00_source_train_normal_000241,train,source,normal,A,20260901T151827Z-92a6aa2e4849cea633194dd8,20260901T151827Z-92a6aa2e4849cea633194dd8-dg-6d507e8caf75-000206,2,none,none,fast,normal-fast-2,left,normal,clipped/audio_event_clean/normal/20260901T151827Z-92a6aa2e4849cea633194dd8-dg-6d507e8caf75-000206_ch2.wav,3DPrinter/train/section_00_source_train_normal_000241.wav,1340ea6917214805521a77dce6a3bd557db50c02950b7a5cb1b55129e2265728,960044,215176800,215656800,1093b3922e3fdbb3602ac7ccc37f65321b297593ec1fae68d398a2302d77d48d,0,0,501cecdda262cbfa73f7a39568e8741d358d700e4d416ec10bba169547b6849d,saved_rule_based,0.43
section_00_source_train_normal_000242,train,source,normal,A,20260901T151827Z-92a6aa2e4849cea633194dd8,20260901T151827Z-92a6aa2e4849cea633194dd8-dg-6d507e8caf75-000209,2,none,none,fast,normal-fast-2,left,normal,clipped/audio_event_clean/normal/20260901T151827Z-92a6aa2e4849cea633194dd8-dg-6d507e8caf75-000209_ch2.wav,3DPrinter/train/section_00_source_train_normal_000242.wav,580c8ff0d7c9212c82f7533632ce5c83e8dcf92b3aee7b926d61057438f7622e,960044,216616800,217096800,1093b3922e3fdbb3602ac7ccc37f65321b297593ec1fae68d398a2302d77d48d,0,0,501cecdda262cbfa73f7a39568e8741d358d700e4d416ec10bba169547b6849d,saved_rule_based,0.43
section_00_source_train_normal_000243,train,source,normal,A,20260901T151827Z-92a6aa2e4849cea633194dd8,20260901T151827Z-92a6aa2e4849cea633194dd8-dg-6d507e8caf75-000210,2,none,none,fast,normal-fast-2,left,normal,clipped/audio_event_clean/normal/20260901T151827Z-92a6aa2e4849cea633194dd8-dg-6d507e8caf75-000210_ch2.wav,3DPrinter/train/section_00_source_train_normal_000243.wav,9c29d9b8b1eeb151471ed8360ed53c6b0b45b20fff88c98caf8e361f342bfb40,960044,217096800,217576800,1093b3922e3fdbb3602ac7ccc37f65321b297593ec1fae68d398a2302d77d48d,0,0,501cecdda262cbfa73f7a39568e8741d358d700e4d416ec10bba169547b6849d,saved_rule_based,0.43
section_00_source_train_normal_000244,train,source,normal,A,20260901T151827Z-92a6aa2e4849cea633194dd8,20260901T151827Z-92a6aa2e4849cea633194dd8-dg-6d507e8caf75-000213,2,none,none,fast,normal-fast-2,left,normal,clipped/audio_event_clean/normal/20260901T151827Z-92a6aa2e4849cea633194dd8-dg-6d507e8caf75-000213_ch2.wav,3DPrinter/train/section_00_source_train_normal_000244.wav,5d53d7a7c0b8a725fd2778f9b8f318745fdb0f3ad349f48d0ce487c8ef3cd28d,960044,218536800,219016800,1093b3922e3fdbb3602ac7ccc37f65321b297593ec1fae68d398a2302d77d48d,0,0,501cecdda262cbfa73f7a39568e8741d358d700e4d416ec10bba169547b6849d,saved_rule_based,0.43
section_00_source_train_normal_000245,train,source,normal,A,20260901T151827Z-92a6aa2e4849cea633194dd8,20260901T151827Z-92a6aa2e4849cea633194dd8-dg-6d507e8caf75-000218,2,none,none,fast,normal-fast-2,left,normal,clipped/audio_event_clean/normal/20260901T151827Z-92a6aa2e4849cea633194dd8-dg-6d507e8caf75-000218_ch2.wav,3DPrinter/train/section_00_source_train_normal_000245.wav,17e9e799613755cc8ad6ed02a9cb64937998dd21e015e5405219b29e64031934,960044,220936800,221416800,1093b3922e3fdbb3602ac7ccc37f65321b297593ec1fae68d398a2302d77d48d,0,0,501cecdda262cbfa73f7a39568e8741d358d700e4d416ec10bba169547b6849d,saved_rule_based,0.43
section_00_source_train_normal_000246,train,source,normal,A,20260901T151827Z-92a6aa2e4849cea633194dd8,20260901T151827Z-92a6aa2e4849cea633194dd8-dg-6d507e8caf75-000219,2,none,none,fast,normal-fast-2,left,normal,clipped/audio_event_clean/normal/20260901T151827Z-92a6aa2e4849cea633194dd8-dg-6d507e8caf75-000219_ch2.wav,3DPrinter/train/section_00_source_train_normal_000246.wav,a9890c66d285a75d757f71b2c98089d0318a3fdacb3e3ca7edba3f44ed5b9e62,960044,221416800,221896800,1093b3922e3fdbb3602ac7ccc37f65321b297593ec1fae68d398a2302d77d48d,0,0,501cecdda262cbfa73f7a39568e8741d358d700e4d416ec10bba169547b6849d,saved_rule_based,0.43
section_00_source_train_normal_000247,train,source,normal,A,20260901T151827Z-92a6aa2e4849cea633194dd8,20260901T151827Z-92a6aa2e4849cea633194dd8-dg-6d507e8caf75-000220,2,none,none,fast,normal-fast-2,left,normal,clipped/audio_event_clean/normal/20260901T151827Z-92a6aa2e4849cea633194dd8-dg-6d507e8caf75-000220_ch2.wav,3DPrinter/train/section_00_source_train_normal_000247.wav,669f07ee2859f071583a19962c7de695759dd03a5fbb881eef7b70b7e8a17e76,960044,221896800,222376800,1093b3922e3fdbb3602ac7ccc37f65321b297593ec1fae68d398a2302d77d48d,0,0,501cecdda262cbfa73f7a39568e8741d358d700e4d416ec10bba169547b6849d,saved_rule_based,0.43
section_00_source_train_normal_000248,train,source,normal,A,20260901T143912Z-e5d061dfc62c0b36daf92847,20260901T143912Z-e5d061dfc62c0b36daf92847-dg-7740f073a739-000001,4,none,none,fast,normal-fast-1,right,normal,clipped/audio_event_clean/normal/20260901T143912Z-e5d061dfc62c0b36daf92847-dg-7740f073a739-000001_ch4.wav,3DPrinter/train/section_00_source_train_normal_000248.wav,2ea21f0e1779db1d4d12668ec21536f668a2a2e89ff5b786559560a52cfe6b4c,960044,3724800,4204800,0bb84adb1499c0cbc90b2a5e374045adfb496a27c91b32d6c9aaf5bb0599b224,0,0,aeb450032c7d5c66d9bb313c64fd807f1610d32e2ed646ec023dea0a1b1334d0,saved_rule_based,0.53
section_00_source_train_normal_000249,train,source,normal,A,20260901T143912Z-e5d061dfc62c0b36daf92847,20260901T143912Z-e5d061dfc62c0b36daf92847-dg-7740f073a739-000002,4,none,none,fast,normal-fast-1,right,normal,clipped/audio_event_clean/normal/20260901T143912Z-e5d061dfc62c0b36daf92847-dg-7740f073a739-000002_ch4.wav,3DPrinter/train/section_00_source_train_normal_000249.wav,cbf7dbfd6858cf4b4731f9fee7e840b336c1e9b4ab8a807ff618f0b568e26715,960044,4204800,4684800,0bb84adb1499c0cbc90b2a5e374045adfb496a27c91b32d6c9aaf5bb0599b224,0,0,aeb450032c7d5c66d9bb313c64fd807f1610d32e2ed646ec023dea0a1b1334d0,saved_rule_based,0.53
section_00_source_train_normal_000250,train,source,normal,A,20260901T143912Z-e5d061dfc62c0b36daf92847,20260901T143912Z-e5d061dfc62c0b36daf92847-dg-7740f073a739-000006,4,none,none,fast,normal-fast-1,right,normal,clipped/audio_event_clean/normal/20260901T143912Z-e5d061dfc62c0b36daf92847-dg-7740f073a739-000006_ch4.wav,3DPrinter/train/section_00_source_train_normal_000250.wav,365e5386a6d03e2201660a367dd1fc6feb0518f62dcb4414eed64fd35a737fab,960044,6124800,6604800,0bb84adb1499c0cbc90b2a5e374045adfb496a27c91b32d6c9aaf5bb0599b224,0,0,aeb450032c7d5c66d9bb313c64fd807f1610d32e2ed646ec023dea0a1b1334d0,saved_rule_based,0.53
section_00_source_train_normal_000251,train,source,normal,A,20260901T143912Z-e5d061dfc62c0b36daf92847,20260901T143912Z-e5d061dfc62c0b36daf92847-dg-7740f073a739-000007,4,none,none,fast,normal-fast-1,right,normal,clipped/audio_event_clean/normal/20260901T143912Z-e5d061dfc62c0b36daf92847-dg-7740f073a739-000007_ch4.wav,3DPrinter/train/section_00_source_train_normal_000251.wav,5b86c0d7bed987855bc6fad6c5f7509d739f44d776466090ef8083a5e3dbb0e1,960044,6604800,7084800,0bb84adb1499c0cbc90b2a5e374045adfb496a27c91b32d6c9aaf5bb0599b224,0,0,aeb450032c7d5c66d9bb313c64fd807f1610d32e2ed646ec023dea0a1b1334d0,saved_rule_based,0.53
section_00_source_train_normal_000252,train,source,normal,A,20260901T143912Z-e5d061dfc62c0b36daf92847,20260901T143912Z-e5d061dfc62c0b36daf92847-dg-7740f073a739-000009,4,none,none,fast,normal-fast-1,right,normal,clipped/audio_event_clean/normal/20260901T143912Z-e5d061dfc62c0b36daf92847-dg-7740f073a739-000009_ch4.wav,3DPrinter/train/section_00_source_train_normal_000252.wav,4e13123205ef7454512574ea9b11042db2e3dfb56a36b0e288a38831bd3a2d0d,960044,7564800,8044800,0bb84adb1499c0cbc90b2a5e374045adfb496a27c91b32d6c9aaf5bb0599b224,0,0,aeb450032c7d5c66d9bb313c64fd807f1610d32e2ed646ec023dea0a1b1334d0,saved_rule_based,0.53
section_00_source_train_normal_000253,train,source,normal,A,20260901T143912Z-e5d061dfc62c0b36daf92847,20260901T143912Z-e5d061dfc62c0b36daf92847-dg-7740f073a739-000016,4,none,none,fast,normal-fast-1,right,normal,clipped/audio_event_clean/normal/20260901T143912Z-e5d061dfc62c0b36daf92847-dg-7740f073a739-000016_ch4.wav,3DPrinter/train/section_00_source_train_normal_000253.wav,eb2d5f6f027e2f19bf782f2b5debdaf53badd0b8ba99590b666a58b0e6e748ae,960044,10924800,11404800,0bb84adb1499c0cbc90b2a5e374045adfb496a27c91b32d6c9aaf5bb0599b224,0,0,aeb450032c7d5c66d9bb313c64fd807f1610d32e2ed646ec023dea0a1b1334d0,saved_rule_based,0.53
section_00_source_train_normal_000254,train,source,normal,A,20260901T143912Z-e5d061dfc62c0b36daf92847,20260901T143912Z-e5d061dfc62c0b36daf92847-dg-7740f073a739-000018,4,none,none,fast,normal-fast-1,right,normal,clipped/audio_event_clean/normal/20260901T143912Z-e5d061dfc62c0b36daf92847-dg-7740f073a739-000018_ch4.wav,3DPrinter/train/section_00_source_train_normal_000254.wav,795e664f64bc1f73336cda428257dc4ba3362bf02440bf7ffba2fcda1dbae30d,960044,11884800,12364800,0bb84adb1499c0cbc90b2a5e374045adfb496a27c91b32d6c9aaf5bb0599b224,0,0,aeb450032c7d5c66d9bb313c64fd807f1610d32e2ed646ec023dea0a1b1334d0,saved_rule_based,0.53
section_00_source_train_normal_000255,train,source,normal,A,20260901T143912Z-e5d061dfc62c0b36daf92847,20260901T143912Z-e5d061dfc62c0b36daf92847-dg-7740f073a739-000020,4,none,none,fast,normal-fast-1,right,normal,clipped/audio_event_clean/normal/20260901T143912Z-e5d061dfc62c0b36daf92847-dg-7740f073a739-000020_ch4.wav,3DPrinter/train/section_00_source_train_normal_000255.wav,49296bf005c8c3637c59edefe2173ba78fa27afb5ba7f23e47a761cf02855781,960044,12844800,13324800,0bb84adb1499c0cbc90b2a5e374045adfb496a27c91b32d6c9aaf5bb0599b224,0,0,aeb450032c7d5c66d9bb313c64fd807f1610d32e2ed646ec023dea0a1b1334d0,saved_rule_based,0.53
section_00_source_train_normal_000256,train,source,normal,A,20260901T143912Z-e5d061dfc62c0b36daf92847,20260901T143912Z-e5d061dfc62c0b36daf92847-dg-7740f073a739-000022,4,none,none,fast,normal-fast-1,right,normal,clipped/audio_event_clean/normal/20260901T143912Z-e5d061dfc62c0b36daf92847-dg-7740f073a739-000022_ch4.wav,3DPrinter/train/section_00_source_train_normal_000256.wav,b2b779150f05215f71b74411fc946338483c032dc0a6de3dd1da44a692a3995f,960044,13804800,14284800,0bb84adb1499c0cbc90b2a5e374045adfb496a27c91b32d6c9aaf5bb0599b224,0,0,aeb450032c7d5c66d9bb313c64fd807f1610d32e2ed646ec023dea0a1b1334d0,saved_rule_based,0.53
section_00_source_train_normal_000257,train,source,normal,A,20260901T143912Z-e5d061dfc62c0b36daf92847,20260901T143912Z-e5d061dfc62c0b36daf92847-dg-7740f073a739-000023,4,none,none,fast,normal-fast-1,right,normal,clipped/audio_event_clean/normal/20260901T143912Z-e5d061dfc62c0b36daf92847-dg-7740f073a739-000023_ch4.wav,3DPrinter/train/section_00_source_train_normal_000257.wav,201283b9892caaac7b96d28768a1c52ba8123a2891a196edfdfc968f698a1994,960044,14284800,14764800,0bb84adb1499c0cbc90b2a5e374045adfb496a27c91b32d6c9aaf5bb0599b224,0,0,aeb450032c7d5c66d9bb313c64fd807f1610d32e2ed646ec023dea0a1b1334d0,saved_rule_based,0.53
section_00_source_train_normal_000258,train,source,normal,A,20260901T143912Z-e5d061dfc62c0b36daf92847,20260901T143912Z-e5d061dfc62c0b36daf92847-dg-7740f073a739-000024,4,none,none,fast,normal-fast-1,right,normal,clipped/audio_event_clean/normal/20260901T143912Z-e5d061dfc62c0b36daf92847-dg-7740f073a739-000024_ch4.wav,3DPrinter/train/section_00_source_train_normal_000258.wav,a762f378c8892bacc920643bca70bdb19d67ce1fec9d3974277baa0c81294652,960044,14764800,15244800,0bb84adb1499c0cbc90b2a5e374045adfb496a27c91b32d6c9aaf5bb0599b224,0,0,aeb450032c7d5c66d9bb313c64fd807f1610d32e2ed646ec023dea0a1b1334d0,saved_rule_based,0.53
section_00_source_train_normal_000259,train,source,normal,A,20260901T143912Z-e5d061dfc62c0b36daf92847,20260901T143912Z-e5d061dfc62c0b36daf92847-dg-7740f073a739-000026,4,none,none,fast,normal-fast-1,right,normal,clipped/audio_event_clean/normal/20260901T143912Z-e5d061dfc62c0b36daf92847-dg-7740f073a739-000026_ch4.wav,3DPrinter/train/section_00_source_train_normal_000259.wav,66e8665a02fba8073d88ed20c714a55938c9833d3c687fe6a938d85951d8d71e,960044,15724800,16204800,0bb84adb1499c0cbc90b2a5e374045adfb496a27c91b32d6c9aaf5bb0599b224,0,0,aeb450032c7d5c66d9bb313c64fd807f1610d32e2ed646ec023dea0a1b1334d0,saved_rule_based,0.53
section_00_source_train_normal_000260,train,source,normal,A,20260901T143912Z-e5d061dfc62c0b36daf92847,20260901T143912Z-e5d061dfc62c0b36daf92847-dg-7740f073a739-000027,4,none,none,fast,normal-fast-1,right,normal,clipped/audio_event_clean/normal/20260901T143912Z-e5d061dfc62c0b36daf92847-dg-7740f073a739-000027_ch4.wav,3DPrinter/train/section_00_source_train_normal_000260.wav,a02bdf760a2c26e0d4aa846bc60a22ad6f917219bec65163136d2561f85fa812,960044,16204800,16684800,0bb84adb1499c0cbc90b2a5e374045adfb496a27c91b32d6c9aaf5bb0599b224,0,0,aeb450032c7d5c66d9bb313c64fd807f1610d32e2ed646ec023dea0a1b1334d0,saved_rule_based,0.53
section_00_source_train_normal_000261,train,source,normal,A,20260901T143912Z-e5d061dfc62c0b36daf92847,20260901T143912Z-e5d061dfc62c0b36daf92847-dg-7740f073a739-000033,4,none,none,fast,normal-fast-1,right,normal,clipped/audio_event_clean/normal/20260901T143912Z-e5d061dfc62c0b36daf92847-dg-7740f073a739-000033_ch4.wav,3DPrinter/train/section_00_source_train_normal_000261.wav,179c7e94f09955c4b7bfe9d4c27920db535fae670dfcda7cd3c9d7921b327f99,960044,19084800,19564800,0bb84adb1499c0cbc90b2a5e374045adfb496a27c91b32d6c9aaf5bb0599b224,0,0,aeb450032c7d5c66d9bb313c64fd807f1610d32e2ed646ec023dea0a1b1334d0,saved_rule_based,0.53
section_00_source_train_normal_000262,train,source,normal,A,20260901T143912Z-e5d061dfc62c0b36daf92847,20260901T143912Z-e5d061dfc62c0b36daf92847-dg-7740f073a739-000037,4,none,none,fast,normal-fast-1,right,normal,clipped/audio_event_clean/normal/20260901T143912Z-e5d061dfc62c0b36daf92847-dg-7740f073a739-000037_ch4.wav,3DPrinter/train/section_00_source_train_normal_000262.wav,99e5869439a7e5b342dbd8fda7b5ffba36ea2712a58d0c57de11016761a17b83,960044,21004800,21484800,0bb84adb1499c0cbc90b2a5e374045adfb496a27c91b32d6c9aaf5bb0599b224,0,0,aeb450032c7d5c66d9bb313c64fd807f1610d32e2ed646ec023dea0a1b1334d0,saved_rule_based,0.53
section_00_source_train_normal_000263,train,source,normal,A,20260901T143912Z-e5d061dfc62c0b36daf92847,20260901T143912Z-e5d061dfc62c0b36daf92847-dg-7740f073a739-000038,4,none,none,fast,normal-fast-1,right,normal,clipped/audio_event_clean/normal/20260901T143912Z-e5d061dfc62c0b36daf92847-dg-7740f073a739-000038_ch4.wav,3DPrinter/train/section_00_source_train_normal_000263.wav,a45bdb7ed287d292bc088731af0705732c2e60717173b183a1461d58d9c1dc3f,960044,21484800,21964800,0bb84adb1499c0cbc90b2a5e374045adfb496a27c91b32d6c9aaf5bb0599b224,0,0,aeb450032c7d5c66d9bb313c64fd807f1610d32e2ed646ec023dea0a1b1334d0,saved_rule_based,0.53
section_00_source_train_normal_000264,train,source,normal,A,20260901T143912Z-e5d061dfc62c0b36daf92847,20260901T143912Z-e5d061dfc62c0b36daf92847-dg-7740f073a739-000039,4,none,none,fast,normal-fast-1,right,normal,clipped/audio_event_clean/normal/20260901T143912Z-e5d061dfc62c0b36daf92847-dg-7740f073a739-000039_ch4.wav,3DPrinter/train/section_00_source_train_normal_000264.wav,594b8c0f38b7583d85be2334dcf25b7abde8245c1307bdf07bb7c464c23eb032,960044,21964800,22444800,0bb84adb1499c0cbc90b2a5e374045adfb496a27c91b32d6c9aaf5bb0599b224,0,0,aeb450032c7d5c66d9bb313c64fd807f1610d32e2ed646ec023dea0a1b1334d0,saved_rule_based,0.53
section_00_source_train_normal_000265,train,source,normal,A,20260901T143912Z-e5d061dfc62c0b36daf92847,20260901T143912Z-e5d061dfc62c0b36daf92847-dg-7740f073a739-000040,4,none,none,fast,normal-fast-1,right,normal,clipped/audio_event_clean/normal/20260901T143912Z-e5d061dfc62c0b36daf92847-dg-7740f073a739-000040_ch4.wav,3DPrinter/train/section_00_source_train_normal_000265.wav,ff7d6fb67184f0a8d633ec2b0463ca7a2ff5878cefb9afbfe2fa677a522fa188,960044,22444800,22924800,0bb84adb1499c0cbc90b2a5e374045adfb496a27c91b32d6c9aaf5bb0599b224,0,0,aeb450032c7d5c66d9bb313c64fd807f1610d32e2ed646ec023dea0a1b1334d0,saved_rule_based,0.53
section_00_source_train_normal_000266,train,source,normal,A,20260901T143912Z-e5d061dfc62c0b36daf92847,20260901T143912Z-e5d061dfc62c0b36daf92847-dg-7740f073a739-000042,4,none,none,fast,normal-fast-1,right,normal,clipped/audio_event_clean/normal/20260901T143912Z-e5d061dfc62c0b36daf92847-dg-7740f073a739-000042_ch4.wav,3DPrinter/train/section_00_source_train_normal_000266.wav,b30a08bb77ba6247b05dbc06f1bb51acb2408e6651a553f00af94c34bd0fd1de,960044,23404800,23884800,0bb84adb1499c0cbc90b2a5e374045adfb496a27c91b32d6c9aaf5bb0599b224,0,0,aeb450032c7d5c66d9bb313c64fd807f1610d32e2ed646ec023dea0a1b1334d0,saved_rule_based,0.53
section_00_source_train_normal_000267,train,source,normal,A,20260901T143912Z-e5d061dfc62c0b36daf92847,20260901T143912Z-e5d061dfc62c0b36daf92847-dg-7740f073a739-000043,4,none,none,fast,normal-fast-1,right,normal,clipped/audio_event_clean/normal/20260901T143912Z-e5d061dfc62c0b36daf92847-dg-7740f073a739-000043_ch4.wav,3DPrinter/train/section_00_source_train_normal_000267.wav,711ade453464c5aa59b66497500f7b234ab467ed2d82c98c1873d9b4cad0a060,960044,23884800,24364800,0bb84adb1499c0cbc90b2a5e374045adfb496a27c91b32d6c9aaf5bb0599b224,0,0,aeb450032c7d5c66d9bb313c64fd807f1610d32e2ed646ec023dea0a1b1334d0,saved_rule_based,0.53
section_00_source_train_normal_000268,train,source,normal,A,20260901T143912Z-e5d061dfc62c0b36daf92847,20260901T143912Z-e5d061dfc62c0b36daf92847-dg-7740f073a739-000044,4,none,none,fast,normal-fast-1,right,normal,clipped/audio_event_clean/normal/20260901T143912Z-e5d061dfc62c0b36daf92847-dg-7740f073a739-000044_ch4.wav,3DPrinter/train/section_00_source_train_normal_000268.wav,4fd4f5214268b9048cfba12bfc99e265f307af6e7422f9da5c20ddaacc1f07b4,960044,24364800,24844800,0bb84adb1499c0cbc90b2a5e374045adfb496a27c91b32d6c9aaf5bb0599b224,0,0,aeb450032c7d5c66d9bb313c64fd807f1610d32e2ed646ec023dea0a1b1334d0,saved_rule_based,0.53
section_00_source_train_normal_000269,train,source,normal,A,20260901T143912Z-e5d061dfc62c0b36daf92847,20260901T143912Z-e5d061dfc62c0b36daf92847-dg-7740f073a739-000047,4,none,none,fast,normal-fast-1,right,normal,clipped/audio_event_clean/normal/20260901T143912Z-e5d061dfc62c0b36daf92847-dg-7740f073a739-000047_ch4.wav,3DPrinter/train/section_00_source_train_normal_000269.wav,1935454177d418aee2564f6fdabec2ead4287098e4d3bbb3380178ea65609fd5,960044,25804800,26284800,0bb84adb1499c0cbc90b2a5e374045adfb496a27c91b32d6c9aaf5bb0599b224,0,0,aeb450032c7d5c66d9bb313c64fd807f1610d32e2ed646ec023dea0a1b1334d0,saved_rule_based,0.53
section_00_source_train_normal_000270,train,source,normal,A,20260901T143912Z-e5d061dfc62c0b36daf92847,20260901T143912Z-e5d061dfc62c0b36daf92847-dg-7740f073a739-000050,4,none,none,fast,normal-fast-1,right,normal,clipped/audio_event_clean/normal/20260901T143912Z-e5d061dfc62c0b36daf92847-dg-7740f073a739-000050_ch4.wav,3DPrinter/train/section_00_source_train_normal_000270.wav,3d3b48e738b5ec6bbe633c2af1fcb4c5694339f07d3a092717cefdf062472259,960044,27244800,27724800,0bb84adb1499c0cbc90b2a5e374045adfb496a27c91b32d6c9aaf5bb0599b224,0,0,aeb450032c7d5c66d9bb313c64fd807f1610d32e2ed646ec023dea0a1b1334d0,saved_rule_based,0.53
section_00_source_train_normal_000271,train,source,normal,A,20260901T143912Z-e5d061dfc62c0b36daf92847,20260901T143912Z-e5d061dfc62c0b36daf92847-dg-7740f073a739-000051,4,none,none,fast,normal-fast-1,right,normal,clipped/audio_event_clean/normal/20260901T143912Z-e5d061dfc62c0b36daf92847-dg-7740f073a739-000051_ch4.wav,3DPrinter/train/section_00_source_train_normal_000271.wav,feea12e2e1cb0721b328c41e4dd2c053aa50ac7612e409c8ab25621798fca092,960044,27724800,28204800,0bb84adb1499c0cbc90b2a5e374045adfb496a27c91b32d6c9aaf5bb0599b224,0,0,aeb450032c7d5c66d9bb313c64fd807f1610d32e2ed646ec023dea0a1b1334d0,saved_rule_based,0.53
section_00_source_train_normal_000272,train,source,normal,A,20260901T143912Z-e5d061dfc62c0b36daf92847,20260901T143912Z-e5d061dfc62c0b36daf92847-dg-7740f073a739-000053,4,none,none,fast,normal-fast-1,right,normal,clipped/audio_event_clean/normal/20260901T143912Z-e5d061dfc62c0b36daf92847-dg-7740f073a739-000053_ch4.wav,3DPrinter/train/section_00_source_train_normal_000272.wav,1a8dff0cdd0db5bbe3cf1b1fcd6d66b1f578b0718995aeb979d1423986e00044,960044,28684800,29164800,0bb84adb1499c0cbc90b2a5e374045adfb496a27c91b32d6c9aaf5bb0599b224,0,0,aeb450032c7d5c66d9bb313c64fd807f1610d32e2ed646ec023dea0a1b1334d0,saved_rule_based,0.53
section_00_source_train_normal_000273,train,source,normal,A,20260901T143912Z-e5d061dfc62c0b36daf92847,20260901T143912Z-e5d061dfc62c0b36daf92847-dg-7740f073a739-000054,4,none,none,fast,normal-fast-1,right,normal,clipped/audio_event_clean/normal/20260901T143912Z-e5d061dfc62c0b36daf92847-dg-7740f073a739-000054_ch4.wav,3DPrinter/train/section_00_source_train_normal_000273.wav,d043ecf2e0b7d4be56b8baaaff97c5781ee832984ca2704f1cc2f0009d3137a5,960044,29164800,29644800,0bb84adb1499c0cbc90b2a5e374045adfb496a27c91b32d6c9aaf5bb0599b224,0,0,aeb450032c7d5c66d9bb313c64fd807f1610d32e2ed646ec023dea0a1b1334d0,saved_rule_based,0.53
section_00_source_train_normal_000274,train,source,normal,A,20260901T143912Z-e5d061dfc62c0b36daf92847,20260901T143912Z-e5d061dfc62c0b36daf92847-dg-7740f073a739-000056,4,none,none,fast,normal-fast-1,right,normal,clipped/audio_event_clean/normal/20260901T143912Z-e5d061dfc62c0b36daf92847-dg-7740f073a739-000056_ch4.wav,3DPrinter/train/section_00_source_train_normal_000274.wav,8f8b74aa0962110678967e5ad312cc51baa4932ea86e51de713736d65208a918,960044,30124800,30604800,0bb84adb1499c0cbc90b2a5e374045adfb496a27c91b32d6c9aaf5bb0599b224,0,0,aeb450032c7d5c66d9bb313c64fd807f1610d32e2ed646ec023dea0a1b1334d0,saved_rule_based,0.53
section_00_source_train_normal_000275,train,source,normal,A,20260901T143912Z-e5d061dfc62c0b36daf92847,20260901T143912Z-e5d061dfc62c0b36daf92847-dg-7740f073a739-000057,4,none,none,fast,normal-fast-1,right,normal,clipped/audio_event_clean/normal/20260901T143912Z-e5d061dfc62c0b36daf92847-dg-7740f073a739-000057_ch4.wav,3DPrinter/train/section_00_source_train_normal_000275.wav,8b64bc32b3f1ff7f466149d9766c234ac33bdf1b141aad7d3c9f773b70796f33,960044,30604800,31084800,0bb84adb1499c0cbc90b2a5e374045adfb496a27c91b32d6c9aaf5bb0599b224,0,0,aeb450032c7d5c66d9bb313c64fd807f1610d32e2ed646ec023dea0a1b1334d0,saved_rule_based,0.53
section_00_source_train_normal_000276,train,source,normal,A,20260901T143912Z-e5d061dfc62c0b36daf92847,20260901T143912Z-e5d061dfc62c0b36daf92847-dg-7740f073a739-000060,4,none,none,fast,normal-fast-1,right,normal,clipped/audio_event_clean/normal/20260901T143912Z-e5d061dfc62c0b36daf92847-dg-7740f073a739-000060_ch4.wav,3DPrinter/train/section_00_source_train_normal_000276.wav,2c9a72b357ca291c84af81a7cc42eaa7f8ac13ccdbdab02e256a4b078b8a57a6,960044,32044800,32524800,0bb84adb1499c0cbc90b2a5e374045adfb496a27c91b32d6c9aaf5bb0599b224,0,0,aeb450032c7d5c66d9bb313c64fd807f1610d32e2ed646ec023dea0a1b1334d0,saved_rule_based,0.53
section_00_source_train_normal_000277,train,source,normal,A,20260901T143912Z-e5d061dfc62c0b36daf92847,20260901T143912Z-e5d061dfc62c0b36daf92847-dg-7740f073a739-000061,4,none,none,fast,normal-fast-1,right,normal,clipped/audio_event_clean/normal/20260901T143912Z-e5d061dfc62c0b36daf92847-dg-7740f073a739-000061_ch4.wav,3DPrinter/train/section_00_source_train_normal_000277.wav,e8ed5450d09fa5ce50eeb6e8247d1659f5a93be07314f29816646a5303038e79,960044,32524800,33004800,0bb84adb1499c0cbc90b2a5e374045adfb496a27c91b32d6c9aaf5bb0599b224,0,0,aeb450032c7d5c66d9bb313c64fd807f1610d32e2ed646ec023dea0a1b1334d0,saved_rule_based,0.53
section_00_source_train_normal_000278,train,source,normal,A,20260901T143912Z-e5d061dfc62c0b36daf92847,20260901T143912Z-e5d061dfc62c0b36daf92847-dg-7740f073a739-000062,4,none,none,fast,normal-fast-1,right,normal,clipped/audio_event_clean/normal/20260901T143912Z-e5d061dfc62c0b36daf92847-dg-7740f073a739-000062_ch4.wav,3DPrinter/train/section_00_source_train_normal_000278.wav,89925e06e72f716be5fdc92a01da86c3595245cf3dc3ea07fa9d55a3f692ed8e,960044,33004800,33484800,0bb84adb1499c0cbc90b2a5e374045adfb496a27c91b32d6c9aaf5bb0599b224,0,0,aeb450032c7d5c66d9bb313c64fd807f1610d32e2ed646ec023dea0a1b1334d0,saved_rule_based,0.53
section_00_source_train_normal_000279,train,source,normal,A,20260901T143912Z-e5d061dfc62c0b36daf92847,20260901T143912Z-e5d061dfc62c0b36daf92847-dg-7740f073a739-000063,4,none,none,fast,normal-fast-1,right,normal,clipped/audio_event_clean/normal/20260901T143912Z-e5d061dfc62c0b36daf92847-dg-7740f073a739-000063_ch4.wav,3DPrinter/train/section_00_source_train_normal_000279.wav,64a337b977c5c893d809d8dee63d00e020f840bc5e09fce2daa7a49954e28a86,960044,33484800,33964800,0bb84adb1499c0cbc90b2a5e374045adfb496a27c91b32d6c9aaf5bb0599b224,0,0,aeb450032c7d5c66d9bb313c64fd807f1610d32e2ed646ec023dea0a1b1334d0,saved_rule_based,0.53
section_00_source_train_normal_000280,train,source,normal,A,20260901T143912Z-e5d061dfc62c0b36daf92847,20260901T143912Z-e5d061dfc62c0b36daf92847-dg-7740f073a739-000066,4,none,none,fast,normal-fast-1,right,normal,clipped/audio_event_clean/normal/20260901T143912Z-e5d061dfc62c0b36daf92847-dg-7740f073a739-000066_ch4.wav,3DPrinter/train/section_00_source_train_normal_000280.wav,58fcc908d8f3844f991f11650000ae55506a9bd8152e2164b3dc176dcd64f78d,960044,34924800,35404800,0bb84adb1499c0cbc90b2a5e374045adfb496a27c91b32d6c9aaf5bb0599b224,0,0,aeb450032c7d5c66d9bb313c64fd807f1610d32e2ed646ec023dea0a1b1334d0,saved_rule_based,0.53
section_00_source_train_normal_000281,train,source,normal,A,20260901T143912Z-e5d061dfc62c0b36daf92847,20260901T143912Z-e5d061dfc62c0b36daf92847-dg-7740f073a739-000068,4,none,none,fast,normal-fast-1,right,normal,clipped/audio_event_clean/normal/20260901T143912Z-e5d061dfc62c0b36daf92847-dg-7740f073a739-000068_ch4.wav,3DPrinter/train/section_00_source_train_normal_000281.wav,98f2c03afdf5e1d66f50938b2ab1446f6c839b64973d023390d3c364f121331b,960044,35884800,36364800,0bb84adb1499c0cbc90b2a5e374045adfb496a27c91b32d6c9aaf5bb0599b224,0,0,aeb450032c7d5c66d9bb313c64fd807f1610d32e2ed646ec023dea0a1b1334d0,saved_rule_based,0.53
section_00_source_train_normal_000282,train,source,normal,A,20260901T143912Z-e5d061dfc62c0b36daf92847,20260901T143912Z-e5d061dfc62c0b36daf92847-dg-7740f073a739-000069,4,none,none,fast,normal-fast-1,right,normal,clipped/audio_event_clean/normal/20260901T143912Z-e5d061dfc62c0b36daf92847-dg-7740f073a739-000069_ch4.wav,3DPrinter/train/section_00_source_train_normal_000282.wav,196a83fd0afde681eace899cfdc1ca715703bb48344bb68f2a9d15337c55d829,960044,36364800,36844800,0bb84adb1499c0cbc90b2a5e374045adfb496a27c91b32d6c9aaf5bb0599b224,0,0,aeb450032c7d5c66d9bb313c64fd807f1610d32e2ed646ec023dea0a1b1334d0,saved_rule_based,0.53
section_00_source_train_normal_000283,train,source,normal,A,20260901T143912Z-e5d061dfc62c0b36daf92847,20260901T143912Z-e5d061dfc62c0b36daf92847-dg-7740f073a739-000070,4,none,none,fast,normal-fast-1,right,normal,clipped/audio_event_clean/normal/20260901T143912Z-e5d061dfc62c0b36daf92847-dg-7740f073a739-000070_ch4.wav,3DPrinter/train/section_00_source_train_normal_000283.wav,5d264bc888659ab5e6326e8912c8d7863630c4ea1b9fba79df93eefd4b8b4dd1,960044,36844800,37324800,0bb84adb1499c0cbc90b2a5e374045adfb496a27c91b32d6c9aaf5bb0599b224,0,0,aeb450032c7d5c66d9bb313c64fd807f1610d32e2ed646ec023dea0a1b1334d0,saved_rule_based,0.53
section_00_source_train_normal_000284,train,source,normal,A,20260901T143912Z-e5d061dfc62c0b36daf92847,20260901T143912Z-e5d061dfc62c0b36daf92847-dg-7740f073a739-000071,4,none,none,fast,normal-fast-1,right,normal,clipped/audio_event_clean/normal/20260901T143912Z-e5d061dfc62c0b36daf92847-dg-7740f073a739-000071_ch4.wav,3DPrinter/train/section_00_source_train_normal_000284.wav,753dee3b02ecf6dc9c80ec16046108f4394eec285f59a1bda827e813e40d592f,960044,37324800,37804800,0bb84adb1499c0cbc90b2a5e374045adfb496a27c91b32d6c9aaf5bb0599b224,0,0,aeb450032c7d5c66d9bb313c64fd807f1610d32e2ed646ec023dea0a1b1334d0,saved_rule_based,0.53
section_00_source_train_normal_000285,train,source,normal,A,20260901T143912Z-e5d061dfc62c0b36daf92847,20260901T143912Z-e5d061dfc62c0b36daf92847-dg-7740f073a739-000072,4,none,none,fast,normal-fast-1,right,normal,clipped/audio_event_clean/normal/20260901T143912Z-e5d061dfc62c0b36daf92847-dg-7740f073a739-000072_ch4.wav,3DPrinter/train/section_00_source_train_normal_000285.wav,07bfb51c4de799ac3627a75e729193d47478a2c13194380db0893d45ec4c6798,960044,37804800,38284800,0bb84adb1499c0cbc90b2a5e374045adfb496a27c91b32d6c9aaf5bb0599b224,0,0,aeb450032c7d5c66d9bb313c64fd807f1610d32e2ed646ec023dea0a1b1334d0,saved_rule_based,0.53
section_00_source_train_normal_000286,train,source,normal,A,20260901T143912Z-e5d061dfc62c0b36daf92847,20260901T143912Z-e5d061dfc62c0b36daf92847-dg-7740f073a739-000074,4,none,none,fast,normal-fast-1,right,normal,clipped/audio_event_clean/normal/20260901T143912Z-e5d061dfc62c0b36daf92847-dg-7740f073a739-000074_ch4.wav,3DPrinter/train/section_00_source_train_normal_000286.wav,8fb95e4ce639d221a493436775ea9f5c2e801b7d8e81d9a602e27cf4839c4bc5,960044,38764800,39244800,0bb84adb1499c0cbc90b2a5e374045adfb496a27c91b32d6c9aaf5bb0599b224,0,0,aeb450032c7d5c66d9bb313c64fd807f1610d32e2ed646ec023dea0a1b1334d0,saved_rule_based,0.53
section_00_source_train_normal_000287,train,source,normal,A,20260901T143912Z-e5d061dfc62c0b36daf92847,20260901T143912Z-e5d061dfc62c0b36daf92847-dg-7740f073a739-000075,4,none,none,fast,normal-fast-1,right,normal,clipped/audio_event_clean/normal/20260901T143912Z-e5d061dfc62c0b36daf92847-dg-7740f073a739-000075_ch4.wav,3DPrinter/train/section_00_source_train_normal_000287.wav,33f50bdbbe3b463585d495ed25c340e9e873d5aa6528e277164902c2d4b67dc5,960044,39244800,39724800,0bb84adb1499c0cbc90b2a5e374045adfb496a27c91b32d6c9aaf5bb0599b224,0,0,aeb450032c7d5c66d9bb313c64fd807f1610d32e2ed646ec023dea0a1b1334d0,saved_rule_based,0.53
section_00_source_train_normal_000288,train,source,normal,A,20260901T143912Z-e5d061dfc62c0b36daf92847,20260901T143912Z-e5d061dfc62c0b36daf92847-dg-7740f073a739-000076,4,none,none,fast,normal-fast-1,right,normal,clipped/audio_event_clean/normal/20260901T143912Z-e5d061dfc62c0b36daf92847-dg-7740f073a739-000076_ch4.wav,3DPrinter/train/section_00_source_train_normal_000288.wav,381bf807b87f6f435b379ee4ece3ca2fd491030eb8f802550271926af528a81c,960044,39724800,40204800,0bb84adb1499c0cbc90b2a5e374045adfb496a27c91b32d6c9aaf5bb0599b224,0,0,aeb450032c7d5c66d9bb313c64fd807f1610d32e2ed646ec023dea0a1b1334d0,saved_rule_based,0.53
section_00_source_train_normal_000289,train,source,normal,A,20260901T143912Z-e5d061dfc62c0b36daf92847,20260901T143912Z-e5d061dfc62c0b36daf92847-dg-7740f073a739-000077,4,none,none,fast,normal-fast-1,right,normal,clipped/audio_event_clean/normal/20260901T143912Z-e5d061dfc62c0b36daf92847-dg-7740f073a739-000077_ch4.wav,3DPrinter/train/section_00_source_train_normal_000289.wav,7a71714bab7fe47fd20252ed925bec14f5079db46a111b54d6c8aa1f0cfe75b4,960044,40204800,40684800,0bb84adb1499c0cbc90b2a5e374045adfb496a27c91b32d6c9aaf5bb0599b224,0,0,aeb450032c7d5c66d9bb313c64fd807f1610d32e2ed646ec023dea0a1b1334d0,saved_rule_based,0.53
section_00_source_train_normal_000290,train,source,normal,A,20260901T143912Z-e5d061dfc62c0b36daf92847,20260901T143912Z-e5d061dfc62c0b36daf92847-dg-7740f073a739-000080,4,none,none,fast,normal-fast-1,right,normal,clipped/audio_event_clean/normal/20260901T143912Z-e5d061dfc62c0b36daf92847-dg-7740f073a739-000080_ch4.wav,3DPrinter/train/section_00_source_train_normal_000290.wav,157b1dee762e2cc923e237ff2ff0f26004e403e3fc6dd4f6ee73e16e51cf8e39,960044,41644800,42124800,0bb84adb1499c0cbc90b2a5e374045adfb496a27c91b32d6c9aaf5bb0599b224,0,0,aeb450032c7d5c66d9bb313c64fd807f1610d32e2ed646ec023dea0a1b1334d0,saved_rule_based,0.53
section_00_source_train_normal_000291,train,source,normal,A,20260901T143912Z-e5d061dfc62c0b36daf92847,20260901T143912Z-e5d061dfc62c0b36daf92847-dg-7740f073a739-000082,4,none,none,fast,normal-fast-1,right,normal,clipped/audio_event_clean/normal/20260901T143912Z-e5d061dfc62c0b36daf92847-dg-7740f073a739-000082_ch4.wav,3DPrinter/train/section_00_source_train_normal_000291.wav,50959d7b66291bcb6b6d3be28d27716cc58462b6d9626f881e29d3b11484f6fe,960044,42604800,43084800,0bb84adb1499c0cbc90b2a5e374045adfb496a27c91b32d6c9aaf5bb0599b224,0,0,aeb450032c7d5c66d9bb313c64fd807f1610d32e2ed646ec023dea0a1b1334d0,saved_rule_based,0.53
section_00_source_train_normal_000292,train,source,normal,A,20260901T143912Z-e5d061dfc62c0b36daf92847,20260901T143912Z-e5d061dfc62c0b36daf92847-dg-7740f073a739-000084,4,none,none,fast,normal-fast-1,right,normal,clipped/audio_event_clean/normal/20260901T143912Z-e5d061dfc62c0b36daf92847-dg-7740f073a739-000084_ch4.wav,3DPrinter/train/section_00_source_train_normal_000292.wav,66cdc41795d237c64d481bcc0205725b9fe31b64f1ee3fa796c4bfa44b466b60,960044,43564800,44044800,0bb84adb1499c0cbc90b2a5e374045adfb496a27c91b32d6c9aaf5bb0599b224,0,0,aeb450032c7d5c66d9bb313c64fd807f1610d32e2ed646ec023dea0a1b1334d0,saved_rule_based,0.53
section_00_source_train_normal_000293,train,source,normal,A,20260901T143912Z-e5d061dfc62c0b36daf92847,20260901T143912Z-e5d061dfc62c0b36daf92847-dg-7740f073a739-000085,4,none,none,fast,normal-fast-1,right,normal,clipped/audio_event_clean/normal/20260901T143912Z-e5d061dfc62c0b36daf92847-dg-7740f073a739-000085_ch4.wav,3DPrinter/train/section_00_source_train_normal_000293.wav,ddcac669cd306058232845166ac7f118afc9033871e2a185cf11241ad12c6bde,960044,44044800,44524800,0bb84adb1499c0cbc90b2a5e374045adfb496a27c91b32d6c9aaf5bb0599b224,0,0,aeb450032c7d5c66d9bb313c64fd807f1610d32e2ed646ec023dea0a1b1334d0,saved_rule_based,0.53
section_00_source_train_normal_000294,train,source,normal,A,20260901T143912Z-e5d061dfc62c0b36daf92847,20260901T143912Z-e5d061dfc62c0b36daf92847-dg-7740f073a739-000086,4,none,none,fast,normal-fast-1,right,normal,clipped/audio_event_clean/normal/20260901T143912Z-e5d061dfc62c0b36daf92847-dg-7740f073a739-000086_ch4.wav,3DPrinter/train/section_00_source_train_normal_000294.wav,2dac05acde48adf3409352e5068b335c591ac4849615c1a03bd6842c6bb82331,960044,44524800,45004800,0bb84adb1499c0cbc90b2a5e374045adfb496a27c91b32d6c9aaf5bb0599b224,0,0,aeb450032c7d5c66d9bb313c64fd807f1610d32e2ed646ec023dea0a1b1334d0,saved_rule_based,0.53
section_00_source_train_normal_000295,train,source,normal,A,20260901T143912Z-e5d061dfc62c0b36daf92847,20260901T143912Z-e5d061dfc62c0b36daf92847-dg-7740f073a739-000087,4,none,none,fast,normal-fast-1,right,normal,clipped/audio_event_clean/normal/20260901T143912Z-e5d061dfc62c0b36daf92847-dg-7740f073a739-000087_ch4.wav,3DPrinter/train/section_00_source_train_normal_000295.wav,86e31a9ab06be4ed33d33b5cb1162a6f9622f8fa1d9d14529ab827199a73ea14,960044,45004800,45484800,0bb84adb1499c0cbc90b2a5e374045adfb496a27c91b32d6c9aaf5bb0599b224,0,0,aeb450032c7d5c66d9bb313c64fd807f1610d32e2ed646ec023dea0a1b1334d0,saved_rule_based,0.53
section_00_source_train_normal_000296,train,source,normal,A,20260901T143912Z-e5d061dfc62c0b36daf92847,20260901T143912Z-e5d061dfc62c0b36daf92847-dg-7740f073a739-000089,4,none,none,fast,normal-fast-1,right,normal,clipped/audio_event_clean/normal/20260901T143912Z-e5d061dfc62c0b36daf92847-dg-7740f073a739-000089_ch4.wav,3DPrinter/train/section_00_source_train_normal_000296.wav,f66c406ff208b1e84532b8716b3c086a14e28067b5b056e7379d25ce7e594c2a,960044,45964800,46444800,0bb84adb1499c0cbc90b2a5e374045adfb496a27c91b32d6c9aaf5bb0599b224,0,0,aeb450032c7d5c66d9bb313c64fd807f1610d32e2ed646ec023dea0a1b1334d0,saved_rule_based,0.53
section_00_source_train_normal_000297,train,source,normal,A,20260901T143912Z-e5d061dfc62c0b36daf92847,20260901T143912Z-e5d061dfc62c0b36daf92847-dg-7740f073a739-000090,4,none,none,fast,normal-fast-1,right,normal,clipped/audio_event_clean/normal/20260901T143912Z-e5d061dfc62c0b36daf92847-dg-7740f073a739-000090_ch4.wav,3DPrinter/train/section_00_source_train_normal_000297.wav,c0ce021f4eaec539588987bd99f567d0711dff3382811490f3bbc42b68e4c6bc,960044,46444800,46924800,0bb84adb1499c0cbc90b2a5e374045adfb496a27c91b32d6c9aaf5bb0599b224,0,0,aeb450032c7d5c66d9bb313c64fd807f1610d32e2ed646ec023dea0a1b1334d0,saved_rule_based,0.53
section_00_source_train_normal_000298,train,source,normal,A,20260901T143912Z-e5d061dfc62c0b36daf92847,20260901T143912Z-e5d061dfc62c0b36daf92847-dg-7740f073a739-000091,4,none,none,fast,normal-fast-1,right,normal,clipped/audio_event_clean/normal/20260901T143912Z-e5d061dfc62c0b36daf92847-dg-7740f073a739-000091_ch4.wav,3DPrinter/train/section_00_source_train_normal_000298.wav,cf5f23328e0dc0fe97deec39642171475c4a5dfa4e22365a17431dd4fa9a56d1,960044,46924800,47404800,0bb84adb1499c0cbc90b2a5e374045adfb496a27c91b32d6c9aaf5bb0599b224,0,0,aeb450032c7d5c66d9bb313c64fd807f1610d32e2ed646ec023dea0a1b1334d0,saved_rule_based,0.53
section_00_source_train_normal_000299,train,source,normal,A,20260901T143912Z-e5d061dfc62c0b36daf92847,20260901T143912Z-e5d061dfc62c0b36daf92847-dg-7740f073a739-000092,4,none,none,fast,normal-fast-1,right,normal,clipped/audio_event_clean/normal/20260901T143912Z-e5d061dfc62c0b36daf92847-dg-7740f073a739-000092_ch4.wav,3DPrinter/train/section_00_source_train_normal_000299.wav,500d030f0e59ad65efa4a678f35bdf1b788e19d4dfbf9abcd1afa8153f7d442c,960044,47404800,47884800,0bb84adb1499c0cbc90b2a5e374045adfb496a27c91b32d6c9aaf5bb0599b224,0,0,aeb450032c7d5c66d9bb313c64fd807f1610d32e2ed646ec023dea0a1b1334d0,saved_rule_based,0.53
section_00_source_train_normal_000300,train,source,normal,A,20260901T143912Z-e5d061dfc62c0b36daf92847,20260901T143912Z-e5d061dfc62c0b36daf92847-dg-7740f073a739-000093,4,none,none,fast,normal-fast-1,right,normal,clipped/audio_event_clean/normal/20260901T143912Z-e5d061dfc62c0b36daf92847-dg-7740f073a739-000093_ch4.wav,3DPrinter/train/section_00_source_train_normal_000300.wav,e5d2426797da6964b3eda7ff29c0291e37a66ebc17747a7d1351d986adb3943f,960044,47884800,48364800,0bb84adb1499c0cbc90b2a5e374045adfb496a27c91b32d6c9aaf5bb0599b224,0,0,aeb450032c7d5c66d9bb313c64fd807f1610d32e2ed646ec023dea0a1b1334d0,saved_rule_based,0.53
section_00_source_train_normal_000301,train,source,normal,A,20260901T143912Z-e5d061dfc62c0b36daf92847,20260901T143912Z-e5d061dfc62c0b36daf92847-dg-7740f073a739-000100,4,none,none,fast,normal-fast-1,right,normal,clipped/audio_event_clean/normal/20260901T143912Z-e5d061dfc62c0b36daf92847-dg-7740f073a739-000100_ch4.wav,3DPrinter/train/section_00_source_train_normal_000301.wav,2a5ae702e01f73605ee0bfb0daa25b4806b1b95466f5f57ee8f3f57a7f107203,960044,51244800,51724800,0bb84adb1499c0cbc90b2a5e374045adfb496a27c91b32d6c9aaf5bb0599b224,0,0,aeb450032c7d5c66d9bb313c64fd807f1610d32e2ed646ec023dea0a1b1334d0,saved_rule_based,0.53
section_00_source_train_normal_000302,train,source,normal,A,20260901T143912Z-e5d061dfc62c0b36daf92847,20260901T143912Z-e5d061dfc62c0b36daf92847-dg-7740f073a739-000101,4,none,none,fast,normal-fast-1,right,normal,clipped/audio_event_clean/normal/20260901T143912Z-e5d061dfc62c0b36daf92847-dg-7740f073a739-000101_ch4.wav,3DPrinter/train/section_00_source_train_normal_000302.wav,d2b9d6efc7b2fd4df008925c98dffbffd8948826232f0e6d7018fc08b536eb3a,960044,51724800,52204800,0bb84adb1499c0cbc90b2a5e374045adfb496a27c91b32d6c9aaf5bb0599b224,0,0,aeb450032c7d5c66d9bb313c64fd807f1610d32e2ed646ec023dea0a1b1334d0,saved_rule_based,0.53
section_00_source_train_normal_000303,train,source,normal,A,20260901T143912Z-e5d061dfc62c0b36daf92847,20260901T143912Z-e5d061dfc62c0b36daf92847-dg-7740f073a739-000102,4,none,none,fast,normal-fast-1,right,normal,clipped/audio_event_clean/normal/20260901T143912Z-e5d061dfc62c0b36daf92847-dg-7740f073a739-000102_ch4.wav,3DPrinter/train/section_00_source_train_normal_000303.wav,9a9433ca0d438bc427d2136d59b06663497e935d5ff89d3a21dfe512e81e6c6a,960044,52204800,52684800,0bb84adb1499c0cbc90b2a5e374045adfb496a27c91b32d6c9aaf5bb0599b224,0,0,aeb450032c7d5c66d9bb313c64fd807f1610d32e2ed646ec023dea0a1b1334d0,saved_rule_based,0.53
section_00_source_train_normal_000304,train,source,normal,A,20260901T143912Z-e5d061dfc62c0b36daf92847,20260901T143912Z-e5d061dfc62c0b36daf92847-dg-7740f073a739-000104,4,none,none,fast,normal-fast-1,right,normal,clipped/audio_event_clean/normal/20260901T143912Z-e5d061dfc62c0b36daf92847-dg-7740f073a739-000104_ch4.wav,3DPrinter/train/section_00_source_train_normal_000304.wav,3cb92c5ba1776f6b29204de69e3c5a996f5c0f835032e6783e1a42c91ec3a689,960044,53164800,53644800,0bb84adb1499c0cbc90b2a5e374045adfb496a27c91b32d6c9aaf5bb0599b224,0,0,aeb450032c7d5c66d9bb313c64fd807f1610d32e2ed646ec023dea0a1b1334d0,saved_rule_based,0.53
section_00_source_train_normal_000305,train,source,normal,A,20260901T143912Z-e5d061dfc62c0b36daf92847,20260901T143912Z-e5d061dfc62c0b36daf92847-dg-7740f073a739-000107,4,none,none,fast,normal-fast-1,right,normal,clipped/audio_event_clean/normal/20260901T143912Z-e5d061dfc62c0b36daf92847-dg-7740f073a739-000107_ch4.wav,3DPrinter/train/section_00_source_train_normal_000305.wav,f9f6f89ebb73acd913335f5909eb708c33ab70ef4fe14589bdf6ef37305b8a3d,960044,54604800,55084800,0bb84adb1499c0cbc90b2a5e374045adfb496a27c91b32d6c9aaf5bb0599b224,0,0,aeb450032c7d5c66d9bb313c64fd807f1610d32e2ed646ec023dea0a1b1334d0,saved_rule_based,0.53
section_00_source_train_normal_000306,train,source,normal,A,20260901T143912Z-e5d061dfc62c0b36daf92847,20260901T143912Z-e5d061dfc62c0b36daf92847-dg-7740f073a739-000110,4,none,none,fast,normal-fast-1,right,normal,clipped/audio_event_clean/normal/20260901T143912Z-e5d061dfc62c0b36daf92847-dg-7740f073a739-000110_ch4.wav,3DPrinter/train/section_00_source_train_normal_000306.wav,19b6e363e702d899df294099a8094751b8a253c4b65e8dd13c273c9d710215f2,960044,56044800,56524800,0bb84adb1499c0cbc90b2a5e374045adfb496a27c91b32d6c9aaf5bb0599b224,0,0,aeb450032c7d5c66d9bb313c64fd807f1610d32e2ed646ec023dea0a1b1334d0,saved_rule_based,0.53
section_00_source_train_normal_000307,train,source,normal,A,20260901T143912Z-e5d061dfc62c0b36daf92847,20260901T143912Z-e5d061dfc62c0b36daf92847-dg-7740f073a739-000111,4,none,none,fast,normal-fast-1,right,normal,clipped/audio_event_clean/normal/20260901T143912Z-e5d061dfc62c0b36daf92847-dg-7740f073a739-000111_ch4.wav,3DPrinter/train/section_00_source_train_normal_000307.wav,7c11868877b1544aea4096223f17c0c571a51aa7040e071a5c0f9e241d037025,960044,56524800,57004800,0bb84adb1499c0cbc90b2a5e374045adfb496a27c91b32d6c9aaf5bb0599b224,0,0,aeb450032c7d5c66d9bb313c64fd807f1610d32e2ed646ec023dea0a1b1334d0,saved_rule_based,0.53
section_00_source_train_normal_000308,train,source,normal,A,20260901T143912Z-e5d061dfc62c0b36daf92847,20260901T143912Z-e5d061dfc62c0b36daf92847-dg-7740f073a739-000117,4,none,none,fast,normal-fast-1,right,normal,clipped/audio_event_clean/normal/20260901T143912Z-e5d061dfc62c0b36daf92847-dg-7740f073a739-000117_ch4.wav,3DPrinter/train/section_00_source_train_normal_000308.wav,647f30c78d202aba3b380751646b75cb08ec9a0453eb33bbc0ce2eafed473d5a,960044,59404800,59884800,0bb84adb1499c0cbc90b2a5e374045adfb496a27c91b32d6c9aaf5bb0599b224,0,0,aeb450032c7d5c66d9bb313c64fd807f1610d32e2ed646ec023dea0a1b1334d0,saved_rule_based,0.53
section_00_source_train_normal_000309,train,source,normal,A,20260901T143912Z-e5d061dfc62c0b36daf92847,20260901T143912Z-e5d061dfc62c0b36daf92847-dg-7740f073a739-000118,4,none,none,fast,normal-fast-1,right,normal,clipped/audio_event_clean/normal/20260901T143912Z-e5d061dfc62c0b36daf92847-dg-7740f073a739-000118_ch4.wav,3DPrinter/train/section_00_source_train_normal_000309.wav,66d1339ecb7e2dba78fd798f808407b95c464ae0043693dcde456f8b758090ce,960044,59884800,60364800,0bb84adb1499c0cbc90b2a5e374045adfb496a27c91b32d6c9aaf5bb0599b224,0,0,aeb450032c7d5c66d9bb313c64fd807f1610d32e2ed646ec023dea0a1b1334d0,saved_rule_based,0.53
section_00_source_train_normal_000310,train,source,normal,A,20260901T143912Z-e5d061dfc62c0b36daf92847,20260901T143912Z-e5d061dfc62c0b36daf92847-dg-7740f073a739-000119,4,none,none,fast,normal-fast-1,right,normal,clipped/audio_event_clean/normal/20260901T143912Z-e5d061dfc62c0b36daf92847-dg-7740f073a739-000119_ch4.wav,3DPrinter/train/section_00_source_train_normal_000310.wav,a944cdfb197710fdd78893d6ebc188a6b6712c230849d6934f1911b296c12c38,960044,60364800,60844800,0bb84adb1499c0cbc90b2a5e374045adfb496a27c91b32d6c9aaf5bb0599b224,0,0,aeb450032c7d5c66d9bb313c64fd807f1610d32e2ed646ec023dea0a1b1334d0,saved_rule_based,0.53
section_00_source_train_normal_000311,train,source,normal,A,20260901T143912Z-e5d061dfc62c0b36daf92847,20260901T143912Z-e5d061dfc62c0b36daf92847-dg-7740f073a739-000122,4,none,none,fast,normal-fast-1,right,normal,clipped/audio_event_clean/normal/20260901T143912Z-e5d061dfc62c0b36daf92847-dg-7740f073a739-000122_ch4.wav,3DPrinter/train/section_00_source_train_normal_000311.wav,5f3966cc27206b014437198578985af412fd3e44f1ddcd2f43a388b1f834976b,960044,61804800,62284800,0bb84adb1499c0cbc90b2a5e374045adfb496a27c91b32d6c9aaf5bb0599b224,0,0,aeb450032c7d5c66d9bb313c64fd807f1610d32e2ed646ec023dea0a1b1334d0,saved_rule_based,0.53
section_00_source_train_normal_000312,train,source,normal,A,20260901T143912Z-e5d061dfc62c0b36daf92847,20260901T143912Z-e5d061dfc62c0b36daf92847-dg-7740f073a739-000124,4,none,none,fast,normal-fast-1,right,normal,clipped/audio_event_clean/normal/20260901T143912Z-e5d061dfc62c0b36daf92847-dg-7740f073a739-000124_ch4.wav,3DPrinter/train/section_00_source_train_normal_000312.wav,1e3e1da42fbda20ff7de5f1a5f507626de5911e67bb8e98ebab7d46b3aad9c6e,960044,62764800,63244800,0bb84adb1499c0cbc90b2a5e374045adfb496a27c91b32d6c9aaf5bb0599b224,0,0,aeb450032c7d5c66d9bb313c64fd807f1610d32e2ed646ec023dea0a1b1334d0,saved_rule_based,0.53
section_00_source_train_normal_000313,train,source,normal,A,20260901T143912Z-e5d061dfc62c0b36daf92847,20260901T143912Z-e5d061dfc62c0b36daf92847-dg-7740f073a739-000125,4,none,none,fast,normal-fast-1,right,normal,clipped/audio_event_clean/normal/20260901T143912Z-e5d061dfc62c0b36daf92847-dg-7740f073a739-000125_ch4.wav,3DPrinter/train/section_00_source_train_normal_000313.wav,e398c5041b3c1d787dbd996efd48f4e895a2ff8e6ad87e57b0165b1a896a490d,960044,63244800,63724800,0bb84adb1499c0cbc90b2a5e374045adfb496a27c91b32d6c9aaf5bb0599b224,0,0,aeb450032c7d5c66d9bb313c64fd807f1610d32e2ed646ec023dea0a1b1334d0,saved_rule_based,0.53
section_00_source_train_normal_000314,train,source,normal,A,20260901T143912Z-e5d061dfc62c0b36daf92847,20260901T143912Z-e5d061dfc62c0b36daf92847-dg-7740f073a739-000126,4,none,none,fast,normal-fast-1,right,normal,clipped/audio_event_clean/normal/20260901T143912Z-e5d061dfc62c0b36daf92847-dg-7740f073a739-000126_ch4.wav,3DPrinter/train/section_00_source_train_normal_000314.wav,244b2b691a8345c869c5e96cd46b1b68a4c63298d9eb7faca609dcf5dbd13756,960044,63724800,64204800,0bb84adb1499c0cbc90b2a5e374045adfb496a27c91b32d6c9aaf5bb0599b224,0,0,aeb450032c7d5c66d9bb313c64fd807f1610d32e2ed646ec023dea0a1b1334d0,saved_rule_based,0.53
section_00_source_train_normal_000315,train,source,normal,A,20260901T143912Z-e5d061dfc62c0b36daf92847,20260901T143912Z-e5d061dfc62c0b36daf92847-dg-7740f073a739-000128,4,none,none,fast,normal-fast-1,right,normal,clipped/audio_event_clean/normal/20260901T143912Z-e5d061dfc62c0b36daf92847-dg-7740f073a739-000128_ch4.wav,3DPrinter/train/section_00_source_train_normal_000315.wav,3be60743ae5d0313804f8b139a02ac9e21f493286fa0b0d0265ad8c4955e8b78,960044,64684800,65164800,0bb84adb1499c0cbc90b2a5e374045adfb496a27c91b32d6c9aaf5bb0599b224,0,0,aeb450032c7d5c66d9bb313c64fd807f1610d32e2ed646ec023dea0a1b1334d0,saved_rule_based,0.53
section_00_source_train_normal_000316,train,source,normal,A,20260901T143912Z-e5d061dfc62c0b36daf92847,20260901T143912Z-e5d061dfc62c0b36daf92847-dg-7740f073a739-000129,4,none,none,fast,normal-fast-1,right,normal,clipped/audio_event_clean/normal/20260901T143912Z-e5d061dfc62c0b36daf92847-dg-7740f073a739-000129_ch4.wav,3DPrinter/train/section_00_source_train_normal_000316.wav,a605e474eb5058c87b925e050736dc64ceeb849c2cda82e3e18fba69ffa145b0,960044,65164800,65644800,0bb84adb1499c0cbc90b2a5e374045adfb496a27c91b32d6c9aaf5bb0599b224,0,0,aeb450032c7d5c66d9bb313c64fd807f1610d32e2ed646ec023dea0a1b1334d0,saved_rule_based,0.53
section_00_source_train_normal_000317,train,source,normal,A,20260901T143912Z-e5d061dfc62c0b36daf92847,20260901T143912Z-e5d061dfc62c0b36daf92847-dg-7740f073a739-000132,4,none,none,fast,normal-fast-1,right,normal,clipped/audio_event_clean/normal/20260901T143912Z-e5d061dfc62c0b36daf92847-dg-7740f073a739-000132_ch4.wav,3DPrinter/train/section_00_source_train_normal_000317.wav,1cbd67dc6ca7186ab899ae66d842c16272fc0d93620545f0e80eddd5e39545b9,960044,66604800,67084800,0bb84adb1499c0cbc90b2a5e374045adfb496a27c91b32d6c9aaf5bb0599b224,0,0,aeb450032c7d5c66d9bb313c64fd807f1610d32e2ed646ec023dea0a1b1334d0,saved_rule_based,0.53
section_00_source_train_normal_000318,train,source,normal,A,20260901T143912Z-e5d061dfc62c0b36daf92847,20260901T143912Z-e5d061dfc62c0b36daf92847-dg-7740f073a739-000133,4,none,none,fast,normal-fast-1,right,normal,clipped/audio_event_clean/normal/20260901T143912Z-e5d061dfc62c0b36daf92847-dg-7740f073a739-000133_ch4.wav,3DPrinter/train/section_00_source_train_normal_000318.wav,af68923f13f4efa957bf683a9b3eabc61be42d2e5f0dd54aca4f987996f7614d,960044,67084800,67564800,0bb84adb1499c0cbc90b2a5e374045adfb496a27c91b32d6c9aaf5bb0599b224,0,0,aeb450032c7d5c66d9bb313c64fd807f1610d32e2ed646ec023dea0a1b1334d0,saved_rule_based,0.53
section_00_source_train_normal_000319,train,source,normal,A,20260901T143912Z-e5d061dfc62c0b36daf92847,20260901T143912Z-e5d061dfc62c0b36daf92847-dg-7740f073a739-000135,4,none,none,fast,normal-fast-1,right,normal,clipped/audio_event_clean/normal/20260901T143912Z-e5d061dfc62c0b36daf92847-dg-7740f073a739-000135_ch4.wav,3DPrinter/train/section_00_source_train_normal_000319.wav,e88271a9a5844fc4d9d675ec8cd10bde2f0c738abf802664d36c4e012f372502,960044,68044800,68524800,0bb84adb1499c0cbc90b2a5e374045adfb496a27c91b32d6c9aaf5bb0599b224,0,0,aeb450032c7d5c66d9bb313c64fd807f1610d32e2ed646ec023dea0a1b1334d0,saved_rule_based,0.53
section_00_source_train_normal_000320,train,source,normal,A,20260901T143912Z-e5d061dfc62c0b36daf92847,20260901T143912Z-e5d061dfc62c0b36daf92847-dg-7740f073a739-000136,4,none,none,fast,normal-fast-1,right,normal,clipped/audio_event_clean/normal/20260901T143912Z-e5d061dfc62c0b36daf92847-dg-7740f073a739-000136_ch4.wav,3DPrinter/train/section_00_source_train_normal_000320.wav,fd015b42e7dd158d319cdf57c339b17337e5b85c150afa4e9fe54bf8b0c64313,960044,68524800,69004800,0bb84adb1499c0cbc90b2a5e374045adfb496a27c91b32d6c9aaf5bb0599b224,0,0,aeb450032c7d5c66d9bb313c64fd807f1610d32e2ed646ec023dea0a1b1334d0,saved_rule_based,0.53
section_00_source_train_normal_000321,train,source,normal,A,20260901T143912Z-e5d061dfc62c0b36daf92847,20260901T143912Z-e5d061dfc62c0b36daf92847-dg-7740f073a739-000138,4,none,none,fast,normal-fast-1,right,normal,clipped/audio_event_clean/normal/20260901T143912Z-e5d061dfc62c0b36daf92847-dg-7740f073a739-000138_ch4.wav,3DPrinter/train/section_00_source_train_normal_000321.wav,5f065902d798243be09eba7c8a458d348803ce80d1c3beee39ba5436c24189b2,960044,69484800,69964800,0bb84adb1499c0cbc90b2a5e374045adfb496a27c91b32d6c9aaf5bb0599b224,0,0,aeb450032c7d5c66d9bb313c64fd807f1610d32e2ed646ec023dea0a1b1334d0,saved_rule_based,0.53
section_00_source_train_normal_000322,train,source,normal,A,20260901T143912Z-e5d061dfc62c0b36daf92847,20260901T143912Z-e5d061dfc62c0b36daf92847-dg-7740f073a739-000139,4,none,none,fast,normal-fast-1,right,normal,clipped/audio_event_clean/normal/20260901T143912Z-e5d061dfc62c0b36daf92847-dg-7740f073a739-000139_ch4.wav,3DPrinter/train/section_00_source_train_normal_000322.wav,b7570eb3ac8ca9d5883456065098a3fad77654d3dc65dbb3b826ffc18b448ee5,960044,69964800,70444800,0bb84adb1499c0cbc90b2a5e374045adfb496a27c91b32d6c9aaf5bb0599b224,0,0,aeb450032c7d5c66d9bb313c64fd807f1610d32e2ed646ec023dea0a1b1334d0,saved_rule_based,0.53
section_00_source_train_normal_000323,train,source,normal,A,20260901T143912Z-e5d061dfc62c0b36daf92847,20260901T143912Z-e5d061dfc62c0b36daf92847-dg-7740f073a739-000141,4,none,none,fast,normal-fast-1,right,normal,clipped/audio_event_clean/normal/20260901T143912Z-e5d061dfc62c0b36daf92847-dg-7740f073a739-000141_ch4.wav,3DPrinter/train/section_00_source_train_normal_000323.wav,3df2f8c048fab567ca476577efb94dd4ba84e18ab3da9140d9b7c7df6179f170,960044,70924800,71404800,0bb84adb1499c0cbc90b2a5e374045adfb496a27c91b32d6c9aaf5bb0599b224,0,0,aeb450032c7d5c66d9bb313c64fd807f1610d32e2ed646ec023dea0a1b1334d0,saved_rule_based,0.53
section_00_source_train_normal_000324,train,source,normal,A,20260901T143912Z-e5d061dfc62c0b36daf92847,20260901T143912Z-e5d061dfc62c0b36daf92847-dg-7740f073a739-000142,4,none,none,fast,normal-fast-1,right,normal,clipped/audio_event_clean/normal/20260901T143912Z-e5d061dfc62c0b36daf92847-dg-7740f073a739-000142_ch4.wav,3DPrinter/train/section_00_source_train_normal_000324.wav,87323f1abdc5f4de72e7630e0b963ea104af5abef9e7e37d8da24334aa31d436,960044,71404800,71884800,0bb84adb1499c0cbc90b2a5e374045adfb496a27c91b32d6c9aaf5bb0599b224,0,0,aeb450032c7d5c66d9bb313c64fd807f1610d32e2ed646ec023dea0a1b1334d0,saved_rule_based,0.53
section_00_source_train_normal_000325,train,source,normal,A,20260901T143912Z-e5d061dfc62c0b36daf92847,20260901T143912Z-e5d061dfc62c0b36daf92847-dg-7740f073a739-000144,4,none,none,fast,normal-fast-1,right,normal,clipped/audio_event_clean/normal/20260901T143912Z-e5d061dfc62c0b36daf92847-dg-7740f073a739-000144_ch4.wav,3DPrinter/train/section_00_source_train_normal_000325.wav,4d927b3384677ce6f2ad5ae606b4886fdb1489cd3ce2d4570fd0ef813f9e0c9b,960044,72364800,72844800,0bb84adb1499c0cbc90b2a5e374045adfb496a27c91b32d6c9aaf5bb0599b224,0,0,aeb450032c7d5c66d9bb313c64fd807f1610d32e2ed646ec023dea0a1b1334d0,saved_rule_based,0.53
section_00_source_train_normal_000326,train,source,normal,A,20260901T143912Z-e5d061dfc62c0b36daf92847,20260901T143912Z-e5d061dfc62c0b36daf92847-dg-7740f073a739-000145,4,none,none,fast,normal-fast-1,right,normal,clipped/audio_event_clean/normal/20260901T143912Z-e5d061dfc62c0b36daf92847-dg-7740f073a739-000145_ch4.wav,3DPrinter/train/section_00_source_train_normal_000326.wav,2bf56d8b54b44c059188e1195dcbf75f7392030ff3ee010dd13ed3dc28643b6a,960044,72844800,73324800,0bb84adb1499c0cbc90b2a5e374045adfb496a27c91b32d6c9aaf5bb0599b224,0,0,aeb450032c7d5c66d9bb313c64fd807f1610d32e2ed646ec023dea0a1b1334d0,saved_rule_based,0.53
section_00_source_train_normal_000327,train,source,normal,A,20260901T143912Z-e5d061dfc62c0b36daf92847,20260901T143912Z-e5d061dfc62c0b36daf92847-dg-7740f073a739-000147,4,none,none,fast,normal-fast-1,right,normal,clipped/audio_event_clean/normal/20260901T143912Z-e5d061dfc62c0b36daf92847-dg-7740f073a739-000147_ch4.wav,3DPrinter/train/section_00_source_train_normal_000327.wav,0e2c52ff95b324a79db1b25c36a3ae859d5de619a375d0bdee729473a042f8e5,960044,73804800,74284800,0bb84adb1499c0cbc90b2a5e374045adfb496a27c91b32d6c9aaf5bb0599b224,0,0,aeb450032c7d5c66d9bb313c64fd807f1610d32e2ed646ec023dea0a1b1334d0,saved_rule_based,0.53
section_00_source_train_normal_000328,train,source,normal,A,20260901T143912Z-e5d061dfc62c0b36daf92847,20260901T143912Z-e5d061dfc62c0b36daf92847-dg-7740f073a739-000148,4,none,none,fast,normal-fast-1,right,normal,clipped/audio_event_clean/normal/20260901T143912Z-e5d061dfc62c0b36daf92847-dg-7740f073a739-000148_ch4.wav,3DPrinter/train/section_00_source_train_normal_000328.wav,54de2083a0da71e825861482b5b0268875c3eb00f9c4d6ff50243196a0accb41,960044,74284800,74764800,0bb84adb1499c0cbc90b2a5e374045adfb496a27c91b32d6c9aaf5bb0599b224,0,0,aeb450032c7d5c66d9bb313c64fd807f1610d32e2ed646ec023dea0a1b1334d0,saved_rule_based,0.53
section_00_source_train_normal_000329,train,source,normal,A,20260901T143912Z-e5d061dfc62c0b36daf92847,20260901T143912Z-e5d061dfc62c0b36daf92847-dg-7740f073a739-000150,4,none,none,fast,normal-fast-1,right,normal,clipped/audio_event_clean/normal/20260901T143912Z-e5d061dfc62c0b36daf92847-dg-7740f073a739-000150_ch4.wav,3DPrinter/train/section_00_source_train_normal_000329.wav,5cfcdca786d42d09d940202d3d7dcb2ec8dbb03227c133e2edb703256fc5ea46,960044,75244800,75724800,0bb84adb1499c0cbc90b2a5e374045adfb496a27c91b32d6c9aaf5bb0599b224,0,0,aeb450032c7d5c66d9bb313c64fd807f1610d32e2ed646ec023dea0a1b1334d0,saved_rule_based,0.53
section_00_source_train_normal_000330,train,source,normal,A,20260901T143912Z-e5d061dfc62c0b36daf92847,20260901T143912Z-e5d061dfc62c0b36daf92847-dg-7740f073a739-000151,4,none,none,fast,normal-fast-1,right,normal,clipped/audio_event_clean/normal/20260901T143912Z-e5d061dfc62c0b36daf92847-dg-7740f073a739-000151_ch4.wav,3DPrinter/train/section_00_source_train_normal_000330.wav,34c95a47833ee9ef1ba2467606d2a23426e4be589842e759c74b5f6e30f68a27,960044,75724800,76204800,0bb84adb1499c0cbc90b2a5e374045adfb496a27c91b32d6c9aaf5bb0599b224,0,0,aeb450032c7d5c66d9bb313c64fd807f1610d32e2ed646ec023dea0a1b1334d0,saved_rule_based,0.53
section_00_source_train_normal_000331,train,source,normal,A,20260901T143912Z-e5d061dfc62c0b36daf92847,20260901T143912Z-e5d061dfc62c0b36daf92847-dg-7740f073a739-000153,4,none,none,fast,normal-fast-1,right,normal,clipped/audio_event_clean/normal/20260901T143912Z-e5d061dfc62c0b36daf92847-dg-7740f073a739-000153_ch4.wav,3DPrinter/train/section_00_source_train_normal_000331.wav,a1f264691f4580bf867b2beeb9895825233afd1a444b14be7d1bbaecdfe54120,960044,76684800,77164800,0bb84adb1499c0cbc90b2a5e374045adfb496a27c91b32d6c9aaf5bb0599b224,0,0,aeb450032c7d5c66d9bb313c64fd807f1610d32e2ed646ec023dea0a1b1334d0,saved_rule_based,0.53
section_00_source_train_normal_000332,train,source,normal,A,20260901T143912Z-e5d061dfc62c0b36daf92847,20260901T143912Z-e5d061dfc62c0b36daf92847-dg-7740f073a739-000157,4,none,none,fast,normal-fast-1,right,normal,clipped/audio_event_clean/normal/20260901T143912Z-e5d061dfc62c0b36daf92847-dg-7740f073a739-000157_ch4.wav,3DPrinter/train/section_00_source_train_normal_000332.wav,2802d686bfbd836a8cf251a11f4cc7898e41073111dbf9a79ed486a309062490,960044,78604800,79084800,0bb84adb1499c0cbc90b2a5e374045adfb496a27c91b32d6c9aaf5bb0599b224,0,0,aeb450032c7d5c66d9bb313c64fd807f1610d32e2ed646ec023dea0a1b1334d0,saved_rule_based,0.53
section_00_source_train_normal_000333,train,source,normal,A,20260901T143912Z-e5d061dfc62c0b36daf92847,20260901T143912Z-e5d061dfc62c0b36daf92847-dg-7740f073a739-000158,4,none,none,fast,normal-fast-1,right,normal,clipped/audio_event_clean/normal/20260901T143912Z-e5d061dfc62c0b36daf92847-dg-7740f073a739-000158_ch4.wav,3DPrinter/train/section_00_source_train_normal_000333.wav,603460a500aab74553e56e88f4e5f3d39380e7c32afc664088bb654e51acc4d3,960044,79084800,79564800,0bb84adb1499c0cbc90b2a5e374045adfb496a27c91b32d6c9aaf5bb0599b224,0,0,aeb450032c7d5c66d9bb313c64fd807f1610d32e2ed646ec023dea0a1b1334d0,saved_rule_based,0.53
section_00_source_train_normal_000334,train,source,normal,A,20260901T143912Z-e5d061dfc62c0b36daf92847,20260901T143912Z-e5d061dfc62c0b36daf92847-dg-7740f073a739-000163,4,none,none,fast,normal-fast-1,right,normal,clipped/audio_event_clean/normal/20260901T143912Z-e5d061dfc62c0b36daf92847-dg-7740f073a739-000163_ch4.wav,3DPrinter/train/section_00_source_train_normal_000334.wav,4184bf924d7ac20237fbadcd5fadcf5194192c70053dac4830714ec36bb2222a,960044,81484800,81964800,0bb84adb1499c0cbc90b2a5e374045adfb496a27c91b32d6c9aaf5bb0599b224,0,0,aeb450032c7d5c66d9bb313c64fd807f1610d32e2ed646ec023dea0a1b1334d0,saved_rule_based,0.53
section_00_source_train_normal_000335,train,source,normal,A,20260901T143912Z-e5d061dfc62c0b36daf92847,20260901T143912Z-e5d061dfc62c0b36daf92847-dg-7740f073a739-000166,4,none,none,fast,normal-fast-1,right,normal,clipped/audio_event_clean/normal/20260901T143912Z-e5d061dfc62c0b36daf92847-dg-7740f073a739-000166_ch4.wav,3DPrinter/train/section_00_source_train_normal_000335.wav,834bf3d7b796221e56fabeae20352f3cebe01b6c4311d0ca59131b1a4a947cd8,960044,82924800,83404800,0bb84adb1499c0cbc90b2a5e374045adfb496a27c91b32d6c9aaf5bb0599b224,0,0,aeb450032c7d5c66d9bb313c64fd807f1610d32e2ed646ec023dea0a1b1334d0,saved_rule_based,0.53
section_00_source_train_normal_000336,train,source,normal,A,20260901T143912Z-e5d061dfc62c0b36daf92847,20260901T143912Z-e5d061dfc62c0b36daf92847-dg-7740f073a739-000167,4,none,none,fast,normal-fast-1,right,normal,clipped/audio_event_clean/normal/20260901T143912Z-e5d061dfc62c0b36daf92847-dg-7740f073a739-000167_ch4.wav,3DPrinter/train/section_00_source_train_normal_000336.wav,11beacbbc3ede9d89a522cf081aa083b9e12030510400e0bf235566926b6cbe2,960044,83404800,83884800,0bb84adb1499c0cbc90b2a5e374045adfb496a27c91b32d6c9aaf5bb0599b224,0,0,aeb450032c7d5c66d9bb313c64fd807f1610d32e2ed646ec023dea0a1b1334d0,saved_rule_based,0.53
section_00_source_train_normal_000337,train,source,normal,A,20260901T143912Z-e5d061dfc62c0b36daf92847,20260901T143912Z-e5d061dfc62c0b36daf92847-dg-7740f073a739-000169,4,none,none,fast,normal-fast-1,right,normal,clipped/audio_event_clean/normal/20260901T143912Z-e5d061dfc62c0b36daf92847-dg-7740f073a739-000169_ch4.wav,3DPrinter/train/section_00_source_train_normal_000337.wav,00bb8df706e9ba46f4a5aa1f3fc993b8715201a8ec718671277bec2a2009fea4,960044,84364800,84844800,0bb84adb1499c0cbc90b2a5e374045adfb496a27c91b32d6c9aaf5bb0599b224,0,0,aeb450032c7d5c66d9bb313c64fd807f1610d32e2ed646ec023dea0a1b1334d0,saved_rule_based,0.53
section_00_source_train_normal_000338,train,source,normal,A,20260901T143912Z-e5d061dfc62c0b36daf92847,20260901T143912Z-e5d061dfc62c0b36daf92847-dg-7740f073a739-000170,4,none,none,fast,normal-fast-1,right,normal,clipped/audio_event_clean/normal/20260901T143912Z-e5d061dfc62c0b36daf92847-dg-7740f073a739-000170_ch4.wav,3DPrinter/train/section_00_source_train_normal_000338.wav,007dfbee5acf7a8c66142a183ae0554c4c17bade74f1d49f5ee0f3486b01448f,960044,84844800,85324800,0bb84adb1499c0cbc90b2a5e374045adfb496a27c91b32d6c9aaf5bb0599b224,0,0,aeb450032c7d5c66d9bb313c64fd807f1610d32e2ed646ec023dea0a1b1334d0,saved_rule_based,0.53
section_00_source_train_normal_000339,train,source,normal,A,20260901T143912Z-e5d061dfc62c0b36daf92847,20260901T143912Z-e5d061dfc62c0b36daf92847-dg-7740f073a739-000171,4,none,none,fast,normal-fast-1,right,normal,clipped/audio_event_clean/normal/20260901T143912Z-e5d061dfc62c0b36daf92847-dg-7740f073a739-000171_ch4.wav,3DPrinter/train/section_00_source_train_normal_000339.wav,f5646ab8fe550558d8ae4ba5d6420f5fd71526f0cd3082d50f7ca94e240b63f4,960044,85324800,85804800,0bb84adb1499c0cbc90b2a5e374045adfb496a27c91b32d6c9aaf5bb0599b224,0,0,aeb450032c7d5c66d9bb313c64fd807f1610d32e2ed646ec023dea0a1b1334d0,saved_rule_based,0.53
section_00_source_train_normal_000340,train,source,normal,A,20260901T143912Z-e5d061dfc62c0b36daf92847,20260901T143912Z-e5d061dfc62c0b36daf92847-dg-7740f073a739-000172,4,none,none,fast,normal-fast-1,right,normal,clipped/audio_event_clean/normal/20260901T143912Z-e5d061dfc62c0b36daf92847-dg-7740f073a739-000172_ch4.wav,3DPrinter/train/section_00_source_train_normal_000340.wav,0fc45dd7e56a68d3a5492fcdb63c0ccfcd2df11a9ddf10dc53bed55f87e9e88a,960044,85804800,86284800,0bb84adb1499c0cbc90b2a5e374045adfb496a27c91b32d6c9aaf5bb0599b224,0,0,aeb450032c7d5c66d9bb313c64fd807f1610d32e2ed646ec023dea0a1b1334d0,saved_rule_based,0.53
section_00_source_train_normal_000341,train,source,normal,A,20260901T143912Z-e5d061dfc62c0b36daf92847,20260901T143912Z-e5d061dfc62c0b36daf92847-dg-7740f073a739-000173,4,none,none,fast,normal-fast-1,right,normal,clipped/audio_event_clean/normal/20260901T143912Z-e5d061dfc62c0b36daf92847-dg-7740f073a739-000173_ch4.wav,3DPrinter/train/section_00_source_train_normal_000341.wav,f3413bf7c2b65f04d33ce2d9ae6d9ccb4464ac82a2b04af8e012f121748b26c8,960044,86284800,86764800,0bb84adb1499c0cbc90b2a5e374045adfb496a27c91b32d6c9aaf5bb0599b224,0,0,aeb450032c7d5c66d9bb313c64fd807f1610d32e2ed646ec023dea0a1b1334d0,saved_rule_based,0.53
section_00_source_train_normal_000342,train,source,normal,A,20260901T143912Z-e5d061dfc62c0b36daf92847,20260901T143912Z-e5d061dfc62c0b36daf92847-dg-7740f073a739-000174,4,none,none,fast,normal-fast-1,right,normal,clipped/audio_event_clean/normal/20260901T143912Z-e5d061dfc62c0b36daf92847-dg-7740f073a739-000174_ch4.wav,3DPrinter/train/section_00_source_train_normal_000342.wav,01cefc14081d2d1ad1a61ccf3b1aee0b3414a7db14f701e6c9f81cacada119b0,960044,86764800,87244800,0bb84adb1499c0cbc90b2a5e374045adfb496a27c91b32d6c9aaf5bb0599b224,0,0,aeb450032c7d5c66d9bb313c64fd807f1610d32e2ed646ec023dea0a1b1334d0,saved_rule_based,0.53
section_00_source_train_normal_000343,train,source,normal,A,20260901T143912Z-e5d061dfc62c0b36daf92847,20260901T143912Z-e5d061dfc62c0b36daf92847-dg-7740f073a739-000175,4,none,none,fast,normal-fast-1,right,normal,clipped/audio_event_clean/normal/20260901T143912Z-e5d061dfc62c0b36daf92847-dg-7740f073a739-000175_ch4.wav,3DPrinter/train/section_00_source_train_normal_000343.wav,4db2f1f5b26a6b29199824b628904f7432d50018c0d56d68d88254515b4b9ae8,960044,87244800,87724800,0bb84adb1499c0cbc90b2a5e374045adfb496a27c91b32d6c9aaf5bb0599b224,0,0,aeb450032c7d5c66d9bb313c64fd807f1610d32e2ed646ec023dea0a1b1334d0,saved_rule_based,0.53
section_00_source_train_normal_000344,train,source,normal,A,20260901T143912Z-e5d061dfc62c0b36daf92847,20260901T143912Z-e5d061dfc62c0b36daf92847-dg-7740f073a739-000176,4,none,none,fast,normal-fast-1,right,normal,clipped/audio_event_clean/normal/20260901T143912Z-e5d061dfc62c0b36daf92847-dg-7740f073a739-000176_ch4.wav,3DPrinter/train/section_00_source_train_normal_000344.wav,e4b148348f8db3e21a6cba4eaa2ba0a26bcc95a4471c85f3206671fedef815f8,960044,87724800,88204800,0bb84adb1499c0cbc90b2a5e374045adfb496a27c91b32d6c9aaf5bb0599b224,0,0,aeb450032c7d5c66d9bb313c64fd807f1610d32e2ed646ec023dea0a1b1334d0,saved_rule_based,0.53
section_00_source_train_normal_000345,train,source,normal,A,20260901T143912Z-e5d061dfc62c0b36daf92847,20260901T143912Z-e5d061dfc62c0b36daf92847-dg-7740f073a739-000178,4,none,none,fast,normal-fast-1,right,normal,clipped/audio_event_clean/normal/20260901T143912Z-e5d061dfc62c0b36daf92847-dg-7740f073a739-000178_ch4.wav,3DPrinter/train/section_00_source_train_normal_000345.wav,1709d6ab76134082d5d3be826fd8058a24e5d09292b1a3c252c21af3de54358c,960044,88684800,89164800,0bb84adb1499c0cbc90b2a5e374045adfb496a27c91b32d6c9aaf5bb0599b224,0,0,aeb450032c7d5c66d9bb313c64fd807f1610d32e2ed646ec023dea0a1b1334d0,saved_rule_based,0.53
section_00_source_train_normal_000346,train,source,normal,A,20260901T143912Z-e5d061dfc62c0b36daf92847,20260901T143912Z-e5d061dfc62c0b36daf92847-dg-7740f073a739-000179,4,none,none,fast,normal-fast-1,right,normal,clipped/audio_event_clean/normal/20260901T143912Z-e5d061dfc62c0b36daf92847-dg-7740f073a739-000179_ch4.wav,3DPrinter/train/section_00_source_train_normal_000346.wav,2b6aa6b8a7da2a345bfd5f65b634d9fad69c1fafc97981d14572f9fc64bec9d7,960044,89164800,89644800,0bb84adb1499c0cbc90b2a5e374045adfb496a27c91b32d6c9aaf5bb0599b224,0,0,aeb450032c7d5c66d9bb313c64fd807f1610d32e2ed646ec023dea0a1b1334d0,saved_rule_based,0.53
section_00_source_train_normal_000347,train,source,normal,A,20260901T143912Z-e5d061dfc62c0b36daf92847,20260901T143912Z-e5d061dfc62c0b36daf92847-dg-7740f073a739-000182,4,none,none,fast,normal-fast-1,right,normal,clipped/audio_event_clean/normal/20260901T143912Z-e5d061dfc62c0b36daf92847-dg-7740f073a739-000182_ch4.wav,3DPrinter/train/section_00_source_train_normal_000347.wav,e4aed91ba1bfc6dc2786b4af01bd9926597a34744bd052982f87214d9d016664,960044,90604800,91084800,0bb84adb1499c0cbc90b2a5e374045adfb496a27c91b32d6c9aaf5bb0599b224,0,0,aeb450032c7d5c66d9bb313c64fd807f1610d32e2ed646ec023dea0a1b1334d0,saved_rule_based,0.53
section_00_source_train_normal_000348,train,source,normal,A,20260901T143912Z-e5d061dfc62c0b36daf92847,20260901T143912Z-e5d061dfc62c0b36daf92847-dg-7740f073a739-000183,4,none,none,fast,normal-fast-1,right,normal,clipped/audio_event_clean/normal/20260901T143912Z-e5d061dfc62c0b36daf92847-dg-7740f073a739-000183_ch4.wav,3DPrinter/train/section_00_source_train_normal_000348.wav,8a69a3074dc2c676cdcbc40654bbe02abb54dfee62379340bf11845bbd9617e1,960044,91084800,91564800,0bb84adb1499c0cbc90b2a5e374045adfb496a27c91b32d6c9aaf5bb0599b224,0,0,aeb450032c7d5c66d9bb313c64fd807f1610d32e2ed646ec023dea0a1b1334d0,saved_rule_based,0.53
section_00_source_train_normal_000349,train,source,normal,A,20260901T143912Z-e5d061dfc62c0b36daf92847,20260901T143912Z-e5d061dfc62c0b36daf92847-dg-7740f073a739-000184,4,none,none,fast,normal-fast-1,right,normal,clipped/audio_event_clean/normal/20260901T143912Z-e5d061dfc62c0b36daf92847-dg-7740f073a739-000184_ch4.wav,3DPrinter/train/section_00_source_train_normal_000349.wav,a1d60dc012e4b3bd4eeb9a99be98f6c4b90d6e8caf80680e073a6aa4797b0038,960044,91564800,92044800,0bb84adb1499c0cbc90b2a5e374045adfb496a27c91b32d6c9aaf5bb0599b224,0,0,aeb450032c7d5c66d9bb313c64fd807f1610d32e2ed646ec023dea0a1b1334d0,saved_rule_based,0.53
section_00_source_train_normal_000350,train,source,normal,A,20260901T143912Z-e5d061dfc62c0b36daf92847,20260901T143912Z-e5d061dfc62c0b36daf92847-dg-7740f073a739-000186,4,none,none,fast,normal-fast-1,right,normal,clipped/audio_event_clean/normal/20260901T143912Z-e5d061dfc62c0b36daf92847-dg-7740f073a739-000186_ch4.wav,3DPrinter/train/section_00_source_train_normal_000350.wav,a199bfaaace8c3dc1300bb91ca7f48cc64497ac7118f067d409f59d9d8cd6223,960044,92524800,93004800,0bb84adb1499c0cbc90b2a5e374045adfb496a27c91b32d6c9aaf5bb0599b224,0,0,aeb450032c7d5c66d9bb313c64fd807f1610d32e2ed646ec023dea0a1b1334d0,saved_rule_based,0.53
section_00_source_train_normal_000351,train,source,normal,A,20260901T143912Z-e5d061dfc62c0b36daf92847,20260901T143912Z-e5d061dfc62c0b36daf92847-dg-7740f073a739-000189,4,none,none,fast,normal-fast-1,right,normal,clipped/audio_event_clean/normal/20260901T143912Z-e5d061dfc62c0b36daf92847-dg-7740f073a739-000189_ch4.wav,3DPrinter/train/section_00_source_train_normal_000351.wav,fb616930559f2b0f97eacc83da2379f38e2edaefc1a6ed8c0ae75b0ab9b63215,960044,93964800,94444800,0bb84adb1499c0cbc90b2a5e374045adfb496a27c91b32d6c9aaf5bb0599b224,0,0,aeb450032c7d5c66d9bb313c64fd807f1610d32e2ed646ec023dea0a1b1334d0,saved_rule_based,0.53
section_00_source_train_normal_000352,train,source,normal,A,20260901T143912Z-e5d061dfc62c0b36daf92847,20260901T143912Z-e5d061dfc62c0b36daf92847-dg-7740f073a739-000193,4,none,none,fast,normal-fast-1,right,normal,clipped/audio_event_clean/normal/20260901T143912Z-e5d061dfc62c0b36daf92847-dg-7740f073a739-000193_ch4.wav,3DPrinter/train/section_00_source_train_normal_000352.wav,790cd79b811b1210a906423efd6afc3a8357981f63c1cc020e07414860dcad92,960044,95884800,96364800,0bb84adb1499c0cbc90b2a5e374045adfb496a27c91b32d6c9aaf5bb0599b224,0,0,aeb450032c7d5c66d9bb313c64fd807f1610d32e2ed646ec023dea0a1b1334d0,saved_rule_based,0.53
section_00_source_train_normal_000353,train,source,normal,A,20260901T143912Z-e5d061dfc62c0b36daf92847,20260901T143912Z-e5d061dfc62c0b36daf92847-dg-7740f073a739-000194,4,none,none,fast,normal-fast-1,right,normal,clipped/audio_event_clean/normal/20260901T143912Z-e5d061dfc62c0b36daf92847-dg-7740f073a739-000194_ch4.wav,3DPrinter/train/section_00_source_train_normal_000353.wav,55a87c6f861e67b2cef26641a72f514414f9fe8202df6316bb7fb74b51a7ef94,960044,96364800,96844800,0bb84adb1499c0cbc90b2a5e374045adfb496a27c91b32d6c9aaf5bb0599b224,0,0,aeb450032c7d5c66d9bb313c64fd807f1610d32e2ed646ec023dea0a1b1334d0,saved_rule_based,0.53
section_00_source_train_normal_000354,train,source,normal,A,20260901T143912Z-e5d061dfc62c0b36daf92847,20260901T143912Z-e5d061dfc62c0b36daf92847-dg-7740f073a739-000197,4,none,none,fast,normal-fast-1,right,normal,clipped/audio_event_clean/normal/20260901T143912Z-e5d061dfc62c0b36daf92847-dg-7740f073a739-000197_ch4.wav,3DPrinter/train/section_00_source_train_normal_000354.wav,bbfbc5bff6907974fd4982df7653a3f18df2037678ef03ac445fec100616c9ed,960044,97804800,98284800,0bb84adb1499c0cbc90b2a5e374045adfb496a27c91b32d6c9aaf5bb0599b224,0,0,aeb450032c7d5c66d9bb313c64fd807f1610d32e2ed646ec023dea0a1b1334d0,saved_rule_based,0.53
section_00_source_train_normal_000355,train,source,normal,A,20260901T143912Z-e5d061dfc62c0b36daf92847,20260901T143912Z-e5d061dfc62c0b36daf92847-dg-7740f073a739-000204,4,none,none,fast,normal-fast-1,right,normal,clipped/audio_event_clean/normal/20260901T143912Z-e5d061dfc62c0b36daf92847-dg-7740f073a739-000204_ch4.wav,3DPrinter/train/section_00_source_train_normal_000355.wav,f8b0144460fa970492e9fe444cc575e6514fb18d9d32cad4f46525b70359d624,960044,101164800,101644800,0bb84adb1499c0cbc90b2a5e374045adfb496a27c91b32d6c9aaf5bb0599b224,0,0,aeb450032c7d5c66d9bb313c64fd807f1610d32e2ed646ec023dea0a1b1334d0,saved_rule_based,0.53
section_00_source_train_normal_000356,train,source,normal,A,20260901T143912Z-e5d061dfc62c0b36daf92847,20260901T143912Z-e5d061dfc62c0b36daf92847-dg-7740f073a739-000205,4,none,none,fast,normal-fast-1,right,normal,clipped/audio_event_clean/normal/20260901T143912Z-e5d061dfc62c0b36daf92847-dg-7740f073a739-000205_ch4.wav,3DPrinter/train/section_00_source_train_normal_000356.wav,f5690caed8f9f4a036c9a52b48b70e0da5f3196e5866815fc1a32e576e4b8288,960044,101644800,102124800,0bb84adb1499c0cbc90b2a5e374045adfb496a27c91b32d6c9aaf5bb0599b224,0,0,aeb450032c7d5c66d9bb313c64fd807f1610d32e2ed646ec023dea0a1b1334d0,saved_rule_based,0.53
section_00_source_train_normal_000357,train,source,normal,A,20260901T143912Z-e5d061dfc62c0b36daf92847,20260901T143912Z-e5d061dfc62c0b36daf92847-dg-7740f073a739-000206,4,none,none,fast,normal-fast-1,right,normal,clipped/audio_event_clean/normal/20260901T143912Z-e5d061dfc62c0b36daf92847-dg-7740f073a739-000206_ch4.wav,3DPrinter/train/section_00_source_train_normal_000357.wav,58727a2a2cc6fe3b9ddc919ae6705482cced472786c26fb3eaf2d576726c37b5,960044,102124800,102604800,0bb84adb1499c0cbc90b2a5e374045adfb496a27c91b32d6c9aaf5bb0599b224,0,0,aeb450032c7d5c66d9bb313c64fd807f1610d32e2ed646ec023dea0a1b1334d0,saved_rule_based,0.53
section_00_source_train_normal_000358,train,source,normal,A,20260901T143912Z-e5d061dfc62c0b36daf92847,20260901T143912Z-e5d061dfc62c0b36daf92847-dg-7740f073a739-000207,4,none,none,fast,normal-fast-1,right,normal,clipped/audio_event_clean/normal/20260901T143912Z-e5d061dfc62c0b36daf92847-dg-7740f073a739-000207_ch4.wav,3DPrinter/train/section_00_source_train_normal_000358.wav,8645d961156463396e767f6fdd6afe01d735a18794b001fa53e628a12247b764,960044,102604800,103084800,0bb84adb1499c0cbc90b2a5e374045adfb496a27c91b32d6c9aaf5bb0599b224,0,0,aeb450032c7d5c66d9bb313c64fd807f1610d32e2ed646ec023dea0a1b1334d0,saved_rule_based,0.53
section_00_source_train_normal_000359,train,source,normal,A,20260901T143912Z-e5d061dfc62c0b36daf92847,20260901T143912Z-e5d061dfc62c0b36daf92847-dg-7740f073a739-000209,4,none,none,fast,normal-fast-1,right,normal,clipped/audio_event_clean/normal/20260901T143912Z-e5d061dfc62c0b36daf92847-dg-7740f073a739-000209_ch4.wav,3DPrinter/train/section_00_source_train_normal_000359.wav,ba46ac9f4f40239cec55bbf671a8337801bc80bc36ca4d1bf6f29035c5dcb919,960044,103564800,104044800,0bb84adb1499c0cbc90b2a5e374045adfb496a27c91b32d6c9aaf5bb0599b224,0,0,aeb450032c7d5c66d9bb313c64fd807f1610d32e2ed646ec023dea0a1b1334d0,saved_rule_based,0.53
section_00_source_train_normal_000360,train,source,normal,A,20260901T143912Z-e5d061dfc62c0b36daf92847,20260901T143912Z-e5d061dfc62c0b36daf92847-dg-7740f073a739-000211,4,none,none,fast,normal-fast-1,right,normal,clipped/audio_event_clean/normal/20260901T143912Z-e5d061dfc62c0b36daf92847-dg-7740f073a739-000211_ch4.wav,3DPrinter/train/section_00_source_train_normal_000360.wav,a14bd88aed57a4339f4649f66b7cc39639b1ab7153937fb3bb490d0678b9a309,960044,104524800,105004800,0bb84adb1499c0cbc90b2a5e374045adfb496a27c91b32d6c9aaf5bb0599b224,0,0,aeb450032c7d5c66d9bb313c64fd807f1610d32e2ed646ec023dea0a1b1334d0,saved_rule_based,0.53
section_00_source_train_normal_000361,train,source,normal,A,20260901T143912Z-e5d061dfc62c0b36daf92847,20260901T143912Z-e5d061dfc62c0b36daf92847-dg-7740f073a739-000212,4,none,none,fast,normal-fast-1,right,normal,clipped/audio_event_clean/normal/20260901T143912Z-e5d061dfc62c0b36daf92847-dg-7740f073a739-000212_ch4.wav,3DPrinter/train/section_00_source_train_normal_000361.wav,a771ad9f665f767dafbc61b4ede25de382873310aeea5a744e0601c397a4a442,960044,105004800,105484800,0bb84adb1499c0cbc90b2a5e374045adfb496a27c91b32d6c9aaf5bb0599b224,0,0,aeb450032c7d5c66d9bb313c64fd807f1610d32e2ed646ec023dea0a1b1334d0,saved_rule_based,0.53
section_00_source_train_normal_000362,train,source,normal,A,20260901T143912Z-e5d061dfc62c0b36daf92847,20260901T143912Z-e5d061dfc62c0b36daf92847-dg-7740f073a739-000213,4,none,none,fast,normal-fast-1,right,normal,clipped/audio_event_clean/normal/20260901T143912Z-e5d061dfc62c0b36daf92847-dg-7740f073a739-000213_ch4.wav,3DPrinter/train/section_00_source_train_normal_000362.wav,8db4c97a221fc82892a1dea4ecf56521a23ef574d1d6492ef70ebda36b18cc86,960044,105484800,105964800,0bb84adb1499c0cbc90b2a5e374045adfb496a27c91b32d6c9aaf5bb0599b224,0,0,aeb450032c7d5c66d9bb313c64fd807f1610d32e2ed646ec023dea0a1b1334d0,saved_rule_based,0.53
section_00_source_train_normal_000363,train,source,normal,A,20260901T143912Z-e5d061dfc62c0b36daf92847,20260901T143912Z-e5d061dfc62c0b36daf92847-dg-7740f073a739-000214,4,none,none,fast,normal-fast-1,right,normal,clipped/audio_event_clean/normal/20260901T143912Z-e5d061dfc62c0b36daf92847-dg-7740f073a739-000214_ch4.wav,3DPrinter/train/section_00_source_train_normal_000363.wav,d8f808b900c4e3fc6b37c63fdc4920d7a1c98a2aa76dfa18890c3029245103d8,960044,105964800,106444800,0bb84adb1499c0cbc90b2a5e374045adfb496a27c91b32d6c9aaf5bb0599b224,0,0,aeb450032c7d5c66d9bb313c64fd807f1610d32e2ed646ec023dea0a1b1334d0,saved_rule_based,0.53
section_00_source_train_normal_000364,train,source,normal,A,20260901T143912Z-e5d061dfc62c0b36daf92847,20260901T143912Z-e5d061dfc62c0b36daf92847-dg-7740f073a739-000215,4,none,none,fast,normal-fast-1,right,normal,clipped/audio_event_clean/normal/20260901T143912Z-e5d061dfc62c0b36daf92847-dg-7740f073a739-000215_ch4.wav,3DPrinter/train/section_00_source_train_normal_000364.wav,07ab5766f6887b8a3e89695aa65d6d9dae56aec9ce2e2cfafe11b0ac96fef487,960044,106444800,106924800,0bb84adb1499c0cbc90b2a5e374045adfb496a27c91b32d6c9aaf5bb0599b224,0,0,aeb450032c7d5c66d9bb313c64fd807f1610d32e2ed646ec023dea0a1b1334d0,saved_rule_based,0.53
section_00_source_train_normal_000365,train,source,normal,A,20260901T143912Z-e5d061dfc62c0b36daf92847,20260901T143912Z-e5d061dfc62c0b36daf92847-dg-7740f073a739-000216,4,none,none,fast,normal-fast-1,right,normal,clipped/audio_event_clean/normal/20260901T143912Z-e5d061dfc62c0b36daf92847-dg-7740f073a739-000216_ch4.wav,3DPrinter/train/section_00_source_train_normal_000365.wav,e25271d6be69602f976d1c7346d6bed5defbd0e23292cebb30ce2877ac74ccd4,960044,106924800,107404800,0bb84adb1499c0cbc90b2a5e374045adfb496a27c91b32d6c9aaf5bb0599b224,0,0,aeb450032c7d5c66d9bb313c64fd807f1610d32e2ed646ec023dea0a1b1334d0,saved_rule_based,0.53
section_00_source_train_normal_000366,train,source,normal,A,20260901T143912Z-e5d061dfc62c0b36daf92847,20260901T143912Z-e5d061dfc62c0b36daf92847-dg-7740f073a739-000217,4,none,none,fast,normal-fast-1,right,normal,clipped/audio_event_clean/normal/20260901T143912Z-e5d061dfc62c0b36daf92847-dg-7740f073a739-000217_ch4.wav,3DPrinter/train/section_00_source_train_normal_000366.wav,5fed657d419e9a50dcf1ba7c7ab6e794791d099845522d72e3849aca989431dc,960044,107404800,107884800,0bb84adb1499c0cbc90b2a5e374045adfb496a27c91b32d6c9aaf5bb0599b224,0,0,aeb450032c7d5c66d9bb313c64fd807f1610d32e2ed646ec023dea0a1b1334d0,saved_rule_based,0.53
section_00_source_train_normal_000367,train,source,normal,A,20260901T143912Z-e5d061dfc62c0b36daf92847,20260901T143912Z-e5d061dfc62c0b36daf92847-dg-7740f073a739-000219,4,none,none,fast,normal-fast-1,right,normal,clipped/audio_event_clean/normal/20260901T143912Z-e5d061dfc62c0b36daf92847-dg-7740f073a739-000219_ch4.wav,3DPrinter/train/section_00_source_train_normal_000367.wav,d6ad9c2a1099acdfabdf08269a548621223f11a28d0d71e0b89debeb42be286d,960044,108364800,108844800,0bb84adb1499c0cbc90b2a5e374045adfb496a27c91b32d6c9aaf5bb0599b224,0,0,aeb450032c7d5c66d9bb313c64fd807f1610d32e2ed646ec023dea0a1b1334d0,saved_rule_based,0.53
section_00_source_train_normal_000368,train,source,normal,A,20260901T143912Z-e5d061dfc62c0b36daf92847,20260901T143912Z-e5d061dfc62c0b36daf92847-dg-7740f073a739-000220,4,none,none,fast,normal-fast-1,right,normal,clipped/audio_event_clean/normal/20260901T143912Z-e5d061dfc62c0b36daf92847-dg-7740f073a739-000220_ch4.wav,3DPrinter/train/section_00_source_train_normal_000368.wav,847e44f4dea3014ff304753caf7819c2baaf4021ccbb7315bddd4dedda66dafb,960044,108844800,109324800,0bb84adb1499c0cbc90b2a5e374045adfb496a27c91b32d6c9aaf5bb0599b224,0,0,aeb450032c7d5c66d9bb313c64fd807f1610d32e2ed646ec023dea0a1b1334d0,saved_rule_based,0.53
section_00_source_train_normal_000369,train,source,normal,A,20260901T151827Z-92a6aa2e4849cea633194dd8,20260901T151827Z-92a6aa2e4849cea633194dd8-dg-6d507e8caf75-000003,4,none,none,fast,normal-fast-2,right,normal,clipped/audio_event_clean/normal/20260901T151827Z-92a6aa2e4849cea633194dd8-dg-6d507e8caf75-000003_ch4.wav,3DPrinter/train/section_00_source_train_normal_000369.wav,ef6800efc3fa9fce47d577ac45145249cd955e1583c13380061d31c990ad05df,960044,117736800,118216800,1093b3922e3fdbb3602ac7ccc37f65321b297593ec1fae68d398a2302d77d48d,0,0,501cecdda262cbfa73f7a39568e8741d358d700e4d416ec10bba169547b6849d,saved_rule_based,0.43
section_00_source_train_normal_000370,train,source,normal,A,20260901T151827Z-92a6aa2e4849cea633194dd8,20260901T151827Z-92a6aa2e4849cea633194dd8-dg-6d507e8caf75-000005,4,none,none,fast,normal-fast-2,right,normal,clipped/audio_event_clean/normal/20260901T151827Z-92a6aa2e4849cea633194dd8-dg-6d507e8caf75-000005_ch4.wav,3DPrinter/train/section_00_source_train_normal_000370.wav,7b37a85e8e001173e42edaf93fc403e67e59a3a7455d37c4ec9f6b518da84420,960044,118696800,119176800,1093b3922e3fdbb3602ac7ccc37f65321b297593ec1fae68d398a2302d77d48d,0,0,501cecdda262cbfa73f7a39568e8741d358d700e4d416ec10bba169547b6849d,saved_rule_based,0.43
section_00_source_train_normal_000371,train,source,normal,A,20260901T151827Z-92a6aa2e4849cea633194dd8,20260901T151827Z-92a6aa2e4849cea633194dd8-dg-6d507e8caf75-000009,4,none,none,fast,normal-fast-2,right,normal,clipped/audio_event_clean/normal/20260901T151827Z-92a6aa2e4849cea633194dd8-dg-6d507e8caf75-000009_ch4.wav,3DPrinter/train/section_00_source_train_normal_000371.wav,f050dd5af88adbeb36ef6ed8cd5142590f28fb04bb6bd8e13325c1726b65c14f,960044,120616800,121096800,1093b3922e3fdbb3602ac7ccc37f65321b297593ec1fae68d398a2302d77d48d,0,0,501cecdda262cbfa73f7a39568e8741d358d700e4d416ec10bba169547b6849d,saved_rule_based,0.43
section_00_source_train_normal_000372,train,source,normal,A,20260901T151827Z-92a6aa2e4849cea633194dd8,20260901T151827Z-92a6aa2e4849cea633194dd8-dg-6d507e8caf75-000012,4,none,none,fast,normal-fast-2,right,normal,clipped/audio_event_clean/normal/20260901T151827Z-92a6aa2e4849cea633194dd8-dg-6d507e8caf75-000012_ch4.wav,3DPrinter/train/section_00_source_train_normal_000372.wav,925fe72fcb96fb7c8aefaf19caf574e306668da9c3927138c55206381cf3aa20,960044,122056800,122536800,1093b3922e3fdbb3602ac7ccc37f65321b297593ec1fae68d398a2302d77d48d,0,0,501cecdda262cbfa73f7a39568e8741d358d700e4d416ec10bba169547b6849d,saved_rule_based,0.43
section_00_source_train_normal_000373,train,source,normal,A,20260901T151827Z-92a6aa2e4849cea633194dd8,20260901T151827Z-92a6aa2e4849cea633194dd8-dg-6d507e8caf75-000013,4,none,none,fast,normal-fast-2,right,normal,clipped/audio_event_clean/normal/20260901T151827Z-92a6aa2e4849cea633194dd8-dg-6d507e8caf75-000013_ch4.wav,3DPrinter/train/section_00_source_train_normal_000373.wav,4efdceaab5784f1600f88c6912b78e1ea0ebc353a271fd0ad583d15a3d3fbdaa,960044,122536800,123016800,1093b3922e3fdbb3602ac7ccc37f65321b297593ec1fae68d398a2302d77d48d,0,0,501cecdda262cbfa73f7a39568e8741d358d700e4d416ec10bba169547b6849d,saved_rule_based,0.43
section_00_source_train_normal_000374,train,source,normal,A,20260901T151827Z-92a6aa2e4849cea633194dd8,20260901T151827Z-92a6aa2e4849cea633194dd8-dg-6d507e8caf75-000014,4,none,none,fast,normal-fast-2,right,normal,clipped/audio_event_clean/normal/20260901T151827Z-92a6aa2e4849cea633194dd8-dg-6d507e8caf75-000014_ch4.wav,3DPrinter/train/section_00_source_train_normal_000374.wav,e6a8b8b18da4849cd60b9c69e254beb4e7536a7926dc050a5e2bdd32c39b1bac,960044,123016800,123496800,1093b3922e3fdbb3602ac7ccc37f65321b297593ec1fae68d398a2302d77d48d,0,0,501cecdda262cbfa73f7a39568e8741d358d700e4d416ec10bba169547b6849d,saved_rule_based,0.43
section_00_source_train_normal_000375,train,source,normal,A,20260901T151827Z-92a6aa2e4849cea633194dd8,20260901T151827Z-92a6aa2e4849cea633194dd8-dg-6d507e8caf75-000018,4,none,none,fast,normal-fast-2,right,normal,clipped/audio_event_clean/normal/20260901T151827Z-92a6aa2e4849cea633194dd8-dg-6d507e8caf75-000018_ch4.wav,3DPrinter/train/section_00_source_train_normal_000375.wav,79c2c976ee4e0795fcdbae6438e633962f1040e95fa075342bcca219b59f20db,960044,124936800,125416800,1093b3922e3fdbb3602ac7ccc37f65321b297593ec1fae68d398a2302d77d48d,0,0,501cecdda262cbfa73f7a39568e8741d358d700e4d416ec10bba169547b6849d,saved_rule_based,0.43
section_00_source_train_normal_000376,train,source,normal,A,20260901T151827Z-92a6aa2e4849cea633194dd8,20260901T151827Z-92a6aa2e4849cea633194dd8-dg-6d507e8caf75-000021,4,none,none,fast,normal-fast-2,right,normal,clipped/audio_event_clean/normal/20260901T151827Z-92a6aa2e4849cea633194dd8-dg-6d507e8caf75-000021_ch4.wav,3DPrinter/train/section_00_source_train_normal_000376.wav,412c7a7d9326bf1fa57e87bd789526086f301e85573e7f853ebe48f048667adc,960044,126376800,126856800,1093b3922e3fdbb3602ac7ccc37f65321b297593ec1fae68d398a2302d77d48d,0,0,501cecdda262cbfa73f7a39568e8741d358d700e4d416ec10bba169547b6849d,saved_rule_based,0.43
section_00_source_train_normal_000377,train,source,normal,A,20260901T151827Z-92a6aa2e4849cea633194dd8,20260901T151827Z-92a6aa2e4849cea633194dd8-dg-6d507e8caf75-000023,4,none,none,fast,normal-fast-2,right,normal,clipped/audio_event_clean/normal/20260901T151827Z-92a6aa2e4849cea633194dd8-dg-6d507e8caf75-000023_ch4.wav,3DPrinter/train/section_00_source_train_normal_000377.wav,9454b5f69706b3a60f546c3d4129393f4e90d3cf489f7889832eab27f6d2aa2e,960044,127336800,127816800,1093b3922e3fdbb3602ac7ccc37f65321b297593ec1fae68d398a2302d77d48d,0,0,501cecdda262cbfa73f7a39568e8741d358d700e4d416ec10bba169547b6849d,saved_rule_based,0.43
section_00_source_train_normal_000378,train,source,normal,A,20260901T151827Z-92a6aa2e4849cea633194dd8,20260901T151827Z-92a6aa2e4849cea633194dd8-dg-6d507e8caf75-000025,4,none,none,fast,normal-fast-2,right,normal,clipped/audio_event_clean/normal/20260901T151827Z-92a6aa2e4849cea633194dd8-dg-6d507e8caf75-000025_ch4.wav,3DPrinter/train/section_00_source_train_normal_000378.wav,6da0ea0c3d3a92b5abfb7be6d32ca8bad818a46f8e8ef160d9425aa5807afcde,960044,128296800,128776800,1093b3922e3fdbb3602ac7ccc37f65321b297593ec1fae68d398a2302d77d48d,0,0,501cecdda262cbfa73f7a39568e8741d358d700e4d416ec10bba169547b6849d,saved_rule_based,0.43
section_00_source_train_normal_000379,train,source,normal,A,20260901T151827Z-92a6aa2e4849cea633194dd8,20260901T151827Z-92a6aa2e4849cea633194dd8-dg-6d507e8caf75-000026,4,none,none,fast,normal-fast-2,right,normal,clipped/audio_event_clean/normal/20260901T151827Z-92a6aa2e4849cea633194dd8-dg-6d507e8caf75-000026_ch4.wav,3DPrinter/train/section_00_source_train_normal_000379.wav,ebed2cfe7afbc9560f79b121378cfddcf45f273e59bcd1ed7a93db978cf695ea,960044,128776800,129256800,1093b3922e3fdbb3602ac7ccc37f65321b297593ec1fae68d398a2302d77d48d,0,0,501cecdda262cbfa73f7a39568e8741d358d700e4d416ec10bba169547b6849d,saved_rule_based,0.43
section_00_source_train_normal_000380,train,source,normal,A,20260901T151827Z-92a6aa2e4849cea633194dd8,20260901T151827Z-92a6aa2e4849cea633194dd8-dg-6d507e8caf75-000027,4,none,none,fast,normal-fast-2,right,normal,clipped/audio_event_clean/normal/20260901T151827Z-92a6aa2e4849cea633194dd8-dg-6d507e8caf75-000027_ch4.wav,3DPrinter/train/section_00_source_train_normal_000380.wav,4047de6280956a49bdccc398a3f21d608b7764e2f280f088266eeb5c93a9bac7,960044,129256800,129736800,1093b3922e3fdbb3602ac7ccc37f65321b297593ec1fae68d398a2302d77d48d,0,0,501cecdda262cbfa73f7a39568e8741d358d700e4d416ec10bba169547b6849d,saved_rule_based,0.43
section_00_source_train_normal_000381,train,source,normal,A,20260901T151827Z-92a6aa2e4849cea633194dd8,20260901T151827Z-92a6aa2e4849cea633194dd8-dg-6d507e8caf75-000029,4,none,none,fast,normal-fast-2,right,normal,clipped/audio_event_clean/normal/20260901T151827Z-92a6aa2e4849cea633194dd8-dg-6d507e8caf75-000029_ch4.wav,3DPrinter/train/section_00_source_train_normal_000381.wav,80eca4530b240c9141271b62de6e8b907165ee1ef524f1925ce872d37bed046b,960044,130216800,130696800,1093b3922e3fdbb3602ac7ccc37f65321b297593ec1fae68d398a2302d77d48d,0,0,501cecdda262cbfa73f7a39568e8741d358d700e4d416ec10bba169547b6849d,saved_rule_based,0.43
section_00_source_train_normal_000382,train,source,normal,A,20260901T151827Z-92a6aa2e4849cea633194dd8,20260901T151827Z-92a6aa2e4849cea633194dd8-dg-6d507e8caf75-000030,4,none,none,fast,normal-fast-2,right,normal,clipped/audio_event_clean/normal/20260901T151827Z-92a6aa2e4849cea633194dd8-dg-6d507e8caf75-000030_ch4.wav,3DPrinter/train/section_00_source_train_normal_000382.wav,14de031ff3289ef4fd7152a3a0527fe774ba7af73fa268f51114fb5288e97d57,960044,130696800,131176800,1093b3922e3fdbb3602ac7ccc37f65321b297593ec1fae68d398a2302d77d48d,0,0,501cecdda262cbfa73f7a39568e8741d358d700e4d416ec10bba169547b6849d,saved_rule_based,0.43
section_00_source_train_normal_000383,train,source,normal,A,20260901T151827Z-92a6aa2e4849cea633194dd8,20260901T151827Z-92a6aa2e4849cea633194dd8-dg-6d507e8caf75-000031,4,none,none,fast,normal-fast-2,right,normal,clipped/audio_event_clean/normal/20260901T151827Z-92a6aa2e4849cea633194dd8-dg-6d507e8caf75-000031_ch4.wav,3DPrinter/train/section_00_source_train_normal_000383.wav,b7ee76395d87639a466b63b9089c245cbb2b350a4e86c31528a4f687953433ec,960044,131176800,131656800,1093b3922e3fdbb3602ac7ccc37f65321b297593ec1fae68d398a2302d77d48d,0,0,501cecdda262cbfa73f7a39568e8741d358d700e4d416ec10bba169547b6849d,saved_rule_based,0.43
section_00_source_train_normal_000384,train,source,normal,A,20260901T151827Z-92a6aa2e4849cea633194dd8,20260901T151827Z-92a6aa2e4849cea633194dd8-dg-6d507e8caf75-000032,4,none,none,fast,normal-fast-2,right,normal,clipped/audio_event_clean/normal/20260901T151827Z-92a6aa2e4849cea633194dd8-dg-6d507e8caf75-000032_ch4.wav,3DPrinter/train/section_00_source_train_normal_000384.wav,57e2c6cca32686041176f5869fcd9bbf9d0df29acbc9a1832c0dba25217b38eb,960044,131656800,132136800,1093b3922e3fdbb3602ac7ccc37f65321b297593ec1fae68d398a2302d77d48d,0,0,501cecdda262cbfa73f7a39568e8741d358d700e4d416ec10bba169547b6849d,saved_rule_based,0.43
section_00_source_train_normal_000385,train,source,normal,A,20260901T151827Z-92a6aa2e4849cea633194dd8,20260901T151827Z-92a6aa2e4849cea633194dd8-dg-6d507e8caf75-000033,4,none,none,fast,normal-fast-2,right,normal,clipped/audio_event_clean/normal/20260901T151827Z-92a6aa2e4849cea633194dd8-dg-6d507e8caf75-000033_ch4.wav,3DPrinter/train/section_00_source_train_normal_000385.wav,7360aef8391949d19be688e56ab5d11d70976941ff9eb688d502677feccb8495,960044,132136800,132616800,1093b3922e3fdbb3602ac7ccc37f65321b297593ec1fae68d398a2302d77d48d,0,0,501cecdda262cbfa73f7a39568e8741d358d700e4d416ec10bba169547b6849d,saved_rule_based,0.43
section_00_source_train_normal_000386,train,source,normal,A,20260901T151827Z-92a6aa2e4849cea633194dd8,20260901T151827Z-92a6aa2e4849cea633194dd8-dg-6d507e8caf75-000034,4,none,none,fast,normal-fast-2,right,normal,clipped/audio_event_clean/normal/20260901T151827Z-92a6aa2e4849cea633194dd8-dg-6d507e8caf75-000034_ch4.wav,3DPrinter/train/section_00_source_train_normal_000386.wav,e185430067482b846517c784eb3ed907561071b8d440ecffd12a940eae8d9dc0,960044,132616800,133096800,1093b3922e3fdbb3602ac7ccc37f65321b297593ec1fae68d398a2302d77d48d,0,0,501cecdda262cbfa73f7a39568e8741d358d700e4d416ec10bba169547b6849d,saved_rule_based,0.43
section_00_source_train_normal_000387,train,source,normal,A,20260901T151827Z-92a6aa2e4849cea633194dd8,20260901T151827Z-92a6aa2e4849cea633194dd8-dg-6d507e8caf75-000035,4,none,none,fast,normal-fast-2,right,normal,clipped/audio_event_clean/normal/20260901T151827Z-92a6aa2e4849cea633194dd8-dg-6d507e8caf75-000035_ch4.wav,3DPrinter/train/section_00_source_train_normal_000387.wav,7a24ac56d6dd39f6cfd333f4d11ed2f0748a5b47ee20b5a6e4f4d9cdf322f7c5,960044,133096800,133576800,1093b3922e3fdbb3602ac7ccc37f65321b297593ec1fae68d398a2302d77d48d,0,0,501cecdda262cbfa73f7a39568e8741d358d700e4d416ec10bba169547b6849d,saved_rule_based,0.43
section_00_source_train_normal_000388,train,source,normal,A,20260901T151827Z-92a6aa2e4849cea633194dd8,20260901T151827Z-92a6aa2e4849cea633194dd8-dg-6d507e8caf75-000036,4,none,none,fast,normal-fast-2,right,normal,clipped/audio_event_clean/normal/20260901T151827Z-92a6aa2e4849cea633194dd8-dg-6d507e8caf75-000036_ch4.wav,3DPrinter/train/section_00_source_train_normal_000388.wav,0327d5b5ee9608f8ef13c4b977ff5816b865ca776c18250c8705bdc78acb9210,960044,133576800,134056800,1093b3922e3fdbb3602ac7ccc37f65321b297593ec1fae68d398a2302d77d48d,0,0,501cecdda262cbfa73f7a39568e8741d358d700e4d416ec10bba169547b6849d,saved_rule_based,0.43
section_00_source_train_normal_000389,train,source,normal,A,20260901T151827Z-92a6aa2e4849cea633194dd8,20260901T151827Z-92a6aa2e4849cea633194dd8-dg-6d507e8caf75-000037,4,none,none,fast,normal-fast-2,right,normal,clipped/audio_event_clean/normal/20260901T151827Z-92a6aa2e4849cea633194dd8-dg-6d507e8caf75-000037_ch4.wav,3DPrinter/train/section_00_source_train_normal_000389.wav,ff9205d47a43e20986d1aab0308caee605bff208273a042a54f2bc2c96aec785,960044,134056800,134536800,1093b3922e3fdbb3602ac7ccc37f65321b297593ec1fae68d398a2302d77d48d,0,0,501cecdda262cbfa73f7a39568e8741d358d700e4d416ec10bba169547b6849d,saved_rule_based,0.43
section_00_source_train_normal_000390,train,source,normal,A,20260901T151827Z-92a6aa2e4849cea633194dd8,20260901T151827Z-92a6aa2e4849cea633194dd8-dg-6d507e8caf75-000039,4,none,none,fast,normal-fast-2,right,normal,clipped/audio_event_clean/normal/20260901T151827Z-92a6aa2e4849cea633194dd8-dg-6d507e8caf75-000039_ch4.wav,3DPrinter/train/section_00_source_train_normal_000390.wav,7793d3ebc500c6a38650c991087f2b6066543c5c086b1b6ac54d26d1f56ab9bd,960044,135016800,135496800,1093b3922e3fdbb3602ac7ccc37f65321b297593ec1fae68d398a2302d77d48d,0,0,501cecdda262cbfa73f7a39568e8741d358d700e4d416ec10bba169547b6849d,saved_rule_based,0.43
section_00_source_train_normal_000391,train,source,normal,A,20260901T151827Z-92a6aa2e4849cea633194dd8,20260901T151827Z-92a6aa2e4849cea633194dd8-dg-6d507e8caf75-000041,4,none,none,fast,normal-fast-2,right,normal,clipped/audio_event_clean/normal/20260901T151827Z-92a6aa2e4849cea633194dd8-dg-6d507e8caf75-000041_ch4.wav,3DPrinter/train/section_00_source_train_normal_000391.wav,832e3f844c7e4ea778e241189b91d33425021aa021ce77e5ae04f84d451c8e1c,960044,135976800,136456800,1093b3922e3fdbb3602ac7ccc37f65321b297593ec1fae68d398a2302d77d48d,0,0,501cecdda262cbfa73f7a39568e8741d358d700e4d416ec10bba169547b6849d,saved_rule_based,0.43
section_00_source_train_normal_000392,train,source,normal,A,20260901T151827Z-92a6aa2e4849cea633194dd8,20260901T151827Z-92a6aa2e4849cea633194dd8-dg-6d507e8caf75-000047,4,none,none,fast,normal-fast-2,right,normal,clipped/audio_event_clean/normal/20260901T151827Z-92a6aa2e4849cea633194dd8-dg-6d507e8caf75-000047_ch4.wav,3DPrinter/train/section_00_source_train_normal_000392.wav,d90e91866f352d5d236238457f87c6258fa08398c05b119461146b58edb4ba9e,960044,138856800,139336800,1093b3922e3fdbb3602ac7ccc37f65321b297593ec1fae68d398a2302d77d48d,0,0,501cecdda262cbfa73f7a39568e8741d358d700e4d416ec10bba169547b6849d,saved_rule_based,0.43
section_00_source_train_normal_000393,train,source,normal,A,20260901T151827Z-92a6aa2e4849cea633194dd8,20260901T151827Z-92a6aa2e4849cea633194dd8-dg-6d507e8caf75-000048,4,none,none,fast,normal-fast-2,right,normal,clipped/audio_event_clean/normal/20260901T151827Z-92a6aa2e4849cea633194dd8-dg-6d507e8caf75-000048_ch4.wav,3DPrinter/train/section_00_source_train_normal_000393.wav,6671745facfcd974add88a804bd5cf42c50cbef502df35f1d6a73737cc21f0bc,960044,139336800,139816800,1093b3922e3fdbb3602ac7ccc37f65321b297593ec1fae68d398a2302d77d48d,0,0,501cecdda262cbfa73f7a39568e8741d358d700e4d416ec10bba169547b6849d,saved_rule_based,0.43
section_00_source_train_normal_000394,train,source,normal,A,20260901T151827Z-92a6aa2e4849cea633194dd8,20260901T151827Z-92a6aa2e4849cea633194dd8-dg-6d507e8caf75-000050,4,none,none,fast,normal-fast-2,right,normal,clipped/audio_event_clean/normal/20260901T151827Z-92a6aa2e4849cea633194dd8-dg-6d507e8caf75-000050_ch4.wav,3DPrinter/train/section_00_source_train_normal_000394.wav,029c7d94d4525303a7dcb6ebba5abf263ddd0b12b089ed44ef9018c5854593b2,960044,140296800,140776800,1093b3922e3fdbb3602ac7ccc37f65321b297593ec1fae68d398a2302d77d48d,0,0,501cecdda262cbfa73f7a39568e8741d358d700e4d416ec10bba169547b6849d,saved_rule_based,0.43
section_00_source_train_normal_000395,train,source,normal,A,20260901T151827Z-92a6aa2e4849cea633194dd8,20260901T151827Z-92a6aa2e4849cea633194dd8-dg-6d507e8caf75-000052,4,none,none,fast,normal-fast-2,right,normal,clipped/audio_event_clean/normal/20260901T151827Z-92a6aa2e4849cea633194dd8-dg-6d507e8caf75-000052_ch4.wav,3DPrinter/train/section_00_source_train_normal_000395.wav,fde7b43a02626028ed4892cfc43a40254a110a5b9e3b2132c17723abeb4475e1,960044,141256800,141736800,1093b3922e3fdbb3602ac7ccc37f65321b297593ec1fae68d398a2302d77d48d,0,0,501cecdda262cbfa73f7a39568e8741d358d700e4d416ec10bba169547b6849d,saved_rule_based,0.43
section_00_source_train_normal_000396,train,source,normal,A,20260901T151827Z-92a6aa2e4849cea633194dd8,20260901T151827Z-92a6aa2e4849cea633194dd8-dg-6d507e8caf75-000053,4,none,none,fast,normal-fast-2,right,normal,clipped/audio_event_clean/normal/20260901T151827Z-92a6aa2e4849cea633194dd8-dg-6d507e8caf75-000053_ch4.wav,3DPrinter/train/section_00_source_train_normal_000396.wav,13a211fb66ad896dd132aadfab0d41028d8838c9cbc7eac7294fb6c8e9464df3,960044,141736800,142216800,1093b3922e3fdbb3602ac7ccc37f65321b297593ec1fae68d398a2302d77d48d,0,0,501cecdda262cbfa73f7a39568e8741d358d700e4d416ec10bba169547b6849d,saved_rule_based,0.43
section_00_source_train_normal_000397,train,source,normal,A,20260901T151827Z-92a6aa2e4849cea633194dd8,20260901T151827Z-92a6aa2e4849cea633194dd8-dg-6d507e8caf75-000055,4,none,none,fast,normal-fast-2,right,normal,clipped/audio_event_clean/normal/20260901T151827Z-92a6aa2e4849cea633194dd8-dg-6d507e8caf75-000055_ch4.wav,3DPrinter/train/section_00_source_train_normal_000397.wav,a2fa210832d51267b3e6de074b5265bcbaf83d9daa3f28e8033cfb14493ff590,960044,142696800,143176800,1093b3922e3fdbb3602ac7ccc37f65321b297593ec1fae68d398a2302d77d48d,0,0,501cecdda262cbfa73f7a39568e8741d358d700e4d416ec10bba169547b6849d,saved_rule_based,0.43
section_00_source_train_normal_000398,train,source,normal,A,20260901T151827Z-92a6aa2e4849cea633194dd8,20260901T151827Z-92a6aa2e4849cea633194dd8-dg-6d507e8caf75-000056,4,none,none,fast,normal-fast-2,right,normal,clipped/audio_event_clean/normal/20260901T151827Z-92a6aa2e4849cea633194dd8-dg-6d507e8caf75-000056_ch4.wav,3DPrinter/train/section_00_source_train_normal_000398.wav,d7e01feaed550dea081cafb61efb768f867ff63e7d6cdef4fa6dcae2776f1616,960044,143176800,143656800,1093b3922e3fdbb3602ac7ccc37f65321b297593ec1fae68d398a2302d77d48d,0,0,501cecdda262cbfa73f7a39568e8741d358d700e4d416ec10bba169547b6849d,saved_rule_based,0.43
section_00_source_train_normal_000399,train,source,normal,A,20260901T151827Z-92a6aa2e4849cea633194dd8,20260901T151827Z-92a6aa2e4849cea633194dd8-dg-6d507e8caf75-000057,4,none,none,fast,normal-fast-2,right,normal,clipped/audio_event_clean/normal/20260901T151827Z-92a6aa2e4849cea633194dd8-dg-6d507e8caf75-000057_ch4.wav,3DPrinter/train/section_00_source_train_normal_000399.wav,3f4f3f04739d049ee828c7578c55be167c82126d0f018fc1f86c5d74817a37bd,960044,143656800,144136800,1093b3922e3fdbb3602ac7ccc37f65321b297593ec1fae68d398a2302d77d48d,0,0,501cecdda262cbfa73f7a39568e8741d358d700e4d416ec10bba169547b6849d,saved_rule_based,0.43
section_00_source_train_normal_000400,train,source,normal,A,20260901T151827Z-92a6aa2e4849cea633194dd8,20260901T151827Z-92a6aa2e4849cea633194dd8-dg-6d507e8caf75-000059,4,none,none,fast,normal-fast-2,right,normal,clipped/audio_event_clean/normal/20260901T151827Z-92a6aa2e4849cea633194dd8-dg-6d507e8caf75-000059_ch4.wav,3DPrinter/train/section_00_source_train_normal_000400.wav,f1d261de643fd5987e8453cd008b54a26db7483b99efd7e5ca48a10e5cf4a2da,960044,144616800,145096800,1093b3922e3fdbb3602ac7ccc37f65321b297593ec1fae68d398a2302d77d48d,0,0,501cecdda262cbfa73f7a39568e8741d358d700e4d416ec10bba169547b6849d,saved_rule_based,0.43
section_00_source_train_normal_000401,train,source,normal,A,20260901T151827Z-92a6aa2e4849cea633194dd8,20260901T151827Z-92a6aa2e4849cea633194dd8-dg-6d507e8caf75-000060,4,none,none,fast,normal-fast-2,right,normal,clipped/audio_event_clean/normal/20260901T151827Z-92a6aa2e4849cea633194dd8-dg-6d507e8caf75-000060_ch4.wav,3DPrinter/train/section_00_source_train_normal_000401.wav,32464c55ea41b49f8f1bf57461af2464b17721ec9f0ef38fc29dcb76a69173e3,960044,145096800,145576800,1093b3922e3fdbb3602ac7ccc37f65321b297593ec1fae68d398a2302d77d48d,0,0,501cecdda262cbfa73f7a39568e8741d358d700e4d416ec10bba169547b6849d,saved_rule_based,0.43
section_00_source_train_normal_000402,train,source,normal,A,20260901T151827Z-92a6aa2e4849cea633194dd8,20260901T151827Z-92a6aa2e4849cea633194dd8-dg-6d507e8caf75-000064,4,none,none,fast,normal-fast-2,right,normal,clipped/audio_event_clean/normal/20260901T151827Z-92a6aa2e4849cea633194dd8-dg-6d507e8caf75-000064_ch4.wav,3DPrinter/train/section_00_source_train_normal_000402.wav,d18ce78fd4f1417125493a829af21f465e92f21d14c4f9aac2d46d33907a6e92,960044,147016800,147496800,1093b3922e3fdbb3602ac7ccc37f65321b297593ec1fae68d398a2302d77d48d,0,0,501cecdda262cbfa73f7a39568e8741d358d700e4d416ec10bba169547b6849d,saved_rule_based,0.43
section_00_source_train_normal_000403,train,source,normal,A,20260901T151827Z-92a6aa2e4849cea633194dd8,20260901T151827Z-92a6aa2e4849cea633194dd8-dg-6d507e8caf75-000068,4,none,none,fast,normal-fast-2,right,normal,clipped/audio_event_clean/normal/20260901T151827Z-92a6aa2e4849cea633194dd8-dg-6d507e8caf75-000068_ch4.wav,3DPrinter/train/section_00_source_train_normal_000403.wav,f2a864bb0b8aa61445372e6db47bf937ceef589aa607b6315bd06fbc3fd065e7,960044,148936800,149416800,1093b3922e3fdbb3602ac7ccc37f65321b297593ec1fae68d398a2302d77d48d,0,0,501cecdda262cbfa73f7a39568e8741d358d700e4d416ec10bba169547b6849d,saved_rule_based,0.43
section_00_source_train_normal_000404,train,source,normal,A,20260901T151827Z-92a6aa2e4849cea633194dd8,20260901T151827Z-92a6aa2e4849cea633194dd8-dg-6d507e8caf75-000071,4,none,none,fast,normal-fast-2,right,normal,clipped/audio_event_clean/normal/20260901T151827Z-92a6aa2e4849cea633194dd8-dg-6d507e8caf75-000071_ch4.wav,3DPrinter/train/section_00_source_train_normal_000404.wav,3a27a84009249fbba95010f7b96f76e35bc6c2fc8326c1316bfcb9198abbcfb1,960044,150376800,150856800,1093b3922e3fdbb3602ac7ccc37f65321b297593ec1fae68d398a2302d77d48d,0,0,501cecdda262cbfa73f7a39568e8741d358d700e4d416ec10bba169547b6849d,saved_rule_based,0.43
section_00_source_train_normal_000405,train,source,normal,A,20260901T151827Z-92a6aa2e4849cea633194dd8,20260901T151827Z-92a6aa2e4849cea633194dd8-dg-6d507e8caf75-000073,4,none,none,fast,normal-fast-2,right,normal,clipped/audio_event_clean/normal/20260901T151827Z-92a6aa2e4849cea633194dd8-dg-6d507e8caf75-000073_ch4.wav,3DPrinter/train/section_00_source_train_normal_000405.wav,a31e3693c20fd32e1c2d28871ad6be963a45e7e276bbb683781670a13bd35221,960044,151336800,151816800,1093b3922e3fdbb3602ac7ccc37f65321b297593ec1fae68d398a2302d77d48d,0,0,501cecdda262cbfa73f7a39568e8741d358d700e4d416ec10bba169547b6849d,saved_rule_based,0.43
section_00_source_train_normal_000406,train,source,normal,A,20260901T151827Z-92a6aa2e4849cea633194dd8,20260901T151827Z-92a6aa2e4849cea633194dd8-dg-6d507e8caf75-000074,4,none,none,fast,normal-fast-2,right,normal,clipped/audio_event_clean/normal/20260901T151827Z-92a6aa2e4849cea633194dd8-dg-6d507e8caf75-000074_ch4.wav,3DPrinter/train/section_00_source_train_normal_000406.wav,cd1e0097fd26ab2b86e5f6aee405a3db4e9229baac9393b276599539120d8685,960044,151816800,152296800,1093b3922e3fdbb3602ac7ccc37f65321b297593ec1fae68d398a2302d77d48d,0,0,501cecdda262cbfa73f7a39568e8741d358d700e4d416ec10bba169547b6849d,saved_rule_based,0.43
section_00_source_train_normal_000407,train,source,normal,A,20260901T151827Z-92a6aa2e4849cea633194dd8,20260901T151827Z-92a6aa2e4849cea633194dd8-dg-6d507e8caf75-000081,4,none,none,fast,normal-fast-2,right,normal,clipped/audio_event_clean/normal/20260901T151827Z-92a6aa2e4849cea633194dd8-dg-6d507e8caf75-000081_ch4.wav,3DPrinter/train/section_00_source_train_normal_000407.wav,d19d82b2f49139e08026441d2b9338adadec336189da29c8ae5210c1eaec94a4,960044,155176800,155656800,1093b3922e3fdbb3602ac7ccc37f65321b297593ec1fae68d398a2302d77d48d,0,0,501cecdda262cbfa73f7a39568e8741d358d700e4d416ec10bba169547b6849d,saved_rule_based,0.43
section_00_source_train_normal_000408,train,source,normal,A,20260901T151827Z-92a6aa2e4849cea633194dd8,20260901T151827Z-92a6aa2e4849cea633194dd8-dg-6d507e8caf75-000083,4,none,none,fast,normal-fast-2,right,normal,clipped/audio_event_clean/normal/20260901T151827Z-92a6aa2e4849cea633194dd8-dg-6d507e8caf75-000083_ch4.wav,3DPrinter/train/section_00_source_train_normal_000408.wav,e8b64d5e50357190ba0407e7af6a2b201845f48f2f1547938e040670b65891e2,960044,156136800,156616800,1093b3922e3fdbb3602ac7ccc37f65321b297593ec1fae68d398a2302d77d48d,0,0,501cecdda262cbfa73f7a39568e8741d358d700e4d416ec10bba169547b6849d,saved_rule_based,0.43
section_00_source_train_normal_000409,train,source,normal,A,20260901T151827Z-92a6aa2e4849cea633194dd8,20260901T151827Z-92a6aa2e4849cea633194dd8-dg-6d507e8caf75-000084,4,none,none,fast,normal-fast-2,right,normal,clipped/audio_event_clean/normal/20260901T151827Z-92a6aa2e4849cea633194dd8-dg-6d507e8caf75-000084_ch4.wav,3DPrinter/train/section_00_source_train_normal_000409.wav,c2fa1e830b9fb610e4f00a322dbc77418937617453faa7b0c216249b2da91e6d,960044,156616800,157096800,1093b3922e3fdbb3602ac7ccc37f65321b297593ec1fae68d398a2302d77d48d,0,0,501cecdda262cbfa73f7a39568e8741d358d700e4d416ec10bba169547b6849d,saved_rule_based,0.43
section_00_source_train_normal_000410,train,source,normal,A,20260901T151827Z-92a6aa2e4849cea633194dd8,20260901T151827Z-92a6aa2e4849cea633194dd8-dg-6d507e8caf75-000088,4,none,none,fast,normal-fast-2,right,normal,clipped/audio_event_clean/normal/20260901T151827Z-92a6aa2e4849cea633194dd8-dg-6d507e8caf75-000088_ch4.wav,3DPrinter/train/section_00_source_train_normal_000410.wav,536c8753e2665d0b795b7ca548699f645dbcadae7f56431ee2b33e1deff4576e,960044,158536800,159016800,1093b3922e3fdbb3602ac7ccc37f65321b297593ec1fae68d398a2302d77d48d,0,0,501cecdda262cbfa73f7a39568e8741d358d700e4d416ec10bba169547b6849d,saved_rule_based,0.43
section_00_source_train_normal_000411,train,source,normal,A,20260901T151827Z-92a6aa2e4849cea633194dd8,20260901T151827Z-92a6aa2e4849cea633194dd8-dg-6d507e8caf75-000089,4,none,none,fast,normal-fast-2,right,normal,clipped/audio_event_clean/normal/20260901T151827Z-92a6aa2e4849cea633194dd8-dg-6d507e8caf75-000089_ch4.wav,3DPrinter/train/section_00_source_train_normal_000411.wav,aeccbbf2658257f7ff2e9639f2a67b7e46bc539193772af34a00e67a7eb10898,960044,159016800,159496800,1093b3922e3fdbb3602ac7ccc37f65321b297593ec1fae68d398a2302d77d48d,0,0,501cecdda262cbfa73f7a39568e8741d358d700e4d416ec10bba169547b6849d,saved_rule_based,0.43
section_00_source_train_normal_000412,train,source,normal,A,20260901T151827Z-92a6aa2e4849cea633194dd8,20260901T151827Z-92a6aa2e4849cea633194dd8-dg-6d507e8caf75-000090,4,none,none,fast,normal-fast-2,right,normal,clipped/audio_event_clean/normal/20260901T151827Z-92a6aa2e4849cea633194dd8-dg-6d507e8caf75-000090_ch4.wav,3DPrinter/train/section_00_source_train_normal_000412.wav,f95ab6fc1b070908b37d80de6627efe47b3634c9a5cf8c58a9310021d99fbe4d,960044,159496800,159976800,1093b3922e3fdbb3602ac7ccc37f65321b297593ec1fae68d398a2302d77d48d,0,0,501cecdda262cbfa73f7a39568e8741d358d700e4d416ec10bba169547b6849d,saved_rule_based,0.43
section_00_source_train_normal_000413,train,source,normal,A,20260901T151827Z-92a6aa2e4849cea633194dd8,20260901T151827Z-92a6aa2e4849cea633194dd8-dg-6d507e8caf75-000091,4,none,none,fast,normal-fast-2,right,normal,clipped/audio_event_clean/normal/20260901T151827Z-92a6aa2e4849cea633194dd8-dg-6d507e8caf75-000091_ch4.wav,3DPrinter/train/section_00_source_train_normal_000413.wav,6935225155dda0c571849e095084c4448b8fd614557b4ff8202aacd53b9f4d65,960044,159976800,160456800,1093b3922e3fdbb3602ac7ccc37f65321b297593ec1fae68d398a2302d77d48d,0,0,501cecdda262cbfa73f7a39568e8741d358d700e4d416ec10bba169547b6849d,saved_rule_based,0.43
section_00_source_train_normal_000414,train,source,normal,A,20260901T151827Z-92a6aa2e4849cea633194dd8,20260901T151827Z-92a6aa2e4849cea633194dd8-dg-6d507e8caf75-000093,4,none,none,fast,normal-fast-2,right,normal,clipped/audio_event_clean/normal/20260901T151827Z-92a6aa2e4849cea633194dd8-dg-6d507e8caf75-000093_ch4.wav,3DPrinter/train/section_00_source_train_normal_000414.wav,5f3c298d73edf6f1561d303fc70800f88b5a32b5558809f1fbae7fab716768bb,960044,160936800,161416800,1093b3922e3fdbb3602ac7ccc37f65321b297593ec1fae68d398a2302d77d48d,0,0,501cecdda262cbfa73f7a39568e8741d358d700e4d416ec10bba169547b6849d,saved_rule_based,0.43
section_00_source_train_normal_000415,train,source,normal,A,20260901T151827Z-92a6aa2e4849cea633194dd8,20260901T151827Z-92a6aa2e4849cea633194dd8-dg-6d507e8caf75-000094,4,none,none,fast,normal-fast-2,right,normal,clipped/audio_event_clean/normal/20260901T151827Z-92a6aa2e4849cea633194dd8-dg-6d507e8caf75-000094_ch4.wav,3DPrinter/train/section_00_source_train_normal_000415.wav,c3a5bf212236f45d59ad2e2e600e5c0c508d082f0284a4c15ba0830f1ed621b8,960044,161416800,161896800,1093b3922e3fdbb3602ac7ccc37f65321b297593ec1fae68d398a2302d77d48d,0,0,501cecdda262cbfa73f7a39568e8741d358d700e4d416ec10bba169547b6849d,saved_rule_based,0.43
section_00_source_train_normal_000416,train,source,normal,A,20260901T151827Z-92a6aa2e4849cea633194dd8,20260901T151827Z-92a6aa2e4849cea633194dd8-dg-6d507e8caf75-000095,4,none,none,fast,normal-fast-2,right,normal,clipped/audio_event_clean/normal/20260901T151827Z-92a6aa2e4849cea633194dd8-dg-6d507e8caf75-000095_ch4.wav,3DPrinter/train/section_00_source_train_normal_000416.wav,ff6aad225ca6a94c32b6fc9c8691296e262e952e96ce31095384d5dfff3cfc81,960044,161896800,162376800,1093b3922e3fdbb3602ac7ccc37f65321b297593ec1fae68d398a2302d77d48d,0,0,501cecdda262cbfa73f7a39568e8741d358d700e4d416ec10bba169547b6849d,saved_rule_based,0.43
section_00_source_train_normal_000417,train,source,normal,A,20260901T151827Z-92a6aa2e4849cea633194dd8,20260901T151827Z-92a6aa2e4849cea633194dd8-dg-6d507e8caf75-000096,4,none,none,fast,normal-fast-2,right,normal,clipped/audio_event_clean/normal/20260901T151827Z-92a6aa2e4849cea633194dd8-dg-6d507e8caf75-000096_ch4.wav,3DPrinter/train/section_00_source_train_normal_000417.wav,419c8a98e8d2610b15ee77ae1e1791a10782459bbdda0e0b076e99b6f6bb25a7,960044,162376800,162856800,1093b3922e3fdbb3602ac7ccc37f65321b297593ec1fae68d398a2302d77d48d,0,0,501cecdda262cbfa73f7a39568e8741d358d700e4d416ec10bba169547b6849d,saved_rule_based,0.43
section_00_source_train_normal_000418,train,source,normal,A,20260901T151827Z-92a6aa2e4849cea633194dd8,20260901T151827Z-92a6aa2e4849cea633194dd8-dg-6d507e8caf75-000098,4,none,none,fast,normal-fast-2,right,normal,clipped/audio_event_clean/normal/20260901T151827Z-92a6aa2e4849cea633194dd8-dg-6d507e8caf75-000098_ch4.wav,3DPrinter/train/section_00_source_train_normal_000418.wav,8371d56def351900d197659a3f1415aa73d230f70eee86a7d0eb7471e14a0219,960044,163336800,163816800,1093b3922e3fdbb3602ac7ccc37f65321b297593ec1fae68d398a2302d77d48d,0,0,501cecdda262cbfa73f7a39568e8741d358d700e4d416ec10bba169547b6849d,saved_rule_based,0.43
section_00_source_train_normal_000419,train,source,normal,A,20260901T151827Z-92a6aa2e4849cea633194dd8,20260901T151827Z-92a6aa2e4849cea633194dd8-dg-6d507e8caf75-000099,4,none,none,fast,normal-fast-2,right,normal,clipped/audio_event_clean/normal/20260901T151827Z-92a6aa2e4849cea633194dd8-dg-6d507e8caf75-000099_ch4.wav,3DPrinter/train/section_00_source_train_normal_000419.wav,28182d6c034070864c8a263b887af5c6db32f39adc42b6185e509cccca5b7edb,960044,163816800,164296800,1093b3922e3fdbb3602ac7ccc37f65321b297593ec1fae68d398a2302d77d48d,0,0,501cecdda262cbfa73f7a39568e8741d358d700e4d416ec10bba169547b6849d,saved_rule_based,0.43
section_00_source_train_normal_000420,train,source,normal,A,20260901T151827Z-92a6aa2e4849cea633194dd8,20260901T151827Z-92a6aa2e4849cea633194dd8-dg-6d507e8caf75-000100,4,none,none,fast,normal-fast-2,right,normal,clipped/audio_event_clean/normal/20260901T151827Z-92a6aa2e4849cea633194dd8-dg-6d507e8caf75-000100_ch4.wav,3DPrinter/train/section_00_source_train_normal_000420.wav,65ed68f18247cd05f2edaea8f4bbb80e750a8749ed4222b7f033e8157eb751d0,960044,164296800,164776800,1093b3922e3fdbb3602ac7ccc37f65321b297593ec1fae68d398a2302d77d48d,0,0,501cecdda262cbfa73f7a39568e8741d358d700e4d416ec10bba169547b6849d,saved_rule_based,0.43
section_00_source_train_normal_000421,train,source,normal,A,20260901T151827Z-92a6aa2e4849cea633194dd8,20260901T151827Z-92a6aa2e4849cea633194dd8-dg-6d507e8caf75-000101,4,none,none,fast,normal-fast-2,right,normal,clipped/audio_event_clean/normal/20260901T151827Z-92a6aa2e4849cea633194dd8-dg-6d507e8caf75-000101_ch4.wav,3DPrinter/train/section_00_source_train_normal_000421.wav,ab9e6ce31e6165aa0d1c8a37e5ae876f53b9128118b16b70227bfd91488956c0,960044,164776800,165256800,1093b3922e3fdbb3602ac7ccc37f65321b297593ec1fae68d398a2302d77d48d,0,0,501cecdda262cbfa73f7a39568e8741d358d700e4d416ec10bba169547b6849d,saved_rule_based,0.43
section_00_source_train_normal_000422,train,source,normal,A,20260901T151827Z-92a6aa2e4849cea633194dd8,20260901T151827Z-92a6aa2e4849cea633194dd8-dg-6d507e8caf75-000104,4,none,none,fast,normal-fast-2,right,normal,clipped/audio_event_clean/normal/20260901T151827Z-92a6aa2e4849cea633194dd8-dg-6d507e8caf75-000104_ch4.wav,3DPrinter/train/section_00_source_train_normal_000422.wav,9220ad96e2a666e59c49babf163889ca07772d93f9c1b1561c2f0bab68931b88,960044,166216800,166696800,1093b3922e3fdbb3602ac7ccc37f65321b297593ec1fae68d398a2302d77d48d,0,0,501cecdda262cbfa73f7a39568e8741d358d700e4d416ec10bba169547b6849d,saved_rule_based,0.43
section_00_source_train_normal_000423,train,source,normal,A,20260901T151827Z-92a6aa2e4849cea633194dd8,20260901T151827Z-92a6aa2e4849cea633194dd8-dg-6d507e8caf75-000106,4,none,none,fast,normal-fast-2,right,normal,clipped/audio_event_clean/normal/20260901T151827Z-92a6aa2e4849cea633194dd8-dg-6d507e8caf75-000106_ch4.wav,3DPrinter/train/section_00_source_train_normal_000423.wav,0f7d3257a37ad47fabd2f5d4400efee769f6192874678b9cd13e4b4e72add3e4,960044,167176800,167656800,1093b3922e3fdbb3602ac7ccc37f65321b297593ec1fae68d398a2302d77d48d,0,0,501cecdda262cbfa73f7a39568e8741d358d700e4d416ec10bba169547b6849d,saved_rule_based,0.43
section_00_source_train_normal_000424,train,source,normal,A,20260901T151827Z-92a6aa2e4849cea633194dd8,20260901T151827Z-92a6aa2e4849cea633194dd8-dg-6d507e8caf75-000108,4,none,none,fast,normal-fast-2,right,normal,clipped/audio_event_clean/normal/20260901T151827Z-92a6aa2e4849cea633194dd8-dg-6d507e8caf75-000108_ch4.wav,3DPrinter/train/section_00_source_train_normal_000424.wav,efcc10da3620c5bc2361c082bc88e553f60ca6c199819bf2353b5d9ccc8cdb25,960044,168136800,168616800,1093b3922e3fdbb3602ac7ccc37f65321b297593ec1fae68d398a2302d77d48d,0,0,501cecdda262cbfa73f7a39568e8741d358d700e4d416ec10bba169547b6849d,saved_rule_based,0.43
section_00_source_train_normal_000425,train,source,normal,A,20260901T151827Z-92a6aa2e4849cea633194dd8,20260901T151827Z-92a6aa2e4849cea633194dd8-dg-6d507e8caf75-000109,4,none,none,fast,normal-fast-2,right,normal,clipped/audio_event_clean/normal/20260901T151827Z-92a6aa2e4849cea633194dd8-dg-6d507e8caf75-000109_ch4.wav,3DPrinter/train/section_00_source_train_normal_000425.wav,04af52c7af35381668af624815f30261c35745b394a080b6ad81493debf2fbc5,960044,168616800,169096800,1093b3922e3fdbb3602ac7ccc37f65321b297593ec1fae68d398a2302d77d48d,0,0,501cecdda262cbfa73f7a39568e8741d358d700e4d416ec10bba169547b6849d,saved_rule_based,0.43
section_00_source_train_normal_000426,train,source,normal,A,20260901T151827Z-92a6aa2e4849cea633194dd8,20260901T151827Z-92a6aa2e4849cea633194dd8-dg-6d507e8caf75-000110,4,none,none,fast,normal-fast-2,right,normal,clipped/audio_event_clean/normal/20260901T151827Z-92a6aa2e4849cea633194dd8-dg-6d507e8caf75-000110_ch4.wav,3DPrinter/train/section_00_source_train_normal_000426.wav,e285c1de90f6ddd467df9fee6cf5dbe3693bb78db169a2fcc45eddf2d2580a12,960044,169096800,169576800,1093b3922e3fdbb3602ac7ccc37f65321b297593ec1fae68d398a2302d77d48d,0,0,501cecdda262cbfa73f7a39568e8741d358d700e4d416ec10bba169547b6849d,saved_rule_based,0.43
section_00_source_train_normal_000427,train,source,normal,A,20260901T151827Z-92a6aa2e4849cea633194dd8,20260901T151827Z-92a6aa2e4849cea633194dd8-dg-6d507e8caf75-000111,4,none,none,fast,normal-fast-2,right,normal,clipped/audio_event_clean/normal/20260901T151827Z-92a6aa2e4849cea633194dd8-dg-6d507e8caf75-000111_ch4.wav,3DPrinter/train/section_00_source_train_normal_000427.wav,e3d672655dc9d00c0092d5475a8a24b0df2eb5bda5cd61d794986ccec4a161e5,960044,169576800,170056800,1093b3922e3fdbb3602ac7ccc37f65321b297593ec1fae68d398a2302d77d48d,0,0,501cecdda262cbfa73f7a39568e8741d358d700e4d416ec10bba169547b6849d,saved_rule_based,0.43
section_00_source_train_normal_000428,train,source,normal,A,20260901T151827Z-92a6aa2e4849cea633194dd8,20260901T151827Z-92a6aa2e4849cea633194dd8-dg-6d507e8caf75-000113,4,none,none,fast,normal-fast-2,right,normal,clipped/audio_event_clean/normal/20260901T151827Z-92a6aa2e4849cea633194dd8-dg-6d507e8caf75-000113_ch4.wav,3DPrinter/train/section_00_source_train_normal_000428.wav,67eab5dd4d252c767d3899324b96b8996a0893df825f871b4933b95eba883ded,960044,170536800,171016800,1093b3922e3fdbb3602ac7ccc37f65321b297593ec1fae68d398a2302d77d48d,0,0,501cecdda262cbfa73f7a39568e8741d358d700e4d416ec10bba169547b6849d,saved_rule_based,0.43
section_00_source_train_normal_000429,train,source,normal,A,20260901T151827Z-92a6aa2e4849cea633194dd8,20260901T151827Z-92a6aa2e4849cea633194dd8-dg-6d507e8caf75-000114,4,none,none,fast,normal-fast-2,right,normal,clipped/audio_event_clean/normal/20260901T151827Z-92a6aa2e4849cea633194dd8-dg-6d507e8caf75-000114_ch4.wav,3DPrinter/train/section_00_source_train_normal_000429.wav,fa8725f9647e8abfcf30f731dfb88ba111b5b6b450fe127e36d7dfbabfa19818,960044,171016800,171496800,1093b3922e3fdbb3602ac7ccc37f65321b297593ec1fae68d398a2302d77d48d,0,0,501cecdda262cbfa73f7a39568e8741d358d700e4d416ec10bba169547b6849d,saved_rule_based,0.43
section_00_source_train_normal_000430,train,source,normal,A,20260901T151827Z-92a6aa2e4849cea633194dd8,20260901T151827Z-92a6aa2e4849cea633194dd8-dg-6d507e8caf75-000116,4,none,none,fast,normal-fast-2,right,normal,clipped/audio_event_clean/normal/20260901T151827Z-92a6aa2e4849cea633194dd8-dg-6d507e8caf75-000116_ch4.wav,3DPrinter/train/section_00_source_train_normal_000430.wav,bfa414f6aad1db833f3193648d137d8c18d0a5af8c72577552c7ff73eb5efeff,960044,171976800,172456800,1093b3922e3fdbb3602ac7ccc37f65321b297593ec1fae68d398a2302d77d48d,0,0,501cecdda262cbfa73f7a39568e8741d358d700e4d416ec10bba169547b6849d,saved_rule_based,0.43
section_00_source_train_normal_000431,train,source,normal,A,20260901T151827Z-92a6aa2e4849cea633194dd8,20260901T151827Z-92a6aa2e4849cea633194dd8-dg-6d507e8caf75-000117,4,none,none,fast,normal-fast-2,right,normal,clipped/audio_event_clean/normal/20260901T151827Z-92a6aa2e4849cea633194dd8-dg-6d507e8caf75-000117_ch4.wav,3DPrinter/train/section_00_source_train_normal_000431.wav,4f666c4e2448a289c8840aca3240ef17c3609fcb748133912353550f28b3609f,960044,172456800,172936800,1093b3922e3fdbb3602ac7ccc37f65321b297593ec1fae68d398a2302d77d48d,0,0,501cecdda262cbfa73f7a39568e8741d358d700e4d416ec10bba169547b6849d,saved_rule_based,0.43
section_00_source_train_normal_000432,train,source,normal,A,20260901T151827Z-92a6aa2e4849cea633194dd8,20260901T151827Z-92a6aa2e4849cea633194dd8-dg-6d507e8caf75-000118,4,none,none,fast,normal-fast-2,right,normal,clipped/audio_event_clean/normal/20260901T151827Z-92a6aa2e4849cea633194dd8-dg-6d507e8caf75-000118_ch4.wav,3DPrinter/train/section_00_source_train_normal_000432.wav,93084d57ecbc5cfa85a27d27ea922cce8995e242401283cb9b3abcc3ad4b0fce,960044,172936800,173416800,1093b3922e3fdbb3602ac7ccc37f65321b297593ec1fae68d398a2302d77d48d,0,0,501cecdda262cbfa73f7a39568e8741d358d700e4d416ec10bba169547b6849d,saved_rule_based,0.43
section_00_source_train_normal_000433,train,source,normal,A,20260901T151827Z-92a6aa2e4849cea633194dd8,20260901T151827Z-92a6aa2e4849cea633194dd8-dg-6d507e8caf75-000120,4,none,none,fast,normal-fast-2,right,normal,clipped/audio_event_clean/normal/20260901T151827Z-92a6aa2e4849cea633194dd8-dg-6d507e8caf75-000120_ch4.wav,3DPrinter/train/section_00_source_train_normal_000433.wav,38a57bdcff6289cecb3ac8fa8fdce777721fccd9a1821de8f231510bfd4c7c5e,960044,173896800,174376800,1093b3922e3fdbb3602ac7ccc37f65321b297593ec1fae68d398a2302d77d48d,0,0,501cecdda262cbfa73f7a39568e8741d358d700e4d416ec10bba169547b6849d,saved_rule_based,0.43
section_00_source_train_normal_000434,train,source,normal,A,20260901T151827Z-92a6aa2e4849cea633194dd8,20260901T151827Z-92a6aa2e4849cea633194dd8-dg-6d507e8caf75-000121,4,none,none,fast,normal-fast-2,right,normal,clipped/audio_event_clean/normal/20260901T151827Z-92a6aa2e4849cea633194dd8-dg-6d507e8caf75-000121_ch4.wav,3DPrinter/train/section_00_source_train_normal_000434.wav,2d8697f28ef4cc220c323a24be0f9901401b58dae5486fce745d63bf40906640,960044,174376800,174856800,1093b3922e3fdbb3602ac7ccc37f65321b297593ec1fae68d398a2302d77d48d,0,0,501cecdda262cbfa73f7a39568e8741d358d700e4d416ec10bba169547b6849d,saved_rule_based,0.43
section_00_source_train_normal_000435,train,source,normal,A,20260901T151827Z-92a6aa2e4849cea633194dd8,20260901T151827Z-92a6aa2e4849cea633194dd8-dg-6d507e8caf75-000122,4,none,none,fast,normal-fast-2,right,normal,clipped/audio_event_clean/normal/20260901T151827Z-92a6aa2e4849cea633194dd8-dg-6d507e8caf75-000122_ch4.wav,3DPrinter/train/section_00_source_train_normal_000435.wav,ce7fa9b67273b70d2da5a86ad0952fd3e7a1b67c007613b54a503f7b0fe159f5,960044,174856800,175336800,1093b3922e3fdbb3602ac7ccc37f65321b297593ec1fae68d398a2302d77d48d,0,0,501cecdda262cbfa73f7a39568e8741d358d700e4d416ec10bba169547b6849d,saved_rule_based,0.43
section_00_source_train_normal_000436,train,source,normal,A,20260901T151827Z-92a6aa2e4849cea633194dd8,20260901T151827Z-92a6aa2e4849cea633194dd8-dg-6d507e8caf75-000123,4,none,none,fast,normal-fast-2,right,normal,clipped/audio_event_clean/normal/20260901T151827Z-92a6aa2e4849cea633194dd8-dg-6d507e8caf75-000123_ch4.wav,3DPrinter/train/section_00_source_train_normal_000436.wav,526260cb74d47f50f9e7e20db9331a8d26e4a354452ce89bdb7980f14417ebdd,960044,175336800,175816800,1093b3922e3fdbb3602ac7ccc37f65321b297593ec1fae68d398a2302d77d48d,0,0,501cecdda262cbfa73f7a39568e8741d358d700e4d416ec10bba169547b6849d,saved_rule_based,0.43
section_00_source_train_normal_000437,train,source,normal,A,20260901T151827Z-92a6aa2e4849cea633194dd8,20260901T151827Z-92a6aa2e4849cea633194dd8-dg-6d507e8caf75-000124,4,none,none,fast,normal-fast-2,right,normal,clipped/audio_event_clean/normal/20260901T151827Z-92a6aa2e4849cea633194dd8-dg-6d507e8caf75-000124_ch4.wav,3DPrinter/train/section_00_source_train_normal_000437.wav,4d0f847160ba2d46dbdba3876eb22dfeefd5d76d81f3a85e1fd28e046b9dd361,960044,175816800,176296800,1093b3922e3fdbb3602ac7ccc37f65321b297593ec1fae68d398a2302d77d48d,0,0,501cecdda262cbfa73f7a39568e8741d358d700e4d416ec10bba169547b6849d,saved_rule_based,0.43
section_00_source_train_normal_000438,train,source,normal,A,20260901T151827Z-92a6aa2e4849cea633194dd8,20260901T151827Z-92a6aa2e4849cea633194dd8-dg-6d507e8caf75-000125,4,none,none,fast,normal-fast-2,right,normal,clipped/audio_event_clean/normal/20260901T151827Z-92a6aa2e4849cea633194dd8-dg-6d507e8caf75-000125_ch4.wav,3DPrinter/train/section_00_source_train_normal_000438.wav,a86b390b46066185955f6f08acd4469b6f025f693346e171f1de885acdbdde6e,960044,176296800,176776800,1093b3922e3fdbb3602ac7ccc37f65321b297593ec1fae68d398a2302d77d48d,0,0,501cecdda262cbfa73f7a39568e8741d358d700e4d416ec10bba169547b6849d,saved_rule_based,0.43
section_00_source_train_normal_000439,train,source,normal,A,20260901T151827Z-92a6aa2e4849cea633194dd8,20260901T151827Z-92a6aa2e4849cea633194dd8-dg-6d507e8caf75-000127,4,none,none,fast,normal-fast-2,right,normal,clipped/audio_event_clean/normal/20260901T151827Z-92a6aa2e4849cea633194dd8-dg-6d507e8caf75-000127_ch4.wav,3DPrinter/train/section_00_source_train_normal_000439.wav,457ccb7f47beda21b721ea2cab5c1ff01442cebf9e1e80ce2f507f3eb68090e1,960044,177256800,177736800,1093b3922e3fdbb3602ac7ccc37f65321b297593ec1fae68d398a2302d77d48d,0,0,501cecdda262cbfa73f7a39568e8741d358d700e4d416ec10bba169547b6849d,saved_rule_based,0.43
section_00_source_train_normal_000440,train,source,normal,A,20260901T151827Z-92a6aa2e4849cea633194dd8,20260901T151827Z-92a6aa2e4849cea633194dd8-dg-6d507e8caf75-000129,4,none,none,fast,normal-fast-2,right,normal,clipped/audio_event_clean/normal/20260901T151827Z-92a6aa2e4849cea633194dd8-dg-6d507e8caf75-000129_ch4.wav,3DPrinter/train/section_00_source_train_normal_000440.wav,52931563dcdbbe5db1bb5fea4a24f05be234d675e371c16b72a5325e65a4650f,960044,178216800,178696800,1093b3922e3fdbb3602ac7ccc37f65321b297593ec1fae68d398a2302d77d48d,0,0,501cecdda262cbfa73f7a39568e8741d358d700e4d416ec10bba169547b6849d,saved_rule_based,0.43
section_00_source_train_normal_000441,train,source,normal,A,20260901T151827Z-92a6aa2e4849cea633194dd8,20260901T151827Z-92a6aa2e4849cea633194dd8-dg-6d507e8caf75-000130,4,none,none,fast,normal-fast-2,right,normal,clipped/audio_event_clean/normal/20260901T151827Z-92a6aa2e4849cea633194dd8-dg-6d507e8caf75-000130_ch4.wav,3DPrinter/train/section_00_source_train_normal_000441.wav,a8d40f17ca88b5d05e25c3b46ae79df6e903c0035db7c5ee3d49c9bddb546eee,960044,178696800,179176800,1093b3922e3fdbb3602ac7ccc37f65321b297593ec1fae68d398a2302d77d48d,0,0,501cecdda262cbfa73f7a39568e8741d358d700e4d416ec10bba169547b6849d,saved_rule_based,0.43
section_00_source_train_normal_000442,train,source,normal,A,20260901T151827Z-92a6aa2e4849cea633194dd8,20260901T151827Z-92a6aa2e4849cea633194dd8-dg-6d507e8caf75-000132,4,none,none,fast,normal-fast-2,right,normal,clipped/audio_event_clean/normal/20260901T151827Z-92a6aa2e4849cea633194dd8-dg-6d507e8caf75-000132_ch4.wav,3DPrinter/train/section_00_source_train_normal_000442.wav,2ad6df09e9e66459d4628f3352730470300ff1d55f38a642ef55b6742ee51112,960044,179656800,180136800,1093b3922e3fdbb3602ac7ccc37f65321b297593ec1fae68d398a2302d77d48d,0,0,501cecdda262cbfa73f7a39568e8741d358d700e4d416ec10bba169547b6849d,saved_rule_based,0.43
section_00_source_train_normal_000443,train,source,normal,A,20260901T151827Z-92a6aa2e4849cea633194dd8,20260901T151827Z-92a6aa2e4849cea633194dd8-dg-6d507e8caf75-000134,4,none,none,fast,normal-fast-2,right,normal,clipped/audio_event_clean/normal/20260901T151827Z-92a6aa2e4849cea633194dd8-dg-6d507e8caf75-000134_ch4.wav,3DPrinter/train/section_00_source_train_normal_000443.wav,c63a8507103134594d7b6ef5532d9798e517cc963c556d14391cca8000149132,960044,180616800,181096800,1093b3922e3fdbb3602ac7ccc37f65321b297593ec1fae68d398a2302d77d48d,0,0,501cecdda262cbfa73f7a39568e8741d358d700e4d416ec10bba169547b6849d,saved_rule_based,0.43
section_00_source_train_normal_000444,train,source,normal,A,20260901T151827Z-92a6aa2e4849cea633194dd8,20260901T151827Z-92a6aa2e4849cea633194dd8-dg-6d507e8caf75-000136,4,none,none,fast,normal-fast-2,right,normal,clipped/audio_event_clean/normal/20260901T151827Z-92a6aa2e4849cea633194dd8-dg-6d507e8caf75-000136_ch4.wav,3DPrinter/train/section_00_source_train_normal_000444.wav,5012a3bf2ce7c958d8c8b2864d085cb7f936c42cd6102feff08cdd75c544b1df,960044,181576800,182056800,1093b3922e3fdbb3602ac7ccc37f65321b297593ec1fae68d398a2302d77d48d,0,0,501cecdda262cbfa73f7a39568e8741d358d700e4d416ec10bba169547b6849d,saved_rule_based,0.43
section_00_source_train_normal_000445,train,source,normal,A,20260901T151827Z-92a6aa2e4849cea633194dd8,20260901T151827Z-92a6aa2e4849cea633194dd8-dg-6d507e8caf75-000137,4,none,none,fast,normal-fast-2,right,normal,clipped/audio_event_clean/normal/20260901T151827Z-92a6aa2e4849cea633194dd8-dg-6d507e8caf75-000137_ch4.wav,3DPrinter/train/section_00_source_train_normal_000445.wav,2b499ee594189bcbd1fc9cfbdeba451c4ca14fe7972ed75d77ee2e3ccb817376,960044,182056800,182536800,1093b3922e3fdbb3602ac7ccc37f65321b297593ec1fae68d398a2302d77d48d,0,0,501cecdda262cbfa73f7a39568e8741d358d700e4d416ec10bba169547b6849d,saved_rule_based,0.43
section_00_source_train_normal_000446,train,source,normal,A,20260901T151827Z-92a6aa2e4849cea633194dd8,20260901T151827Z-92a6aa2e4849cea633194dd8-dg-6d507e8caf75-000139,4,none,none,fast,normal-fast-2,right,normal,clipped/audio_event_clean/normal/20260901T151827Z-92a6aa2e4849cea633194dd8-dg-6d507e8caf75-000139_ch4.wav,3DPrinter/train/section_00_source_train_normal_000446.wav,1a04daa425a3d65f28dc31075b4e059cb05a33daa956a88dbf8f350098ff6f09,960044,183016800,183496800,1093b3922e3fdbb3602ac7ccc37f65321b297593ec1fae68d398a2302d77d48d,0,0,501cecdda262cbfa73f7a39568e8741d358d700e4d416ec10bba169547b6849d,saved_rule_based,0.43
section_00_source_train_normal_000447,train,source,normal,A,20260901T151827Z-92a6aa2e4849cea633194dd8,20260901T151827Z-92a6aa2e4849cea633194dd8-dg-6d507e8caf75-000140,4,none,none,fast,normal-fast-2,right,normal,clipped/audio_event_clean/normal/20260901T151827Z-92a6aa2e4849cea633194dd8-dg-6d507e8caf75-000140_ch4.wav,3DPrinter/train/section_00_source_train_normal_000447.wav,8919098bed8ace321bdcf145db090728419d549b3e8135809f3a4c1522e4542b,960044,183496800,183976800,1093b3922e3fdbb3602ac7ccc37f65321b297593ec1fae68d398a2302d77d48d,0,0,501cecdda262cbfa73f7a39568e8741d358d700e4d416ec10bba169547b6849d,saved_rule_based,0.43
section_00_source_train_normal_000448,train,source,normal,A,20260901T151827Z-92a6aa2e4849cea633194dd8,20260901T151827Z-92a6aa2e4849cea633194dd8-dg-6d507e8caf75-000142,4,none,none,fast,normal-fast-2,right,normal,clipped/audio_event_clean/normal/20260901T151827Z-92a6aa2e4849cea633194dd8-dg-6d507e8caf75-000142_ch4.wav,3DPrinter/train/section_00_source_train_normal_000448.wav,d1eb6307ec7366afea6c1bbbb650630a8ce3379a98077db8c78a74d268498277,960044,184456800,184936800,1093b3922e3fdbb3602ac7ccc37f65321b297593ec1fae68d398a2302d77d48d,0,0,501cecdda262cbfa73f7a39568e8741d358d700e4d416ec10bba169547b6849d,saved_rule_based,0.43
section_00_source_train_normal_000449,train,source,normal,A,20260901T151827Z-92a6aa2e4849cea633194dd8,20260901T151827Z-92a6aa2e4849cea633194dd8-dg-6d507e8caf75-000143,4,none,none,fast,normal-fast-2,right,normal,clipped/audio_event_clean/normal/20260901T151827Z-92a6aa2e4849cea633194dd8-dg-6d507e8caf75-000143_ch4.wav,3DPrinter/train/section_00_source_train_normal_000449.wav,006ea4e4cdae9ec6f2558fd1f99fb32c2f89066f7077a8ef4acfdbe2354562df,960044,184936800,185416800,1093b3922e3fdbb3602ac7ccc37f65321b297593ec1fae68d398a2302d77d48d,0,0,501cecdda262cbfa73f7a39568e8741d358d700e4d416ec10bba169547b6849d,saved_rule_based,0.43
section_00_source_train_normal_000450,train,source,normal,A,20260901T151827Z-92a6aa2e4849cea633194dd8,20260901T151827Z-92a6aa2e4849cea633194dd8-dg-6d507e8caf75-000144,4,none,none,fast,normal-fast-2,right,normal,clipped/audio_event_clean/normal/20260901T151827Z-92a6aa2e4849cea633194dd8-dg-6d507e8caf75-000144_ch4.wav,3DPrinter/train/section_00_source_train_normal_000450.wav,0e7cd0a3fc1a4de60e840f8e4857c9baac4f9ffbaf633a7f13034c1cf3053b76,960044,185416800,185896800,1093b3922e3fdbb3602ac7ccc37f65321b297593ec1fae68d398a2302d77d48d,0,0,501cecdda262cbfa73f7a39568e8741d358d700e4d416ec10bba169547b6849d,saved_rule_based,0.43
section_00_source_train_normal_000451,train,source,normal,A,20260901T151827Z-92a6aa2e4849cea633194dd8,20260901T151827Z-92a6aa2e4849cea633194dd8-dg-6d507e8caf75-000145,4,none,none,fast,normal-fast-2,right,normal,clipped/audio_event_clean/normal/20260901T151827Z-92a6aa2e4849cea633194dd8-dg-6d507e8caf75-000145_ch4.wav,3DPrinter/train/section_00_source_train_normal_000451.wav,3537e563a11dfb47febc3f4da84852041f965138755b1f0f2a652f51d22f1374,960044,185896800,186376800,1093b3922e3fdbb3602ac7ccc37f65321b297593ec1fae68d398a2302d77d48d,0,0,501cecdda262cbfa73f7a39568e8741d358d700e4d416ec10bba169547b6849d,saved_rule_based,0.43
section_00_source_train_normal_000452,train,source,normal,A,20260901T151827Z-92a6aa2e4849cea633194dd8,20260901T151827Z-92a6aa2e4849cea633194dd8-dg-6d507e8caf75-000146,4,none,none,fast,normal-fast-2,right,normal,clipped/audio_event_clean/normal/20260901T151827Z-92a6aa2e4849cea633194dd8-dg-6d507e8caf75-000146_ch4.wav,3DPrinter/train/section_00_source_train_normal_000452.wav,605d1866d3063dce3f08cc69d2485ff5c809de5b3c523e4d621b15038c8690b8,960044,186376800,186856800,1093b3922e3fdbb3602ac7ccc37f65321b297593ec1fae68d398a2302d77d48d,0,0,501cecdda262cbfa73f7a39568e8741d358d700e4d416ec10bba169547b6849d,saved_rule_based,0.43
section_00_source_train_normal_000453,train,source,normal,A,20260901T151827Z-92a6aa2e4849cea633194dd8,20260901T151827Z-92a6aa2e4849cea633194dd8-dg-6d507e8caf75-000147,4,none,none,fast,normal-fast-2,right,normal,clipped/audio_event_clean/normal/20260901T151827Z-92a6aa2e4849cea633194dd8-dg-6d507e8caf75-000147_ch4.wav,3DPrinter/train/section_00_source_train_normal_000453.wav,7eceb8f599ca983694b03fda4bce4f7b51809372c84a8e374a2fe5f8a96a2203,960044,186856800,187336800,1093b3922e3fdbb3602ac7ccc37f65321b297593ec1fae68d398a2302d77d48d,0,0,501cecdda262cbfa73f7a39568e8741d358d700e4d416ec10bba169547b6849d,saved_rule_based,0.43
section_00_source_train_normal_000454,train,source,normal,A,20260901T151827Z-92a6aa2e4849cea633194dd8,20260901T151827Z-92a6aa2e4849cea633194dd8-dg-6d507e8caf75-000149,4,none,none,fast,normal-fast-2,right,normal,clipped/audio_event_clean/normal/20260901T151827Z-92a6aa2e4849cea633194dd8-dg-6d507e8caf75-000149_ch4.wav,3DPrinter/train/section_00_source_train_normal_000454.wav,7c54888f7d11be73dcb9ecc19af523d9f928f0a692c5602f98f4a36668c890fc,960044,187816800,188296800,1093b3922e3fdbb3602ac7ccc37f65321b297593ec1fae68d398a2302d77d48d,0,0,501cecdda262cbfa73f7a39568e8741d358d700e4d416ec10bba169547b6849d,saved_rule_based,0.43
section_00_source_train_normal_000455,train,source,normal,A,20260901T151827Z-92a6aa2e4849cea633194dd8,20260901T151827Z-92a6aa2e4849cea633194dd8-dg-6d507e8caf75-000150,4,none,none,fast,normal-fast-2,right,normal,clipped/audio_event_clean/normal/20260901T151827Z-92a6aa2e4849cea633194dd8-dg-6d507e8caf75-000150_ch4.wav,3DPrinter/train/section_00_source_train_normal_000455.wav,ddd0377129bef11da3551134b8285663147dc4de75b1f6cf5e566609c5f593d1,960044,188296800,188776800,1093b3922e3fdbb3602ac7ccc37f65321b297593ec1fae68d398a2302d77d48d,0,0,501cecdda262cbfa73f7a39568e8741d358d700e4d416ec10bba169547b6849d,saved_rule_based,0.43
section_00_source_train_normal_000456,train,source,normal,A,20260901T151827Z-92a6aa2e4849cea633194dd8,20260901T151827Z-92a6aa2e4849cea633194dd8-dg-6d507e8caf75-000151,4,none,none,fast,normal-fast-2,right,normal,clipped/audio_event_clean/normal/20260901T151827Z-92a6aa2e4849cea633194dd8-dg-6d507e8caf75-000151_ch4.wav,3DPrinter/train/section_00_source_train_normal_000456.wav,c1996d2add6b0a543d8e31056e0661cdba2ad957a5735b84a5a4e402cbcd5e86,960044,188776800,189256800,1093b3922e3fdbb3602ac7ccc37f65321b297593ec1fae68d398a2302d77d48d,0,0,501cecdda262cbfa73f7a39568e8741d358d700e4d416ec10bba169547b6849d,saved_rule_based,0.43
section_00_source_train_normal_000457,train,source,normal,A,20260901T151827Z-92a6aa2e4849cea633194dd8,20260901T151827Z-92a6aa2e4849cea633194dd8-dg-6d507e8caf75-000152,4,none,none,fast,normal-fast-2,right,normal,clipped/audio_event_clean/normal/20260901T151827Z-92a6aa2e4849cea633194dd8-dg-6d507e8caf75-000152_ch4.wav,3DPrinter/train/section_00_source_train_normal_000457.wav,e87190dbeea5b7baf414eb59ae6e2335f716ea280324416ce14afae723b4606b,960044,189256800,189736800,1093b3922e3fdbb3602ac7ccc37f65321b297593ec1fae68d398a2302d77d48d,0,0,501cecdda262cbfa73f7a39568e8741d358d700e4d416ec10bba169547b6849d,saved_rule_based,0.43
section_00_source_train_normal_000458,train,source,normal,A,20260901T151827Z-92a6aa2e4849cea633194dd8,20260901T151827Z-92a6aa2e4849cea633194dd8-dg-6d507e8caf75-000154,4,none,none,fast,normal-fast-2,right,normal,clipped/audio_event_clean/normal/20260901T151827Z-92a6aa2e4849cea633194dd8-dg-6d507e8caf75-000154_ch4.wav,3DPrinter/train/section_00_source_train_normal_000458.wav,3095e79757107a2b72d3f3672c6f001a1306c07a8062c57ee155226687963de9,960044,190216800,190696800,1093b3922e3fdbb3602ac7ccc37f65321b297593ec1fae68d398a2302d77d48d,0,0,501cecdda262cbfa73f7a39568e8741d358d700e4d416ec10bba169547b6849d,saved_rule_based,0.43
section_00_source_train_normal_000459,train,source,normal,A,20260901T151827Z-92a6aa2e4849cea633194dd8,20260901T151827Z-92a6aa2e4849cea633194dd8-dg-6d507e8caf75-000157,4,none,none,fast,normal-fast-2,right,normal,clipped/audio_event_clean/normal/20260901T151827Z-92a6aa2e4849cea633194dd8-dg-6d507e8caf75-000157_ch4.wav,3DPrinter/train/section_00_source_train_normal_000459.wav,c8a2d5fa655559fc42dddb4d4141d7166d557c6bda1e443b619de65388b04ab7,960044,191656800,192136800,1093b3922e3fdbb3602ac7ccc37f65321b297593ec1fae68d398a2302d77d48d,0,0,501cecdda262cbfa73f7a39568e8741d358d700e4d416ec10bba169547b6849d,saved_rule_based,0.43
section_00_source_train_normal_000460,train,source,normal,A,20260901T151827Z-92a6aa2e4849cea633194dd8,20260901T151827Z-92a6aa2e4849cea633194dd8-dg-6d507e8caf75-000158,4,none,none,fast,normal-fast-2,right,normal,clipped/audio_event_clean/normal/20260901T151827Z-92a6aa2e4849cea633194dd8-dg-6d507e8caf75-000158_ch4.wav,3DPrinter/train/section_00_source_train_normal_000460.wav,13771d0752ca0544999b1b4257cac44691fe164ea51b3a16b0ccd7bbea114f37,960044,192136800,192616800,1093b3922e3fdbb3602ac7ccc37f65321b297593ec1fae68d398a2302d77d48d,0,0,501cecdda262cbfa73f7a39568e8741d358d700e4d416ec10bba169547b6849d,saved_rule_based,0.43
section_00_source_train_normal_000461,train,source,normal,A,20260901T151827Z-92a6aa2e4849cea633194dd8,20260901T151827Z-92a6aa2e4849cea633194dd8-dg-6d507e8caf75-000160,4,none,none,fast,normal-fast-2,right,normal,clipped/audio_event_clean/normal/20260901T151827Z-92a6aa2e4849cea633194dd8-dg-6d507e8caf75-000160_ch4.wav,3DPrinter/train/section_00_source_train_normal_000461.wav,3b2b241920f0decfb09d317f08664388101239880a675fa0d00ee56207e32117,960044,193096800,193576800,1093b3922e3fdbb3602ac7ccc37f65321b297593ec1fae68d398a2302d77d48d,0,0,501cecdda262cbfa73f7a39568e8741d358d700e4d416ec10bba169547b6849d,saved_rule_based,0.43
section_00_source_train_normal_000462,train,source,normal,A,20260901T151827Z-92a6aa2e4849cea633194dd8,20260901T151827Z-92a6aa2e4849cea633194dd8-dg-6d507e8caf75-000162,4,none,none,fast,normal-fast-2,right,normal,clipped/audio_event_clean/normal/20260901T151827Z-92a6aa2e4849cea633194dd8-dg-6d507e8caf75-000162_ch4.wav,3DPrinter/train/section_00_source_train_normal_000462.wav,bfcb6ae9e09b88ad677ea7487200b3624903e9669d2c13e589ea19fe3b39d5bd,960044,194056800,194536800,1093b3922e3fdbb3602ac7ccc37f65321b297593ec1fae68d398a2302d77d48d,0,0,501cecdda262cbfa73f7a39568e8741d358d700e4d416ec10bba169547b6849d,saved_rule_based,0.43
section_00_source_train_normal_000463,train,source,normal,A,20260901T151827Z-92a6aa2e4849cea633194dd8,20260901T151827Z-92a6aa2e4849cea633194dd8-dg-6d507e8caf75-000168,4,none,none,fast,normal-fast-2,right,normal,clipped/audio_event_clean/normal/20260901T151827Z-92a6aa2e4849cea633194dd8-dg-6d507e8caf75-000168_ch4.wav,3DPrinter/train/section_00_source_train_normal_000463.wav,00a1b3ed40348830b7f1d149f28ab64ec794c93a3352f384a17ed86d17f56a18,960044,196936800,197416800,1093b3922e3fdbb3602ac7ccc37f65321b297593ec1fae68d398a2302d77d48d,0,0,501cecdda262cbfa73f7a39568e8741d358d700e4d416ec10bba169547b6849d,saved_rule_based,0.43
section_00_source_train_normal_000464,train,source,normal,A,20260901T151827Z-92a6aa2e4849cea633194dd8,20260901T151827Z-92a6aa2e4849cea633194dd8-dg-6d507e8caf75-000169,4,none,none,fast,normal-fast-2,right,normal,clipped/audio_event_clean/normal/20260901T151827Z-92a6aa2e4849cea633194dd8-dg-6d507e8caf75-000169_ch4.wav,3DPrinter/train/section_00_source_train_normal_000464.wav,0183de767e522d04535b2419ad86bc44caaae8d1ed0e02810659bfb046db82ca,960044,197416800,197896800,1093b3922e3fdbb3602ac7ccc37f65321b297593ec1fae68d398a2302d77d48d,0,0,501cecdda262cbfa73f7a39568e8741d358d700e4d416ec10bba169547b6849d,saved_rule_based,0.43
section_00_source_train_normal_000465,train,source,normal,A,20260901T151827Z-92a6aa2e4849cea633194dd8,20260901T151827Z-92a6aa2e4849cea633194dd8-dg-6d507e8caf75-000170,4,none,none,fast,normal-fast-2,right,normal,clipped/audio_event_clean/normal/20260901T151827Z-92a6aa2e4849cea633194dd8-dg-6d507e8caf75-000170_ch4.wav,3DPrinter/train/section_00_source_train_normal_000465.wav,4a4264a007093e5c3270b9a9de3e9e8cacea1ff408f1fcdc8350341c3f39ae8f,960044,197896800,198376800,1093b3922e3fdbb3602ac7ccc37f65321b297593ec1fae68d398a2302d77d48d,0,0,501cecdda262cbfa73f7a39568e8741d358d700e4d416ec10bba169547b6849d,saved_rule_based,0.43
section_00_source_train_normal_000466,train,source,normal,A,20260901T151827Z-92a6aa2e4849cea633194dd8,20260901T151827Z-92a6aa2e4849cea633194dd8-dg-6d507e8caf75-000175,4,none,none,fast,normal-fast-2,right,normal,clipped/audio_event_clean/normal/20260901T151827Z-92a6aa2e4849cea633194dd8-dg-6d507e8caf75-000175_ch4.wav,3DPrinter/train/section_00_source_train_normal_000466.wav,d092e930a072945efe10b0c0da3e968e77408be05bb3a9a87e392d273ee4a884,960044,200296800,200776800,1093b3922e3fdbb3602ac7ccc37f65321b297593ec1fae68d398a2302d77d48d,0,0,501cecdda262cbfa73f7a39568e8741d358d700e4d416ec10bba169547b6849d,saved_rule_based,0.43
section_00_source_train_normal_000467,train,source,normal,A,20260901T151827Z-92a6aa2e4849cea633194dd8,20260901T151827Z-92a6aa2e4849cea633194dd8-dg-6d507e8caf75-000181,4,none,none,fast,normal-fast-2,right,normal,clipped/audio_event_clean/normal/20260901T151827Z-92a6aa2e4849cea633194dd8-dg-6d507e8caf75-000181_ch4.wav,3DPrinter/train/section_00_source_train_normal_000467.wav,5dc1fbed354fb0eedfd08468a12a41ed860a6c3762f100488ba18ed35f5fabc0,960044,203176800,203656800,1093b3922e3fdbb3602ac7ccc37f65321b297593ec1fae68d398a2302d77d48d,0,0,501cecdda262cbfa73f7a39568e8741d358d700e4d416ec10bba169547b6849d,saved_rule_based,0.43
section_00_source_train_normal_000468,train,source,normal,A,20260901T151827Z-92a6aa2e4849cea633194dd8,20260901T151827Z-92a6aa2e4849cea633194dd8-dg-6d507e8caf75-000182,4,none,none,fast,normal-fast-2,right,normal,clipped/audio_event_clean/normal/20260901T151827Z-92a6aa2e4849cea633194dd8-dg-6d507e8caf75-000182_ch4.wav,3DPrinter/train/section_00_source_train_normal_000468.wav,1a40baaa4b78bf29806c977ad442cdbd55c7f281f5aaa04694fd453c404bc04a,960044,203656800,204136800,1093b3922e3fdbb3602ac7ccc37f65321b297593ec1fae68d398a2302d77d48d,0,0,501cecdda262cbfa73f7a39568e8741d358d700e4d416ec10bba169547b6849d,saved_rule_based,0.43
section_00_source_train_normal_000469,train,source,normal,A,20260901T151827Z-92a6aa2e4849cea633194dd8,20260901T151827Z-92a6aa2e4849cea633194dd8-dg-6d507e8caf75-000184,4,none,none,fast,normal-fast-2,right,normal,clipped/audio_event_clean/normal/20260901T151827Z-92a6aa2e4849cea633194dd8-dg-6d507e8caf75-000184_ch4.wav,3DPrinter/train/section_00_source_train_normal_000469.wav,e43ce097496a11e78817bdcb7f35391e180ff689b25fb0b156342a2c990cb730,960044,204616800,205096800,1093b3922e3fdbb3602ac7ccc37f65321b297593ec1fae68d398a2302d77d48d,0,0,501cecdda262cbfa73f7a39568e8741d358d700e4d416ec10bba169547b6849d,saved_rule_based,0.43
section_00_source_train_normal_000470,train,source,normal,A,20260901T151827Z-92a6aa2e4849cea633194dd8,20260901T151827Z-92a6aa2e4849cea633194dd8-dg-6d507e8caf75-000186,4,none,none,fast,normal-fast-2,right,normal,clipped/audio_event_clean/normal/20260901T151827Z-92a6aa2e4849cea633194dd8-dg-6d507e8caf75-000186_ch4.wav,3DPrinter/train/section_00_source_train_normal_000470.wav,36b2689b3326e2e16f9be800ef212e2ff19307a0fc104f0dffd8dbf6e2c2e589,960044,205576800,206056800,1093b3922e3fdbb3602ac7ccc37f65321b297593ec1fae68d398a2302d77d48d,0,0,501cecdda262cbfa73f7a39568e8741d358d700e4d416ec10bba169547b6849d,saved_rule_based,0.43
section_00_source_train_normal_000471,train,source,normal,A,20260901T151827Z-92a6aa2e4849cea633194dd8,20260901T151827Z-92a6aa2e4849cea633194dd8-dg-6d507e8caf75-000187,4,none,none,fast,normal-fast-2,right,normal,clipped/audio_event_clean/normal/20260901T151827Z-92a6aa2e4849cea633194dd8-dg-6d507e8caf75-000187_ch4.wav,3DPrinter/train/section_00_source_train_normal_000471.wav,17bb1256a0ec6feb697906903c21e4e6b30ce56d9a3c4f41fe1467f76d2d4e66,960044,206056800,206536800,1093b3922e3fdbb3602ac7ccc37f65321b297593ec1fae68d398a2302d77d48d,0,0,501cecdda262cbfa73f7a39568e8741d358d700e4d416ec10bba169547b6849d,saved_rule_based,0.43
section_00_source_train_normal_000472,train,source,normal,A,20260901T151827Z-92a6aa2e4849cea633194dd8,20260901T151827Z-92a6aa2e4849cea633194dd8-dg-6d507e8caf75-000188,4,none,none,fast,normal-fast-2,right,normal,clipped/audio_event_clean/normal/20260901T151827Z-92a6aa2e4849cea633194dd8-dg-6d507e8caf75-000188_ch4.wav,3DPrinter/train/section_00_source_train_normal_000472.wav,5733b2e8e0f0276aef08f95f5d3f9e85991da2598b4e444c127a5f0ada2336d9,960044,206536800,207016800,1093b3922e3fdbb3602ac7ccc37f65321b297593ec1fae68d398a2302d77d48d,0,0,501cecdda262cbfa73f7a39568e8741d358d700e4d416ec10bba169547b6849d,saved_rule_based,0.43
section_00_source_train_normal_000473,train,source,normal,A,20260901T151827Z-92a6aa2e4849cea633194dd8,20260901T151827Z-92a6aa2e4849cea633194dd8-dg-6d507e8caf75-000189,4,none,none,fast,normal-fast-2,right,normal,clipped/audio_event_clean/normal/20260901T151827Z-92a6aa2e4849cea633194dd8-dg-6d507e8caf75-000189_ch4.wav,3DPrinter/train/section_00_source_train_normal_000473.wav,94d75c2f030d116f39fa5af64b072892674038f7687a61b9a286338b0ca83a22,960044,207016800,207496800,1093b3922e3fdbb3602ac7ccc37f65321b297593ec1fae68d398a2302d77d48d,0,0,501cecdda262cbfa73f7a39568e8741d358d700e4d416ec10bba169547b6849d,saved_rule_based,0.43
section_00_source_train_normal_000474,train,source,normal,A,20260901T151827Z-92a6aa2e4849cea633194dd8,20260901T151827Z-92a6aa2e4849cea633194dd8-dg-6d507e8caf75-000191,4,none,none,fast,normal-fast-2,right,normal,clipped/audio_event_clean/normal/20260901T151827Z-92a6aa2e4849cea633194dd8-dg-6d507e8caf75-000191_ch4.wav,3DPrinter/train/section_00_source_train_normal_000474.wav,c3ed96ee5a936084a0561b0ff3899d6361462d503eaa15ff582e784ab036cd70,960044,207976800,208456800,1093b3922e3fdbb3602ac7ccc37f65321b297593ec1fae68d398a2302d77d48d,0,0,501cecdda262cbfa73f7a39568e8741d358d700e4d416ec10bba169547b6849d,saved_rule_based,0.43
section_00_source_train_normal_000475,train,source,normal,A,20260901T151827Z-92a6aa2e4849cea633194dd8,20260901T151827Z-92a6aa2e4849cea633194dd8-dg-6d507e8caf75-000192,4,none,none,fast,normal-fast-2,right,normal,clipped/audio_event_clean/normal/20260901T151827Z-92a6aa2e4849cea633194dd8-dg-6d507e8caf75-000192_ch4.wav,3DPrinter/train/section_00_source_train_normal_000475.wav,f0a074068fd7c52b9637405f0391c13789cfab28d0724c59029f998e4275aff3,960044,208456800,208936800,1093b3922e3fdbb3602ac7ccc37f65321b297593ec1fae68d398a2302d77d48d,0,0,501cecdda262cbfa73f7a39568e8741d358d700e4d416ec10bba169547b6849d,saved_rule_based,0.43
section_00_source_train_normal_000476,train,source,normal,A,20260901T151827Z-92a6aa2e4849cea633194dd8,20260901T151827Z-92a6aa2e4849cea633194dd8-dg-6d507e8caf75-000193,4,none,none,fast,normal-fast-2,right,normal,clipped/audio_event_clean/normal/20260901T151827Z-92a6aa2e4849cea633194dd8-dg-6d507e8caf75-000193_ch4.wav,3DPrinter/train/section_00_source_train_normal_000476.wav,c626d2b272841185613dee39c4f6b4dc98f6685b6b4b7538e697c7c9249b33bf,960044,208936800,209416800,1093b3922e3fdbb3602ac7ccc37f65321b297593ec1fae68d398a2302d77d48d,0,0,501cecdda262cbfa73f7a39568e8741d358d700e4d416ec10bba169547b6849d,saved_rule_based,0.43
section_00_source_train_normal_000477,train,source,normal,A,20260901T151827Z-92a6aa2e4849cea633194dd8,20260901T151827Z-92a6aa2e4849cea633194dd8-dg-6d507e8caf75-000194,4,none,none,fast,normal-fast-2,right,normal,clipped/audio_event_clean/normal/20260901T151827Z-92a6aa2e4849cea633194dd8-dg-6d507e8caf75-000194_ch4.wav,3DPrinter/train/section_00_source_train_normal_000477.wav,f883ee2fbf49b6af9fef6f431c23a32ad27345c72450c955c456ecb4635cff27,960044,209416800,209896800,1093b3922e3fdbb3602ac7ccc37f65321b297593ec1fae68d398a2302d77d48d,0,0,501cecdda262cbfa73f7a39568e8741d358d700e4d416ec10bba169547b6849d,saved_rule_based,0.43
section_00_source_train_normal_000478,train,source,normal,A,20260901T151827Z-92a6aa2e4849cea633194dd8,20260901T151827Z-92a6aa2e4849cea633194dd8-dg-6d507e8caf75-000195,4,none,none,fast,normal-fast-2,right,normal,clipped/audio_event_clean/normal/20260901T151827Z-92a6aa2e4849cea633194dd8-dg-6d507e8caf75-000195_ch4.wav,3DPrinter/train/section_00_source_train_normal_000478.wav,84e636c0f05e234f72c165b4ce71addff2e85325061798de884f5e531891a02b,960044,209896800,210376800,1093b3922e3fdbb3602ac7ccc37f65321b297593ec1fae68d398a2302d77d48d,0,0,501cecdda262cbfa73f7a39568e8741d358d700e4d416ec10bba169547b6849d,saved_rule_based,0.43
section_00_source_train_normal_000479,train,source,normal,A,20260901T151827Z-92a6aa2e4849cea633194dd8,20260901T151827Z-92a6aa2e4849cea633194dd8-dg-6d507e8caf75-000196,4,none,none,fast,normal-fast-2,right,normal,clipped/audio_event_clean/normal/20260901T151827Z-92a6aa2e4849cea633194dd8-dg-6d507e8caf75-000196_ch4.wav,3DPrinter/train/section_00_source_train_normal_000479.wav,4a758ca358a49b282a5f10272a1b51a1e7689769f3238ac04cc22897cb22517d,960044,210376800,210856800,1093b3922e3fdbb3602ac7ccc37f65321b297593ec1fae68d398a2302d77d48d,0,0,501cecdda262cbfa73f7a39568e8741d358d700e4d416ec10bba169547b6849d,saved_rule_based,0.43
section_00_source_train_normal_000480,train,source,normal,A,20260901T151827Z-92a6aa2e4849cea633194dd8,20260901T151827Z-92a6aa2e4849cea633194dd8-dg-6d507e8caf75-000197,4,none,none,fast,normal-fast-2,right,normal,clipped/audio_event_clean/normal/20260901T151827Z-92a6aa2e4849cea633194dd8-dg-6d507e8caf75-000197_ch4.wav,3DPrinter/train/section_00_source_train_normal_000480.wav,54e79817ad3a43b321bacfabe6ebcd9e2223d192f644d356eb2a418ddf28141c,960044,210856800,211336800,1093b3922e3fdbb3602ac7ccc37f65321b297593ec1fae68d398a2302d77d48d,0,0,501cecdda262cbfa73f7a39568e8741d358d700e4d416ec10bba169547b6849d,saved_rule_based,0.43
section_00_source_train_normal_000481,train,source,normal,A,20260901T151827Z-92a6aa2e4849cea633194dd8,20260901T151827Z-92a6aa2e4849cea633194dd8-dg-6d507e8caf75-000201,4,none,none,fast,normal-fast-2,right,normal,clipped/audio_event_clean/normal/20260901T151827Z-92a6aa2e4849cea633194dd8-dg-6d507e8caf75-000201_ch4.wav,3DPrinter/train/section_00_source_train_normal_000481.wav,1ee4d3538f9cb8b6eff12c8e9fb8ebc20b4f3cb0669c8a788501338f9e5ba190,960044,212776800,213256800,1093b3922e3fdbb3602ac7ccc37f65321b297593ec1fae68d398a2302d77d48d,0,0,501cecdda262cbfa73f7a39568e8741d358d700e4d416ec10bba169547b6849d,saved_rule_based,0.43
section_00_source_train_normal_000482,train,source,normal,A,20260901T151827Z-92a6aa2e4849cea633194dd8,20260901T151827Z-92a6aa2e4849cea633194dd8-dg-6d507e8caf75-000202,4,none,none,fast,normal-fast-2,right,normal,clipped/audio_event_clean/normal/20260901T151827Z-92a6aa2e4849cea633194dd8-dg-6d507e8caf75-000202_ch4.wav,3DPrinter/train/section_00_source_train_normal_000482.wav,75b587c4aa3a5fdf57a9a922c324e29174541686c8c0d4623ff286f5643da2c4,960044,213256800,213736800,1093b3922e3fdbb3602ac7ccc37f65321b297593ec1fae68d398a2302d77d48d,0,0,501cecdda262cbfa73f7a39568e8741d358d700e4d416ec10bba169547b6849d,saved_rule_based,0.43
section_00_source_train_normal_000483,train,source,normal,A,20260901T151827Z-92a6aa2e4849cea633194dd8,20260901T151827Z-92a6aa2e4849cea633194dd8-dg-6d507e8caf75-000203,4,none,none,fast,normal-fast-2,right,normal,clipped/audio_event_clean/normal/20260901T151827Z-92a6aa2e4849cea633194dd8-dg-6d507e8caf75-000203_ch4.wav,3DPrinter/train/section_00_source_train_normal_000483.wav,e9ed3fd4396be1dbc2daa71eab25d8ebeb56653555f86539bd507c9dcd1c497e,960044,213736800,214216800,1093b3922e3fdbb3602ac7ccc37f65321b297593ec1fae68d398a2302d77d48d,0,0,501cecdda262cbfa73f7a39568e8741d358d700e4d416ec10bba169547b6849d,saved_rule_based,0.43
section_00_source_train_normal_000484,train,source,normal,A,20260901T151827Z-92a6aa2e4849cea633194dd8,20260901T151827Z-92a6aa2e4849cea633194dd8-dg-6d507e8caf75-000205,4,none,none,fast,normal-fast-2,right,normal,clipped/audio_event_clean/normal/20260901T151827Z-92a6aa2e4849cea633194dd8-dg-6d507e8caf75-000205_ch4.wav,3DPrinter/train/section_00_source_train_normal_000484.wav,b208614206ec9ac3cfca58a6f5e64faabacd6aef1f18914faa792916ab5a3a14,960044,214696800,215176800,1093b3922e3fdbb3602ac7ccc37f65321b297593ec1fae68d398a2302d77d48d,0,0,501cecdda262cbfa73f7a39568e8741d358d700e4d416ec10bba169547b6849d,saved_rule_based,0.43
section_00_source_train_normal_000485,train,source,normal,A,20260901T151827Z-92a6aa2e4849cea633194dd8,20260901T151827Z-92a6aa2e4849cea633194dd8-dg-6d507e8caf75-000206,4,none,none,fast,normal-fast-2,right,normal,clipped/audio_event_clean/normal/20260901T151827Z-92a6aa2e4849cea633194dd8-dg-6d507e8caf75-000206_ch4.wav,3DPrinter/train/section_00_source_train_normal_000485.wav,9eb7d8ee76eb8ba224c56395e72f9698eb790ca45cbfa1b55cfb46d58fd89684,960044,215176800,215656800,1093b3922e3fdbb3602ac7ccc37f65321b297593ec1fae68d398a2302d77d48d,0,0,501cecdda262cbfa73f7a39568e8741d358d700e4d416ec10bba169547b6849d,saved_rule_based,0.43
section_00_source_train_normal_000486,train,source,normal,A,20260901T151827Z-92a6aa2e4849cea633194dd8,20260901T151827Z-92a6aa2e4849cea633194dd8-dg-6d507e8caf75-000207,4,none,none,fast,normal-fast-2,right,normal,clipped/audio_event_clean/normal/20260901T151827Z-92a6aa2e4849cea633194dd8-dg-6d507e8caf75-000207_ch4.wav,3DPrinter/train/section_00_source_train_normal_000486.wav,32fa79655e9790cc00d1da18993be4c5efe8c3ce87887f91b1eff291e44d7dcf,960044,215656800,216136800,1093b3922e3fdbb3602ac7ccc37f65321b297593ec1fae68d398a2302d77d48d,0,0,501cecdda262cbfa73f7a39568e8741d358d700e4d416ec10bba169547b6849d,saved_rule_based,0.43
section_00_source_train_normal_000487,train,source,normal,A,20260901T151827Z-92a6aa2e4849cea633194dd8,20260901T151827Z-92a6aa2e4849cea633194dd8-dg-6d507e8caf75-000208,4,none,none,fast,normal-fast-2,right,normal,clipped/audio_event_clean/normal/20260901T151827Z-92a6aa2e4849cea633194dd8-dg-6d507e8caf75-000208_ch4.wav,3DPrinter/train/section_00_source_train_normal_000487.wav,525243c8cfe9db64d3b3f1b6cb254b86d24c9d3dbe754992254b428500115f93,960044,216136800,216616800,1093b3922e3fdbb3602ac7ccc37f65321b297593ec1fae68d398a2302d77d48d,0,0,501cecdda262cbfa73f7a39568e8741d358d700e4d416ec10bba169547b6849d,saved_rule_based,0.43
section_00_source_train_normal_000488,train,source,normal,A,20260901T151827Z-92a6aa2e4849cea633194dd8,20260901T151827Z-92a6aa2e4849cea633194dd8-dg-6d507e8caf75-000209,4,none,none,fast,normal-fast-2,right,normal,clipped/audio_event_clean/normal/20260901T151827Z-92a6aa2e4849cea633194dd8-dg-6d507e8caf75-000209_ch4.wav,3DPrinter/train/section_00_source_train_normal_000488.wav,48ac1e10c1d2360fe457e53aaa80e83583ec42c8f9350f9fecedbcbef2df1146,960044,216616800,217096800,1093b3922e3fdbb3602ac7ccc37f65321b297593ec1fae68d398a2302d77d48d,0,0,501cecdda262cbfa73f7a39568e8741d358d700e4d416ec10bba169547b6849d,saved_rule_based,0.43
section_00_source_train_normal_000489,train,source,normal,A,20260901T151827Z-92a6aa2e4849cea633194dd8,20260901T151827Z-92a6aa2e4849cea633194dd8-dg-6d507e8caf75-000210,4,none,none,fast,normal-fast-2,right,normal,clipped/audio_event_clean/normal/20260901T151827Z-92a6aa2e4849cea633194dd8-dg-6d507e8caf75-000210_ch4.wav,3DPrinter/train/section_00_source_train_normal_000489.wav,1effd73eecc9e70dbebf8ec19b83644b4618d63b9893118a83cd267752ce474f,960044,217096800,217576800,1093b3922e3fdbb3602ac7ccc37f65321b297593ec1fae68d398a2302d77d48d,0,0,501cecdda262cbfa73f7a39568e8741d358d700e4d416ec10bba169547b6849d,saved_rule_based,0.43
section_00_source_train_normal_000490,train,source,normal,A,20260901T151827Z-92a6aa2e4849cea633194dd8,20260901T151827Z-92a6aa2e4849cea633194dd8-dg-6d507e8caf75-000212,4,none,none,fast,normal-fast-2,right,normal,clipped/audio_event_clean/normal/20260901T151827Z-92a6aa2e4849cea633194dd8-dg-6d507e8caf75-000212_ch4.wav,3DPrinter/train/section_00_source_train_normal_000490.wav,3822553369cc075e023bba926d99793996d9febba39a725e8c4b23a8b4872aad,960044,218056800,218536800,1093b3922e3fdbb3602ac7ccc37f65321b297593ec1fae68d398a2302d77d48d,0,0,501cecdda262cbfa73f7a39568e8741d358d700e4d416ec10bba169547b6849d,saved_rule_based,0.43
section_00_source_train_normal_000491,train,source,normal,A,20260901T151827Z-92a6aa2e4849cea633194dd8,20260901T151827Z-92a6aa2e4849cea633194dd8-dg-6d507e8caf75-000213,4,none,none,fast,normal-fast-2,right,normal,clipped/audio_event_clean/normal/20260901T151827Z-92a6aa2e4849cea633194dd8-dg-6d507e8caf75-000213_ch4.wav,3DPrinter/train/section_00_source_train_normal_000491.wav,7466f7edf923a45b489a2745bba21073e96b14e58b3a35f52a3c8d24905c4e71,960044,218536800,219016800,1093b3922e3fdbb3602ac7ccc37f65321b297593ec1fae68d398a2302d77d48d,0,0,501cecdda262cbfa73f7a39568e8741d358d700e4d416ec10bba169547b6849d,saved_rule_based,0.43
section_00_source_train_normal_000492,train,source,normal,A,20260901T151827Z-92a6aa2e4849cea633194dd8,20260901T151827Z-92a6aa2e4849cea633194dd8-dg-6d507e8caf75-000214,4,none,none,fast,normal-fast-2,right,normal,clipped/audio_event_clean/normal/20260901T151827Z-92a6aa2e4849cea633194dd8-dg-6d507e8caf75-000214_ch4.wav,3DPrinter/train/section_00_source_train_normal_000492.wav,b1d8322328c58dd42d3210d78812eb0243625dfcbc4969ec30343f7c4092d0e5,960044,219016800,219496800,1093b3922e3fdbb3602ac7ccc37f65321b297593ec1fae68d398a2302d77d48d,0,0,501cecdda262cbfa73f7a39568e8741d358d700e4d416ec10bba169547b6849d,saved_rule_based,0.43
section_00_source_train_normal_000493,train,source,normal,A,20260901T151827Z-92a6aa2e4849cea633194dd8,20260901T151827Z-92a6aa2e4849cea633194dd8-dg-6d507e8caf75-000216,4,none,none,fast,normal-fast-2,right,normal,clipped/audio_event_clean/normal/20260901T151827Z-92a6aa2e4849cea633194dd8-dg-6d507e8caf75-000216_ch4.wav,3DPrinter/train/section_00_source_train_normal_000493.wav,fb260c7b057884853c1f5de76b8595f44a937cad1cf3e5fd421746c02c7003ed,960044,219976800,220456800,1093b3922e3fdbb3602ac7ccc37f65321b297593ec1fae68d398a2302d77d48d,0,0,501cecdda262cbfa73f7a39568e8741d358d700e4d416ec10bba169547b6849d,saved_rule_based,0.43
section_00_source_train_normal_000494,train,source,normal,A,20260901T151827Z-92a6aa2e4849cea633194dd8,20260901T151827Z-92a6aa2e4849cea633194dd8-dg-6d507e8caf75-000218,4,none,none,fast,normal-fast-2,right,normal,clipped/audio_event_clean/normal/20260901T151827Z-92a6aa2e4849cea633194dd8-dg-6d507e8caf75-000218_ch4.wav,3DPrinter/train/section_00_source_train_normal_000494.wav,f5c16dad55bc31b60fb9dfbc45ea3c0ca5bd9a41c56bc091b2a69062aadcae3e,960044,220936800,221416800,1093b3922e3fdbb3602ac7ccc37f65321b297593ec1fae68d398a2302d77d48d,0,0,501cecdda262cbfa73f7a39568e8741d358d700e4d416ec10bba169547b6849d,saved_rule_based,0.43
section_00_source_train_normal_000495,train,source,normal,C,20260909T155236Z-a0fa60aee1428d67003bdca8,20260909T155236Z-a0fa60aee1428d67003bdca8-dg-9878555e9c6b-000001,2,none,none,fast,normal-fast-1,left,normal,clipped/audio_event_clean/normal/20260909T155236Z-a0fa60aee1428d67003bdca8-dg-9878555e9c6b-000001_ch2.wav,3DPrinter/train/section_00_source_train_normal_000495.wav,e8a1b198c15d6ac807030737cecd9080e5915620cab4854c6a97c33c1918ac7e,960044,8737800000,8738280000,78f98c5f5432ba2b5d65e9dd0f425927e6887fdd70398caaa584f2ea6f8df998,0,0,492d9582ed6119a46f059d4340ad88a9ac43922b010c379d81763026002e3f12,saved_rule_based,1.61
section_00_source_train_normal_000496,train,source,normal,C,20260909T155236Z-a0fa60aee1428d67003bdca8,20260909T155236Z-a0fa60aee1428d67003bdca8-dg-9878555e9c6b-000003,2,none,none,fast,normal-fast-1,left,normal,clipped/audio_event_clean/normal/20260909T155236Z-a0fa60aee1428d67003bdca8-dg-9878555e9c6b-000003_ch2.wav,3DPrinter/train/section_00_source_train_normal_000496.wav,c1e414bd91e974bc8e8ba5129f2c1f00ab9c9860d3fc9dee9a4eff43a5505834,960044,8738760000,8739240000,78f98c5f5432ba2b5d65e9dd0f425927e6887fdd70398caaa584f2ea6f8df998,0,0,492d9582ed6119a46f059d4340ad88a9ac43922b010c379d81763026002e3f12,saved_rule_based,1.61
section_00_source_train_normal_000497,train,source,normal,C,20260909T155236Z-a0fa60aee1428d67003bdca8,20260909T155236Z-a0fa60aee1428d67003bdca8-dg-9878555e9c6b-000004,2,none,none,fast,normal-fast-1,left,normal,clipped/audio_event_clean/normal/20260909T155236Z-a0fa60aee1428d67003bdca8-dg-9878555e9c6b-000004_ch2.wav,3DPrinter/train/section_00_source_train_normal_000497.wav,b1a0fc5078cd5d027e1849f9cee52ccfef502701cf5b8328d75a11ec9a2b7305,960044,8739240000,8739720000,78f98c5f5432ba2b5d65e9dd0f425927e6887fdd70398caaa584f2ea6f8df998,0,0,492d9582ed6119a46f059d4340ad88a9ac43922b010c379d81763026002e3f12,saved_rule_based,1.61
section_00_source_train_normal_000498,train,source,normal,C,20260909T155236Z-a0fa60aee1428d67003bdca8,20260909T155236Z-a0fa60aee1428d67003bdca8-dg-9878555e9c6b-000005,2,none,none,fast,normal-fast-1,left,normal,clipped/audio_event_clean/normal/20260909T155236Z-a0fa60aee1428d67003bdca8-dg-9878555e9c6b-000005_ch2.wav,3DPrinter/train/section_00_source_train_normal_000498.wav,2a756ba28a9a8fa42d6b8cf18379105577ed1aa969e0692fbe94cef72f6a2ea1,960044,8739720000,8740200000,78f98c5f5432ba2b5d65e9dd0f425927e6887fdd70398caaa584f2ea6f8df998,0,0,492d9582ed6119a46f059d4340ad88a9ac43922b010c379d81763026002e3f12,saved_rule_based,1.61
section_00_source_train_normal_000499,train,source,normal,C,20260909T155236Z-a0fa60aee1428d67003bdca8,20260909T155236Z-a0fa60aee1428d67003bdca8-dg-9878555e9c6b-000007,2,none,none,fast,normal-fast-1,left,normal,clipped/audio_event_clean/normal/20260909T155236Z-a0fa60aee1428d67003bdca8-dg-9878555e9c6b-000007_ch2.wav,3DPrinter/train/section_00_source_train_normal_000499.wav,2570d221c592abaad0b5628b69b72201c7265317afb2512069d6b3628f744298,960044,8740680000,8741160000,78f98c5f5432ba2b5d65e9dd0f425927e6887fdd70398caaa584f2ea6f8df998,0,0,492d9582ed6119a46f059d4340ad88a9ac43922b010c379d81763026002e3f12,saved_rule_based,1.61
section_00_source_train_normal_000500,train,source,normal,C,20260909T155236Z-a0fa60aee1428d67003bdca8,20260909T155236Z-a0fa60aee1428d67003bdca8-dg-9878555e9c6b-000008,2,none,none,fast,normal-fast-1,left,normal,clipped/audio_event_clean/normal/20260909T155236Z-a0fa60aee1428d67003bdca8-dg-9878555e9c6b-000008_ch2.wav,3DPrinter/train/section_00_source_train_normal_000500.wav,38cc4fd39f726104b506cefcdf56dacda5674f9e77a2123647b106834253782f,960044,8741160000,8741640000,78f98c5f5432ba2b5d65e9dd0f425927e6887fdd70398caaa584f2ea6f8df998,0,0,492d9582ed6119a46f059d4340ad88a9ac43922b010c379d81763026002e3f12,saved_rule_based,1.61
section_00_source_train_normal_000501,train,source,normal,C,20260909T155236Z-a0fa60aee1428d67003bdca8,20260909T155236Z-a0fa60aee1428d67003bdca8-dg-9878555e9c6b-000009,2,none,none,fast,normal-fast-1,left,normal,clipped/audio_event_clean/normal/20260909T155236Z-a0fa60aee1428d67003bdca8-dg-9878555e9c6b-000009_ch2.wav,3DPrinter/train/section_00_source_train_normal_000501.wav,4de783cc648b0095e1a17c054fa62e936636ab97d12e334f2701db442b0dd006,960044,8741640000,8742120000,78f98c5f5432ba2b5d65e9dd0f425927e6887fdd70398caaa584f2ea6f8df998,0,0,492d9582ed6119a46f059d4340ad88a9ac43922b010c379d81763026002e3f12,saved_rule_based,1.61
section_00_source_train_normal_000502,train,source,normal,C,20260909T155236Z-a0fa60aee1428d67003bdca8,20260909T155236Z-a0fa60aee1428d67003bdca8-dg-9878555e9c6b-000010,2,none,none,fast,normal-fast-1,left,normal,clipped/audio_event_clean/normal/20260909T155236Z-a0fa60aee1428d67003bdca8-dg-9878555e9c6b-000010_ch2.wav,3DPrinter/train/section_00_source_train_normal_000502.wav,799ada7ea5eae48ce35e9cf9da0f68e2aa10b7c049f2565d2316547fae0ce17a,960044,8742120000,8742600000,78f98c5f5432ba2b5d65e9dd0f425927e6887fdd70398caaa584f2ea6f8df998,0,0,492d9582ed6119a46f059d4340ad88a9ac43922b010c379d81763026002e3f12,saved_rule_based,1.61
section_00_source_train_normal_000503,train,source,normal,C,20260909T155236Z-a0fa60aee1428d67003bdca8,20260909T155236Z-a0fa60aee1428d67003bdca8-dg-9878555e9c6b-000013,2,none,none,fast,normal-fast-1,left,normal,clipped/audio_event_clean/normal/20260909T155236Z-a0fa60aee1428d67003bdca8-dg-9878555e9c6b-000013_ch2.wav,3DPrinter/train/section_00_source_train_normal_000503.wav,0796412e70b156445ea5bdbec2e9d340c6a3e5bae19e11951d2fb742c33266ee,960044,8743560000,8744040000,78f98c5f5432ba2b5d65e9dd0f425927e6887fdd70398caaa584f2ea6f8df998,0,0,492d9582ed6119a46f059d4340ad88a9ac43922b010c379d81763026002e3f12,saved_rule_based,1.61
section_00_source_train_normal_000504,train,source,normal,C,20260909T155236Z-a0fa60aee1428d67003bdca8,20260909T155236Z-a0fa60aee1428d67003bdca8-dg-9878555e9c6b-000014,2,none,none,fast,normal-fast-1,left,normal,clipped/audio_event_clean/normal/20260909T155236Z-a0fa60aee1428d67003bdca8-dg-9878555e9c6b-000014_ch2.wav,3DPrinter/train/section_00_source_train_normal_000504.wav,ce84180eaff067e38c96a757cee83ec0b6b89c5565212c1b407d0337e7e262e7,960044,8744040000,8744520000,78f98c5f5432ba2b5d65e9dd0f425927e6887fdd70398caaa584f2ea6f8df998,0,0,492d9582ed6119a46f059d4340ad88a9ac43922b010c379d81763026002e3f12,saved_rule_based,1.61
section_00_source_train_normal_000505,train,source,normal,C,20260909T155236Z-a0fa60aee1428d67003bdca8,20260909T155236Z-a0fa60aee1428d67003bdca8-dg-9878555e9c6b-000015,2,none,none,fast,normal-fast-1,left,normal,clipped/audio_event_clean/normal/20260909T155236Z-a0fa60aee1428d67003bdca8-dg-9878555e9c6b-000015_ch2.wav,3DPrinter/train/section_00_source_train_normal_000505.wav,54edf1573a92c0ce71c3f454af2a221c6287c7c3de3344468bec8f7c91858e46,960044,8744520000,8745000000,78f98c5f5432ba2b5d65e9dd0f425927e6887fdd70398caaa584f2ea6f8df998,0,0,492d9582ed6119a46f059d4340ad88a9ac43922b010c379d81763026002e3f12,saved_rule_based,1.61
section_00_source_train_normal_000506,train,source,normal,C,20260909T155236Z-a0fa60aee1428d67003bdca8,20260909T155236Z-a0fa60aee1428d67003bdca8-dg-9878555e9c6b-000016,2,none,none,fast,normal-fast-1,left,normal,clipped/audio_event_clean/normal/20260909T155236Z-a0fa60aee1428d67003bdca8-dg-9878555e9c6b-000016_ch2.wav,3DPrinter/train/section_00_source_train_normal_000506.wav,322cfc8208485c21df79557100094c58f1f5b0eea267f6d63516e42d7b070556,960044,8745000000,8745480000,78f98c5f5432ba2b5d65e9dd0f425927e6887fdd70398caaa584f2ea6f8df998,0,0,492d9582ed6119a46f059d4340ad88a9ac43922b010c379d81763026002e3f12,saved_rule_based,1.61
section_00_source_train_normal_000507,train,source,normal,C,20260909T155236Z-a0fa60aee1428d67003bdca8,20260909T155236Z-a0fa60aee1428d67003bdca8-dg-9878555e9c6b-000017,2,none,none,fast,normal-fast-1,left,normal,clipped/audio_event_clean/normal/20260909T155236Z-a0fa60aee1428d67003bdca8-dg-9878555e9c6b-000017_ch2.wav,3DPrinter/train/section_00_source_train_normal_000507.wav,c6639f07ddba8a3e5a033542a1283cd51484f22c213255b94e96d9bfdeee8022,960044,8745480000,8745960000,78f98c5f5432ba2b5d65e9dd0f425927e6887fdd70398caaa584f2ea6f8df998,0,0,492d9582ed6119a46f059d4340ad88a9ac43922b010c379d81763026002e3f12,saved_rule_based,1.61
section_00_source_train_normal_000508,train,source,normal,C,20260909T155236Z-a0fa60aee1428d67003bdca8,20260909T155236Z-a0fa60aee1428d67003bdca8-dg-9878555e9c6b-000018,2,none,none,fast,normal-fast-1,left,normal,clipped/audio_event_clean/normal/20260909T155236Z-a0fa60aee1428d67003bdca8-dg-9878555e9c6b-000018_ch2.wav,3DPrinter/train/section_00_source_train_normal_000508.wav,956fbcdc00d4871cca95a55dacc434f80a8a07dd6f1be05a0acd038109fce83b,960044,8745960000,8746440000,78f98c5f5432ba2b5d65e9dd0f425927e6887fdd70398caaa584f2ea6f8df998,0,0,492d9582ed6119a46f059d4340ad88a9ac43922b010c379d81763026002e3f12,saved_rule_based,1.61
section_00_source_train_normal_000509,train,source,normal,C,20260909T155236Z-a0fa60aee1428d67003bdca8,20260909T155236Z-a0fa60aee1428d67003bdca8-dg-9878555e9c6b-000019,2,none,none,fast,normal-fast-1,left,normal,clipped/audio_event_clean/normal/20260909T155236Z-a0fa60aee1428d67003bdca8-dg-9878555e9c6b-000019_ch2.wav,3DPrinter/train/section_00_source_train_normal_000509.wav,4e66e83443e4462baa4d35ae69d827892f9b43ffe0be92bf01a88df557d16ef8,960044,8746440000,8746920000,78f98c5f5432ba2b5d65e9dd0f425927e6887fdd70398caaa584f2ea6f8df998,0,0,492d9582ed6119a46f059d4340ad88a9ac43922b010c379d81763026002e3f12,saved_rule_based,1.61
section_00_source_train_normal_000510,train,source,normal,C,20260909T155236Z-a0fa60aee1428d67003bdca8,20260909T155236Z-a0fa60aee1428d67003bdca8-dg-9878555e9c6b-000021,2,none,none,fast,normal-fast-1,left,normal,clipped/audio_event_clean/normal/20260909T155236Z-a0fa60aee1428d67003bdca8-dg-9878555e9c6b-000021_ch2.wav,3DPrinter/train/section_00_source_train_normal_000510.wav,b0f4debb589d8e8a7ecc91d0779e1a588d6d4c828be640de58d56b9daf33c21d,960044,8747400000,8747880000,78f98c5f5432ba2b5d65e9dd0f425927e6887fdd70398caaa584f2ea6f8df998,0,0,492d9582ed6119a46f059d4340ad88a9ac43922b010c379d81763026002e3f12,saved_rule_based,1.61
section_00_source_train_normal_000511,train,source,normal,C,20260909T155236Z-a0fa60aee1428d67003bdca8,20260909T155236Z-a0fa60aee1428d67003bdca8-dg-9878555e9c6b-000023,2,none,none,fast,normal-fast-1,left,normal,clipped/audio_event_clean/normal/20260909T155236Z-a0fa60aee1428d67003bdca8-dg-9878555e9c6b-000023_ch2.wav,3DPrinter/train/section_00_source_train_normal_000511.wav,e38d1b2751a440e71d70bdde998a9f7e9226134d715457719c5a8de2d72d7b5e,960044,8748360000,8748840000,78f98c5f5432ba2b5d65e9dd0f425927e6887fdd70398caaa584f2ea6f8df998,0,0,492d9582ed6119a46f059d4340ad88a9ac43922b010c379d81763026002e3f12,saved_rule_based,1.61
section_00_source_train_normal_000512,train,source,normal,C,20260909T155236Z-a0fa60aee1428d67003bdca8,20260909T155236Z-a0fa60aee1428d67003bdca8-dg-9878555e9c6b-000024,2,none,none,fast,normal-fast-1,left,normal,clipped/audio_event_clean/normal/20260909T155236Z-a0fa60aee1428d67003bdca8-dg-9878555e9c6b-000024_ch2.wav,3DPrinter/train/section_00_source_train_normal_000512.wav,065384d88d2173993f5275759f8b0ecab99557a64c2cc74c16f46ebf59894336,960044,8748840000,8749320000,78f98c5f5432ba2b5d65e9dd0f425927e6887fdd70398caaa584f2ea6f8df998,0,0,492d9582ed6119a46f059d4340ad88a9ac43922b010c379d81763026002e3f12,saved_rule_based,1.61
section_00_source_train_normal_000513,train,source,normal,C,20260909T155236Z-a0fa60aee1428d67003bdca8,20260909T155236Z-a0fa60aee1428d67003bdca8-dg-9878555e9c6b-000027,2,none,none,fast,normal-fast-1,left,normal,clipped/audio_event_clean/normal/20260909T155236Z-a0fa60aee1428d67003bdca8-dg-9878555e9c6b-000027_ch2.wav,3DPrinter/train/section_00_source_train_normal_000513.wav,0db1aaa5ff79de0838c00d8aaaa2d10ac02f4f1722bb13bdb74366e7236ad1f7,960044,8750280000,8750760000,78f98c5f5432ba2b5d65e9dd0f425927e6887fdd70398caaa584f2ea6f8df998,0,0,492d9582ed6119a46f059d4340ad88a9ac43922b010c379d81763026002e3f12,saved_rule_based,1.61
section_00_source_train_normal_000514,train,source,normal,C,20260909T155236Z-a0fa60aee1428d67003bdca8,20260909T155236Z-a0fa60aee1428d67003bdca8-dg-9878555e9c6b-000028,2,none,none,fast,normal-fast-1,left,normal,clipped/audio_event_clean/normal/20260909T155236Z-a0fa60aee1428d67003bdca8-dg-9878555e9c6b-000028_ch2.wav,3DPrinter/train/section_00_source_train_normal_000514.wav,62a3bd59bee06f6f241bcb41e4fb823fcb22ed700d1ef166e8db6c539315c173,960044,8750760000,8751240000,78f98c5f5432ba2b5d65e9dd0f425927e6887fdd70398caaa584f2ea6f8df998,0,0,492d9582ed6119a46f059d4340ad88a9ac43922b010c379d81763026002e3f12,saved_rule_based,1.61
section_00_source_train_normal_000515,train,source,normal,C,20260909T155236Z-a0fa60aee1428d67003bdca8,20260909T155236Z-a0fa60aee1428d67003bdca8-dg-9878555e9c6b-000031,2,none,none,fast,normal-fast-1,left,normal,clipped/audio_event_clean/normal/20260909T155236Z-a0fa60aee1428d67003bdca8-dg-9878555e9c6b-000031_ch2.wav,3DPrinter/train/section_00_source_train_normal_000515.wav,6ccb374b1a78e89dbbb5e1a244267e06be014c86437e367ea24c876abaf9e672,960044,8752200000,8752680000,78f98c5f5432ba2b5d65e9dd0f425927e6887fdd70398caaa584f2ea6f8df998,0,0,492d9582ed6119a46f059d4340ad88a9ac43922b010c379d81763026002e3f12,saved_rule_based,1.61
section_00_source_train_normal_000516,train,source,normal,C,20260909T155236Z-a0fa60aee1428d67003bdca8,20260909T155236Z-a0fa60aee1428d67003bdca8-dg-9878555e9c6b-000032,2,none,none,fast,normal-fast-1,left,normal,clipped/audio_event_clean/normal/20260909T155236Z-a0fa60aee1428d67003bdca8-dg-9878555e9c6b-000032_ch2.wav,3DPrinter/train/section_00_source_train_normal_000516.wav,7efd00c8785620485e67f73f5496e43068984fde44574898213e8d6f4a6fab47,960044,8752680000,8753160000,78f98c5f5432ba2b5d65e9dd0f425927e6887fdd70398caaa584f2ea6f8df998,0,0,492d9582ed6119a46f059d4340ad88a9ac43922b010c379d81763026002e3f12,saved_rule_based,1.61
section_00_source_train_normal_000517,train,source,normal,C,20260909T155236Z-a0fa60aee1428d67003bdca8,20260909T155236Z-a0fa60aee1428d67003bdca8-dg-9878555e9c6b-000033,2,none,none,fast,normal-fast-1,left,normal,clipped/audio_event_clean/normal/20260909T155236Z-a0fa60aee1428d67003bdca8-dg-9878555e9c6b-000033_ch2.wav,3DPrinter/train/section_00_source_train_normal_000517.wav,f42b4bc5ef837a57beeb52a15a6733859561ad9e129fd2abea368d51a422d64d,960044,8753160000,8753640000,78f98c5f5432ba2b5d65e9dd0f425927e6887fdd70398caaa584f2ea6f8df998,0,0,492d9582ed6119a46f059d4340ad88a9ac43922b010c379d81763026002e3f12,saved_rule_based,1.61
section_00_source_train_normal_000518,train,source,normal,C,20260909T155236Z-a0fa60aee1428d67003bdca8,20260909T155236Z-a0fa60aee1428d67003bdca8-dg-9878555e9c6b-000034,2,none,none,fast,normal-fast-1,left,normal,clipped/audio_event_clean/normal/20260909T155236Z-a0fa60aee1428d67003bdca8-dg-9878555e9c6b-000034_ch2.wav,3DPrinter/train/section_00_source_train_normal_000518.wav,bbedc1b3d4e592d9e9956cda8d77401747ad26b07638c96f61eceafcab580fc0,960044,8753640000,8754120000,78f98c5f5432ba2b5d65e9dd0f425927e6887fdd70398caaa584f2ea6f8df998,0,0,492d9582ed6119a46f059d4340ad88a9ac43922b010c379d81763026002e3f12,saved_rule_based,1.61
section_00_source_train_normal_000519,train,source,normal,C,20260909T155236Z-a0fa60aee1428d67003bdca8,20260909T155236Z-a0fa60aee1428d67003bdca8-dg-9878555e9c6b-000035,2,none,none,fast,normal-fast-1,left,normal,clipped/audio_event_clean/normal/20260909T155236Z-a0fa60aee1428d67003bdca8-dg-9878555e9c6b-000035_ch2.wav,3DPrinter/train/section_00_source_train_normal_000519.wav,006e3f37c69cb529c7bac34a50c57da44407e1ca406653c48db6c92527f5ae92,960044,8754120000,8754600000,78f98c5f5432ba2b5d65e9dd0f425927e6887fdd70398caaa584f2ea6f8df998,0,0,492d9582ed6119a46f059d4340ad88a9ac43922b010c379d81763026002e3f12,saved_rule_based,1.61
section_00_source_train_normal_000520,train,source,normal,C,20260909T155236Z-a0fa60aee1428d67003bdca8,20260909T155236Z-a0fa60aee1428d67003bdca8-dg-9878555e9c6b-000036,2,none,none,fast,normal-fast-1,left,normal,clipped/audio_event_clean/normal/20260909T155236Z-a0fa60aee1428d67003bdca8-dg-9878555e9c6b-000036_ch2.wav,3DPrinter/train/section_00_source_train_normal_000520.wav,04efa72bad34c05bd4c7ec5d9bbf105333f53947c00dad0845d5afaafc1fc783,960044,8754600000,8755080000,78f98c5f5432ba2b5d65e9dd0f425927e6887fdd70398caaa584f2ea6f8df998,0,0,492d9582ed6119a46f059d4340ad88a9ac43922b010c379d81763026002e3f12,saved_rule_based,1.61
section_00_source_train_normal_000521,train,source,normal,C,20260909T155236Z-a0fa60aee1428d67003bdca8,20260909T155236Z-a0fa60aee1428d67003bdca8-dg-9878555e9c6b-000037,2,none,none,fast,normal-fast-1,left,normal,clipped/audio_event_clean/normal/20260909T155236Z-a0fa60aee1428d67003bdca8-dg-9878555e9c6b-000037_ch2.wav,3DPrinter/train/section_00_source_train_normal_000521.wav,f71373451da5cc8df20800af0c5bbc7f7f545b3909c35f3cb3483cd71df2f48b,960044,8755080000,8755560000,78f98c5f5432ba2b5d65e9dd0f425927e6887fdd70398caaa584f2ea6f8df998,0,0,492d9582ed6119a46f059d4340ad88a9ac43922b010c379d81763026002e3f12,saved_rule_based,1.61
section_00_source_train_normal_000522,train,source,normal,C,20260909T155236Z-a0fa60aee1428d67003bdca8,20260909T155236Z-a0fa60aee1428d67003bdca8-dg-9878555e9c6b-000038,2,none,none,fast,normal-fast-1,left,normal,clipped/audio_event_clean/normal/20260909T155236Z-a0fa60aee1428d67003bdca8-dg-9878555e9c6b-000038_ch2.wav,3DPrinter/train/section_00_source_train_normal_000522.wav,c3758f41be956f32131aa75e217d4b1c9fb87b9d2cf4c8f08c805a61603e423a,960044,8755560000,8756040000,78f98c5f5432ba2b5d65e9dd0f425927e6887fdd70398caaa584f2ea6f8df998,0,0,492d9582ed6119a46f059d4340ad88a9ac43922b010c379d81763026002e3f12,saved_rule_based,1.61
section_00_source_train_normal_000523,train,source,normal,C,20260909T155236Z-a0fa60aee1428d67003bdca8,20260909T155236Z-a0fa60aee1428d67003bdca8-dg-9878555e9c6b-000040,2,none,none,fast,normal-fast-1,left,normal,clipped/audio_event_clean/normal/20260909T155236Z-a0fa60aee1428d67003bdca8-dg-9878555e9c6b-000040_ch2.wav,3DPrinter/train/section_00_source_train_normal_000523.wav,348193156fbe517a4840892c86e19a8368bced904cf2b99608e97637b0954031,960044,8756520000,8757000000,78f98c5f5432ba2b5d65e9dd0f425927e6887fdd70398caaa584f2ea6f8df998,0,0,492d9582ed6119a46f059d4340ad88a9ac43922b010c379d81763026002e3f12,saved_rule_based,1.61
section_00_source_train_normal_000524,train,source,normal,C,20260909T155236Z-a0fa60aee1428d67003bdca8,20260909T155236Z-a0fa60aee1428d67003bdca8-dg-9878555e9c6b-000041,2,none,none,fast,normal-fast-1,left,normal,clipped/audio_event_clean/normal/20260909T155236Z-a0fa60aee1428d67003bdca8-dg-9878555e9c6b-000041_ch2.wav,3DPrinter/train/section_00_source_train_normal_000524.wav,cd37b8267d62b980fe5dd6129d4b9273e262a175bd8f1d80488532408d41adbf,960044,8757000000,8757480000,78f98c5f5432ba2b5d65e9dd0f425927e6887fdd70398caaa584f2ea6f8df998,0,0,492d9582ed6119a46f059d4340ad88a9ac43922b010c379d81763026002e3f12,saved_rule_based,1.61
section_00_source_train_normal_000525,train,source,normal,C,20260909T155236Z-a0fa60aee1428d67003bdca8,20260909T155236Z-a0fa60aee1428d67003bdca8-dg-9878555e9c6b-000042,2,none,none,fast,normal-fast-1,left,normal,clipped/audio_event_clean/normal/20260909T155236Z-a0fa60aee1428d67003bdca8-dg-9878555e9c6b-000042_ch2.wav,3DPrinter/train/section_00_source_train_normal_000525.wav,0a8e418815795cdd39149ce89432e1ccb32ef2ed93058875865cefc49de6d34d,960044,8757480000,8757960000,78f98c5f5432ba2b5d65e9dd0f425927e6887fdd70398caaa584f2ea6f8df998,0,0,492d9582ed6119a46f059d4340ad88a9ac43922b010c379d81763026002e3f12,saved_rule_based,1.61
section_00_source_train_normal_000526,train,source,normal,C,20260909T155236Z-a0fa60aee1428d67003bdca8,20260909T155236Z-a0fa60aee1428d67003bdca8-dg-9878555e9c6b-000043,2,none,none,fast,normal-fast-1,left,normal,clipped/audio_event_clean/normal/20260909T155236Z-a0fa60aee1428d67003bdca8-dg-9878555e9c6b-000043_ch2.wav,3DPrinter/train/section_00_source_train_normal_000526.wav,df3647af2039dfdcc1079cc63f6a7e59f9e4fc798b92167f74a297266f5d5e4c,960044,8757960000,8758440000,78f98c5f5432ba2b5d65e9dd0f425927e6887fdd70398caaa584f2ea6f8df998,0,0,492d9582ed6119a46f059d4340ad88a9ac43922b010c379d81763026002e3f12,saved_rule_based,1.61
section_00_source_train_normal_000527,train,source,normal,C,20260909T155236Z-a0fa60aee1428d67003bdca8,20260909T155236Z-a0fa60aee1428d67003bdca8-dg-9878555e9c6b-000046,2,none,none,fast,normal-fast-1,left,normal,clipped/audio_event_clean/normal/20260909T155236Z-a0fa60aee1428d67003bdca8-dg-9878555e9c6b-000046_ch2.wav,3DPrinter/train/section_00_source_train_normal_000527.wav,d6e6fb7dfdb0ffc47f558d49f7065606b55e0ae3d3836f0805370102f5a601a2,960044,8759400000,8759880000,78f98c5f5432ba2b5d65e9dd0f425927e6887fdd70398caaa584f2ea6f8df998,0,0,492d9582ed6119a46f059d4340ad88a9ac43922b010c379d81763026002e3f12,saved_rule_based,1.61
section_00_source_train_normal_000528,train,source,normal,C,20260909T155236Z-a0fa60aee1428d67003bdca8,20260909T155236Z-a0fa60aee1428d67003bdca8-dg-9878555e9c6b-000048,2,none,none,fast,normal-fast-1,left,normal,clipped/audio_event_clean/normal/20260909T155236Z-a0fa60aee1428d67003bdca8-dg-9878555e9c6b-000048_ch2.wav,3DPrinter/train/section_00_source_train_normal_000528.wav,3e5d047e5c71685bea87ff87e7825dd4aff3576ca879b3545e8167e38ff63232,960044,8760360000,8760840000,78f98c5f5432ba2b5d65e9dd0f425927e6887fdd70398caaa584f2ea6f8df998,0,0,492d9582ed6119a46f059d4340ad88a9ac43922b010c379d81763026002e3f12,saved_rule_based,1.61
section_00_source_train_normal_000529,train,source,normal,C,20260909T155236Z-a0fa60aee1428d67003bdca8,20260909T155236Z-a0fa60aee1428d67003bdca8-dg-9878555e9c6b-000051,2,none,none,fast,normal-fast-1,left,normal,clipped/audio_event_clean/normal/20260909T155236Z-a0fa60aee1428d67003bdca8-dg-9878555e9c6b-000051_ch2.wav,3DPrinter/train/section_00_source_train_normal_000529.wav,cb0ec07b4a64b00814743fabd13b2dd0b348218d11b9c6783c2ef8f5e65152a8,960044,8761800000,8762280000,78f98c5f5432ba2b5d65e9dd0f425927e6887fdd70398caaa584f2ea6f8df998,0,0,492d9582ed6119a46f059d4340ad88a9ac43922b010c379d81763026002e3f12,saved_rule_based,1.61
section_00_source_train_normal_000530,train,source,normal,C,20260909T155236Z-a0fa60aee1428d67003bdca8,20260909T155236Z-a0fa60aee1428d67003bdca8-dg-9878555e9c6b-000052,2,none,none,fast,normal-fast-1,left,normal,clipped/audio_event_clean/normal/20260909T155236Z-a0fa60aee1428d67003bdca8-dg-9878555e9c6b-000052_ch2.wav,3DPrinter/train/section_00_source_train_normal_000530.wav,645619e3e3ce50f616f168603d3630d9c8b9cd44a894598ec58c049df5964ae8,960044,8762280000,8762760000,78f98c5f5432ba2b5d65e9dd0f425927e6887fdd70398caaa584f2ea6f8df998,0,0,492d9582ed6119a46f059d4340ad88a9ac43922b010c379d81763026002e3f12,saved_rule_based,1.61
section_00_source_train_normal_000531,train,source,normal,C,20260909T155236Z-a0fa60aee1428d67003bdca8,20260909T155236Z-a0fa60aee1428d67003bdca8-dg-9878555e9c6b-000054,2,none,none,fast,normal-fast-1,left,normal,clipped/audio_event_clean/normal/20260909T155236Z-a0fa60aee1428d67003bdca8-dg-9878555e9c6b-000054_ch2.wav,3DPrinter/train/section_00_source_train_normal_000531.wav,419aa9cfa214d2762deef43518fce132091577b9690a9dc789531cd035257816,960044,8763240000,8763720000,78f98c5f5432ba2b5d65e9dd0f425927e6887fdd70398caaa584f2ea6f8df998,0,0,492d9582ed6119a46f059d4340ad88a9ac43922b010c379d81763026002e3f12,saved_rule_based,1.61
section_00_source_train_normal_000532,train,source,normal,C,20260909T155236Z-a0fa60aee1428d67003bdca8,20260909T155236Z-a0fa60aee1428d67003bdca8-dg-9878555e9c6b-000055,2,none,none,fast,normal-fast-1,left,normal,clipped/audio_event_clean/normal/20260909T155236Z-a0fa60aee1428d67003bdca8-dg-9878555e9c6b-000055_ch2.wav,3DPrinter/train/section_00_source_train_normal_000532.wav,86b98e840803cbdbe96bae94f4427a3fa16238dda23ac91d6ac53cecb7a5e7a3,960044,8763720000,8764200000,78f98c5f5432ba2b5d65e9dd0f425927e6887fdd70398caaa584f2ea6f8df998,0,0,492d9582ed6119a46f059d4340ad88a9ac43922b010c379d81763026002e3f12,saved_rule_based,1.61
section_00_source_train_normal_000533,train,source,normal,C,20260909T155236Z-a0fa60aee1428d67003bdca8,20260909T155236Z-a0fa60aee1428d67003bdca8-dg-9878555e9c6b-000057,2,none,none,fast,normal-fast-1,left,normal,clipped/audio_event_clean/normal/20260909T155236Z-a0fa60aee1428d67003bdca8-dg-9878555e9c6b-000057_ch2.wav,3DPrinter/train/section_00_source_train_normal_000533.wav,da4472bf93bd0dab21441c9107946dd3dca833e54b95431760010d0a709a80b8,960044,8764680000,8765160000,78f98c5f5432ba2b5d65e9dd0f425927e6887fdd70398caaa584f2ea6f8df998,0,0,492d9582ed6119a46f059d4340ad88a9ac43922b010c379d81763026002e3f12,saved_rule_based,1.61
section_00_source_train_normal_000534,train,source,normal,C,20260909T155236Z-a0fa60aee1428d67003bdca8,20260909T155236Z-a0fa60aee1428d67003bdca8-dg-9878555e9c6b-000058,2,none,none,fast,normal-fast-1,left,normal,clipped/audio_event_clean/normal/20260909T155236Z-a0fa60aee1428d67003bdca8-dg-9878555e9c6b-000058_ch2.wav,3DPrinter/train/section_00_source_train_normal_000534.wav,021322f3c36cb6bb7cdcaf87a6ed6aac973f88aa8732b718ed5adbd2a41067da,960044,8765160000,8765640000,78f98c5f5432ba2b5d65e9dd0f425927e6887fdd70398caaa584f2ea6f8df998,0,0,492d9582ed6119a46f059d4340ad88a9ac43922b010c379d81763026002e3f12,saved_rule_based,1.61
section_00_source_train_normal_000535,train,source,normal,C,20260909T155236Z-a0fa60aee1428d67003bdca8,20260909T155236Z-a0fa60aee1428d67003bdca8-dg-9878555e9c6b-000059,2,none,none,fast,normal-fast-1,left,normal,clipped/audio_event_clean/normal/20260909T155236Z-a0fa60aee1428d67003bdca8-dg-9878555e9c6b-000059_ch2.wav,3DPrinter/train/section_00_source_train_normal_000535.wav,d54a8e6b49420d47b104bd985b034d74ab8678b3ba936e61072e19c6a32de463,960044,8765640000,8766120000,78f98c5f5432ba2b5d65e9dd0f425927e6887fdd70398caaa584f2ea6f8df998,0,0,492d9582ed6119a46f059d4340ad88a9ac43922b010c379d81763026002e3f12,saved_rule_based,1.61
section_00_source_train_normal_000536,train,source,normal,C,20260909T155236Z-a0fa60aee1428d67003bdca8,20260909T155236Z-a0fa60aee1428d67003bdca8-dg-9878555e9c6b-000060,2,none,none,fast,normal-fast-1,left,normal,clipped/audio_event_clean/normal/20260909T155236Z-a0fa60aee1428d67003bdca8-dg-9878555e9c6b-000060_ch2.wav,3DPrinter/train/section_00_source_train_normal_000536.wav,16e692dca26cde14b850b014462ae183acbde22c2222eb7a1a322b6220a9fe24,960044,8766120000,8766600000,78f98c5f5432ba2b5d65e9dd0f425927e6887fdd70398caaa584f2ea6f8df998,0,0,492d9582ed6119a46f059d4340ad88a9ac43922b010c379d81763026002e3f12,saved_rule_based,1.61
section_00_source_train_normal_000537,train,source,normal,C,20260909T155236Z-a0fa60aee1428d67003bdca8,20260909T155236Z-a0fa60aee1428d67003bdca8-dg-9878555e9c6b-000061,2,none,none,fast,normal-fast-1,left,normal,clipped/audio_event_clean/normal/20260909T155236Z-a0fa60aee1428d67003bdca8-dg-9878555e9c6b-000061_ch2.wav,3DPrinter/train/section_00_source_train_normal_000537.wav,05da4fe8bab9f3f2ea85f3edeb678385f0c3b508912047d26276c0c25a1c6b68,960044,8766600000,8767080000,78f98c5f5432ba2b5d65e9dd0f425927e6887fdd70398caaa584f2ea6f8df998,0,0,492d9582ed6119a46f059d4340ad88a9ac43922b010c379d81763026002e3f12,saved_rule_based,1.61
section_00_source_train_normal_000538,train,source,normal,C,20260909T155236Z-a0fa60aee1428d67003bdca8,20260909T155236Z-a0fa60aee1428d67003bdca8-dg-9878555e9c6b-000062,2,none,none,fast,normal-fast-1,left,normal,clipped/audio_event_clean/normal/20260909T155236Z-a0fa60aee1428d67003bdca8-dg-9878555e9c6b-000062_ch2.wav,3DPrinter/train/section_00_source_train_normal_000538.wav,97974af4473b69fbd1f0693e0351f4fc037edcc80484e5916f9bc922738d7d07,960044,8767080000,8767560000,78f98c5f5432ba2b5d65e9dd0f425927e6887fdd70398caaa584f2ea6f8df998,0,0,492d9582ed6119a46f059d4340ad88a9ac43922b010c379d81763026002e3f12,saved_rule_based,1.61
section_00_source_train_normal_000539,train,source,normal,C,20260909T155236Z-a0fa60aee1428d67003bdca8,20260909T155236Z-a0fa60aee1428d67003bdca8-dg-9878555e9c6b-000063,2,none,none,fast,normal-fast-1,left,normal,clipped/audio_event_clean/normal/20260909T155236Z-a0fa60aee1428d67003bdca8-dg-9878555e9c6b-000063_ch2.wav,3DPrinter/train/section_00_source_train_normal_000539.wav,04ba7cb21efe5a4a8f71cb62b2d04a1a973a05d04f42f1ff6cd1c890835b5f5b,960044,8767560000,8768040000,78f98c5f5432ba2b5d65e9dd0f425927e6887fdd70398caaa584f2ea6f8df998,0,0,492d9582ed6119a46f059d4340ad88a9ac43922b010c379d81763026002e3f12,saved_rule_based,1.61
section_00_source_train_normal_000540,train,source,normal,C,20260909T155236Z-a0fa60aee1428d67003bdca8,20260909T155236Z-a0fa60aee1428d67003bdca8-dg-9878555e9c6b-000064,2,none,none,fast,normal-fast-1,left,normal,clipped/audio_event_clean/normal/20260909T155236Z-a0fa60aee1428d67003bdca8-dg-9878555e9c6b-000064_ch2.wav,3DPrinter/train/section_00_source_train_normal_000540.wav,3079df1347c29e4a5dd7a7f060b5c346db70307d9dcf07b9177e5aef272244b8,960044,8768040000,8768520000,78f98c5f5432ba2b5d65e9dd0f425927e6887fdd70398caaa584f2ea6f8df998,0,0,492d9582ed6119a46f059d4340ad88a9ac43922b010c379d81763026002e3f12,saved_rule_based,1.61
section_00_source_train_normal_000541,train,source,normal,C,20260909T155236Z-a0fa60aee1428d67003bdca8,20260909T155236Z-a0fa60aee1428d67003bdca8-dg-9878555e9c6b-000066,2,none,none,fast,normal-fast-1,left,normal,clipped/audio_event_clean/normal/20260909T155236Z-a0fa60aee1428d67003bdca8-dg-9878555e9c6b-000066_ch2.wav,3DPrinter/train/section_00_source_train_normal_000541.wav,dfa820e16b83553a50ce809968a3835c31638cf0e873b8253e01d8fa03765223,960044,8769000000,8769480000,78f98c5f5432ba2b5d65e9dd0f425927e6887fdd70398caaa584f2ea6f8df998,0,0,492d9582ed6119a46f059d4340ad88a9ac43922b010c379d81763026002e3f12,saved_rule_based,1.61
section_00_source_train_normal_000542,train,source,normal,C,20260909T155236Z-a0fa60aee1428d67003bdca8,20260909T155236Z-a0fa60aee1428d67003bdca8-dg-9878555e9c6b-000067,2,none,none,fast,normal-fast-1,left,normal,clipped/audio_event_clean/normal/20260909T155236Z-a0fa60aee1428d67003bdca8-dg-9878555e9c6b-000067_ch2.wav,3DPrinter/train/section_00_source_train_normal_000542.wav,2aa9ff2f42b6bd20b66c57d83d1095358b1e6180da5743b9375e61737600ee69,960044,8769480000,8769960000,78f98c5f5432ba2b5d65e9dd0f425927e6887fdd70398caaa584f2ea6f8df998,0,0,492d9582ed6119a46f059d4340ad88a9ac43922b010c379d81763026002e3f12,saved_rule_based,1.61
section_00_source_train_normal_000543,train,source,normal,C,20260909T155236Z-a0fa60aee1428d67003bdca8,20260909T155236Z-a0fa60aee1428d67003bdca8-dg-9878555e9c6b-000068,2,none,none,fast,normal-fast-1,left,normal,clipped/audio_event_clean/normal/20260909T155236Z-a0fa60aee1428d67003bdca8-dg-9878555e9c6b-000068_ch2.wav,3DPrinter/train/section_00_source_train_normal_000543.wav,e679dabef8356f9197e7ec27ff4f2a2fe0eb34f4f57855937766af581945f29b,960044,8769960000,8770440000,78f98c5f5432ba2b5d65e9dd0f425927e6887fdd70398caaa584f2ea6f8df998,0,0,492d9582ed6119a46f059d4340ad88a9ac43922b010c379d81763026002e3f12,saved_rule_based,1.61
section_00_source_train_normal_000544,train,source,normal,C,20260909T155236Z-a0fa60aee1428d67003bdca8,20260909T155236Z-a0fa60aee1428d67003bdca8-dg-9878555e9c6b-000070,2,none,none,fast,normal-fast-1,left,normal,clipped/audio_event_clean/normal/20260909T155236Z-a0fa60aee1428d67003bdca8-dg-9878555e9c6b-000070_ch2.wav,3DPrinter/train/section_00_source_train_normal_000544.wav,2c5ecebf8d08f84de66bc69adde78d67b5cab220568264cfb7349f7e9ce2bee3,960044,8770920000,8771400000,78f98c5f5432ba2b5d65e9dd0f425927e6887fdd70398caaa584f2ea6f8df998,0,0,492d9582ed6119a46f059d4340ad88a9ac43922b010c379d81763026002e3f12,saved_rule_based,1.61
section_00_source_train_normal_000545,train,source,normal,C,20260909T155236Z-a0fa60aee1428d67003bdca8,20260909T155236Z-a0fa60aee1428d67003bdca8-dg-9878555e9c6b-000072,2,none,none,fast,normal-fast-1,left,normal,clipped/audio_event_clean/normal/20260909T155236Z-a0fa60aee1428d67003bdca8-dg-9878555e9c6b-000072_ch2.wav,3DPrinter/train/section_00_source_train_normal_000545.wav,d4cb361637700b469865353921a3faed513007664c1e1de5a1a7d7be21ae399c,960044,8771880000,8772360000,78f98c5f5432ba2b5d65e9dd0f425927e6887fdd70398caaa584f2ea6f8df998,0,0,492d9582ed6119a46f059d4340ad88a9ac43922b010c379d81763026002e3f12,saved_rule_based,1.61
section_00_source_train_normal_000546,train,source,normal,C,20260909T155236Z-a0fa60aee1428d67003bdca8,20260909T155236Z-a0fa60aee1428d67003bdca8-dg-9878555e9c6b-000073,2,none,none,fast,normal-fast-1,left,normal,clipped/audio_event_clean/normal/20260909T155236Z-a0fa60aee1428d67003bdca8-dg-9878555e9c6b-000073_ch2.wav,3DPrinter/train/section_00_source_train_normal_000546.wav,6b7c27a5e8d5141a8c77941d7ce1c6a11d60e9baa5c9d98389e8b524c45e71b7,960044,8772360000,8772840000,78f98c5f5432ba2b5d65e9dd0f425927e6887fdd70398caaa584f2ea6f8df998,0,0,492d9582ed6119a46f059d4340ad88a9ac43922b010c379d81763026002e3f12,saved_rule_based,1.61
section_00_source_train_normal_000547,train,source,normal,C,20260909T155236Z-a0fa60aee1428d67003bdca8,20260909T155236Z-a0fa60aee1428d67003bdca8-dg-9878555e9c6b-000074,2,none,none,fast,normal-fast-1,left,normal,clipped/audio_event_clean/normal/20260909T155236Z-a0fa60aee1428d67003bdca8-dg-9878555e9c6b-000074_ch2.wav,3DPrinter/train/section_00_source_train_normal_000547.wav,e8ff4e128ac81a5c87162852834f7386cfba4ba0072e6468d5cde9a9aa9ae43f,960044,8772840000,8773320000,78f98c5f5432ba2b5d65e9dd0f425927e6887fdd70398caaa584f2ea6f8df998,0,0,492d9582ed6119a46f059d4340ad88a9ac43922b010c379d81763026002e3f12,saved_rule_based,1.61
section_00_source_train_normal_000548,train,source,normal,C,20260909T155236Z-a0fa60aee1428d67003bdca8,20260909T155236Z-a0fa60aee1428d67003bdca8-dg-9878555e9c6b-000076,2,none,none,fast,normal-fast-1,left,normal,clipped/audio_event_clean/normal/20260909T155236Z-a0fa60aee1428d67003bdca8-dg-9878555e9c6b-000076_ch2.wav,3DPrinter/train/section_00_source_train_normal_000548.wav,e7f2cfa24cbe6621ebec91195e135a4e85face2983930ea2b96193a6fbcafa26,960044,8773800000,8774280000,78f98c5f5432ba2b5d65e9dd0f425927e6887fdd70398caaa584f2ea6f8df998,0,0,492d9582ed6119a46f059d4340ad88a9ac43922b010c379d81763026002e3f12,saved_rule_based,1.61
section_00_source_train_normal_000549,train,source,normal,C,20260909T155236Z-a0fa60aee1428d67003bdca8,20260909T155236Z-a0fa60aee1428d67003bdca8-dg-9878555e9c6b-000077,2,none,none,fast,normal-fast-1,left,normal,clipped/audio_event_clean/normal/20260909T155236Z-a0fa60aee1428d67003bdca8-dg-9878555e9c6b-000077_ch2.wav,3DPrinter/train/section_00_source_train_normal_000549.wav,7ded5aed99020796696d77beff4873a1a6d209b2be04c5c6f2e8ab8745866a74,960044,8774280000,8774760000,78f98c5f5432ba2b5d65e9dd0f425927e6887fdd70398caaa584f2ea6f8df998,0,0,492d9582ed6119a46f059d4340ad88a9ac43922b010c379d81763026002e3f12,saved_rule_based,1.61
section_00_source_train_normal_000550,train,source,normal,C,20260909T155236Z-a0fa60aee1428d67003bdca8,20260909T155236Z-a0fa60aee1428d67003bdca8-dg-9878555e9c6b-000078,2,none,none,fast,normal-fast-1,left,normal,clipped/audio_event_clean/normal/20260909T155236Z-a0fa60aee1428d67003bdca8-dg-9878555e9c6b-000078_ch2.wav,3DPrinter/train/section_00_source_train_normal_000550.wav,a8e74b73fd53da8737442478aba304736bffcdbb5d91166d7620d7120aeb2b16,960044,8774760000,8775240000,78f98c5f5432ba2b5d65e9dd0f425927e6887fdd70398caaa584f2ea6f8df998,0,0,492d9582ed6119a46f059d4340ad88a9ac43922b010c379d81763026002e3f12,saved_rule_based,1.61
section_00_source_train_normal_000551,train,source,normal,C,20260909T155236Z-a0fa60aee1428d67003bdca8,20260909T155236Z-a0fa60aee1428d67003bdca8-dg-9878555e9c6b-000079,2,none,none,fast,normal-fast-1,left,normal,clipped/audio_event_clean/normal/20260909T155236Z-a0fa60aee1428d67003bdca8-dg-9878555e9c6b-000079_ch2.wav,3DPrinter/train/section_00_source_train_normal_000551.wav,301a8ba7ff671f06a303251cb24e559e0c9878e6f328a2d30ded012258c6b890,960044,8775240000,8775720000,78f98c5f5432ba2b5d65e9dd0f425927e6887fdd70398caaa584f2ea6f8df998,0,0,492d9582ed6119a46f059d4340ad88a9ac43922b010c379d81763026002e3f12,saved_rule_based,1.61
section_00_source_train_normal_000552,train,source,normal,C,20260909T155236Z-a0fa60aee1428d67003bdca8,20260909T155236Z-a0fa60aee1428d67003bdca8-dg-9878555e9c6b-000080,2,none,none,fast,normal-fast-1,left,normal,clipped/audio_event_clean/normal/20260909T155236Z-a0fa60aee1428d67003bdca8-dg-9878555e9c6b-000080_ch2.wav,3DPrinter/train/section_00_source_train_normal_000552.wav,51e57b66f38a52610ec208a8264e4a734f73b7f26ae03b0b13c632bad92be425,960044,8775720000,8776200000,78f98c5f5432ba2b5d65e9dd0f425927e6887fdd70398caaa584f2ea6f8df998,0,0,492d9582ed6119a46f059d4340ad88a9ac43922b010c379d81763026002e3f12,saved_rule_based,1.61
section_00_source_train_normal_000553,train,source,normal,C,20260909T155236Z-a0fa60aee1428d67003bdca8,20260909T155236Z-a0fa60aee1428d67003bdca8-dg-9878555e9c6b-000081,2,none,none,fast,normal-fast-1,left,normal,clipped/audio_event_clean/normal/20260909T155236Z-a0fa60aee1428d67003bdca8-dg-9878555e9c6b-000081_ch2.wav,3DPrinter/train/section_00_source_train_normal_000553.wav,00065b24cddafeab987dab97b742b5a27dbb2343e359bff20515c91c4674a615,960044,8776200000,8776680000,78f98c5f5432ba2b5d65e9dd0f425927e6887fdd70398caaa584f2ea6f8df998,0,0,492d9582ed6119a46f059d4340ad88a9ac43922b010c379d81763026002e3f12,saved_rule_based,1.61
section_00_source_train_normal_000554,train,source,normal,C,20260909T155236Z-a0fa60aee1428d67003bdca8,20260909T155236Z-a0fa60aee1428d67003bdca8-dg-9878555e9c6b-000082,2,none,none,fast,normal-fast-1,left,normal,clipped/audio_event_clean/normal/20260909T155236Z-a0fa60aee1428d67003bdca8-dg-9878555e9c6b-000082_ch2.wav,3DPrinter/train/section_00_source_train_normal_000554.wav,9b987a8af08189689d3a091149f5a4309982248566cd57d4c0b13a0bbae75778,960044,8776680000,8777160000,78f98c5f5432ba2b5d65e9dd0f425927e6887fdd70398caaa584f2ea6f8df998,0,0,492d9582ed6119a46f059d4340ad88a9ac43922b010c379d81763026002e3f12,saved_rule_based,1.61
section_00_source_train_normal_000555,train,source,normal,C,20260909T155236Z-a0fa60aee1428d67003bdca8,20260909T155236Z-a0fa60aee1428d67003bdca8-dg-9878555e9c6b-000083,2,none,none,fast,normal-fast-1,left,normal,clipped/audio_event_clean/normal/20260909T155236Z-a0fa60aee1428d67003bdca8-dg-9878555e9c6b-000083_ch2.wav,3DPrinter/train/section_00_source_train_normal_000555.wav,1c72e95dbcd734e2898dd4664ed43127800c6cfc55c94aacb738ea89fe6c8697,960044,8777160000,8777640000,78f98c5f5432ba2b5d65e9dd0f425927e6887fdd70398caaa584f2ea6f8df998,0,0,492d9582ed6119a46f059d4340ad88a9ac43922b010c379d81763026002e3f12,saved_rule_based,1.61
section_00_source_train_normal_000556,train,source,normal,C,20260909T155236Z-a0fa60aee1428d67003bdca8,20260909T155236Z-a0fa60aee1428d67003bdca8-dg-9878555e9c6b-000084,2,none,none,fast,normal-fast-1,left,normal,clipped/audio_event_clean/normal/20260909T155236Z-a0fa60aee1428d67003bdca8-dg-9878555e9c6b-000084_ch2.wav,3DPrinter/train/section_00_source_train_normal_000556.wav,1f3aeac210c05ff0d00909a347533eb5a402b2bc0cba009052aa8513a3aa5fbf,960044,8777640000,8778120000,78f98c5f5432ba2b5d65e9dd0f425927e6887fdd70398caaa584f2ea6f8df998,0,0,492d9582ed6119a46f059d4340ad88a9ac43922b010c379d81763026002e3f12,saved_rule_based,1.61
section_00_source_train_normal_000557,train,source,normal,C,20260909T155236Z-a0fa60aee1428d67003bdca8,20260909T155236Z-a0fa60aee1428d67003bdca8-dg-9878555e9c6b-000085,2,none,none,fast,normal-fast-1,left,normal,clipped/audio_event_clean/normal/20260909T155236Z-a0fa60aee1428d67003bdca8-dg-9878555e9c6b-000085_ch2.wav,3DPrinter/train/section_00_source_train_normal_000557.wav,56c797dc8e9aa6ec51796a0cba63ad4fcf3874a716cc9116455cd2fb66e73b6c,960044,8778120000,8778600000,78f98c5f5432ba2b5d65e9dd0f425927e6887fdd70398caaa584f2ea6f8df998,0,0,492d9582ed6119a46f059d4340ad88a9ac43922b010c379d81763026002e3f12,saved_rule_based,1.61
section_00_source_train_normal_000558,train,source,normal,C,20260909T155236Z-a0fa60aee1428d67003bdca8,20260909T155236Z-a0fa60aee1428d67003bdca8-dg-9878555e9c6b-000086,2,none,none,fast,normal-fast-1,left,normal,clipped/audio_event_clean/normal/20260909T155236Z-a0fa60aee1428d67003bdca8-dg-9878555e9c6b-000086_ch2.wav,3DPrinter/train/section_00_source_train_normal_000558.wav,f4a308383ef29b6d1496ecb4a25654c273cf1cb7ddbbdcacb0c3f1fa2fd8e46a,960044,8778600000,8779080000,78f98c5f5432ba2b5d65e9dd0f425927e6887fdd70398caaa584f2ea6f8df998,0,0,492d9582ed6119a46f059d4340ad88a9ac43922b010c379d81763026002e3f12,saved_rule_based,1.61
section_00_source_train_normal_000559,train,source,normal,C,20260909T155236Z-a0fa60aee1428d67003bdca8,20260909T155236Z-a0fa60aee1428d67003bdca8-dg-9878555e9c6b-000087,2,none,none,fast,normal-fast-1,left,normal,clipped/audio_event_clean/normal/20260909T155236Z-a0fa60aee1428d67003bdca8-dg-9878555e9c6b-000087_ch2.wav,3DPrinter/train/section_00_source_train_normal_000559.wav,c624151d6e66abe62f14939a33f996abb5cc44e920f20e3f433515ac50dd6ec3,960044,8779080000,8779560000,78f98c5f5432ba2b5d65e9dd0f425927e6887fdd70398caaa584f2ea6f8df998,0,0,492d9582ed6119a46f059d4340ad88a9ac43922b010c379d81763026002e3f12,saved_rule_based,1.61
section_00_source_train_normal_000560,train,source,normal,C,20260909T155236Z-a0fa60aee1428d67003bdca8,20260909T155236Z-a0fa60aee1428d67003bdca8-dg-9878555e9c6b-000088,2,none,none,fast,normal-fast-1,left,normal,clipped/audio_event_clean/normal/20260909T155236Z-a0fa60aee1428d67003bdca8-dg-9878555e9c6b-000088_ch2.wav,3DPrinter/train/section_00_source_train_normal_000560.wav,151c41204914764f868a1a5971534e5d810f64fa895f71dc9c11df67648887a6,960044,8779560000,8780040000,78f98c5f5432ba2b5d65e9dd0f425927e6887fdd70398caaa584f2ea6f8df998,0,0,492d9582ed6119a46f059d4340ad88a9ac43922b010c379d81763026002e3f12,saved_rule_based,1.61
section_00_source_train_normal_000561,train,source,normal,C,20260909T155236Z-a0fa60aee1428d67003bdca8,20260909T155236Z-a0fa60aee1428d67003bdca8-dg-9878555e9c6b-000089,2,none,none,fast,normal-fast-1,left,normal,clipped/audio_event_clean/normal/20260909T155236Z-a0fa60aee1428d67003bdca8-dg-9878555e9c6b-000089_ch2.wav,3DPrinter/train/section_00_source_train_normal_000561.wav,b3ef9ce9e1f9727b0e5e0aeb0e3875a4a85a4d39693f9e0ff8d4e0763477f035,960044,8780040000,8780520000,78f98c5f5432ba2b5d65e9dd0f425927e6887fdd70398caaa584f2ea6f8df998,0,0,492d9582ed6119a46f059d4340ad88a9ac43922b010c379d81763026002e3f12,saved_rule_based,1.61
section_00_source_train_normal_000562,train,source,normal,C,20260909T155236Z-a0fa60aee1428d67003bdca8,20260909T155236Z-a0fa60aee1428d67003bdca8-dg-9878555e9c6b-000090,2,none,none,fast,normal-fast-1,left,normal,clipped/audio_event_clean/normal/20260909T155236Z-a0fa60aee1428d67003bdca8-dg-9878555e9c6b-000090_ch2.wav,3DPrinter/train/section_00_source_train_normal_000562.wav,4443b37ded5069e296fee0cfafcca65a51b77e8bff1ea891ed54d96d16bb9da9,960044,8780520000,8781000000,78f98c5f5432ba2b5d65e9dd0f425927e6887fdd70398caaa584f2ea6f8df998,0,0,492d9582ed6119a46f059d4340ad88a9ac43922b010c379d81763026002e3f12,saved_rule_based,1.61
section_00_source_train_normal_000563,train,source,normal,C,20260909T155236Z-a0fa60aee1428d67003bdca8,20260909T155236Z-a0fa60aee1428d67003bdca8-dg-9878555e9c6b-000091,2,none,none,fast,normal-fast-1,left,normal,clipped/audio_event_clean/normal/20260909T155236Z-a0fa60aee1428d67003bdca8-dg-9878555e9c6b-000091_ch2.wav,3DPrinter/train/section_00_source_train_normal_000563.wav,06fabc35f4fbc484a091f35be76b5e5e3375205eb784e94d6998d5711c3ced6f,960044,8781000000,8781480000,78f98c5f5432ba2b5d65e9dd0f425927e6887fdd70398caaa584f2ea6f8df998,0,0,492d9582ed6119a46f059d4340ad88a9ac43922b010c379d81763026002e3f12,saved_rule_based,1.61
section_00_source_train_normal_000564,train,source,normal,C,20260909T155236Z-a0fa60aee1428d67003bdca8,20260909T155236Z-a0fa60aee1428d67003bdca8-dg-9878555e9c6b-000093,2,none,none,fast,normal-fast-1,left,normal,clipped/audio_event_clean/normal/20260909T155236Z-a0fa60aee1428d67003bdca8-dg-9878555e9c6b-000093_ch2.wav,3DPrinter/train/section_00_source_train_normal_000564.wav,b6a94a7b9f4d0b15b36fbfc3cd5911caf5900546e9935c09b651998d8fd9ff7d,960044,8781960000,8782440000,78f98c5f5432ba2b5d65e9dd0f425927e6887fdd70398caaa584f2ea6f8df998,0,0,492d9582ed6119a46f059d4340ad88a9ac43922b010c379d81763026002e3f12,saved_rule_based,1.61
section_00_source_train_normal_000565,train,source,normal,C,20260909T155236Z-a0fa60aee1428d67003bdca8,20260909T155236Z-a0fa60aee1428d67003bdca8-dg-9878555e9c6b-000094,2,none,none,fast,normal-fast-1,left,normal,clipped/audio_event_clean/normal/20260909T155236Z-a0fa60aee1428d67003bdca8-dg-9878555e9c6b-000094_ch2.wav,3DPrinter/train/section_00_source_train_normal_000565.wav,d76080601b285144dcfe1686ae2b570d6b7933930233e43f57e2513d66c65795,960044,8782440000,8782920000,78f98c5f5432ba2b5d65e9dd0f425927e6887fdd70398caaa584f2ea6f8df998,0,0,492d9582ed6119a46f059d4340ad88a9ac43922b010c379d81763026002e3f12,saved_rule_based,1.61
section_00_source_train_normal_000566,train,source,normal,C,20260909T155236Z-a0fa60aee1428d67003bdca8,20260909T155236Z-a0fa60aee1428d67003bdca8-dg-9878555e9c6b-000095,2,none,none,fast,normal-fast-1,left,normal,clipped/audio_event_clean/normal/20260909T155236Z-a0fa60aee1428d67003bdca8-dg-9878555e9c6b-000095_ch2.wav,3DPrinter/train/section_00_source_train_normal_000566.wav,c3ce3798f631657c5169ddbfd95c45fc94ddf4d2686ff9eb0587e0fd4a6a5c10,960044,8782920000,8783400000,78f98c5f5432ba2b5d65e9dd0f425927e6887fdd70398caaa584f2ea6f8df998,0,0,492d9582ed6119a46f059d4340ad88a9ac43922b010c379d81763026002e3f12,saved_rule_based,1.61
section_00_source_train_normal_000567,train,source,normal,C,20260909T155236Z-a0fa60aee1428d67003bdca8,20260909T155236Z-a0fa60aee1428d67003bdca8-dg-9878555e9c6b-000096,2,none,none,fast,normal-fast-1,left,normal,clipped/audio_event_clean/normal/20260909T155236Z-a0fa60aee1428d67003bdca8-dg-9878555e9c6b-000096_ch2.wav,3DPrinter/train/section_00_source_train_normal_000567.wav,369373a933519aebb353dcbce8fca7b5faf5c11cae49ca0913982028dbbdd3ec,960044,8783400000,8783880000,78f98c5f5432ba2b5d65e9dd0f425927e6887fdd70398caaa584f2ea6f8df998,0,0,492d9582ed6119a46f059d4340ad88a9ac43922b010c379d81763026002e3f12,saved_rule_based,1.61
section_00_source_train_normal_000568,train,source,normal,C,20260909T155236Z-a0fa60aee1428d67003bdca8,20260909T155236Z-a0fa60aee1428d67003bdca8-dg-9878555e9c6b-000097,2,none,none,fast,normal-fast-1,left,normal,clipped/audio_event_clean/normal/20260909T155236Z-a0fa60aee1428d67003bdca8-dg-9878555e9c6b-000097_ch2.wav,3DPrinter/train/section_00_source_train_normal_000568.wav,4cc0049455336d0e51d99b1e28c060e030a45435920cd2c2c71fda0c2fac3278,960044,8783880000,8784360000,78f98c5f5432ba2b5d65e9dd0f425927e6887fdd70398caaa584f2ea6f8df998,0,0,492d9582ed6119a46f059d4340ad88a9ac43922b010c379d81763026002e3f12,saved_rule_based,1.61
section_00_source_train_normal_000569,train,source,normal,C,20260909T155236Z-a0fa60aee1428d67003bdca8,20260909T155236Z-a0fa60aee1428d67003bdca8-dg-9878555e9c6b-000098,2,none,none,fast,normal-fast-1,left,normal,clipped/audio_event_clean/normal/20260909T155236Z-a0fa60aee1428d67003bdca8-dg-9878555e9c6b-000098_ch2.wav,3DPrinter/train/section_00_source_train_normal_000569.wav,ab642f2bc7cc5296ed586b9f1017dc38333c6b4aaa5edf6563dac8919780b15e,960044,8784360000,8784840000,78f98c5f5432ba2b5d65e9dd0f425927e6887fdd70398caaa584f2ea6f8df998,0,0,492d9582ed6119a46f059d4340ad88a9ac43922b010c379d81763026002e3f12,saved_rule_based,1.61
section_00_source_train_normal_000570,train,source,normal,C,20260909T155236Z-a0fa60aee1428d67003bdca8,20260909T155236Z-a0fa60aee1428d67003bdca8-dg-9878555e9c6b-000100,2,none,none,fast,normal-fast-1,left,normal,clipped/audio_event_clean/normal/20260909T155236Z-a0fa60aee1428d67003bdca8-dg-9878555e9c6b-000100_ch2.wav,3DPrinter/train/section_00_source_train_normal_000570.wav,71d76a81f1e0fd87d31789ee35c377687418a2b084e08b5e43a94857a6e328a8,960044,8785320000,8785800000,78f98c5f5432ba2b5d65e9dd0f425927e6887fdd70398caaa584f2ea6f8df998,0,0,492d9582ed6119a46f059d4340ad88a9ac43922b010c379d81763026002e3f12,saved_rule_based,1.61
section_00_source_train_normal_000571,train,source,normal,C,20260909T155236Z-a0fa60aee1428d67003bdca8,20260909T155236Z-a0fa60aee1428d67003bdca8-dg-9878555e9c6b-000101,2,none,none,fast,normal-fast-1,left,normal,clipped/audio_event_clean/normal/20260909T155236Z-a0fa60aee1428d67003bdca8-dg-9878555e9c6b-000101_ch2.wav,3DPrinter/train/section_00_source_train_normal_000571.wav,ea75d840cf51e7e439dba5b6cdf7c7e38ba5a1f60b158d71265e86eff9acb92a,960044,8785800000,8786280000,78f98c5f5432ba2b5d65e9dd0f425927e6887fdd70398caaa584f2ea6f8df998,0,0,492d9582ed6119a46f059d4340ad88a9ac43922b010c379d81763026002e3f12,saved_rule_based,1.61
section_00_source_train_normal_000572,train,source,normal,C,20260909T155236Z-a0fa60aee1428d67003bdca8,20260909T155236Z-a0fa60aee1428d67003bdca8-dg-9878555e9c6b-000103,2,none,none,fast,normal-fast-1,left,normal,clipped/audio_event_clean/normal/20260909T155236Z-a0fa60aee1428d67003bdca8-dg-9878555e9c6b-000103_ch2.wav,3DPrinter/train/section_00_source_train_normal_000572.wav,18c848adc20b6d5a297ad7b3509aebabc304e90f981598837e6ee42d4ed6505d,960044,8786760000,8787240000,78f98c5f5432ba2b5d65e9dd0f425927e6887fdd70398caaa584f2ea6f8df998,0,0,492d9582ed6119a46f059d4340ad88a9ac43922b010c379d81763026002e3f12,saved_rule_based,1.61
section_00_source_train_normal_000573,train,source,normal,C,20260909T155236Z-a0fa60aee1428d67003bdca8,20260909T155236Z-a0fa60aee1428d67003bdca8-dg-9878555e9c6b-000104,2,none,none,fast,normal-fast-1,left,normal,clipped/audio_event_clean/normal/20260909T155236Z-a0fa60aee1428d67003bdca8-dg-9878555e9c6b-000104_ch2.wav,3DPrinter/train/section_00_source_train_normal_000573.wav,a45674131975a37c98cb548a6f75a7d6223a675d202d20d509ac7a1ea6113987,960044,8787240000,8787720000,78f98c5f5432ba2b5d65e9dd0f425927e6887fdd70398caaa584f2ea6f8df998,0,0,492d9582ed6119a46f059d4340ad88a9ac43922b010c379d81763026002e3f12,saved_rule_based,1.61
section_00_source_train_normal_000574,train,source,normal,C,20260909T155236Z-a0fa60aee1428d67003bdca8,20260909T155236Z-a0fa60aee1428d67003bdca8-dg-9878555e9c6b-000106,2,none,none,fast,normal-fast-1,left,normal,clipped/audio_event_clean/normal/20260909T155236Z-a0fa60aee1428d67003bdca8-dg-9878555e9c6b-000106_ch2.wav,3DPrinter/train/section_00_source_train_normal_000574.wav,5a4462996dd6c2b91f7b8231de91458da2101b988b7453bede8de2753eb87bd2,960044,8788200000,8788680000,78f98c5f5432ba2b5d65e9dd0f425927e6887fdd70398caaa584f2ea6f8df998,0,0,492d9582ed6119a46f059d4340ad88a9ac43922b010c379d81763026002e3f12,saved_rule_based,1.61
section_00_source_train_normal_000575,train,source,normal,C,20260909T155236Z-a0fa60aee1428d67003bdca8,20260909T155236Z-a0fa60aee1428d67003bdca8-dg-9878555e9c6b-000107,2,none,none,fast,normal-fast-1,left,normal,clipped/audio_event_clean/normal/20260909T155236Z-a0fa60aee1428d67003bdca8-dg-9878555e9c6b-000107_ch2.wav,3DPrinter/train/section_00_source_train_normal_000575.wav,450c33271109cc113e229b1d909b9f5c2d22ff432b582d4f816a5336157e8553,960044,8788680000,8789160000,78f98c5f5432ba2b5d65e9dd0f425927e6887fdd70398caaa584f2ea6f8df998,0,0,492d9582ed6119a46f059d4340ad88a9ac43922b010c379d81763026002e3f12,saved_rule_based,1.61
section_00_source_train_normal_000576,train,source,normal,C,20260909T155236Z-a0fa60aee1428d67003bdca8,20260909T155236Z-a0fa60aee1428d67003bdca8-dg-9878555e9c6b-000108,2,none,none,fast,normal-fast-1,left,normal,clipped/audio_event_clean/normal/20260909T155236Z-a0fa60aee1428d67003bdca8-dg-9878555e9c6b-000108_ch2.wav,3DPrinter/train/section_00_source_train_normal_000576.wav,d457a6ea3f562070310c345a86a22208db3e244bac1dc31ec549435be89a7143,960044,8789160000,8789640000,78f98c5f5432ba2b5d65e9dd0f425927e6887fdd70398caaa584f2ea6f8df998,0,0,492d9582ed6119a46f059d4340ad88a9ac43922b010c379d81763026002e3f12,saved_rule_based,1.61
section_00_source_train_normal_000577,train,source,normal,C,20260909T155236Z-a0fa60aee1428d67003bdca8,20260909T155236Z-a0fa60aee1428d67003bdca8-dg-9878555e9c6b-000109,2,none,none,fast,normal-fast-1,left,normal,clipped/audio_event_clean/normal/20260909T155236Z-a0fa60aee1428d67003bdca8-dg-9878555e9c6b-000109_ch2.wav,3DPrinter/train/section_00_source_train_normal_000577.wav,ef8cb8955f96d06b9bd657cc19449a62f884d13cc2e27e991509219f7b1c7506,960044,8789640000,8790120000,78f98c5f5432ba2b5d65e9dd0f425927e6887fdd70398caaa584f2ea6f8df998,0,0,492d9582ed6119a46f059d4340ad88a9ac43922b010c379d81763026002e3f12,saved_rule_based,1.61
section_00_source_train_normal_000578,train,source,normal,C,20260909T155236Z-a0fa60aee1428d67003bdca8,20260909T155236Z-a0fa60aee1428d67003bdca8-dg-9878555e9c6b-000111,2,none,none,fast,normal-fast-1,left,normal,clipped/audio_event_clean/normal/20260909T155236Z-a0fa60aee1428d67003bdca8-dg-9878555e9c6b-000111_ch2.wav,3DPrinter/train/section_00_source_train_normal_000578.wav,22f55dc4faca5d3eed09039ca3afb5473066eedccdb7152a618140df61d8af6e,960044,8790600000,8791080000,78f98c5f5432ba2b5d65e9dd0f425927e6887fdd70398caaa584f2ea6f8df998,0,0,492d9582ed6119a46f059d4340ad88a9ac43922b010c379d81763026002e3f12,saved_rule_based,1.61
section_00_source_train_normal_000579,train,source,normal,C,20260909T155236Z-a0fa60aee1428d67003bdca8,20260909T155236Z-a0fa60aee1428d67003bdca8-dg-9878555e9c6b-000112,2,none,none,fast,normal-fast-1,left,normal,clipped/audio_event_clean/normal/20260909T155236Z-a0fa60aee1428d67003bdca8-dg-9878555e9c6b-000112_ch2.wav,3DPrinter/train/section_00_source_train_normal_000579.wav,c54b31ef17bab97b7bb1e6205839193b62be876a1d2896ba0840c77f791590bb,960044,8791080000,8791560000,78f98c5f5432ba2b5d65e9dd0f425927e6887fdd70398caaa584f2ea6f8df998,0,0,492d9582ed6119a46f059d4340ad88a9ac43922b010c379d81763026002e3f12,saved_rule_based,1.61
section_00_source_train_normal_000580,train,source,normal,C,20260909T155236Z-a0fa60aee1428d67003bdca8,20260909T155236Z-a0fa60aee1428d67003bdca8-dg-9878555e9c6b-000113,2,none,none,fast,normal-fast-1,left,normal,clipped/audio_event_clean/normal/20260909T155236Z-a0fa60aee1428d67003bdca8-dg-9878555e9c6b-000113_ch2.wav,3DPrinter/train/section_00_source_train_normal_000580.wav,2717bf54e4ee21afd3206b776953a20fc543418544980ab04c8d65ca17ee8041,960044,8791560000,8792040000,78f98c5f5432ba2b5d65e9dd0f425927e6887fdd70398caaa584f2ea6f8df998,0,0,492d9582ed6119a46f059d4340ad88a9ac43922b010c379d81763026002e3f12,saved_rule_based,1.61
section_00_source_train_normal_000581,train,source,normal,C,20260909T155236Z-a0fa60aee1428d67003bdca8,20260909T155236Z-a0fa60aee1428d67003bdca8-dg-9878555e9c6b-000114,2,none,none,fast,normal-fast-1,left,normal,clipped/audio_event_clean/normal/20260909T155236Z-a0fa60aee1428d67003bdca8-dg-9878555e9c6b-000114_ch2.wav,3DPrinter/train/section_00_source_train_normal_000581.wav,859f071f3fe2d0be670d5cffa2f4dbede2c4bbcabdd0cccd796c6228c749a9f5,960044,8792040000,8792520000,78f98c5f5432ba2b5d65e9dd0f425927e6887fdd70398caaa584f2ea6f8df998,0,0,492d9582ed6119a46f059d4340ad88a9ac43922b010c379d81763026002e3f12,saved_rule_based,1.61
section_00_source_train_normal_000582,train,source,normal,C,20260909T155236Z-a0fa60aee1428d67003bdca8,20260909T155236Z-a0fa60aee1428d67003bdca8-dg-9878555e9c6b-000115,2,none,none,fast,normal-fast-1,left,normal,clipped/audio_event_clean/normal/20260909T155236Z-a0fa60aee1428d67003bdca8-dg-9878555e9c6b-000115_ch2.wav,3DPrinter/train/section_00_source_train_normal_000582.wav,c4613e9b995b33bf2505b7bc4343e5ef92dd4a8324427473edc34337dc7fc75f,960044,8792520000,8793000000,78f98c5f5432ba2b5d65e9dd0f425927e6887fdd70398caaa584f2ea6f8df998,0,0,492d9582ed6119a46f059d4340ad88a9ac43922b010c379d81763026002e3f12,saved_rule_based,1.61
section_00_source_train_normal_000583,train,source,normal,C,20260909T155236Z-a0fa60aee1428d67003bdca8,20260909T155236Z-a0fa60aee1428d67003bdca8-dg-9878555e9c6b-000117,2,none,none,fast,normal-fast-1,left,normal,clipped/audio_event_clean/normal/20260909T155236Z-a0fa60aee1428d67003bdca8-dg-9878555e9c6b-000117_ch2.wav,3DPrinter/train/section_00_source_train_normal_000583.wav,002703153fbd5afe177c8532274e5d8398b39d18959bbc19ed278115cee0a2e1,960044,8793480000,8793960000,78f98c5f5432ba2b5d65e9dd0f425927e6887fdd70398caaa584f2ea6f8df998,0,0,492d9582ed6119a46f059d4340ad88a9ac43922b010c379d81763026002e3f12,saved_rule_based,1.61
section_00_source_train_normal_000584,train,source,normal,C,20260909T155236Z-a0fa60aee1428d67003bdca8,20260909T155236Z-a0fa60aee1428d67003bdca8-dg-9878555e9c6b-000118,2,none,none,fast,normal-fast-1,left,normal,clipped/audio_event_clean/normal/20260909T155236Z-a0fa60aee1428d67003bdca8-dg-9878555e9c6b-000118_ch2.wav,3DPrinter/train/section_00_source_train_normal_000584.wav,a9cd435a36ff1f0d570460144629da10b49a5277ad66522ef6e716e10ef666db,960044,8793960000,8794440000,78f98c5f5432ba2b5d65e9dd0f425927e6887fdd70398caaa584f2ea6f8df998,0,0,492d9582ed6119a46f059d4340ad88a9ac43922b010c379d81763026002e3f12,saved_rule_based,1.61
section_00_source_train_normal_000585,train,source,normal,C,20260909T155236Z-a0fa60aee1428d67003bdca8,20260909T155236Z-a0fa60aee1428d67003bdca8-dg-9878555e9c6b-000121,2,none,none,fast,normal-fast-1,left,normal,clipped/audio_event_clean/normal/20260909T155236Z-a0fa60aee1428d67003bdca8-dg-9878555e9c6b-000121_ch2.wav,3DPrinter/train/section_00_source_train_normal_000585.wav,662d36d905dade93fbff9dde0db0cbc990d41eeaa0b58e5e4f6091875a015ceb,960044,8795400000,8795880000,78f98c5f5432ba2b5d65e9dd0f425927e6887fdd70398caaa584f2ea6f8df998,0,0,492d9582ed6119a46f059d4340ad88a9ac43922b010c379d81763026002e3f12,saved_rule_based,1.61
section_00_source_train_normal_000586,train,source,normal,C,20260909T155236Z-a0fa60aee1428d67003bdca8,20260909T155236Z-a0fa60aee1428d67003bdca8-dg-9878555e9c6b-000122,2,none,none,fast,normal-fast-1,left,normal,clipped/audio_event_clean/normal/20260909T155236Z-a0fa60aee1428d67003bdca8-dg-9878555e9c6b-000122_ch2.wav,3DPrinter/train/section_00_source_train_normal_000586.wav,099c5beb2cfcdecb64163bcac505ce2a941ae2cace7b105159362d96418f271c,960044,8795880000,8796360000,78f98c5f5432ba2b5d65e9dd0f425927e6887fdd70398caaa584f2ea6f8df998,0,0,492d9582ed6119a46f059d4340ad88a9ac43922b010c379d81763026002e3f12,saved_rule_based,1.61
section_00_source_train_normal_000587,train,source,normal,C,20260909T155236Z-a0fa60aee1428d67003bdca8,20260909T155236Z-a0fa60aee1428d67003bdca8-dg-9878555e9c6b-000123,2,none,none,fast,normal-fast-1,left,normal,clipped/audio_event_clean/normal/20260909T155236Z-a0fa60aee1428d67003bdca8-dg-9878555e9c6b-000123_ch2.wav,3DPrinter/train/section_00_source_train_normal_000587.wav,b235be30c8d221aff30ee984d32907d3c4360b59786ceaafc41e7063c252ba3c,960044,8796360000,8796840000,78f98c5f5432ba2b5d65e9dd0f425927e6887fdd70398caaa584f2ea6f8df998,0,0,492d9582ed6119a46f059d4340ad88a9ac43922b010c379d81763026002e3f12,saved_rule_based,1.61
section_00_source_train_normal_000588,train,source,normal,C,20260909T155236Z-a0fa60aee1428d67003bdca8,20260909T155236Z-a0fa60aee1428d67003bdca8-dg-9878555e9c6b-000124,2,none,none,fast,normal-fast-1,left,normal,clipped/audio_event_clean/normal/20260909T155236Z-a0fa60aee1428d67003bdca8-dg-9878555e9c6b-000124_ch2.wav,3DPrinter/train/section_00_source_train_normal_000588.wav,4fddf29c8537b3fb4665383cee86571f92f7d769baa6737b32c3545ef9478a94,960044,8796840000,8797320000,78f98c5f5432ba2b5d65e9dd0f425927e6887fdd70398caaa584f2ea6f8df998,0,0,492d9582ed6119a46f059d4340ad88a9ac43922b010c379d81763026002e3f12,saved_rule_based,1.61
section_00_source_train_normal_000589,train,source,normal,C,20260909T155236Z-a0fa60aee1428d67003bdca8,20260909T155236Z-a0fa60aee1428d67003bdca8-dg-9878555e9c6b-000125,2,none,none,fast,normal-fast-1,left,normal,clipped/audio_event_clean/normal/20260909T155236Z-a0fa60aee1428d67003bdca8-dg-9878555e9c6b-000125_ch2.wav,3DPrinter/train/section_00_source_train_normal_000589.wav,e62a86a1c1687d35a4e81e113b7b7ed8bf2848ac67c1f01256dfb8fdb5c6bdae,960044,8797320000,8797800000,78f98c5f5432ba2b5d65e9dd0f425927e6887fdd70398caaa584f2ea6f8df998,0,0,492d9582ed6119a46f059d4340ad88a9ac43922b010c379d81763026002e3f12,saved_rule_based,1.61
section_00_source_train_normal_000590,train,source,normal,C,20260909T155236Z-a0fa60aee1428d67003bdca8,20260909T155236Z-a0fa60aee1428d67003bdca8-dg-9878555e9c6b-000126,2,none,none,fast,normal-fast-1,left,normal,clipped/audio_event_clean/normal/20260909T155236Z-a0fa60aee1428d67003bdca8-dg-9878555e9c6b-000126_ch2.wav,3DPrinter/train/section_00_source_train_normal_000590.wav,5eed918d4f2d7592700fad4102e63cf0a15500f63d3d51ac2c3e9ae742da6613,960044,8797800000,8798280000,78f98c5f5432ba2b5d65e9dd0f425927e6887fdd70398caaa584f2ea6f8df998,0,0,492d9582ed6119a46f059d4340ad88a9ac43922b010c379d81763026002e3f12,saved_rule_based,1.61
section_00_source_train_normal_000591,train,source,normal,C,20260909T155236Z-a0fa60aee1428d67003bdca8,20260909T155236Z-a0fa60aee1428d67003bdca8-dg-9878555e9c6b-000129,2,none,none,fast,normal-fast-1,left,normal,clipped/audio_event_clean/normal/20260909T155236Z-a0fa60aee1428d67003bdca8-dg-9878555e9c6b-000129_ch2.wav,3DPrinter/train/section_00_source_train_normal_000591.wav,6f4a737280b6073da30d23acf43f181717e3bba99407d8560bd10a1e51685cca,960044,8799240000,8799720000,78f98c5f5432ba2b5d65e9dd0f425927e6887fdd70398caaa584f2ea6f8df998,0,0,492d9582ed6119a46f059d4340ad88a9ac43922b010c379d81763026002e3f12,saved_rule_based,1.61
section_00_source_train_normal_000592,train,source,normal,C,20260909T155236Z-a0fa60aee1428d67003bdca8,20260909T155236Z-a0fa60aee1428d67003bdca8-dg-9878555e9c6b-000130,2,none,none,fast,normal-fast-1,left,normal,clipped/audio_event_clean/normal/20260909T155236Z-a0fa60aee1428d67003bdca8-dg-9878555e9c6b-000130_ch2.wav,3DPrinter/train/section_00_source_train_normal_000592.wav,ae4de9fda31985bfa03262b55f95a1c2dd96f3a5b641b30286789d23b7de9e7c,960044,8799720000,8800200000,78f98c5f5432ba2b5d65e9dd0f425927e6887fdd70398caaa584f2ea6f8df998,0,0,492d9582ed6119a46f059d4340ad88a9ac43922b010c379d81763026002e3f12,saved_rule_based,1.61
section_00_source_train_normal_000593,train,source,normal,C,20260909T155236Z-a0fa60aee1428d67003bdca8,20260909T155236Z-a0fa60aee1428d67003bdca8-dg-9878555e9c6b-000131,2,none,none,fast,normal-fast-1,left,normal,clipped/audio_event_clean/normal/20260909T155236Z-a0fa60aee1428d67003bdca8-dg-9878555e9c6b-000131_ch2.wav,3DPrinter/train/section_00_source_train_normal_000593.wav,55396f1bdd76435ef92fc500cf361d74876e318dc107fded9ca2fa44dbf0f7f3,960044,8800200000,8800680000,78f98c5f5432ba2b5d65e9dd0f425927e6887fdd70398caaa584f2ea6f8df998,0,0,492d9582ed6119a46f059d4340ad88a9ac43922b010c379d81763026002e3f12,saved_rule_based,1.61
section_00_source_train_normal_000594,train,source,normal,C,20260909T155236Z-a0fa60aee1428d67003bdca8,20260909T155236Z-a0fa60aee1428d67003bdca8-dg-9878555e9c6b-000132,2,none,none,fast,normal-fast-1,left,normal,clipped/audio_event_clean/normal/20260909T155236Z-a0fa60aee1428d67003bdca8-dg-9878555e9c6b-000132_ch2.wav,3DPrinter/train/section_00_source_train_normal_000594.wav,3f79c1def53dc69e19c139396494fde46484507bd1458a1fd0db77b9b46aed7c,960044,8800680000,8801160000,78f98c5f5432ba2b5d65e9dd0f425927e6887fdd70398caaa584f2ea6f8df998,0,0,492d9582ed6119a46f059d4340ad88a9ac43922b010c379d81763026002e3f12,saved_rule_based,1.61
section_00_source_train_normal_000595,train,source,normal,C,20260909T155236Z-a0fa60aee1428d67003bdca8,20260909T155236Z-a0fa60aee1428d67003bdca8-dg-9878555e9c6b-000133,2,none,none,fast,normal-fast-1,left,normal,clipped/audio_event_clean/normal/20260909T155236Z-a0fa60aee1428d67003bdca8-dg-9878555e9c6b-000133_ch2.wav,3DPrinter/train/section_00_source_train_normal_000595.wav,4037a353f1a6891e417b1eaf92901ad6b7a5b5054a6a4844e151f1571df12f34,960044,8801160000,8801640000,78f98c5f5432ba2b5d65e9dd0f425927e6887fdd70398caaa584f2ea6f8df998,0,0,492d9582ed6119a46f059d4340ad88a9ac43922b010c379d81763026002e3f12,saved_rule_based,1.61
section_00_source_train_normal_000596,train,source,normal,C,20260909T155236Z-a0fa60aee1428d67003bdca8,20260909T155236Z-a0fa60aee1428d67003bdca8-dg-9878555e9c6b-000134,2,none,none,fast,normal-fast-1,left,normal,clipped/audio_event_clean/normal/20260909T155236Z-a0fa60aee1428d67003bdca8-dg-9878555e9c6b-000134_ch2.wav,3DPrinter/train/section_00_source_train_normal_000596.wav,616d77387b804d0c4ade41b75b26a3fccdfbcbc8184ca1c84ef903d6ea07da5b,960044,8801640000,8802120000,78f98c5f5432ba2b5d65e9dd0f425927e6887fdd70398caaa584f2ea6f8df998,0,0,492d9582ed6119a46f059d4340ad88a9ac43922b010c379d81763026002e3f12,saved_rule_based,1.61
section_00_source_train_normal_000597,train,source,normal,C,20260909T155236Z-a0fa60aee1428d67003bdca8,20260909T155236Z-a0fa60aee1428d67003bdca8-dg-9878555e9c6b-000135,2,none,none,fast,normal-fast-1,left,normal,clipped/audio_event_clean/normal/20260909T155236Z-a0fa60aee1428d67003bdca8-dg-9878555e9c6b-000135_ch2.wav,3DPrinter/train/section_00_source_train_normal_000597.wav,bb5ab582f4320cc9faaed2cd8468c3227214fe1fa56c4be732f98518404a306a,960044,8802120000,8802600000,78f98c5f5432ba2b5d65e9dd0f425927e6887fdd70398caaa584f2ea6f8df998,0,0,492d9582ed6119a46f059d4340ad88a9ac43922b010c379d81763026002e3f12,saved_rule_based,1.61
section_00_source_train_normal_000598,train,source,normal,C,20260909T155236Z-a0fa60aee1428d67003bdca8,20260909T155236Z-a0fa60aee1428d67003bdca8-dg-9878555e9c6b-000136,2,none,none,fast,normal-fast-1,left,normal,clipped/audio_event_clean/normal/20260909T155236Z-a0fa60aee1428d67003bdca8-dg-9878555e9c6b-000136_ch2.wav,3DPrinter/train/section_00_source_train_normal_000598.wav,6b5410457f1e91332872fbc6f3b6b1c09e752ccb2421929bbbc012836b8fa376,960044,8802600000,8803080000,78f98c5f5432ba2b5d65e9dd0f425927e6887fdd70398caaa584f2ea6f8df998,0,0,492d9582ed6119a46f059d4340ad88a9ac43922b010c379d81763026002e3f12,saved_rule_based,1.61
section_00_source_train_normal_000599,train,source,normal,C,20260909T155236Z-a0fa60aee1428d67003bdca8,20260909T155236Z-a0fa60aee1428d67003bdca8-dg-9878555e9c6b-000137,2,none,none,fast,normal-fast-1,left,normal,clipped/audio_event_clean/normal/20260909T155236Z-a0fa60aee1428d67003bdca8-dg-9878555e9c6b-000137_ch2.wav,3DPrinter/train/section_00_source_train_normal_000599.wav,562b2addd682f9400df2d29be0a6124d15eba9a4642d65118cb037197b086fcf,960044,8803080000,8803560000,78f98c5f5432ba2b5d65e9dd0f425927e6887fdd70398caaa584f2ea6f8df998,0,0,492d9582ed6119a46f059d4340ad88a9ac43922b010c379d81763026002e3f12,saved_rule_based,1.61
section_00_source_train_normal_000600,train,source,normal,C,20260909T155236Z-a0fa60aee1428d67003bdca8,20260909T155236Z-a0fa60aee1428d67003bdca8-dg-9878555e9c6b-000138,2,none,none,fast,normal-fast-1,left,normal,clipped/audio_event_clean/normal/20260909T155236Z-a0fa60aee1428d67003bdca8-dg-9878555e9c6b-000138_ch2.wav,3DPrinter/train/section_00_source_train_normal_000600.wav,ba80b973579f79055095598c3cd9a11cb3dcc9b81931e7a5730b2f648f3790ee,960044,8803560000,8804040000,78f98c5f5432ba2b5d65e9dd0f425927e6887fdd70398caaa584f2ea6f8df998,0,0,492d9582ed6119a46f059d4340ad88a9ac43922b010c379d81763026002e3f12,saved_rule_based,1.61
section_00_source_train_normal_000601,train,source,normal,C,20260909T155236Z-a0fa60aee1428d67003bdca8,20260909T155236Z-a0fa60aee1428d67003bdca8-dg-9878555e9c6b-000139,2,none,none,fast,normal-fast-1,left,normal,clipped/audio_event_clean/normal/20260909T155236Z-a0fa60aee1428d67003bdca8-dg-9878555e9c6b-000139_ch2.wav,3DPrinter/train/section_00_source_train_normal_000601.wav,9148ed431c095ac7482d53ebe31837e6e88624af083321868278b046129bfb6f,960044,8804040000,8804520000,78f98c5f5432ba2b5d65e9dd0f425927e6887fdd70398caaa584f2ea6f8df998,0,0,492d9582ed6119a46f059d4340ad88a9ac43922b010c379d81763026002e3f12,saved_rule_based,1.61
section_00_source_train_normal_000602,train,source,normal,C,20260909T155236Z-a0fa60aee1428d67003bdca8,20260909T155236Z-a0fa60aee1428d67003bdca8-dg-9878555e9c6b-000140,2,none,none,fast,normal-fast-1,left,normal,clipped/audio_event_clean/normal/20260909T155236Z-a0fa60aee1428d67003bdca8-dg-9878555e9c6b-000140_ch2.wav,3DPrinter/train/section_00_source_train_normal_000602.wav,857fe086881cf2673bef7f64a839221467f77f2fd971a26ed54c5ab45326fa1a,960044,8804520000,8805000000,78f98c5f5432ba2b5d65e9dd0f425927e6887fdd70398caaa584f2ea6f8df998,0,0,492d9582ed6119a46f059d4340ad88a9ac43922b010c379d81763026002e3f12,saved_rule_based,1.61
section_00_source_train_normal_000603,train,source,normal,C,20260909T155236Z-a0fa60aee1428d67003bdca8,20260909T155236Z-a0fa60aee1428d67003bdca8-dg-9878555e9c6b-000141,2,none,none,fast,normal-fast-1,left,normal,clipped/audio_event_clean/normal/20260909T155236Z-a0fa60aee1428d67003bdca8-dg-9878555e9c6b-000141_ch2.wav,3DPrinter/train/section_00_source_train_normal_000603.wav,e481127d2110af3b394b2b5887790d1d7dd57ec30cadc9e7efd04d1a0ea86728,960044,8805000000,8805480000,78f98c5f5432ba2b5d65e9dd0f425927e6887fdd70398caaa584f2ea6f8df998,0,0,492d9582ed6119a46f059d4340ad88a9ac43922b010c379d81763026002e3f12,saved_rule_based,1.61
section_00_source_train_normal_000604,train,source,normal,C,20260909T155236Z-a0fa60aee1428d67003bdca8,20260909T155236Z-a0fa60aee1428d67003bdca8-dg-9878555e9c6b-000142,2,none,none,fast,normal-fast-1,left,normal,clipped/audio_event_clean/normal/20260909T155236Z-a0fa60aee1428d67003bdca8-dg-9878555e9c6b-000142_ch2.wav,3DPrinter/train/section_00_source_train_normal_000604.wav,a3c24b14427f8672f0553053a0791467b2224a1777c6619f5a6b286c68228821,960044,8805480000,8805960000,78f98c5f5432ba2b5d65e9dd0f425927e6887fdd70398caaa584f2ea6f8df998,0,0,492d9582ed6119a46f059d4340ad88a9ac43922b010c379d81763026002e3f12,saved_rule_based,1.61
section_00_source_train_normal_000605,train,source,normal,C,20260909T155236Z-a0fa60aee1428d67003bdca8,20260909T155236Z-a0fa60aee1428d67003bdca8-dg-9878555e9c6b-000143,2,none,none,fast,normal-fast-1,left,normal,clipped/audio_event_clean/normal/20260909T155236Z-a0fa60aee1428d67003bdca8-dg-9878555e9c6b-000143_ch2.wav,3DPrinter/train/section_00_source_train_normal_000605.wav,dac4e8f905bf1ab94e0e65df8d3480e2157c386ba5fb5ab872225787729704f1,960044,8805960000,8806440000,78f98c5f5432ba2b5d65e9dd0f425927e6887fdd70398caaa584f2ea6f8df998,0,0,492d9582ed6119a46f059d4340ad88a9ac43922b010c379d81763026002e3f12,saved_rule_based,1.61
section_00_source_train_normal_000606,train,source,normal,C,20260909T155236Z-a0fa60aee1428d67003bdca8,20260909T155236Z-a0fa60aee1428d67003bdca8-dg-9878555e9c6b-000144,2,none,none,fast,normal-fast-1,left,normal,clipped/audio_event_clean/normal/20260909T155236Z-a0fa60aee1428d67003bdca8-dg-9878555e9c6b-000144_ch2.wav,3DPrinter/train/section_00_source_train_normal_000606.wav,88c49f61110f95812d284463d75ebc97989cab868cd8e5e6130d2cdb802423ef,960044,8806440000,8806920000,78f98c5f5432ba2b5d65e9dd0f425927e6887fdd70398caaa584f2ea6f8df998,0,0,492d9582ed6119a46f059d4340ad88a9ac43922b010c379d81763026002e3f12,saved_rule_based,1.61
section_00_source_train_normal_000607,train,source,normal,C,20260909T155236Z-a0fa60aee1428d67003bdca8,20260909T155236Z-a0fa60aee1428d67003bdca8-dg-9878555e9c6b-000145,2,none,none,fast,normal-fast-1,left,normal,clipped/audio_event_clean/normal/20260909T155236Z-a0fa60aee1428d67003bdca8-dg-9878555e9c6b-000145_ch2.wav,3DPrinter/train/section_00_source_train_normal_000607.wav,fe6782d9a6c58c29a2a622c1734a9db244f63e3a84b5610c46ef2a4d6c010134,960044,8806920000,8807400000,78f98c5f5432ba2b5d65e9dd0f425927e6887fdd70398caaa584f2ea6f8df998,0,0,492d9582ed6119a46f059d4340ad88a9ac43922b010c379d81763026002e3f12,saved_rule_based,1.61
section_00_source_train_normal_000608,train,source,normal,C,20260909T155236Z-a0fa60aee1428d67003bdca8,20260909T155236Z-a0fa60aee1428d67003bdca8-dg-9878555e9c6b-000146,2,none,none,fast,normal-fast-1,left,normal,clipped/audio_event_clean/normal/20260909T155236Z-a0fa60aee1428d67003bdca8-dg-9878555e9c6b-000146_ch2.wav,3DPrinter/train/section_00_source_train_normal_000608.wav,049040eadf76324574e7f462b7c85670f7d444188036db2d529d770e585f2c77,960044,8807400000,8807880000,78f98c5f5432ba2b5d65e9dd0f425927e6887fdd70398caaa584f2ea6f8df998,0,0,492d9582ed6119a46f059d4340ad88a9ac43922b010c379d81763026002e3f12,saved_rule_based,1.61
section_00_source_train_normal_000609,train,source,normal,C,20260909T155236Z-a0fa60aee1428d67003bdca8,20260909T155236Z-a0fa60aee1428d67003bdca8-dg-9878555e9c6b-000147,2,none,none,fast,normal-fast-1,left,normal,clipped/audio_event_clean/normal/20260909T155236Z-a0fa60aee1428d67003bdca8-dg-9878555e9c6b-000147_ch2.wav,3DPrinter/train/section_00_source_train_normal_000609.wav,59f00a3dbdcde6ff28fb95da94470bf374fb4776d8f4d42a3fbc2eef129f175c,960044,8807880000,8808360000,78f98c5f5432ba2b5d65e9dd0f425927e6887fdd70398caaa584f2ea6f8df998,0,0,492d9582ed6119a46f059d4340ad88a9ac43922b010c379d81763026002e3f12,saved_rule_based,1.61
section_00_source_train_normal_000610,train,source,normal,C,20260909T155236Z-a0fa60aee1428d67003bdca8,20260909T155236Z-a0fa60aee1428d67003bdca8-dg-9878555e9c6b-000148,2,none,none,fast,normal-fast-1,left,normal,clipped/audio_event_clean/normal/20260909T155236Z-a0fa60aee1428d67003bdca8-dg-9878555e9c6b-000148_ch2.wav,3DPrinter/train/section_00_source_train_normal_000610.wav,de22116906a400c09978c6af4fb158d75e9e736a860240486ff228f27ee7af0e,960044,8808360000,8808840000,78f98c5f5432ba2b5d65e9dd0f425927e6887fdd70398caaa584f2ea6f8df998,0,0,492d9582ed6119a46f059d4340ad88a9ac43922b010c379d81763026002e3f12,saved_rule_based,1.61
section_00_source_train_normal_000611,train,source,normal,C,20260909T155236Z-a0fa60aee1428d67003bdca8,20260909T155236Z-a0fa60aee1428d67003bdca8-dg-9878555e9c6b-000149,2,none,none,fast,normal-fast-1,left,normal,clipped/audio_event_clean/normal/20260909T155236Z-a0fa60aee1428d67003bdca8-dg-9878555e9c6b-000149_ch2.wav,3DPrinter/train/section_00_source_train_normal_000611.wav,f80c32b1957a5cdac617313588e72a74dc029cbaf72a5d99e06202020d3f690f,960044,8808840000,8809320000,78f98c5f5432ba2b5d65e9dd0f425927e6887fdd70398caaa584f2ea6f8df998,0,0,492d9582ed6119a46f059d4340ad88a9ac43922b010c379d81763026002e3f12,saved_rule_based,1.61
section_00_source_train_normal_000612,train,source,normal,C,20260909T155236Z-a0fa60aee1428d67003bdca8,20260909T155236Z-a0fa60aee1428d67003bdca8-dg-9878555e9c6b-000151,2,none,none,fast,normal-fast-1,left,normal,clipped/audio_event_clean/normal/20260909T155236Z-a0fa60aee1428d67003bdca8-dg-9878555e9c6b-000151_ch2.wav,3DPrinter/train/section_00_source_train_normal_000612.wav,6fa8edd32a326f84c5fc85b13f7e91a752959c24403eeecadc5f302a2f20bab6,960044,8809800000,8810280000,78f98c5f5432ba2b5d65e9dd0f425927e6887fdd70398caaa584f2ea6f8df998,0,0,492d9582ed6119a46f059d4340ad88a9ac43922b010c379d81763026002e3f12,saved_rule_based,1.61
section_00_source_train_normal_000613,train,source,normal,C,20260909T155236Z-a0fa60aee1428d67003bdca8,20260909T155236Z-a0fa60aee1428d67003bdca8-dg-9878555e9c6b-000152,2,none,none,fast,normal-fast-1,left,normal,clipped/audio_event_clean/normal/20260909T155236Z-a0fa60aee1428d67003bdca8-dg-9878555e9c6b-000152_ch2.wav,3DPrinter/train/section_00_source_train_normal_000613.wav,f97341d43d58f5aab769eaaa8fe5cfb655b56f01f519921d6b4018d8aafc5049,960044,8810280000,8810760000,78f98c5f5432ba2b5d65e9dd0f425927e6887fdd70398caaa584f2ea6f8df998,0,0,492d9582ed6119a46f059d4340ad88a9ac43922b010c379d81763026002e3f12,saved_rule_based,1.61
section_00_source_train_normal_000614,train,source,normal,C,20260909T155236Z-a0fa60aee1428d67003bdca8,20260909T155236Z-a0fa60aee1428d67003bdca8-dg-9878555e9c6b-000153,2,none,none,fast,normal-fast-1,left,normal,clipped/audio_event_clean/normal/20260909T155236Z-a0fa60aee1428d67003bdca8-dg-9878555e9c6b-000153_ch2.wav,3DPrinter/train/section_00_source_train_normal_000614.wav,84a250f38ef9358fc317d4ef2045356c9204d54d01322b4e1db90ca2c1be78c6,960044,8810760000,8811240000,78f98c5f5432ba2b5d65e9dd0f425927e6887fdd70398caaa584f2ea6f8df998,0,0,492d9582ed6119a46f059d4340ad88a9ac43922b010c379d81763026002e3f12,saved_rule_based,1.61
section_00_source_train_normal_000615,train,source,normal,C,20260909T155236Z-a0fa60aee1428d67003bdca8,20260909T155236Z-a0fa60aee1428d67003bdca8-dg-9878555e9c6b-000155,2,none,none,fast,normal-fast-1,left,normal,clipped/audio_event_clean/normal/20260909T155236Z-a0fa60aee1428d67003bdca8-dg-9878555e9c6b-000155_ch2.wav,3DPrinter/train/section_00_source_train_normal_000615.wav,ea7d8ad280e4772a366dd58b173853fdc4cb4cdbca0188795598d65f9c89d68e,960044,8811720000,8812200000,78f98c5f5432ba2b5d65e9dd0f425927e6887fdd70398caaa584f2ea6f8df998,0,0,492d9582ed6119a46f059d4340ad88a9ac43922b010c379d81763026002e3f12,saved_rule_based,1.61
section_00_source_train_normal_000616,train,source,normal,C,20260909T155236Z-a0fa60aee1428d67003bdca8,20260909T155236Z-a0fa60aee1428d67003bdca8-dg-9878555e9c6b-000157,2,none,none,fast,normal-fast-1,left,normal,clipped/audio_event_clean/normal/20260909T155236Z-a0fa60aee1428d67003bdca8-dg-9878555e9c6b-000157_ch2.wav,3DPrinter/train/section_00_source_train_normal_000616.wav,42b9135df91003e61700d9aebe01ec5a1209e91737f704000ef73fe3a6831bcf,960044,8812680000,8813160000,78f98c5f5432ba2b5d65e9dd0f425927e6887fdd70398caaa584f2ea6f8df998,0,0,492d9582ed6119a46f059d4340ad88a9ac43922b010c379d81763026002e3f12,saved_rule_based,1.61
section_00_source_train_normal_000617,train,source,normal,C,20260909T155236Z-a0fa60aee1428d67003bdca8,20260909T155236Z-a0fa60aee1428d67003bdca8-dg-9878555e9c6b-000159,2,none,none,fast,normal-fast-1,left,normal,clipped/audio_event_clean/normal/20260909T155236Z-a0fa60aee1428d67003bdca8-dg-9878555e9c6b-000159_ch2.wav,3DPrinter/train/section_00_source_train_normal_000617.wav,59007a95c46ad9448f8261ef1e9fcdaca93bdf8fc410e18a1a60a05c592649c5,960044,8813640000,8814120000,78f98c5f5432ba2b5d65e9dd0f425927e6887fdd70398caaa584f2ea6f8df998,0,0,492d9582ed6119a46f059d4340ad88a9ac43922b010c379d81763026002e3f12,saved_rule_based,1.61
section_00_source_train_normal_000618,train,source,normal,C,20260909T155236Z-a0fa60aee1428d67003bdca8,20260909T155236Z-a0fa60aee1428d67003bdca8-dg-9878555e9c6b-000160,2,none,none,fast,normal-fast-1,left,normal,clipped/audio_event_clean/normal/20260909T155236Z-a0fa60aee1428d67003bdca8-dg-9878555e9c6b-000160_ch2.wav,3DPrinter/train/section_00_source_train_normal_000618.wav,ab88dd9b883b1c797423a3ba4636d56b4c23c991a2388ddff9a8718bc0d4fefd,960044,8814120000,8814600000,78f98c5f5432ba2b5d65e9dd0f425927e6887fdd70398caaa584f2ea6f8df998,0,0,492d9582ed6119a46f059d4340ad88a9ac43922b010c379d81763026002e3f12,saved_rule_based,1.61
section_00_source_train_normal_000619,train,source,normal,C,20260909T155236Z-a0fa60aee1428d67003bdca8,20260909T155236Z-a0fa60aee1428d67003bdca8-dg-9878555e9c6b-000162,2,none,none,fast,normal-fast-1,left,normal,clipped/audio_event_clean/normal/20260909T155236Z-a0fa60aee1428d67003bdca8-dg-9878555e9c6b-000162_ch2.wav,3DPrinter/train/section_00_source_train_normal_000619.wav,a388861178d069f848be8a4cc40f41d1ee4322e10d368e37203711dc781b5780,960044,8815080000,8815560000,78f98c5f5432ba2b5d65e9dd0f425927e6887fdd70398caaa584f2ea6f8df998,0,0,492d9582ed6119a46f059d4340ad88a9ac43922b010c379d81763026002e3f12,saved_rule_based,1.61
section_00_source_train_normal_000620,train,source,normal,C,20260909T155236Z-a0fa60aee1428d67003bdca8,20260909T155236Z-a0fa60aee1428d67003bdca8-dg-9878555e9c6b-000163,2,none,none,fast,normal-fast-1,left,normal,clipped/audio_event_clean/normal/20260909T155236Z-a0fa60aee1428d67003bdca8-dg-9878555e9c6b-000163_ch2.wav,3DPrinter/train/section_00_source_train_normal_000620.wav,1a1de55abe328de4714a607cc439c0fce999a8760d1360dace4343613b79facf,960044,8815560000,8816040000,78f98c5f5432ba2b5d65e9dd0f425927e6887fdd70398caaa584f2ea6f8df998,0,0,492d9582ed6119a46f059d4340ad88a9ac43922b010c379d81763026002e3f12,saved_rule_based,1.61
section_00_source_train_normal_000621,train,source,normal,C,20260909T155236Z-a0fa60aee1428d67003bdca8,20260909T155236Z-a0fa60aee1428d67003bdca8-dg-9878555e9c6b-000164,2,none,none,fast,normal-fast-1,left,normal,clipped/audio_event_clean/normal/20260909T155236Z-a0fa60aee1428d67003bdca8-dg-9878555e9c6b-000164_ch2.wav,3DPrinter/train/section_00_source_train_normal_000621.wav,da7948217fd5a9354239506e07385c52b9da6d429ed3712b8cbf27f45e2dc42f,960044,8816040000,8816520000,78f98c5f5432ba2b5d65e9dd0f425927e6887fdd70398caaa584f2ea6f8df998,0,0,492d9582ed6119a46f059d4340ad88a9ac43922b010c379d81763026002e3f12,saved_rule_based,1.61
section_00_source_train_normal_000622,train,source,normal,C,20260909T164559Z-450e1b8ddfcd90341ac5829f,20260909T164559Z-450e1b8ddfcd90341ac5829f-dg-cc6b2caad0c5-000001,2,none,none,fast,normal-fast-2,left,normal,clipped/audio_event_clean/normal/20260909T164559Z-450e1b8ddfcd90341ac5829f-dg-cc6b2caad0c5-000001_ch2.wav,3DPrinter/train/section_00_source_train_normal_000622.wav,be5ca90398f0ac68d1d41094565561f478e6793b14c8a20b1a8d6f589db82b12,960044,8891584800,8892064800,d11a3b2cc14c313c08423b63ff9b801febb04d49d0830ce346facabf792b4b3b,0,0,3ddfe7072f331f88c55733fd4c9c460f53310a266050b0da57d0f9f267c393a7,saved_rule_based,1.63
section_00_source_train_normal_000623,train,source,normal,C,20260909T164559Z-450e1b8ddfcd90341ac5829f,20260909T164559Z-450e1b8ddfcd90341ac5829f-dg-cc6b2caad0c5-000003,2,none,none,fast,normal-fast-2,left,normal,clipped/audio_event_clean/normal/20260909T164559Z-450e1b8ddfcd90341ac5829f-dg-cc6b2caad0c5-000003_ch2.wav,3DPrinter/train/section_00_source_train_normal_000623.wav,39c5d53121373c5c5bd58f311ffdf1f5b67aee4bb91e3d9f898005d76162118a,960044,8892544800,8893024800,d11a3b2cc14c313c08423b63ff9b801febb04d49d0830ce346facabf792b4b3b,0,0,3ddfe7072f331f88c55733fd4c9c460f53310a266050b0da57d0f9f267c393a7,saved_rule_based,1.63
section_00_source_train_normal_000624,train,source,normal,C,20260909T164559Z-450e1b8ddfcd90341ac5829f,20260909T164559Z-450e1b8ddfcd90341ac5829f-dg-cc6b2caad0c5-000007,2,none,none,fast,normal-fast-2,left,normal,clipped/audio_event_clean/normal/20260909T164559Z-450e1b8ddfcd90341ac5829f-dg-cc6b2caad0c5-000007_ch2.wav,3DPrinter/train/section_00_source_train_normal_000624.wav,9d24ae522dd142ab6261c60ce8d83a95598e047d7f6866598df254b4bc5fc378,960044,8894464800,8894944800,d11a3b2cc14c313c08423b63ff9b801febb04d49d0830ce346facabf792b4b3b,0,0,3ddfe7072f331f88c55733fd4c9c460f53310a266050b0da57d0f9f267c393a7,saved_rule_based,1.63
section_00_source_train_normal_000625,train,source,normal,C,20260909T164559Z-450e1b8ddfcd90341ac5829f,20260909T164559Z-450e1b8ddfcd90341ac5829f-dg-cc6b2caad0c5-000008,2,none,none,fast,normal-fast-2,left,normal,clipped/audio_event_clean/normal/20260909T164559Z-450e1b8ddfcd90341ac5829f-dg-cc6b2caad0c5-000008_ch2.wav,3DPrinter/train/section_00_source_train_normal_000625.wav,8ffe43b18478d2abea9e8023ce1ff1c6b66e4df166a7c53bc13fbce9f09b356c,960044,8894944800,8895424800,d11a3b2cc14c313c08423b63ff9b801febb04d49d0830ce346facabf792b4b3b,0,0,3ddfe7072f331f88c55733fd4c9c460f53310a266050b0da57d0f9f267c393a7,saved_rule_based,1.63
section_00_source_train_normal_000626,train,source,normal,C,20260909T164559Z-450e1b8ddfcd90341ac5829f,20260909T164559Z-450e1b8ddfcd90341ac5829f-dg-cc6b2caad0c5-000009,2,none,none,fast,normal-fast-2,left,normal,clipped/audio_event_clean/normal/20260909T164559Z-450e1b8ddfcd90341ac5829f-dg-cc6b2caad0c5-000009_ch2.wav,3DPrinter/train/section_00_source_train_normal_000626.wav,9cbd9b5e8ec34ff16f30fe3f47250d25f3993b423706f318a6a51c95c0de2e27,960044,8895424800,8895904800,d11a3b2cc14c313c08423b63ff9b801febb04d49d0830ce346facabf792b4b3b,0,0,3ddfe7072f331f88c55733fd4c9c460f53310a266050b0da57d0f9f267c393a7,saved_rule_based,1.63
section_00_source_train_normal_000627,train,source,normal,C,20260909T164559Z-450e1b8ddfcd90341ac5829f,20260909T164559Z-450e1b8ddfcd90341ac5829f-dg-cc6b2caad0c5-000010,2,none,none,fast,normal-fast-2,left,normal,clipped/audio_event_clean/normal/20260909T164559Z-450e1b8ddfcd90341ac5829f-dg-cc6b2caad0c5-000010_ch2.wav,3DPrinter/train/section_00_source_train_normal_000627.wav,8851704f2537085fa81bf4675c8398f37d6ec3629598f127139bf6672d0bda37,960044,8895904800,8896384800,d11a3b2cc14c313c08423b63ff9b801febb04d49d0830ce346facabf792b4b3b,0,0,3ddfe7072f331f88c55733fd4c9c460f53310a266050b0da57d0f9f267c393a7,saved_rule_based,1.63
section_00_source_train_normal_000628,train,source,normal,C,20260909T164559Z-450e1b8ddfcd90341ac5829f,20260909T164559Z-450e1b8ddfcd90341ac5829f-dg-cc6b2caad0c5-000011,2,none,none,fast,normal-fast-2,left,normal,clipped/audio_event_clean/normal/20260909T164559Z-450e1b8ddfcd90341ac5829f-dg-cc6b2caad0c5-000011_ch2.wav,3DPrinter/train/section_00_source_train_normal_000628.wav,d62e3e505da7bf06a98d3fc79d5a568d3d88cf2968a4be958fd8fa117afc3e51,960044,8896384800,8896864800,d11a3b2cc14c313c08423b63ff9b801febb04d49d0830ce346facabf792b4b3b,0,0,3ddfe7072f331f88c55733fd4c9c460f53310a266050b0da57d0f9f267c393a7,saved_rule_based,1.63
section_00_source_train_normal_000629,train,source,normal,C,20260909T164559Z-450e1b8ddfcd90341ac5829f,20260909T164559Z-450e1b8ddfcd90341ac5829f-dg-cc6b2caad0c5-000012,2,none,none,fast,normal-fast-2,left,normal,clipped/audio_event_clean/normal/20260909T164559Z-450e1b8ddfcd90341ac5829f-dg-cc6b2caad0c5-000012_ch2.wav,3DPrinter/train/section_00_source_train_normal_000629.wav,53cb87c7a83c591bb1c930e933efb5d3adc41c7a2f3243f5139a6e8778f0142f,960044,8896864800,8897344800,d11a3b2cc14c313c08423b63ff9b801febb04d49d0830ce346facabf792b4b3b,0,0,3ddfe7072f331f88c55733fd4c9c460f53310a266050b0da57d0f9f267c393a7,saved_rule_based,1.63
section_00_source_train_normal_000630,train,source,normal,C,20260909T164559Z-450e1b8ddfcd90341ac5829f,20260909T164559Z-450e1b8ddfcd90341ac5829f-dg-cc6b2caad0c5-000013,2,none,none,fast,normal-fast-2,left,normal,clipped/audio_event_clean/normal/20260909T164559Z-450e1b8ddfcd90341ac5829f-dg-cc6b2caad0c5-000013_ch2.wav,3DPrinter/train/section_00_source_train_normal_000630.wav,7fc39fa8702b88b0c718d57079691585fe2c59cb46a459421c326ae776a6deff,960044,8897344800,8897824800,d11a3b2cc14c313c08423b63ff9b801febb04d49d0830ce346facabf792b4b3b,0,0,3ddfe7072f331f88c55733fd4c9c460f53310a266050b0da57d0f9f267c393a7,saved_rule_based,1.63
section_00_source_train_normal_000631,train,source,normal,C,20260909T164559Z-450e1b8ddfcd90341ac5829f,20260909T164559Z-450e1b8ddfcd90341ac5829f-dg-cc6b2caad0c5-000014,2,none,none,fast,normal-fast-2,left,normal,clipped/audio_event_clean/normal/20260909T164559Z-450e1b8ddfcd90341ac5829f-dg-cc6b2caad0c5-000014_ch2.wav,3DPrinter/train/section_00_source_train_normal_000631.wav,3b35dcff6f516b3aefc4a8748e479c75031939d5be3603a71f1c0a01ff66d086,960044,8897824800,8898304800,d11a3b2cc14c313c08423b63ff9b801febb04d49d0830ce346facabf792b4b3b,0,0,3ddfe7072f331f88c55733fd4c9c460f53310a266050b0da57d0f9f267c393a7,saved_rule_based,1.63
section_00_source_train_normal_000632,train,source,normal,C,20260909T164559Z-450e1b8ddfcd90341ac5829f,20260909T164559Z-450e1b8ddfcd90341ac5829f-dg-cc6b2caad0c5-000021,2,none,none,fast,normal-fast-2,left,normal,clipped/audio_event_clean/normal/20260909T164559Z-450e1b8ddfcd90341ac5829f-dg-cc6b2caad0c5-000021_ch2.wav,3DPrinter/train/section_00_source_train_normal_000632.wav,2e75e049b38cc07dd922bd10490e96214a9c8d3eadef7532897d79a2e756d074,960044,8901184800,8901664800,d11a3b2cc14c313c08423b63ff9b801febb04d49d0830ce346facabf792b4b3b,0,0,3ddfe7072f331f88c55733fd4c9c460f53310a266050b0da57d0f9f267c393a7,saved_rule_based,1.63
section_00_source_train_normal_000633,train,source,normal,C,20260909T164559Z-450e1b8ddfcd90341ac5829f,20260909T164559Z-450e1b8ddfcd90341ac5829f-dg-cc6b2caad0c5-000023,2,none,none,fast,normal-fast-2,left,normal,clipped/audio_event_clean/normal/20260909T164559Z-450e1b8ddfcd90341ac5829f-dg-cc6b2caad0c5-000023_ch2.wav,3DPrinter/train/section_00_source_train_normal_000633.wav,2f751d745b1eb830781d85736e36985f98bd8ed1414265b511c9c91bb0cdbecb,960044,8902144800,8902624800,d11a3b2cc14c313c08423b63ff9b801febb04d49d0830ce346facabf792b4b3b,0,0,3ddfe7072f331f88c55733fd4c9c460f53310a266050b0da57d0f9f267c393a7,saved_rule_based,1.63
section_00_source_train_normal_000634,train,source,normal,C,20260909T164559Z-450e1b8ddfcd90341ac5829f,20260909T164559Z-450e1b8ddfcd90341ac5829f-dg-cc6b2caad0c5-000024,2,none,none,fast,normal-fast-2,left,normal,clipped/audio_event_clean/normal/20260909T164559Z-450e1b8ddfcd90341ac5829f-dg-cc6b2caad0c5-000024_ch2.wav,3DPrinter/train/section_00_source_train_normal_000634.wav,a75a0caade2af2434b8a56349447b131b5523b67ddc0da37ade4d8e50014aa35,960044,8902624800,8903104800,d11a3b2cc14c313c08423b63ff9b801febb04d49d0830ce346facabf792b4b3b,0,0,3ddfe7072f331f88c55733fd4c9c460f53310a266050b0da57d0f9f267c393a7,saved_rule_based,1.63
section_00_source_train_normal_000635,train,source,normal,C,20260909T164559Z-450e1b8ddfcd90341ac5829f,20260909T164559Z-450e1b8ddfcd90341ac5829f-dg-cc6b2caad0c5-000025,2,none,none,fast,normal-fast-2,left,normal,clipped/audio_event_clean/normal/20260909T164559Z-450e1b8ddfcd90341ac5829f-dg-cc6b2caad0c5-000025_ch2.wav,3DPrinter/train/section_00_source_train_normal_000635.wav,bd5ea6c8862cfcafdb1eac12e6283628bc0d5eac92e8bfc02e1d63b3d5b938f7,960044,8903104800,8903584800,d11a3b2cc14c313c08423b63ff9b801febb04d49d0830ce346facabf792b4b3b,0,0,3ddfe7072f331f88c55733fd4c9c460f53310a266050b0da57d0f9f267c393a7,saved_rule_based,1.63
section_00_source_train_normal_000636,train,source,normal,C,20260909T164559Z-450e1b8ddfcd90341ac5829f,20260909T164559Z-450e1b8ddfcd90341ac5829f-dg-cc6b2caad0c5-000026,2,none,none,fast,normal-fast-2,left,normal,clipped/audio_event_clean/normal/20260909T164559Z-450e1b8ddfcd90341ac5829f-dg-cc6b2caad0c5-000026_ch2.wav,3DPrinter/train/section_00_source_train_normal_000636.wav,478bb4dc8b264be050cd65e876a1a42739432b9b043be767e4e9d0e68d382a88,960044,8903584800,8904064800,d11a3b2cc14c313c08423b63ff9b801febb04d49d0830ce346facabf792b4b3b,0,0,3ddfe7072f331f88c55733fd4c9c460f53310a266050b0da57d0f9f267c393a7,saved_rule_based,1.63
section_00_source_train_normal_000637,train,source,normal,C,20260909T164559Z-450e1b8ddfcd90341ac5829f,20260909T164559Z-450e1b8ddfcd90341ac5829f-dg-cc6b2caad0c5-000027,2,none,none,fast,normal-fast-2,left,normal,clipped/audio_event_clean/normal/20260909T164559Z-450e1b8ddfcd90341ac5829f-dg-cc6b2caad0c5-000027_ch2.wav,3DPrinter/train/section_00_source_train_normal_000637.wav,5d24452502a6fdd23c5a8a5e22d94a9ad1f79848a3c9c873ed4e083d582eeb47,960044,8904064800,8904544800,d11a3b2cc14c313c08423b63ff9b801febb04d49d0830ce346facabf792b4b3b,0,0,3ddfe7072f331f88c55733fd4c9c460f53310a266050b0da57d0f9f267c393a7,saved_rule_based,1.63
section_00_source_train_normal_000638,train,source,normal,C,20260909T164559Z-450e1b8ddfcd90341ac5829f,20260909T164559Z-450e1b8ddfcd90341ac5829f-dg-cc6b2caad0c5-000028,2,none,none,fast,normal-fast-2,left,normal,clipped/audio_event_clean/normal/20260909T164559Z-450e1b8ddfcd90341ac5829f-dg-cc6b2caad0c5-000028_ch2.wav,3DPrinter/train/section_00_source_train_normal_000638.wav,0fe87eb0ba4d7e8c75c9cb64d55b67f74cb9a91b3ac00b0501a4b84ca83e2b2e,960044,8904544800,8905024800,d11a3b2cc14c313c08423b63ff9b801febb04d49d0830ce346facabf792b4b3b,0,0,3ddfe7072f331f88c55733fd4c9c460f53310a266050b0da57d0f9f267c393a7,saved_rule_based,1.63
section_00_source_train_normal_000639,train,source,normal,C,20260909T164559Z-450e1b8ddfcd90341ac5829f,20260909T164559Z-450e1b8ddfcd90341ac5829f-dg-cc6b2caad0c5-000031,2,none,none,fast,normal-fast-2,left,normal,clipped/audio_event_clean/normal/20260909T164559Z-450e1b8ddfcd90341ac5829f-dg-cc6b2caad0c5-000031_ch2.wav,3DPrinter/train/section_00_source_train_normal_000639.wav,8b2b1f94cf802b4307d5b0f19fdcdb3bd1bee1beda93f3a7051f3e82a3824c52,960044,8905984800,8906464800,d11a3b2cc14c313c08423b63ff9b801febb04d49d0830ce346facabf792b4b3b,0,0,3ddfe7072f331f88c55733fd4c9c460f53310a266050b0da57d0f9f267c393a7,saved_rule_based,1.63
section_00_source_train_normal_000640,train,source,normal,C,20260909T164559Z-450e1b8ddfcd90341ac5829f,20260909T164559Z-450e1b8ddfcd90341ac5829f-dg-cc6b2caad0c5-000032,2,none,none,fast,normal-fast-2,left,normal,clipped/audio_event_clean/normal/20260909T164559Z-450e1b8ddfcd90341ac5829f-dg-cc6b2caad0c5-000032_ch2.wav,3DPrinter/train/section_00_source_train_normal_000640.wav,4b2ef67469793f007b787467f49970b870b387e502390c3a61bba02aca81b462,960044,8906464800,8906944800,d11a3b2cc14c313c08423b63ff9b801febb04d49d0830ce346facabf792b4b3b,0,0,3ddfe7072f331f88c55733fd4c9c460f53310a266050b0da57d0f9f267c393a7,saved_rule_based,1.63
section_00_source_train_normal_000641,train,source,normal,C,20260909T164559Z-450e1b8ddfcd90341ac5829f,20260909T164559Z-450e1b8ddfcd90341ac5829f-dg-cc6b2caad0c5-000033,2,none,none,fast,normal-fast-2,left,normal,clipped/audio_event_clean/normal/20260909T164559Z-450e1b8ddfcd90341ac5829f-dg-cc6b2caad0c5-000033_ch2.wav,3DPrinter/train/section_00_source_train_normal_000641.wav,1e0ee76cdead7af513f4c73339b5baa425d054edc7e8d1337bbc327bef440c79,960044,8906944800,8907424800,d11a3b2cc14c313c08423b63ff9b801febb04d49d0830ce346facabf792b4b3b,0,0,3ddfe7072f331f88c55733fd4c9c460f53310a266050b0da57d0f9f267c393a7,saved_rule_based,1.63
section_00_source_train_normal_000642,train,source,normal,C,20260909T164559Z-450e1b8ddfcd90341ac5829f,20260909T164559Z-450e1b8ddfcd90341ac5829f-dg-cc6b2caad0c5-000035,2,none,none,fast,normal-fast-2,left,normal,clipped/audio_event_clean/normal/20260909T164559Z-450e1b8ddfcd90341ac5829f-dg-cc6b2caad0c5-000035_ch2.wav,3DPrinter/train/section_00_source_train_normal_000642.wav,8745d0444bff8f735858c5c166ddd3e9670443cf7cfec172617987c22e6983b0,960044,8907904800,8908384800,d11a3b2cc14c313c08423b63ff9b801febb04d49d0830ce346facabf792b4b3b,0,0,3ddfe7072f331f88c55733fd4c9c460f53310a266050b0da57d0f9f267c393a7,saved_rule_based,1.63
section_00_source_train_normal_000643,train,source,normal,C,20260909T164559Z-450e1b8ddfcd90341ac5829f,20260909T164559Z-450e1b8ddfcd90341ac5829f-dg-cc6b2caad0c5-000036,2,none,none,fast,normal-fast-2,left,normal,clipped/audio_event_clean/normal/20260909T164559Z-450e1b8ddfcd90341ac5829f-dg-cc6b2caad0c5-000036_ch2.wav,3DPrinter/train/section_00_source_train_normal_000643.wav,9a1ddad7a7f0ad9ad9536f254d1ca899468b957aa8c90f38656c63bdb3c93938,960044,8908384800,8908864800,d11a3b2cc14c313c08423b63ff9b801febb04d49d0830ce346facabf792b4b3b,0,0,3ddfe7072f331f88c55733fd4c9c460f53310a266050b0da57d0f9f267c393a7,saved_rule_based,1.63
section_00_source_train_normal_000644,train,source,normal,C,20260909T164559Z-450e1b8ddfcd90341ac5829f,20260909T164559Z-450e1b8ddfcd90341ac5829f-dg-cc6b2caad0c5-000037,2,none,none,fast,normal-fast-2,left,normal,clipped/audio_event_clean/normal/20260909T164559Z-450e1b8ddfcd90341ac5829f-dg-cc6b2caad0c5-000037_ch2.wav,3DPrinter/train/section_00_source_train_normal_000644.wav,2215baa43fde841e7353d526ed08102b04eabc7e5cd86725b63d23970407e841,960044,8908864800,8909344800,d11a3b2cc14c313c08423b63ff9b801febb04d49d0830ce346facabf792b4b3b,0,0,3ddfe7072f331f88c55733fd4c9c460f53310a266050b0da57d0f9f267c393a7,saved_rule_based,1.63
section_00_source_train_normal_000645,train,source,normal,C,20260909T164559Z-450e1b8ddfcd90341ac5829f,20260909T164559Z-450e1b8ddfcd90341ac5829f-dg-cc6b2caad0c5-000038,2,none,none,fast,normal-fast-2,left,normal,clipped/audio_event_clean/normal/20260909T164559Z-450e1b8ddfcd90341ac5829f-dg-cc6b2caad0c5-000038_ch2.wav,3DPrinter/train/section_00_source_train_normal_000645.wav,4e64c079e92a545336e95d9a2660506523637fc09c3738d5c464ef2e2fd6269d,960044,8909344800,8909824800,d11a3b2cc14c313c08423b63ff9b801febb04d49d0830ce346facabf792b4b3b,0,0,3ddfe7072f331f88c55733fd4c9c460f53310a266050b0da57d0f9f267c393a7,saved_rule_based,1.63
section_00_source_train_normal_000646,train,source,normal,C,20260909T164559Z-450e1b8ddfcd90341ac5829f,20260909T164559Z-450e1b8ddfcd90341ac5829f-dg-cc6b2caad0c5-000039,2,none,none,fast,normal-fast-2,left,normal,clipped/audio_event_clean/normal/20260909T164559Z-450e1b8ddfcd90341ac5829f-dg-cc6b2caad0c5-000039_ch2.wav,3DPrinter/train/section_00_source_train_normal_000646.wav,66423ecf9afd05ab32c499232a241e78438fdafb8bb22233580713b9a356c1c8,960044,8909824800,8910304800,d11a3b2cc14c313c08423b63ff9b801febb04d49d0830ce346facabf792b4b3b,0,0,3ddfe7072f331f88c55733fd4c9c460f53310a266050b0da57d0f9f267c393a7,saved_rule_based,1.63
section_00_source_train_normal_000647,train,source,normal,C,20260909T164559Z-450e1b8ddfcd90341ac5829f,20260909T164559Z-450e1b8ddfcd90341ac5829f-dg-cc6b2caad0c5-000040,2,none,none,fast,normal-fast-2,left,normal,clipped/audio_event_clean/normal/20260909T164559Z-450e1b8ddfcd90341ac5829f-dg-cc6b2caad0c5-000040_ch2.wav,3DPrinter/train/section_00_source_train_normal_000647.wav,eec657bf3df73df72a393ddd2497809fc1ecfadcfce1ccc12f189185f9e71267,960044,8910304800,8910784800,d11a3b2cc14c313c08423b63ff9b801febb04d49d0830ce346facabf792b4b3b,0,0,3ddfe7072f331f88c55733fd4c9c460f53310a266050b0da57d0f9f267c393a7,saved_rule_based,1.63
section_00_source_train_normal_000648,train,source,normal,C,20260909T164559Z-450e1b8ddfcd90341ac5829f,20260909T164559Z-450e1b8ddfcd90341ac5829f-dg-cc6b2caad0c5-000044,2,none,none,fast,normal-fast-2,left,normal,clipped/audio_event_clean/normal/20260909T164559Z-450e1b8ddfcd90341ac5829f-dg-cc6b2caad0c5-000044_ch2.wav,3DPrinter/train/section_00_source_train_normal_000648.wav,ad53778fcfdb430033162d9807ec0e08710dad088df36065f26fbf7d0c41b386,960044,8912224800,8912704800,d11a3b2cc14c313c08423b63ff9b801febb04d49d0830ce346facabf792b4b3b,0,0,3ddfe7072f331f88c55733fd4c9c460f53310a266050b0da57d0f9f267c393a7,saved_rule_based,1.63
section_00_source_train_normal_000649,train,source,normal,C,20260909T164559Z-450e1b8ddfcd90341ac5829f,20260909T164559Z-450e1b8ddfcd90341ac5829f-dg-cc6b2caad0c5-000045,2,none,none,fast,normal-fast-2,left,normal,clipped/audio_event_clean/normal/20260909T164559Z-450e1b8ddfcd90341ac5829f-dg-cc6b2caad0c5-000045_ch2.wav,3DPrinter/train/section_00_source_train_normal_000649.wav,d3396892e21cc9ff8311f81e6ef25f00433d859f2a6e3b43d684ea55d06cd197,960044,8912704800,8913184800,d11a3b2cc14c313c08423b63ff9b801febb04d49d0830ce346facabf792b4b3b,0,0,3ddfe7072f331f88c55733fd4c9c460f53310a266050b0da57d0f9f267c393a7,saved_rule_based,1.63
section_00_source_train_normal_000650,train,source,normal,C,20260909T164559Z-450e1b8ddfcd90341ac5829f,20260909T164559Z-450e1b8ddfcd90341ac5829f-dg-cc6b2caad0c5-000046,2,none,none,fast,normal-fast-2,left,normal,clipped/audio_event_clean/normal/20260909T164559Z-450e1b8ddfcd90341ac5829f-dg-cc6b2caad0c5-000046_ch2.wav,3DPrinter/train/section_00_source_train_normal_000650.wav,9e19cd55ecf2913e3fb41e12cec3a8fb203cbb157a6f77eff9a781efab340bdf,960044,8913184800,8913664800,d11a3b2cc14c313c08423b63ff9b801febb04d49d0830ce346facabf792b4b3b,0,0,3ddfe7072f331f88c55733fd4c9c460f53310a266050b0da57d0f9f267c393a7,saved_rule_based,1.63
section_00_source_train_normal_000651,train,source,normal,C,20260909T164559Z-450e1b8ddfcd90341ac5829f,20260909T164559Z-450e1b8ddfcd90341ac5829f-dg-cc6b2caad0c5-000047,2,none,none,fast,normal-fast-2,left,normal,clipped/audio_event_clean/normal/20260909T164559Z-450e1b8ddfcd90341ac5829f-dg-cc6b2caad0c5-000047_ch2.wav,3DPrinter/train/section_00_source_train_normal_000651.wav,017a2c784c515017a9becdc7ae33d9988d1f4f1922ff212c1e7223371433e527,960044,8913664800,8914144800,d11a3b2cc14c313c08423b63ff9b801febb04d49d0830ce346facabf792b4b3b,0,0,3ddfe7072f331f88c55733fd4c9c460f53310a266050b0da57d0f9f267c393a7,saved_rule_based,1.63
section_00_source_train_normal_000652,train,source,normal,C,20260909T164559Z-450e1b8ddfcd90341ac5829f,20260909T164559Z-450e1b8ddfcd90341ac5829f-dg-cc6b2caad0c5-000048,2,none,none,fast,normal-fast-2,left,normal,clipped/audio_event_clean/normal/20260909T164559Z-450e1b8ddfcd90341ac5829f-dg-cc6b2caad0c5-000048_ch2.wav,3DPrinter/train/section_00_source_train_normal_000652.wav,9514528e9117efc19cd43b6a364e86bbf7b158c12f47441147f80a4e878a2532,960044,8914144800,8914624800,d11a3b2cc14c313c08423b63ff9b801febb04d49d0830ce346facabf792b4b3b,0,0,3ddfe7072f331f88c55733fd4c9c460f53310a266050b0da57d0f9f267c393a7,saved_rule_based,1.63
section_00_source_train_normal_000653,train,source,normal,C,20260909T164559Z-450e1b8ddfcd90341ac5829f,20260909T164559Z-450e1b8ddfcd90341ac5829f-dg-cc6b2caad0c5-000049,2,none,none,fast,normal-fast-2,left,normal,clipped/audio_event_clean/normal/20260909T164559Z-450e1b8ddfcd90341ac5829f-dg-cc6b2caad0c5-000049_ch2.wav,3DPrinter/train/section_00_source_train_normal_000653.wav,9f8d93d55eea54eb097bac604b064a4aaef89be61c347fce4f69f5c7ffbfe36d,960044,8914624800,8915104800,d11a3b2cc14c313c08423b63ff9b801febb04d49d0830ce346facabf792b4b3b,0,0,3ddfe7072f331f88c55733fd4c9c460f53310a266050b0da57d0f9f267c393a7,saved_rule_based,1.63
section_00_source_train_normal_000654,train,source,normal,C,20260909T164559Z-450e1b8ddfcd90341ac5829f,20260909T164559Z-450e1b8ddfcd90341ac5829f-dg-cc6b2caad0c5-000052,2,none,none,fast,normal-fast-2,left,normal,clipped/audio_event_clean/normal/20260909T164559Z-450e1b8ddfcd90341ac5829f-dg-cc6b2caad0c5-000052_ch2.wav,3DPrinter/train/section_00_source_train_normal_000654.wav,e360e51dd191b06b8615abc5a65886499deda83666501a61c39d20a4e6b6e44a,960044,8916064800,8916544800,d11a3b2cc14c313c08423b63ff9b801febb04d49d0830ce346facabf792b4b3b,0,0,3ddfe7072f331f88c55733fd4c9c460f53310a266050b0da57d0f9f267c393a7,saved_rule_based,1.63
section_00_source_train_normal_000655,train,source,normal,C,20260909T164559Z-450e1b8ddfcd90341ac5829f,20260909T164559Z-450e1b8ddfcd90341ac5829f-dg-cc6b2caad0c5-000053,2,none,none,fast,normal-fast-2,left,normal,clipped/audio_event_clean/normal/20260909T164559Z-450e1b8ddfcd90341ac5829f-dg-cc6b2caad0c5-000053_ch2.wav,3DPrinter/train/section_00_source_train_normal_000655.wav,f0d9d7baddeb8b2c622b93cabbd651384ad5046858158cb5ebc51502e2a9fe32,960044,8916544800,8917024800,d11a3b2cc14c313c08423b63ff9b801febb04d49d0830ce346facabf792b4b3b,0,0,3ddfe7072f331f88c55733fd4c9c460f53310a266050b0da57d0f9f267c393a7,saved_rule_based,1.63
section_00_source_train_normal_000656,train,source,normal,C,20260909T164559Z-450e1b8ddfcd90341ac5829f,20260909T164559Z-450e1b8ddfcd90341ac5829f-dg-cc6b2caad0c5-000054,2,none,none,fast,normal-fast-2,left,normal,clipped/audio_event_clean/normal/20260909T164559Z-450e1b8ddfcd90341ac5829f-dg-cc6b2caad0c5-000054_ch2.wav,3DPrinter/train/section_00_source_train_normal_000656.wav,4bc219847c4e7a226b8b46588abbda1fd54342e03b0416d17eeb26f9ce7a7db0,960044,8917024800,8917504800,d11a3b2cc14c313c08423b63ff9b801febb04d49d0830ce346facabf792b4b3b,0,0,3ddfe7072f331f88c55733fd4c9c460f53310a266050b0da57d0f9f267c393a7,saved_rule_based,1.63
section_00_source_train_normal_000657,train,source,normal,C,20260909T164559Z-450e1b8ddfcd90341ac5829f,20260909T164559Z-450e1b8ddfcd90341ac5829f-dg-cc6b2caad0c5-000055,2,none,none,fast,normal-fast-2,left,normal,clipped/audio_event_clean/normal/20260909T164559Z-450e1b8ddfcd90341ac5829f-dg-cc6b2caad0c5-000055_ch2.wav,3DPrinter/train/section_00_source_train_normal_000657.wav,bad8ebdfc87c4254b6ed56a62c88016a4395be14b60f3d23904e50dfd2ebead5,960044,8917504800,8917984800,d11a3b2cc14c313c08423b63ff9b801febb04d49d0830ce346facabf792b4b3b,0,0,3ddfe7072f331f88c55733fd4c9c460f53310a266050b0da57d0f9f267c393a7,saved_rule_based,1.63
section_00_source_train_normal_000658,train,source,normal,C,20260909T164559Z-450e1b8ddfcd90341ac5829f,20260909T164559Z-450e1b8ddfcd90341ac5829f-dg-cc6b2caad0c5-000056,2,none,none,fast,normal-fast-2,left,normal,clipped/audio_event_clean/normal/20260909T164559Z-450e1b8ddfcd90341ac5829f-dg-cc6b2caad0c5-000056_ch2.wav,3DPrinter/train/section_00_source_train_normal_000658.wav,4b98323ab7a4e206db69a5f6af4a4b686c9a9593e257e9b97eb9eceeb7933bba,960044,8917984800,8918464800,d11a3b2cc14c313c08423b63ff9b801febb04d49d0830ce346facabf792b4b3b,0,0,3ddfe7072f331f88c55733fd4c9c460f53310a266050b0da57d0f9f267c393a7,saved_rule_based,1.63
section_00_source_train_normal_000659,train,source,normal,C,20260909T164559Z-450e1b8ddfcd90341ac5829f,20260909T164559Z-450e1b8ddfcd90341ac5829f-dg-cc6b2caad0c5-000057,2,none,none,fast,normal-fast-2,left,normal,clipped/audio_event_clean/normal/20260909T164559Z-450e1b8ddfcd90341ac5829f-dg-cc6b2caad0c5-000057_ch2.wav,3DPrinter/train/section_00_source_train_normal_000659.wav,ce03477eb3ad7619537d07e2b22ef80b1c5a03e003d267968fa3f3f1ca1a293b,960044,8918464800,8918944800,d11a3b2cc14c313c08423b63ff9b801febb04d49d0830ce346facabf792b4b3b,0,0,3ddfe7072f331f88c55733fd4c9c460f53310a266050b0da57d0f9f267c393a7,saved_rule_based,1.63
section_00_source_train_normal_000660,train,source,normal,C,20260909T164559Z-450e1b8ddfcd90341ac5829f,20260909T164559Z-450e1b8ddfcd90341ac5829f-dg-cc6b2caad0c5-000058,2,none,none,fast,normal-fast-2,left,normal,clipped/audio_event_clean/normal/20260909T164559Z-450e1b8ddfcd90341ac5829f-dg-cc6b2caad0c5-000058_ch2.wav,3DPrinter/train/section_00_source_train_normal_000660.wav,5eb39bbdb69823c2ddd9509fd3c4729210cda3097cc4e2814bbd709e22abf737,960044,8918944800,8919424800,d11a3b2cc14c313c08423b63ff9b801febb04d49d0830ce346facabf792b4b3b,0,0,3ddfe7072f331f88c55733fd4c9c460f53310a266050b0da57d0f9f267c393a7,saved_rule_based,1.63
section_00_source_train_normal_000661,train,source,normal,C,20260909T164559Z-450e1b8ddfcd90341ac5829f,20260909T164559Z-450e1b8ddfcd90341ac5829f-dg-cc6b2caad0c5-000059,2,none,none,fast,normal-fast-2,left,normal,clipped/audio_event_clean/normal/20260909T164559Z-450e1b8ddfcd90341ac5829f-dg-cc6b2caad0c5-000059_ch2.wav,3DPrinter/train/section_00_source_train_normal_000661.wav,fb2570461a80466d9c13662f4bb96d11d069afec89671a6dc3a82fc2ce153fed,960044,8919424800,8919904800,d11a3b2cc14c313c08423b63ff9b801febb04d49d0830ce346facabf792b4b3b,0,0,3ddfe7072f331f88c55733fd4c9c460f53310a266050b0da57d0f9f267c393a7,saved_rule_based,1.63
section_00_source_train_normal_000662,train,source,normal,C,20260909T164559Z-450e1b8ddfcd90341ac5829f,20260909T164559Z-450e1b8ddfcd90341ac5829f-dg-cc6b2caad0c5-000060,2,none,none,fast,normal-fast-2,left,normal,clipped/audio_event_clean/normal/20260909T164559Z-450e1b8ddfcd90341ac5829f-dg-cc6b2caad0c5-000060_ch2.wav,3DPrinter/train/section_00_source_train_normal_000662.wav,44d1241de559e3268258de93de19ff8173b5351fcb92058c6a624c347cbc8a95,960044,8919904800,8920384800,d11a3b2cc14c313c08423b63ff9b801febb04d49d0830ce346facabf792b4b3b,0,0,3ddfe7072f331f88c55733fd4c9c460f53310a266050b0da57d0f9f267c393a7,saved_rule_based,1.63
section_00_source_train_normal_000663,train,source,normal,C,20260909T164559Z-450e1b8ddfcd90341ac5829f,20260909T164559Z-450e1b8ddfcd90341ac5829f-dg-cc6b2caad0c5-000062,2,none,none,fast,normal-fast-2,left,normal,clipped/audio_event_clean/normal/20260909T164559Z-450e1b8ddfcd90341ac5829f-dg-cc6b2caad0c5-000062_ch2.wav,3DPrinter/train/section_00_source_train_normal_000663.wav,b6e38dabf94050aaaab119958540f375136c7d64c71f7d27899f92447868b166,960044,8920864800,8921344800,d11a3b2cc14c313c08423b63ff9b801febb04d49d0830ce346facabf792b4b3b,0,0,3ddfe7072f331f88c55733fd4c9c460f53310a266050b0da57d0f9f267c393a7,saved_rule_based,1.63
section_00_source_train_normal_000664,train,source,normal,C,20260909T164559Z-450e1b8ddfcd90341ac5829f,20260909T164559Z-450e1b8ddfcd90341ac5829f-dg-cc6b2caad0c5-000063,2,none,none,fast,normal-fast-2,left,normal,clipped/audio_event_clean/normal/20260909T164559Z-450e1b8ddfcd90341ac5829f-dg-cc6b2caad0c5-000063_ch2.wav,3DPrinter/train/section_00_source_train_normal_000664.wav,bc9f817ff05bdbf6c2120690a225df5e473a75bd3e211ceb29fedbf99c0cd71a,960044,8921344800,8921824800,d11a3b2cc14c313c08423b63ff9b801febb04d49d0830ce346facabf792b4b3b,0,0,3ddfe7072f331f88c55733fd4c9c460f53310a266050b0da57d0f9f267c393a7,saved_rule_based,1.63
section_00_source_train_normal_000665,train,source,normal,C,20260909T164559Z-450e1b8ddfcd90341ac5829f,20260909T164559Z-450e1b8ddfcd90341ac5829f-dg-cc6b2caad0c5-000065,2,none,none,fast,normal-fast-2,left,normal,clipped/audio_event_clean/normal/20260909T164559Z-450e1b8ddfcd90341ac5829f-dg-cc6b2caad0c5-000065_ch2.wav,3DPrinter/train/section_00_source_train_normal_000665.wav,5579c9436686051aa338f6432815143be6eb1a3614f3b922dcd65fa00610597b,960044,8922304800,8922784800,d11a3b2cc14c313c08423b63ff9b801febb04d49d0830ce346facabf792b4b3b,0,0,3ddfe7072f331f88c55733fd4c9c460f53310a266050b0da57d0f9f267c393a7,saved_rule_based,1.63
section_00_source_train_normal_000666,train,source,normal,C,20260909T164559Z-450e1b8ddfcd90341ac5829f,20260909T164559Z-450e1b8ddfcd90341ac5829f-dg-cc6b2caad0c5-000066,2,none,none,fast,normal-fast-2,left,normal,clipped/audio_event_clean/normal/20260909T164559Z-450e1b8ddfcd90341ac5829f-dg-cc6b2caad0c5-000066_ch2.wav,3DPrinter/train/section_00_source_train_normal_000666.wav,42363a6c0b076c66182d3cb2adffaff48befa615a697a9f6d385a28984c54834,960044,8922784800,8923264800,d11a3b2cc14c313c08423b63ff9b801febb04d49d0830ce346facabf792b4b3b,0,0,3ddfe7072f331f88c55733fd4c9c460f53310a266050b0da57d0f9f267c393a7,saved_rule_based,1.63
section_00_source_train_normal_000667,train,source,normal,C,20260909T164559Z-450e1b8ddfcd90341ac5829f,20260909T164559Z-450e1b8ddfcd90341ac5829f-dg-cc6b2caad0c5-000067,2,none,none,fast,normal-fast-2,left,normal,clipped/audio_event_clean/normal/20260909T164559Z-450e1b8ddfcd90341ac5829f-dg-cc6b2caad0c5-000067_ch2.wav,3DPrinter/train/section_00_source_train_normal_000667.wav,50fa3c8b5fffe7cd7380b411535a9cf339528368e423972cc3670a30ff641727,960044,8923264800,8923744800,d11a3b2cc14c313c08423b63ff9b801febb04d49d0830ce346facabf792b4b3b,0,0,3ddfe7072f331f88c55733fd4c9c460f53310a266050b0da57d0f9f267c393a7,saved_rule_based,1.63
section_00_source_train_normal_000668,train,source,normal,C,20260909T164559Z-450e1b8ddfcd90341ac5829f,20260909T164559Z-450e1b8ddfcd90341ac5829f-dg-cc6b2caad0c5-000068,2,none,none,fast,normal-fast-2,left,normal,clipped/audio_event_clean/normal/20260909T164559Z-450e1b8ddfcd90341ac5829f-dg-cc6b2caad0c5-000068_ch2.wav,3DPrinter/train/section_00_source_train_normal_000668.wav,50273405234bbbd2805a23df36779020dab01902b9d781c446069722ee73a48c,960044,8923744800,8924224800,d11a3b2cc14c313c08423b63ff9b801febb04d49d0830ce346facabf792b4b3b,0,0,3ddfe7072f331f88c55733fd4c9c460f53310a266050b0da57d0f9f267c393a7,saved_rule_based,1.63
section_00_source_train_normal_000669,train,source,normal,C,20260909T164559Z-450e1b8ddfcd90341ac5829f,20260909T164559Z-450e1b8ddfcd90341ac5829f-dg-cc6b2caad0c5-000071,2,none,none,fast,normal-fast-2,left,normal,clipped/audio_event_clean/normal/20260909T164559Z-450e1b8ddfcd90341ac5829f-dg-cc6b2caad0c5-000071_ch2.wav,3DPrinter/train/section_00_source_train_normal_000669.wav,ef1e287f591830f1bdbebc9da6ebac11f491c594724ef4f0d3c1514f963408b0,960044,8925184800,8925664800,d11a3b2cc14c313c08423b63ff9b801febb04d49d0830ce346facabf792b4b3b,0,0,3ddfe7072f331f88c55733fd4c9c460f53310a266050b0da57d0f9f267c393a7,saved_rule_based,1.63
section_00_source_train_normal_000670,train,source,normal,C,20260909T164559Z-450e1b8ddfcd90341ac5829f,20260909T164559Z-450e1b8ddfcd90341ac5829f-dg-cc6b2caad0c5-000072,2,none,none,fast,normal-fast-2,left,normal,clipped/audio_event_clean/normal/20260909T164559Z-450e1b8ddfcd90341ac5829f-dg-cc6b2caad0c5-000072_ch2.wav,3DPrinter/train/section_00_source_train_normal_000670.wav,04b6e57f29b368113f77814e27ae789e65eca43bc22cd612cbe65c0bfbd3fe53,960044,8925664800,8926144800,d11a3b2cc14c313c08423b63ff9b801febb04d49d0830ce346facabf792b4b3b,0,0,3ddfe7072f331f88c55733fd4c9c460f53310a266050b0da57d0f9f267c393a7,saved_rule_based,1.63
section_00_source_train_normal_000671,train,source,normal,C,20260909T164559Z-450e1b8ddfcd90341ac5829f,20260909T164559Z-450e1b8ddfcd90341ac5829f-dg-cc6b2caad0c5-000073,2,none,none,fast,normal-fast-2,left,normal,clipped/audio_event_clean/normal/20260909T164559Z-450e1b8ddfcd90341ac5829f-dg-cc6b2caad0c5-000073_ch2.wav,3DPrinter/train/section_00_source_train_normal_000671.wav,928d5b2850b93b2bde79f79487e57bbbcf15c23b98d94525f048f5465522a9b1,960044,8926144800,8926624800,d11a3b2cc14c313c08423b63ff9b801febb04d49d0830ce346facabf792b4b3b,0,0,3ddfe7072f331f88c55733fd4c9c460f53310a266050b0da57d0f9f267c393a7,saved_rule_based,1.63
section_00_source_train_normal_000672,train,source,normal,C,20260909T164559Z-450e1b8ddfcd90341ac5829f,20260909T164559Z-450e1b8ddfcd90341ac5829f-dg-cc6b2caad0c5-000075,2,none,none,fast,normal-fast-2,left,normal,clipped/audio_event_clean/normal/20260909T164559Z-450e1b8ddfcd90341ac5829f-dg-cc6b2caad0c5-000075_ch2.wav,3DPrinter/train/section_00_source_train_normal_000672.wav,58100418b0df45f739fdabc23a18781eb9f990a443af1b36b93eeb9413e0f0a0,960044,8927104800,8927584800,d11a3b2cc14c313c08423b63ff9b801febb04d49d0830ce346facabf792b4b3b,0,0,3ddfe7072f331f88c55733fd4c9c460f53310a266050b0da57d0f9f267c393a7,saved_rule_based,1.63
section_00_source_train_normal_000673,train,source,normal,C,20260909T164559Z-450e1b8ddfcd90341ac5829f,20260909T164559Z-450e1b8ddfcd90341ac5829f-dg-cc6b2caad0c5-000076,2,none,none,fast,normal-fast-2,left,normal,clipped/audio_event_clean/normal/20260909T164559Z-450e1b8ddfcd90341ac5829f-dg-cc6b2caad0c5-000076_ch2.wav,3DPrinter/train/section_00_source_train_normal_000673.wav,9a5e3f1d416f3283c96fbc6277b937bab5d7254fa9c8488936a33d0846e2cabc,960044,8927584800,8928064800,d11a3b2cc14c313c08423b63ff9b801febb04d49d0830ce346facabf792b4b3b,0,0,3ddfe7072f331f88c55733fd4c9c460f53310a266050b0da57d0f9f267c393a7,saved_rule_based,1.63
section_00_source_train_normal_000674,train,source,normal,C,20260909T164559Z-450e1b8ddfcd90341ac5829f,20260909T164559Z-450e1b8ddfcd90341ac5829f-dg-cc6b2caad0c5-000077,2,none,none,fast,normal-fast-2,left,normal,clipped/audio_event_clean/normal/20260909T164559Z-450e1b8ddfcd90341ac5829f-dg-cc6b2caad0c5-000077_ch2.wav,3DPrinter/train/section_00_source_train_normal_000674.wav,1bfe4d98a55334e0520402845f326a1eb0d12d66553eec5c5c9d7a28ca6aba8f,960044,8928064800,8928544800,d11a3b2cc14c313c08423b63ff9b801febb04d49d0830ce346facabf792b4b3b,0,0,3ddfe7072f331f88c55733fd4c9c460f53310a266050b0da57d0f9f267c393a7,saved_rule_based,1.63
section_00_source_train_normal_000675,train,source,normal,C,20260909T164559Z-450e1b8ddfcd90341ac5829f,20260909T164559Z-450e1b8ddfcd90341ac5829f-dg-cc6b2caad0c5-000078,2,none,none,fast,normal-fast-2,left,normal,clipped/audio_event_clean/normal/20260909T164559Z-450e1b8ddfcd90341ac5829f-dg-cc6b2caad0c5-000078_ch2.wav,3DPrinter/train/section_00_source_train_normal_000675.wav,af230319df51b862fe394eb80b14b39f896ed095bbcfa965ddf9c48b8f594e56,960044,8928544800,8929024800,d11a3b2cc14c313c08423b63ff9b801febb04d49d0830ce346facabf792b4b3b,0,0,3ddfe7072f331f88c55733fd4c9c460f53310a266050b0da57d0f9f267c393a7,saved_rule_based,1.63
section_00_source_train_normal_000676,train,source,normal,C,20260909T164559Z-450e1b8ddfcd90341ac5829f,20260909T164559Z-450e1b8ddfcd90341ac5829f-dg-cc6b2caad0c5-000079,2,none,none,fast,normal-fast-2,left,normal,clipped/audio_event_clean/normal/20260909T164559Z-450e1b8ddfcd90341ac5829f-dg-cc6b2caad0c5-000079_ch2.wav,3DPrinter/train/section_00_source_train_normal_000676.wav,6f438e8772843cedbcf589c60f3250b53f4833c275bccb0e1d83fd74f26360c7,960044,8929024800,8929504800,d11a3b2cc14c313c08423b63ff9b801febb04d49d0830ce346facabf792b4b3b,0,0,3ddfe7072f331f88c55733fd4c9c460f53310a266050b0da57d0f9f267c393a7,saved_rule_based,1.63
section_00_source_train_normal_000677,train,source,normal,C,20260909T164559Z-450e1b8ddfcd90341ac5829f,20260909T164559Z-450e1b8ddfcd90341ac5829f-dg-cc6b2caad0c5-000080,2,none,none,fast,normal-fast-2,left,normal,clipped/audio_event_clean/normal/20260909T164559Z-450e1b8ddfcd90341ac5829f-dg-cc6b2caad0c5-000080_ch2.wav,3DPrinter/train/section_00_source_train_normal_000677.wav,ac2653a03c3d52bc4a85667ecb2fa98721dc6582452264ef0cf6eb328abd17d6,960044,8929504800,8929984800,d11a3b2cc14c313c08423b63ff9b801febb04d49d0830ce346facabf792b4b3b,0,0,3ddfe7072f331f88c55733fd4c9c460f53310a266050b0da57d0f9f267c393a7,saved_rule_based,1.63
section_00_source_train_normal_000678,train,source,normal,C,20260909T164559Z-450e1b8ddfcd90341ac5829f,20260909T164559Z-450e1b8ddfcd90341ac5829f-dg-cc6b2caad0c5-000082,2,none,none,fast,normal-fast-2,left,normal,clipped/audio_event_clean/normal/20260909T164559Z-450e1b8ddfcd90341ac5829f-dg-cc6b2caad0c5-000082_ch2.wav,3DPrinter/train/section_00_source_train_normal_000678.wav,b07b5f9649ddd42d64a411d85b5f5221e60f3ca65cd187e41538d291b80ad482,960044,8930464800,8930944800,d11a3b2cc14c313c08423b63ff9b801febb04d49d0830ce346facabf792b4b3b,0,0,3ddfe7072f331f88c55733fd4c9c460f53310a266050b0da57d0f9f267c393a7,saved_rule_based,1.63
section_00_source_train_normal_000679,train,source,normal,C,20260909T164559Z-450e1b8ddfcd90341ac5829f,20260909T164559Z-450e1b8ddfcd90341ac5829f-dg-cc6b2caad0c5-000083,2,none,none,fast,normal-fast-2,left,normal,clipped/audio_event_clean/normal/20260909T164559Z-450e1b8ddfcd90341ac5829f-dg-cc6b2caad0c5-000083_ch2.wav,3DPrinter/train/section_00_source_train_normal_000679.wav,d18e4372b6e0b8d54b9e57a2e1eddd051025712a6485db31acfa9be0e4686aa7,960044,8930944800,8931424800,d11a3b2cc14c313c08423b63ff9b801febb04d49d0830ce346facabf792b4b3b,0,0,3ddfe7072f331f88c55733fd4c9c460f53310a266050b0da57d0f9f267c393a7,saved_rule_based,1.63
section_00_source_train_normal_000680,train,source,normal,C,20260909T164559Z-450e1b8ddfcd90341ac5829f,20260909T164559Z-450e1b8ddfcd90341ac5829f-dg-cc6b2caad0c5-000084,2,none,none,fast,normal-fast-2,left,normal,clipped/audio_event_clean/normal/20260909T164559Z-450e1b8ddfcd90341ac5829f-dg-cc6b2caad0c5-000084_ch2.wav,3DPrinter/train/section_00_source_train_normal_000680.wav,e298449cb49401f7a6029c5bce2c892a722ff7bc34b0debdd68e654e614bfd04,960044,8931424800,8931904800,d11a3b2cc14c313c08423b63ff9b801febb04d49d0830ce346facabf792b4b3b,0,0,3ddfe7072f331f88c55733fd4c9c460f53310a266050b0da57d0f9f267c393a7,saved_rule_based,1.63
section_00_source_train_normal_000681,train,source,normal,C,20260909T164559Z-450e1b8ddfcd90341ac5829f,20260909T164559Z-450e1b8ddfcd90341ac5829f-dg-cc6b2caad0c5-000085,2,none,none,fast,normal-fast-2,left,normal,clipped/audio_event_clean/normal/20260909T164559Z-450e1b8ddfcd90341ac5829f-dg-cc6b2caad0c5-000085_ch2.wav,3DPrinter/train/section_00_source_train_normal_000681.wav,58804985f8e0098158d2a7eccb4296e0cc97b773dc978f9fe2d26c72ac3cd2d5,960044,8931904800,8932384800,d11a3b2cc14c313c08423b63ff9b801febb04d49d0830ce346facabf792b4b3b,0,0,3ddfe7072f331f88c55733fd4c9c460f53310a266050b0da57d0f9f267c393a7,saved_rule_based,1.63
section_00_source_train_normal_000682,train,source,normal,C,20260909T164559Z-450e1b8ddfcd90341ac5829f,20260909T164559Z-450e1b8ddfcd90341ac5829f-dg-cc6b2caad0c5-000086,2,none,none,fast,normal-fast-2,left,normal,clipped/audio_event_clean/normal/20260909T164559Z-450e1b8ddfcd90341ac5829f-dg-cc6b2caad0c5-000086_ch2.wav,3DPrinter/train/section_00_source_train_normal_000682.wav,62dd62973067df2f274e60c3b04cf8e16367dfe786214eb632d5b66559708851,960044,8932384800,8932864800,d11a3b2cc14c313c08423b63ff9b801febb04d49d0830ce346facabf792b4b3b,0,0,3ddfe7072f331f88c55733fd4c9c460f53310a266050b0da57d0f9f267c393a7,saved_rule_based,1.63
section_00_source_train_normal_000683,train,source,normal,C,20260909T164559Z-450e1b8ddfcd90341ac5829f,20260909T164559Z-450e1b8ddfcd90341ac5829f-dg-cc6b2caad0c5-000087,2,none,none,fast,normal-fast-2,left,normal,clipped/audio_event_clean/normal/20260909T164559Z-450e1b8ddfcd90341ac5829f-dg-cc6b2caad0c5-000087_ch2.wav,3DPrinter/train/section_00_source_train_normal_000683.wav,05c53edde20dc58a1a412d1768c83f05bf3e2a4c253f231f5025fc897e9ffbf9,960044,8932864800,8933344800,d11a3b2cc14c313c08423b63ff9b801febb04d49d0830ce346facabf792b4b3b,0,0,3ddfe7072f331f88c55733fd4c9c460f53310a266050b0da57d0f9f267c393a7,saved_rule_based,1.63
section_00_source_train_normal_000684,train,source,normal,C,20260909T164559Z-450e1b8ddfcd90341ac5829f,20260909T164559Z-450e1b8ddfcd90341ac5829f-dg-cc6b2caad0c5-000089,2,none,none,fast,normal-fast-2,left,normal,clipped/audio_event_clean/normal/20260909T164559Z-450e1b8ddfcd90341ac5829f-dg-cc6b2caad0c5-000089_ch2.wav,3DPrinter/train/section_00_source_train_normal_000684.wav,e14f0c97a5e9d21dc0c74e4a586515b4e168e1704257616e7c6c60d2164f9ae4,960044,8933824800,8934304800,d11a3b2cc14c313c08423b63ff9b801febb04d49d0830ce346facabf792b4b3b,0,0,3ddfe7072f331f88c55733fd4c9c460f53310a266050b0da57d0f9f267c393a7,saved_rule_based,1.63
section_00_source_train_normal_000685,train,source,normal,C,20260909T164559Z-450e1b8ddfcd90341ac5829f,20260909T164559Z-450e1b8ddfcd90341ac5829f-dg-cc6b2caad0c5-000090,2,none,none,fast,normal-fast-2,left,normal,clipped/audio_event_clean/normal/20260909T164559Z-450e1b8ddfcd90341ac5829f-dg-cc6b2caad0c5-000090_ch2.wav,3DPrinter/train/section_00_source_train_normal_000685.wav,6293eceddf0977371ab055a84d46b9e2df3ac867f66444ea8f9f038b6c34d112,960044,8934304800,8934784800,d11a3b2cc14c313c08423b63ff9b801febb04d49d0830ce346facabf792b4b3b,0,0,3ddfe7072f331f88c55733fd4c9c460f53310a266050b0da57d0f9f267c393a7,saved_rule_based,1.63
section_00_source_train_normal_000686,train,source,normal,C,20260909T164559Z-450e1b8ddfcd90341ac5829f,20260909T164559Z-450e1b8ddfcd90341ac5829f-dg-cc6b2caad0c5-000092,2,none,none,fast,normal-fast-2,left,normal,clipped/audio_event_clean/normal/20260909T164559Z-450e1b8ddfcd90341ac5829f-dg-cc6b2caad0c5-000092_ch2.wav,3DPrinter/train/section_00_source_train_normal_000686.wav,29144ede7aa93a6aa4185897a1ab048f7becd1ceb91100079a4ad7598378869f,960044,8935264800,8935744800,d11a3b2cc14c313c08423b63ff9b801febb04d49d0830ce346facabf792b4b3b,0,0,3ddfe7072f331f88c55733fd4c9c460f53310a266050b0da57d0f9f267c393a7,saved_rule_based,1.63
section_00_source_train_normal_000687,train,source,normal,C,20260909T164559Z-450e1b8ddfcd90341ac5829f,20260909T164559Z-450e1b8ddfcd90341ac5829f-dg-cc6b2caad0c5-000095,2,none,none,fast,normal-fast-2,left,normal,clipped/audio_event_clean/normal/20260909T164559Z-450e1b8ddfcd90341ac5829f-dg-cc6b2caad0c5-000095_ch2.wav,3DPrinter/train/section_00_source_train_normal_000687.wav,b8ed51aeff3ac3d672668adc52a5b8f3c50e039e407f5219c67fffb69aac6ca1,960044,8936704800,8937184800,d11a3b2cc14c313c08423b63ff9b801febb04d49d0830ce346facabf792b4b3b,0,0,3ddfe7072f331f88c55733fd4c9c460f53310a266050b0da57d0f9f267c393a7,saved_rule_based,1.63
section_00_source_train_normal_000688,train,source,normal,C,20260909T164559Z-450e1b8ddfcd90341ac5829f,20260909T164559Z-450e1b8ddfcd90341ac5829f-dg-cc6b2caad0c5-000096,2,none,none,fast,normal-fast-2,left,normal,clipped/audio_event_clean/normal/20260909T164559Z-450e1b8ddfcd90341ac5829f-dg-cc6b2caad0c5-000096_ch2.wav,3DPrinter/train/section_00_source_train_normal_000688.wav,de51c9223a1b4c6fe883adeea2d0265b1a2cab35cf280009d99b6aaf5a8af91f,960044,8937184800,8937664800,d11a3b2cc14c313c08423b63ff9b801febb04d49d0830ce346facabf792b4b3b,0,0,3ddfe7072f331f88c55733fd4c9c460f53310a266050b0da57d0f9f267c393a7,saved_rule_based,1.63
section_00_source_train_normal_000689,train,source,normal,C,20260909T164559Z-450e1b8ddfcd90341ac5829f,20260909T164559Z-450e1b8ddfcd90341ac5829f-dg-cc6b2caad0c5-000097,2,none,none,fast,normal-fast-2,left,normal,clipped/audio_event_clean/normal/20260909T164559Z-450e1b8ddfcd90341ac5829f-dg-cc6b2caad0c5-000097_ch2.wav,3DPrinter/train/section_00_source_train_normal_000689.wav,26362181fb2eda88d787654739b7d09377597a953e07dc3357ea601b57fc27ef,960044,8937664800,8938144800,d11a3b2cc14c313c08423b63ff9b801febb04d49d0830ce346facabf792b4b3b,0,0,3ddfe7072f331f88c55733fd4c9c460f53310a266050b0da57d0f9f267c393a7,saved_rule_based,1.63
section_00_source_train_normal_000690,train,source,normal,C,20260909T164559Z-450e1b8ddfcd90341ac5829f,20260909T164559Z-450e1b8ddfcd90341ac5829f-dg-cc6b2caad0c5-000099,2,none,none,fast,normal-fast-2,left,normal,clipped/audio_event_clean/normal/20260909T164559Z-450e1b8ddfcd90341ac5829f-dg-cc6b2caad0c5-000099_ch2.wav,3DPrinter/train/section_00_source_train_normal_000690.wav,26208ab64000b1e117542d51844361a294526e13a5befd0c406010da07a2b2d5,960044,8938624800,8939104800,d11a3b2cc14c313c08423b63ff9b801febb04d49d0830ce346facabf792b4b3b,0,0,3ddfe7072f331f88c55733fd4c9c460f53310a266050b0da57d0f9f267c393a7,saved_rule_based,1.63
section_00_source_train_normal_000691,train,source,normal,C,20260909T164559Z-450e1b8ddfcd90341ac5829f,20260909T164559Z-450e1b8ddfcd90341ac5829f-dg-cc6b2caad0c5-000101,2,none,none,fast,normal-fast-2,left,normal,clipped/audio_event_clean/normal/20260909T164559Z-450e1b8ddfcd90341ac5829f-dg-cc6b2caad0c5-000101_ch2.wav,3DPrinter/train/section_00_source_train_normal_000691.wav,b004dc9935eeb59a8cb78fa170637e16d796efb7df8b0789e40b462edef88b6b,960044,8939584800,8940064800,d11a3b2cc14c313c08423b63ff9b801febb04d49d0830ce346facabf792b4b3b,0,0,3ddfe7072f331f88c55733fd4c9c460f53310a266050b0da57d0f9f267c393a7,saved_rule_based,1.63
section_00_source_train_normal_000692,train,source,normal,C,20260909T164559Z-450e1b8ddfcd90341ac5829f,20260909T164559Z-450e1b8ddfcd90341ac5829f-dg-cc6b2caad0c5-000103,2,none,none,fast,normal-fast-2,left,normal,clipped/audio_event_clean/normal/20260909T164559Z-450e1b8ddfcd90341ac5829f-dg-cc6b2caad0c5-000103_ch2.wav,3DPrinter/train/section_00_source_train_normal_000692.wav,3f86ef8fb0c7cc7bf33bc14336a3ef0ed8225d049579b648ac857d6b28581613,960044,8940544800,8941024800,d11a3b2cc14c313c08423b63ff9b801febb04d49d0830ce346facabf792b4b3b,0,0,3ddfe7072f331f88c55733fd4c9c460f53310a266050b0da57d0f9f267c393a7,saved_rule_based,1.63
section_00_source_train_normal_000693,train,source,normal,C,20260909T164559Z-450e1b8ddfcd90341ac5829f,20260909T164559Z-450e1b8ddfcd90341ac5829f-dg-cc6b2caad0c5-000105,2,none,none,fast,normal-fast-2,left,normal,clipped/audio_event_clean/normal/20260909T164559Z-450e1b8ddfcd90341ac5829f-dg-cc6b2caad0c5-000105_ch2.wav,3DPrinter/train/section_00_source_train_normal_000693.wav,59a7cb8412b57424cc3ecee6dd42cb7c7416bd6277ee3b5018b61fed5986302a,960044,8941504800,8941984800,d11a3b2cc14c313c08423b63ff9b801febb04d49d0830ce346facabf792b4b3b,0,0,3ddfe7072f331f88c55733fd4c9c460f53310a266050b0da57d0f9f267c393a7,saved_rule_based,1.63
section_00_source_train_normal_000694,train,source,normal,C,20260909T164559Z-450e1b8ddfcd90341ac5829f,20260909T164559Z-450e1b8ddfcd90341ac5829f-dg-cc6b2caad0c5-000106,2,none,none,fast,normal-fast-2,left,normal,clipped/audio_event_clean/normal/20260909T164559Z-450e1b8ddfcd90341ac5829f-dg-cc6b2caad0c5-000106_ch2.wav,3DPrinter/train/section_00_source_train_normal_000694.wav,f10f4239d420c0ee0dc4d8f6d6b37583c48e5b942e53deee257ff783bfba0bee,960044,8941984800,8942464800,d11a3b2cc14c313c08423b63ff9b801febb04d49d0830ce346facabf792b4b3b,0,0,3ddfe7072f331f88c55733fd4c9c460f53310a266050b0da57d0f9f267c393a7,saved_rule_based,1.63
section_00_source_train_normal_000695,train,source,normal,C,20260909T164559Z-450e1b8ddfcd90341ac5829f,20260909T164559Z-450e1b8ddfcd90341ac5829f-dg-cc6b2caad0c5-000107,2,none,none,fast,normal-fast-2,left,normal,clipped/audio_event_clean/normal/20260909T164559Z-450e1b8ddfcd90341ac5829f-dg-cc6b2caad0c5-000107_ch2.wav,3DPrinter/train/section_00_source_train_normal_000695.wav,83cee57485e9731db559fc4cf9ff3d980fe3595f05a7a4da7f2231da2afb2546,960044,8942464800,8942944800,d11a3b2cc14c313c08423b63ff9b801febb04d49d0830ce346facabf792b4b3b,0,0,3ddfe7072f331f88c55733fd4c9c460f53310a266050b0da57d0f9f267c393a7,saved_rule_based,1.63
section_00_source_train_normal_000696,train,source,normal,C,20260909T164559Z-450e1b8ddfcd90341ac5829f,20260909T164559Z-450e1b8ddfcd90341ac5829f-dg-cc6b2caad0c5-000108,2,none,none,fast,normal-fast-2,left,normal,clipped/audio_event_clean/normal/20260909T164559Z-450e1b8ddfcd90341ac5829f-dg-cc6b2caad0c5-000108_ch2.wav,3DPrinter/train/section_00_source_train_normal_000696.wav,e9e51885b9663828a8520bce2b8c3e945792f1f1af581d67bf1d8eca071c48c3,960044,8942944800,8943424800,d11a3b2cc14c313c08423b63ff9b801febb04d49d0830ce346facabf792b4b3b,0,0,3ddfe7072f331f88c55733fd4c9c460f53310a266050b0da57d0f9f267c393a7,saved_rule_based,1.63
section_00_source_train_normal_000697,train,source,normal,C,20260909T164559Z-450e1b8ddfcd90341ac5829f,20260909T164559Z-450e1b8ddfcd90341ac5829f-dg-cc6b2caad0c5-000110,2,none,none,fast,normal-fast-2,left,normal,clipped/audio_event_clean/normal/20260909T164559Z-450e1b8ddfcd90341ac5829f-dg-cc6b2caad0c5-000110_ch2.wav,3DPrinter/train/section_00_source_train_normal_000697.wav,9697f12cdd186b5a3d6e812556f0a065f9787fe0c5ee6c3cc0c7f026844323b4,960044,8943904800,8944384800,d11a3b2cc14c313c08423b63ff9b801febb04d49d0830ce346facabf792b4b3b,0,0,3ddfe7072f331f88c55733fd4c9c460f53310a266050b0da57d0f9f267c393a7,saved_rule_based,1.63
section_00_source_train_normal_000698,train,source,normal,C,20260909T164559Z-450e1b8ddfcd90341ac5829f,20260909T164559Z-450e1b8ddfcd90341ac5829f-dg-cc6b2caad0c5-000111,2,none,none,fast,normal-fast-2,left,normal,clipped/audio_event_clean/normal/20260909T164559Z-450e1b8ddfcd90341ac5829f-dg-cc6b2caad0c5-000111_ch2.wav,3DPrinter/train/section_00_source_train_normal_000698.wav,1d132249e1f5517a729bf7d78167e2f3a9786d2960319f8397712a89cfd90466,960044,8944384800,8944864800,d11a3b2cc14c313c08423b63ff9b801febb04d49d0830ce346facabf792b4b3b,0,0,3ddfe7072f331f88c55733fd4c9c460f53310a266050b0da57d0f9f267c393a7,saved_rule_based,1.63
section_00_source_train_normal_000699,train,source,normal,C,20260909T164559Z-450e1b8ddfcd90341ac5829f,20260909T164559Z-450e1b8ddfcd90341ac5829f-dg-cc6b2caad0c5-000112,2,none,none,fast,normal-fast-2,left,normal,clipped/audio_event_clean/normal/20260909T164559Z-450e1b8ddfcd90341ac5829f-dg-cc6b2caad0c5-000112_ch2.wav,3DPrinter/train/section_00_source_train_normal_000699.wav,eb416179db2664c8b3ef1fdc6aacec15ecfb3fec4729bf4f8c2db7c382bb99f8,960044,8944864800,8945344800,d11a3b2cc14c313c08423b63ff9b801febb04d49d0830ce346facabf792b4b3b,0,0,3ddfe7072f331f88c55733fd4c9c460f53310a266050b0da57d0f9f267c393a7,saved_rule_based,1.63
section_00_source_train_normal_000700,train,source,normal,C,20260909T164559Z-450e1b8ddfcd90341ac5829f,20260909T164559Z-450e1b8ddfcd90341ac5829f-dg-cc6b2caad0c5-000114,2,none,none,fast,normal-fast-2,left,normal,clipped/audio_event_clean/normal/20260909T164559Z-450e1b8ddfcd90341ac5829f-dg-cc6b2caad0c5-000114_ch2.wav,3DPrinter/train/section_00_source_train_normal_000700.wav,0cad9357c7fc32ef4ee6092c79b298349e1b6a5032fe96864d3884621a77cb8b,960044,8945824800,8946304800,d11a3b2cc14c313c08423b63ff9b801febb04d49d0830ce346facabf792b4b3b,0,0,3ddfe7072f331f88c55733fd4c9c460f53310a266050b0da57d0f9f267c393a7,saved_rule_based,1.63
section_00_source_train_normal_000701,train,source,normal,C,20260909T164559Z-450e1b8ddfcd90341ac5829f,20260909T164559Z-450e1b8ddfcd90341ac5829f-dg-cc6b2caad0c5-000115,2,none,none,fast,normal-fast-2,left,normal,clipped/audio_event_clean/normal/20260909T164559Z-450e1b8ddfcd90341ac5829f-dg-cc6b2caad0c5-000115_ch2.wav,3DPrinter/train/section_00_source_train_normal_000701.wav,c8fb49c02248d91f57d3078ac4707737dafc56bea7fdbe25e0f3a93af75be248,960044,8946304800,8946784800,d11a3b2cc14c313c08423b63ff9b801febb04d49d0830ce346facabf792b4b3b,0,0,3ddfe7072f331f88c55733fd4c9c460f53310a266050b0da57d0f9f267c393a7,saved_rule_based,1.63
section_00_source_train_normal_000702,train,source,normal,C,20260909T164559Z-450e1b8ddfcd90341ac5829f,20260909T164559Z-450e1b8ddfcd90341ac5829f-dg-cc6b2caad0c5-000116,2,none,none,fast,normal-fast-2,left,normal,clipped/audio_event_clean/normal/20260909T164559Z-450e1b8ddfcd90341ac5829f-dg-cc6b2caad0c5-000116_ch2.wav,3DPrinter/train/section_00_source_train_normal_000702.wav,d0bd8d87e79124eaecbf46f78c8f85e2b284ff735d249c1ddf054db89cd32b43,960044,8946784800,8947264800,d11a3b2cc14c313c08423b63ff9b801febb04d49d0830ce346facabf792b4b3b,0,0,3ddfe7072f331f88c55733fd4c9c460f53310a266050b0da57d0f9f267c393a7,saved_rule_based,1.63
section_00_source_train_normal_000703,train,source,normal,C,20260909T164559Z-450e1b8ddfcd90341ac5829f,20260909T164559Z-450e1b8ddfcd90341ac5829f-dg-cc6b2caad0c5-000118,2,none,none,fast,normal-fast-2,left,normal,clipped/audio_event_clean/normal/20260909T164559Z-450e1b8ddfcd90341ac5829f-dg-cc6b2caad0c5-000118_ch2.wav,3DPrinter/train/section_00_source_train_normal_000703.wav,64b3f8e955dc6c5afba7f66dcc4ce6044814ce601a4a994219f75d189d28880c,960044,8947744800,8948224800,d11a3b2cc14c313c08423b63ff9b801febb04d49d0830ce346facabf792b4b3b,0,0,3ddfe7072f331f88c55733fd4c9c460f53310a266050b0da57d0f9f267c393a7,saved_rule_based,1.63
section_00_source_train_normal_000704,train,source,normal,C,20260909T164559Z-450e1b8ddfcd90341ac5829f,20260909T164559Z-450e1b8ddfcd90341ac5829f-dg-cc6b2caad0c5-000119,2,none,none,fast,normal-fast-2,left,normal,clipped/audio_event_clean/normal/20260909T164559Z-450e1b8ddfcd90341ac5829f-dg-cc6b2caad0c5-000119_ch2.wav,3DPrinter/train/section_00_source_train_normal_000704.wav,18f36a5fec8fc12980a3498ca7f72d4676499dab5781e1d57aa4d488e3ca80c1,960044,8948224800,8948704800,d11a3b2cc14c313c08423b63ff9b801febb04d49d0830ce346facabf792b4b3b,0,0,3ddfe7072f331f88c55733fd4c9c460f53310a266050b0da57d0f9f267c393a7,saved_rule_based,1.63
section_00_source_train_normal_000705,train,source,normal,C,20260909T164559Z-450e1b8ddfcd90341ac5829f,20260909T164559Z-450e1b8ddfcd90341ac5829f-dg-cc6b2caad0c5-000122,2,none,none,fast,normal-fast-2,left,normal,clipped/audio_event_clean/normal/20260909T164559Z-450e1b8ddfcd90341ac5829f-dg-cc6b2caad0c5-000122_ch2.wav,3DPrinter/train/section_00_source_train_normal_000705.wav,bee8cc8ca32fef0760b653e3c70ef9f9f9844bbc9c6dac89b111ba76017bc115,960044,8949664800,8950144800,d11a3b2cc14c313c08423b63ff9b801febb04d49d0830ce346facabf792b4b3b,0,0,3ddfe7072f331f88c55733fd4c9c460f53310a266050b0da57d0f9f267c393a7,saved_rule_based,1.63
section_00_source_train_normal_000706,train,source,normal,C,20260909T164559Z-450e1b8ddfcd90341ac5829f,20260909T164559Z-450e1b8ddfcd90341ac5829f-dg-cc6b2caad0c5-000123,2,none,none,fast,normal-fast-2,left,normal,clipped/audio_event_clean/normal/20260909T164559Z-450e1b8ddfcd90341ac5829f-dg-cc6b2caad0c5-000123_ch2.wav,3DPrinter/train/section_00_source_train_normal_000706.wav,6bea3a9635d591aca965be84b259c89799f5494f24410d97e0e5f0cdf75d6133,960044,8950144800,8950624800,d11a3b2cc14c313c08423b63ff9b801febb04d49d0830ce346facabf792b4b3b,0,0,3ddfe7072f331f88c55733fd4c9c460f53310a266050b0da57d0f9f267c393a7,saved_rule_based,1.63
section_00_source_train_normal_000707,train,source,normal,C,20260909T164559Z-450e1b8ddfcd90341ac5829f,20260909T164559Z-450e1b8ddfcd90341ac5829f-dg-cc6b2caad0c5-000124,2,none,none,fast,normal-fast-2,left,normal,clipped/audio_event_clean/normal/20260909T164559Z-450e1b8ddfcd90341ac5829f-dg-cc6b2caad0c5-000124_ch2.wav,3DPrinter/train/section_00_source_train_normal_000707.wav,6e669f0ac5b424cdad8c27c952df9bf3845b3e3465f94c5e2d5db408f105d0c3,960044,8950624800,8951104800,d11a3b2cc14c313c08423b63ff9b801febb04d49d0830ce346facabf792b4b3b,0,0,3ddfe7072f331f88c55733fd4c9c460f53310a266050b0da57d0f9f267c393a7,saved_rule_based,1.63
section_00_source_train_normal_000708,train,source,normal,C,20260909T164559Z-450e1b8ddfcd90341ac5829f,20260909T164559Z-450e1b8ddfcd90341ac5829f-dg-cc6b2caad0c5-000125,2,none,none,fast,normal-fast-2,left,normal,clipped/audio_event_clean/normal/20260909T164559Z-450e1b8ddfcd90341ac5829f-dg-cc6b2caad0c5-000125_ch2.wav,3DPrinter/train/section_00_source_train_normal_000708.wav,2439cc457e6e1e4f8236dae95c8d01538ac10f3c4639cdb152b7a4d514ec1214,960044,8951104800,8951584800,d11a3b2cc14c313c08423b63ff9b801febb04d49d0830ce346facabf792b4b3b,0,0,3ddfe7072f331f88c55733fd4c9c460f53310a266050b0da57d0f9f267c393a7,saved_rule_based,1.63
section_00_source_train_normal_000709,train,source,normal,C,20260909T164559Z-450e1b8ddfcd90341ac5829f,20260909T164559Z-450e1b8ddfcd90341ac5829f-dg-cc6b2caad0c5-000126,2,none,none,fast,normal-fast-2,left,normal,clipped/audio_event_clean/normal/20260909T164559Z-450e1b8ddfcd90341ac5829f-dg-cc6b2caad0c5-000126_ch2.wav,3DPrinter/train/section_00_source_train_normal_000709.wav,0c5578337b0fa838fc7630dd1755ca8c92d0aa0398bba636d2bdb9c6595d3f61,960044,8951584800,8952064800,d11a3b2cc14c313c08423b63ff9b801febb04d49d0830ce346facabf792b4b3b,0,0,3ddfe7072f331f88c55733fd4c9c460f53310a266050b0da57d0f9f267c393a7,saved_rule_based,1.63
section_00_source_train_normal_000710,train,source,normal,C,20260909T164559Z-450e1b8ddfcd90341ac5829f,20260909T164559Z-450e1b8ddfcd90341ac5829f-dg-cc6b2caad0c5-000127,2,none,none,fast,normal-fast-2,left,normal,clipped/audio_event_clean/normal/20260909T164559Z-450e1b8ddfcd90341ac5829f-dg-cc6b2caad0c5-000127_ch2.wav,3DPrinter/train/section_00_source_train_normal_000710.wav,e0fd9490f87dfa73db18a8d78463aa0c9540813052bee18946b9bcfbbbcdf9bf,960044,8952064800,8952544800,d11a3b2cc14c313c08423b63ff9b801febb04d49d0830ce346facabf792b4b3b,0,0,3ddfe7072f331f88c55733fd4c9c460f53310a266050b0da57d0f9f267c393a7,saved_rule_based,1.63
section_00_source_train_normal_000711,train,source,normal,C,20260909T164559Z-450e1b8ddfcd90341ac5829f,20260909T164559Z-450e1b8ddfcd90341ac5829f-dg-cc6b2caad0c5-000128,2,none,none,fast,normal-fast-2,left,normal,clipped/audio_event_clean/normal/20260909T164559Z-450e1b8ddfcd90341ac5829f-dg-cc6b2caad0c5-000128_ch2.wav,3DPrinter/train/section_00_source_train_normal_000711.wav,51324670660f0c71dc906b5bd848ba23316a2f09936403422751f378b0575427,960044,8952544800,8953024800,d11a3b2cc14c313c08423b63ff9b801febb04d49d0830ce346facabf792b4b3b,0,0,3ddfe7072f331f88c55733fd4c9c460f53310a266050b0da57d0f9f267c393a7,saved_rule_based,1.63
section_00_source_train_normal_000712,train,source,normal,C,20260909T164559Z-450e1b8ddfcd90341ac5829f,20260909T164559Z-450e1b8ddfcd90341ac5829f-dg-cc6b2caad0c5-000129,2,none,none,fast,normal-fast-2,left,normal,clipped/audio_event_clean/normal/20260909T164559Z-450e1b8ddfcd90341ac5829f-dg-cc6b2caad0c5-000129_ch2.wav,3DPrinter/train/section_00_source_train_normal_000712.wav,a6707095bd7478fbb6eed185c7412c6a221fe6c6de50b6280d0048b791229e84,960044,8953024800,8953504800,d11a3b2cc14c313c08423b63ff9b801febb04d49d0830ce346facabf792b4b3b,0,0,3ddfe7072f331f88c55733fd4c9c460f53310a266050b0da57d0f9f267c393a7,saved_rule_based,1.63
section_00_source_train_normal_000713,train,source,normal,C,20260909T164559Z-450e1b8ddfcd90341ac5829f,20260909T164559Z-450e1b8ddfcd90341ac5829f-dg-cc6b2caad0c5-000130,2,none,none,fast,normal-fast-2,left,normal,clipped/audio_event_clean/normal/20260909T164559Z-450e1b8ddfcd90341ac5829f-dg-cc6b2caad0c5-000130_ch2.wav,3DPrinter/train/section_00_source_train_normal_000713.wav,eb514b7c794ce89f509dff80dc2f77d95265d6d0887a13ea5cb2fc62650f6983,960044,8953504800,8953984800,d11a3b2cc14c313c08423b63ff9b801febb04d49d0830ce346facabf792b4b3b,0,0,3ddfe7072f331f88c55733fd4c9c460f53310a266050b0da57d0f9f267c393a7,saved_rule_based,1.63
section_00_source_train_normal_000714,train,source,normal,C,20260909T164559Z-450e1b8ddfcd90341ac5829f,20260909T164559Z-450e1b8ddfcd90341ac5829f-dg-cc6b2caad0c5-000131,2,none,none,fast,normal-fast-2,left,normal,clipped/audio_event_clean/normal/20260909T164559Z-450e1b8ddfcd90341ac5829f-dg-cc6b2caad0c5-000131_ch2.wav,3DPrinter/train/section_00_source_train_normal_000714.wav,8a4d38611e3a53ba508bcc619a90601a21fd05b9909fb791207d446f02e97221,960044,8953984800,8954464800,d11a3b2cc14c313c08423b63ff9b801febb04d49d0830ce346facabf792b4b3b,0,0,3ddfe7072f331f88c55733fd4c9c460f53310a266050b0da57d0f9f267c393a7,saved_rule_based,1.63
section_00_source_train_normal_000715,train,source,normal,C,20260909T164559Z-450e1b8ddfcd90341ac5829f,20260909T164559Z-450e1b8ddfcd90341ac5829f-dg-cc6b2caad0c5-000132,2,none,none,fast,normal-fast-2,left,normal,clipped/audio_event_clean/normal/20260909T164559Z-450e1b8ddfcd90341ac5829f-dg-cc6b2caad0c5-000132_ch2.wav,3DPrinter/train/section_00_source_train_normal_000715.wav,772facfa83a47dc428475412296588e2b32c635439005c21679fbc3dc4f89d94,960044,8954464800,8954944800,d11a3b2cc14c313c08423b63ff9b801febb04d49d0830ce346facabf792b4b3b,0,0,3ddfe7072f331f88c55733fd4c9c460f53310a266050b0da57d0f9f267c393a7,saved_rule_based,1.63
section_00_source_train_normal_000716,train,source,normal,C,20260909T164559Z-450e1b8ddfcd90341ac5829f,20260909T164559Z-450e1b8ddfcd90341ac5829f-dg-cc6b2caad0c5-000134,2,none,none,fast,normal-fast-2,left,normal,clipped/audio_event_clean/normal/20260909T164559Z-450e1b8ddfcd90341ac5829f-dg-cc6b2caad0c5-000134_ch2.wav,3DPrinter/train/section_00_source_train_normal_000716.wav,f19217103b666ab3f15d5f16087bd0bf1d6452831cdc5051700a9d536aea90bd,960044,8955424800,8955904800,d11a3b2cc14c313c08423b63ff9b801febb04d49d0830ce346facabf792b4b3b,0,0,3ddfe7072f331f88c55733fd4c9c460f53310a266050b0da57d0f9f267c393a7,saved_rule_based,1.63
section_00_source_train_normal_000717,train,source,normal,C,20260909T164559Z-450e1b8ddfcd90341ac5829f,20260909T164559Z-450e1b8ddfcd90341ac5829f-dg-cc6b2caad0c5-000136,2,none,none,fast,normal-fast-2,left,normal,clipped/audio_event_clean/normal/20260909T164559Z-450e1b8ddfcd90341ac5829f-dg-cc6b2caad0c5-000136_ch2.wav,3DPrinter/train/section_00_source_train_normal_000717.wav,6555bb81b2a6eed58db66c043be4d0d6d938477d3e9ee4eb26cdafe15b60a341,960044,8956384800,8956864800,d11a3b2cc14c313c08423b63ff9b801febb04d49d0830ce346facabf792b4b3b,0,0,3ddfe7072f331f88c55733fd4c9c460f53310a266050b0da57d0f9f267c393a7,saved_rule_based,1.63
section_00_source_train_normal_000718,train,source,normal,C,20260909T164559Z-450e1b8ddfcd90341ac5829f,20260909T164559Z-450e1b8ddfcd90341ac5829f-dg-cc6b2caad0c5-000137,2,none,none,fast,normal-fast-2,left,normal,clipped/audio_event_clean/normal/20260909T164559Z-450e1b8ddfcd90341ac5829f-dg-cc6b2caad0c5-000137_ch2.wav,3DPrinter/train/section_00_source_train_normal_000718.wav,97b49991240cb81aa13a97f2e42f553d45283f008d002ba5f57aa9a2f6c231a4,960044,8956864800,8957344800,d11a3b2cc14c313c08423b63ff9b801febb04d49d0830ce346facabf792b4b3b,0,0,3ddfe7072f331f88c55733fd4c9c460f53310a266050b0da57d0f9f267c393a7,saved_rule_based,1.63
section_00_source_train_normal_000719,train,source,normal,C,20260909T164559Z-450e1b8ddfcd90341ac5829f,20260909T164559Z-450e1b8ddfcd90341ac5829f-dg-cc6b2caad0c5-000138,2,none,none,fast,normal-fast-2,left,normal,clipped/audio_event_clean/normal/20260909T164559Z-450e1b8ddfcd90341ac5829f-dg-cc6b2caad0c5-000138_ch2.wav,3DPrinter/train/section_00_source_train_normal_000719.wav,bf1d8170216459347cd09b821e2771abb6fb0ad5c9e5cf9952d234a22d83740d,960044,8957344800,8957824800,d11a3b2cc14c313c08423b63ff9b801febb04d49d0830ce346facabf792b4b3b,0,0,3ddfe7072f331f88c55733fd4c9c460f53310a266050b0da57d0f9f267c393a7,saved_rule_based,1.63
section_00_source_train_normal_000720,train,source,normal,C,20260909T164559Z-450e1b8ddfcd90341ac5829f,20260909T164559Z-450e1b8ddfcd90341ac5829f-dg-cc6b2caad0c5-000140,2,none,none,fast,normal-fast-2,left,normal,clipped/audio_event_clean/normal/20260909T164559Z-450e1b8ddfcd90341ac5829f-dg-cc6b2caad0c5-000140_ch2.wav,3DPrinter/train/section_00_source_train_normal_000720.wav,5520c4cdbfa100db976f4656ca53021af6d32b871dc420ab74719797e8a4f1b2,960044,8958304800,8958784800,d11a3b2cc14c313c08423b63ff9b801febb04d49d0830ce346facabf792b4b3b,0,0,3ddfe7072f331f88c55733fd4c9c460f53310a266050b0da57d0f9f267c393a7,saved_rule_based,1.63
section_00_source_train_normal_000721,train,source,normal,C,20260909T164559Z-450e1b8ddfcd90341ac5829f,20260909T164559Z-450e1b8ddfcd90341ac5829f-dg-cc6b2caad0c5-000141,2,none,none,fast,normal-fast-2,left,normal,clipped/audio_event_clean/normal/20260909T164559Z-450e1b8ddfcd90341ac5829f-dg-cc6b2caad0c5-000141_ch2.wav,3DPrinter/train/section_00_source_train_normal_000721.wav,6f3c68ce98af8d4886f0e717750e184153458a3c32c6bcdbac1b4a1d58dfa9af,960044,8958784800,8959264800,d11a3b2cc14c313c08423b63ff9b801febb04d49d0830ce346facabf792b4b3b,0,0,3ddfe7072f331f88c55733fd4c9c460f53310a266050b0da57d0f9f267c393a7,saved_rule_based,1.63
section_00_source_train_normal_000722,train,source,normal,C,20260909T164559Z-450e1b8ddfcd90341ac5829f,20260909T164559Z-450e1b8ddfcd90341ac5829f-dg-cc6b2caad0c5-000142,2,none,none,fast,normal-fast-2,left,normal,clipped/audio_event_clean/normal/20260909T164559Z-450e1b8ddfcd90341ac5829f-dg-cc6b2caad0c5-000142_ch2.wav,3DPrinter/train/section_00_source_train_normal_000722.wav,cbc04f6fdb4eaf2146f23aba6b5c172ea8bfcc482e79a7e7f7745310a779a16d,960044,8959264800,8959744800,d11a3b2cc14c313c08423b63ff9b801febb04d49d0830ce346facabf792b4b3b,0,0,3ddfe7072f331f88c55733fd4c9c460f53310a266050b0da57d0f9f267c393a7,saved_rule_based,1.63
section_00_source_train_normal_000723,train,source,normal,C,20260909T164559Z-450e1b8ddfcd90341ac5829f,20260909T164559Z-450e1b8ddfcd90341ac5829f-dg-cc6b2caad0c5-000144,2,none,none,fast,normal-fast-2,left,normal,clipped/audio_event_clean/normal/20260909T164559Z-450e1b8ddfcd90341ac5829f-dg-cc6b2caad0c5-000144_ch2.wav,3DPrinter/train/section_00_source_train_normal_000723.wav,9d9bb6b59d147405f03066ee568648332ad9dbb7b0b16053130b93aa25857481,960044,8960224800,8960704800,d11a3b2cc14c313c08423b63ff9b801febb04d49d0830ce346facabf792b4b3b,0,0,3ddfe7072f331f88c55733fd4c9c460f53310a266050b0da57d0f9f267c393a7,saved_rule_based,1.63
section_00_source_train_normal_000724,train,source,normal,C,20260909T164559Z-450e1b8ddfcd90341ac5829f,20260909T164559Z-450e1b8ddfcd90341ac5829f-dg-cc6b2caad0c5-000145,2,none,none,fast,normal-fast-2,left,normal,clipped/audio_event_clean/normal/20260909T164559Z-450e1b8ddfcd90341ac5829f-dg-cc6b2caad0c5-000145_ch2.wav,3DPrinter/train/section_00_source_train_normal_000724.wav,0b25a4ae174335998248184615e7a0ed1b3fa50211161e9d5a915fffebb408f3,960044,8960704800,8961184800,d11a3b2cc14c313c08423b63ff9b801febb04d49d0830ce346facabf792b4b3b,0,0,3ddfe7072f331f88c55733fd4c9c460f53310a266050b0da57d0f9f267c393a7,saved_rule_based,1.63
section_00_source_train_normal_000725,train,source,normal,C,20260909T164559Z-450e1b8ddfcd90341ac5829f,20260909T164559Z-450e1b8ddfcd90341ac5829f-dg-cc6b2caad0c5-000146,2,none,none,fast,normal-fast-2,left,normal,clipped/audio_event_clean/normal/20260909T164559Z-450e1b8ddfcd90341ac5829f-dg-cc6b2caad0c5-000146_ch2.wav,3DPrinter/train/section_00_source_train_normal_000725.wav,ad75ed584db922134efebb2e568923b18d945a5ab30ac94050b63a1c19e95558,960044,8961184800,8961664800,d11a3b2cc14c313c08423b63ff9b801febb04d49d0830ce346facabf792b4b3b,0,0,3ddfe7072f331f88c55733fd4c9c460f53310a266050b0da57d0f9f267c393a7,saved_rule_based,1.63
section_00_source_train_normal_000726,train,source,normal,C,20260909T164559Z-450e1b8ddfcd90341ac5829f,20260909T164559Z-450e1b8ddfcd90341ac5829f-dg-cc6b2caad0c5-000147,2,none,none,fast,normal-fast-2,left,normal,clipped/audio_event_clean/normal/20260909T164559Z-450e1b8ddfcd90341ac5829f-dg-cc6b2caad0c5-000147_ch2.wav,3DPrinter/train/section_00_source_train_normal_000726.wav,8b6cfcae78a07bfeccd74f491a4793d13221c9d0be156fb3d27bb6df8f99bd32,960044,8961664800,8962144800,d11a3b2cc14c313c08423b63ff9b801febb04d49d0830ce346facabf792b4b3b,0,0,3ddfe7072f331f88c55733fd4c9c460f53310a266050b0da57d0f9f267c393a7,saved_rule_based,1.63
section_00_source_train_normal_000727,train,source,normal,C,20260909T164559Z-450e1b8ddfcd90341ac5829f,20260909T164559Z-450e1b8ddfcd90341ac5829f-dg-cc6b2caad0c5-000148,2,none,none,fast,normal-fast-2,left,normal,clipped/audio_event_clean/normal/20260909T164559Z-450e1b8ddfcd90341ac5829f-dg-cc6b2caad0c5-000148_ch2.wav,3DPrinter/train/section_00_source_train_normal_000727.wav,a89af3990d9b1f075e46b5ce904cc9db271aadd9f72138221f6c05781127c4a9,960044,8962144800,8962624800,d11a3b2cc14c313c08423b63ff9b801febb04d49d0830ce346facabf792b4b3b,0,0,3ddfe7072f331f88c55733fd4c9c460f53310a266050b0da57d0f9f267c393a7,saved_rule_based,1.63
section_00_source_train_normal_000728,train,source,normal,C,20260909T164559Z-450e1b8ddfcd90341ac5829f,20260909T164559Z-450e1b8ddfcd90341ac5829f-dg-cc6b2caad0c5-000149,2,none,none,fast,normal-fast-2,left,normal,clipped/audio_event_clean/normal/20260909T164559Z-450e1b8ddfcd90341ac5829f-dg-cc6b2caad0c5-000149_ch2.wav,3DPrinter/train/section_00_source_train_normal_000728.wav,70bba177b713409310c36db28a3f4fee6ed788caded864bfaebf6d822a517150,960044,8962624800,8963104800,d11a3b2cc14c313c08423b63ff9b801febb04d49d0830ce346facabf792b4b3b,0,0,3ddfe7072f331f88c55733fd4c9c460f53310a266050b0da57d0f9f267c393a7,saved_rule_based,1.63
section_00_source_train_normal_000729,train,source,normal,C,20260909T164559Z-450e1b8ddfcd90341ac5829f,20260909T164559Z-450e1b8ddfcd90341ac5829f-dg-cc6b2caad0c5-000150,2,none,none,fast,normal-fast-2,left,normal,clipped/audio_event_clean/normal/20260909T164559Z-450e1b8ddfcd90341ac5829f-dg-cc6b2caad0c5-000150_ch2.wav,3DPrinter/train/section_00_source_train_normal_000729.wav,de0edbcd0daa5875df2d51c944b2915c596491d0af2df34c84025b45a1b1c254,960044,8963104800,8963584800,d11a3b2cc14c313c08423b63ff9b801febb04d49d0830ce346facabf792b4b3b,0,0,3ddfe7072f331f88c55733fd4c9c460f53310a266050b0da57d0f9f267c393a7,saved_rule_based,1.63
section_00_source_train_normal_000730,train,source,normal,C,20260909T164559Z-450e1b8ddfcd90341ac5829f,20260909T164559Z-450e1b8ddfcd90341ac5829f-dg-cc6b2caad0c5-000151,2,none,none,fast,normal-fast-2,left,normal,clipped/audio_event_clean/normal/20260909T164559Z-450e1b8ddfcd90341ac5829f-dg-cc6b2caad0c5-000151_ch2.wav,3DPrinter/train/section_00_source_train_normal_000730.wav,5e248f1c4e3dd22685573674ae37c114c831618f4a357ed8b0f8eb133e4654ad,960044,8963584800,8964064800,d11a3b2cc14c313c08423b63ff9b801febb04d49d0830ce346facabf792b4b3b,0,0,3ddfe7072f331f88c55733fd4c9c460f53310a266050b0da57d0f9f267c393a7,saved_rule_based,1.63
section_00_source_train_normal_000731,train,source,normal,C,20260909T164559Z-450e1b8ddfcd90341ac5829f,20260909T164559Z-450e1b8ddfcd90341ac5829f-dg-cc6b2caad0c5-000152,2,none,none,fast,normal-fast-2,left,normal,clipped/audio_event_clean/normal/20260909T164559Z-450e1b8ddfcd90341ac5829f-dg-cc6b2caad0c5-000152_ch2.wav,3DPrinter/train/section_00_source_train_normal_000731.wav,fa76f410eac6186f3a809d3e87d578890591495cb8fa8aeb6297cca6e3b28222,960044,8964064800,8964544800,d11a3b2cc14c313c08423b63ff9b801febb04d49d0830ce346facabf792b4b3b,0,0,3ddfe7072f331f88c55733fd4c9c460f53310a266050b0da57d0f9f267c393a7,saved_rule_based,1.63
section_00_source_train_normal_000732,train,source,normal,C,20260909T164559Z-450e1b8ddfcd90341ac5829f,20260909T164559Z-450e1b8ddfcd90341ac5829f-dg-cc6b2caad0c5-000153,2,none,none,fast,normal-fast-2,left,normal,clipped/audio_event_clean/normal/20260909T164559Z-450e1b8ddfcd90341ac5829f-dg-cc6b2caad0c5-000153_ch2.wav,3DPrinter/train/section_00_source_train_normal_000732.wav,fc912f9f0156574da492c7a6ade6f73619e52b9f7b43ab6f501703019c75a4cc,960044,8964544800,8965024800,d11a3b2cc14c313c08423b63ff9b801febb04d49d0830ce346facabf792b4b3b,0,0,3ddfe7072f331f88c55733fd4c9c460f53310a266050b0da57d0f9f267c393a7,saved_rule_based,1.63
section_00_source_train_normal_000733,train,source,normal,C,20260909T164559Z-450e1b8ddfcd90341ac5829f,20260909T164559Z-450e1b8ddfcd90341ac5829f-dg-cc6b2caad0c5-000154,2,none,none,fast,normal-fast-2,left,normal,clipped/audio_event_clean/normal/20260909T164559Z-450e1b8ddfcd90341ac5829f-dg-cc6b2caad0c5-000154_ch2.wav,3DPrinter/train/section_00_source_train_normal_000733.wav,f382d483d442772f686cc0b9259324c2ed5e02725bd396a822705a124d7b1bf8,960044,8965024800,8965504800,d11a3b2cc14c313c08423b63ff9b801febb04d49d0830ce346facabf792b4b3b,0,0,3ddfe7072f331f88c55733fd4c9c460f53310a266050b0da57d0f9f267c393a7,saved_rule_based,1.63
section_00_source_train_normal_000734,train,source,normal,C,20260909T164559Z-450e1b8ddfcd90341ac5829f,20260909T164559Z-450e1b8ddfcd90341ac5829f-dg-cc6b2caad0c5-000155,2,none,none,fast,normal-fast-2,left,normal,clipped/audio_event_clean/normal/20260909T164559Z-450e1b8ddfcd90341ac5829f-dg-cc6b2caad0c5-000155_ch2.wav,3DPrinter/train/section_00_source_train_normal_000734.wav,197ab131dc4f736f7e5abb6ec1de653b893c3e581811bc348a993e01a9d2fde8,960044,8965504800,8965984800,d11a3b2cc14c313c08423b63ff9b801febb04d49d0830ce346facabf792b4b3b,0,0,3ddfe7072f331f88c55733fd4c9c460f53310a266050b0da57d0f9f267c393a7,saved_rule_based,1.63
section_00_source_train_normal_000735,train,source,normal,C,20260909T164559Z-450e1b8ddfcd90341ac5829f,20260909T164559Z-450e1b8ddfcd90341ac5829f-dg-cc6b2caad0c5-000156,2,none,none,fast,normal-fast-2,left,normal,clipped/audio_event_clean/normal/20260909T164559Z-450e1b8ddfcd90341ac5829f-dg-cc6b2caad0c5-000156_ch2.wav,3DPrinter/train/section_00_source_train_normal_000735.wav,cbd000e62b33b96749d910d54f6b7ad83ba171e77808de77cc98eba280ec114b,960044,8965984800,8966464800,d11a3b2cc14c313c08423b63ff9b801febb04d49d0830ce346facabf792b4b3b,0,0,3ddfe7072f331f88c55733fd4c9c460f53310a266050b0da57d0f9f267c393a7,saved_rule_based,1.63
section_00_source_train_normal_000736,train,source,normal,C,20260909T164559Z-450e1b8ddfcd90341ac5829f,20260909T164559Z-450e1b8ddfcd90341ac5829f-dg-cc6b2caad0c5-000157,2,none,none,fast,normal-fast-2,left,normal,clipped/audio_event_clean/normal/20260909T164559Z-450e1b8ddfcd90341ac5829f-dg-cc6b2caad0c5-000157_ch2.wav,3DPrinter/train/section_00_source_train_normal_000736.wav,46101154c8bdc2715bf0e090b296238a039b6daf3c094e4cb35c93f07ebc2bfe,960044,8966464800,8966944800,d11a3b2cc14c313c08423b63ff9b801febb04d49d0830ce346facabf792b4b3b,0,0,3ddfe7072f331f88c55733fd4c9c460f53310a266050b0da57d0f9f267c393a7,saved_rule_based,1.63
section_00_source_train_normal_000737,train,source,normal,C,20260909T164559Z-450e1b8ddfcd90341ac5829f,20260909T164559Z-450e1b8ddfcd90341ac5829f-dg-cc6b2caad0c5-000158,2,none,none,fast,normal-fast-2,left,normal,clipped/audio_event_clean/normal/20260909T164559Z-450e1b8ddfcd90341ac5829f-dg-cc6b2caad0c5-000158_ch2.wav,3DPrinter/train/section_00_source_train_normal_000737.wav,331e1b5e04c52bb17a80b16b869acfd85faba6cdc39253fa372e8af4c254eb09,960044,8966944800,8967424800,d11a3b2cc14c313c08423b63ff9b801febb04d49d0830ce346facabf792b4b3b,0,0,3ddfe7072f331f88c55733fd4c9c460f53310a266050b0da57d0f9f267c393a7,saved_rule_based,1.63
section_00_source_train_normal_000738,train,source,normal,C,20260909T164559Z-450e1b8ddfcd90341ac5829f,20260909T164559Z-450e1b8ddfcd90341ac5829f-dg-cc6b2caad0c5-000159,2,none,none,fast,normal-fast-2,left,normal,clipped/audio_event_clean/normal/20260909T164559Z-450e1b8ddfcd90341ac5829f-dg-cc6b2caad0c5-000159_ch2.wav,3DPrinter/train/section_00_source_train_normal_000738.wav,870264fd07aebb4274f84efc2fbf336fca4fa35def096a9dffa7929fbf40fb4e,960044,8967424800,8967904800,d11a3b2cc14c313c08423b63ff9b801febb04d49d0830ce346facabf792b4b3b,0,0,3ddfe7072f331f88c55733fd4c9c460f53310a266050b0da57d0f9f267c393a7,saved_rule_based,1.63
section_00_source_train_normal_000739,train,source,normal,C,20260909T164559Z-450e1b8ddfcd90341ac5829f,20260909T164559Z-450e1b8ddfcd90341ac5829f-dg-cc6b2caad0c5-000161,2,none,none,fast,normal-fast-2,left,normal,clipped/audio_event_clean/normal/20260909T164559Z-450e1b8ddfcd90341ac5829f-dg-cc6b2caad0c5-000161_ch2.wav,3DPrinter/train/section_00_source_train_normal_000739.wav,120ffb297003288dda5c055b5588ddff96fde7af6b1061626b3d5928b6d54968,960044,8968384800,8968864800,d11a3b2cc14c313c08423b63ff9b801febb04d49d0830ce346facabf792b4b3b,0,0,3ddfe7072f331f88c55733fd4c9c460f53310a266050b0da57d0f9f267c393a7,saved_rule_based,1.63
section_00_source_train_normal_000740,train,source,normal,C,20260909T164559Z-450e1b8ddfcd90341ac5829f,20260909T164559Z-450e1b8ddfcd90341ac5829f-dg-cc6b2caad0c5-000162,2,none,none,fast,normal-fast-2,left,normal,clipped/audio_event_clean/normal/20260909T164559Z-450e1b8ddfcd90341ac5829f-dg-cc6b2caad0c5-000162_ch2.wav,3DPrinter/train/section_00_source_train_normal_000740.wav,01dabd959b3934637ae0b969d5734e26491d5890dd0b15c9041cb8ad4695f6fa,960044,8968864800,8969344800,d11a3b2cc14c313c08423b63ff9b801febb04d49d0830ce346facabf792b4b3b,0,0,3ddfe7072f331f88c55733fd4c9c460f53310a266050b0da57d0f9f267c393a7,saved_rule_based,1.63
section_00_source_train_normal_000741,train,source,normal,C,20260909T164559Z-450e1b8ddfcd90341ac5829f,20260909T164559Z-450e1b8ddfcd90341ac5829f-dg-cc6b2caad0c5-000163,2,none,none,fast,normal-fast-2,left,normal,clipped/audio_event_clean/normal/20260909T164559Z-450e1b8ddfcd90341ac5829f-dg-cc6b2caad0c5-000163_ch2.wav,3DPrinter/train/section_00_source_train_normal_000741.wav,43f3377ce59cc27ea55e794198d352a30fd583a98690b8e4a4dad7c1a2857d6f,960044,8969344800,8969824800,d11a3b2cc14c313c08423b63ff9b801febb04d49d0830ce346facabf792b4b3b,0,0,3ddfe7072f331f88c55733fd4c9c460f53310a266050b0da57d0f9f267c393a7,saved_rule_based,1.63
section_00_source_train_normal_000742,train,source,normal,C,20260909T155236Z-a0fa60aee1428d67003bdca8,20260909T155236Z-a0fa60aee1428d67003bdca8-dg-9878555e9c6b-000001,4,none,none,fast,normal-fast-1,right,normal,clipped/audio_event_clean/normal/20260909T155236Z-a0fa60aee1428d67003bdca8-dg-9878555e9c6b-000001_ch4.wav,3DPrinter/train/section_00_source_train_normal_000742.wav,19adaf51194eb735c5982b335e69a3f2f9f8763bc8a2149159529ca633bad8fe,960044,8737800000,8738280000,78f98c5f5432ba2b5d65e9dd0f425927e6887fdd70398caaa584f2ea6f8df998,0,0,492d9582ed6119a46f059d4340ad88a9ac43922b010c379d81763026002e3f12,saved_rule_based,1.61
section_00_source_train_normal_000743,train,source,normal,C,20260909T155236Z-a0fa60aee1428d67003bdca8,20260909T155236Z-a0fa60aee1428d67003bdca8-dg-9878555e9c6b-000002,4,none,none,fast,normal-fast-1,right,normal,clipped/audio_event_clean/normal/20260909T155236Z-a0fa60aee1428d67003bdca8-dg-9878555e9c6b-000002_ch4.wav,3DPrinter/train/section_00_source_train_normal_000743.wav,75efa42888caf1a5fd9794500808a6990a90ebdbe8b7d961ecc93729096cc46b,960044,8738280000,8738760000,78f98c5f5432ba2b5d65e9dd0f425927e6887fdd70398caaa584f2ea6f8df998,0,0,492d9582ed6119a46f059d4340ad88a9ac43922b010c379d81763026002e3f12,saved_rule_based,1.61
section_00_source_train_normal_000744,train,source,normal,C,20260909T155236Z-a0fa60aee1428d67003bdca8,20260909T155236Z-a0fa60aee1428d67003bdca8-dg-9878555e9c6b-000003,4,none,none,fast,normal-fast-1,right,normal,clipped/audio_event_clean/normal/20260909T155236Z-a0fa60aee1428d67003bdca8-dg-9878555e9c6b-000003_ch4.wav,3DPrinter/train/section_00_source_train_normal_000744.wav,b676b69902432744493b7b9252738f1bf0c3101b1b3267941adc6c928b3f63d6,960044,8738760000,8739240000,78f98c5f5432ba2b5d65e9dd0f425927e6887fdd70398caaa584f2ea6f8df998,0,0,492d9582ed6119a46f059d4340ad88a9ac43922b010c379d81763026002e3f12,saved_rule_based,1.61
section_00_source_train_normal_000745,train,source,normal,C,20260909T155236Z-a0fa60aee1428d67003bdca8,20260909T155236Z-a0fa60aee1428d67003bdca8-dg-9878555e9c6b-000004,4,none,none,fast,normal-fast-1,right,normal,clipped/audio_event_clean/normal/20260909T155236Z-a0fa60aee1428d67003bdca8-dg-9878555e9c6b-000004_ch4.wav,3DPrinter/train/section_00_source_train_normal_000745.wav,74457b0528cc8e2b644d5ef6d720b983f788019030c117f9e980ec526074bbfe,960044,8739240000,8739720000,78f98c5f5432ba2b5d65e9dd0f425927e6887fdd70398caaa584f2ea6f8df998,0,0,492d9582ed6119a46f059d4340ad88a9ac43922b010c379d81763026002e3f12,saved_rule_based,1.61
section_00_source_train_normal_000746,train,source,normal,C,20260909T155236Z-a0fa60aee1428d67003bdca8,20260909T155236Z-a0fa60aee1428d67003bdca8-dg-9878555e9c6b-000005,4,none,none,fast,normal-fast-1,right,normal,clipped/audio_event_clean/normal/20260909T155236Z-a0fa60aee1428d67003bdca8-dg-9878555e9c6b-000005_ch4.wav,3DPrinter/train/section_00_source_train_normal_000746.wav,e51965c05ca425abeedcd5f18eb06e98108f6c38d83501d99e315db74a0e13e9,960044,8739720000,8740200000,78f98c5f5432ba2b5d65e9dd0f425927e6887fdd70398caaa584f2ea6f8df998,0,0,492d9582ed6119a46f059d4340ad88a9ac43922b010c379d81763026002e3f12,saved_rule_based,1.61
section_00_source_train_normal_000747,train,source,normal,C,20260909T155236Z-a0fa60aee1428d67003bdca8,20260909T155236Z-a0fa60aee1428d67003bdca8-dg-9878555e9c6b-000007,4,none,none,fast,normal-fast-1,right,normal,clipped/audio_event_clean/normal/20260909T155236Z-a0fa60aee1428d67003bdca8-dg-9878555e9c6b-000007_ch4.wav,3DPrinter/train/section_00_source_train_normal_000747.wav,d32f754239e46fc7ba5df97c0fddc4ee07e4fdda75c33ad790c165c6fa9562a8,960044,8740680000,8741160000,78f98c5f5432ba2b5d65e9dd0f425927e6887fdd70398caaa584f2ea6f8df998,0,0,492d9582ed6119a46f059d4340ad88a9ac43922b010c379d81763026002e3f12,saved_rule_based,1.61
section_00_source_train_normal_000748,train,source,normal,C,20260909T155236Z-a0fa60aee1428d67003bdca8,20260909T155236Z-a0fa60aee1428d67003bdca8-dg-9878555e9c6b-000009,4,none,none,fast,normal-fast-1,right,normal,clipped/audio_event_clean/normal/20260909T155236Z-a0fa60aee1428d67003bdca8-dg-9878555e9c6b-000009_ch4.wav,3DPrinter/train/section_00_source_train_normal_000748.wav,ef693a544840671026d6e1e74c2d7e6cf7ca5d335e74bf176c9bbb1dbc5ff8a5,960044,8741640000,8742120000,78f98c5f5432ba2b5d65e9dd0f425927e6887fdd70398caaa584f2ea6f8df998,0,0,492d9582ed6119a46f059d4340ad88a9ac43922b010c379d81763026002e3f12,saved_rule_based,1.61
section_00_source_train_normal_000749,train,source,normal,C,20260909T155236Z-a0fa60aee1428d67003bdca8,20260909T155236Z-a0fa60aee1428d67003bdca8-dg-9878555e9c6b-000010,4,none,none,fast,normal-fast-1,right,normal,clipped/audio_event_clean/normal/20260909T155236Z-a0fa60aee1428d67003bdca8-dg-9878555e9c6b-000010_ch4.wav,3DPrinter/train/section_00_source_train_normal_000749.wav,622afb17d80757e251d47a923975056d5401e52e1ed3006963c7f067d0ce36a9,960044,8742120000,8742600000,78f98c5f5432ba2b5d65e9dd0f425927e6887fdd70398caaa584f2ea6f8df998,0,0,492d9582ed6119a46f059d4340ad88a9ac43922b010c379d81763026002e3f12,saved_rule_based,1.61
section_00_source_train_normal_000750,train,source,normal,C,20260909T155236Z-a0fa60aee1428d67003bdca8,20260909T155236Z-a0fa60aee1428d67003bdca8-dg-9878555e9c6b-000011,4,none,none,fast,normal-fast-1,right,normal,clipped/audio_event_clean/normal/20260909T155236Z-a0fa60aee1428d67003bdca8-dg-9878555e9c6b-000011_ch4.wav,3DPrinter/train/section_00_source_train_normal_000750.wav,bbc157aff3368e6ab0f858a5e6d4f930661a75ec9198a2e8ffc34fe53b30325b,960044,8742600000,8743080000,78f98c5f5432ba2b5d65e9dd0f425927e6887fdd70398caaa584f2ea6f8df998,0,0,492d9582ed6119a46f059d4340ad88a9ac43922b010c379d81763026002e3f12,saved_rule_based,1.61
section_00_source_train_normal_000751,train,source,normal,C,20260909T155236Z-a0fa60aee1428d67003bdca8,20260909T155236Z-a0fa60aee1428d67003bdca8-dg-9878555e9c6b-000012,4,none,none,fast,normal-fast-1,right,normal,clipped/audio_event_clean/normal/20260909T155236Z-a0fa60aee1428d67003bdca8-dg-9878555e9c6b-000012_ch4.wav,3DPrinter/train/section_00_source_train_normal_000751.wav,cf3fb82a8237c2403f2aa6fc06553bb01079c56ac02493ef17f3ae1655caf09f,960044,8743080000,8743560000,78f98c5f5432ba2b5d65e9dd0f425927e6887fdd70398caaa584f2ea6f8df998,0,0,492d9582ed6119a46f059d4340ad88a9ac43922b010c379d81763026002e3f12,saved_rule_based,1.61
section_00_source_train_normal_000752,train,source,normal,C,20260909T155236Z-a0fa60aee1428d67003bdca8,20260909T155236Z-a0fa60aee1428d67003bdca8-dg-9878555e9c6b-000013,4,none,none,fast,normal-fast-1,right,normal,clipped/audio_event_clean/normal/20260909T155236Z-a0fa60aee1428d67003bdca8-dg-9878555e9c6b-000013_ch4.wav,3DPrinter/train/section_00_source_train_normal_000752.wav,a1e591ad067149c8747b2efb889ec6019777422c064514faf82f7953d484d15d,960044,8743560000,8744040000,78f98c5f5432ba2b5d65e9dd0f425927e6887fdd70398caaa584f2ea6f8df998,0,0,492d9582ed6119a46f059d4340ad88a9ac43922b010c379d81763026002e3f12,saved_rule_based,1.61
section_00_source_train_normal_000753,train,source,normal,C,20260909T155236Z-a0fa60aee1428d67003bdca8,20260909T155236Z-a0fa60aee1428d67003bdca8-dg-9878555e9c6b-000014,4,none,none,fast,normal-fast-1,right,normal,clipped/audio_event_clean/normal/20260909T155236Z-a0fa60aee1428d67003bdca8-dg-9878555e9c6b-000014_ch4.wav,3DPrinter/train/section_00_source_train_normal_000753.wav,94cc01d9a372396d93f6860d8fcfbb2e863aa881be0a82627a058fb4f436dbe8,960044,8744040000,8744520000,78f98c5f5432ba2b5d65e9dd0f425927e6887fdd70398caaa584f2ea6f8df998,0,0,492d9582ed6119a46f059d4340ad88a9ac43922b010c379d81763026002e3f12,saved_rule_based,1.61
section_00_source_train_normal_000754,train,source,normal,C,20260909T155236Z-a0fa60aee1428d67003bdca8,20260909T155236Z-a0fa60aee1428d67003bdca8-dg-9878555e9c6b-000015,4,none,none,fast,normal-fast-1,right,normal,clipped/audio_event_clean/normal/20260909T155236Z-a0fa60aee1428d67003bdca8-dg-9878555e9c6b-000015_ch4.wav,3DPrinter/train/section_00_source_train_normal_000754.wav,cf40b7aca97e1c89118e226f5bcdd201db0ba55209c96ea9d3da38b2cb707743,960044,8744520000,8745000000,78f98c5f5432ba2b5d65e9dd0f425927e6887fdd70398caaa584f2ea6f8df998,0,0,492d9582ed6119a46f059d4340ad88a9ac43922b010c379d81763026002e3f12,saved_rule_based,1.61
section_00_source_train_normal_000755,train,source,normal,C,20260909T155236Z-a0fa60aee1428d67003bdca8,20260909T155236Z-a0fa60aee1428d67003bdca8-dg-9878555e9c6b-000016,4,none,none,fast,normal-fast-1,right,normal,clipped/audio_event_clean/normal/20260909T155236Z-a0fa60aee1428d67003bdca8-dg-9878555e9c6b-000016_ch4.wav,3DPrinter/train/section_00_source_train_normal_000755.wav,e88cb3791c8492b01fa68017ba368c75369046eca90c0fc30efd19e128bae491,960044,8745000000,8745480000,78f98c5f5432ba2b5d65e9dd0f425927e6887fdd70398caaa584f2ea6f8df998,0,0,492d9582ed6119a46f059d4340ad88a9ac43922b010c379d81763026002e3f12,saved_rule_based,1.61
section_00_source_train_normal_000756,train,source,normal,C,20260909T155236Z-a0fa60aee1428d67003bdca8,20260909T155236Z-a0fa60aee1428d67003bdca8-dg-9878555e9c6b-000017,4,none,none,fast,normal-fast-1,right,normal,clipped/audio_event_clean/normal/20260909T155236Z-a0fa60aee1428d67003bdca8-dg-9878555e9c6b-000017_ch4.wav,3DPrinter/train/section_00_source_train_normal_000756.wav,c65867573ff68317af3f50b6588819f20823ed0c473c807607e8418b4f72b575,960044,8745480000,8745960000,78f98c5f5432ba2b5d65e9dd0f425927e6887fdd70398caaa584f2ea6f8df998,0,0,492d9582ed6119a46f059d4340ad88a9ac43922b010c379d81763026002e3f12,saved_rule_based,1.61
section_00_source_train_normal_000757,train,source,normal,C,20260909T155236Z-a0fa60aee1428d67003bdca8,20260909T155236Z-a0fa60aee1428d67003bdca8-dg-9878555e9c6b-000018,4,none,none,fast,normal-fast-1,right,normal,clipped/audio_event_clean/normal/20260909T155236Z-a0fa60aee1428d67003bdca8-dg-9878555e9c6b-000018_ch4.wav,3DPrinter/train/section_00_source_train_normal_000757.wav,0f90f5f21a730e73627597a5a0b30736e4451edba2ee23cc212b993a4288e237,960044,8745960000,8746440000,78f98c5f5432ba2b5d65e9dd0f425927e6887fdd70398caaa584f2ea6f8df998,0,0,492d9582ed6119a46f059d4340ad88a9ac43922b010c379d81763026002e3f12,saved_rule_based,1.61
section_00_source_train_normal_000758,train,source,normal,C,20260909T155236Z-a0fa60aee1428d67003bdca8,20260909T155236Z-a0fa60aee1428d67003bdca8-dg-9878555e9c6b-000019,4,none,none,fast,normal-fast-1,right,normal,clipped/audio_event_clean/normal/20260909T155236Z-a0fa60aee1428d67003bdca8-dg-9878555e9c6b-000019_ch4.wav,3DPrinter/train/section_00_source_train_normal_000758.wav,f3dca9918fd927425b6869fb2f244fb637c59c3e75fe42f11f02cae2250ff199,960044,8746440000,8746920000,78f98c5f5432ba2b5d65e9dd0f425927e6887fdd70398caaa584f2ea6f8df998,0,0,492d9582ed6119a46f059d4340ad88a9ac43922b010c379d81763026002e3f12,saved_rule_based,1.61
section_00_source_train_normal_000759,train,source,normal,C,20260909T155236Z-a0fa60aee1428d67003bdca8,20260909T155236Z-a0fa60aee1428d67003bdca8-dg-9878555e9c6b-000020,4,none,none,fast,normal-fast-1,right,normal,clipped/audio_event_clean/normal/20260909T155236Z-a0fa60aee1428d67003bdca8-dg-9878555e9c6b-000020_ch4.wav,3DPrinter/train/section_00_source_train_normal_000759.wav,e6a499308b6769ad4461d212791eff36c1cbea191d3d3356fca5d1d071a25ef0,960044,8746920000,8747400000,78f98c5f5432ba2b5d65e9dd0f425927e6887fdd70398caaa584f2ea6f8df998,0,0,492d9582ed6119a46f059d4340ad88a9ac43922b010c379d81763026002e3f12,saved_rule_based,1.61
section_00_source_train_normal_000760,train,source,normal,C,20260909T155236Z-a0fa60aee1428d67003bdca8,20260909T155236Z-a0fa60aee1428d67003bdca8-dg-9878555e9c6b-000021,4,none,none,fast,normal-fast-1,right,normal,clipped/audio_event_clean/normal/20260909T155236Z-a0fa60aee1428d67003bdca8-dg-9878555e9c6b-000021_ch4.wav,3DPrinter/train/section_00_source_train_normal_000760.wav,933ada757e33c08e294563d43bab809cc1fd8c6be64b07379466b6220282b817,960044,8747400000,8747880000,78f98c5f5432ba2b5d65e9dd0f425927e6887fdd70398caaa584f2ea6f8df998,0,0,492d9582ed6119a46f059d4340ad88a9ac43922b010c379d81763026002e3f12,saved_rule_based,1.61
section_00_source_train_normal_000761,train,source,normal,C,20260909T155236Z-a0fa60aee1428d67003bdca8,20260909T155236Z-a0fa60aee1428d67003bdca8-dg-9878555e9c6b-000024,4,none,none,fast,normal-fast-1,right,normal,clipped/audio_event_clean/normal/20260909T155236Z-a0fa60aee1428d67003bdca8-dg-9878555e9c6b-000024_ch4.wav,3DPrinter/train/section_00_source_train_normal_000761.wav,7f28830fc9709ff6f3782f56dad61f47a56e416878f28272ab8bd6760c78b121,960044,8748840000,8749320000,78f98c5f5432ba2b5d65e9dd0f425927e6887fdd70398caaa584f2ea6f8df998,0,0,492d9582ed6119a46f059d4340ad88a9ac43922b010c379d81763026002e3f12,saved_rule_based,1.61
section_00_source_train_normal_000762,train,source,normal,C,20260909T155236Z-a0fa60aee1428d67003bdca8,20260909T155236Z-a0fa60aee1428d67003bdca8-dg-9878555e9c6b-000025,4,none,none,fast,normal-fast-1,right,normal,clipped/audio_event_clean/normal/20260909T155236Z-a0fa60aee1428d67003bdca8-dg-9878555e9c6b-000025_ch4.wav,3DPrinter/train/section_00_source_train_normal_000762.wav,dced0c33053d2b6254d23696386ed76dec4c031f5e4fc5ee3cc84d87bf7a37a2,960044,8749320000,8749800000,78f98c5f5432ba2b5d65e9dd0f425927e6887fdd70398caaa584f2ea6f8df998,0,0,492d9582ed6119a46f059d4340ad88a9ac43922b010c379d81763026002e3f12,saved_rule_based,1.61
section_00_source_train_normal_000763,train,source,normal,C,20260909T155236Z-a0fa60aee1428d67003bdca8,20260909T155236Z-a0fa60aee1428d67003bdca8-dg-9878555e9c6b-000026,4,none,none,fast,normal-fast-1,right,normal,clipped/audio_event_clean/normal/20260909T155236Z-a0fa60aee1428d67003bdca8-dg-9878555e9c6b-000026_ch4.wav,3DPrinter/train/section_00_source_train_normal_000763.wav,e625ea27f4a8bfdbc239fb4869307455b99bb6c8900a7d04f80e29cb5a3cd541,960044,8749800000,8750280000,78f98c5f5432ba2b5d65e9dd0f425927e6887fdd70398caaa584f2ea6f8df998,0,0,492d9582ed6119a46f059d4340ad88a9ac43922b010c379d81763026002e3f12,saved_rule_based,1.61
section_00_source_train_normal_000764,train,source,normal,C,20260909T155236Z-a0fa60aee1428d67003bdca8,20260909T155236Z-a0fa60aee1428d67003bdca8-dg-9878555e9c6b-000027,4,none,none,fast,normal-fast-1,right,normal,clipped/audio_event_clean/normal/20260909T155236Z-a0fa60aee1428d67003bdca8-dg-9878555e9c6b-000027_ch4.wav,3DPrinter/train/section_00_source_train_normal_000764.wav,31fa69f7aa16e7a1028161356be8459ef9bb09b477f5597dfcc73745b3cafb84,960044,8750280000,8750760000,78f98c5f5432ba2b5d65e9dd0f425927e6887fdd70398caaa584f2ea6f8df998,0,0,492d9582ed6119a46f059d4340ad88a9ac43922b010c379d81763026002e3f12,saved_rule_based,1.61
section_00_source_train_normal_000765,train,source,normal,C,20260909T155236Z-a0fa60aee1428d67003bdca8,20260909T155236Z-a0fa60aee1428d67003bdca8-dg-9878555e9c6b-000029,4,none,none,fast,normal-fast-1,right,normal,clipped/audio_event_clean/normal/20260909T155236Z-a0fa60aee1428d67003bdca8-dg-9878555e9c6b-000029_ch4.wav,3DPrinter/train/section_00_source_train_normal_000765.wav,cbabbcd91dbaf6fc058b252905ac468a066f9f7c291bb6d6c852b1178124fc9b,960044,8751240000,8751720000,78f98c5f5432ba2b5d65e9dd0f425927e6887fdd70398caaa584f2ea6f8df998,0,0,492d9582ed6119a46f059d4340ad88a9ac43922b010c379d81763026002e3f12,saved_rule_based,1.61
section_00_source_train_normal_000766,train,source,normal,C,20260909T155236Z-a0fa60aee1428d67003bdca8,20260909T155236Z-a0fa60aee1428d67003bdca8-dg-9878555e9c6b-000031,4,none,none,fast,normal-fast-1,right,normal,clipped/audio_event_clean/normal/20260909T155236Z-a0fa60aee1428d67003bdca8-dg-9878555e9c6b-000031_ch4.wav,3DPrinter/train/section_00_source_train_normal_000766.wav,7c59c18b2b642f9f199b185a7b9bd96367f4814a2647ceca67e01c003eaf1cbc,960044,8752200000,8752680000,78f98c5f5432ba2b5d65e9dd0f425927e6887fdd70398caaa584f2ea6f8df998,0,0,492d9582ed6119a46f059d4340ad88a9ac43922b010c379d81763026002e3f12,saved_rule_based,1.61
section_00_source_train_normal_000767,train,source,normal,C,20260909T155236Z-a0fa60aee1428d67003bdca8,20260909T155236Z-a0fa60aee1428d67003bdca8-dg-9878555e9c6b-000032,4,none,none,fast,normal-fast-1,right,normal,clipped/audio_event_clean/normal/20260909T155236Z-a0fa60aee1428d67003bdca8-dg-9878555e9c6b-000032_ch4.wav,3DPrinter/train/section_00_source_train_normal_000767.wav,036a42b754f68a24962c3792b4f6fe35ad5eff59fef363fc5b0d5082bc8327fd,960044,8752680000,8753160000,78f98c5f5432ba2b5d65e9dd0f425927e6887fdd70398caaa584f2ea6f8df998,0,0,492d9582ed6119a46f059d4340ad88a9ac43922b010c379d81763026002e3f12,saved_rule_based,1.61
section_00_source_train_normal_000768,train,source,normal,C,20260909T155236Z-a0fa60aee1428d67003bdca8,20260909T155236Z-a0fa60aee1428d67003bdca8-dg-9878555e9c6b-000033,4,none,none,fast,normal-fast-1,right,normal,clipped/audio_event_clean/normal/20260909T155236Z-a0fa60aee1428d67003bdca8-dg-9878555e9c6b-000033_ch4.wav,3DPrinter/train/section_00_source_train_normal_000768.wav,253c6ece788ca0ec370742ea71080b7070d2d5942f480c58a747f1b69f14c0b1,960044,8753160000,8753640000,78f98c5f5432ba2b5d65e9dd0f425927e6887fdd70398caaa584f2ea6f8df998,0,0,492d9582ed6119a46f059d4340ad88a9ac43922b010c379d81763026002e3f12,saved_rule_based,1.61
section_00_source_train_normal_000769,train,source,normal,C,20260909T155236Z-a0fa60aee1428d67003bdca8,20260909T155236Z-a0fa60aee1428d67003bdca8-dg-9878555e9c6b-000036,4,none,none,fast,normal-fast-1,right,normal,clipped/audio_event_clean/normal/20260909T155236Z-a0fa60aee1428d67003bdca8-dg-9878555e9c6b-000036_ch4.wav,3DPrinter/train/section_00_source_train_normal_000769.wav,eab28720f8303be5c77bb87d7adce145c3fb04b923260c8467eb5644a3313d5d,960044,8754600000,8755080000,78f98c5f5432ba2b5d65e9dd0f425927e6887fdd70398caaa584f2ea6f8df998,0,0,492d9582ed6119a46f059d4340ad88a9ac43922b010c379d81763026002e3f12,saved_rule_based,1.61
section_00_source_train_normal_000770,train,source,normal,C,20260909T155236Z-a0fa60aee1428d67003bdca8,20260909T155236Z-a0fa60aee1428d67003bdca8-dg-9878555e9c6b-000038,4,none,none,fast,normal-fast-1,right,normal,clipped/audio_event_clean/normal/20260909T155236Z-a0fa60aee1428d67003bdca8-dg-9878555e9c6b-000038_ch4.wav,3DPrinter/train/section_00_source_train_normal_000770.wav,1284f48b8b6708c4d8dd1cb6416dad47e22ac12fa71dc987b34e9ea9e4e247f8,960044,8755560000,8756040000,78f98c5f5432ba2b5d65e9dd0f425927e6887fdd70398caaa584f2ea6f8df998,0,0,492d9582ed6119a46f059d4340ad88a9ac43922b010c379d81763026002e3f12,saved_rule_based,1.61
section_00_source_train_normal_000771,train,source,normal,C,20260909T155236Z-a0fa60aee1428d67003bdca8,20260909T155236Z-a0fa60aee1428d67003bdca8-dg-9878555e9c6b-000042,4,none,none,fast,normal-fast-1,right,normal,clipped/audio_event_clean/normal/20260909T155236Z-a0fa60aee1428d67003bdca8-dg-9878555e9c6b-000042_ch4.wav,3DPrinter/train/section_00_source_train_normal_000771.wav,2dc358f4880245c121b7df29a05730b58a960883ab2c340f0546723bef80345c,960044,8757480000,8757960000,78f98c5f5432ba2b5d65e9dd0f425927e6887fdd70398caaa584f2ea6f8df998,0,0,492d9582ed6119a46f059d4340ad88a9ac43922b010c379d81763026002e3f12,saved_rule_based,1.61
section_00_source_train_normal_000772,train,source,normal,C,20260909T155236Z-a0fa60aee1428d67003bdca8,20260909T155236Z-a0fa60aee1428d67003bdca8-dg-9878555e9c6b-000043,4,none,none,fast,normal-fast-1,right,normal,clipped/audio_event_clean/normal/20260909T155236Z-a0fa60aee1428d67003bdca8-dg-9878555e9c6b-000043_ch4.wav,3DPrinter/train/section_00_source_train_normal_000772.wav,9225edd326052a6f22389e93b2b5ac11c473fcdc932819d8dcfebb36e2c503da,960044,8757960000,8758440000,78f98c5f5432ba2b5d65e9dd0f425927e6887fdd70398caaa584f2ea6f8df998,0,0,492d9582ed6119a46f059d4340ad88a9ac43922b010c379d81763026002e3f12,saved_rule_based,1.61
section_00_source_train_normal_000773,train,source,normal,C,20260909T155236Z-a0fa60aee1428d67003bdca8,20260909T155236Z-a0fa60aee1428d67003bdca8-dg-9878555e9c6b-000045,4,none,none,fast,normal-fast-1,right,normal,clipped/audio_event_clean/normal/20260909T155236Z-a0fa60aee1428d67003bdca8-dg-9878555e9c6b-000045_ch4.wav,3DPrinter/train/section_00_source_train_normal_000773.wav,775dfea90ecf30b45ba440e29d3ccd1c44b8cb0a5be86b3b0b8500b9acde9416,960044,8758920000,8759400000,78f98c5f5432ba2b5d65e9dd0f425927e6887fdd70398caaa584f2ea6f8df998,0,0,492d9582ed6119a46f059d4340ad88a9ac43922b010c379d81763026002e3f12,saved_rule_based,1.61
section_00_source_train_normal_000774,train,source,normal,C,20260909T155236Z-a0fa60aee1428d67003bdca8,20260909T155236Z-a0fa60aee1428d67003bdca8-dg-9878555e9c6b-000047,4,none,none,fast,normal-fast-1,right,normal,clipped/audio_event_clean/normal/20260909T155236Z-a0fa60aee1428d67003bdca8-dg-9878555e9c6b-000047_ch4.wav,3DPrinter/train/section_00_source_train_normal_000774.wav,b9ea01649c09bf3005690874699ed18fbb65e15a8eb4a38ff705c3305c10a7c4,960044,8759880000,8760360000,78f98c5f5432ba2b5d65e9dd0f425927e6887fdd70398caaa584f2ea6f8df998,0,0,492d9582ed6119a46f059d4340ad88a9ac43922b010c379d81763026002e3f12,saved_rule_based,1.61
section_00_source_train_normal_000775,train,source,normal,C,20260909T155236Z-a0fa60aee1428d67003bdca8,20260909T155236Z-a0fa60aee1428d67003bdca8-dg-9878555e9c6b-000049,4,none,none,fast,normal-fast-1,right,normal,clipped/audio_event_clean/normal/20260909T155236Z-a0fa60aee1428d67003bdca8-dg-9878555e9c6b-000049_ch4.wav,3DPrinter/train/section_00_source_train_normal_000775.wav,67994fd68ad2f5dc7956ddbdfb1aac39b20caeeed213a25310728061cb84ffab,960044,8760840000,8761320000,78f98c5f5432ba2b5d65e9dd0f425927e6887fdd70398caaa584f2ea6f8df998,0,0,492d9582ed6119a46f059d4340ad88a9ac43922b010c379d81763026002e3f12,saved_rule_based,1.61
section_00_source_train_normal_000776,train,source,normal,C,20260909T155236Z-a0fa60aee1428d67003bdca8,20260909T155236Z-a0fa60aee1428d67003bdca8-dg-9878555e9c6b-000050,4,none,none,fast,normal-fast-1,right,normal,clipped/audio_event_clean/normal/20260909T155236Z-a0fa60aee1428d67003bdca8-dg-9878555e9c6b-000050_ch4.wav,3DPrinter/train/section_00_source_train_normal_000776.wav,220bda52a7b22206980963dea95fb1ec3cb17c695669095a337541673b55d64a,960044,8761320000,8761800000,78f98c5f5432ba2b5d65e9dd0f425927e6887fdd70398caaa584f2ea6f8df998,0,0,492d9582ed6119a46f059d4340ad88a9ac43922b010c379d81763026002e3f12,saved_rule_based,1.61
section_00_source_train_normal_000777,train,source,normal,C,20260909T155236Z-a0fa60aee1428d67003bdca8,20260909T155236Z-a0fa60aee1428d67003bdca8-dg-9878555e9c6b-000051,4,none,none,fast,normal-fast-1,right,normal,clipped/audio_event_clean/normal/20260909T155236Z-a0fa60aee1428d67003bdca8-dg-9878555e9c6b-000051_ch4.wav,3DPrinter/train/section_00_source_train_normal_000777.wav,8618e08fc876235761cba5ff9911869f4cf44c077b23b8ecf15b8313c25d5a9a,960044,8761800000,8762280000,78f98c5f5432ba2b5d65e9dd0f425927e6887fdd70398caaa584f2ea6f8df998,0,0,492d9582ed6119a46f059d4340ad88a9ac43922b010c379d81763026002e3f12,saved_rule_based,1.61
section_00_source_train_normal_000778,train,source,normal,C,20260909T155236Z-a0fa60aee1428d67003bdca8,20260909T155236Z-a0fa60aee1428d67003bdca8-dg-9878555e9c6b-000052,4,none,none,fast,normal-fast-1,right,normal,clipped/audio_event_clean/normal/20260909T155236Z-a0fa60aee1428d67003bdca8-dg-9878555e9c6b-000052_ch4.wav,3DPrinter/train/section_00_source_train_normal_000778.wav,f46ba59759f8e93c40498236f70d868c5090dc8b306baf17bc7840405b0f189a,960044,8762280000,8762760000,78f98c5f5432ba2b5d65e9dd0f425927e6887fdd70398caaa584f2ea6f8df998,0,0,492d9582ed6119a46f059d4340ad88a9ac43922b010c379d81763026002e3f12,saved_rule_based,1.61
section_00_source_train_normal_000779,train,source,normal,C,20260909T155236Z-a0fa60aee1428d67003bdca8,20260909T155236Z-a0fa60aee1428d67003bdca8-dg-9878555e9c6b-000054,4,none,none,fast,normal-fast-1,right,normal,clipped/audio_event_clean/normal/20260909T155236Z-a0fa60aee1428d67003bdca8-dg-9878555e9c6b-000054_ch4.wav,3DPrinter/train/section_00_source_train_normal_000779.wav,2702c95b9b9460b36c5d5f4035ea5985cfd1c4a2aaa757ad502d208b6ef874a2,960044,8763240000,8763720000,78f98c5f5432ba2b5d65e9dd0f425927e6887fdd70398caaa584f2ea6f8df998,0,0,492d9582ed6119a46f059d4340ad88a9ac43922b010c379d81763026002e3f12,saved_rule_based,1.61
section_00_source_train_normal_000780,train,source,normal,C,20260909T155236Z-a0fa60aee1428d67003bdca8,20260909T155236Z-a0fa60aee1428d67003bdca8-dg-9878555e9c6b-000055,4,none,none,fast,normal-fast-1,right,normal,clipped/audio_event_clean/normal/20260909T155236Z-a0fa60aee1428d67003bdca8-dg-9878555e9c6b-000055_ch4.wav,3DPrinter/train/section_00_source_train_normal_000780.wav,4bcaefd9f1214c0207a40f2c95b431533acf63979591e139f2de1739277c4c78,960044,8763720000,8764200000,78f98c5f5432ba2b5d65e9dd0f425927e6887fdd70398caaa584f2ea6f8df998,0,0,492d9582ed6119a46f059d4340ad88a9ac43922b010c379d81763026002e3f12,saved_rule_based,1.61
section_00_source_train_normal_000781,train,source,normal,C,20260909T155236Z-a0fa60aee1428d67003bdca8,20260909T155236Z-a0fa60aee1428d67003bdca8-dg-9878555e9c6b-000056,4,none,none,fast,normal-fast-1,right,normal,clipped/audio_event_clean/normal/20260909T155236Z-a0fa60aee1428d67003bdca8-dg-9878555e9c6b-000056_ch4.wav,3DPrinter/train/section_00_source_train_normal_000781.wav,d388a91c85c3683b6343fae25320740dbe5f2a4b4c1b24f3089f087e498e7683,960044,8764200000,8764680000,78f98c5f5432ba2b5d65e9dd0f425927e6887fdd70398caaa584f2ea6f8df998,0,0,492d9582ed6119a46f059d4340ad88a9ac43922b010c379d81763026002e3f12,saved_rule_based,1.61
section_00_source_train_normal_000782,train,source,normal,C,20260909T155236Z-a0fa60aee1428d67003bdca8,20260909T155236Z-a0fa60aee1428d67003bdca8-dg-9878555e9c6b-000057,4,none,none,fast,normal-fast-1,right,normal,clipped/audio_event_clean/normal/20260909T155236Z-a0fa60aee1428d67003bdca8-dg-9878555e9c6b-000057_ch4.wav,3DPrinter/train/section_00_source_train_normal_000782.wav,a73c0a7f1a5dc4b1147aac448b880d2ed599f52fc3604f69bf44879e3b8f2cd7,960044,8764680000,8765160000,78f98c5f5432ba2b5d65e9dd0f425927e6887fdd70398caaa584f2ea6f8df998,0,0,492d9582ed6119a46f059d4340ad88a9ac43922b010c379d81763026002e3f12,saved_rule_based,1.61
section_00_source_train_normal_000783,train,source,normal,C,20260909T155236Z-a0fa60aee1428d67003bdca8,20260909T155236Z-a0fa60aee1428d67003bdca8-dg-9878555e9c6b-000059,4,none,none,fast,normal-fast-1,right,normal,clipped/audio_event_clean/normal/20260909T155236Z-a0fa60aee1428d67003bdca8-dg-9878555e9c6b-000059_ch4.wav,3DPrinter/train/section_00_source_train_normal_000783.wav,5827ce722f5150a6d5cda4ed9634dde2b625c9a2d3050d8a609a85fe631e7f13,960044,8765640000,8766120000,78f98c5f5432ba2b5d65e9dd0f425927e6887fdd70398caaa584f2ea6f8df998,0,0,492d9582ed6119a46f059d4340ad88a9ac43922b010c379d81763026002e3f12,saved_rule_based,1.61
section_00_source_train_normal_000784,train,source,normal,C,20260909T155236Z-a0fa60aee1428d67003bdca8,20260909T155236Z-a0fa60aee1428d67003bdca8-dg-9878555e9c6b-000060,4,none,none,fast,normal-fast-1,right,normal,clipped/audio_event_clean/normal/20260909T155236Z-a0fa60aee1428d67003bdca8-dg-9878555e9c6b-000060_ch4.wav,3DPrinter/train/section_00_source_train_normal_000784.wav,5a0f53b8778f326cece131db23369af9dfc0707ca8d588543d87445a3e98be71,960044,8766120000,8766600000,78f98c5f5432ba2b5d65e9dd0f425927e6887fdd70398caaa584f2ea6f8df998,0,0,492d9582ed6119a46f059d4340ad88a9ac43922b010c379d81763026002e3f12,saved_rule_based,1.61
section_00_source_train_normal_000785,train,source,normal,C,20260909T155236Z-a0fa60aee1428d67003bdca8,20260909T155236Z-a0fa60aee1428d67003bdca8-dg-9878555e9c6b-000061,4,none,none,fast,normal-fast-1,right,normal,clipped/audio_event_clean/normal/20260909T155236Z-a0fa60aee1428d67003bdca8-dg-9878555e9c6b-000061_ch4.wav,3DPrinter/train/section_00_source_train_normal_000785.wav,2c693263c164de26a7f4a8e39cf132bebe6bb95675ceb3726a0bcdf4cbb12ec1,960044,8766600000,8767080000,78f98c5f5432ba2b5d65e9dd0f425927e6887fdd70398caaa584f2ea6f8df998,0,0,492d9582ed6119a46f059d4340ad88a9ac43922b010c379d81763026002e3f12,saved_rule_based,1.61
section_00_source_train_normal_000786,train,source,normal,C,20260909T155236Z-a0fa60aee1428d67003bdca8,20260909T155236Z-a0fa60aee1428d67003bdca8-dg-9878555e9c6b-000062,4,none,none,fast,normal-fast-1,right,normal,clipped/audio_event_clean/normal/20260909T155236Z-a0fa60aee1428d67003bdca8-dg-9878555e9c6b-000062_ch4.wav,3DPrinter/train/section_00_source_train_normal_000786.wav,901eb855ffc9b082ba6a2ac0b7c54b54dbc6b9b22af2ac26f4b9dd286c530a94,960044,8767080000,8767560000,78f98c5f5432ba2b5d65e9dd0f425927e6887fdd70398caaa584f2ea6f8df998,0,0,492d9582ed6119a46f059d4340ad88a9ac43922b010c379d81763026002e3f12,saved_rule_based,1.61
section_00_source_train_normal_000787,train,source,normal,C,20260909T155236Z-a0fa60aee1428d67003bdca8,20260909T155236Z-a0fa60aee1428d67003bdca8-dg-9878555e9c6b-000064,4,none,none,fast,normal-fast-1,right,normal,clipped/audio_event_clean/normal/20260909T155236Z-a0fa60aee1428d67003bdca8-dg-9878555e9c6b-000064_ch4.wav,3DPrinter/train/section_00_source_train_normal_000787.wav,5552e68dd926e26173d384dc6615b45f76ffb7947a49b048a105a76d742217b1,960044,8768040000,8768520000,78f98c5f5432ba2b5d65e9dd0f425927e6887fdd70398caaa584f2ea6f8df998,0,0,492d9582ed6119a46f059d4340ad88a9ac43922b010c379d81763026002e3f12,saved_rule_based,1.61
section_00_source_train_normal_000788,train,source,normal,C,20260909T155236Z-a0fa60aee1428d67003bdca8,20260909T155236Z-a0fa60aee1428d67003bdca8-dg-9878555e9c6b-000066,4,none,none,fast,normal-fast-1,right,normal,clipped/audio_event_clean/normal/20260909T155236Z-a0fa60aee1428d67003bdca8-dg-9878555e9c6b-000066_ch4.wav,3DPrinter/train/section_00_source_train_normal_000788.wav,1a650ee7aea65e1c52edf2010d2ea56708f2dd4916c3d732e280f6a3e0ebedb2,960044,8769000000,8769480000,78f98c5f5432ba2b5d65e9dd0f425927e6887fdd70398caaa584f2ea6f8df998,0,0,492d9582ed6119a46f059d4340ad88a9ac43922b010c379d81763026002e3f12,saved_rule_based,1.61
section_00_source_train_normal_000789,train,source,normal,C,20260909T155236Z-a0fa60aee1428d67003bdca8,20260909T155236Z-a0fa60aee1428d67003bdca8-dg-9878555e9c6b-000068,4,none,none,fast,normal-fast-1,right,normal,clipped/audio_event_clean/normal/20260909T155236Z-a0fa60aee1428d67003bdca8-dg-9878555e9c6b-000068_ch4.wav,3DPrinter/train/section_00_source_train_normal_000789.wav,a69b8fb5a74f06202e433303eaea6602025ab2daae1731dcd6b7aa036b36a3ed,960044,8769960000,8770440000,78f98c5f5432ba2b5d65e9dd0f425927e6887fdd70398caaa584f2ea6f8df998,0,0,492d9582ed6119a46f059d4340ad88a9ac43922b010c379d81763026002e3f12,saved_rule_based,1.61
section_00_source_train_normal_000790,train,source,normal,C,20260909T155236Z-a0fa60aee1428d67003bdca8,20260909T155236Z-a0fa60aee1428d67003bdca8-dg-9878555e9c6b-000069,4,none,none,fast,normal-fast-1,right,normal,clipped/audio_event_clean/normal/20260909T155236Z-a0fa60aee1428d67003bdca8-dg-9878555e9c6b-000069_ch4.wav,3DPrinter/train/section_00_source_train_normal_000790.wav,1bf8e415def3dd3274879b93bd670ca1ab75f7b96e9e7078320a35a45ae0d06e,960044,8770440000,8770920000,78f98c5f5432ba2b5d65e9dd0f425927e6887fdd70398caaa584f2ea6f8df998,0,0,492d9582ed6119a46f059d4340ad88a9ac43922b010c379d81763026002e3f12,saved_rule_based,1.61
section_00_source_train_normal_000791,train,source,normal,C,20260909T155236Z-a0fa60aee1428d67003bdca8,20260909T155236Z-a0fa60aee1428d67003bdca8-dg-9878555e9c6b-000070,4,none,none,fast,normal-fast-1,right,normal,clipped/audio_event_clean/normal/20260909T155236Z-a0fa60aee1428d67003bdca8-dg-9878555e9c6b-000070_ch4.wav,3DPrinter/train/section_00_source_train_normal_000791.wav,ab05d97d6083860f5f6055fc5ca79cde02acf2b1f194987e505e4134dc4ff735,960044,8770920000,8771400000,78f98c5f5432ba2b5d65e9dd0f425927e6887fdd70398caaa584f2ea6f8df998,0,0,492d9582ed6119a46f059d4340ad88a9ac43922b010c379d81763026002e3f12,saved_rule_based,1.61
section_00_source_train_normal_000792,train,source,normal,C,20260909T155236Z-a0fa60aee1428d67003bdca8,20260909T155236Z-a0fa60aee1428d67003bdca8-dg-9878555e9c6b-000072,4,none,none,fast,normal-fast-1,right,normal,clipped/audio_event_clean/normal/20260909T155236Z-a0fa60aee1428d67003bdca8-dg-9878555e9c6b-000072_ch4.wav,3DPrinter/train/section_00_source_train_normal_000792.wav,105a6010d5f771445dc196aeffd2a908d0cd1702867c92ec26e16f719ad96042,960044,8771880000,8772360000,78f98c5f5432ba2b5d65e9dd0f425927e6887fdd70398caaa584f2ea6f8df998,0,0,492d9582ed6119a46f059d4340ad88a9ac43922b010c379d81763026002e3f12,saved_rule_based,1.61
section_00_source_train_normal_000793,train,source,normal,C,20260909T155236Z-a0fa60aee1428d67003bdca8,20260909T155236Z-a0fa60aee1428d67003bdca8-dg-9878555e9c6b-000073,4,none,none,fast,normal-fast-1,right,normal,clipped/audio_event_clean/normal/20260909T155236Z-a0fa60aee1428d67003bdca8-dg-9878555e9c6b-000073_ch4.wav,3DPrinter/train/section_00_source_train_normal_000793.wav,c8748aa42be6ec9db74ba1447f9fecb61d06ea34a894613c210b9dc8cb1fbf26,960044,8772360000,8772840000,78f98c5f5432ba2b5d65e9dd0f425927e6887fdd70398caaa584f2ea6f8df998,0,0,492d9582ed6119a46f059d4340ad88a9ac43922b010c379d81763026002e3f12,saved_rule_based,1.61
section_00_source_train_normal_000794,train,source,normal,C,20260909T155236Z-a0fa60aee1428d67003bdca8,20260909T155236Z-a0fa60aee1428d67003bdca8-dg-9878555e9c6b-000075,4,none,none,fast,normal-fast-1,right,normal,clipped/audio_event_clean/normal/20260909T155236Z-a0fa60aee1428d67003bdca8-dg-9878555e9c6b-000075_ch4.wav,3DPrinter/train/section_00_source_train_normal_000794.wav,1d6d80f948505f8af0daca22307a6fc3085dee394580ab207dc26b0d623e4583,960044,8773320000,8773800000,78f98c5f5432ba2b5d65e9dd0f425927e6887fdd70398caaa584f2ea6f8df998,0,0,492d9582ed6119a46f059d4340ad88a9ac43922b010c379d81763026002e3f12,saved_rule_based,1.61
section_00_source_train_normal_000795,train,source,normal,C,20260909T155236Z-a0fa60aee1428d67003bdca8,20260909T155236Z-a0fa60aee1428d67003bdca8-dg-9878555e9c6b-000076,4,none,none,fast,normal-fast-1,right,normal,clipped/audio_event_clean/normal/20260909T155236Z-a0fa60aee1428d67003bdca8-dg-9878555e9c6b-000076_ch4.wav,3DPrinter/train/section_00_source_train_normal_000795.wav,285a21130e412ae74d11d629b96cf445422f8bc9c027439a761c60bc630e54b1,960044,8773800000,8774280000,78f98c5f5432ba2b5d65e9dd0f425927e6887fdd70398caaa584f2ea6f8df998,0,0,492d9582ed6119a46f059d4340ad88a9ac43922b010c379d81763026002e3f12,saved_rule_based,1.61
section_00_source_train_normal_000796,train,source,normal,C,20260909T155236Z-a0fa60aee1428d67003bdca8,20260909T155236Z-a0fa60aee1428d67003bdca8-dg-9878555e9c6b-000077,4,none,none,fast,normal-fast-1,right,normal,clipped/audio_event_clean/normal/20260909T155236Z-a0fa60aee1428d67003bdca8-dg-9878555e9c6b-000077_ch4.wav,3DPrinter/train/section_00_source_train_normal_000796.wav,7f1323c448425ce393fbbc1f9dc6a1b0eb4a83300c8ff6e7393b99521336bbec,960044,8774280000,8774760000,78f98c5f5432ba2b5d65e9dd0f425927e6887fdd70398caaa584f2ea6f8df998,0,0,492d9582ed6119a46f059d4340ad88a9ac43922b010c379d81763026002e3f12,saved_rule_based,1.61
section_00_source_train_normal_000797,train,source,normal,C,20260909T155236Z-a0fa60aee1428d67003bdca8,20260909T155236Z-a0fa60aee1428d67003bdca8-dg-9878555e9c6b-000080,4,none,none,fast,normal-fast-1,right,normal,clipped/audio_event_clean/normal/20260909T155236Z-a0fa60aee1428d67003bdca8-dg-9878555e9c6b-000080_ch4.wav,3DPrinter/train/section_00_source_train_normal_000797.wav,49ce25e0843c942686eae6d3ca4b52a1fb5bd0fbb0d9f3f8aaac96fdf166ab21,960044,8775720000,8776200000,78f98c5f5432ba2b5d65e9dd0f425927e6887fdd70398caaa584f2ea6f8df998,0,0,492d9582ed6119a46f059d4340ad88a9ac43922b010c379d81763026002e3f12,saved_rule_based,1.61
section_00_source_train_normal_000798,train,source,normal,C,20260909T155236Z-a0fa60aee1428d67003bdca8,20260909T155236Z-a0fa60aee1428d67003bdca8-dg-9878555e9c6b-000081,4,none,none,fast,normal-fast-1,right,normal,clipped/audio_event_clean/normal/20260909T155236Z-a0fa60aee1428d67003bdca8-dg-9878555e9c6b-000081_ch4.wav,3DPrinter/train/section_00_source_train_normal_000798.wav,60091a763c1a11da721712dacb00399053319a3e006b7d984be0ce9a51ea75ff,960044,8776200000,8776680000,78f98c5f5432ba2b5d65e9dd0f425927e6887fdd70398caaa584f2ea6f8df998,0,0,492d9582ed6119a46f059d4340ad88a9ac43922b010c379d81763026002e3f12,saved_rule_based,1.61
section_00_source_train_normal_000799,train,source,normal,C,20260909T155236Z-a0fa60aee1428d67003bdca8,20260909T155236Z-a0fa60aee1428d67003bdca8-dg-9878555e9c6b-000082,4,none,none,fast,normal-fast-1,right,normal,clipped/audio_event_clean/normal/20260909T155236Z-a0fa60aee1428d67003bdca8-dg-9878555e9c6b-000082_ch4.wav,3DPrinter/train/section_00_source_train_normal_000799.wav,b1ea2f92fe9bd18d04da24042eb42def47829cd93a88ef378eb233154f34db90,960044,8776680000,8777160000,78f98c5f5432ba2b5d65e9dd0f425927e6887fdd70398caaa584f2ea6f8df998,0,0,492d9582ed6119a46f059d4340ad88a9ac43922b010c379d81763026002e3f12,saved_rule_based,1.61
section_00_source_train_normal_000800,train,source,normal,C,20260909T155236Z-a0fa60aee1428d67003bdca8,20260909T155236Z-a0fa60aee1428d67003bdca8-dg-9878555e9c6b-000083,4,none,none,fast,normal-fast-1,right,normal,clipped/audio_event_clean/normal/20260909T155236Z-a0fa60aee1428d67003bdca8-dg-9878555e9c6b-000083_ch4.wav,3DPrinter/train/section_00_source_train_normal_000800.wav,40fdf7555ac396f97f9d06be6a092b930ac9fa6be0262312eaea8c22cf158553,960044,8777160000,8777640000,78f98c5f5432ba2b5d65e9dd0f425927e6887fdd70398caaa584f2ea6f8df998,0,0,492d9582ed6119a46f059d4340ad88a9ac43922b010c379d81763026002e3f12,saved_rule_based,1.61
section_00_source_train_normal_000801,train,source,normal,C,20260909T155236Z-a0fa60aee1428d67003bdca8,20260909T155236Z-a0fa60aee1428d67003bdca8-dg-9878555e9c6b-000084,4,none,none,fast,normal-fast-1,right,normal,clipped/audio_event_clean/normal/20260909T155236Z-a0fa60aee1428d67003bdca8-dg-9878555e9c6b-000084_ch4.wav,3DPrinter/train/section_00_source_train_normal_000801.wav,5cfee15f0bce286efe7846afc0b76aae441c9374eefef67b1bfccfe7573f9e97,960044,8777640000,8778120000,78f98c5f5432ba2b5d65e9dd0f425927e6887fdd70398caaa584f2ea6f8df998,0,0,492d9582ed6119a46f059d4340ad88a9ac43922b010c379d81763026002e3f12,saved_rule_based,1.61
section_00_source_train_normal_000802,train,source,normal,C,20260909T155236Z-a0fa60aee1428d67003bdca8,20260909T155236Z-a0fa60aee1428d67003bdca8-dg-9878555e9c6b-000086,4,none,none,fast,normal-fast-1,right,normal,clipped/audio_event_clean/normal/20260909T155236Z-a0fa60aee1428d67003bdca8-dg-9878555e9c6b-000086_ch4.wav,3DPrinter/train/section_00_source_train_normal_000802.wav,b62033df400981ffcf4a51cd28817e06e8fa7216761c8f838e83495e847d5d1e,960044,8778600000,8779080000,78f98c5f5432ba2b5d65e9dd0f425927e6887fdd70398caaa584f2ea6f8df998,0,0,492d9582ed6119a46f059d4340ad88a9ac43922b010c379d81763026002e3f12,saved_rule_based,1.61
section_00_source_train_normal_000803,train,source,normal,C,20260909T155236Z-a0fa60aee1428d67003bdca8,20260909T155236Z-a0fa60aee1428d67003bdca8-dg-9878555e9c6b-000087,4,none,none,fast,normal-fast-1,right,normal,clipped/audio_event_clean/normal/20260909T155236Z-a0fa60aee1428d67003bdca8-dg-9878555e9c6b-000087_ch4.wav,3DPrinter/train/section_00_source_train_normal_000803.wav,bf8774617838e4fea762249708f8e805ee409abecfd0cc34802fe4ec9b82f6a2,960044,8779080000,8779560000,78f98c5f5432ba2b5d65e9dd0f425927e6887fdd70398caaa584f2ea6f8df998,0,0,492d9582ed6119a46f059d4340ad88a9ac43922b010c379d81763026002e3f12,saved_rule_based,1.61
section_00_source_train_normal_000804,train,source,normal,C,20260909T155236Z-a0fa60aee1428d67003bdca8,20260909T155236Z-a0fa60aee1428d67003bdca8-dg-9878555e9c6b-000089,4,none,none,fast,normal-fast-1,right,normal,clipped/audio_event_clean/normal/20260909T155236Z-a0fa60aee1428d67003bdca8-dg-9878555e9c6b-000089_ch4.wav,3DPrinter/train/section_00_source_train_normal_000804.wav,b65322ef5231a13d19dd8356e82a0ffa4d74b396bd68cff6e585d4f9c7012d88,960044,8780040000,8780520000,78f98c5f5432ba2b5d65e9dd0f425927e6887fdd70398caaa584f2ea6f8df998,0,0,492d9582ed6119a46f059d4340ad88a9ac43922b010c379d81763026002e3f12,saved_rule_based,1.61
section_00_source_train_normal_000805,train,source,normal,C,20260909T155236Z-a0fa60aee1428d67003bdca8,20260909T155236Z-a0fa60aee1428d67003bdca8-dg-9878555e9c6b-000090,4,none,none,fast,normal-fast-1,right,normal,clipped/audio_event_clean/normal/20260909T155236Z-a0fa60aee1428d67003bdca8-dg-9878555e9c6b-000090_ch4.wav,3DPrinter/train/section_00_source_train_normal_000805.wav,6065c51732e90cf70e0c1947d08eb62031431a4d11c3d0a773de81bf1085a1d6,960044,8780520000,8781000000,78f98c5f5432ba2b5d65e9dd0f425927e6887fdd70398caaa584f2ea6f8df998,0,0,492d9582ed6119a46f059d4340ad88a9ac43922b010c379d81763026002e3f12,saved_rule_based,1.61
section_00_source_train_normal_000806,train,source,normal,C,20260909T155236Z-a0fa60aee1428d67003bdca8,20260909T155236Z-a0fa60aee1428d67003bdca8-dg-9878555e9c6b-000091,4,none,none,fast,normal-fast-1,right,normal,clipped/audio_event_clean/normal/20260909T155236Z-a0fa60aee1428d67003bdca8-dg-9878555e9c6b-000091_ch4.wav,3DPrinter/train/section_00_source_train_normal_000806.wav,fb838519eb01870447dab6aba334918437de05ed5c1ec4966d7bc4d905e61ef3,960044,8781000000,8781480000,78f98c5f5432ba2b5d65e9dd0f425927e6887fdd70398caaa584f2ea6f8df998,0,0,492d9582ed6119a46f059d4340ad88a9ac43922b010c379d81763026002e3f12,saved_rule_based,1.61
section_00_source_train_normal_000807,train,source,normal,C,20260909T155236Z-a0fa60aee1428d67003bdca8,20260909T155236Z-a0fa60aee1428d67003bdca8-dg-9878555e9c6b-000092,4,none,none,fast,normal-fast-1,right,normal,clipped/audio_event_clean/normal/20260909T155236Z-a0fa60aee1428d67003bdca8-dg-9878555e9c6b-000092_ch4.wav,3DPrinter/train/section_00_source_train_normal_000807.wav,dd8edbb80c21714440a8dcc4f859c88a11e42add28f808b3d379b646448c7468,960044,8781480000,8781960000,78f98c5f5432ba2b5d65e9dd0f425927e6887fdd70398caaa584f2ea6f8df998,0,0,492d9582ed6119a46f059d4340ad88a9ac43922b010c379d81763026002e3f12,saved_rule_based,1.61
section_00_source_train_normal_000808,train,source,normal,C,20260909T155236Z-a0fa60aee1428d67003bdca8,20260909T155236Z-a0fa60aee1428d67003bdca8-dg-9878555e9c6b-000093,4,none,none,fast,normal-fast-1,right,normal,clipped/audio_event_clean/normal/20260909T155236Z-a0fa60aee1428d67003bdca8-dg-9878555e9c6b-000093_ch4.wav,3DPrinter/train/section_00_source_train_normal_000808.wav,a27d35fe86e0806c657623ec3264d9b31e272f89137f930e6cfa51ccbb87c061,960044,8781960000,8782440000,78f98c5f5432ba2b5d65e9dd0f425927e6887fdd70398caaa584f2ea6f8df998,0,0,492d9582ed6119a46f059d4340ad88a9ac43922b010c379d81763026002e3f12,saved_rule_based,1.61
section_00_source_train_normal_000809,train,source,normal,C,20260909T155236Z-a0fa60aee1428d67003bdca8,20260909T155236Z-a0fa60aee1428d67003bdca8-dg-9878555e9c6b-000094,4,none,none,fast,normal-fast-1,right,normal,clipped/audio_event_clean/normal/20260909T155236Z-a0fa60aee1428d67003bdca8-dg-9878555e9c6b-000094_ch4.wav,3DPrinter/train/section_00_source_train_normal_000809.wav,84293c3ef044a24d871a0710f84b4571cfea4449f7d2d274660efa95456e7946,960044,8782440000,8782920000,78f98c5f5432ba2b5d65e9dd0f425927e6887fdd70398caaa584f2ea6f8df998,0,0,492d9582ed6119a46f059d4340ad88a9ac43922b010c379d81763026002e3f12,saved_rule_based,1.61
section_00_source_train_normal_000810,train,source,normal,C,20260909T155236Z-a0fa60aee1428d67003bdca8,20260909T155236Z-a0fa60aee1428d67003bdca8-dg-9878555e9c6b-000095,4,none,none,fast,normal-fast-1,right,normal,clipped/audio_event_clean/normal/20260909T155236Z-a0fa60aee1428d67003bdca8-dg-9878555e9c6b-000095_ch4.wav,3DPrinter/train/section_00_source_train_normal_000810.wav,e4dd014b9fe6d254c617bedde2b69c28acbc49888f94f6761261e5cbefdb9a18,960044,8782920000,8783400000,78f98c5f5432ba2b5d65e9dd0f425927e6887fdd70398caaa584f2ea6f8df998,0,0,492d9582ed6119a46f059d4340ad88a9ac43922b010c379d81763026002e3f12,saved_rule_based,1.61
section_00_source_train_normal_000811,train,source,normal,C,20260909T155236Z-a0fa60aee1428d67003bdca8,20260909T155236Z-a0fa60aee1428d67003bdca8-dg-9878555e9c6b-000096,4,none,none,fast,normal-fast-1,right,normal,clipped/audio_event_clean/normal/20260909T155236Z-a0fa60aee1428d67003bdca8-dg-9878555e9c6b-000096_ch4.wav,3DPrinter/train/section_00_source_train_normal_000811.wav,652e9dd10e787b80aa6ee7d9c3041d0d6fc94c495245aaf1c2a1d8686eaf92ad,960044,8783400000,8783880000,78f98c5f5432ba2b5d65e9dd0f425927e6887fdd70398caaa584f2ea6f8df998,0,0,492d9582ed6119a46f059d4340ad88a9ac43922b010c379d81763026002e3f12,saved_rule_based,1.61
section_00_source_train_normal_000812,train,source,normal,C,20260909T155236Z-a0fa60aee1428d67003bdca8,20260909T155236Z-a0fa60aee1428d67003bdca8-dg-9878555e9c6b-000097,4,none,none,fast,normal-fast-1,right,normal,clipped/audio_event_clean/normal/20260909T155236Z-a0fa60aee1428d67003bdca8-dg-9878555e9c6b-000097_ch4.wav,3DPrinter/train/section_00_source_train_normal_000812.wav,63e50898d0ff48dbfa9b1b5a377df79078d2c0f3748ce6a14a5166de5a1dfd0f,960044,8783880000,8784360000,78f98c5f5432ba2b5d65e9dd0f425927e6887fdd70398caaa584f2ea6f8df998,0,0,492d9582ed6119a46f059d4340ad88a9ac43922b010c379d81763026002e3f12,saved_rule_based,1.61
section_00_source_train_normal_000813,train,source,normal,C,20260909T155236Z-a0fa60aee1428d67003bdca8,20260909T155236Z-a0fa60aee1428d67003bdca8-dg-9878555e9c6b-000098,4,none,none,fast,normal-fast-1,right,normal,clipped/audio_event_clean/normal/20260909T155236Z-a0fa60aee1428d67003bdca8-dg-9878555e9c6b-000098_ch4.wav,3DPrinter/train/section_00_source_train_normal_000813.wav,671f5b344336693039fdc72421b850c88e4d6f10f15178af43acb8dc650f8c3c,960044,8784360000,8784840000,78f98c5f5432ba2b5d65e9dd0f425927e6887fdd70398caaa584f2ea6f8df998,0,0,492d9582ed6119a46f059d4340ad88a9ac43922b010c379d81763026002e3f12,saved_rule_based,1.61
section_00_source_train_normal_000814,train,source,normal,C,20260909T155236Z-a0fa60aee1428d67003bdca8,20260909T155236Z-a0fa60aee1428d67003bdca8-dg-9878555e9c6b-000100,4,none,none,fast,normal-fast-1,right,normal,clipped/audio_event_clean/normal/20260909T155236Z-a0fa60aee1428d67003bdca8-dg-9878555e9c6b-000100_ch4.wav,3DPrinter/train/section_00_source_train_normal_000814.wav,71bd1ccda90de404d540a7fee29f3b7c4ef27afab9bfff463f6e88ee22ec6ca2,960044,8785320000,8785800000,78f98c5f5432ba2b5d65e9dd0f425927e6887fdd70398caaa584f2ea6f8df998,0,0,492d9582ed6119a46f059d4340ad88a9ac43922b010c379d81763026002e3f12,saved_rule_based,1.61
section_00_source_train_normal_000815,train,source,normal,C,20260909T155236Z-a0fa60aee1428d67003bdca8,20260909T155236Z-a0fa60aee1428d67003bdca8-dg-9878555e9c6b-000101,4,none,none,fast,normal-fast-1,right,normal,clipped/audio_event_clean/normal/20260909T155236Z-a0fa60aee1428d67003bdca8-dg-9878555e9c6b-000101_ch4.wav,3DPrinter/train/section_00_source_train_normal_000815.wav,442bf4a6420cfb43540917ee78bcbdabb36c5ed09901bf19ef25d6b64959980c,960044,8785800000,8786280000,78f98c5f5432ba2b5d65e9dd0f425927e6887fdd70398caaa584f2ea6f8df998,0,0,492d9582ed6119a46f059d4340ad88a9ac43922b010c379d81763026002e3f12,saved_rule_based,1.61
section_00_source_train_normal_000816,train,source,normal,C,20260909T155236Z-a0fa60aee1428d67003bdca8,20260909T155236Z-a0fa60aee1428d67003bdca8-dg-9878555e9c6b-000102,4,none,none,fast,normal-fast-1,right,normal,clipped/audio_event_clean/normal/20260909T155236Z-a0fa60aee1428d67003bdca8-dg-9878555e9c6b-000102_ch4.wav,3DPrinter/train/section_00_source_train_normal_000816.wav,3ca8007b631e228cc72479592f7ac5a83c328a20994c8d2acc2b4ad15aac0ffb,960044,8786280000,8786760000,78f98c5f5432ba2b5d65e9dd0f425927e6887fdd70398caaa584f2ea6f8df998,0,0,492d9582ed6119a46f059d4340ad88a9ac43922b010c379d81763026002e3f12,saved_rule_based,1.61
section_00_source_train_normal_000817,train,source,normal,C,20260909T155236Z-a0fa60aee1428d67003bdca8,20260909T155236Z-a0fa60aee1428d67003bdca8-dg-9878555e9c6b-000103,4,none,none,fast,normal-fast-1,right,normal,clipped/audio_event_clean/normal/20260909T155236Z-a0fa60aee1428d67003bdca8-dg-9878555e9c6b-000103_ch4.wav,3DPrinter/train/section_00_source_train_normal_000817.wav,936cf4c55ae72d47b6240499620611e2ebde54700bc9f5d917feaa9b1f3327a7,960044,8786760000,8787240000,78f98c5f5432ba2b5d65e9dd0f425927e6887fdd70398caaa584f2ea6f8df998,0,0,492d9582ed6119a46f059d4340ad88a9ac43922b010c379d81763026002e3f12,saved_rule_based,1.61
section_00_source_train_normal_000818,train,source,normal,C,20260909T155236Z-a0fa60aee1428d67003bdca8,20260909T155236Z-a0fa60aee1428d67003bdca8-dg-9878555e9c6b-000104,4,none,none,fast,normal-fast-1,right,normal,clipped/audio_event_clean/normal/20260909T155236Z-a0fa60aee1428d67003bdca8-dg-9878555e9c6b-000104_ch4.wav,3DPrinter/train/section_00_source_train_normal_000818.wav,a3708464bc4172f1799728bd5d006a8d00595b98a6025811aa7df7925cc8056a,960044,8787240000,8787720000,78f98c5f5432ba2b5d65e9dd0f425927e6887fdd70398caaa584f2ea6f8df998,0,0,492d9582ed6119a46f059d4340ad88a9ac43922b010c379d81763026002e3f12,saved_rule_based,1.61
section_00_source_train_normal_000819,train,source,normal,C,20260909T155236Z-a0fa60aee1428d67003bdca8,20260909T155236Z-a0fa60aee1428d67003bdca8-dg-9878555e9c6b-000106,4,none,none,fast,normal-fast-1,right,normal,clipped/audio_event_clean/normal/20260909T155236Z-a0fa60aee1428d67003bdca8-dg-9878555e9c6b-000106_ch4.wav,3DPrinter/train/section_00_source_train_normal_000819.wav,ce2589ff92572e3b9980193b11bb9db1de86d24c1164af6456a6a3ef9efd2bc2,960044,8788200000,8788680000,78f98c5f5432ba2b5d65e9dd0f425927e6887fdd70398caaa584f2ea6f8df998,0,0,492d9582ed6119a46f059d4340ad88a9ac43922b010c379d81763026002e3f12,saved_rule_based,1.61
section_00_source_train_normal_000820,train,source,normal,C,20260909T155236Z-a0fa60aee1428d67003bdca8,20260909T155236Z-a0fa60aee1428d67003bdca8-dg-9878555e9c6b-000107,4,none,none,fast,normal-fast-1,right,normal,clipped/audio_event_clean/normal/20260909T155236Z-a0fa60aee1428d67003bdca8-dg-9878555e9c6b-000107_ch4.wav,3DPrinter/train/section_00_source_train_normal_000820.wav,94c9a61fd1c26ab20f30fa1228d0bcc9b1b90ed71e3ba18db0f287ea82f0b68a,960044,8788680000,8789160000,78f98c5f5432ba2b5d65e9dd0f425927e6887fdd70398caaa584f2ea6f8df998,0,0,492d9582ed6119a46f059d4340ad88a9ac43922b010c379d81763026002e3f12,saved_rule_based,1.61
section_00_source_train_normal_000821,train,source,normal,C,20260909T155236Z-a0fa60aee1428d67003bdca8,20260909T155236Z-a0fa60aee1428d67003bdca8-dg-9878555e9c6b-000109,4,none,none,fast,normal-fast-1,right,normal,clipped/audio_event_clean/normal/20260909T155236Z-a0fa60aee1428d67003bdca8-dg-9878555e9c6b-000109_ch4.wav,3DPrinter/train/section_00_source_train_normal_000821.wav,3e3e4aaf46ed5a164059303d700ab61df0c517bec2872adc2853d0e424ddaeb7,960044,8789640000,8790120000,78f98c5f5432ba2b5d65e9dd0f425927e6887fdd70398caaa584f2ea6f8df998,0,0,492d9582ed6119a46f059d4340ad88a9ac43922b010c379d81763026002e3f12,saved_rule_based,1.61
section_00_source_train_normal_000822,train,source,normal,C,20260909T155236Z-a0fa60aee1428d67003bdca8,20260909T155236Z-a0fa60aee1428d67003bdca8-dg-9878555e9c6b-000110,4,none,none,fast,normal-fast-1,right,normal,clipped/audio_event_clean/normal/20260909T155236Z-a0fa60aee1428d67003bdca8-dg-9878555e9c6b-000110_ch4.wav,3DPrinter/train/section_00_source_train_normal_000822.wav,0481617f58e6f3eb800e272d6018f2236db821ab306b540f607e86b7f4666e3b,960044,8790120000,8790600000,78f98c5f5432ba2b5d65e9dd0f425927e6887fdd70398caaa584f2ea6f8df998,0,0,492d9582ed6119a46f059d4340ad88a9ac43922b010c379d81763026002e3f12,saved_rule_based,1.61
section_00_source_train_normal_000823,train,source,normal,C,20260909T155236Z-a0fa60aee1428d67003bdca8,20260909T155236Z-a0fa60aee1428d67003bdca8-dg-9878555e9c6b-000111,4,none,none,fast,normal-fast-1,right,normal,clipped/audio_event_clean/normal/20260909T155236Z-a0fa60aee1428d67003bdca8-dg-9878555e9c6b-000111_ch4.wav,3DPrinter/train/section_00_source_train_normal_000823.wav,90f597bc9dbd47fccfb695efc2bb54883f7a51b94d18afce7968a8f87a1b009c,960044,8790600000,8791080000,78f98c5f5432ba2b5d65e9dd0f425927e6887fdd70398caaa584f2ea6f8df998,0,0,492d9582ed6119a46f059d4340ad88a9ac43922b010c379d81763026002e3f12,saved_rule_based,1.61
section_00_source_train_normal_000824,train,source,normal,C,20260909T155236Z-a0fa60aee1428d67003bdca8,20260909T155236Z-a0fa60aee1428d67003bdca8-dg-9878555e9c6b-000112,4,none,none,fast,normal-fast-1,right,normal,clipped/audio_event_clean/normal/20260909T155236Z-a0fa60aee1428d67003bdca8-dg-9878555e9c6b-000112_ch4.wav,3DPrinter/train/section_00_source_train_normal_000824.wav,013b0dc1e2d374fa69babd7df66009fafd8c7c39f90fe86484acd2bd3b340a56,960044,8791080000,8791560000,78f98c5f5432ba2b5d65e9dd0f425927e6887fdd70398caaa584f2ea6f8df998,0,0,492d9582ed6119a46f059d4340ad88a9ac43922b010c379d81763026002e3f12,saved_rule_based,1.61
section_00_source_train_normal_000825,train,source,normal,C,20260909T155236Z-a0fa60aee1428d67003bdca8,20260909T155236Z-a0fa60aee1428d67003bdca8-dg-9878555e9c6b-000114,4,none,none,fast,normal-fast-1,right,normal,clipped/audio_event_clean/normal/20260909T155236Z-a0fa60aee1428d67003bdca8-dg-9878555e9c6b-000114_ch4.wav,3DPrinter/train/section_00_source_train_normal_000825.wav,08e57bd5d8132f153b317260083d08fc8c29fcabb675c8e865a637a6eaebee1c,960044,8792040000,8792520000,78f98c5f5432ba2b5d65e9dd0f425927e6887fdd70398caaa584f2ea6f8df998,0,0,492d9582ed6119a46f059d4340ad88a9ac43922b010c379d81763026002e3f12,saved_rule_based,1.61
section_00_source_train_normal_000826,train,source,normal,C,20260909T155236Z-a0fa60aee1428d67003bdca8,20260909T155236Z-a0fa60aee1428d67003bdca8-dg-9878555e9c6b-000115,4,none,none,fast,normal-fast-1,right,normal,clipped/audio_event_clean/normal/20260909T155236Z-a0fa60aee1428d67003bdca8-dg-9878555e9c6b-000115_ch4.wav,3DPrinter/train/section_00_source_train_normal_000826.wav,f7bef9dec3adc90262f9b9490a4289b73e70998252777c2fd6fa0a75a9f10aee,960044,8792520000,8793000000,78f98c5f5432ba2b5d65e9dd0f425927e6887fdd70398caaa584f2ea6f8df998,0,0,492d9582ed6119a46f059d4340ad88a9ac43922b010c379d81763026002e3f12,saved_rule_based,1.61
section_00_source_train_normal_000827,train,source,normal,C,20260909T155236Z-a0fa60aee1428d67003bdca8,20260909T155236Z-a0fa60aee1428d67003bdca8-dg-9878555e9c6b-000117,4,none,none,fast,normal-fast-1,right,normal,clipped/audio_event_clean/normal/20260909T155236Z-a0fa60aee1428d67003bdca8-dg-9878555e9c6b-000117_ch4.wav,3DPrinter/train/section_00_source_train_normal_000827.wav,68d047ee69345204f45b68cbd2bb6159432189c22645c7e0e35bbb57b123ac61,960044,8793480000,8793960000,78f98c5f5432ba2b5d65e9dd0f425927e6887fdd70398caaa584f2ea6f8df998,0,0,492d9582ed6119a46f059d4340ad88a9ac43922b010c379d81763026002e3f12,saved_rule_based,1.61
section_00_source_train_normal_000828,train,source,normal,C,20260909T155236Z-a0fa60aee1428d67003bdca8,20260909T155236Z-a0fa60aee1428d67003bdca8-dg-9878555e9c6b-000118,4,none,none,fast,normal-fast-1,right,normal,clipped/audio_event_clean/normal/20260909T155236Z-a0fa60aee1428d67003bdca8-dg-9878555e9c6b-000118_ch4.wav,3DPrinter/train/section_00_source_train_normal_000828.wav,33a63e9befd6c1d715176aad74fa96b1eea1b1d4f9701dcd52bba960028af87b,960044,8793960000,8794440000,78f98c5f5432ba2b5d65e9dd0f425927e6887fdd70398caaa584f2ea6f8df998,0,0,492d9582ed6119a46f059d4340ad88a9ac43922b010c379d81763026002e3f12,saved_rule_based,1.61
section_00_source_train_normal_000829,train,source,normal,C,20260909T155236Z-a0fa60aee1428d67003bdca8,20260909T155236Z-a0fa60aee1428d67003bdca8-dg-9878555e9c6b-000119,4,none,none,fast,normal-fast-1,right,normal,clipped/audio_event_clean/normal/20260909T155236Z-a0fa60aee1428d67003bdca8-dg-9878555e9c6b-000119_ch4.wav,3DPrinter/train/section_00_source_train_normal_000829.wav,f43fee92b4b6c29f3c3fdd6c2a5d1b536a09d2f37b5ed93f96192c8cb412c552,960044,8794440000,8794920000,78f98c5f5432ba2b5d65e9dd0f425927e6887fdd70398caaa584f2ea6f8df998,0,0,492d9582ed6119a46f059d4340ad88a9ac43922b010c379d81763026002e3f12,saved_rule_based,1.61
section_00_source_train_normal_000830,train,source,normal,C,20260909T155236Z-a0fa60aee1428d67003bdca8,20260909T155236Z-a0fa60aee1428d67003bdca8-dg-9878555e9c6b-000121,4,none,none,fast,normal-fast-1,right,normal,clipped/audio_event_clean/normal/20260909T155236Z-a0fa60aee1428d67003bdca8-dg-9878555e9c6b-000121_ch4.wav,3DPrinter/train/section_00_source_train_normal_000830.wav,8d209b5bb5df98e45d1f9d296df8336893c353043a65caf9121cacdcf9f7ff7f,960044,8795400000,8795880000,78f98c5f5432ba2b5d65e9dd0f425927e6887fdd70398caaa584f2ea6f8df998,0,0,492d9582ed6119a46f059d4340ad88a9ac43922b010c379d81763026002e3f12,saved_rule_based,1.61
section_00_source_train_normal_000831,train,source,normal,C,20260909T155236Z-a0fa60aee1428d67003bdca8,20260909T155236Z-a0fa60aee1428d67003bdca8-dg-9878555e9c6b-000123,4,none,none,fast,normal-fast-1,right,normal,clipped/audio_event_clean/normal/20260909T155236Z-a0fa60aee1428d67003bdca8-dg-9878555e9c6b-000123_ch4.wav,3DPrinter/train/section_00_source_train_normal_000831.wav,954931d1bb2a36fef0b0b979a79ccf94b7ac5c43a41aaa7ec6f7123c586eb078,960044,8796360000,8796840000,78f98c5f5432ba2b5d65e9dd0f425927e6887fdd70398caaa584f2ea6f8df998,0,0,492d9582ed6119a46f059d4340ad88a9ac43922b010c379d81763026002e3f12,saved_rule_based,1.61
section_00_source_train_normal_000832,train,source,normal,C,20260909T155236Z-a0fa60aee1428d67003bdca8,20260909T155236Z-a0fa60aee1428d67003bdca8-dg-9878555e9c6b-000124,4,none,none,fast,normal-fast-1,right,normal,clipped/audio_event_clean/normal/20260909T155236Z-a0fa60aee1428d67003bdca8-dg-9878555e9c6b-000124_ch4.wav,3DPrinter/train/section_00_source_train_normal_000832.wav,bba212bef25ef771c6ef15d6ccff1ac2e69d6aa90251ad337fdda5ca8a7aad24,960044,8796840000,8797320000,78f98c5f5432ba2b5d65e9dd0f425927e6887fdd70398caaa584f2ea6f8df998,0,0,492d9582ed6119a46f059d4340ad88a9ac43922b010c379d81763026002e3f12,saved_rule_based,1.61
section_00_source_train_normal_000833,train,source,normal,C,20260909T155236Z-a0fa60aee1428d67003bdca8,20260909T155236Z-a0fa60aee1428d67003bdca8-dg-9878555e9c6b-000125,4,none,none,fast,normal-fast-1,right,normal,clipped/audio_event_clean/normal/20260909T155236Z-a0fa60aee1428d67003bdca8-dg-9878555e9c6b-000125_ch4.wav,3DPrinter/train/section_00_source_train_normal_000833.wav,7e476710709dd2e90092df8b8ce0189f9d74ded7df47b67835a11a79dcdece47,960044,8797320000,8797800000,78f98c5f5432ba2b5d65e9dd0f425927e6887fdd70398caaa584f2ea6f8df998,0,0,492d9582ed6119a46f059d4340ad88a9ac43922b010c379d81763026002e3f12,saved_rule_based,1.61
section_00_source_train_normal_000834,train,source,normal,C,20260909T155236Z-a0fa60aee1428d67003bdca8,20260909T155236Z-a0fa60aee1428d67003bdca8-dg-9878555e9c6b-000126,4,none,none,fast,normal-fast-1,right,normal,clipped/audio_event_clean/normal/20260909T155236Z-a0fa60aee1428d67003bdca8-dg-9878555e9c6b-000126_ch4.wav,3DPrinter/train/section_00_source_train_normal_000834.wav,0b4911879b5eef6b7fab7ec64951fe7699e543de60a27bb30519271f80472c2b,960044,8797800000,8798280000,78f98c5f5432ba2b5d65e9dd0f425927e6887fdd70398caaa584f2ea6f8df998,0,0,492d9582ed6119a46f059d4340ad88a9ac43922b010c379d81763026002e3f12,saved_rule_based,1.61
section_00_source_train_normal_000835,train,source,normal,C,20260909T155236Z-a0fa60aee1428d67003bdca8,20260909T155236Z-a0fa60aee1428d67003bdca8-dg-9878555e9c6b-000127,4,none,none,fast,normal-fast-1,right,normal,clipped/audio_event_clean/normal/20260909T155236Z-a0fa60aee1428d67003bdca8-dg-9878555e9c6b-000127_ch4.wav,3DPrinter/train/section_00_source_train_normal_000835.wav,08b72ef5f05c699e06e40d9984c8ba1e7b6c322144ee35803923b50169bd5385,960044,8798280000,8798760000,78f98c5f5432ba2b5d65e9dd0f425927e6887fdd70398caaa584f2ea6f8df998,0,0,492d9582ed6119a46f059d4340ad88a9ac43922b010c379d81763026002e3f12,saved_rule_based,1.61
section_00_source_train_normal_000836,train,source,normal,C,20260909T155236Z-a0fa60aee1428d67003bdca8,20260909T155236Z-a0fa60aee1428d67003bdca8-dg-9878555e9c6b-000131,4,none,none,fast,normal-fast-1,right,normal,clipped/audio_event_clean/normal/20260909T155236Z-a0fa60aee1428d67003bdca8-dg-9878555e9c6b-000131_ch4.wav,3DPrinter/train/section_00_source_train_normal_000836.wav,83e56df6bcf6c86ef4766cea2e2267e5a0bf76519a20a84f81fdc132260cec6a,960044,8800200000,8800680000,78f98c5f5432ba2b5d65e9dd0f425927e6887fdd70398caaa584f2ea6f8df998,0,0,492d9582ed6119a46f059d4340ad88a9ac43922b010c379d81763026002e3f12,saved_rule_based,1.61
section_00_source_train_normal_000837,train,source,normal,C,20260909T155236Z-a0fa60aee1428d67003bdca8,20260909T155236Z-a0fa60aee1428d67003bdca8-dg-9878555e9c6b-000132,4,none,none,fast,normal-fast-1,right,normal,clipped/audio_event_clean/normal/20260909T155236Z-a0fa60aee1428d67003bdca8-dg-9878555e9c6b-000132_ch4.wav,3DPrinter/train/section_00_source_train_normal_000837.wav,33edd1fb2beb7c305b6ba7c286e54fd80e8bbb68d399e01c0d40f412b86cfa49,960044,8800680000,8801160000,78f98c5f5432ba2b5d65e9dd0f425927e6887fdd70398caaa584f2ea6f8df998,0,0,492d9582ed6119a46f059d4340ad88a9ac43922b010c379d81763026002e3f12,saved_rule_based,1.61
section_00_source_train_normal_000838,train,source,normal,C,20260909T155236Z-a0fa60aee1428d67003bdca8,20260909T155236Z-a0fa60aee1428d67003bdca8-dg-9878555e9c6b-000133,4,none,none,fast,normal-fast-1,right,normal,clipped/audio_event_clean/normal/20260909T155236Z-a0fa60aee1428d67003bdca8-dg-9878555e9c6b-000133_ch4.wav,3DPrinter/train/section_00_source_train_normal_000838.wav,df1ae0f90b6ba178bda9e2f0d4773cae5ee89bfe280b1262ad0354c60763ebe4,960044,8801160000,8801640000,78f98c5f5432ba2b5d65e9dd0f425927e6887fdd70398caaa584f2ea6f8df998,0,0,492d9582ed6119a46f059d4340ad88a9ac43922b010c379d81763026002e3f12,saved_rule_based,1.61
section_00_source_train_normal_000839,train,source,normal,C,20260909T155236Z-a0fa60aee1428d67003bdca8,20260909T155236Z-a0fa60aee1428d67003bdca8-dg-9878555e9c6b-000135,4,none,none,fast,normal-fast-1,right,normal,clipped/audio_event_clean/normal/20260909T155236Z-a0fa60aee1428d67003bdca8-dg-9878555e9c6b-000135_ch4.wav,3DPrinter/train/section_00_source_train_normal_000839.wav,bb5a4668c78f52b8850657a281923e6b06c2034d921b140121e873e1cd9b399f,960044,8802120000,8802600000,78f98c5f5432ba2b5d65e9dd0f425927e6887fdd70398caaa584f2ea6f8df998,0,0,492d9582ed6119a46f059d4340ad88a9ac43922b010c379d81763026002e3f12,saved_rule_based,1.61
section_00_source_train_normal_000840,train,source,normal,C,20260909T155236Z-a0fa60aee1428d67003bdca8,20260909T155236Z-a0fa60aee1428d67003bdca8-dg-9878555e9c6b-000136,4,none,none,fast,normal-fast-1,right,normal,clipped/audio_event_clean/normal/20260909T155236Z-a0fa60aee1428d67003bdca8-dg-9878555e9c6b-000136_ch4.wav,3DPrinter/train/section_00_source_train_normal_000840.wav,e2d4309e0cfa97b07421ee79263b6dd1b085c088553e1a482cd68ac3e7424c39,960044,8802600000,8803080000,78f98c5f5432ba2b5d65e9dd0f425927e6887fdd70398caaa584f2ea6f8df998,0,0,492d9582ed6119a46f059d4340ad88a9ac43922b010c379d81763026002e3f12,saved_rule_based,1.61
section_00_source_train_normal_000841,train,source,normal,C,20260909T155236Z-a0fa60aee1428d67003bdca8,20260909T155236Z-a0fa60aee1428d67003bdca8-dg-9878555e9c6b-000138,4,none,none,fast,normal-fast-1,right,normal,clipped/audio_event_clean/normal/20260909T155236Z-a0fa60aee1428d67003bdca8-dg-9878555e9c6b-000138_ch4.wav,3DPrinter/train/section_00_source_train_normal_000841.wav,5c813115633426c2d4673c72355d6de207e30ba83da69b8ca1d48a03f1bef73d,960044,8803560000,8804040000,78f98c5f5432ba2b5d65e9dd0f425927e6887fdd70398caaa584f2ea6f8df998,0,0,492d9582ed6119a46f059d4340ad88a9ac43922b010c379d81763026002e3f12,saved_rule_based,1.61
section_00_source_train_normal_000842,train,source,normal,C,20260909T155236Z-a0fa60aee1428d67003bdca8,20260909T155236Z-a0fa60aee1428d67003bdca8-dg-9878555e9c6b-000139,4,none,none,fast,normal-fast-1,right,normal,clipped/audio_event_clean/normal/20260909T155236Z-a0fa60aee1428d67003bdca8-dg-9878555e9c6b-000139_ch4.wav,3DPrinter/train/section_00_source_train_normal_000842.wav,02a3c3094dc44784f917e4e150996a95a1c7b143f9226240a86cfde0c6266050,960044,8804040000,8804520000,78f98c5f5432ba2b5d65e9dd0f425927e6887fdd70398caaa584f2ea6f8df998,0,0,492d9582ed6119a46f059d4340ad88a9ac43922b010c379d81763026002e3f12,saved_rule_based,1.61
section_00_source_train_normal_000843,train,source,normal,C,20260909T155236Z-a0fa60aee1428d67003bdca8,20260909T155236Z-a0fa60aee1428d67003bdca8-dg-9878555e9c6b-000140,4,none,none,fast,normal-fast-1,right,normal,clipped/audio_event_clean/normal/20260909T155236Z-a0fa60aee1428d67003bdca8-dg-9878555e9c6b-000140_ch4.wav,3DPrinter/train/section_00_source_train_normal_000843.wav,00fe9f48551e2d4b3f471d6bc672fbf6ce1d6337a974ef4d188761623607e685,960044,8804520000,8805000000,78f98c5f5432ba2b5d65e9dd0f425927e6887fdd70398caaa584f2ea6f8df998,0,0,492d9582ed6119a46f059d4340ad88a9ac43922b010c379d81763026002e3f12,saved_rule_based,1.61
section_00_source_train_normal_000844,train,source,normal,C,20260909T155236Z-a0fa60aee1428d67003bdca8,20260909T155236Z-a0fa60aee1428d67003bdca8-dg-9878555e9c6b-000143,4,none,none,fast,normal-fast-1,right,normal,clipped/audio_event_clean/normal/20260909T155236Z-a0fa60aee1428d67003bdca8-dg-9878555e9c6b-000143_ch4.wav,3DPrinter/train/section_00_source_train_normal_000844.wav,bbc668536984ebbce95642494a8ce8aa2bc39ded19e7c1297c0295781abed8a9,960044,8805960000,8806440000,78f98c5f5432ba2b5d65e9dd0f425927e6887fdd70398caaa584f2ea6f8df998,0,0,492d9582ed6119a46f059d4340ad88a9ac43922b010c379d81763026002e3f12,saved_rule_based,1.61
section_00_source_train_normal_000845,train,source,normal,C,20260909T155236Z-a0fa60aee1428d67003bdca8,20260909T155236Z-a0fa60aee1428d67003bdca8-dg-9878555e9c6b-000145,4,none,none,fast,normal-fast-1,right,normal,clipped/audio_event_clean/normal/20260909T155236Z-a0fa60aee1428d67003bdca8-dg-9878555e9c6b-000145_ch4.wav,3DPrinter/train/section_00_source_train_normal_000845.wav,2e5103f8bdcaa25f5636c51d4551660eb3a364878fef7f29e0e8fd35b367c5fb,960044,8806920000,8807400000,78f98c5f5432ba2b5d65e9dd0f425927e6887fdd70398caaa584f2ea6f8df998,0,0,492d9582ed6119a46f059d4340ad88a9ac43922b010c379d81763026002e3f12,saved_rule_based,1.61
section_00_source_train_normal_000846,train,source,normal,C,20260909T155236Z-a0fa60aee1428d67003bdca8,20260909T155236Z-a0fa60aee1428d67003bdca8-dg-9878555e9c6b-000146,4,none,none,fast,normal-fast-1,right,normal,clipped/audio_event_clean/normal/20260909T155236Z-a0fa60aee1428d67003bdca8-dg-9878555e9c6b-000146_ch4.wav,3DPrinter/train/section_00_source_train_normal_000846.wav,b53154cbb211ea4d53d0665a44d1677e49b5158155eb7f4a23d8e4b4094244c4,960044,8807400000,8807880000,78f98c5f5432ba2b5d65e9dd0f425927e6887fdd70398caaa584f2ea6f8df998,0,0,492d9582ed6119a46f059d4340ad88a9ac43922b010c379d81763026002e3f12,saved_rule_based,1.61
section_00_source_train_normal_000847,train,source,normal,C,20260909T155236Z-a0fa60aee1428d67003bdca8,20260909T155236Z-a0fa60aee1428d67003bdca8-dg-9878555e9c6b-000148,4,none,none,fast,normal-fast-1,right,normal,clipped/audio_event_clean/normal/20260909T155236Z-a0fa60aee1428d67003bdca8-dg-9878555e9c6b-000148_ch4.wav,3DPrinter/train/section_00_source_train_normal_000847.wav,e3049a878071becaae1a319a488b7d208c40f9d4777e114f081779eb3f80cc9a,960044,8808360000,8808840000,78f98c5f5432ba2b5d65e9dd0f425927e6887fdd70398caaa584f2ea6f8df998,0,0,492d9582ed6119a46f059d4340ad88a9ac43922b010c379d81763026002e3f12,saved_rule_based,1.61
section_00_source_train_normal_000848,train,source,normal,C,20260909T155236Z-a0fa60aee1428d67003bdca8,20260909T155236Z-a0fa60aee1428d67003bdca8-dg-9878555e9c6b-000149,4,none,none,fast,normal-fast-1,right,normal,clipped/audio_event_clean/normal/20260909T155236Z-a0fa60aee1428d67003bdca8-dg-9878555e9c6b-000149_ch4.wav,3DPrinter/train/section_00_source_train_normal_000848.wav,e029a1c0864cab873857ac5ee283f97e02bf932c1a6a122f1f9df2fd8018d60b,960044,8808840000,8809320000,78f98c5f5432ba2b5d65e9dd0f425927e6887fdd70398caaa584f2ea6f8df998,0,0,492d9582ed6119a46f059d4340ad88a9ac43922b010c379d81763026002e3f12,saved_rule_based,1.61
section_00_source_train_normal_000849,train,source,normal,C,20260909T155236Z-a0fa60aee1428d67003bdca8,20260909T155236Z-a0fa60aee1428d67003bdca8-dg-9878555e9c6b-000150,4,none,none,fast,normal-fast-1,right,normal,clipped/audio_event_clean/normal/20260909T155236Z-a0fa60aee1428d67003bdca8-dg-9878555e9c6b-000150_ch4.wav,3DPrinter/train/section_00_source_train_normal_000849.wav,0ea899394573014a480f100a8cf84f5b8aa7bbd38eae61ce221ae2aaecce94f0,960044,8809320000,8809800000,78f98c5f5432ba2b5d65e9dd0f425927e6887fdd70398caaa584f2ea6f8df998,0,0,492d9582ed6119a46f059d4340ad88a9ac43922b010c379d81763026002e3f12,saved_rule_based,1.61
section_00_source_train_normal_000850,train,source,normal,C,20260909T155236Z-a0fa60aee1428d67003bdca8,20260909T155236Z-a0fa60aee1428d67003bdca8-dg-9878555e9c6b-000152,4,none,none,fast,normal-fast-1,right,normal,clipped/audio_event_clean/normal/20260909T155236Z-a0fa60aee1428d67003bdca8-dg-9878555e9c6b-000152_ch4.wav,3DPrinter/train/section_00_source_train_normal_000850.wav,e6e8f4d1d70a805a089787def411be0750a4d1b4f05f94969aff420e6bf5611d,960044,8810280000,8810760000,78f98c5f5432ba2b5d65e9dd0f425927e6887fdd70398caaa584f2ea6f8df998,0,0,492d9582ed6119a46f059d4340ad88a9ac43922b010c379d81763026002e3f12,saved_rule_based,1.61
section_00_source_train_normal_000851,train,source,normal,C,20260909T155236Z-a0fa60aee1428d67003bdca8,20260909T155236Z-a0fa60aee1428d67003bdca8-dg-9878555e9c6b-000156,4,none,none,fast,normal-fast-1,right,normal,clipped/audio_event_clean/normal/20260909T155236Z-a0fa60aee1428d67003bdca8-dg-9878555e9c6b-000156_ch4.wav,3DPrinter/train/section_00_source_train_normal_000851.wav,b11ea7afda5b262404863935114f9f28d47aab561c5d32eaae7dfe909b34831c,960044,8812200000,8812680000,78f98c5f5432ba2b5d65e9dd0f425927e6887fdd70398caaa584f2ea6f8df998,0,0,492d9582ed6119a46f059d4340ad88a9ac43922b010c379d81763026002e3f12,saved_rule_based,1.61
section_00_source_train_normal_000852,train,source,normal,C,20260909T155236Z-a0fa60aee1428d67003bdca8,20260909T155236Z-a0fa60aee1428d67003bdca8-dg-9878555e9c6b-000157,4,none,none,fast,normal-fast-1,right,normal,clipped/audio_event_clean/normal/20260909T155236Z-a0fa60aee1428d67003bdca8-dg-9878555e9c6b-000157_ch4.wav,3DPrinter/train/section_00_source_train_normal_000852.wav,a3a809f6ebe44a4ffecc097057dac549f2dbbfec399bccef7053bf7d07763e4b,960044,8812680000,8813160000,78f98c5f5432ba2b5d65e9dd0f425927e6887fdd70398caaa584f2ea6f8df998,0,0,492d9582ed6119a46f059d4340ad88a9ac43922b010c379d81763026002e3f12,saved_rule_based,1.61
section_00_source_train_normal_000853,train,source,normal,C,20260909T155236Z-a0fa60aee1428d67003bdca8,20260909T155236Z-a0fa60aee1428d67003bdca8-dg-9878555e9c6b-000158,4,none,none,fast,normal-fast-1,right,normal,clipped/audio_event_clean/normal/20260909T155236Z-a0fa60aee1428d67003bdca8-dg-9878555e9c6b-000158_ch4.wav,3DPrinter/train/section_00_source_train_normal_000853.wav,4bf2890afa339209cd6708fb3a2fa7f4655e24d031d4f9ba93dbee4c823cbe8f,960044,8813160000,8813640000,78f98c5f5432ba2b5d65e9dd0f425927e6887fdd70398caaa584f2ea6f8df998,0,0,492d9582ed6119a46f059d4340ad88a9ac43922b010c379d81763026002e3f12,saved_rule_based,1.61
section_00_source_train_normal_000854,train,source,normal,C,20260909T155236Z-a0fa60aee1428d67003bdca8,20260909T155236Z-a0fa60aee1428d67003bdca8-dg-9878555e9c6b-000160,4,none,none,fast,normal-fast-1,right,normal,clipped/audio_event_clean/normal/20260909T155236Z-a0fa60aee1428d67003bdca8-dg-9878555e9c6b-000160_ch4.wav,3DPrinter/train/section_00_source_train_normal_000854.wav,124aad777416435c02b3e895f3515a9e5755da5c0e19cf61e81d0c671f78b0b7,960044,8814120000,8814600000,78f98c5f5432ba2b5d65e9dd0f425927e6887fdd70398caaa584f2ea6f8df998,0,0,492d9582ed6119a46f059d4340ad88a9ac43922b010c379d81763026002e3f12,saved_rule_based,1.61
section_00_source_train_normal_000855,train,source,normal,C,20260909T155236Z-a0fa60aee1428d67003bdca8,20260909T155236Z-a0fa60aee1428d67003bdca8-dg-9878555e9c6b-000162,4,none,none,fast,normal-fast-1,right,normal,clipped/audio_event_clean/normal/20260909T155236Z-a0fa60aee1428d67003bdca8-dg-9878555e9c6b-000162_ch4.wav,3DPrinter/train/section_00_source_train_normal_000855.wav,c84b09364263170e095afc9d8141bbd8dd2c7c7294f7f91d52fe2df2bb258bd0,960044,8815080000,8815560000,78f98c5f5432ba2b5d65e9dd0f425927e6887fdd70398caaa584f2ea6f8df998,0,0,492d9582ed6119a46f059d4340ad88a9ac43922b010c379d81763026002e3f12,saved_rule_based,1.61
section_00_source_train_normal_000856,train,source,normal,C,20260909T155236Z-a0fa60aee1428d67003bdca8,20260909T155236Z-a0fa60aee1428d67003bdca8-dg-9878555e9c6b-000163,4,none,none,fast,normal-fast-1,right,normal,clipped/audio_event_clean/normal/20260909T155236Z-a0fa60aee1428d67003bdca8-dg-9878555e9c6b-000163_ch4.wav,3DPrinter/train/section_00_source_train_normal_000856.wav,9bca13748619562dbab719bb108a56e4d340a35fb147cc0a204cf7e9ae8b9d1f,960044,8815560000,8816040000,78f98c5f5432ba2b5d65e9dd0f425927e6887fdd70398caaa584f2ea6f8df998,0,0,492d9582ed6119a46f059d4340ad88a9ac43922b010c379d81763026002e3f12,saved_rule_based,1.61
section_00_source_train_normal_000857,train,source,normal,C,20260909T155236Z-a0fa60aee1428d67003bdca8,20260909T155236Z-a0fa60aee1428d67003bdca8-dg-9878555e9c6b-000164,4,none,none,fast,normal-fast-1,right,normal,clipped/audio_event_clean/normal/20260909T155236Z-a0fa60aee1428d67003bdca8-dg-9878555e9c6b-000164_ch4.wav,3DPrinter/train/section_00_source_train_normal_000857.wav,a22d170666a88d6631a3f1d9f637f0dd314142ae6bb9a3a9de079fa72844537e,960044,8816040000,8816520000,78f98c5f5432ba2b5d65e9dd0f425927e6887fdd70398caaa584f2ea6f8df998,0,0,492d9582ed6119a46f059d4340ad88a9ac43922b010c379d81763026002e3f12,saved_rule_based,1.61
section_00_source_train_normal_000858,train,source,normal,C,20260909T164559Z-450e1b8ddfcd90341ac5829f,20260909T164559Z-450e1b8ddfcd90341ac5829f-dg-cc6b2caad0c5-000001,4,none,none,fast,normal-fast-2,right,normal,clipped/audio_event_clean/normal/20260909T164559Z-450e1b8ddfcd90341ac5829f-dg-cc6b2caad0c5-000001_ch4.wav,3DPrinter/train/section_00_source_train_normal_000858.wav,d9578abd5c352fa363fcc1e9b81b36692e6bdf8e1f83bf9c02216e89e425797e,960044,8891584800,8892064800,d11a3b2cc14c313c08423b63ff9b801febb04d49d0830ce346facabf792b4b3b,0,0,3ddfe7072f331f88c55733fd4c9c460f53310a266050b0da57d0f9f267c393a7,saved_rule_based,1.63
section_00_source_train_normal_000859,train,source,normal,C,20260909T164559Z-450e1b8ddfcd90341ac5829f,20260909T164559Z-450e1b8ddfcd90341ac5829f-dg-cc6b2caad0c5-000003,4,none,none,fast,normal-fast-2,right,normal,clipped/audio_event_clean/normal/20260909T164559Z-450e1b8ddfcd90341ac5829f-dg-cc6b2caad0c5-000003_ch4.wav,3DPrinter/train/section_00_source_train_normal_000859.wav,45d77d239f3b3e562d67916006094312ffa0b3e87c1355c6f0b31966d570ac2b,960044,8892544800,8893024800,d11a3b2cc14c313c08423b63ff9b801febb04d49d0830ce346facabf792b4b3b,0,0,3ddfe7072f331f88c55733fd4c9c460f53310a266050b0da57d0f9f267c393a7,saved_rule_based,1.63
section_00_source_train_normal_000860,train,source,normal,C,20260909T164559Z-450e1b8ddfcd90341ac5829f,20260909T164559Z-450e1b8ddfcd90341ac5829f-dg-cc6b2caad0c5-000004,4,none,none,fast,normal-fast-2,right,normal,clipped/audio_event_clean/normal/20260909T164559Z-450e1b8ddfcd90341ac5829f-dg-cc6b2caad0c5-000004_ch4.wav,3DPrinter/train/section_00_source_train_normal_000860.wav,194e2f4c96c53ef8ba1c3af6864452710cd55fbf333d381d56b5a301a3208efe,960044,8893024800,8893504800,d11a3b2cc14c313c08423b63ff9b801febb04d49d0830ce346facabf792b4b3b,0,0,3ddfe7072f331f88c55733fd4c9c460f53310a266050b0da57d0f9f267c393a7,saved_rule_based,1.63
section_00_source_train_normal_000861,train,source,normal,C,20260909T164559Z-450e1b8ddfcd90341ac5829f,20260909T164559Z-450e1b8ddfcd90341ac5829f-dg-cc6b2caad0c5-000005,4,none,none,fast,normal-fast-2,right,normal,clipped/audio_event_clean/normal/20260909T164559Z-450e1b8ddfcd90341ac5829f-dg-cc6b2caad0c5-000005_ch4.wav,3DPrinter/train/section_00_source_train_normal_000861.wav,b9d51e9ef45634b7d233b0364a690793f76be21d62dcb4e070096baa6c20e60d,960044,8893504800,8893984800,d11a3b2cc14c313c08423b63ff9b801febb04d49d0830ce346facabf792b4b3b,0,0,3ddfe7072f331f88c55733fd4c9c460f53310a266050b0da57d0f9f267c393a7,saved_rule_based,1.63
section_00_source_train_normal_000862,train,source,normal,C,20260909T164559Z-450e1b8ddfcd90341ac5829f,20260909T164559Z-450e1b8ddfcd90341ac5829f-dg-cc6b2caad0c5-000006,4,none,none,fast,normal-fast-2,right,normal,clipped/audio_event_clean/normal/20260909T164559Z-450e1b8ddfcd90341ac5829f-dg-cc6b2caad0c5-000006_ch4.wav,3DPrinter/train/section_00_source_train_normal_000862.wav,34bf824f2981124b79b9718bb69c476f3f5073bfa53d9ecdc602cdfdd6dabac5,960044,8893984800,8894464800,d11a3b2cc14c313c08423b63ff9b801febb04d49d0830ce346facabf792b4b3b,0,0,3ddfe7072f331f88c55733fd4c9c460f53310a266050b0da57d0f9f267c393a7,saved_rule_based,1.63
section_00_source_train_normal_000863,train,source,normal,C,20260909T164559Z-450e1b8ddfcd90341ac5829f,20260909T164559Z-450e1b8ddfcd90341ac5829f-dg-cc6b2caad0c5-000007,4,none,none,fast,normal-fast-2,right,normal,clipped/audio_event_clean/normal/20260909T164559Z-450e1b8ddfcd90341ac5829f-dg-cc6b2caad0c5-000007_ch4.wav,3DPrinter/train/section_00_source_train_normal_000863.wav,75572b866fa060a9c56a25507b927d02e839872d882999e8ec2f227660ae9a8c,960044,8894464800,8894944800,d11a3b2cc14c313c08423b63ff9b801febb04d49d0830ce346facabf792b4b3b,0,0,3ddfe7072f331f88c55733fd4c9c460f53310a266050b0da57d0f9f267c393a7,saved_rule_based,1.63
section_00_source_train_normal_000864,train,source,normal,C,20260909T164559Z-450e1b8ddfcd90341ac5829f,20260909T164559Z-450e1b8ddfcd90341ac5829f-dg-cc6b2caad0c5-000008,4,none,none,fast,normal-fast-2,right,normal,clipped/audio_event_clean/normal/20260909T164559Z-450e1b8ddfcd90341ac5829f-dg-cc6b2caad0c5-000008_ch4.wav,3DPrinter/train/section_00_source_train_normal_000864.wav,a366c0a9ea506cae1a241863f9b8403a41dc1215d9675a4608db4f72ce66a338,960044,8894944800,8895424800,d11a3b2cc14c313c08423b63ff9b801febb04d49d0830ce346facabf792b4b3b,0,0,3ddfe7072f331f88c55733fd4c9c460f53310a266050b0da57d0f9f267c393a7,saved_rule_based,1.63
section_00_source_train_normal_000865,train,source,normal,C,20260909T164559Z-450e1b8ddfcd90341ac5829f,20260909T164559Z-450e1b8ddfcd90341ac5829f-dg-cc6b2caad0c5-000009,4,none,none,fast,normal-fast-2,right,normal,clipped/audio_event_clean/normal/20260909T164559Z-450e1b8ddfcd90341ac5829f-dg-cc6b2caad0c5-000009_ch4.wav,3DPrinter/train/section_00_source_train_normal_000865.wav,dcd6ba7ac4cfbb2d160323883ea5bdb9079f25516ee4b8677ef0068ca249022e,960044,8895424800,8895904800,d11a3b2cc14c313c08423b63ff9b801febb04d49d0830ce346facabf792b4b3b,0,0,3ddfe7072f331f88c55733fd4c9c460f53310a266050b0da57d0f9f267c393a7,saved_rule_based,1.63
section_00_source_train_normal_000866,train,source,normal,C,20260909T164559Z-450e1b8ddfcd90341ac5829f,20260909T164559Z-450e1b8ddfcd90341ac5829f-dg-cc6b2caad0c5-000011,4,none,none,fast,normal-fast-2,right,normal,clipped/audio_event_clean/normal/20260909T164559Z-450e1b8ddfcd90341ac5829f-dg-cc6b2caad0c5-000011_ch4.wav,3DPrinter/train/section_00_source_train_normal_000866.wav,8ec763506363fe384b9dab57122a36c095db23f1bca15483b080de81a77784df,960044,8896384800,8896864800,d11a3b2cc14c313c08423b63ff9b801febb04d49d0830ce346facabf792b4b3b,0,0,3ddfe7072f331f88c55733fd4c9c460f53310a266050b0da57d0f9f267c393a7,saved_rule_based,1.63
section_00_source_train_normal_000867,train,source,normal,C,20260909T164559Z-450e1b8ddfcd90341ac5829f,20260909T164559Z-450e1b8ddfcd90341ac5829f-dg-cc6b2caad0c5-000012,4,none,none,fast,normal-fast-2,right,normal,clipped/audio_event_clean/normal/20260909T164559Z-450e1b8ddfcd90341ac5829f-dg-cc6b2caad0c5-000012_ch4.wav,3DPrinter/train/section_00_source_train_normal_000867.wav,7f43fcd3ec3d8fe5ae39ddedd72584746442ef10a8dd083da28ceeb037af81aa,960044,8896864800,8897344800,d11a3b2cc14c313c08423b63ff9b801febb04d49d0830ce346facabf792b4b3b,0,0,3ddfe7072f331f88c55733fd4c9c460f53310a266050b0da57d0f9f267c393a7,saved_rule_based,1.63
section_00_source_train_normal_000868,train,source,normal,C,20260909T164559Z-450e1b8ddfcd90341ac5829f,20260909T164559Z-450e1b8ddfcd90341ac5829f-dg-cc6b2caad0c5-000013,4,none,none,fast,normal-fast-2,right,normal,clipped/audio_event_clean/normal/20260909T164559Z-450e1b8ddfcd90341ac5829f-dg-cc6b2caad0c5-000013_ch4.wav,3DPrinter/train/section_00_source_train_normal_000868.wav,96618179614af82bdc5de821d6c5a9b0d986e7d178d9794a6c5e911f89559ba5,960044,8897344800,8897824800,d11a3b2cc14c313c08423b63ff9b801febb04d49d0830ce346facabf792b4b3b,0,0,3ddfe7072f331f88c55733fd4c9c460f53310a266050b0da57d0f9f267c393a7,saved_rule_based,1.63
section_00_source_train_normal_000869,train,source,normal,C,20260909T164559Z-450e1b8ddfcd90341ac5829f,20260909T164559Z-450e1b8ddfcd90341ac5829f-dg-cc6b2caad0c5-000014,4,none,none,fast,normal-fast-2,right,normal,clipped/audio_event_clean/normal/20260909T164559Z-450e1b8ddfcd90341ac5829f-dg-cc6b2caad0c5-000014_ch4.wav,3DPrinter/train/section_00_source_train_normal_000869.wav,aaf841055456475d69bb5abe8c761ff3bdd16603262cfaa88c9e42b953d4b8f9,960044,8897824800,8898304800,d11a3b2cc14c313c08423b63ff9b801febb04d49d0830ce346facabf792b4b3b,0,0,3ddfe7072f331f88c55733fd4c9c460f53310a266050b0da57d0f9f267c393a7,saved_rule_based,1.63
section_00_source_train_normal_000870,train,source,normal,C,20260909T164559Z-450e1b8ddfcd90341ac5829f,20260909T164559Z-450e1b8ddfcd90341ac5829f-dg-cc6b2caad0c5-000015,4,none,none,fast,normal-fast-2,right,normal,clipped/audio_event_clean/normal/20260909T164559Z-450e1b8ddfcd90341ac5829f-dg-cc6b2caad0c5-000015_ch4.wav,3DPrinter/train/section_00_source_train_normal_000870.wav,79a7ba0957b58aceec31ba413afd9f6042fe2551959740a5296a229890d1dfc1,960044,8898304800,8898784800,d11a3b2cc14c313c08423b63ff9b801febb04d49d0830ce346facabf792b4b3b,0,0,3ddfe7072f331f88c55733fd4c9c460f53310a266050b0da57d0f9f267c393a7,saved_rule_based,1.63
section_00_source_train_normal_000871,train,source,normal,C,20260909T164559Z-450e1b8ddfcd90341ac5829f,20260909T164559Z-450e1b8ddfcd90341ac5829f-dg-cc6b2caad0c5-000018,4,none,none,fast,normal-fast-2,right,normal,clipped/audio_event_clean/normal/20260909T164559Z-450e1b8ddfcd90341ac5829f-dg-cc6b2caad0c5-000018_ch4.wav,3DPrinter/train/section_00_source_train_normal_000871.wav,d8db959efac62b0241efcfa63effa100a18e87e08289e8a556c9084094f475ea,960044,8899744800,8900224800,d11a3b2cc14c313c08423b63ff9b801febb04d49d0830ce346facabf792b4b3b,0,0,3ddfe7072f331f88c55733fd4c9c460f53310a266050b0da57d0f9f267c393a7,saved_rule_based,1.63
section_00_source_train_normal_000872,train,source,normal,C,20260909T164559Z-450e1b8ddfcd90341ac5829f,20260909T164559Z-450e1b8ddfcd90341ac5829f-dg-cc6b2caad0c5-000019,4,none,none,fast,normal-fast-2,right,normal,clipped/audio_event_clean/normal/20260909T164559Z-450e1b8ddfcd90341ac5829f-dg-cc6b2caad0c5-000019_ch4.wav,3DPrinter/train/section_00_source_train_normal_000872.wav,ac89374f836d196055f6e4ceb087f3f13f9eec8bd75cf92d81f1979f6289cb0e,960044,8900224800,8900704800,d11a3b2cc14c313c08423b63ff9b801febb04d49d0830ce346facabf792b4b3b,0,0,3ddfe7072f331f88c55733fd4c9c460f53310a266050b0da57d0f9f267c393a7,saved_rule_based,1.63
section_00_source_train_normal_000873,train,source,normal,C,20260909T164559Z-450e1b8ddfcd90341ac5829f,20260909T164559Z-450e1b8ddfcd90341ac5829f-dg-cc6b2caad0c5-000021,4,none,none,fast,normal-fast-2,right,normal,clipped/audio_event_clean/normal/20260909T164559Z-450e1b8ddfcd90341ac5829f-dg-cc6b2caad0c5-000021_ch4.wav,3DPrinter/train/section_00_source_train_normal_000873.wav,098277107f21356b42454c8b4833727f3519720d2e04bb19bcd2ccc6c016ddcd,960044,8901184800,8901664800,d11a3b2cc14c313c08423b63ff9b801febb04d49d0830ce346facabf792b4b3b,0,0,3ddfe7072f331f88c55733fd4c9c460f53310a266050b0da57d0f9f267c393a7,saved_rule_based,1.63
section_00_source_train_normal_000874,train,source,normal,C,20260909T164559Z-450e1b8ddfcd90341ac5829f,20260909T164559Z-450e1b8ddfcd90341ac5829f-dg-cc6b2caad0c5-000022,4,none,none,fast,normal-fast-2,right,normal,clipped/audio_event_clean/normal/20260909T164559Z-450e1b8ddfcd90341ac5829f-dg-cc6b2caad0c5-000022_ch4.wav,3DPrinter/train/section_00_source_train_normal_000874.wav,655ee2ee659041cd3640819c534ae367dfd4a2810261dfa6c50f21c66904411a,960044,8901664800,8902144800,d11a3b2cc14c313c08423b63ff9b801febb04d49d0830ce346facabf792b4b3b,0,0,3ddfe7072f331f88c55733fd4c9c460f53310a266050b0da57d0f9f267c393a7,saved_rule_based,1.63
section_00_source_train_normal_000875,train,source,normal,C,20260909T164559Z-450e1b8ddfcd90341ac5829f,20260909T164559Z-450e1b8ddfcd90341ac5829f-dg-cc6b2caad0c5-000024,4,none,none,fast,normal-fast-2,right,normal,clipped/audio_event_clean/normal/20260909T164559Z-450e1b8ddfcd90341ac5829f-dg-cc6b2caad0c5-000024_ch4.wav,3DPrinter/train/section_00_source_train_normal_000875.wav,7d59e857a1726aa66279b4d43d220222f9307d254e9d2caacee937aa3adeaee4,960044,8902624800,8903104800,d11a3b2cc14c313c08423b63ff9b801febb04d49d0830ce346facabf792b4b3b,0,0,3ddfe7072f331f88c55733fd4c9c460f53310a266050b0da57d0f9f267c393a7,saved_rule_based,1.63
section_00_source_train_normal_000876,train,source,normal,C,20260909T164559Z-450e1b8ddfcd90341ac5829f,20260909T164559Z-450e1b8ddfcd90341ac5829f-dg-cc6b2caad0c5-000026,4,none,none,fast,normal-fast-2,right,normal,clipped/audio_event_clean/normal/20260909T164559Z-450e1b8ddfcd90341ac5829f-dg-cc6b2caad0c5-000026_ch4.wav,3DPrinter/train/section_00_source_train_normal_000876.wav,096d74357d30e0e1ee1228b05103e70ef564eb30078d2a4d72b5cfc1abc1e7ec,960044,8903584800,8904064800,d11a3b2cc14c313c08423b63ff9b801febb04d49d0830ce346facabf792b4b3b,0,0,3ddfe7072f331f88c55733fd4c9c460f53310a266050b0da57d0f9f267c393a7,saved_rule_based,1.63
section_00_source_train_normal_000877,train,source,normal,C,20260909T164559Z-450e1b8ddfcd90341ac5829f,20260909T164559Z-450e1b8ddfcd90341ac5829f-dg-cc6b2caad0c5-000027,4,none,none,fast,normal-fast-2,right,normal,clipped/audio_event_clean/normal/20260909T164559Z-450e1b8ddfcd90341ac5829f-dg-cc6b2caad0c5-000027_ch4.wav,3DPrinter/train/section_00_source_train_normal_000877.wav,1aec1c2f37815b1d3decebec7a4126d09eb04a5fd0179c7b38fe3803844b7978,960044,8904064800,8904544800,d11a3b2cc14c313c08423b63ff9b801febb04d49d0830ce346facabf792b4b3b,0,0,3ddfe7072f331f88c55733fd4c9c460f53310a266050b0da57d0f9f267c393a7,saved_rule_based,1.63
section_00_source_train_normal_000878,train,source,normal,C,20260909T164559Z-450e1b8ddfcd90341ac5829f,20260909T164559Z-450e1b8ddfcd90341ac5829f-dg-cc6b2caad0c5-000028,4,none,none,fast,normal-fast-2,right,normal,clipped/audio_event_clean/normal/20260909T164559Z-450e1b8ddfcd90341ac5829f-dg-cc6b2caad0c5-000028_ch4.wav,3DPrinter/train/section_00_source_train_normal_000878.wav,5f5d2d6e7e016a94599f96e83e784363fee0674466e47c7bd38e03cf9e78eddd,960044,8904544800,8905024800,d11a3b2cc14c313c08423b63ff9b801febb04d49d0830ce346facabf792b4b3b,0,0,3ddfe7072f331f88c55733fd4c9c460f53310a266050b0da57d0f9f267c393a7,saved_rule_based,1.63
section_00_source_train_normal_000879,train,source,normal,C,20260909T164559Z-450e1b8ddfcd90341ac5829f,20260909T164559Z-450e1b8ddfcd90341ac5829f-dg-cc6b2caad0c5-000029,4,none,none,fast,normal-fast-2,right,normal,clipped/audio_event_clean/normal/20260909T164559Z-450e1b8ddfcd90341ac5829f-dg-cc6b2caad0c5-000029_ch4.wav,3DPrinter/train/section_00_source_train_normal_000879.wav,479f027781392761509f8c4e2fafea06a87a5eedbce1e2c14652db60bf8b6c57,960044,8905024800,8905504800,d11a3b2cc14c313c08423b63ff9b801febb04d49d0830ce346facabf792b4b3b,0,0,3ddfe7072f331f88c55733fd4c9c460f53310a266050b0da57d0f9f267c393a7,saved_rule_based,1.63
section_00_source_train_normal_000880,train,source,normal,C,20260909T164559Z-450e1b8ddfcd90341ac5829f,20260909T164559Z-450e1b8ddfcd90341ac5829f-dg-cc6b2caad0c5-000030,4,none,none,fast,normal-fast-2,right,normal,clipped/audio_event_clean/normal/20260909T164559Z-450e1b8ddfcd90341ac5829f-dg-cc6b2caad0c5-000030_ch4.wav,3DPrinter/train/section_00_source_train_normal_000880.wav,964d76b5c0125ea45a55fa9fa874d0b5d98bf511ec0b53cea1c131c835dd739a,960044,8905504800,8905984800,d11a3b2cc14c313c08423b63ff9b801febb04d49d0830ce346facabf792b4b3b,0,0,3ddfe7072f331f88c55733fd4c9c460f53310a266050b0da57d0f9f267c393a7,saved_rule_based,1.63
section_00_source_train_normal_000881,train,source,normal,C,20260909T164559Z-450e1b8ddfcd90341ac5829f,20260909T164559Z-450e1b8ddfcd90341ac5829f-dg-cc6b2caad0c5-000031,4,none,none,fast,normal-fast-2,right,normal,clipped/audio_event_clean/normal/20260909T164559Z-450e1b8ddfcd90341ac5829f-dg-cc6b2caad0c5-000031_ch4.wav,3DPrinter/train/section_00_source_train_normal_000881.wav,991529831bb1871da98d30f5c33ed20e73fbb03f6a9be3e6ece553e4c1603b29,960044,8905984800,8906464800,d11a3b2cc14c313c08423b63ff9b801febb04d49d0830ce346facabf792b4b3b,0,0,3ddfe7072f331f88c55733fd4c9c460f53310a266050b0da57d0f9f267c393a7,saved_rule_based,1.63
section_00_source_train_normal_000882,train,source,normal,C,20260909T164559Z-450e1b8ddfcd90341ac5829f,20260909T164559Z-450e1b8ddfcd90341ac5829f-dg-cc6b2caad0c5-000032,4,none,none,fast,normal-fast-2,right,normal,clipped/audio_event_clean/normal/20260909T164559Z-450e1b8ddfcd90341ac5829f-dg-cc6b2caad0c5-000032_ch4.wav,3DPrinter/train/section_00_source_train_normal_000882.wav,61fdd82e006948c3d3e689da28b9685847b24bcd1b6b813ce2efd8ba270711ca,960044,8906464800,8906944800,d11a3b2cc14c313c08423b63ff9b801febb04d49d0830ce346facabf792b4b3b,0,0,3ddfe7072f331f88c55733fd4c9c460f53310a266050b0da57d0f9f267c393a7,saved_rule_based,1.63
section_00_source_train_normal_000883,train,source,normal,C,20260909T164559Z-450e1b8ddfcd90341ac5829f,20260909T164559Z-450e1b8ddfcd90341ac5829f-dg-cc6b2caad0c5-000033,4,none,none,fast,normal-fast-2,right,normal,clipped/audio_event_clean/normal/20260909T164559Z-450e1b8ddfcd90341ac5829f-dg-cc6b2caad0c5-000033_ch4.wav,3DPrinter/train/section_00_source_train_normal_000883.wav,faf7ca65cd9ec3f8fbe806200da87df96ebac81efd5e9be66682170b4b9ec0d7,960044,8906944800,8907424800,d11a3b2cc14c313c08423b63ff9b801febb04d49d0830ce346facabf792b4b3b,0,0,3ddfe7072f331f88c55733fd4c9c460f53310a266050b0da57d0f9f267c393a7,saved_rule_based,1.63
section_00_source_train_normal_000884,train,source,normal,C,20260909T164559Z-450e1b8ddfcd90341ac5829f,20260909T164559Z-450e1b8ddfcd90341ac5829f-dg-cc6b2caad0c5-000035,4,none,none,fast,normal-fast-2,right,normal,clipped/audio_event_clean/normal/20260909T164559Z-450e1b8ddfcd90341ac5829f-dg-cc6b2caad0c5-000035_ch4.wav,3DPrinter/train/section_00_source_train_normal_000884.wav,4a1e18aad7bb019a36d888969f6f19d15730287322d4d4552199aa22936aab10,960044,8907904800,8908384800,d11a3b2cc14c313c08423b63ff9b801febb04d49d0830ce346facabf792b4b3b,0,0,3ddfe7072f331f88c55733fd4c9c460f53310a266050b0da57d0f9f267c393a7,saved_rule_based,1.63
section_00_source_train_normal_000885,train,source,normal,C,20260909T164559Z-450e1b8ddfcd90341ac5829f,20260909T164559Z-450e1b8ddfcd90341ac5829f-dg-cc6b2caad0c5-000037,4,none,none,fast,normal-fast-2,right,normal,clipped/audio_event_clean/normal/20260909T164559Z-450e1b8ddfcd90341ac5829f-dg-cc6b2caad0c5-000037_ch4.wav,3DPrinter/train/section_00_source_train_normal_000885.wav,7b4a56782c3d08e109213f769c8144f3712f5b7456119035ba2acf0d1ae44736,960044,8908864800,8909344800,d11a3b2cc14c313c08423b63ff9b801febb04d49d0830ce346facabf792b4b3b,0,0,3ddfe7072f331f88c55733fd4c9c460f53310a266050b0da57d0f9f267c393a7,saved_rule_based,1.63
section_00_source_train_normal_000886,train,source,normal,C,20260909T164559Z-450e1b8ddfcd90341ac5829f,20260909T164559Z-450e1b8ddfcd90341ac5829f-dg-cc6b2caad0c5-000038,4,none,none,fast,normal-fast-2,right,normal,clipped/audio_event_clean/normal/20260909T164559Z-450e1b8ddfcd90341ac5829f-dg-cc6b2caad0c5-000038_ch4.wav,3DPrinter/train/section_00_source_train_normal_000886.wav,df00c439f41a63ef303c2f1ce9906e638c6510bdb2ec1dfc95c193a97e027087,960044,8909344800,8909824800,d11a3b2cc14c313c08423b63ff9b801febb04d49d0830ce346facabf792b4b3b,0,0,3ddfe7072f331f88c55733fd4c9c460f53310a266050b0da57d0f9f267c393a7,saved_rule_based,1.63
section_00_source_train_normal_000887,train,source,normal,C,20260909T164559Z-450e1b8ddfcd90341ac5829f,20260909T164559Z-450e1b8ddfcd90341ac5829f-dg-cc6b2caad0c5-000039,4,none,none,fast,normal-fast-2,right,normal,clipped/audio_event_clean/normal/20260909T164559Z-450e1b8ddfcd90341ac5829f-dg-cc6b2caad0c5-000039_ch4.wav,3DPrinter/train/section_00_source_train_normal_000887.wav,75a64f1aa84c88dc53daf80ede01be086ceac28a0ad76eb4f70145cdb4ee82b5,960044,8909824800,8910304800,d11a3b2cc14c313c08423b63ff9b801febb04d49d0830ce346facabf792b4b3b,0,0,3ddfe7072f331f88c55733fd4c9c460f53310a266050b0da57d0f9f267c393a7,saved_rule_based,1.63
section_00_source_train_normal_000888,train,source,normal,C,20260909T164559Z-450e1b8ddfcd90341ac5829f,20260909T164559Z-450e1b8ddfcd90341ac5829f-dg-cc6b2caad0c5-000041,4,none,none,fast,normal-fast-2,right,normal,clipped/audio_event_clean/normal/20260909T164559Z-450e1b8ddfcd90341ac5829f-dg-cc6b2caad0c5-000041_ch4.wav,3DPrinter/train/section_00_source_train_normal_000888.wav,79771838882775bce96306813a3ae923e3661bd083f9f7ef49075d8471e8a010,960044,8910784800,8911264800,d11a3b2cc14c313c08423b63ff9b801febb04d49d0830ce346facabf792b4b3b,0,0,3ddfe7072f331f88c55733fd4c9c460f53310a266050b0da57d0f9f267c393a7,saved_rule_based,1.63
section_00_source_train_normal_000889,train,source,normal,C,20260909T164559Z-450e1b8ddfcd90341ac5829f,20260909T164559Z-450e1b8ddfcd90341ac5829f-dg-cc6b2caad0c5-000042,4,none,none,fast,normal-fast-2,right,normal,clipped/audio_event_clean/normal/20260909T164559Z-450e1b8ddfcd90341ac5829f-dg-cc6b2caad0c5-000042_ch4.wav,3DPrinter/train/section_00_source_train_normal_000889.wav,5f4281b59053d2a66746d49657f6d9d65467860b3c416a0b2ea69e057746bb51,960044,8911264800,8911744800,d11a3b2cc14c313c08423b63ff9b801febb04d49d0830ce346facabf792b4b3b,0,0,3ddfe7072f331f88c55733fd4c9c460f53310a266050b0da57d0f9f267c393a7,saved_rule_based,1.63
section_00_source_train_normal_000890,train,source,normal,C,20260909T164559Z-450e1b8ddfcd90341ac5829f,20260909T164559Z-450e1b8ddfcd90341ac5829f-dg-cc6b2caad0c5-000043,4,none,none,fast,normal-fast-2,right,normal,clipped/audio_event_clean/normal/20260909T164559Z-450e1b8ddfcd90341ac5829f-dg-cc6b2caad0c5-000043_ch4.wav,3DPrinter/train/section_00_source_train_normal_000890.wav,558f664a038221d4cd46ed29b9ed28873b79f954133d155a99a0246fd79b1919,960044,8911744800,8912224800,d11a3b2cc14c313c08423b63ff9b801febb04d49d0830ce346facabf792b4b3b,0,0,3ddfe7072f331f88c55733fd4c9c460f53310a266050b0da57d0f9f267c393a7,saved_rule_based,1.63
section_00_source_train_normal_000891,train,source,normal,C,20260909T164559Z-450e1b8ddfcd90341ac5829f,20260909T164559Z-450e1b8ddfcd90341ac5829f-dg-cc6b2caad0c5-000044,4,none,none,fast,normal-fast-2,right,normal,clipped/audio_event_clean/normal/20260909T164559Z-450e1b8ddfcd90341ac5829f-dg-cc6b2caad0c5-000044_ch4.wav,3DPrinter/train/section_00_source_train_normal_000891.wav,7028e5e97a27bcdb609b51e666dea78dc2138b709d35a1f82e8628c3fa628bda,960044,8912224800,8912704800,d11a3b2cc14c313c08423b63ff9b801febb04d49d0830ce346facabf792b4b3b,0,0,3ddfe7072f331f88c55733fd4c9c460f53310a266050b0da57d0f9f267c393a7,saved_rule_based,1.63
section_00_source_train_normal_000892,train,source,normal,C,20260909T164559Z-450e1b8ddfcd90341ac5829f,20260909T164559Z-450e1b8ddfcd90341ac5829f-dg-cc6b2caad0c5-000045,4,none,none,fast,normal-fast-2,right,normal,clipped/audio_event_clean/normal/20260909T164559Z-450e1b8ddfcd90341ac5829f-dg-cc6b2caad0c5-000045_ch4.wav,3DPrinter/train/section_00_source_train_normal_000892.wav,9002633dd57e66d4d15d8b69086c2a1b583f4596f07010c82f82a41f013cf794,960044,8912704800,8913184800,d11a3b2cc14c313c08423b63ff9b801febb04d49d0830ce346facabf792b4b3b,0,0,3ddfe7072f331f88c55733fd4c9c460f53310a266050b0da57d0f9f267c393a7,saved_rule_based,1.63
section_00_source_train_normal_000893,train,source,normal,C,20260909T164559Z-450e1b8ddfcd90341ac5829f,20260909T164559Z-450e1b8ddfcd90341ac5829f-dg-cc6b2caad0c5-000046,4,none,none,fast,normal-fast-2,right,normal,clipped/audio_event_clean/normal/20260909T164559Z-450e1b8ddfcd90341ac5829f-dg-cc6b2caad0c5-000046_ch4.wav,3DPrinter/train/section_00_source_train_normal_000893.wav,6e96cd3acf17f196ea5394ec675121ac88b9af3e29408ca884dc95fd84df0168,960044,8913184800,8913664800,d11a3b2cc14c313c08423b63ff9b801febb04d49d0830ce346facabf792b4b3b,0,0,3ddfe7072f331f88c55733fd4c9c460f53310a266050b0da57d0f9f267c393a7,saved_rule_based,1.63
section_00_source_train_normal_000894,train,source,normal,C,20260909T164559Z-450e1b8ddfcd90341ac5829f,20260909T164559Z-450e1b8ddfcd90341ac5829f-dg-cc6b2caad0c5-000047,4,none,none,fast,normal-fast-2,right,normal,clipped/audio_event_clean/normal/20260909T164559Z-450e1b8ddfcd90341ac5829f-dg-cc6b2caad0c5-000047_ch4.wav,3DPrinter/train/section_00_source_train_normal_000894.wav,3b4ca199c252d142b0d6aa5546b81eb1fac7b0ac9d0a787fb2fc18ed3e764518,960044,8913664800,8914144800,d11a3b2cc14c313c08423b63ff9b801febb04d49d0830ce346facabf792b4b3b,0,0,3ddfe7072f331f88c55733fd4c9c460f53310a266050b0da57d0f9f267c393a7,saved_rule_based,1.63
section_00_source_train_normal_000895,train,source,normal,C,20260909T164559Z-450e1b8ddfcd90341ac5829f,20260909T164559Z-450e1b8ddfcd90341ac5829f-dg-cc6b2caad0c5-000048,4,none,none,fast,normal-fast-2,right,normal,clipped/audio_event_clean/normal/20260909T164559Z-450e1b8ddfcd90341ac5829f-dg-cc6b2caad0c5-000048_ch4.wav,3DPrinter/train/section_00_source_train_normal_000895.wav,955f2bcd316fc50c803172e761da0b5fbc15ead66a5c07207565e15697e8d0de,960044,8914144800,8914624800,d11a3b2cc14c313c08423b63ff9b801febb04d49d0830ce346facabf792b4b3b,0,0,3ddfe7072f331f88c55733fd4c9c460f53310a266050b0da57d0f9f267c393a7,saved_rule_based,1.63
section_00_source_train_normal_000896,train,source,normal,C,20260909T164559Z-450e1b8ddfcd90341ac5829f,20260909T164559Z-450e1b8ddfcd90341ac5829f-dg-cc6b2caad0c5-000049,4,none,none,fast,normal-fast-2,right,normal,clipped/audio_event_clean/normal/20260909T164559Z-450e1b8ddfcd90341ac5829f-dg-cc6b2caad0c5-000049_ch4.wav,3DPrinter/train/section_00_source_train_normal_000896.wav,9e2af71f118341552332b433c0244944bfdece4ea16d48164df48ecf64138fbf,960044,8914624800,8915104800,d11a3b2cc14c313c08423b63ff9b801febb04d49d0830ce346facabf792b4b3b,0,0,3ddfe7072f331f88c55733fd4c9c460f53310a266050b0da57d0f9f267c393a7,saved_rule_based,1.63
section_00_source_train_normal_000897,train,source,normal,C,20260909T164559Z-450e1b8ddfcd90341ac5829f,20260909T164559Z-450e1b8ddfcd90341ac5829f-dg-cc6b2caad0c5-000050,4,none,none,fast,normal-fast-2,right,normal,clipped/audio_event_clean/normal/20260909T164559Z-450e1b8ddfcd90341ac5829f-dg-cc6b2caad0c5-000050_ch4.wav,3DPrinter/train/section_00_source_train_normal_000897.wav,ef2be18e486b6cfe58bb3367590822e673c0bb220d2c21a06846a00fed8fc3ab,960044,8915104800,8915584800,d11a3b2cc14c313c08423b63ff9b801febb04d49d0830ce346facabf792b4b3b,0,0,3ddfe7072f331f88c55733fd4c9c460f53310a266050b0da57d0f9f267c393a7,saved_rule_based,1.63
section_00_source_train_normal_000898,train,source,normal,C,20260909T164559Z-450e1b8ddfcd90341ac5829f,20260909T164559Z-450e1b8ddfcd90341ac5829f-dg-cc6b2caad0c5-000051,4,none,none,fast,normal-fast-2,right,normal,clipped/audio_event_clean/normal/20260909T164559Z-450e1b8ddfcd90341ac5829f-dg-cc6b2caad0c5-000051_ch4.wav,3DPrinter/train/section_00_source_train_normal_000898.wav,dc6795dc895be1e56ad4c4e7c8487ee9ebf8db5d80129a7bdce54e23b269c1e9,960044,8915584800,8916064800,d11a3b2cc14c313c08423b63ff9b801febb04d49d0830ce346facabf792b4b3b,0,0,3ddfe7072f331f88c55733fd4c9c460f53310a266050b0da57d0f9f267c393a7,saved_rule_based,1.63
section_00_source_train_normal_000899,train,source,normal,C,20260909T164559Z-450e1b8ddfcd90341ac5829f,20260909T164559Z-450e1b8ddfcd90341ac5829f-dg-cc6b2caad0c5-000052,4,none,none,fast,normal-fast-2,right,normal,clipped/audio_event_clean/normal/20260909T164559Z-450e1b8ddfcd90341ac5829f-dg-cc6b2caad0c5-000052_ch4.wav,3DPrinter/train/section_00_source_train_normal_000899.wav,8b129b904e81fd574d3d9b6a149d6e75ea846a418f4f6b2f4915bd41f303b26c,960044,8916064800,8916544800,d11a3b2cc14c313c08423b63ff9b801febb04d49d0830ce346facabf792b4b3b,0,0,3ddfe7072f331f88c55733fd4c9c460f53310a266050b0da57d0f9f267c393a7,saved_rule_based,1.63
section_00_source_train_normal_000900,train,source,normal,C,20260909T164559Z-450e1b8ddfcd90341ac5829f,20260909T164559Z-450e1b8ddfcd90341ac5829f-dg-cc6b2caad0c5-000053,4,none,none,fast,normal-fast-2,right,normal,clipped/audio_event_clean/normal/20260909T164559Z-450e1b8ddfcd90341ac5829f-dg-cc6b2caad0c5-000053_ch4.wav,3DPrinter/train/section_00_source_train_normal_000900.wav,8ff1a1004d1d6f04e131a83c49dc158e84594b957ebbbf69a3af17fa9aa761aa,960044,8916544800,8917024800,d11a3b2cc14c313c08423b63ff9b801febb04d49d0830ce346facabf792b4b3b,0,0,3ddfe7072f331f88c55733fd4c9c460f53310a266050b0da57d0f9f267c393a7,saved_rule_based,1.63
section_00_source_train_normal_000901,train,source,normal,C,20260909T164559Z-450e1b8ddfcd90341ac5829f,20260909T164559Z-450e1b8ddfcd90341ac5829f-dg-cc6b2caad0c5-000055,4,none,none,fast,normal-fast-2,right,normal,clipped/audio_event_clean/normal/20260909T164559Z-450e1b8ddfcd90341ac5829f-dg-cc6b2caad0c5-000055_ch4.wav,3DPrinter/train/section_00_source_train_normal_000901.wav,90d95a94b547ab79ffef6ad2af8fdd14907ca60bac3184efd99fdb522528a970,960044,8917504800,8917984800,d11a3b2cc14c313c08423b63ff9b801febb04d49d0830ce346facabf792b4b3b,0,0,3ddfe7072f331f88c55733fd4c9c460f53310a266050b0da57d0f9f267c393a7,saved_rule_based,1.63
section_00_source_train_normal_000902,train,source,normal,C,20260909T164559Z-450e1b8ddfcd90341ac5829f,20260909T164559Z-450e1b8ddfcd90341ac5829f-dg-cc6b2caad0c5-000057,4,none,none,fast,normal-fast-2,right,normal,clipped/audio_event_clean/normal/20260909T164559Z-450e1b8ddfcd90341ac5829f-dg-cc6b2caad0c5-000057_ch4.wav,3DPrinter/train/section_00_source_train_normal_000902.wav,0d8dd43577ce4500b73c07e3b7883831de49518753d60b2116871eccc5a1a1a6,960044,8918464800,8918944800,d11a3b2cc14c313c08423b63ff9b801febb04d49d0830ce346facabf792b4b3b,0,0,3ddfe7072f331f88c55733fd4c9c460f53310a266050b0da57d0f9f267c393a7,saved_rule_based,1.63
section_00_source_train_normal_000903,train,source,normal,C,20260909T164559Z-450e1b8ddfcd90341ac5829f,20260909T164559Z-450e1b8ddfcd90341ac5829f-dg-cc6b2caad0c5-000058,4,none,none,fast,normal-fast-2,right,normal,clipped/audio_event_clean/normal/20260909T164559Z-450e1b8ddfcd90341ac5829f-dg-cc6b2caad0c5-000058_ch4.wav,3DPrinter/train/section_00_source_train_normal_000903.wav,fd59b49bc7309f1d2bb7e6da6f42352ebeec2ed7f73747351347905c24e6717c,960044,8918944800,8919424800,d11a3b2cc14c313c08423b63ff9b801febb04d49d0830ce346facabf792b4b3b,0,0,3ddfe7072f331f88c55733fd4c9c460f53310a266050b0da57d0f9f267c393a7,saved_rule_based,1.63
section_00_source_train_normal_000904,train,source,normal,C,20260909T164559Z-450e1b8ddfcd90341ac5829f,20260909T164559Z-450e1b8ddfcd90341ac5829f-dg-cc6b2caad0c5-000059,4,none,none,fast,normal-fast-2,right,normal,clipped/audio_event_clean/normal/20260909T164559Z-450e1b8ddfcd90341ac5829f-dg-cc6b2caad0c5-000059_ch4.wav,3DPrinter/train/section_00_source_train_normal_000904.wav,1123a7daa30dfcd3711f0e0c6a0ff745f1bab3739192fda4748f33b72d8f5279,960044,8919424800,8919904800,d11a3b2cc14c313c08423b63ff9b801febb04d49d0830ce346facabf792b4b3b,0,0,3ddfe7072f331f88c55733fd4c9c460f53310a266050b0da57d0f9f267c393a7,saved_rule_based,1.63
section_00_source_train_normal_000905,train,source,normal,C,20260909T164559Z-450e1b8ddfcd90341ac5829f,20260909T164559Z-450e1b8ddfcd90341ac5829f-dg-cc6b2caad0c5-000060,4,none,none,fast,normal-fast-2,right,normal,clipped/audio_event_clean/normal/20260909T164559Z-450e1b8ddfcd90341ac5829f-dg-cc6b2caad0c5-000060_ch4.wav,3DPrinter/train/section_00_source_train_normal_000905.wav,9e0b456214c5f6d769fea0ace01c278e813b90d0305cdca7cb3721ff258fdf41,960044,8919904800,8920384800,d11a3b2cc14c313c08423b63ff9b801febb04d49d0830ce346facabf792b4b3b,0,0,3ddfe7072f331f88c55733fd4c9c460f53310a266050b0da57d0f9f267c393a7,saved_rule_based,1.63
section_00_source_train_normal_000906,train,source,normal,C,20260909T164559Z-450e1b8ddfcd90341ac5829f,20260909T164559Z-450e1b8ddfcd90341ac5829f-dg-cc6b2caad0c5-000061,4,none,none,fast,normal-fast-2,right,normal,clipped/audio_event_clean/normal/20260909T164559Z-450e1b8ddfcd90341ac5829f-dg-cc6b2caad0c5-000061_ch4.wav,3DPrinter/train/section_00_source_train_normal_000906.wav,662b293709cbb64420f6d2adc5e0e2b003bd7690cb3ba4fe793385df95a3361d,960044,8920384800,8920864800,d11a3b2cc14c313c08423b63ff9b801febb04d49d0830ce346facabf792b4b3b,0,0,3ddfe7072f331f88c55733fd4c9c460f53310a266050b0da57d0f9f267c393a7,saved_rule_based,1.63
section_00_source_train_normal_000907,train,source,normal,C,20260909T164559Z-450e1b8ddfcd90341ac5829f,20260909T164559Z-450e1b8ddfcd90341ac5829f-dg-cc6b2caad0c5-000062,4,none,none,fast,normal-fast-2,right,normal,clipped/audio_event_clean/normal/20260909T164559Z-450e1b8ddfcd90341ac5829f-dg-cc6b2caad0c5-000062_ch4.wav,3DPrinter/train/section_00_source_train_normal_000907.wav,4f1af43eaee7d0f964a6a6547af192031ac7b3300aa9c53269cb7cbb4885d663,960044,8920864800,8921344800,d11a3b2cc14c313c08423b63ff9b801febb04d49d0830ce346facabf792b4b3b,0,0,3ddfe7072f331f88c55733fd4c9c460f53310a266050b0da57d0f9f267c393a7,saved_rule_based,1.63
section_00_source_train_normal_000908,train,source,normal,C,20260909T164559Z-450e1b8ddfcd90341ac5829f,20260909T164559Z-450e1b8ddfcd90341ac5829f-dg-cc6b2caad0c5-000063,4,none,none,fast,normal-fast-2,right,normal,clipped/audio_event_clean/normal/20260909T164559Z-450e1b8ddfcd90341ac5829f-dg-cc6b2caad0c5-000063_ch4.wav,3DPrinter/train/section_00_source_train_normal_000908.wav,15ef8c68065be7c883c35da95defb9b3dccd318624d479f55ddb0036e7e9e29c,960044,8921344800,8921824800,d11a3b2cc14c313c08423b63ff9b801febb04d49d0830ce346facabf792b4b3b,0,0,3ddfe7072f331f88c55733fd4c9c460f53310a266050b0da57d0f9f267c393a7,saved_rule_based,1.63
section_00_source_train_normal_000909,train,source,normal,C,20260909T164559Z-450e1b8ddfcd90341ac5829f,20260909T164559Z-450e1b8ddfcd90341ac5829f-dg-cc6b2caad0c5-000064,4,none,none,fast,normal-fast-2,right,normal,clipped/audio_event_clean/normal/20260909T164559Z-450e1b8ddfcd90341ac5829f-dg-cc6b2caad0c5-000064_ch4.wav,3DPrinter/train/section_00_source_train_normal_000909.wav,382960d56d3c448c85c2ee486acd241768f6c1d6b336fc41c47376ae2cadf109,960044,8921824800,8922304800,d11a3b2cc14c313c08423b63ff9b801febb04d49d0830ce346facabf792b4b3b,0,0,3ddfe7072f331f88c55733fd4c9c460f53310a266050b0da57d0f9f267c393a7,saved_rule_based,1.63
section_00_source_train_normal_000910,train,source,normal,C,20260909T164559Z-450e1b8ddfcd90341ac5829f,20260909T164559Z-450e1b8ddfcd90341ac5829f-dg-cc6b2caad0c5-000065,4,none,none,fast,normal-fast-2,right,normal,clipped/audio_event_clean/normal/20260909T164559Z-450e1b8ddfcd90341ac5829f-dg-cc6b2caad0c5-000065_ch4.wav,3DPrinter/train/section_00_source_train_normal_000910.wav,69b39b6af4da18f6c3eac34f60bf38fca2b159daa4c04a0302dce511e64c0979,960044,8922304800,8922784800,d11a3b2cc14c313c08423b63ff9b801febb04d49d0830ce346facabf792b4b3b,0,0,3ddfe7072f331f88c55733fd4c9c460f53310a266050b0da57d0f9f267c393a7,saved_rule_based,1.63
section_00_source_train_normal_000911,train,source,normal,C,20260909T164559Z-450e1b8ddfcd90341ac5829f,20260909T164559Z-450e1b8ddfcd90341ac5829f-dg-cc6b2caad0c5-000066,4,none,none,fast,normal-fast-2,right,normal,clipped/audio_event_clean/normal/20260909T164559Z-450e1b8ddfcd90341ac5829f-dg-cc6b2caad0c5-000066_ch4.wav,3DPrinter/train/section_00_source_train_normal_000911.wav,91034bcc61ac40f43dee4ca1ec1cb6c54012847b0184c7e090e047cfd02e7a1d,960044,8922784800,8923264800,d11a3b2cc14c313c08423b63ff9b801febb04d49d0830ce346facabf792b4b3b,0,0,3ddfe7072f331f88c55733fd4c9c460f53310a266050b0da57d0f9f267c393a7,saved_rule_based,1.63
section_00_source_train_normal_000912,train,source,normal,C,20260909T164559Z-450e1b8ddfcd90341ac5829f,20260909T164559Z-450e1b8ddfcd90341ac5829f-dg-cc6b2caad0c5-000067,4,none,none,fast,normal-fast-2,right,normal,clipped/audio_event_clean/normal/20260909T164559Z-450e1b8ddfcd90341ac5829f-dg-cc6b2caad0c5-000067_ch4.wav,3DPrinter/train/section_00_source_train_normal_000912.wav,30ee0593f6aabf2205b398f5dc260fb86209b40f163d55f5e8f44ffe11a20bc4,960044,8923264800,8923744800,d11a3b2cc14c313c08423b63ff9b801febb04d49d0830ce346facabf792b4b3b,0,0,3ddfe7072f331f88c55733fd4c9c460f53310a266050b0da57d0f9f267c393a7,saved_rule_based,1.63
section_00_source_train_normal_000913,train,source,normal,C,20260909T164559Z-450e1b8ddfcd90341ac5829f,20260909T164559Z-450e1b8ddfcd90341ac5829f-dg-cc6b2caad0c5-000068,4,none,none,fast,normal-fast-2,right,normal,clipped/audio_event_clean/normal/20260909T164559Z-450e1b8ddfcd90341ac5829f-dg-cc6b2caad0c5-000068_ch4.wav,3DPrinter/train/section_00_source_train_normal_000913.wav,d6e70f1f487036b494a2db1eeed2d26697030b4f4dbb97d99b60cfc94df59ea1,960044,8923744800,8924224800,d11a3b2cc14c313c08423b63ff9b801febb04d49d0830ce346facabf792b4b3b,0,0,3ddfe7072f331f88c55733fd4c9c460f53310a266050b0da57d0f9f267c393a7,saved_rule_based,1.63
section_00_source_train_normal_000914,train,source,normal,C,20260909T164559Z-450e1b8ddfcd90341ac5829f,20260909T164559Z-450e1b8ddfcd90341ac5829f-dg-cc6b2caad0c5-000069,4,none,none,fast,normal-fast-2,right,normal,clipped/audio_event_clean/normal/20260909T164559Z-450e1b8ddfcd90341ac5829f-dg-cc6b2caad0c5-000069_ch4.wav,3DPrinter/train/section_00_source_train_normal_000914.wav,cb9171389e163c4e76e76b36d6887773ddafe1f68785c29af3897a3b23211d36,960044,8924224800,8924704800,d11a3b2cc14c313c08423b63ff9b801febb04d49d0830ce346facabf792b4b3b,0,0,3ddfe7072f331f88c55733fd4c9c460f53310a266050b0da57d0f9f267c393a7,saved_rule_based,1.63
section_00_source_train_normal_000915,train,source,normal,C,20260909T164559Z-450e1b8ddfcd90341ac5829f,20260909T164559Z-450e1b8ddfcd90341ac5829f-dg-cc6b2caad0c5-000071,4,none,none,fast,normal-fast-2,right,normal,clipped/audio_event_clean/normal/20260909T164559Z-450e1b8ddfcd90341ac5829f-dg-cc6b2caad0c5-000071_ch4.wav,3DPrinter/train/section_00_source_train_normal_000915.wav,982f8589c5b23b58d70ed5c4ddb7bb2562ec03155cc45e19b7d92749f5665e68,960044,8925184800,8925664800,d11a3b2cc14c313c08423b63ff9b801febb04d49d0830ce346facabf792b4b3b,0,0,3ddfe7072f331f88c55733fd4c9c460f53310a266050b0da57d0f9f267c393a7,saved_rule_based,1.63
section_00_source_train_normal_000916,train,source,normal,C,20260909T164559Z-450e1b8ddfcd90341ac5829f,20260909T164559Z-450e1b8ddfcd90341ac5829f-dg-cc6b2caad0c5-000072,4,none,none,fast,normal-fast-2,right,normal,clipped/audio_event_clean/normal/20260909T164559Z-450e1b8ddfcd90341ac5829f-dg-cc6b2caad0c5-000072_ch4.wav,3DPrinter/train/section_00_source_train_normal_000916.wav,4735b32857557c47337da9134923b38bebb229687221b34b7acb0fe62a6f6848,960044,8925664800,8926144800,d11a3b2cc14c313c08423b63ff9b801febb04d49d0830ce346facabf792b4b3b,0,0,3ddfe7072f331f88c55733fd4c9c460f53310a266050b0da57d0f9f267c393a7,saved_rule_based,1.63
section_00_source_train_normal_000917,train,source,normal,C,20260909T164559Z-450e1b8ddfcd90341ac5829f,20260909T164559Z-450e1b8ddfcd90341ac5829f-dg-cc6b2caad0c5-000073,4,none,none,fast,normal-fast-2,right,normal,clipped/audio_event_clean/normal/20260909T164559Z-450e1b8ddfcd90341ac5829f-dg-cc6b2caad0c5-000073_ch4.wav,3DPrinter/train/section_00_source_train_normal_000917.wav,fbdbd201153bb4659e77cbde0865d0ee24547b50e2e48df17be4013b2d605def,960044,8926144800,8926624800,d11a3b2cc14c313c08423b63ff9b801febb04d49d0830ce346facabf792b4b3b,0,0,3ddfe7072f331f88c55733fd4c9c460f53310a266050b0da57d0f9f267c393a7,saved_rule_based,1.63
section_00_source_train_normal_000918,train,source,normal,C,20260909T164559Z-450e1b8ddfcd90341ac5829f,20260909T164559Z-450e1b8ddfcd90341ac5829f-dg-cc6b2caad0c5-000077,4,none,none,fast,normal-fast-2,right,normal,clipped/audio_event_clean/normal/20260909T164559Z-450e1b8ddfcd90341ac5829f-dg-cc6b2caad0c5-000077_ch4.wav,3DPrinter/train/section_00_source_train_normal_000918.wav,49cc0fa46e8cf50011816d9811c7a02f08a22f91028923a62ab938a2b1a09304,960044,8928064800,8928544800,d11a3b2cc14c313c08423b63ff9b801febb04d49d0830ce346facabf792b4b3b,0,0,3ddfe7072f331f88c55733fd4c9c460f53310a266050b0da57d0f9f267c393a7,saved_rule_based,1.63
section_00_source_train_normal_000919,train,source,normal,C,20260909T164559Z-450e1b8ddfcd90341ac5829f,20260909T164559Z-450e1b8ddfcd90341ac5829f-dg-cc6b2caad0c5-000078,4,none,none,fast,normal-fast-2,right,normal,clipped/audio_event_clean/normal/20260909T164559Z-450e1b8ddfcd90341ac5829f-dg-cc6b2caad0c5-000078_ch4.wav,3DPrinter/train/section_00_source_train_normal_000919.wav,a7342275735c9b972b284afc17edbd0a8342341ba4465dd6af0c2f28ec170f16,960044,8928544800,8929024800,d11a3b2cc14c313c08423b63ff9b801febb04d49d0830ce346facabf792b4b3b,0,0,3ddfe7072f331f88c55733fd4c9c460f53310a266050b0da57d0f9f267c393a7,saved_rule_based,1.63
section_00_source_train_normal_000920,train,source,normal,C,20260909T164559Z-450e1b8ddfcd90341ac5829f,20260909T164559Z-450e1b8ddfcd90341ac5829f-dg-cc6b2caad0c5-000079,4,none,none,fast,normal-fast-2,right,normal,clipped/audio_event_clean/normal/20260909T164559Z-450e1b8ddfcd90341ac5829f-dg-cc6b2caad0c5-000079_ch4.wav,3DPrinter/train/section_00_source_train_normal_000920.wav,b299bfaa385c8e152bd7fbfefc0b6634f8fc832dd728c815630bd87c1d7571dc,960044,8929024800,8929504800,d11a3b2cc14c313c08423b63ff9b801febb04d49d0830ce346facabf792b4b3b,0,0,3ddfe7072f331f88c55733fd4c9c460f53310a266050b0da57d0f9f267c393a7,saved_rule_based,1.63
section_00_source_train_normal_000921,train,source,normal,C,20260909T164559Z-450e1b8ddfcd90341ac5829f,20260909T164559Z-450e1b8ddfcd90341ac5829f-dg-cc6b2caad0c5-000080,4,none,none,fast,normal-fast-2,right,normal,clipped/audio_event_clean/normal/20260909T164559Z-450e1b8ddfcd90341ac5829f-dg-cc6b2caad0c5-000080_ch4.wav,3DPrinter/train/section_00_source_train_normal_000921.wav,0b89f78eda63d6d17bedb1419d47cb9d345d97f7b94037bb4bcf0db99d78ce53,960044,8929504800,8929984800,d11a3b2cc14c313c08423b63ff9b801febb04d49d0830ce346facabf792b4b3b,0,0,3ddfe7072f331f88c55733fd4c9c460f53310a266050b0da57d0f9f267c393a7,saved_rule_based,1.63
section_00_source_train_normal_000922,train,source,normal,C,20260909T164559Z-450e1b8ddfcd90341ac5829f,20260909T164559Z-450e1b8ddfcd90341ac5829f-dg-cc6b2caad0c5-000082,4,none,none,fast,normal-fast-2,right,normal,clipped/audio_event_clean/normal/20260909T164559Z-450e1b8ddfcd90341ac5829f-dg-cc6b2caad0c5-000082_ch4.wav,3DPrinter/train/section_00_source_train_normal_000922.wav,a5eae406439e2162a7309a683acd743b825109e06b5dff589fa703250b4456b7,960044,8930464800,8930944800,d11a3b2cc14c313c08423b63ff9b801febb04d49d0830ce346facabf792b4b3b,0,0,3ddfe7072f331f88c55733fd4c9c460f53310a266050b0da57d0f9f267c393a7,saved_rule_based,1.63
section_00_source_train_normal_000923,train,source,normal,C,20260909T164559Z-450e1b8ddfcd90341ac5829f,20260909T164559Z-450e1b8ddfcd90341ac5829f-dg-cc6b2caad0c5-000083,4,none,none,fast,normal-fast-2,right,normal,clipped/audio_event_clean/normal/20260909T164559Z-450e1b8ddfcd90341ac5829f-dg-cc6b2caad0c5-000083_ch4.wav,3DPrinter/train/section_00_source_train_normal_000923.wav,32f62fd88848a60e5f41e5fd9b1c305d933c31d883ea6b6646911e1cf22710fd,960044,8930944800,8931424800,d11a3b2cc14c313c08423b63ff9b801febb04d49d0830ce346facabf792b4b3b,0,0,3ddfe7072f331f88c55733fd4c9c460f53310a266050b0da57d0f9f267c393a7,saved_rule_based,1.63
section_00_source_train_normal_000924,train,source,normal,C,20260909T164559Z-450e1b8ddfcd90341ac5829f,20260909T164559Z-450e1b8ddfcd90341ac5829f-dg-cc6b2caad0c5-000088,4,none,none,fast,normal-fast-2,right,normal,clipped/audio_event_clean/normal/20260909T164559Z-450e1b8ddfcd90341ac5829f-dg-cc6b2caad0c5-000088_ch4.wav,3DPrinter/train/section_00_source_train_normal_000924.wav,96daa8a5d8eaf53c15791812291a73ba4ed7c73f418d927f89691b9e98aa88c1,960044,8933344800,8933824800,d11a3b2cc14c313c08423b63ff9b801febb04d49d0830ce346facabf792b4b3b,0,0,3ddfe7072f331f88c55733fd4c9c460f53310a266050b0da57d0f9f267c393a7,saved_rule_based,1.63
section_00_source_train_normal_000925,train,source,normal,C,20260909T164559Z-450e1b8ddfcd90341ac5829f,20260909T164559Z-450e1b8ddfcd90341ac5829f-dg-cc6b2caad0c5-000089,4,none,none,fast,normal-fast-2,right,normal,clipped/audio_event_clean/normal/20260909T164559Z-450e1b8ddfcd90341ac5829f-dg-cc6b2caad0c5-000089_ch4.wav,3DPrinter/train/section_00_source_train_normal_000925.wav,0cc2afdf337a1273a25a27b707775723bb4c08660fbde75694a7ec3c4acbe69e,960044,8933824800,8934304800,d11a3b2cc14c313c08423b63ff9b801febb04d49d0830ce346facabf792b4b3b,0,0,3ddfe7072f331f88c55733fd4c9c460f53310a266050b0da57d0f9f267c393a7,saved_rule_based,1.63
section_00_source_train_normal_000926,train,source,normal,C,20260909T164559Z-450e1b8ddfcd90341ac5829f,20260909T164559Z-450e1b8ddfcd90341ac5829f-dg-cc6b2caad0c5-000090,4,none,none,fast,normal-fast-2,right,normal,clipped/audio_event_clean/normal/20260909T164559Z-450e1b8ddfcd90341ac5829f-dg-cc6b2caad0c5-000090_ch4.wav,3DPrinter/train/section_00_source_train_normal_000926.wav,884841fd6ee506f77f829a5328b18f6d26e4c07382b25b9f121f1876ff925c8e,960044,8934304800,8934784800,d11a3b2cc14c313c08423b63ff9b801febb04d49d0830ce346facabf792b4b3b,0,0,3ddfe7072f331f88c55733fd4c9c460f53310a266050b0da57d0f9f267c393a7,saved_rule_based,1.63
section_00_source_train_normal_000927,train,source,normal,C,20260909T164559Z-450e1b8ddfcd90341ac5829f,20260909T164559Z-450e1b8ddfcd90341ac5829f-dg-cc6b2caad0c5-000091,4,none,none,fast,normal-fast-2,right,normal,clipped/audio_event_clean/normal/20260909T164559Z-450e1b8ddfcd90341ac5829f-dg-cc6b2caad0c5-000091_ch4.wav,3DPrinter/train/section_00_source_train_normal_000927.wav,2cad4419cd4ddc626d2d2ec0b11460de72e6b894c875e101df5c7c9f0fdc9abc,960044,8934784800,8935264800,d11a3b2cc14c313c08423b63ff9b801febb04d49d0830ce346facabf792b4b3b,0,0,3ddfe7072f331f88c55733fd4c9c460f53310a266050b0da57d0f9f267c393a7,saved_rule_based,1.63
section_00_source_train_normal_000928,train,source,normal,C,20260909T164559Z-450e1b8ddfcd90341ac5829f,20260909T164559Z-450e1b8ddfcd90341ac5829f-dg-cc6b2caad0c5-000092,4,none,none,fast,normal-fast-2,right,normal,clipped/audio_event_clean/normal/20260909T164559Z-450e1b8ddfcd90341ac5829f-dg-cc6b2caad0c5-000092_ch4.wav,3DPrinter/train/section_00_source_train_normal_000928.wav,bd62ed80993276e9dc6e02acb9adc304eda086507265675886e9222b69057a77,960044,8935264800,8935744800,d11a3b2cc14c313c08423b63ff9b801febb04d49d0830ce346facabf792b4b3b,0,0,3ddfe7072f331f88c55733fd4c9c460f53310a266050b0da57d0f9f267c393a7,saved_rule_based,1.63
section_00_source_train_normal_000929,train,source,normal,C,20260909T164559Z-450e1b8ddfcd90341ac5829f,20260909T164559Z-450e1b8ddfcd90341ac5829f-dg-cc6b2caad0c5-000093,4,none,none,fast,normal-fast-2,right,normal,clipped/audio_event_clean/normal/20260909T164559Z-450e1b8ddfcd90341ac5829f-dg-cc6b2caad0c5-000093_ch4.wav,3DPrinter/train/section_00_source_train_normal_000929.wav,3b0768d69cd1b87791dd17ec847f54534e23901709db4f3612e1968ba5c79f46,960044,8935744800,8936224800,d11a3b2cc14c313c08423b63ff9b801febb04d49d0830ce346facabf792b4b3b,0,0,3ddfe7072f331f88c55733fd4c9c460f53310a266050b0da57d0f9f267c393a7,saved_rule_based,1.63
section_00_source_train_normal_000930,train,source,normal,C,20260909T164559Z-450e1b8ddfcd90341ac5829f,20260909T164559Z-450e1b8ddfcd90341ac5829f-dg-cc6b2caad0c5-000094,4,none,none,fast,normal-fast-2,right,normal,clipped/audio_event_clean/normal/20260909T164559Z-450e1b8ddfcd90341ac5829f-dg-cc6b2caad0c5-000094_ch4.wav,3DPrinter/train/section_00_source_train_normal_000930.wav,3eb03cd5a4d1fcf93511ccd8654c51c278a3ea72fed8105fff5feea7d279090a,960044,8936224800,8936704800,d11a3b2cc14c313c08423b63ff9b801febb04d49d0830ce346facabf792b4b3b,0,0,3ddfe7072f331f88c55733fd4c9c460f53310a266050b0da57d0f9f267c393a7,saved_rule_based,1.63
section_00_source_train_normal_000931,train,source,normal,C,20260909T164559Z-450e1b8ddfcd90341ac5829f,20260909T164559Z-450e1b8ddfcd90341ac5829f-dg-cc6b2caad0c5-000095,4,none,none,fast,normal-fast-2,right,normal,clipped/audio_event_clean/normal/20260909T164559Z-450e1b8ddfcd90341ac5829f-dg-cc6b2caad0c5-000095_ch4.wav,3DPrinter/train/section_00_source_train_normal_000931.wav,289d2f433af6632b849726d04bcd5f0fb4bfd173352580a67fdb66eb6a818a93,960044,8936704800,8937184800,d11a3b2cc14c313c08423b63ff9b801febb04d49d0830ce346facabf792b4b3b,0,0,3ddfe7072f331f88c55733fd4c9c460f53310a266050b0da57d0f9f267c393a7,saved_rule_based,1.63
section_00_source_train_normal_000932,train,source,normal,C,20260909T164559Z-450e1b8ddfcd90341ac5829f,20260909T164559Z-450e1b8ddfcd90341ac5829f-dg-cc6b2caad0c5-000096,4,none,none,fast,normal-fast-2,right,normal,clipped/audio_event_clean/normal/20260909T164559Z-450e1b8ddfcd90341ac5829f-dg-cc6b2caad0c5-000096_ch4.wav,3DPrinter/train/section_00_source_train_normal_000932.wav,adabceda4819b754cd4769459b896f09dd87fed9600f9ee7ca61c73d30718ea4,960044,8937184800,8937664800,d11a3b2cc14c313c08423b63ff9b801febb04d49d0830ce346facabf792b4b3b,0,0,3ddfe7072f331f88c55733fd4c9c460f53310a266050b0da57d0f9f267c393a7,saved_rule_based,1.63
section_00_source_train_normal_000933,train,source,normal,C,20260909T164559Z-450e1b8ddfcd90341ac5829f,20260909T164559Z-450e1b8ddfcd90341ac5829f-dg-cc6b2caad0c5-000097,4,none,none,fast,normal-fast-2,right,normal,clipped/audio_event_clean/normal/20260909T164559Z-450e1b8ddfcd90341ac5829f-dg-cc6b2caad0c5-000097_ch4.wav,3DPrinter/train/section_00_source_train_normal_000933.wav,7b53cfea028f28d65697c315b302594db62cd5a4ae7cae4e32b8a7dffe2df59a,960044,8937664800,8938144800,d11a3b2cc14c313c08423b63ff9b801febb04d49d0830ce346facabf792b4b3b,0,0,3ddfe7072f331f88c55733fd4c9c460f53310a266050b0da57d0f9f267c393a7,saved_rule_based,1.63
section_00_source_train_normal_000934,train,source,normal,C,20260909T164559Z-450e1b8ddfcd90341ac5829f,20260909T164559Z-450e1b8ddfcd90341ac5829f-dg-cc6b2caad0c5-000098,4,none,none,fast,normal-fast-2,right,normal,clipped/audio_event_clean/normal/20260909T164559Z-450e1b8ddfcd90341ac5829f-dg-cc6b2caad0c5-000098_ch4.wav,3DPrinter/train/section_00_source_train_normal_000934.wav,8be31dc5f85267bf4c408ab783d649d959e5a1c0d72e1b0ef115d9d56c1a6e6c,960044,8938144800,8938624800,d11a3b2cc14c313c08423b63ff9b801febb04d49d0830ce346facabf792b4b3b,0,0,3ddfe7072f331f88c55733fd4c9c460f53310a266050b0da57d0f9f267c393a7,saved_rule_based,1.63
section_00_source_train_normal_000935,train,source,normal,C,20260909T164559Z-450e1b8ddfcd90341ac5829f,20260909T164559Z-450e1b8ddfcd90341ac5829f-dg-cc6b2caad0c5-000100,4,none,none,fast,normal-fast-2,right,normal,clipped/audio_event_clean/normal/20260909T164559Z-450e1b8ddfcd90341ac5829f-dg-cc6b2caad0c5-000100_ch4.wav,3DPrinter/train/section_00_source_train_normal_000935.wav,d9d7443e191697ce86a4758d7b2dc647d56293a2f8562151ac7852fb94e7c2ed,960044,8939104800,8939584800,d11a3b2cc14c313c08423b63ff9b801febb04d49d0830ce346facabf792b4b3b,0,0,3ddfe7072f331f88c55733fd4c9c460f53310a266050b0da57d0f9f267c393a7,saved_rule_based,1.63
section_00_source_train_normal_000936,train,source,normal,C,20260909T164559Z-450e1b8ddfcd90341ac5829f,20260909T164559Z-450e1b8ddfcd90341ac5829f-dg-cc6b2caad0c5-000101,4,none,none,fast,normal-fast-2,right,normal,clipped/audio_event_clean/normal/20260909T164559Z-450e1b8ddfcd90341ac5829f-dg-cc6b2caad0c5-000101_ch4.wav,3DPrinter/train/section_00_source_train_normal_000936.wav,353aca74a83c76e35fe0b3c335a327bd5cd03dddfff424a2e10e7114d2b0a620,960044,8939584800,8940064800,d11a3b2cc14c313c08423b63ff9b801febb04d49d0830ce346facabf792b4b3b,0,0,3ddfe7072f331f88c55733fd4c9c460f53310a266050b0da57d0f9f267c393a7,saved_rule_based,1.63
section_00_source_train_normal_000937,train,source,normal,C,20260909T164559Z-450e1b8ddfcd90341ac5829f,20260909T164559Z-450e1b8ddfcd90341ac5829f-dg-cc6b2caad0c5-000102,4,none,none,fast,normal-fast-2,right,normal,clipped/audio_event_clean/normal/20260909T164559Z-450e1b8ddfcd90341ac5829f-dg-cc6b2caad0c5-000102_ch4.wav,3DPrinter/train/section_00_source_train_normal_000937.wav,26e38f80ad00469a3ec050cea47c41b8c4947b452961505f502cd5444eb28d3c,960044,8940064800,8940544800,d11a3b2cc14c313c08423b63ff9b801febb04d49d0830ce346facabf792b4b3b,0,0,3ddfe7072f331f88c55733fd4c9c460f53310a266050b0da57d0f9f267c393a7,saved_rule_based,1.63
section_00_source_train_normal_000938,train,source,normal,C,20260909T164559Z-450e1b8ddfcd90341ac5829f,20260909T164559Z-450e1b8ddfcd90341ac5829f-dg-cc6b2caad0c5-000104,4,none,none,fast,normal-fast-2,right,normal,clipped/audio_event_clean/normal/20260909T164559Z-450e1b8ddfcd90341ac5829f-dg-cc6b2caad0c5-000104_ch4.wav,3DPrinter/train/section_00_source_train_normal_000938.wav,50912ad1b1b60567d94e9567c930e2e8328f965b114540606a6a0b3699bf9f72,960044,8941024800,8941504800,d11a3b2cc14c313c08423b63ff9b801febb04d49d0830ce346facabf792b4b3b,0,0,3ddfe7072f331f88c55733fd4c9c460f53310a266050b0da57d0f9f267c393a7,saved_rule_based,1.63
section_00_source_train_normal_000939,train,source,normal,C,20260909T164559Z-450e1b8ddfcd90341ac5829f,20260909T164559Z-450e1b8ddfcd90341ac5829f-dg-cc6b2caad0c5-000105,4,none,none,fast,normal-fast-2,right,normal,clipped/audio_event_clean/normal/20260909T164559Z-450e1b8ddfcd90341ac5829f-dg-cc6b2caad0c5-000105_ch4.wav,3DPrinter/train/section_00_source_train_normal_000939.wav,423de9716608bcfff78aef5222fca808b22df712f44f2d206841b4e0695daae6,960044,8941504800,8941984800,d11a3b2cc14c313c08423b63ff9b801febb04d49d0830ce346facabf792b4b3b,0,0,3ddfe7072f331f88c55733fd4c9c460f53310a266050b0da57d0f9f267c393a7,saved_rule_based,1.63
section_00_source_train_normal_000940,train,source,normal,C,20260909T164559Z-450e1b8ddfcd90341ac5829f,20260909T164559Z-450e1b8ddfcd90341ac5829f-dg-cc6b2caad0c5-000106,4,none,none,fast,normal-fast-2,right,normal,clipped/audio_event_clean/normal/20260909T164559Z-450e1b8ddfcd90341ac5829f-dg-cc6b2caad0c5-000106_ch4.wav,3DPrinter/train/section_00_source_train_normal_000940.wav,794ea583f3836648c5d698e009e873acb4cb5a36f92a5c06b3e879affd7b5664,960044,8941984800,8942464800,d11a3b2cc14c313c08423b63ff9b801febb04d49d0830ce346facabf792b4b3b,0,0,3ddfe7072f331f88c55733fd4c9c460f53310a266050b0da57d0f9f267c393a7,saved_rule_based,1.63
section_00_source_train_normal_000941,train,source,normal,C,20260909T164559Z-450e1b8ddfcd90341ac5829f,20260909T164559Z-450e1b8ddfcd90341ac5829f-dg-cc6b2caad0c5-000107,4,none,none,fast,normal-fast-2,right,normal,clipped/audio_event_clean/normal/20260909T164559Z-450e1b8ddfcd90341ac5829f-dg-cc6b2caad0c5-000107_ch4.wav,3DPrinter/train/section_00_source_train_normal_000941.wav,0e5e46ba5789d4eb328919680234e01d31fb30ed1a93eea2995ef10b3c56b3c8,960044,8942464800,8942944800,d11a3b2cc14c313c08423b63ff9b801febb04d49d0830ce346facabf792b4b3b,0,0,3ddfe7072f331f88c55733fd4c9c460f53310a266050b0da57d0f9f267c393a7,saved_rule_based,1.63
section_00_source_train_normal_000942,train,source,normal,C,20260909T164559Z-450e1b8ddfcd90341ac5829f,20260909T164559Z-450e1b8ddfcd90341ac5829f-dg-cc6b2caad0c5-000108,4,none,none,fast,normal-fast-2,right,normal,clipped/audio_event_clean/normal/20260909T164559Z-450e1b8ddfcd90341ac5829f-dg-cc6b2caad0c5-000108_ch4.wav,3DPrinter/train/section_00_source_train_normal_000942.wav,e520900cf5f30e9fe8c72073e233fbeae99457325d2b335fc3be3616d983cbe2,960044,8942944800,8943424800,d11a3b2cc14c313c08423b63ff9b801febb04d49d0830ce346facabf792b4b3b,0,0,3ddfe7072f331f88c55733fd4c9c460f53310a266050b0da57d0f9f267c393a7,saved_rule_based,1.63
section_00_source_train_normal_000943,train,source,normal,C,20260909T164559Z-450e1b8ddfcd90341ac5829f,20260909T164559Z-450e1b8ddfcd90341ac5829f-dg-cc6b2caad0c5-000109,4,none,none,fast,normal-fast-2,right,normal,clipped/audio_event_clean/normal/20260909T164559Z-450e1b8ddfcd90341ac5829f-dg-cc6b2caad0c5-000109_ch4.wav,3DPrinter/train/section_00_source_train_normal_000943.wav,8c3a993a2e506e8915b1d467ec2c5170ad3bb4b91fe6c566a0cd5708ce97f7ae,960044,8943424800,8943904800,d11a3b2cc14c313c08423b63ff9b801febb04d49d0830ce346facabf792b4b3b,0,0,3ddfe7072f331f88c55733fd4c9c460f53310a266050b0da57d0f9f267c393a7,saved_rule_based,1.63
section_00_source_train_normal_000944,train,source,normal,C,20260909T164559Z-450e1b8ddfcd90341ac5829f,20260909T164559Z-450e1b8ddfcd90341ac5829f-dg-cc6b2caad0c5-000110,4,none,none,fast,normal-fast-2,right,normal,clipped/audio_event_clean/normal/20260909T164559Z-450e1b8ddfcd90341ac5829f-dg-cc6b2caad0c5-000110_ch4.wav,3DPrinter/train/section_00_source_train_normal_000944.wav,5e3b2270b271bde1be19082768a87a2ff73ee42f10c45da2f0f69879932868ad,960044,8943904800,8944384800,d11a3b2cc14c313c08423b63ff9b801febb04d49d0830ce346facabf792b4b3b,0,0,3ddfe7072f331f88c55733fd4c9c460f53310a266050b0da57d0f9f267c393a7,saved_rule_based,1.63
section_00_source_train_normal_000945,train,source,normal,C,20260909T164559Z-450e1b8ddfcd90341ac5829f,20260909T164559Z-450e1b8ddfcd90341ac5829f-dg-cc6b2caad0c5-000112,4,none,none,fast,normal-fast-2,right,normal,clipped/audio_event_clean/normal/20260909T164559Z-450e1b8ddfcd90341ac5829f-dg-cc6b2caad0c5-000112_ch4.wav,3DPrinter/train/section_00_source_train_normal_000945.wav,8b0c6574f18f284729be20b9424d848d2a250e0be72127f0a60a7126298a0e68,960044,8944864800,8945344800,d11a3b2cc14c313c08423b63ff9b801febb04d49d0830ce346facabf792b4b3b,0,0,3ddfe7072f331f88c55733fd4c9c460f53310a266050b0da57d0f9f267c393a7,saved_rule_based,1.63
section_00_source_train_normal_000946,train,source,normal,C,20260909T164559Z-450e1b8ddfcd90341ac5829f,20260909T164559Z-450e1b8ddfcd90341ac5829f-dg-cc6b2caad0c5-000113,4,none,none,fast,normal-fast-2,right,normal,clipped/audio_event_clean/normal/20260909T164559Z-450e1b8ddfcd90341ac5829f-dg-cc6b2caad0c5-000113_ch4.wav,3DPrinter/train/section_00_source_train_normal_000946.wav,bce9317b248f0a73d11890c81611ed8f973b49f47f9b1a1885ad5b2b04b19fe7,960044,8945344800,8945824800,d11a3b2cc14c313c08423b63ff9b801febb04d49d0830ce346facabf792b4b3b,0,0,3ddfe7072f331f88c55733fd4c9c460f53310a266050b0da57d0f9f267c393a7,saved_rule_based,1.63
section_00_source_train_normal_000947,train,source,normal,C,20260909T164559Z-450e1b8ddfcd90341ac5829f,20260909T164559Z-450e1b8ddfcd90341ac5829f-dg-cc6b2caad0c5-000114,4,none,none,fast,normal-fast-2,right,normal,clipped/audio_event_clean/normal/20260909T164559Z-450e1b8ddfcd90341ac5829f-dg-cc6b2caad0c5-000114_ch4.wav,3DPrinter/train/section_00_source_train_normal_000947.wav,1c541dc5fc7d9930716f0184a9c19987d32d725493a1da814b39bf5adc820547,960044,8945824800,8946304800,d11a3b2cc14c313c08423b63ff9b801febb04d49d0830ce346facabf792b4b3b,0,0,3ddfe7072f331f88c55733fd4c9c460f53310a266050b0da57d0f9f267c393a7,saved_rule_based,1.63
section_00_source_train_normal_000948,train,source,normal,C,20260909T164559Z-450e1b8ddfcd90341ac5829f,20260909T164559Z-450e1b8ddfcd90341ac5829f-dg-cc6b2caad0c5-000115,4,none,none,fast,normal-fast-2,right,normal,clipped/audio_event_clean/normal/20260909T164559Z-450e1b8ddfcd90341ac5829f-dg-cc6b2caad0c5-000115_ch4.wav,3DPrinter/train/section_00_source_train_normal_000948.wav,461e2c5fe38b4618ec6e6d82eb012e2405dfdfe1d8b5b355c86466bd6f45a564,960044,8946304800,8946784800,d11a3b2cc14c313c08423b63ff9b801febb04d49d0830ce346facabf792b4b3b,0,0,3ddfe7072f331f88c55733fd4c9c460f53310a266050b0da57d0f9f267c393a7,saved_rule_based,1.63
section_00_source_train_normal_000949,train,source,normal,C,20260909T164559Z-450e1b8ddfcd90341ac5829f,20260909T164559Z-450e1b8ddfcd90341ac5829f-dg-cc6b2caad0c5-000116,4,none,none,fast,normal-fast-2,right,normal,clipped/audio_event_clean/normal/20260909T164559Z-450e1b8ddfcd90341ac5829f-dg-cc6b2caad0c5-000116_ch4.wav,3DPrinter/train/section_00_source_train_normal_000949.wav,1ae6c4e263aefa00c4f0e93b9ceb6e06d859fecbbec9537a16534fa4c68e65e9,960044,8946784800,8947264800,d11a3b2cc14c313c08423b63ff9b801febb04d49d0830ce346facabf792b4b3b,0,0,3ddfe7072f331f88c55733fd4c9c460f53310a266050b0da57d0f9f267c393a7,saved_rule_based,1.63
section_00_source_train_normal_000950,train,source,normal,C,20260909T164559Z-450e1b8ddfcd90341ac5829f,20260909T164559Z-450e1b8ddfcd90341ac5829f-dg-cc6b2caad0c5-000117,4,none,none,fast,normal-fast-2,right,normal,clipped/audio_event_clean/normal/20260909T164559Z-450e1b8ddfcd90341ac5829f-dg-cc6b2caad0c5-000117_ch4.wav,3DPrinter/train/section_00_source_train_normal_000950.wav,a2854692f8cb2120c26d6bcce918ee4b17a717ea064cc94f8b54e6cfbbb40649,960044,8947264800,8947744800,d11a3b2cc14c313c08423b63ff9b801febb04d49d0830ce346facabf792b4b3b,0,0,3ddfe7072f331f88c55733fd4c9c460f53310a266050b0da57d0f9f267c393a7,saved_rule_based,1.63
section_00_source_train_normal_000951,train,source,normal,C,20260909T164559Z-450e1b8ddfcd90341ac5829f,20260909T164559Z-450e1b8ddfcd90341ac5829f-dg-cc6b2caad0c5-000118,4,none,none,fast,normal-fast-2,right,normal,clipped/audio_event_clean/normal/20260909T164559Z-450e1b8ddfcd90341ac5829f-dg-cc6b2caad0c5-000118_ch4.wav,3DPrinter/train/section_00_source_train_normal_000951.wav,195b0a276f45033bd40688b3ead204a38298fac8cf2970e2a0e48d6aaac68aaa,960044,8947744800,8948224800,d11a3b2cc14c313c08423b63ff9b801febb04d49d0830ce346facabf792b4b3b,0,0,3ddfe7072f331f88c55733fd4c9c460f53310a266050b0da57d0f9f267c393a7,saved_rule_based,1.63
section_00_source_train_normal_000952,train,source,normal,C,20260909T164559Z-450e1b8ddfcd90341ac5829f,20260909T164559Z-450e1b8ddfcd90341ac5829f-dg-cc6b2caad0c5-000119,4,none,none,fast,normal-fast-2,right,normal,clipped/audio_event_clean/normal/20260909T164559Z-450e1b8ddfcd90341ac5829f-dg-cc6b2caad0c5-000119_ch4.wav,3DPrinter/train/section_00_source_train_normal_000952.wav,a8615947bc6d207ef650fcc0f5581d6149920261e66a62673c342d3024084996,960044,8948224800,8948704800,d11a3b2cc14c313c08423b63ff9b801febb04d49d0830ce346facabf792b4b3b,0,0,3ddfe7072f331f88c55733fd4c9c460f53310a266050b0da57d0f9f267c393a7,saved_rule_based,1.63
section_00_source_train_normal_000953,train,source,normal,C,20260909T164559Z-450e1b8ddfcd90341ac5829f,20260909T164559Z-450e1b8ddfcd90341ac5829f-dg-cc6b2caad0c5-000121,4,none,none,fast,normal-fast-2,right,normal,clipped/audio_event_clean/normal/20260909T164559Z-450e1b8ddfcd90341ac5829f-dg-cc6b2caad0c5-000121_ch4.wav,3DPrinter/train/section_00_source_train_normal_000953.wav,c71f8098d89f37a21db0b8de427c45f3ef3d16c5f2717775a39e028b7b4636a5,960044,8949184800,8949664800,d11a3b2cc14c313c08423b63ff9b801febb04d49d0830ce346facabf792b4b3b,0,0,3ddfe7072f331f88c55733fd4c9c460f53310a266050b0da57d0f9f267c393a7,saved_rule_based,1.63
section_00_source_train_normal_000954,train,source,normal,C,20260909T164559Z-450e1b8ddfcd90341ac5829f,20260909T164559Z-450e1b8ddfcd90341ac5829f-dg-cc6b2caad0c5-000122,4,none,none,fast,normal-fast-2,right,normal,clipped/audio_event_clean/normal/20260909T164559Z-450e1b8ddfcd90341ac5829f-dg-cc6b2caad0c5-000122_ch4.wav,3DPrinter/train/section_00_source_train_normal_000954.wav,dc29e78c9e6de82682a5dcbd280122881a0b85752da3c9c29750caa8ffc7c61e,960044,8949664800,8950144800,d11a3b2cc14c313c08423b63ff9b801febb04d49d0830ce346facabf792b4b3b,0,0,3ddfe7072f331f88c55733fd4c9c460f53310a266050b0da57d0f9f267c393a7,saved_rule_based,1.63
section_00_source_train_normal_000955,train,source,normal,C,20260909T164559Z-450e1b8ddfcd90341ac5829f,20260909T164559Z-450e1b8ddfcd90341ac5829f-dg-cc6b2caad0c5-000123,4,none,none,fast,normal-fast-2,right,normal,clipped/audio_event_clean/normal/20260909T164559Z-450e1b8ddfcd90341ac5829f-dg-cc6b2caad0c5-000123_ch4.wav,3DPrinter/train/section_00_source_train_normal_000955.wav,1f056a34bfe6619cfb97bad721febcfcfa25e36dad4418da91b160671b6ac07e,960044,8950144800,8950624800,d11a3b2cc14c313c08423b63ff9b801febb04d49d0830ce346facabf792b4b3b,0,0,3ddfe7072f331f88c55733fd4c9c460f53310a266050b0da57d0f9f267c393a7,saved_rule_based,1.63
section_00_source_train_normal_000956,train,source,normal,C,20260909T164559Z-450e1b8ddfcd90341ac5829f,20260909T164559Z-450e1b8ddfcd90341ac5829f-dg-cc6b2caad0c5-000124,4,none,none,fast,normal-fast-2,right,normal,clipped/audio_event_clean/normal/20260909T164559Z-450e1b8ddfcd90341ac5829f-dg-cc6b2caad0c5-000124_ch4.wav,3DPrinter/train/section_00_source_train_normal_000956.wav,45f0c52445505b72b33fe8f4597091ad801b4cc18a88d630948bfe6958c478ab,960044,8950624800,8951104800,d11a3b2cc14c313c08423b63ff9b801febb04d49d0830ce346facabf792b4b3b,0,0,3ddfe7072f331f88c55733fd4c9c460f53310a266050b0da57d0f9f267c393a7,saved_rule_based,1.63
section_00_source_train_normal_000957,train,source,normal,C,20260909T164559Z-450e1b8ddfcd90341ac5829f,20260909T164559Z-450e1b8ddfcd90341ac5829f-dg-cc6b2caad0c5-000125,4,none,none,fast,normal-fast-2,right,normal,clipped/audio_event_clean/normal/20260909T164559Z-450e1b8ddfcd90341ac5829f-dg-cc6b2caad0c5-000125_ch4.wav,3DPrinter/train/section_00_source_train_normal_000957.wav,fa6a853ba5625d0d0c2417a13778fb632b4372b8a5ea3325d84efb18b2774fb0,960044,8951104800,8951584800,d11a3b2cc14c313c08423b63ff9b801febb04d49d0830ce346facabf792b4b3b,0,0,3ddfe7072f331f88c55733fd4c9c460f53310a266050b0da57d0f9f267c393a7,saved_rule_based,1.63
section_00_source_train_normal_000958,train,source,normal,C,20260909T164559Z-450e1b8ddfcd90341ac5829f,20260909T164559Z-450e1b8ddfcd90341ac5829f-dg-cc6b2caad0c5-000128,4,none,none,fast,normal-fast-2,right,normal,clipped/audio_event_clean/normal/20260909T164559Z-450e1b8ddfcd90341ac5829f-dg-cc6b2caad0c5-000128_ch4.wav,3DPrinter/train/section_00_source_train_normal_000958.wav,6c18084ff8b894461b4a9b40d88ec957ff614292a6bed313b91e2bdb837105bd,960044,8952544800,8953024800,d11a3b2cc14c313c08423b63ff9b801febb04d49d0830ce346facabf792b4b3b,0,0,3ddfe7072f331f88c55733fd4c9c460f53310a266050b0da57d0f9f267c393a7,saved_rule_based,1.63
section_00_source_train_normal_000959,train,source,normal,C,20260909T164559Z-450e1b8ddfcd90341ac5829f,20260909T164559Z-450e1b8ddfcd90341ac5829f-dg-cc6b2caad0c5-000129,4,none,none,fast,normal-fast-2,right,normal,clipped/audio_event_clean/normal/20260909T164559Z-450e1b8ddfcd90341ac5829f-dg-cc6b2caad0c5-000129_ch4.wav,3DPrinter/train/section_00_source_train_normal_000959.wav,84845695764d3de80f7d2eff2fad0734671388e5823878eac00a14f41dfef8fb,960044,8953024800,8953504800,d11a3b2cc14c313c08423b63ff9b801febb04d49d0830ce346facabf792b4b3b,0,0,3ddfe7072f331f88c55733fd4c9c460f53310a266050b0da57d0f9f267c393a7,saved_rule_based,1.63
section_00_source_train_normal_000960,train,source,normal,C,20260909T164559Z-450e1b8ddfcd90341ac5829f,20260909T164559Z-450e1b8ddfcd90341ac5829f-dg-cc6b2caad0c5-000130,4,none,none,fast,normal-fast-2,right,normal,clipped/audio_event_clean/normal/20260909T164559Z-450e1b8ddfcd90341ac5829f-dg-cc6b2caad0c5-000130_ch4.wav,3DPrinter/train/section_00_source_train_normal_000960.wav,934f4ce57c62e40ed5a5ea74142f3ec14619f431c95d5a7eb17b6dc839e308cd,960044,8953504800,8953984800,d11a3b2cc14c313c08423b63ff9b801febb04d49d0830ce346facabf792b4b3b,0,0,3ddfe7072f331f88c55733fd4c9c460f53310a266050b0da57d0f9f267c393a7,saved_rule_based,1.63
section_00_source_train_normal_000961,train,source,normal,C,20260909T164559Z-450e1b8ddfcd90341ac5829f,20260909T164559Z-450e1b8ddfcd90341ac5829f-dg-cc6b2caad0c5-000131,4,none,none,fast,normal-fast-2,right,normal,clipped/audio_event_clean/normal/20260909T164559Z-450e1b8ddfcd90341ac5829f-dg-cc6b2caad0c5-000131_ch4.wav,3DPrinter/train/section_00_source_train_normal_000961.wav,c95d1a500b120466e0eb453cd8f6be3926fa284f8e9d80e4a3978b476930a5f6,960044,8953984800,8954464800,d11a3b2cc14c313c08423b63ff9b801febb04d49d0830ce346facabf792b4b3b,0,0,3ddfe7072f331f88c55733fd4c9c460f53310a266050b0da57d0f9f267c393a7,saved_rule_based,1.63
section_00_source_train_normal_000962,train,source,normal,C,20260909T164559Z-450e1b8ddfcd90341ac5829f,20260909T164559Z-450e1b8ddfcd90341ac5829f-dg-cc6b2caad0c5-000132,4,none,none,fast,normal-fast-2,right,normal,clipped/audio_event_clean/normal/20260909T164559Z-450e1b8ddfcd90341ac5829f-dg-cc6b2caad0c5-000132_ch4.wav,3DPrinter/train/section_00_source_train_normal_000962.wav,e470c2645139ea325189f1452b366994ff7c2701fcb186ff21e6a6b630152b1e,960044,8954464800,8954944800,d11a3b2cc14c313c08423b63ff9b801febb04d49d0830ce346facabf792b4b3b,0,0,3ddfe7072f331f88c55733fd4c9c460f53310a266050b0da57d0f9f267c393a7,saved_rule_based,1.63
section_00_source_train_normal_000963,train,source,normal,C,20260909T164559Z-450e1b8ddfcd90341ac5829f,20260909T164559Z-450e1b8ddfcd90341ac5829f-dg-cc6b2caad0c5-000133,4,none,none,fast,normal-fast-2,right,normal,clipped/audio_event_clean/normal/20260909T164559Z-450e1b8ddfcd90341ac5829f-dg-cc6b2caad0c5-000133_ch4.wav,3DPrinter/train/section_00_source_train_normal_000963.wav,a86a90680b5f028ea11b2eb7088243fb771d084b911c56a36e4d039ed0bf5a7c,960044,8954944800,8955424800,d11a3b2cc14c313c08423b63ff9b801febb04d49d0830ce346facabf792b4b3b,0,0,3ddfe7072f331f88c55733fd4c9c460f53310a266050b0da57d0f9f267c393a7,saved_rule_based,1.63
section_00_source_train_normal_000964,train,source,normal,C,20260909T164559Z-450e1b8ddfcd90341ac5829f,20260909T164559Z-450e1b8ddfcd90341ac5829f-dg-cc6b2caad0c5-000134,4,none,none,fast,normal-fast-2,right,normal,clipped/audio_event_clean/normal/20260909T164559Z-450e1b8ddfcd90341ac5829f-dg-cc6b2caad0c5-000134_ch4.wav,3DPrinter/train/section_00_source_train_normal_000964.wav,49715f8c949b3a3785425295346ed42582ed4acb11cf14bde33609bc80650e54,960044,8955424800,8955904800,d11a3b2cc14c313c08423b63ff9b801febb04d49d0830ce346facabf792b4b3b,0,0,3ddfe7072f331f88c55733fd4c9c460f53310a266050b0da57d0f9f267c393a7,saved_rule_based,1.63
section_00_source_train_normal_000965,train,source,normal,C,20260909T164559Z-450e1b8ddfcd90341ac5829f,20260909T164559Z-450e1b8ddfcd90341ac5829f-dg-cc6b2caad0c5-000135,4,none,none,fast,normal-fast-2,right,normal,clipped/audio_event_clean/normal/20260909T164559Z-450e1b8ddfcd90341ac5829f-dg-cc6b2caad0c5-000135_ch4.wav,3DPrinter/train/section_00_source_train_normal_000965.wav,33e723e554cf026faf0b57677fdf6040e2a3edeefa3c8dfdf92d1957db3669e0,960044,8955904800,8956384800,d11a3b2cc14c313c08423b63ff9b801febb04d49d0830ce346facabf792b4b3b,0,0,3ddfe7072f331f88c55733fd4c9c460f53310a266050b0da57d0f9f267c393a7,saved_rule_based,1.63
section_00_source_train_normal_000966,train,source,normal,C,20260909T164559Z-450e1b8ddfcd90341ac5829f,20260909T164559Z-450e1b8ddfcd90341ac5829f-dg-cc6b2caad0c5-000136,4,none,none,fast,normal-fast-2,right,normal,clipped/audio_event_clean/normal/20260909T164559Z-450e1b8ddfcd90341ac5829f-dg-cc6b2caad0c5-000136_ch4.wav,3DPrinter/train/section_00_source_train_normal_000966.wav,dede1a34325d6470de4d4099333310660bff799125a363f0ddf5a14003a18a7c,960044,8956384800,8956864800,d11a3b2cc14c313c08423b63ff9b801febb04d49d0830ce346facabf792b4b3b,0,0,3ddfe7072f331f88c55733fd4c9c460f53310a266050b0da57d0f9f267c393a7,saved_rule_based,1.63
section_00_source_train_normal_000967,train,source,normal,C,20260909T164559Z-450e1b8ddfcd90341ac5829f,20260909T164559Z-450e1b8ddfcd90341ac5829f-dg-cc6b2caad0c5-000138,4,none,none,fast,normal-fast-2,right,normal,clipped/audio_event_clean/normal/20260909T164559Z-450e1b8ddfcd90341ac5829f-dg-cc6b2caad0c5-000138_ch4.wav,3DPrinter/train/section_00_source_train_normal_000967.wav,deebb9aa48f8adeb77fd85b2e0674bb922f2e45ca5a89205923e7d66660a97e8,960044,8957344800,8957824800,d11a3b2cc14c313c08423b63ff9b801febb04d49d0830ce346facabf792b4b3b,0,0,3ddfe7072f331f88c55733fd4c9c460f53310a266050b0da57d0f9f267c393a7,saved_rule_based,1.63
section_00_source_train_normal_000968,train,source,normal,C,20260909T164559Z-450e1b8ddfcd90341ac5829f,20260909T164559Z-450e1b8ddfcd90341ac5829f-dg-cc6b2caad0c5-000139,4,none,none,fast,normal-fast-2,right,normal,clipped/audio_event_clean/normal/20260909T164559Z-450e1b8ddfcd90341ac5829f-dg-cc6b2caad0c5-000139_ch4.wav,3DPrinter/train/section_00_source_train_normal_000968.wav,9497b70882e5a330a51d2c24fdb5cb5e6a9ceb1016245f532c140b35fd1cf618,960044,8957824800,8958304800,d11a3b2cc14c313c08423b63ff9b801febb04d49d0830ce346facabf792b4b3b,0,0,3ddfe7072f331f88c55733fd4c9c460f53310a266050b0da57d0f9f267c393a7,saved_rule_based,1.63
section_00_source_train_normal_000969,train,source,normal,C,20260909T164559Z-450e1b8ddfcd90341ac5829f,20260909T164559Z-450e1b8ddfcd90341ac5829f-dg-cc6b2caad0c5-000140,4,none,none,fast,normal-fast-2,right,normal,clipped/audio_event_clean/normal/20260909T164559Z-450e1b8ddfcd90341ac5829f-dg-cc6b2caad0c5-000140_ch4.wav,3DPrinter/train/section_00_source_train_normal_000969.wav,6bffca5e145825556b4a3f57d020738902fd8f704dd6cbe95415883046b278b8,960044,8958304800,8958784800,d11a3b2cc14c313c08423b63ff9b801febb04d49d0830ce346facabf792b4b3b,0,0,3ddfe7072f331f88c55733fd4c9c460f53310a266050b0da57d0f9f267c393a7,saved_rule_based,1.63
section_00_source_train_normal_000970,train,source,normal,C,20260909T164559Z-450e1b8ddfcd90341ac5829f,20260909T164559Z-450e1b8ddfcd90341ac5829f-dg-cc6b2caad0c5-000141,4,none,none,fast,normal-fast-2,right,normal,clipped/audio_event_clean/normal/20260909T164559Z-450e1b8ddfcd90341ac5829f-dg-cc6b2caad0c5-000141_ch4.wav,3DPrinter/train/section_00_source_train_normal_000970.wav,493df2bf655a436f7b8a498ac8b39f7fdd9e605bbd45e7e0b946cb79f93ffc5c,960044,8958784800,8959264800,d11a3b2cc14c313c08423b63ff9b801febb04d49d0830ce346facabf792b4b3b,0,0,3ddfe7072f331f88c55733fd4c9c460f53310a266050b0da57d0f9f267c393a7,saved_rule_based,1.63
section_00_source_train_normal_000971,train,source,normal,C,20260909T164559Z-450e1b8ddfcd90341ac5829f,20260909T164559Z-450e1b8ddfcd90341ac5829f-dg-cc6b2caad0c5-000142,4,none,none,fast,normal-fast-2,right,normal,clipped/audio_event_clean/normal/20260909T164559Z-450e1b8ddfcd90341ac5829f-dg-cc6b2caad0c5-000142_ch4.wav,3DPrinter/train/section_00_source_train_normal_000971.wav,f31f923e9d36659d5ab120140b11aea4412d2b5aed1efb66221ceca40a3f0c3c,960044,8959264800,8959744800,d11a3b2cc14c313c08423b63ff9b801febb04d49d0830ce346facabf792b4b3b,0,0,3ddfe7072f331f88c55733fd4c9c460f53310a266050b0da57d0f9f267c393a7,saved_rule_based,1.63
section_00_source_train_normal_000972,train,source,normal,C,20260909T164559Z-450e1b8ddfcd90341ac5829f,20260909T164559Z-450e1b8ddfcd90341ac5829f-dg-cc6b2caad0c5-000143,4,none,none,fast,normal-fast-2,right,normal,clipped/audio_event_clean/normal/20260909T164559Z-450e1b8ddfcd90341ac5829f-dg-cc6b2caad0c5-000143_ch4.wav,3DPrinter/train/section_00_source_train_normal_000972.wav,278e0cc13446b15b22df4d58139aa2835d84beb1c5fca8f62d734cc728450789,960044,8959744800,8960224800,d11a3b2cc14c313c08423b63ff9b801febb04d49d0830ce346facabf792b4b3b,0,0,3ddfe7072f331f88c55733fd4c9c460f53310a266050b0da57d0f9f267c393a7,saved_rule_based,1.63
section_00_source_train_normal_000973,train,source,normal,C,20260909T164559Z-450e1b8ddfcd90341ac5829f,20260909T164559Z-450e1b8ddfcd90341ac5829f-dg-cc6b2caad0c5-000144,4,none,none,fast,normal-fast-2,right,normal,clipped/audio_event_clean/normal/20260909T164559Z-450e1b8ddfcd90341ac5829f-dg-cc6b2caad0c5-000144_ch4.wav,3DPrinter/train/section_00_source_train_normal_000973.wav,bf4b6c7a2cac4ba4d6cd21a49669fb276d17c73cfb45dce148337f4c5421f811,960044,8960224800,8960704800,d11a3b2cc14c313c08423b63ff9b801febb04d49d0830ce346facabf792b4b3b,0,0,3ddfe7072f331f88c55733fd4c9c460f53310a266050b0da57d0f9f267c393a7,saved_rule_based,1.63
section_00_source_train_normal_000974,train,source,normal,C,20260909T164559Z-450e1b8ddfcd90341ac5829f,20260909T164559Z-450e1b8ddfcd90341ac5829f-dg-cc6b2caad0c5-000146,4,none,none,fast,normal-fast-2,right,normal,clipped/audio_event_clean/normal/20260909T164559Z-450e1b8ddfcd90341ac5829f-dg-cc6b2caad0c5-000146_ch4.wav,3DPrinter/train/section_00_source_train_normal_000974.wav,a4e3f1d1051cc1cd998b0133cb88a856c81892a9629d89b893361ef7cc4d12a6,960044,8961184800,8961664800,d11a3b2cc14c313c08423b63ff9b801febb04d49d0830ce346facabf792b4b3b,0,0,3ddfe7072f331f88c55733fd4c9c460f53310a266050b0da57d0f9f267c393a7,saved_rule_based,1.63
section_00_source_train_normal_000975,train,source,normal,C,20260909T164559Z-450e1b8ddfcd90341ac5829f,20260909T164559Z-450e1b8ddfcd90341ac5829f-dg-cc6b2caad0c5-000147,4,none,none,fast,normal-fast-2,right,normal,clipped/audio_event_clean/normal/20260909T164559Z-450e1b8ddfcd90341ac5829f-dg-cc6b2caad0c5-000147_ch4.wav,3DPrinter/train/section_00_source_train_normal_000975.wav,a98b79c5437447aaa747d64c36e6f937e2465686ba34baaea67963dcf711ca1d,960044,8961664800,8962144800,d11a3b2cc14c313c08423b63ff9b801febb04d49d0830ce346facabf792b4b3b,0,0,3ddfe7072f331f88c55733fd4c9c460f53310a266050b0da57d0f9f267c393a7,saved_rule_based,1.63
section_00_source_train_normal_000976,train,source,normal,C,20260909T164559Z-450e1b8ddfcd90341ac5829f,20260909T164559Z-450e1b8ddfcd90341ac5829f-dg-cc6b2caad0c5-000150,4,none,none,fast,normal-fast-2,right,normal,clipped/audio_event_clean/normal/20260909T164559Z-450e1b8ddfcd90341ac5829f-dg-cc6b2caad0c5-000150_ch4.wav,3DPrinter/train/section_00_source_train_normal_000976.wav,b7b8f102cb7bdada230e8dd0d2d76f33c6d67998e8e82b8464667d2dfdcc98d1,960044,8963104800,8963584800,d11a3b2cc14c313c08423b63ff9b801febb04d49d0830ce346facabf792b4b3b,0,0,3ddfe7072f331f88c55733fd4c9c460f53310a266050b0da57d0f9f267c393a7,saved_rule_based,1.63
section_00_source_train_normal_000977,train,source,normal,C,20260909T164559Z-450e1b8ddfcd90341ac5829f,20260909T164559Z-450e1b8ddfcd90341ac5829f-dg-cc6b2caad0c5-000151,4,none,none,fast,normal-fast-2,right,normal,clipped/audio_event_clean/normal/20260909T164559Z-450e1b8ddfcd90341ac5829f-dg-cc6b2caad0c5-000151_ch4.wav,3DPrinter/train/section_00_source_train_normal_000977.wav,c3a9092a35884d3727430af01c76d53428a07c4ad39ed468a75c54d45aaf5ea2,960044,8963584800,8964064800,d11a3b2cc14c313c08423b63ff9b801febb04d49d0830ce346facabf792b4b3b,0,0,3ddfe7072f331f88c55733fd4c9c460f53310a266050b0da57d0f9f267c393a7,saved_rule_based,1.63
section_00_source_train_normal_000978,train,source,normal,C,20260909T164559Z-450e1b8ddfcd90341ac5829f,20260909T164559Z-450e1b8ddfcd90341ac5829f-dg-cc6b2caad0c5-000153,4,none,none,fast,normal-fast-2,right,normal,clipped/audio_event_clean/normal/20260909T164559Z-450e1b8ddfcd90341ac5829f-dg-cc6b2caad0c5-000153_ch4.wav,3DPrinter/train/section_00_source_train_normal_000978.wav,eb15258508a0784fafc5db8643ea9186b68fd56257789e2ec863d7b9c424a3c2,960044,8964544800,8965024800,d11a3b2cc14c313c08423b63ff9b801febb04d49d0830ce346facabf792b4b3b,0,0,3ddfe7072f331f88c55733fd4c9c460f53310a266050b0da57d0f9f267c393a7,saved_rule_based,1.63
section_00_source_train_normal_000979,train,source,normal,C,20260909T164559Z-450e1b8ddfcd90341ac5829f,20260909T164559Z-450e1b8ddfcd90341ac5829f-dg-cc6b2caad0c5-000154,4,none,none,fast,normal-fast-2,right,normal,clipped/audio_event_clean/normal/20260909T164559Z-450e1b8ddfcd90341ac5829f-dg-cc6b2caad0c5-000154_ch4.wav,3DPrinter/train/section_00_source_train_normal_000979.wav,ea86ea58cb610381257735b06dcd74ab840351839b5482553f93582ccf41f695,960044,8965024800,8965504800,d11a3b2cc14c313c08423b63ff9b801febb04d49d0830ce346facabf792b4b3b,0,0,3ddfe7072f331f88c55733fd4c9c460f53310a266050b0da57d0f9f267c393a7,saved_rule_based,1.63
section_00_source_train_normal_000980,train,source,normal,C,20260909T164559Z-450e1b8ddfcd90341ac5829f,20260909T164559Z-450e1b8ddfcd90341ac5829f-dg-cc6b2caad0c5-000155,4,none,none,fast,normal-fast-2,right,normal,clipped/audio_event_clean/normal/20260909T164559Z-450e1b8ddfcd90341ac5829f-dg-cc6b2caad0c5-000155_ch4.wav,3DPrinter/train/section_00_source_train_normal_000980.wav,19f885519d64de49908d38c09ab6635018cc38a74583f5f5abb040eaf0eebb8e,960044,8965504800,8965984800,d11a3b2cc14c313c08423b63ff9b801febb04d49d0830ce346facabf792b4b3b,0,0,3ddfe7072f331f88c55733fd4c9c460f53310a266050b0da57d0f9f267c393a7,saved_rule_based,1.63
section_00_source_train_normal_000981,train,source,normal,C,20260909T164559Z-450e1b8ddfcd90341ac5829f,20260909T164559Z-450e1b8ddfcd90341ac5829f-dg-cc6b2caad0c5-000156,4,none,none,fast,normal-fast-2,right,normal,clipped/audio_event_clean/normal/20260909T164559Z-450e1b8ddfcd90341ac5829f-dg-cc6b2caad0c5-000156_ch4.wav,3DPrinter/train/section_00_source_train_normal_000981.wav,5b7ab4ca393fe2f0a68153c53ba62b06c468cf4baede23030cb3bce9263c55cd,960044,8965984800,8966464800,d11a3b2cc14c313c08423b63ff9b801febb04d49d0830ce346facabf792b4b3b,0,0,3ddfe7072f331f88c55733fd4c9c460f53310a266050b0da57d0f9f267c393a7,saved_rule_based,1.63
section_00_source_train_normal_000982,train,source,normal,C,20260909T164559Z-450e1b8ddfcd90341ac5829f,20260909T164559Z-450e1b8ddfcd90341ac5829f-dg-cc6b2caad0c5-000157,4,none,none,fast,normal-fast-2,right,normal,clipped/audio_event_clean/normal/20260909T164559Z-450e1b8ddfcd90341ac5829f-dg-cc6b2caad0c5-000157_ch4.wav,3DPrinter/train/section_00_source_train_normal_000982.wav,f6cf1e65cac1594ea8ffe9def55732ccf2ff73e3883a5ede444dfbf52205f7d9,960044,8966464800,8966944800,d11a3b2cc14c313c08423b63ff9b801febb04d49d0830ce346facabf792b4b3b,0,0,3ddfe7072f331f88c55733fd4c9c460f53310a266050b0da57d0f9f267c393a7,saved_rule_based,1.63
section_00_source_train_normal_000983,train,source,normal,C,20260909T164559Z-450e1b8ddfcd90341ac5829f,20260909T164559Z-450e1b8ddfcd90341ac5829f-dg-cc6b2caad0c5-000158,4,none,none,fast,normal-fast-2,right,normal,clipped/audio_event_clean/normal/20260909T164559Z-450e1b8ddfcd90341ac5829f-dg-cc6b2caad0c5-000158_ch4.wav,3DPrinter/train/section_00_source_train_normal_000983.wav,37a2fe0bb7ea5ea7bd8967e35dbedcd11bd1d66b35c1060b961763c04b97157c,960044,8966944800,8967424800,d11a3b2cc14c313c08423b63ff9b801febb04d49d0830ce346facabf792b4b3b,0,0,3ddfe7072f331f88c55733fd4c9c460f53310a266050b0da57d0f9f267c393a7,saved_rule_based,1.63
section_00_source_train_normal_000984,train,source,normal,C,20260909T164559Z-450e1b8ddfcd90341ac5829f,20260909T164559Z-450e1b8ddfcd90341ac5829f-dg-cc6b2caad0c5-000159,4,none,none,fast,normal-fast-2,right,normal,clipped/audio_event_clean/normal/20260909T164559Z-450e1b8ddfcd90341ac5829f-dg-cc6b2caad0c5-000159_ch4.wav,3DPrinter/train/section_00_source_train_normal_000984.wav,397e606b6a4cc89cf472fbcf320cf80536be4253ebf532cc2c4e80571a4d3655,960044,8967424800,8967904800,d11a3b2cc14c313c08423b63ff9b801febb04d49d0830ce346facabf792b4b3b,0,0,3ddfe7072f331f88c55733fd4c9c460f53310a266050b0da57d0f9f267c393a7,saved_rule_based,1.63
section_00_source_train_normal_000985,train,source,normal,C,20260909T164559Z-450e1b8ddfcd90341ac5829f,20260909T164559Z-450e1b8ddfcd90341ac5829f-dg-cc6b2caad0c5-000160,4,none,none,fast,normal-fast-2,right,normal,clipped/audio_event_clean/normal/20260909T164559Z-450e1b8ddfcd90341ac5829f-dg-cc6b2caad0c5-000160_ch4.wav,3DPrinter/train/section_00_source_train_normal_000985.wav,120637231a20afcfa3ccf4b2037791f507ab4d87bd382744be41ae4f663c08f0,960044,8967904800,8968384800,d11a3b2cc14c313c08423b63ff9b801febb04d49d0830ce346facabf792b4b3b,0,0,3ddfe7072f331f88c55733fd4c9c460f53310a266050b0da57d0f9f267c393a7,saved_rule_based,1.63
section_00_source_train_normal_000986,train,source,normal,C,20260909T164559Z-450e1b8ddfcd90341ac5829f,20260909T164559Z-450e1b8ddfcd90341ac5829f-dg-cc6b2caad0c5-000161,4,none,none,fast,normal-fast-2,right,normal,clipped/audio_event_clean/normal/20260909T164559Z-450e1b8ddfcd90341ac5829f-dg-cc6b2caad0c5-000161_ch4.wav,3DPrinter/train/section_00_source_train_normal_000986.wav,f303aa9b09ef9a43fa79b2e572ceae54867cfb9abf694a1c6a257ed43ac86728,960044,8968384800,8968864800,d11a3b2cc14c313c08423b63ff9b801febb04d49d0830ce346facabf792b4b3b,0,0,3ddfe7072f331f88c55733fd4c9c460f53310a266050b0da57d0f9f267c393a7,saved_rule_based,1.63
section_00_source_train_normal_000987,train,source,normal,C,20260909T164559Z-450e1b8ddfcd90341ac5829f,20260909T164559Z-450e1b8ddfcd90341ac5829f-dg-cc6b2caad0c5-000162,4,none,none,fast,normal-fast-2,right,normal,clipped/audio_event_clean/normal/20260909T164559Z-450e1b8ddfcd90341ac5829f-dg-cc6b2caad0c5-000162_ch4.wav,3DPrinter/train/section_00_source_train_normal_000987.wav,196dc2aac9330dc339c954fd2660de57d5431d954f6be15db2c485381b8ac515,960044,8968864800,8969344800,d11a3b2cc14c313c08423b63ff9b801febb04d49d0830ce346facabf792b4b3b,0,0,3ddfe7072f331f88c55733fd4c9c460f53310a266050b0da57d0f9f267c393a7,saved_rule_based,1.63
section_00_source_train_normal_000988,train,source,normal,C,20260909T164559Z-450e1b8ddfcd90341ac5829f,20260909T164559Z-450e1b8ddfcd90341ac5829f-dg-cc6b2caad0c5-000163,4,none,none,fast,normal-fast-2,right,normal,clipped/audio_event_clean/normal/20260909T164559Z-450e1b8ddfcd90341ac5829f-dg-cc6b2caad0c5-000163_ch4.wav,3DPrinter/train/section_00_source_train_normal_000988.wav,a4b4e991d1b9aebe6dad995f05dab7eec3e4a20c2cdbac755aa479cfe9fe90fe,960044,8969344800,8969824800,d11a3b2cc14c313c08423b63ff9b801febb04d49d0830ce346facabf792b4b3b,0,0,3ddfe7072f331f88c55733fd4c9c460f53310a266050b0da57d0f9f267c393a7,saved_rule_based,1.63
section_00_source_train_normal_000989,train,source,normal,C,20260909T164559Z-450e1b8ddfcd90341ac5829f,20260909T164559Z-450e1b8ddfcd90341ac5829f-dg-cc6b2caad0c5-000164,4,none,none,fast,normal-fast-2,right,normal,clipped/audio_event_clean/normal/20260909T164559Z-450e1b8ddfcd90341ac5829f-dg-cc6b2caad0c5-000164_ch4.wav,3DPrinter/train/section_00_source_train_normal_000989.wav,515cc459004f19cf32fbaeb30b0dbfac399c67402fffa6938d0fa85526d4068d,960044,8969824800,8970304800,d11a3b2cc14c313c08423b63ff9b801febb04d49d0830ce346facabf792b4b3b,0,0,3ddfe7072f331f88c55733fd4c9c460f53310a266050b0da57d0f9f267c393a7,saved_rule_based,1.63
section_00_target_train_normal_000000,train,target,normal,B,20260904T163207Z-3a704ddd8de6a623badbc7e1,20260904T163207Z-3a704ddd8de6a623badbc7e1-dg-cd11374eb51a-000254,1,none,none,slow,normal-slow-1,rear,normal,clipped/audio_event_clean/normal/20260904T163207Z-3a704ddd8de6a623badbc7e1-dg-cd11374eb51a-000254_ch1.wav,3DPrinter/train/section_00_target_train_normal_000000.wav,d4a6ee8c85c1527e33a6509b1d5efcd6519f4e0d4c7a71b0a1e26606ad92c1e5,960044,430600800,431080800,28c2eaad3353a03e6b407f92b09204b1bf97d1aa219009b7d21c4d701953e77f,0,0,802f3c261908f3e2e089368d45f0a944bfc163c5aff354242553bf974305ed1d,saved_rule_based,1.55
section_00_target_train_normal_000001,train,target,normal,B,20260904T172511Z-ad415a2a4c50dc17545694e5,20260904T172511Z-ad415a2a4c50dc17545694e5-dg-bead543a888d-000013,1,none,none,slow,normal-slow-2,rear,normal,clipped/audio_event_clean/normal/20260904T172511Z-ad415a2a4c50dc17545694e5-dg-bead543a888d-000013_ch1.wav,3DPrinter/train/section_00_target_train_normal_000001.wav,abad064d74677e0168155d1f0a0f8cad1450a586fec0d3b7d4ee94e8c46fec2e,960044,467776800,468256800,a11c9edf7d30e209b00dfc804588b4d2d286457d32725853a26985138bfe0fb7,0,0,23262abea4a78a15730cb9a904377c1f1d1cf4547ae64d53542b914fb33ec930,saved_rule_based,1.79
section_00_target_train_normal_000002,train,target,normal,B,20260904T172511Z-ad415a2a4c50dc17545694e5,20260904T172511Z-ad415a2a4c50dc17545694e5-dg-bead543a888d-000103,1,none,none,slow,normal-slow-2,rear,normal,clipped/audio_event_clean/normal/20260904T172511Z-ad415a2a4c50dc17545694e5-dg-bead543a888d-000103_ch1.wav,3DPrinter/train/section_00_target_train_normal_000002.wav,0472fe5c5efba198e6e5723e30f5e21be4bde01600a42b7b217ffb8c5fb6453b,960044,510976800,511456800,a11c9edf7d30e209b00dfc804588b4d2d286457d32725853a26985138bfe0fb7,0,0,23262abea4a78a15730cb9a904377c1f1d1cf4547ae64d53542b914fb33ec930,saved_rule_based,1.79
section_00_target_train_normal_000003,train,target,normal,B,20260904T172511Z-ad415a2a4c50dc17545694e5,20260904T172511Z-ad415a2a4c50dc17545694e5-dg-bead543a888d-000156,1,none,none,slow,normal-slow-2,rear,normal,clipped/audio_event_clean/normal/20260904T172511Z-ad415a2a4c50dc17545694e5-dg-bead543a888d-000156_ch1.wav,3DPrinter/train/section_00_target_train_normal_000003.wav,8caa97499457eecdd81656c55d32f121dc69164e87f6902f55692310d6fcbb7d,960044,536416800,536896800,a11c9edf7d30e209b00dfc804588b4d2d286457d32725853a26985138bfe0fb7,0,0,23262abea4a78a15730cb9a904377c1f1d1cf4547ae64d53542b914fb33ec930,saved_rule_based,1.79
section_00_target_train_normal_000004,train,target,normal,B,20260904T172511Z-ad415a2a4c50dc17545694e5,20260904T172511Z-ad415a2a4c50dc17545694e5-dg-bead543a888d-000216,1,none,none,slow,normal-slow-2,rear,normal,clipped/audio_event_clean/normal/20260904T172511Z-ad415a2a4c50dc17545694e5-dg-bead543a888d-000216_ch1.wav,3DPrinter/train/section_00_target_train_normal_000004.wav,0f5773573a48a3da89c658bee254bd80310bebc62177963fb39121803c7296ee,960044,565216800,565696800,a11c9edf7d30e209b00dfc804588b4d2d286457d32725853a26985138bfe0fb7,0,0,23262abea4a78a15730cb9a904377c1f1d1cf4547ae64d53542b914fb33ec930,saved_rule_based,1.79
section_00_target_train_normal_000005,train,target,normal,B,20260904T163207Z-3a704ddd8de6a623badbc7e1,20260904T163207Z-3a704ddd8de6a623badbc7e1-dg-cd11374eb51a-000019,3,none,none,slow,normal-slow-1,front,normal,clipped/audio_event_clean/normal/20260904T163207Z-3a704ddd8de6a623badbc7e1-dg-cd11374eb51a-000019_ch3.wav,3DPrinter/train/section_00_target_train_normal_000005.wav,39d1527c12655a949b67896a35263c6fc5064d86767f391df9fbac8c6847d775,960044,317800800,318280800,28c2eaad3353a03e6b407f92b09204b1bf97d1aa219009b7d21c4d701953e77f,0,0,802f3c261908f3e2e089368d45f0a944bfc163c5aff354242553bf974305ed1d,saved_rule_based,1.55
section_00_target_train_normal_000006,train,target,normal,B,20260904T163207Z-3a704ddd8de6a623badbc7e1,20260904T163207Z-3a704ddd8de6a623badbc7e1-dg-cd11374eb51a-000101,3,none,none,slow,normal-slow-1,front,normal,clipped/audio_event_clean/normal/20260904T163207Z-3a704ddd8de6a623badbc7e1-dg-cd11374eb51a-000101_ch3.wav,3DPrinter/train/section_00_target_train_normal_000006.wav,f3e79660484bd2cd2242aa7c2f39cde243eaa7ee8917141065c58c5b4cdda936,960044,357160800,357640800,28c2eaad3353a03e6b407f92b09204b1bf97d1aa219009b7d21c4d701953e77f,0,0,802f3c261908f3e2e089368d45f0a944bfc163c5aff354242553bf974305ed1d,saved_rule_based,1.55
section_00_target_train_normal_000007,train,target,normal,B,20260904T163207Z-3a704ddd8de6a623badbc7e1,20260904T163207Z-3a704ddd8de6a623badbc7e1-dg-cd11374eb51a-000186,3,none,none,slow,normal-slow-1,front,normal,clipped/audio_event_clean/normal/20260904T163207Z-3a704ddd8de6a623badbc7e1-dg-cd11374eb51a-000186_ch3.wav,3DPrinter/train/section_00_target_train_normal_000007.wav,c245cb069bf8a0e845bac7a856b4a4ba0e2d87bd70e0cb2f7af3eff36a680064,960044,397960800,398440800,28c2eaad3353a03e6b407f92b09204b1bf97d1aa219009b7d21c4d701953e77f,0,0,802f3c261908f3e2e089368d45f0a944bfc163c5aff354242553bf974305ed1d,saved_rule_based,1.55
section_00_target_train_normal_000008,train,target,normal,B,20260904T172511Z-ad415a2a4c50dc17545694e5,20260904T172511Z-ad415a2a4c50dc17545694e5-dg-bead543a888d-000006,3,none,none,slow,normal-slow-2,front,normal,clipped/audio_event_clean/normal/20260904T172511Z-ad415a2a4c50dc17545694e5-dg-bead543a888d-000006_ch3.wav,3DPrinter/train/section_00_target_train_normal_000008.wav,934022535b2d3ad029e08b92d432d68936fce6fe128fff0af21f2736588c9226,960044,464416800,464896800,a11c9edf7d30e209b00dfc804588b4d2d286457d32725853a26985138bfe0fb7,0,0,23262abea4a78a15730cb9a904377c1f1d1cf4547ae64d53542b914fb33ec930,saved_rule_based,1.79
section_00_target_train_normal_000009,train,target,normal,B,20260904T172511Z-ad415a2a4c50dc17545694e5,20260904T172511Z-ad415a2a4c50dc17545694e5-dg-bead543a888d-000154,3,none,none,slow,normal-slow-2,front,normal,clipped/audio_event_clean/normal/20260904T172511Z-ad415a2a4c50dc17545694e5-dg-bead543a888d-000154_ch3.wav,3DPrinter/train/section_00_target_train_normal_000009.wav,6f61e3ad30a1e3eec4524fb65aedb0b9ac0dede9f530fb8c363a57da555f5b78,960044,535456800,535936800,a11c9edf7d30e209b00dfc804588b4d2d286457d32725853a26985138bfe0fb7,0,0,23262abea4a78a15730cb9a904377c1f1d1cf4547ae64d53542b914fb33ec930,saved_rule_based,1.79
