sample_id,partition,domain,label,printer_id,session_id,clip_uid,channel_id,fault_family,fault_subtype,speed_profile,collection_slot,microphone_position,condition,audio_path,destination_audio_path,mono_wav_sha256,bytes,start_source_frame,end_source_frame_exclusive,source_interleaved_wav_sha256,fault_overlap_sec,fault_overlap_ratio,anchor_revision,anchor_source,delta_seconds
section_00_test_000000,test,source,anomaly,B,20260905T050107Z-563e5602acd70612935e3840,20260905T050107Z-563e5602acd70612935e3840-dg-d53fa15b5842-000120,1,belt_tension_abnormal,belt_b,slow,belt-b-low-v1-slow,rear,soft-anomaly,clipped/audio_event_clean/anomaly/20260905T050107Z-563e5602acd70612935e3840-dg-d53fa15b5842-000120_ch1.wav,3DPrinter/test/section_00_test_000000.wav,40737f978683346cbf1b05a15686572ca9f28604682b56f9840acd95a085d53a,960044,2523424800,2523904800,8668aa0bfb3d6867cca43d22dae55085000d4bdbe2635e63e9dd69323e2c09a3,10.0,1.0,a26a9ffe4e7a0b59045eb8f7f1313cd165b9ca438023de304162e35158cd3f27,saved_rule_based,1.69
section_00_test_000001,test,source,anomaly,B,20260905T050107Z-563e5602acd70612935e3840,20260905T050107Z-563e5602acd70612935e3840-dg-d53fa15b5842-000272,1,belt_tension_abnormal,belt_b,slow,belt-b-low-v1-slow,rear,soft-anomaly,clipped/audio_event_clean/anomaly/20260905T050107Z-563e5602acd70612935e3840-dg-d53fa15b5842-000272_ch1.wav,3DPrinter/test/section_00_test_000001.wav,e1965e24d6680d9987652ea4a68e77e096037952b5a4b5dc13b641904ea6e59c,960044,2596384800,2596864800,8668aa0bfb3d6867cca43d22dae55085000d4bdbe2635e63e9dd69323e2c09a3,3.44,0.344,a26a9ffe4e7a0b59045eb8f7f1313cd165b9ca438023de304162e35158cd3f27,saved_rule_based,1.69
section_00_test_000002,test,source,anomaly,B,20260905T065117Z-ff4c5a98a32203bfe9f91cab,20260905T065117Z-ff4c5a98a32203bfe9f91cab-dg-83942617f0a8-000247,1,belt_tension_abnormal,belt_a_b,slow,belt-ab-low-v1-slow,rear,soft-anomaly,clipped/audio_event_clean/anomaly/20260905T065117Z-ff4c5a98a32203bfe9f91cab-dg-83942617f0a8-000247_ch1.wav,3DPrinter/test/section_00_test_000002.wav,7a94574ca54a85ec75bb75ca5eedec368b9a4be8c93953334642206ca47e4120,960044,2901672000,2902152000,92de93e0cbea87c2f48d37c5741755f781726b98528c47ada12d4bd51bbccff6,10.0,1.0,d2262272fd8b566f5255c759d9b8842f189ef0913408fc9e392ff2be6ee50e06,saved_rule_based,1.63
section_00_test_000003,test,source,anomaly,B,20260905T065117Z-ff4c5a98a32203bfe9f91cab,20260905T065117Z-ff4c5a98a32203bfe9f91cab-dg-83942617f0a8-000267,1,belt_tension_abnormal,belt_a_b,slow,belt-ab-low-v1-slow,rear,soft-anomaly,clipped/audio_event_clean/anomaly/20260905T065117Z-ff4c5a98a32203bfe9f91cab-dg-83942617f0a8-000267_ch1.wav,3DPrinter/test/section_00_test_000003.wav,26b98095ffdd6f96144680747a956e1ec6876b8755fb212840583c90720fc4de,960044,2911272000,2911752000,92de93e0cbea87c2f48d37c5741755f781726b98528c47ada12d4bd51bbccff6,6.75,0.675,d2262272fd8b566f5255c759d9b8842f189ef0913408fc9e392ff2be6ee50e06,saved_rule_based,1.63
section_00_test_000004,test,source,anomaly,B,20260905T091955Z-0ec9ac6a2a604ed98ae7628a,20260905T091955Z-0ec9ac6a2a604ed98ae7628a-dg-46b0b9c346d2-000075,1,belt_tension_abnormal,belt_a,slow,belt-a-low-v1-slow,rear,soft-anomaly,clipped/audio_event_clean/anomaly/20260905T091955Z-0ec9ac6a2a604ed98ae7628a-dg-46b0b9c346d2-000075_ch1.wav,3DPrinter/test/section_00_test_000004.wav,89a987758d0e50ec596c4213f98501e9ad27daa60165398f9ec812034bfd0091,960044,3247164000,3247644000,91abdd0ae8a047464f949cb0288f4b77142533d1976a73382cb1212cfff5df8b,9.41,0.941,e0ea696df7f60e9e7345b296c5b0d45ffc22c519fc11ccf17c73186eb5eac7a8,saved_rule_based,1.83
section_00_test_000005,test,source,anomaly,B,20260905T091955Z-0ec9ac6a2a604ed98ae7628a,20260905T091955Z-0ec9ac6a2a604ed98ae7628a-dg-46b0b9c346d2-000083,1,belt_tension_abnormal,belt_a,slow,belt-a-low-v1-slow,rear,soft-anomaly,clipped/audio_event_clean/anomaly/20260905T091955Z-0ec9ac6a2a604ed98ae7628a-dg-46b0b9c346d2-000083_ch1.wav,3DPrinter/test/section_00_test_000005.wav,e3e8d308c44121ed14827c09c5ed457707ff4127bbf8fa17f856dc97affae8b8,960044,3251004000,3251484000,91abdd0ae8a047464f949cb0288f4b77142533d1976a73382cb1212cfff5df8b,9.07,0.907,e0ea696df7f60e9e7345b296c5b0d45ffc22c519fc11ccf17c73186eb5eac7a8,saved_rule_based,1.83
section_00_test_000006,test,source,anomaly,B,20260905T091955Z-0ec9ac6a2a604ed98ae7628a,20260905T091955Z-0ec9ac6a2a604ed98ae7628a-dg-46b0b9c346d2-000156,1,belt_tension_abnormal,belt_a,slow,belt-a-low-v1-slow,rear,soft-anomaly,clipped/audio_event_clean/anomaly/20260905T091955Z-0ec9ac6a2a604ed98ae7628a-dg-46b0b9c346d2-000156_ch1.wav,3DPrinter/test/section_00_test_000006.wav,58e86eff4ecb2f7fb59470b83edf6712adb3717a10b07f65ed08be44a760c9d4,960044,3286044000,3286524000,91abdd0ae8a047464f949cb0288f4b77142533d1976a73382cb1212cfff5df8b,5.14,0.514,e0ea696df7f60e9e7345b296c5b0d45ffc22c519fc11ccf17c73186eb5eac7a8,saved_rule_based,1.83
section_00_test_000007,test,source,anomaly,B,20260905T145828Z-e26ab8e484b6efbd52f1acc1,20260905T145828Z-e26ab8e484b6efbd52f1acc1-dg-08aae5bf848d-000009,1,extruder_cogging_or_no_extrusion,extruder_cogging_or_no_extrusion,slow,extruder-cogging-slow,rear,hard-anomaly,clipped/audio_event_clean/anomaly/20260905T145828Z-e26ab8e484b6efbd52f1acc1-dg-08aae5bf848d-000009_ch1.wav,3DPrinter/test/section_00_test_000007.wav,b01460a8966659074b7b3ef11a4495953d21408d670b359ba54d013e5c18ed5c,960044,55924800,56404800,52277bad1e5ac7b5327875b6e72a00464afd2a6691dc9b79d3a887f8faf520fd,10.0,1.0,36e531064a1b0477e34241318d4a9aeca7b2d8e75be7dc6299b26a87ed820e0c,saved_rule_based,1.75
section_00_test_000008,test,source,anomaly,B,20260905T145828Z-e26ab8e484b6efbd52f1acc1,20260905T145828Z-e26ab8e484b6efbd52f1acc1-dg-08aae5bf848d-000067,1,extruder_cogging_or_no_extrusion,extruder_cogging_or_no_extrusion,slow,extruder-cogging-slow,rear,hard-anomaly,clipped/audio_event_clean/anomaly/20260905T145828Z-e26ab8e484b6efbd52f1acc1-dg-08aae5bf848d-000067_ch1.wav,3DPrinter/test/section_00_test_000008.wav,e074fa986bdaaa59b426f02e7dc4f6d372174076cc8956a53ad1071cae8f5239,960044,83764800,84244800,52277bad1e5ac7b5327875b6e72a00464afd2a6691dc9b79d3a887f8faf520fd,9.5,0.95,36e531064a1b0477e34241318d4a9aeca7b2d8e75be7dc6299b26a87ed820e0c,saved_rule_based,1.75
section_00_test_000009,test,source,anomaly,B,20260905T145828Z-e26ab8e484b6efbd52f1acc1,20260905T145828Z-e26ab8e484b6efbd52f1acc1-dg-08aae5bf848d-000171,1,extruder_cogging_or_no_extrusion,extruder_cogging_or_no_extrusion,slow,extruder-cogging-slow,rear,hard-anomaly,clipped/audio_event_clean/anomaly/20260905T145828Z-e26ab8e484b6efbd52f1acc1-dg-08aae5bf848d-000171_ch1.wav,3DPrinter/test/section_00_test_000009.wav,f6ff56251f02e3d9c0a923db98a0fccab75283fa00b8ac589b7258ea997d156e,960044,133684800,134164800,52277bad1e5ac7b5327875b6e72a00464afd2a6691dc9b79d3a887f8faf520fd,9.5,0.95,36e531064a1b0477e34241318d4a9aeca7b2d8e75be7dc6299b26a87ed820e0c,saved_rule_based,1.75
section_00_test_000010,test,source,anomaly,B,20260905T145828Z-e26ab8e484b6efbd52f1acc1,20260905T145828Z-e26ab8e484b6efbd52f1acc1-dg-08aae5bf848d-000198,1,extruder_cogging_or_no_extrusion,extruder_cogging_or_no_extrusion,slow,extruder-cogging-slow,rear,hard-anomaly,clipped/audio_event_clean/anomaly/20260905T145828Z-e26ab8e484b6efbd52f1acc1-dg-08aae5bf848d-000198_ch1.wav,3DPrinter/test/section_00_test_000010.wav,0fd35c9d16c7198979ed327695a6e160b8acc656b34ff63db63c40e1f9a0fadc,960044,146644800,147124800,52277bad1e5ac7b5327875b6e72a00464afd2a6691dc9b79d3a887f8faf520fd,9.5,0.95,36e531064a1b0477e34241318d4a9aeca7b2d8e75be7dc6299b26a87ed820e0c,saved_rule_based,1.75
section_00_test_000011,test,source,anomaly,B,20260905T145828Z-e26ab8e484b6efbd52f1acc1,20260905T145828Z-e26ab8e484b6efbd52f1acc1-dg-08aae5bf848d-000235,1,extruder_cogging_or_no_extrusion,extruder_cogging_or_no_extrusion,slow,extruder-cogging-slow,rear,hard-anomaly,clipped/audio_event_clean/anomaly/20260905T145828Z-e26ab8e484b6efbd52f1acc1-dg-08aae5bf848d-000235_ch1.wav,3DPrinter/test/section_00_test_000011.wav,5d343347196ba5216e2b8ae871a17b3ae2e36f7ab7a55c308237f16cc9c63a43,960044,164404800,164884800,52277bad1e5ac7b5327875b6e72a00464afd2a6691dc9b79d3a887f8faf520fd,9.5,0.95,36e531064a1b0477e34241318d4a9aeca7b2d8e75be7dc6299b26a87ed820e0c,saved_rule_based,1.75
section_00_test_000012,test,source,anomaly,B,20260905T145828Z-e26ab8e484b6efbd52f1acc1,20260905T145828Z-e26ab8e484b6efbd52f1acc1-dg-08aae5bf848d-000299,1,extruder_cogging_or_no_extrusion,extruder_cogging_or_no_extrusion,slow,extruder-cogging-slow,rear,hard-anomaly,clipped/audio_event_clean/anomaly/20260905T145828Z-e26ab8e484b6efbd52f1acc1-dg-08aae5bf848d-000299_ch1.wav,3DPrinter/test/section_00_test_000012.wav,fca62d7d52349842bd54b18f271342a413937399fd4ac1abdd6f29a062cd2eda,960044,195124800,195604800,52277bad1e5ac7b5327875b6e72a00464afd2a6691dc9b79d3a887f8faf520fd,10.0,1.0,36e531064a1b0477e34241318d4a9aeca7b2d8e75be7dc6299b26a87ed820e0c,saved_rule_based,1.75
section_00_test_000013,test,source,anomaly,B,20260906T033116Z-0586ff9054959f9204f6cde4,20260906T033116Z-0586ff9054959f9204f6cde4-dg-1ed7ad1ed3c8-000078,1,toolhead_collision,collision_x-min,slow,toolhead-collision-x-min-slow,rear,hard-anomaly,clipped/audio_event_clean/anomaly/20260906T033116Z-0586ff9054959f9204f6cde4-dg-1ed7ad1ed3c8-000078_ch1.wav,3DPrinter/test/section_00_test_000013.wav,7f98fc4b5aa72e67bd35b51f4339a56a8a3f8511dba2eb2df0fd8175d871b430,960044,199180800,199660800,0f5a84926688b1f8599ab09210196cc5e71cc64db14a109aaa93e9bcdc9e5d7c,1.22,0.122,,frozen_r3_collision,1.22
section_00_test_000014,test,source,anomaly,B,20260906T085412Z-5489b83342d7e2fba29031b6,20260906T085412Z-5489b83342d7e2fba29031b6-dg-d0b7d9918dfc-000014,1,toolhead_collision,collision_x-max,slow,toolhead-collision-x-max-slow,rear,hard-anomaly,clipped/audio_event_clean/anomaly/20260906T085412Z-5489b83342d7e2fba29031b6-dg-d0b7d9918dfc-000014_ch1.wav,3DPrinter/test/section_00_test_000014.wav,f8a065b18c49107da82087cdbb0dbe8e5e7c0f040989f8caaed78c9a450b6ec9,960044,10104000,10584000,d4603091e9aebe603cc5958042ece4f7ce2b8c2a1bcb6912717434fda78ec4d8,2.24,0.224,,frozen_r3_collision,1.32
section_00_test_000015,test,source,anomaly,B,20260906T092852Z-b2f259b9c6ca413c5493d6af,20260906T092852Z-b2f259b9c6ca413c5493d6af-dg-2cdedaa876a9-000055,1,toolhead_collision,collision_y-max,slow,toolhead-collision-y-max-slow,rear,hard-anomaly,clipped/audio_event_clean/anomaly/20260906T092852Z-b2f259b9c6ca413c5493d6af-dg-2cdedaa876a9-000055_ch1.wav,3DPrinter/test/section_00_test_000015.wav,cc559c2b3c44371a4b3b4b560e26b4006b5535920b8e770577e1c4a4e6f37a55,960044,129600000,130080000,77ddbd112a5c4308e6b7eef10c7a20145275937e64c84617a0e231a6a615e7ca,0.78,0.078,,frozen_r3_collision,1.08
section_00_test_000016,test,source,anomaly,B,20260906T092852Z-b2f259b9c6ca413c5493d6af,20260906T092852Z-b2f259b9c6ca413c5493d6af-dg-2cdedaa876a9-000116,1,toolhead_collision,collision_y-max,slow,toolhead-collision-y-max-slow,rear,hard-anomaly,clipped/audio_event_clean/anomaly/20260906T092852Z-b2f259b9c6ca413c5493d6af-dg-2cdedaa876a9-000116_ch1.wav,3DPrinter/test/section_00_test_000016.wav,b6a10b3293cb98f558d4ef3eaa1af1c96089e4fff692e08f397f02da591ea268,960044,158880000,159360000,77ddbd112a5c4308e6b7eef10c7a20145275937e64c84617a0e231a6a615e7ca,0.18,0.018,,frozen_r3_collision,1.08
section_00_test_000017,test,source,anomaly,B,20260906T100342Z-59979407ad61cc09639d1b0a,20260906T100342Z-59979407ad61cc09639d1b0a-dg-f7f1015b587b-000005,1,toolhead_collision,collision_x-min-y-max,slow,toolhead-collision-x-min-y-max-slow,rear,hard-anomaly,clipped/audio_event_clean/anomaly/20260906T100342Z-59979407ad61cc09639d1b0a-dg-f7f1015b587b-000005_ch1.wav,3DPrinter/test/section_00_test_000017.wav,310143dde7f12a2f3cea41e69b0c3a190386493c2ad0dece762c7cc1444db0c5,960044,205968000,206448000,659285aa2877af9a750eb6af026e998dd64f5c7f4dc16f38ef34401468fa6272,0.62,0.062,,frozen_r3_collision,1.14
section_00_test_000018,test,source,anomaly,B,20260906T104126Z-e58f1f7c38bf0a54c280b3ef,20260906T104126Z-e58f1f7c38bf0a54c280b3ef-dg-8f4af5b2f3d9-000013,1,toolhead_collision,collision_x-max-y-max,slow,toolhead-collision-x-max-y-max-slow,rear,hard-anomaly,clipped/audio_event_clean/anomaly/20260906T104126Z-e58f1f7c38bf0a54c280b3ef-dg-8f4af5b2f3d9-000013_ch1.wav,3DPrinter/test/section_00_test_000018.wav,8c873ce5e76afa86628edb85de5701cbfdbce75f96d020cea01d57c4a07de640,960044,318480000,318960000,a2e2fd632b2f9ca0d734a2053f8e6b935974a4d69a884eabb1483cb89d96c714,0.3742083333333333,0.037420833333333334,,frozen_r3_collision,1.18
section_00_test_000019,test,source,anomaly,B,20260906T131853Z-2be35f053fd4b32b11ffc479,20260906T131853Z-2be35f053fd4b32b11ffc479-dg-47d95fda2175-000036,1,cooling_fan_fault,cooling_fan_fault,slow,fan-blade-damage-bilateral-v3-slow,rear,hard-anomaly,clipped/audio_event_clean/anomaly/20260906T131853Z-2be35f053fd4b32b11ffc479-dg-47d95fda2175-000036_ch1.wav,3DPrinter/test/section_00_test_000019.wav,d71928593877386f6bae257298c09de20a8554a51d402880f9d2d524e5cc9087,960044,782632800,783112800,5939a5ad0927967b708777b329cfc571ba80f5ce4b131cd52563992c58869a1a,10.0,1.0,2e9f198250bbf8f72b0e404a1a5728955812c4451cf2a290897a82f836380df8,saved_rule_based,1.73
section_00_test_000020,test,source,anomaly,B,20260906T131853Z-2be35f053fd4b32b11ffc479,20260906T131853Z-2be35f053fd4b32b11ffc479-dg-47d95fda2175-000043,1,cooling_fan_fault,cooling_fan_fault,slow,fan-blade-damage-bilateral-v3-slow,rear,hard-anomaly,clipped/audio_event_clean/anomaly/20260906T131853Z-2be35f053fd4b32b11ffc479-dg-47d95fda2175-000043_ch1.wav,3DPrinter/test/section_00_test_000020.wav,c9e941910f14ee8fde2f3314c202125734cf5e954e17bf13b83f0f6a063da372,960044,785992800,786472800,5939a5ad0927967b708777b329cfc571ba80f5ce4b131cd52563992c58869a1a,10.0,1.0,2e9f198250bbf8f72b0e404a1a5728955812c4451cf2a290897a82f836380df8,saved_rule_based,1.73
section_00_test_000021,test,source,anomaly,B,20260906T131853Z-2be35f053fd4b32b11ffc479,20260906T131853Z-2be35f053fd4b32b11ffc479-dg-47d95fda2175-000071,1,cooling_fan_fault,cooling_fan_fault,slow,fan-blade-damage-bilateral-v3-slow,rear,hard-anomaly,clipped/audio_event_clean/anomaly/20260906T131853Z-2be35f053fd4b32b11ffc479-dg-47d95fda2175-000071_ch1.wav,3DPrinter/test/section_00_test_000021.wav,4bd43ad29f0ed8bae8e49f4b9e5f1692dc88a476c601fcf5cfcb9fb83d2d4119,960044,799432800,799912800,5939a5ad0927967b708777b329cfc571ba80f5ce4b131cd52563992c58869a1a,10.0,1.0,2e9f198250bbf8f72b0e404a1a5728955812c4451cf2a290897a82f836380df8,saved_rule_based,1.73
section_00_test_000022,test,source,anomaly,B,20260906T131853Z-2be35f053fd4b32b11ffc479,20260906T131853Z-2be35f053fd4b32b11ffc479-dg-47d95fda2175-000141,1,cooling_fan_fault,cooling_fan_fault,slow,fan-blade-damage-bilateral-v3-slow,rear,hard-anomaly,clipped/audio_event_clean/anomaly/20260906T131853Z-2be35f053fd4b32b11ffc479-dg-47d95fda2175-000141_ch1.wav,3DPrinter/test/section_00_test_000022.wav,058d4acb44349303fdb0be9e03f596f941022f75e18f760bc0805abdab3941cb,960044,833032800,833512800,5939a5ad0927967b708777b329cfc571ba80f5ce4b131cd52563992c58869a1a,10.0,1.0,2e9f198250bbf8f72b0e404a1a5728955812c4451cf2a290897a82f836380df8,saved_rule_based,1.73
section_00_test_000023,test,source,anomaly,B,20260906T131853Z-2be35f053fd4b32b11ffc479,20260906T131853Z-2be35f053fd4b32b11ffc479-dg-47d95fda2175-000153,1,cooling_fan_fault,cooling_fan_fault,slow,fan-blade-damage-bilateral-v3-slow,rear,hard-anomaly,clipped/audio_event_clean/anomaly/20260906T131853Z-2be35f053fd4b32b11ffc479-dg-47d95fda2175-000153_ch1.wav,3DPrinter/test/section_00_test_000023.wav,111fc2bb93bc262ee2caf29086473881ff5eb05dc6813abfdacca1f3590701ac,960044,838792800,839272800,5939a5ad0927967b708777b329cfc571ba80f5ce4b131cd52563992c58869a1a,10.0,1.0,2e9f198250bbf8f72b0e404a1a5728955812c4451cf2a290897a82f836380df8,saved_rule_based,1.73
section_00_test_000024,test,source,anomaly,B,20260906T131853Z-2be35f053fd4b32b11ffc479,20260906T131853Z-2be35f053fd4b32b11ffc479-dg-47d95fda2175-000195,1,cooling_fan_fault,cooling_fan_fault,slow,fan-blade-damage-bilateral-v3-slow,rear,hard-anomaly,clipped/audio_event_clean/anomaly/20260906T131853Z-2be35f053fd4b32b11ffc479-dg-47d95fda2175-000195_ch1.wav,3DPrinter/test/section_00_test_000024.wav,67ea63b439a842f570d0b9fdbb9a2ff01c083cd2840c96622767f9b1cc6646f7,960044,858952800,859432800,5939a5ad0927967b708777b329cfc571ba80f5ce4b131cd52563992c58869a1a,10.0,1.0,2e9f198250bbf8f72b0e404a1a5728955812c4451cf2a290897a82f836380df8,saved_rule_based,1.73
section_00_test_000025,test,source,anomaly,B,20260905T050107Z-563e5602acd70612935e3840,20260905T050107Z-563e5602acd70612935e3840-dg-d53fa15b5842-000039,2,belt_tension_abnormal,belt_b,slow,belt-b-low-v1-slow,left,soft-anomaly,clipped/audio_event_clean/anomaly/20260905T050107Z-563e5602acd70612935e3840-dg-d53fa15b5842-000039_ch2.wav,3DPrinter/test/section_00_test_000025.wav,9c57efc0fc19e25b3a2a1068a4323dff62e6606306ce0308416c438e92d06ffe,960044,2484544800,2485024800,8668aa0bfb3d6867cca43d22dae55085000d4bdbe2635e63e9dd69323e2c09a3,7.55,0.755,a26a9ffe4e7a0b59045eb8f7f1313cd165b9ca438023de304162e35158cd3f27,saved_rule_based,1.69
section_00_test_000026,test,source,anomaly,B,20260905T050107Z-563e5602acd70612935e3840,20260905T050107Z-563e5602acd70612935e3840-dg-d53fa15b5842-000282,2,belt_tension_abnormal,belt_b,slow,belt-b-low-v1-slow,left,soft-anomaly,clipped/audio_event_clean/anomaly/20260905T050107Z-563e5602acd70612935e3840-dg-d53fa15b5842-000282_ch2.wav,3DPrinter/test/section_00_test_000026.wav,5b380431dd09739201ea761fe632d0055b4c01d3584c9526419046e16f60a9bf,960044,2601184800,2601664800,8668aa0bfb3d6867cca43d22dae55085000d4bdbe2635e63e9dd69323e2c09a3,6.94,0.694,a26a9ffe4e7a0b59045eb8f7f1313cd165b9ca438023de304162e35158cd3f27,saved_rule_based,1.69
section_00_test_000027,test,source,anomaly,B,20260905T065117Z-ff4c5a98a32203bfe9f91cab,20260905T065117Z-ff4c5a98a32203bfe9f91cab-dg-83942617f0a8-000023,2,belt_tension_abnormal,belt_a_b,slow,belt-ab-low-v1-slow,left,soft-anomaly,clipped/audio_event_clean/anomaly/20260905T065117Z-ff4c5a98a32203bfe9f91cab-dg-83942617f0a8-000023_ch2.wav,3DPrinter/test/section_00_test_000027.wav,43273ebd7944188a1dc2067e4da296179f7c675267898440014451e74c1db498,960044,2794152000,2794632000,92de93e0cbea87c2f48d37c5741755f781726b98528c47ada12d4bd51bbccff6,4.35,0.435,d2262272fd8b566f5255c759d9b8842f189ef0913408fc9e392ff2be6ee50e06,saved_rule_based,1.63
section_00_test_000028,test,source,anomaly,B,20260905T065117Z-ff4c5a98a32203bfe9f91cab,20260905T065117Z-ff4c5a98a32203bfe9f91cab-dg-83942617f0a8-000155,2,belt_tension_abnormal,belt_a_b,slow,belt-ab-low-v1-slow,left,soft-anomaly,clipped/audio_event_clean/anomaly/20260905T065117Z-ff4c5a98a32203bfe9f91cab-dg-83942617f0a8-000155_ch2.wav,3DPrinter/test/section_00_test_000028.wav,e9f8c0340de8e224b699175fbb0e5defc5f4143261e746590f2b66ae9f5cac25,960044,2857512000,2857992000,92de93e0cbea87c2f48d37c5741755f781726b98528c47ada12d4bd51bbccff6,9.45,0.945,d2262272fd8b566f5255c759d9b8842f189ef0913408fc9e392ff2be6ee50e06,saved_rule_based,1.63
section_00_test_000029,test,source,anomaly,B,20260905T091955Z-0ec9ac6a2a604ed98ae7628a,20260905T091955Z-0ec9ac6a2a604ed98ae7628a-dg-46b0b9c346d2-000078,2,belt_tension_abnormal,belt_a,slow,belt-a-low-v1-slow,left,soft-anomaly,clipped/audio_event_clean/anomaly/20260905T091955Z-0ec9ac6a2a604ed98ae7628a-dg-46b0b9c346d2-000078_ch2.wav,3DPrinter/test/section_00_test_000029.wav,cb133f7fccd21a9f9607b715a4c4729e1431af98c94de76e32177d5b6987f827,960044,3248604000,3249084000,91abdd0ae8a047464f949cb0288f4b77142533d1976a73382cb1212cfff5df8b,6.48,0.648,e0ea696df7f60e9e7345b296c5b0d45ffc22c519fc11ccf17c73186eb5eac7a8,saved_rule_based,1.83
section_00_test_000030,test,source,anomaly,B,20260905T091955Z-0ec9ac6a2a604ed98ae7628a,20260905T091955Z-0ec9ac6a2a604ed98ae7628a-dg-46b0b9c346d2-000273,2,belt_tension_abnormal,belt_a,slow,belt-a-low-v1-slow,left,soft-anomaly,clipped/audio_event_clean/anomaly/20260905T091955Z-0ec9ac6a2a604ed98ae7628a-dg-46b0b9c346d2-000273_ch2.wav,3DPrinter/test/section_00_test_000030.wav,e45bcbf71753892293ab1c4ca466c485058b1a919f8c3a560ea0c3302934d0bd,960044,3342204000,3342684000,91abdd0ae8a047464f949cb0288f4b77142533d1976a73382cb1212cfff5df8b,5.34,0.534,e0ea696df7f60e9e7345b296c5b0d45ffc22c519fc11ccf17c73186eb5eac7a8,saved_rule_based,1.83
section_00_test_000031,test,source,anomaly,B,20260905T145828Z-e26ab8e484b6efbd52f1acc1,20260905T145828Z-e26ab8e484b6efbd52f1acc1-dg-08aae5bf848d-000007,2,extruder_cogging_or_no_extrusion,extruder_cogging_or_no_extrusion,slow,extruder-cogging-slow,left,hard-anomaly,clipped/audio_event_clean/anomaly/20260905T145828Z-e26ab8e484b6efbd52f1acc1-dg-08aae5bf848d-000007_ch2.wav,3DPrinter/test/section_00_test_000031.wav,18d6b820ef3c92ac7f83cdc7ce5465743b5793b27bb1423b5f7b43db3792f7c3,960044,54964800,55444800,52277bad1e5ac7b5327875b6e72a00464afd2a6691dc9b79d3a887f8faf520fd,10.0,1.0,36e531064a1b0477e34241318d4a9aeca7b2d8e75be7dc6299b26a87ed820e0c,saved_rule_based,1.75
section_00_test_000032,test,source,anomaly,B,20260905T145828Z-e26ab8e484b6efbd52f1acc1,20260905T145828Z-e26ab8e484b6efbd52f1acc1-dg-08aae5bf848d-000033,2,extruder_cogging_or_no_extrusion,extruder_cogging_or_no_extrusion,slow,extruder-cogging-slow,left,hard-anomaly,clipped/audio_event_clean/anomaly/20260905T145828Z-e26ab8e484b6efbd52f1acc1-dg-08aae5bf848d-000033_ch2.wav,3DPrinter/test/section_00_test_000032.wav,09fd0a5842a36805631753a49ff424d3ebfad3f36c3a45a6b447a8aee5e2a003,960044,67444800,67924800,52277bad1e5ac7b5327875b6e72a00464afd2a6691dc9b79d3a887f8faf520fd,10.0,1.0,36e531064a1b0477e34241318d4a9aeca7b2d8e75be7dc6299b26a87ed820e0c,saved_rule_based,1.75
section_00_test_000033,test,source,anomaly,B,20260905T145828Z-e26ab8e484b6efbd52f1acc1,20260905T145828Z-e26ab8e484b6efbd52f1acc1-dg-08aae5bf848d-000097,2,extruder_cogging_or_no_extrusion,extruder_cogging_or_no_extrusion,slow,extruder-cogging-slow,left,hard-anomaly,clipped/audio_event_clean/anomaly/20260905T145828Z-e26ab8e484b6efbd52f1acc1-dg-08aae5bf848d-000097_ch2.wav,3DPrinter/test/section_00_test_000033.wav,74892726726b1781cb5d5999c11f6ff1868c32fb91059b3f0a63b135e1081636,960044,98164800,98644800,52277bad1e5ac7b5327875b6e72a00464afd2a6691dc9b79d3a887f8faf520fd,10.0,1.0,36e531064a1b0477e34241318d4a9aeca7b2d8e75be7dc6299b26a87ed820e0c,saved_rule_based,1.75
section_00_test_000034,test,source,anomaly,B,20260905T145828Z-e26ab8e484b6efbd52f1acc1,20260905T145828Z-e26ab8e484b6efbd52f1acc1-dg-08aae5bf848d-000107,2,extruder_cogging_or_no_extrusion,extruder_cogging_or_no_extrusion,slow,extruder-cogging-slow,left,hard-anomaly,clipped/audio_event_clean/anomaly/20260905T145828Z-e26ab8e484b6efbd52f1acc1-dg-08aae5bf848d-000107_ch2.wav,3DPrinter/test/section_00_test_000034.wav,32619cf7b4b65def3bd68b10139f563a255617473f3cf189d7a515ecb5c2fdfc,960044,102964800,103444800,52277bad1e5ac7b5327875b6e72a00464afd2a6691dc9b79d3a887f8faf520fd,9.75,0.975,36e531064a1b0477e34241318d4a9aeca7b2d8e75be7dc6299b26a87ed820e0c,saved_rule_based,1.75
section_00_test_000035,test,source,anomaly,B,20260905T145828Z-e26ab8e484b6efbd52f1acc1,20260905T145828Z-e26ab8e484b6efbd52f1acc1-dg-08aae5bf848d-000217,2,extruder_cogging_or_no_extrusion,extruder_cogging_or_no_extrusion,slow,extruder-cogging-slow,left,hard-anomaly,clipped/audio_event_clean/anomaly/20260905T145828Z-e26ab8e484b6efbd52f1acc1-dg-08aae5bf848d-000217_ch2.wav,3DPrinter/test/section_00_test_000035.wav,bf702a2dfb664c17b1cf0d241551f693809e584ca20c2c18e47f51f9ad91052c,960044,155764800,156244800,52277bad1e5ac7b5327875b6e72a00464afd2a6691dc9b79d3a887f8faf520fd,9.5,0.95,36e531064a1b0477e34241318d4a9aeca7b2d8e75be7dc6299b26a87ed820e0c,saved_rule_based,1.75
section_00_test_000036,test,source,anomaly,B,20260905T145828Z-e26ab8e484b6efbd52f1acc1,20260905T145828Z-e26ab8e484b6efbd52f1acc1-dg-08aae5bf848d-000260,2,extruder_cogging_or_no_extrusion,extruder_cogging_or_no_extrusion,slow,extruder-cogging-slow,left,hard-anomaly,clipped/audio_event_clean/anomaly/20260905T145828Z-e26ab8e484b6efbd52f1acc1-dg-08aae5bf848d-000260_ch2.wav,3DPrinter/test/section_00_test_000036.wav,86eae2397f9301b568a35137f5d81b36fefe8e1ef26f16c113837f51137ff3ba,960044,176404800,176884800,52277bad1e5ac7b5327875b6e72a00464afd2a6691dc9b79d3a887f8faf520fd,9.0,0.9,36e531064a1b0477e34241318d4a9aeca7b2d8e75be7dc6299b26a87ed820e0c,saved_rule_based,1.75
section_00_test_000037,test,source,anomaly,B,20260906T033116Z-0586ff9054959f9204f6cde4,20260906T033116Z-0586ff9054959f9204f6cde4-dg-1ed7ad1ed3c8-000129,2,toolhead_collision,collision_x-min,slow,toolhead-collision-x-min-slow,left,hard-anomaly,clipped/audio_event_clean/anomaly/20260906T033116Z-0586ff9054959f9204f6cde4-dg-1ed7ad1ed3c8-000129_ch2.wav,3DPrinter/test/section_00_test_000037.wav,008290dabe29d34f49abaaa1a8cf65e3285c52e6177dba3c1b3021fa9311826a,960044,223660800,224140800,0f5a84926688b1f8599ab09210196cc5e71cc64db14a109aaa93e9bcdc9e5d7c,0.74,0.074,,frozen_r3_collision,1.22
section_00_test_000038,test,source,anomaly,B,20260906T085412Z-5489b83342d7e2fba29031b6,20260906T085412Z-5489b83342d7e2fba29031b6-dg-d0b7d9918dfc-000089,2,toolhead_collision,collision_x-max,slow,toolhead-collision-x-max-slow,left,hard-anomaly,clipped/audio_event_clean/anomaly/20260906T085412Z-5489b83342d7e2fba29031b6-dg-d0b7d9918dfc-000089_ch2.wav,3DPrinter/test/section_00_test_000038.wav,f7038ea443cc83fb2b260b63784e6a3458b3ba39d688bc0860ffbf4c5507df0e,960044,46104000,46584000,d4603091e9aebe603cc5958042ece4f7ce2b8c2a1bcb6912717434fda78ec4d8,0.11,0.011,,frozen_r3_collision,1.32
section_00_test_000039,test,source,anomaly,B,20260906T092852Z-b2f259b9c6ca413c5493d6af,20260906T092852Z-b2f259b9c6ca413c5493d6af-dg-2cdedaa876a9-000014,2,toolhead_collision,collision_y-max,slow,toolhead-collision-y-max-slow,left,hard-anomaly,clipped/audio_event_clean/anomaly/20260906T092852Z-b2f259b9c6ca413c5493d6af-dg-2cdedaa876a9-000014_ch2.wav,3DPrinter/test/section_00_test_000039.wav,11beca36c70e62ab86777112f5a57d84e5cbfa148935771d934ac484ae18e3ae,960044,109920000,110400000,77ddbd112a5c4308e6b7eef10c7a20145275937e64c84617a0e231a6a615e7ca,0.33,0.033,,frozen_r3_collision,1.08
section_00_test_000040,test,source,anomaly,B,20260906T100342Z-59979407ad61cc09639d1b0a,20260906T100342Z-59979407ad61cc09639d1b0a-dg-f7f1015b587b-000043,2,toolhead_collision,collision_x-min-y-max,slow,toolhead-collision-x-min-y-max-slow,left,hard-anomaly,clipped/audio_event_clean/anomaly/20260906T100342Z-59979407ad61cc09639d1b0a-dg-f7f1015b587b-000043_ch2.wav,3DPrinter/test/section_00_test_000040.wav,5bffb0d0eddd063a80facfe16c990fad536e6b3a78052a609272fa4bdccf5972,960044,224208000,224688000,659285aa2877af9a750eb6af026e998dd64f5c7f4dc16f38ef34401468fa6272,0.94,0.094,,frozen_r3_collision,1.14
section_00_test_000041,test,source,anomaly,B,20260906T100342Z-59979407ad61cc09639d1b0a,20260906T100342Z-59979407ad61cc09639d1b0a-dg-f7f1015b587b-000046,2,toolhead_collision,collision_x-min-y-max,slow,toolhead-collision-x-min-y-max-slow,left,hard-anomaly,clipped/audio_event_clean/anomaly/20260906T100342Z-59979407ad61cc09639d1b0a-dg-f7f1015b587b-000046_ch2.wav,3DPrinter/test/section_00_test_000041.wav,61b06507e5f9691ba9a04e2feaebd4df12298cb46ba7b9e1131c1f8f59c0bb82,960044,225648000,226128000,659285aa2877af9a750eb6af026e998dd64f5c7f4dc16f38ef34401468fa6272,0.64,0.064,,frozen_r3_collision,1.14
section_00_test_000042,test,source,anomaly,B,20260906T104126Z-e58f1f7c38bf0a54c280b3ef,20260906T104126Z-e58f1f7c38bf0a54c280b3ef-dg-8f4af5b2f3d9-000091,2,toolhead_collision,collision_x-max-y-max,slow,toolhead-collision-x-max-y-max-slow,left,hard-anomaly,clipped/audio_event_clean/anomaly/20260906T104126Z-e58f1f7c38bf0a54c280b3ef-dg-8f4af5b2f3d9-000091_ch2.wav,3DPrinter/test/section_00_test_000042.wav,64bc0f310bde7e7568f21bdf62ff88ac59b2412cb0183052a417b7724d31242e,960044,355920000,356400000,a2e2fd632b2f9ca0d734a2053f8e6b935974a4d69a884eabb1483cb89d96c714,0.2,0.02,,frozen_r3_collision,1.18
section_00_test_000043,test,source,anomaly,B,20260906T131853Z-2be35f053fd4b32b11ffc479,20260906T131853Z-2be35f053fd4b32b11ffc479-dg-47d95fda2175-000037,2,cooling_fan_fault,cooling_fan_fault,slow,fan-blade-damage-bilateral-v3-slow,left,hard-anomaly,clipped/audio_event_clean/anomaly/20260906T131853Z-2be35f053fd4b32b11ffc479-dg-47d95fda2175-000037_ch2.wav,3DPrinter/test/section_00_test_000043.wav,947d0e282230816f2e60dee3247b048ad5a1415246f27627b377edb8537b98ed,960044,783112800,783592800,5939a5ad0927967b708777b329cfc571ba80f5ce4b131cd52563992c58869a1a,10.0,1.0,2e9f198250bbf8f72b0e404a1a5728955812c4451cf2a290897a82f836380df8,saved_rule_based,1.73
section_00_test_000044,test,source,anomaly,B,20260906T131853Z-2be35f053fd4b32b11ffc479,20260906T131853Z-2be35f053fd4b32b11ffc479-dg-47d95fda2175-000050,2,cooling_fan_fault,cooling_fan_fault,slow,fan-blade-damage-bilateral-v3-slow,left,hard-anomaly,clipped/audio_event_clean/anomaly/20260906T131853Z-2be35f053fd4b32b11ffc479-dg-47d95fda2175-000050_ch2.wav,3DPrinter/test/section_00_test_000044.wav,b21e43595535a7d63742f90b605eeaeda22937882be16c36ab96c0d126244d49,960044,789352800,789832800,5939a5ad0927967b708777b329cfc571ba80f5ce4b131cd52563992c58869a1a,10.0,1.0,2e9f198250bbf8f72b0e404a1a5728955812c4451cf2a290897a82f836380df8,saved_rule_based,1.73
section_00_test_000045,test,source,anomaly,B,20260906T131853Z-2be35f053fd4b32b11ffc479,20260906T131853Z-2be35f053fd4b32b11ffc479-dg-47d95fda2175-000092,2,cooling_fan_fault,cooling_fan_fault,slow,fan-blade-damage-bilateral-v3-slow,left,hard-anomaly,clipped/audio_event_clean/anomaly/20260906T131853Z-2be35f053fd4b32b11ffc479-dg-47d95fda2175-000092_ch2.wav,3DPrinter/test/section_00_test_000045.wav,64eb8385cde2f47e5715aed079c5240fd30763a126fa7a07130bb6ee3d76b171,960044,809512800,809992800,5939a5ad0927967b708777b329cfc571ba80f5ce4b131cd52563992c58869a1a,10.0,1.0,2e9f198250bbf8f72b0e404a1a5728955812c4451cf2a290897a82f836380df8,saved_rule_based,1.73
section_00_test_000046,test,source,anomaly,B,20260906T131853Z-2be35f053fd4b32b11ffc479,20260906T131853Z-2be35f053fd4b32b11ffc479-dg-47d95fda2175-000096,2,cooling_fan_fault,cooling_fan_fault,slow,fan-blade-damage-bilateral-v3-slow,left,hard-anomaly,clipped/audio_event_clean/anomaly/20260906T131853Z-2be35f053fd4b32b11ffc479-dg-47d95fda2175-000096_ch2.wav,3DPrinter/test/section_00_test_000046.wav,68aa82c1831322707342931fe6d0e9c6d5b9c26e797ce5d77cc27b0db54a200c,960044,811432800,811912800,5939a5ad0927967b708777b329cfc571ba80f5ce4b131cd52563992c58869a1a,10.0,1.0,2e9f198250bbf8f72b0e404a1a5728955812c4451cf2a290897a82f836380df8,saved_rule_based,1.73
section_00_test_000047,test,source,anomaly,B,20260906T131853Z-2be35f053fd4b32b11ffc479,20260906T131853Z-2be35f053fd4b32b11ffc479-dg-47d95fda2175-000219,2,cooling_fan_fault,cooling_fan_fault,slow,fan-blade-damage-bilateral-v3-slow,left,hard-anomaly,clipped/audio_event_clean/anomaly/20260906T131853Z-2be35f053fd4b32b11ffc479-dg-47d95fda2175-000219_ch2.wav,3DPrinter/test/section_00_test_000047.wav,c0a339878d1c05420822554fa417b0300f295fe63cbfa7d2ea65c9310f5409b8,960044,870472800,870952800,5939a5ad0927967b708777b329cfc571ba80f5ce4b131cd52563992c58869a1a,10.0,1.0,2e9f198250bbf8f72b0e404a1a5728955812c4451cf2a290897a82f836380df8,saved_rule_based,1.73
section_00_test_000048,test,source,anomaly,B,20260906T131853Z-2be35f053fd4b32b11ffc479,20260906T131853Z-2be35f053fd4b32b11ffc479-dg-47d95fda2175-000259,2,cooling_fan_fault,cooling_fan_fault,slow,fan-blade-damage-bilateral-v3-slow,left,hard-anomaly,clipped/audio_event_clean/anomaly/20260906T131853Z-2be35f053fd4b32b11ffc479-dg-47d95fda2175-000259_ch2.wav,3DPrinter/test/section_00_test_000048.wav,1097adb84f4a411235ef64359419a90d234edbdf00cd40800da626a809075c6e,960044,889672800,890152800,5939a5ad0927967b708777b329cfc571ba80f5ce4b131cd52563992c58869a1a,10.0,1.0,2e9f198250bbf8f72b0e404a1a5728955812c4451cf2a290897a82f836380df8,saved_rule_based,1.73
section_00_test_000049,test,source,anomaly,B,20260906T131853Z-2be35f053fd4b32b11ffc479,20260906T131853Z-2be35f053fd4b32b11ffc479-dg-47d95fda2175-000296,2,cooling_fan_fault,cooling_fan_fault,slow,fan-blade-damage-bilateral-v3-slow,left,hard-anomaly,clipped/audio_event_clean/anomaly/20260906T131853Z-2be35f053fd4b32b11ffc479-dg-47d95fda2175-000296_ch2.wav,3DPrinter/test/section_00_test_000049.wav,d8490a9008cd99d2c61f4266ea2710f0d702ab3d77e44ef37501373d9dbe659f,960044,907432800,907912800,5939a5ad0927967b708777b329cfc571ba80f5ce4b131cd52563992c58869a1a,10.0,1.0,2e9f198250bbf8f72b0e404a1a5728955812c4451cf2a290897a82f836380df8,saved_rule_based,1.73
section_00_test_000050,test,source,anomaly,C,20260911T062746Z-8628c833dd8d1af4d084e0c9,20260911T062746Z-8628c833dd8d1af4d084e0c9-dg-38420dcd27ea-000027,1,belt_tension_abnormal,belt_a,slow,belt-a-low-v1-slow,rear,soft-anomaly,clipped/audio_event_clean/anomaly/20260911T062746Z-8628c833dd8d1af4d084e0c9-dg-38420dcd27ea-000027_ch1.wav,3DPrinter/test/section_00_test_000050.wav,00429786e769da69a904bbf6fbac2e525385beb46812a35b15ccbac10455a482,960044,15417996000,15418476000,9d8f1740c41c6fe34ea0255ae7efda677c3dd778eb7c3bbbab33d1723bb8170c,3.33,0.333,976c152ff985d7d8bc8021c73a4af604032f30e43b3d8c17c5c609e5f563e994,saved_rule_based,1.79
section_00_test_000051,test,source,anomaly,C,20260911T062746Z-8628c833dd8d1af4d084e0c9,20260911T062746Z-8628c833dd8d1af4d084e0c9-dg-38420dcd27ea-000259,1,belt_tension_abnormal,belt_a,slow,belt-a-low-v1-slow,rear,soft-anomaly,clipped/audio_event_clean/anomaly/20260911T062746Z-8628c833dd8d1af4d084e0c9-dg-38420dcd27ea-000259_ch1.wav,3DPrinter/test/section_00_test_000051.wav,2941540f57340beeb13b232d3b89914576c5deee935db5b14a10e11874175d7c,960044,15529356000,15529836000,9d8f1740c41c6fe34ea0255ae7efda677c3dd778eb7c3bbbab33d1723bb8170c,7.58,0.758,976c152ff985d7d8bc8021c73a4af604032f30e43b3d8c17c5c609e5f563e994,saved_rule_based,1.79
section_00_test_000052,test,source,anomaly,C,20260911T084310Z-12b191ec07a70cae009d66fe,20260911T084310Z-12b191ec07a70cae009d66fe-dg-37e2d4edf3f8-000040,1,belt_tension_abnormal,belt_a_b,slow,belt-ab-low-v1-slow,rear,soft-anomaly,clipped/audio_event_clean/anomaly/20260911T084310Z-12b191ec07a70cae009d66fe-dg-37e2d4edf3f8-000040_ch1.wav,3DPrinter/test/section_00_test_000052.wav,09564c1c063ffb19c4da36408332235f1da2bfba051d114de904caf4453348f4,960044,15814176000,15814656000,8af8e68ecc527fc4b96565d2dbd103e1b58666c97f2997a1f1bf938c3e9429f8,10.0,1.0,1ed9849fc3054ebecafd0510fdeeeb8e42fff8957bef14c2a2b9d0f438a15526,saved_rule_based,1.69
section_00_test_000053,test,source,anomaly,C,20260911T084310Z-12b191ec07a70cae009d66fe,20260911T084310Z-12b191ec07a70cae009d66fe-dg-37e2d4edf3f8-000177,1,belt_tension_abnormal,belt_a_b,slow,belt-ab-low-v1-slow,rear,soft-anomaly,clipped/audio_event_clean/anomaly/20260911T084310Z-12b191ec07a70cae009d66fe-dg-37e2d4edf3f8-000177_ch1.wav,3DPrinter/test/section_00_test_000053.wav,557297f9e3874fe02d6576af696ea463e31e4dc0ace8da21a94b590dae17e400,960044,15879936000,15880416000,8af8e68ecc527fc4b96565d2dbd103e1b58666c97f2997a1f1bf938c3e9429f8,10.0,1.0,1ed9849fc3054ebecafd0510fdeeeb8e42fff8957bef14c2a2b9d0f438a15526,saved_rule_based,1.69
section_00_test_000054,test,source,anomaly,C,20260911T110745Z-ba9a2e722e22d755dab3a21e,20260911T110745Z-ba9a2e722e22d755dab3a21e-dg-c0c817cb1014-000130,1,belt_tension_abnormal,belt_b,slow,belt-b-low-v1-slow,rear,soft-anomaly,clipped/audio_event_clean/anomaly/20260911T110745Z-ba9a2e722e22d755dab3a21e-dg-c0c817cb1014-000130_ch1.wav,3DPrinter/test/section_00_test_000054.wav,357f643d4d7f9caa6c97399377089ff974fee0c39502cac9e80910371d68d8dd,960044,16273776000,16274256000,9fd733321a3a2f8818a9ce871cf54c994d3f3d34d26f59312389de2b326f5120,10.0,1.0,3765ee7d5f1c7308b8ee5b04a921461afcf881a4c086c16379bc8d0890a16268,saved_human,1.7483125
section_00_test_000055,test,source,anomaly,C,20260911T110745Z-ba9a2e722e22d755dab3a21e,20260911T110745Z-ba9a2e722e22d755dab3a21e-dg-c0c817cb1014-000238,1,belt_tension_abnormal,belt_b,slow,belt-b-low-v1-slow,rear,soft-anomaly,clipped/audio_event_clean/anomaly/20260911T110745Z-ba9a2e722e22d755dab3a21e-dg-c0c817cb1014-000238_ch1.wav,3DPrinter/test/section_00_test_000055.wav,baaa2ccc809882b1d16dea626796643d0b6b87fbe9583909bd54134e7888a323,960044,16325616000,16326096000,9fd733321a3a2f8818a9ce871cf54c994d3f3d34d26f59312389de2b326f5120,10.0,1.0,3765ee7d5f1c7308b8ee5b04a921461afcf881a4c086c16379bc8d0890a16268,saved_human,1.7483125
section_00_test_000056,test,source,anomaly,C,20260911T140107Z-6298938e045830bd5d5cd47e,20260911T140107Z-6298938e045830bd5d5cd47e-dg-0e9ff36dc3a9-000019,1,extruder_cogging_or_no_extrusion,extruder_cogging_or_no_extrusion,slow,extruder-cogging-slow,rear,hard-anomaly,clipped/audio_event_clean/anomaly/20260911T140107Z-6298938e045830bd5d5cd47e-dg-0e9ff36dc3a9-000019_ch1.wav,3DPrinter/test/section_00_test_000056.wav,99ac108cc74a51bd08906b953b63ed127cf7ebdee1f83f68cfcb72d8a90bff08,960044,16719828000,16720308000,fdc677b35061bc23803b18703172619f135dd80a13eb37762dd5c9f1ee255192,10.0,1.0,56a3afc3c6992476f9a1666d25be54d23f3d5eb6cb85ae24734ac4a90dd41924,saved_human,1.8196666666666668
section_00_test_000057,test,source,anomaly,C,20260911T140107Z-6298938e045830bd5d5cd47e,20260911T140107Z-6298938e045830bd5d5cd47e-dg-0e9ff36dc3a9-000091,1,extruder_cogging_or_no_extrusion,extruder_cogging_or_no_extrusion,slow,extruder-cogging-slow,rear,hard-anomaly,clipped/audio_event_clean/anomaly/20260911T140107Z-6298938e045830bd5d5cd47e-dg-0e9ff36dc3a9-000091_ch1.wav,3DPrinter/test/section_00_test_000057.wav,a1dcb87b7b1953484303cd318f490e7430b5d7097b0374f882e2b354be0f4884,960044,16754388000,16754868000,fdc677b35061bc23803b18703172619f135dd80a13eb37762dd5c9f1ee255192,10.0,1.0,56a3afc3c6992476f9a1666d25be54d23f3d5eb6cb85ae24734ac4a90dd41924,saved_human,1.8196666666666668
section_00_test_000058,test,source,anomaly,C,20260911T140107Z-6298938e045830bd5d5cd47e,20260911T140107Z-6298938e045830bd5d5cd47e-dg-0e9ff36dc3a9-000095,1,extruder_cogging_or_no_extrusion,extruder_cogging_or_no_extrusion,slow,extruder-cogging-slow,rear,hard-anomaly,clipped/audio_event_clean/anomaly/20260911T140107Z-6298938e045830bd5d5cd47e-dg-0e9ff36dc3a9-000095_ch1.wav,3DPrinter/test/section_00_test_000058.wav,b74f3e8fbe813e1f735b2b755fd9cc892a4edc1aa08c9f9a52f22e1b2c0b47c1,960044,16756308000,16756788000,fdc677b35061bc23803b18703172619f135dd80a13eb37762dd5c9f1ee255192,9.75,0.975,56a3afc3c6992476f9a1666d25be54d23f3d5eb6cb85ae24734ac4a90dd41924,saved_human,1.8196666666666668
section_00_test_000059,test,source,anomaly,C,20260911T140107Z-6298938e045830bd5d5cd47e,20260911T140107Z-6298938e045830bd5d5cd47e-dg-0e9ff36dc3a9-000127,1,extruder_cogging_or_no_extrusion,extruder_cogging_or_no_extrusion,slow,extruder-cogging-slow,rear,hard-anomaly,clipped/audio_event_clean/anomaly/20260911T140107Z-6298938e045830bd5d5cd47e-dg-0e9ff36dc3a9-000127_ch1.wav,3DPrinter/test/section_00_test_000059.wav,71ce442b4114a372bef86b61f26a06be5f3215e8cafb31de5b126f28ba93cfb2,960044,16771668000,16772148000,fdc677b35061bc23803b18703172619f135dd80a13eb37762dd5c9f1ee255192,9.45,0.945,56a3afc3c6992476f9a1666d25be54d23f3d5eb6cb85ae24734ac4a90dd41924,saved_human,1.8196666666666668
section_00_test_000060,test,source,anomaly,C,20260911T140107Z-6298938e045830bd5d5cd47e,20260911T140107Z-6298938e045830bd5d5cd47e-dg-0e9ff36dc3a9-000149,1,extruder_cogging_or_no_extrusion,extruder_cogging_or_no_extrusion,slow,extruder-cogging-slow,rear,hard-anomaly,clipped/audio_event_clean/anomaly/20260911T140107Z-6298938e045830bd5d5cd47e-dg-0e9ff36dc3a9-000149_ch1.wav,3DPrinter/test/section_00_test_000060.wav,fc6b156bd872538bcdc6947b9549fee1f853806aa4024da9ad2c6a877e32da9f,960044,16782228000,16782708000,fdc677b35061bc23803b18703172619f135dd80a13eb37762dd5c9f1ee255192,10.0,1.0,56a3afc3c6992476f9a1666d25be54d23f3d5eb6cb85ae24734ac4a90dd41924,saved_human,1.8196666666666668
section_00_test_000061,test,source,anomaly,C,20260911T140107Z-6298938e045830bd5d5cd47e,20260911T140107Z-6298938e045830bd5d5cd47e-dg-0e9ff36dc3a9-000186,1,extruder_cogging_or_no_extrusion,extruder_cogging_or_no_extrusion,slow,extruder-cogging-slow,rear,hard-anomaly,clipped/audio_event_clean/anomaly/20260911T140107Z-6298938e045830bd5d5cd47e-dg-0e9ff36dc3a9-000186_ch1.wav,3DPrinter/test/section_00_test_000061.wav,92c1942ce3d4cdc4449db956c5ed9d105db2a46d6cca218b83e7c0e264753d28,960044,16799988000,16800468000,fdc677b35061bc23803b18703172619f135dd80a13eb37762dd5c9f1ee255192,9.75,0.975,56a3afc3c6992476f9a1666d25be54d23f3d5eb6cb85ae24734ac4a90dd41924,saved_human,1.8196666666666668
section_00_test_000062,test,source,anomaly,C,20260911T140107Z-6298938e045830bd5d5cd47e,20260911T140107Z-6298938e045830bd5d5cd47e-dg-0e9ff36dc3a9-000276,1,extruder_cogging_or_no_extrusion,extruder_cogging_or_no_extrusion,slow,extruder-cogging-slow,rear,hard-anomaly,clipped/audio_event_clean/anomaly/20260911T140107Z-6298938e045830bd5d5cd47e-dg-0e9ff36dc3a9-000276_ch1.wav,3DPrinter/test/section_00_test_000062.wav,0bf3e0bac19c596520fe4c94f4e68dd8edc8c5d00d8f683b4737348373e92f5f,960044,16843188000,16843668000,fdc677b35061bc23803b18703172619f135dd80a13eb37762dd5c9f1ee255192,9.5,0.95,56a3afc3c6992476f9a1666d25be54d23f3d5eb6cb85ae24734ac4a90dd41924,saved_human,1.8196666666666668
section_00_test_000063,test,source,anomaly,C,20260911T165222Z-52ae5fbc5cbc2cd2c442f9c2,20260911T165222Z-52ae5fbc5cbc2cd2c442f9c2-dg-4b6a06cbb6af-000068,1,toolhead_collision,collision_x-min,slow,toolhead-collision-x-min-slow,rear,hard-anomaly,clipped/audio_event_clean/anomaly/20260911T165222Z-52ae5fbc5cbc2cd2c442f9c2-dg-4b6a06cbb6af-000068_ch1.wav,3DPrinter/test/section_00_test_000063.wav,4f87dec2cd2d62918b5e12a8b384a6705dd49eaa654ea58ef7c85bff54478ea5,960044,17236500000,17236980000,e83e76d9b6985fc6e16bd0a360492d1bc051b669d96b4c0e521b866eebd801cf,0.54,0.054,,frozen_r3_collision,1.2
section_00_test_000064,test,source,anomaly,C,20260911T172304Z-2ba88f76f291cbb44adf3b0a,20260911T172304Z-2ba88f76f291cbb44adf3b0a-dg-e71158ea9c2c-000025,1,toolhead_collision,collision_x-max,slow,toolhead-collision-x-max-slow,rear,hard-anomaly,clipped/audio_event_clean/anomaly/20260911T172304Z-2ba88f76f291cbb44adf3b0a-dg-e71158ea9c2c-000025_ch1.wav,3DPrinter/test/section_00_test_000064.wav,896618dcce33924efbd71021ec7e2dd212ee0a41c3643b79c9b698f5581a08e3,960044,17304288000,17304768000,1cf60d382c234ea5a47b50de94e27e64ec4828704d89934d5081206acbc55d4c,1.98,0.198,,frozen_r3_collision,1.18
section_00_test_000065,test,source,anomaly,C,20260911T172304Z-2ba88f76f291cbb44adf3b0a,20260911T172304Z-2ba88f76f291cbb44adf3b0a-dg-e71158ea9c2c-000041,1,toolhead_collision,collision_x-max,slow,toolhead-collision-x-max-slow,rear,hard-anomaly,clipped/audio_event_clean/anomaly/20260911T172304Z-2ba88f76f291cbb44adf3b0a-dg-e71158ea9c2c-000041_ch1.wav,3DPrinter/test/section_00_test_000065.wav,0644abd641f54889bdd22b93cef1c59ad978d0c7197a56b40294f66c8076285d,960044,17311968000,17312448000,1cf60d382c234ea5a47b50de94e27e64ec4828704d89934d5081206acbc55d4c,1.51,0.151,,frozen_r3_collision,1.18
section_00_test_000066,test,source,anomaly,C,20260912T022921Z-13b9fd89ab71ceab842df5c5,20260912T022921Z-13b9fd89ab71ceab842df5c5-dg-bf09190422fb-000019,1,toolhead_collision,collision_x-min-y-max,slow,toolhead-collision-x-min-y-max-slow,rear,hard-anomaly,clipped/audio_event_clean/anomaly/20260912T022921Z-13b9fd89ab71ceab842df5c5-dg-bf09190422fb-000019_ch1.wav,3DPrinter/test/section_00_test_000066.wav,a740cfddef20392732f56d8a33f7e64ad41d56a4d1113eacd7a84c7c785b4e2f,960044,18874716000,18875196000,437d4c0e2ded4d7ca0c7209ad103e9fe018ffc42922f7c40849b0acbe56ea1a5,0.96,0.096,,frozen_r3_collision,1.2
section_00_test_000067,test,source,anomaly,C,20260912T022921Z-13b9fd89ab71ceab842df5c5,20260912T022921Z-13b9fd89ab71ceab842df5c5-dg-bf09190422fb-000057,1,toolhead_collision,collision_x-min-y-max,slow,toolhead-collision-x-min-y-max-slow,rear,hard-anomaly,clipped/audio_event_clean/anomaly/20260912T022921Z-13b9fd89ab71ceab842df5c5-dg-bf09190422fb-000057_ch1.wav,3DPrinter/test/section_00_test_000067.wav,bd79ffb6fa350dec0eeb39a8f0e31d6cc922fb37a75fb848db7b6ed8d23634b0,960044,18892956000,18893436000,437d4c0e2ded4d7ca0c7209ad103e9fe018ffc42922f7c40849b0acbe56ea1a5,1.0,0.1,,frozen_r3_collision,1.2
section_00_test_000068,test,source,anomaly,C,20260912T025715Z-516e5f8a1225a2abd3aebedf,20260912T025715Z-516e5f8a1225a2abd3aebedf-dg-107d413f7aaf-000057,1,toolhead_collision,collision_x-max-y-max,slow,toolhead-collision-x-max-y-max-slow,rear,hard-anomaly,clipped/audio_event_clean/anomaly/20260912T025715Z-516e5f8a1225a2abd3aebedf-dg-107d413f7aaf-000057_ch1.wav,3DPrinter/test/section_00_test_000068.wav,7f66fa19b633718064340cddf79073d6c44fdf1331b2f64da5c8bb5a51aba551,960044,18973320000,18973800000,967e1b15a98e92bbaec06c73249a4e67075ba9e05129a4c98b248d410639611a,1.26,0.126,,frozen_r3_collision,1.18
section_00_test_000069,test,source,anomaly,C,20260912T043600Z-3f30361c55ead842e9f4f398,20260912T043600Z-3f30361c55ead842e9f4f398-dg-870a9a90406b-000074,1,cooling_fan_fault,cooling_fan_fault,slow,fan-blade-damage-bilateral-v3-slow,rear,hard-anomaly,clipped/audio_event_clean/anomaly/20260912T043600Z-3f30361c55ead842e9f4f398-dg-870a9a90406b-000074_ch1.wav,3DPrinter/test/section_00_test_000069.wav,279673b609c9a9f800497467ae306a4050e4096ed5f056e1f185e4aa95fc6d51,960044,19265856000,19266336000,4a38478d556f9cc0f56c1bce7451ae9aaf217f2b1934edcfea4ec6962b9e4415,10.0,1.0,37fce9b35facaa3f8d872f6f5db9062776165e5dcef16a051b8cc0a552f014d4,saved_human,1.7
section_00_test_000070,test,source,anomaly,C,20260912T043600Z-3f30361c55ead842e9f4f398,20260912T043600Z-3f30361c55ead842e9f4f398-dg-870a9a90406b-000153,1,cooling_fan_fault,cooling_fan_fault,slow,fan-blade-damage-bilateral-v3-slow,rear,hard-anomaly,clipped/audio_event_clean/anomaly/20260912T043600Z-3f30361c55ead842e9f4f398-dg-870a9a90406b-000153_ch1.wav,3DPrinter/test/section_00_test_000070.wav,1e47a43e0c2041d56b5929dff4eef988db6aa9fddd52b62248a446ebb2a4af62,960044,19303776000,19304256000,4a38478d556f9cc0f56c1bce7451ae9aaf217f2b1934edcfea4ec6962b9e4415,10.0,1.0,37fce9b35facaa3f8d872f6f5db9062776165e5dcef16a051b8cc0a552f014d4,saved_human,1.7
section_00_test_000071,test,source,anomaly,C,20260912T043600Z-3f30361c55ead842e9f4f398,20260912T043600Z-3f30361c55ead842e9f4f398-dg-870a9a90406b-000188,1,cooling_fan_fault,cooling_fan_fault,slow,fan-blade-damage-bilateral-v3-slow,rear,hard-anomaly,clipped/audio_event_clean/anomaly/20260912T043600Z-3f30361c55ead842e9f4f398-dg-870a9a90406b-000188_ch1.wav,3DPrinter/test/section_00_test_000071.wav,c7b13dbda6ad59f0149d54eb472a6fee51050f41cbd0714386a2daf1ae4255d3,960044,19320576000,19321056000,4a38478d556f9cc0f56c1bce7451ae9aaf217f2b1934edcfea4ec6962b9e4415,10.0,1.0,37fce9b35facaa3f8d872f6f5db9062776165e5dcef16a051b8cc0a552f014d4,saved_human,1.7
section_00_test_000072,test,source,anomaly,C,20260912T043600Z-3f30361c55ead842e9f4f398,20260912T043600Z-3f30361c55ead842e9f4f398-dg-870a9a90406b-000236,1,cooling_fan_fault,cooling_fan_fault,slow,fan-blade-damage-bilateral-v3-slow,rear,hard-anomaly,clipped/audio_event_clean/anomaly/20260912T043600Z-3f30361c55ead842e9f4f398-dg-870a9a90406b-000236_ch1.wav,3DPrinter/test/section_00_test_000072.wav,571a3e6f0f42818db07407e748cbf2f057d794cf197f18f5742cefd83babcdca,960044,19343616000,19344096000,4a38478d556f9cc0f56c1bce7451ae9aaf217f2b1934edcfea4ec6962b9e4415,10.0,1.0,37fce9b35facaa3f8d872f6f5db9062776165e5dcef16a051b8cc0a552f014d4,saved_human,1.7
section_00_test_000073,test,source,anomaly,C,20260912T043600Z-3f30361c55ead842e9f4f398,20260912T043600Z-3f30361c55ead842e9f4f398-dg-870a9a90406b-000267,1,cooling_fan_fault,cooling_fan_fault,slow,fan-blade-damage-bilateral-v3-slow,rear,hard-anomaly,clipped/audio_event_clean/anomaly/20260912T043600Z-3f30361c55ead842e9f4f398-dg-870a9a90406b-000267_ch1.wav,3DPrinter/test/section_00_test_000073.wav,841e693ff88e3d970c44dee6c4f7e34aa80cccecd5726f470e1b2a8c4a9ab9bb,960044,19358496000,19358976000,4a38478d556f9cc0f56c1bce7451ae9aaf217f2b1934edcfea4ec6962b9e4415,10.0,1.0,37fce9b35facaa3f8d872f6f5db9062776165e5dcef16a051b8cc0a552f014d4,saved_human,1.7
section_00_test_000074,test,source,anomaly,C,20260912T043600Z-3f30361c55ead842e9f4f398,20260912T043600Z-3f30361c55ead842e9f4f398-dg-870a9a90406b-000298,1,cooling_fan_fault,cooling_fan_fault,slow,fan-blade-damage-bilateral-v3-slow,rear,hard-anomaly,clipped/audio_event_clean/anomaly/20260912T043600Z-3f30361c55ead842e9f4f398-dg-870a9a90406b-000298_ch1.wav,3DPrinter/test/section_00_test_000074.wav,4ed63dbd2c6da11d82d579bb431a727c44b30699c61819e3e669ff7c0518dd44,960044,19373376000,19373856000,4a38478d556f9cc0f56c1bce7451ae9aaf217f2b1934edcfea4ec6962b9e4415,10.0,1.0,37fce9b35facaa3f8d872f6f5db9062776165e5dcef16a051b8cc0a552f014d4,saved_human,1.7
section_00_test_000075,test,source,anomaly,C,20260911T062746Z-8628c833dd8d1af4d084e0c9,20260911T062746Z-8628c833dd8d1af4d084e0c9-dg-38420dcd27ea-000238,2,belt_tension_abnormal,belt_a,slow,belt-a-low-v1-slow,left,soft-anomaly,clipped/audio_event_clean/anomaly/20260911T062746Z-8628c833dd8d1af4d084e0c9-dg-38420dcd27ea-000238_ch2.wav,3DPrinter/test/section_00_test_000075.wav,2560151c059ed09cf03382054649edcdd02470789aef57e168c0060ad972d2a6,960044,15519276000,15519756000,9d8f1740c41c6fe34ea0255ae7efda677c3dd778eb7c3bbbab33d1723bb8170c,5.57,0.557,976c152ff985d7d8bc8021c73a4af604032f30e43b3d8c17c5c609e5f563e994,saved_rule_based,1.79
section_00_test_000076,test,source,anomaly,C,20260911T062746Z-8628c833dd8d1af4d084e0c9,20260911T062746Z-8628c833dd8d1af4d084e0c9-dg-38420dcd27ea-000257,2,belt_tension_abnormal,belt_a,slow,belt-a-low-v1-slow,left,soft-anomaly,clipped/audio_event_clean/anomaly/20260911T062746Z-8628c833dd8d1af4d084e0c9-dg-38420dcd27ea-000257_ch2.wav,3DPrinter/test/section_00_test_000076.wav,8273a31e4a2506ce37d2c05796a1b5f4f51ce9494bdcf83c4118ae5b0e34683b,960044,15528396000,15528876000,9d8f1740c41c6fe34ea0255ae7efda677c3dd778eb7c3bbbab33d1723bb8170c,8.05,0.805,976c152ff985d7d8bc8021c73a4af604032f30e43b3d8c17c5c609e5f563e994,saved_rule_based,1.79
section_00_test_000077,test,source,anomaly,C,20260911T084310Z-12b191ec07a70cae009d66fe,20260911T084310Z-12b191ec07a70cae009d66fe-dg-37e2d4edf3f8-000031,2,belt_tension_abnormal,belt_a_b,slow,belt-ab-low-v1-slow,left,soft-anomaly,clipped/audio_event_clean/anomaly/20260911T084310Z-12b191ec07a70cae009d66fe-dg-37e2d4edf3f8-000031_ch2.wav,3DPrinter/test/section_00_test_000077.wav,e807c949bff7fb48564963e4c9694ad8ddbe23d03d9430b083fac78d834965cd,960044,15809856000,15810336000,8af8e68ecc527fc4b96565d2dbd103e1b58666c97f2997a1f1bf938c3e9429f8,8.83,0.883,1ed9849fc3054ebecafd0510fdeeeb8e42fff8957bef14c2a2b9d0f438a15526,saved_rule_based,1.69
section_00_test_000078,test,source,anomaly,C,20260911T084310Z-12b191ec07a70cae009d66fe,20260911T084310Z-12b191ec07a70cae009d66fe-dg-37e2d4edf3f8-000053,2,belt_tension_abnormal,belt_a_b,slow,belt-ab-low-v1-slow,left,soft-anomaly,clipped/audio_event_clean/anomaly/20260911T084310Z-12b191ec07a70cae009d66fe-dg-37e2d4edf3f8-000053_ch2.wav,3DPrinter/test/section_00_test_000078.wav,36215e1b50127b194a7aa0d006bec31049322efe545493b5146c751eab0b2667,960044,15820416000,15820896000,8af8e68ecc527fc4b96565d2dbd103e1b58666c97f2997a1f1bf938c3e9429f8,10.0,1.0,1ed9849fc3054ebecafd0510fdeeeb8e42fff8957bef14c2a2b9d0f438a15526,saved_rule_based,1.69
section_00_test_000079,test,source,anomaly,C,20260911T110745Z-ba9a2e722e22d755dab3a21e,20260911T110745Z-ba9a2e722e22d755dab3a21e-dg-c0c817cb1014-000175,2,belt_tension_abnormal,belt_b,slow,belt-b-low-v1-slow,left,soft-anomaly,clipped/audio_event_clean/anomaly/20260911T110745Z-ba9a2e722e22d755dab3a21e-dg-c0c817cb1014-000175_ch2.wav,3DPrinter/test/section_00_test_000079.wav,83ae562f701c730c159d05a68fde16cdf5f267f6dd7b87af35a9ce7617b6ee78,960044,16295376000,16295856000,9fd733321a3a2f8818a9ce871cf54c994d3f3d34d26f59312389de2b326f5120,10.0,1.0,3765ee7d5f1c7308b8ee5b04a921461afcf881a4c086c16379bc8d0890a16268,saved_human,1.7483125
section_00_test_000080,test,source,anomaly,C,20260911T110745Z-ba9a2e722e22d755dab3a21e,20260911T110745Z-ba9a2e722e22d755dab3a21e-dg-c0c817cb1014-000290,2,belt_tension_abnormal,belt_b,slow,belt-b-low-v1-slow,left,soft-anomaly,clipped/audio_event_clean/anomaly/20260911T110745Z-ba9a2e722e22d755dab3a21e-dg-c0c817cb1014-000290_ch2.wav,3DPrinter/test/section_00_test_000080.wav,305a248a590f3d2e5b5edc717511b5c57d47b2119f7ad289bf6c05c74403f3bf,960044,16350576000,16351056000,9fd733321a3a2f8818a9ce871cf54c994d3f3d34d26f59312389de2b326f5120,3.2,0.32,3765ee7d5f1c7308b8ee5b04a921461afcf881a4c086c16379bc8d0890a16268,saved_human,1.7483125
section_00_test_000081,test,source,anomaly,C,20260911T140107Z-6298938e045830bd5d5cd47e,20260911T140107Z-6298938e045830bd5d5cd47e-dg-0e9ff36dc3a9-000015,2,extruder_cogging_or_no_extrusion,extruder_cogging_or_no_extrusion,slow,extruder-cogging-slow,left,hard-anomaly,clipped/audio_event_clean/anomaly/20260911T140107Z-6298938e045830bd5d5cd47e-dg-0e9ff36dc3a9-000015_ch2.wav,3DPrinter/test/section_00_test_000081.wav,eacdc4b15105b9336b65433a3f4d29bda7e31b6a37d40202c901e4a2db4445a1,960044,16717908000,16718388000,fdc677b35061bc23803b18703172619f135dd80a13eb37762dd5c9f1ee255192,10.0,1.0,56a3afc3c6992476f9a1666d25be54d23f3d5eb6cb85ae24734ac4a90dd41924,saved_human,1.8196666666666668
section_00_test_000082,test,source,anomaly,C,20260911T140107Z-6298938e045830bd5d5cd47e,20260911T140107Z-6298938e045830bd5d5cd47e-dg-0e9ff36dc3a9-000057,2,extruder_cogging_or_no_extrusion,extruder_cogging_or_no_extrusion,slow,extruder-cogging-slow,left,hard-anomaly,clipped/audio_event_clean/anomaly/20260911T140107Z-6298938e045830bd5d5cd47e-dg-0e9ff36dc3a9-000057_ch2.wav,3DPrinter/test/section_00_test_000082.wav,7c329866f1dd0cb9eb5e8d426c07c54a55302bac72e33437b396e06f53dd98ed,960044,16738068000,16738548000,fdc677b35061bc23803b18703172619f135dd80a13eb37762dd5c9f1ee255192,10.0,1.0,56a3afc3c6992476f9a1666d25be54d23f3d5eb6cb85ae24734ac4a90dd41924,saved_human,1.8196666666666668
section_00_test_000083,test,source,anomaly,C,20260911T140107Z-6298938e045830bd5d5cd47e,20260911T140107Z-6298938e045830bd5d5cd47e-dg-0e9ff36dc3a9-000109,2,extruder_cogging_or_no_extrusion,extruder_cogging_or_no_extrusion,slow,extruder-cogging-slow,left,hard-anomaly,clipped/audio_event_clean/anomaly/20260911T140107Z-6298938e045830bd5d5cd47e-dg-0e9ff36dc3a9-000109_ch2.wav,3DPrinter/test/section_00_test_000083.wav,4f4dd2381ac8b5183714a137b8f711041f1a5ce6fb1e7bc931d0c7789fdcf25e,960044,16763028000,16763508000,fdc677b35061bc23803b18703172619f135dd80a13eb37762dd5c9f1ee255192,10.0,1.0,56a3afc3c6992476f9a1666d25be54d23f3d5eb6cb85ae24734ac4a90dd41924,saved_human,1.8196666666666668
section_00_test_000084,test,source,anomaly,C,20260911T140107Z-6298938e045830bd5d5cd47e,20260911T140107Z-6298938e045830bd5d5cd47e-dg-0e9ff36dc3a9-000212,2,extruder_cogging_or_no_extrusion,extruder_cogging_or_no_extrusion,slow,extruder-cogging-slow,left,hard-anomaly,clipped/audio_event_clean/anomaly/20260911T140107Z-6298938e045830bd5d5cd47e-dg-0e9ff36dc3a9-000212_ch2.wav,3DPrinter/test/section_00_test_000084.wav,132720661d16eea73570590ffc99e6f40aebdacc31f61e039f8cc9eaea715344,960044,16812468000,16812948000,fdc677b35061bc23803b18703172619f135dd80a13eb37762dd5c9f1ee255192,10.0,1.0,56a3afc3c6992476f9a1666d25be54d23f3d5eb6cb85ae24734ac4a90dd41924,saved_human,1.8196666666666668
section_00_test_000085,test,source,anomaly,C,20260911T140107Z-6298938e045830bd5d5cd47e,20260911T140107Z-6298938e045830bd5d5cd47e-dg-0e9ff36dc3a9-000225,2,extruder_cogging_or_no_extrusion,extruder_cogging_or_no_extrusion,slow,extruder-cogging-slow,left,hard-anomaly,clipped/audio_event_clean/anomaly/20260911T140107Z-6298938e045830bd5d5cd47e-dg-0e9ff36dc3a9-000225_ch2.wav,3DPrinter/test/section_00_test_000085.wav,866b34794a9fdaa10bd4c6edb3fc3ee3bb870243f3d0cd7805da9502ae19f973,960044,16818708000,16819188000,fdc677b35061bc23803b18703172619f135dd80a13eb37762dd5c9f1ee255192,9.25,0.925,56a3afc3c6992476f9a1666d25be54d23f3d5eb6cb85ae24734ac4a90dd41924,saved_human,1.8196666666666668
section_00_test_000086,test,source,anomaly,C,20260911T140107Z-6298938e045830bd5d5cd47e,20260911T140107Z-6298938e045830bd5d5cd47e-dg-0e9ff36dc3a9-000297,2,extruder_cogging_or_no_extrusion,extruder_cogging_or_no_extrusion,slow,extruder-cogging-slow,left,hard-anomaly,clipped/audio_event_clean/anomaly/20260911T140107Z-6298938e045830bd5d5cd47e-dg-0e9ff36dc3a9-000297_ch2.wav,3DPrinter/test/section_00_test_000086.wav,4618dd5ac79052a3d4eb5394aaa46cec0b02add3d4844fa2f0ab91df3250a1e6,960044,16853268000,16853748000,fdc677b35061bc23803b18703172619f135dd80a13eb37762dd5c9f1ee255192,10.0,1.0,56a3afc3c6992476f9a1666d25be54d23f3d5eb6cb85ae24734ac4a90dd41924,saved_human,1.8196666666666668
section_00_test_000087,test,source,anomaly,C,20260911T165222Z-52ae5fbc5cbc2cd2c442f9c2,20260911T165222Z-52ae5fbc5cbc2cd2c442f9c2-dg-4b6a06cbb6af-000009,2,toolhead_collision,collision_x-min,slow,toolhead-collision-x-min-slow,left,hard-anomaly,clipped/audio_event_clean/anomaly/20260911T165222Z-52ae5fbc5cbc2cd2c442f9c2-dg-4b6a06cbb6af-000009_ch2.wav,3DPrinter/test/section_00_test_000087.wav,b85f6436c5bfd1db547c7c6dbaff8f9c2cccbabcc21344a3c2546568acd94fbf,960044,17208180000,17208660000,e83e76d9b6985fc6e16bd0a360492d1bc051b669d96b4c0e521b866eebd801cf,0.9,0.09,,frozen_r3_collision,1.2
section_00_test_000088,test,source,anomaly,C,20260911T165222Z-52ae5fbc5cbc2cd2c442f9c2,20260911T165222Z-52ae5fbc5cbc2cd2c442f9c2-dg-4b6a06cbb6af-000030,2,toolhead_collision,collision_x-min,slow,toolhead-collision-x-min-slow,left,hard-anomaly,clipped/audio_event_clean/anomaly/20260911T165222Z-52ae5fbc5cbc2cd2c442f9c2-dg-4b6a06cbb6af-000030_ch2.wav,3DPrinter/test/section_00_test_000088.wav,cd0299ad52606a8ee370668e408fab1ea800c1a8d493a08111d67aff4aca2c2a,960044,17218260000,17218740000,e83e76d9b6985fc6e16bd0a360492d1bc051b669d96b4c0e521b866eebd801cf,0.81,0.081,,frozen_r3_collision,1.2
section_00_test_000089,test,source,anomaly,C,20260911T172304Z-2ba88f76f291cbb44adf3b0a,20260911T172304Z-2ba88f76f291cbb44adf3b0a-dg-e71158ea9c2c-000029,2,toolhead_collision,collision_x-max,slow,toolhead-collision-x-max-slow,left,hard-anomaly,clipped/audio_event_clean/anomaly/20260911T172304Z-2ba88f76f291cbb44adf3b0a-dg-e71158ea9c2c-000029_ch2.wav,3DPrinter/test/section_00_test_000089.wav,28c4f8b00d94546f4bd3b9e89b0671546df2fcca664ffba04b794e4c36bfc83e,960044,17306208000,17306688000,1cf60d382c234ea5a47b50de94e27e64ec4828704d89934d5081206acbc55d4c,1.47,0.147,,frozen_r3_collision,1.18
section_00_test_000090,test,source,anomaly,C,20260912T020242Z-f2af5fcf08f2181fba701f11,20260912T020242Z-f2af5fcf08f2181fba701f11-dg-d724e59517af-000082,2,toolhead_collision,collision_y-max,slow,toolhead-collision-y-max-slow,left,hard-anomaly,clipped/audio_event_clean/anomaly/20260912T020242Z-f2af5fcf08f2181fba701f11-dg-d724e59517af-000082_ch2.wav,3DPrinter/test/section_00_test_000090.wav,53cfac655fff9eba4c0876e1d5e4955b8380510ae5c29b54f7d4195f39f2575b,960044,18828192000,18828672000,6a28a401620b5bfdfe2c11f32065c7dfd51fa1530c5892f66d5b37870c6dbeec,0.6,0.06,,frozen_r3_collision,1.22
section_00_test_000091,test,source,anomaly,C,20260912T020242Z-f2af5fcf08f2181fba701f11,20260912T020242Z-f2af5fcf08f2181fba701f11-dg-d724e59517af-000089,2,toolhead_collision,collision_y-max,slow,toolhead-collision-y-max-slow,left,hard-anomaly,clipped/audio_event_clean/anomaly/20260912T020242Z-f2af5fcf08f2181fba701f11-dg-d724e59517af-000089_ch2.wav,3DPrinter/test/section_00_test_000091.wav,d82989324e35accbd6362a5922e9c767ffd5a857bc02f56784d869dae9f19c06,960044,18831552000,18832032000,6a28a401620b5bfdfe2c11f32065c7dfd51fa1530c5892f66d5b37870c6dbeec,0.82,0.082,,frozen_r3_collision,1.22
section_00_test_000092,test,source,anomaly,C,20260912T025715Z-516e5f8a1225a2abd3aebedf,20260912T025715Z-516e5f8a1225a2abd3aebedf-dg-107d413f7aaf-000005,2,toolhead_collision,collision_x-max-y-max,slow,toolhead-collision-x-max-y-max-slow,left,hard-anomaly,clipped/audio_event_clean/anomaly/20260912T025715Z-516e5f8a1225a2abd3aebedf-dg-107d413f7aaf-000005_ch2.wav,3DPrinter/test/section_00_test_000092.wav,ec302d41d54a8a1732b839a90abf887a69befe8b6905cafa0fbffebeb3baffee,960044,18948360000,18948840000,967e1b15a98e92bbaec06c73249a4e67075ba9e05129a4c98b248d410639611a,1.8757916666666667,0.18757916666666666,,frozen_r3_collision,1.18
section_00_test_000093,test,source,anomaly,C,20260912T025715Z-516e5f8a1225a2abd3aebedf,20260912T025715Z-516e5f8a1225a2abd3aebedf-dg-107d413f7aaf-000059,2,toolhead_collision,collision_x-max-y-max,slow,toolhead-collision-x-max-y-max-slow,left,hard-anomaly,clipped/audio_event_clean/anomaly/20260912T025715Z-516e5f8a1225a2abd3aebedf-dg-107d413f7aaf-000059_ch2.wav,3DPrinter/test/section_00_test_000093.wav,9b108f93e3125336ebea20b81c5db943356977e7d66478f3da13315861bf68ec,960044,18974280000,18974760000,967e1b15a98e92bbaec06c73249a4e67075ba9e05129a4c98b248d410639611a,0.96,0.096,,frozen_r3_collision,1.18
section_00_test_000094,test,source,anomaly,C,20260912T043600Z-3f30361c55ead842e9f4f398,20260912T043600Z-3f30361c55ead842e9f4f398-dg-870a9a90406b-000020,2,cooling_fan_fault,cooling_fan_fault,slow,fan-blade-damage-bilateral-v3-slow,left,hard-anomaly,clipped/audio_event_clean/anomaly/20260912T043600Z-3f30361c55ead842e9f4f398-dg-870a9a90406b-000020_ch2.wav,3DPrinter/test/section_00_test_000094.wav,2cb0d40a20c8a828a186a653639da39b155cd5a2f20cce2d0fb39396f96f0ab9,960044,19239936000,19240416000,4a38478d556f9cc0f56c1bce7451ae9aaf217f2b1934edcfea4ec6962b9e4415,10.0,1.0,37fce9b35facaa3f8d872f6f5db9062776165e5dcef16a051b8cc0a552f014d4,saved_human,1.7
section_00_test_000095,test,source,anomaly,C,20260912T043600Z-3f30361c55ead842e9f4f398,20260912T043600Z-3f30361c55ead842e9f4f398-dg-870a9a90406b-000066,2,cooling_fan_fault,cooling_fan_fault,slow,fan-blade-damage-bilateral-v3-slow,left,hard-anomaly,clipped/audio_event_clean/anomaly/20260912T043600Z-3f30361c55ead842e9f4f398-dg-870a9a90406b-000066_ch2.wav,3DPrinter/test/section_00_test_000095.wav,de7a4e41d6fd217244622db9ee11e9869257cd2363079ed6a0f7ef51bdba118e,960044,19262016000,19262496000,4a38478d556f9cc0f56c1bce7451ae9aaf217f2b1934edcfea4ec6962b9e4415,10.0,1.0,37fce9b35facaa3f8d872f6f5db9062776165e5dcef16a051b8cc0a552f014d4,saved_human,1.7
section_00_test_000096,test,source,anomaly,C,20260912T043600Z-3f30361c55ead842e9f4f398,20260912T043600Z-3f30361c55ead842e9f4f398-dg-870a9a90406b-000082,2,cooling_fan_fault,cooling_fan_fault,slow,fan-blade-damage-bilateral-v3-slow,left,hard-anomaly,clipped/audio_event_clean/anomaly/20260912T043600Z-3f30361c55ead842e9f4f398-dg-870a9a90406b-000082_ch2.wav,3DPrinter/test/section_00_test_000096.wav,aa0f9894046795a78ac593a0ca0cf9cfad9847cf5a75912ca295e987cc5a61fe,960044,19269696000,19270176000,4a38478d556f9cc0f56c1bce7451ae9aaf217f2b1934edcfea4ec6962b9e4415,10.0,1.0,37fce9b35facaa3f8d872f6f5db9062776165e5dcef16a051b8cc0a552f014d4,saved_human,1.7
section_00_test_000097,test,source,anomaly,C,20260912T043600Z-3f30361c55ead842e9f4f398,20260912T043600Z-3f30361c55ead842e9f4f398-dg-870a9a90406b-000148,2,cooling_fan_fault,cooling_fan_fault,slow,fan-blade-damage-bilateral-v3-slow,left,hard-anomaly,clipped/audio_event_clean/anomaly/20260912T043600Z-3f30361c55ead842e9f4f398-dg-870a9a90406b-000148_ch2.wav,3DPrinter/test/section_00_test_000097.wav,8d6fec9bca0a3d7c1f4f42615486a2d4859822df3384f38b92de413f7d0dace8,960044,19301376000,19301856000,4a38478d556f9cc0f56c1bce7451ae9aaf217f2b1934edcfea4ec6962b9e4415,10.0,1.0,37fce9b35facaa3f8d872f6f5db9062776165e5dcef16a051b8cc0a552f014d4,saved_human,1.7
section_00_test_000098,test,source,anomaly,C,20260912T043600Z-3f30361c55ead842e9f4f398,20260912T043600Z-3f30361c55ead842e9f4f398-dg-870a9a90406b-000221,2,cooling_fan_fault,cooling_fan_fault,slow,fan-blade-damage-bilateral-v3-slow,left,hard-anomaly,clipped/audio_event_clean/anomaly/20260912T043600Z-3f30361c55ead842e9f4f398-dg-870a9a90406b-000221_ch2.wav,3DPrinter/test/section_00_test_000098.wav,02b861c50cb8e7f449a03410fb5516e2c0e0a992a07e3c1e4902705ee66a3d38,960044,19336416000,19336896000,4a38478d556f9cc0f56c1bce7451ae9aaf217f2b1934edcfea4ec6962b9e4415,10.0,1.0,37fce9b35facaa3f8d872f6f5db9062776165e5dcef16a051b8cc0a552f014d4,saved_human,1.7
section_00_test_000099,test,source,anomaly,C,20260912T043600Z-3f30361c55ead842e9f4f398,20260912T043600Z-3f30361c55ead842e9f4f398-dg-870a9a90406b-000257,2,cooling_fan_fault,cooling_fan_fault,slow,fan-blade-damage-bilateral-v3-slow,left,hard-anomaly,clipped/audio_event_clean/anomaly/20260912T043600Z-3f30361c55ead842e9f4f398-dg-870a9a90406b-000257_ch2.wav,3DPrinter/test/section_00_test_000099.wav,d4589e0f52a82086edf92794b5870911cfc8a0bed0a9b242bcff69794555742d,960044,19353696000,19354176000,4a38478d556f9cc0f56c1bce7451ae9aaf217f2b1934edcfea4ec6962b9e4415,10.0,1.0,37fce9b35facaa3f8d872f6f5db9062776165e5dcef16a051b8cc0a552f014d4,saved_human,1.7
section_00_test_000100,test,source,normal,B,20260904T181815Z-34f9bd77290592aace48ae82,20260904T181815Z-34f9bd77290592aace48ae82-dg-615b3981072d-000007,1,none,none,slow,normal-slow-3,rear,normal,clipped/audio_event_clean/normal/20260904T181815Z-34f9bd77290592aace48ae82-dg-615b3981072d-000007_ch1.wav,3DPrinter/test/section_00_test_000100.wav,a9e5071a8003df709128a33cbf81c9eaf097b4ee8b0e28797f9087a81747d250,960044,617688000,618168000,7403aa2bd6a7fb9d1933ea5c51ea305371179867a308a258dcd214de7b5e6827,0,0,13c869d9ddcbc5da5b8dc1aefd223cd50895e7fff08a9092e764dce76e684c88,saved_rule_based,1.67
section_00_test_000101,test,source,normal,B,20260904T181815Z-34f9bd77290592aace48ae82,20260904T181815Z-34f9bd77290592aace48ae82-dg-615b3981072d-000014,1,none,none,slow,normal-slow-3,rear,normal,clipped/audio_event_clean/normal/20260904T181815Z-34f9bd77290592aace48ae82-dg-615b3981072d-000014_ch1.wav,3DPrinter/test/section_00_test_000101.wav,29fc7ff6d7e959eb71f215ba9872256bec109fcaa4a9b7b850d7e8dd776a6c58,960044,621048000,621528000,7403aa2bd6a7fb9d1933ea5c51ea305371179867a308a258dcd214de7b5e6827,0,0,13c869d9ddcbc5da5b8dc1aefd223cd50895e7fff08a9092e764dce76e684c88,saved_rule_based,1.67
section_00_test_000102,test,source,normal,B,20260904T181815Z-34f9bd77290592aace48ae82,20260904T181815Z-34f9bd77290592aace48ae82-dg-615b3981072d-000019,1,none,none,slow,normal-slow-3,rear,normal,clipped/audio_event_clean/normal/20260904T181815Z-34f9bd77290592aace48ae82-dg-615b3981072d-000019_ch1.wav,3DPrinter/test/section_00_test_000102.wav,af3c619b35620e9610ee23b5273c1f05f5d4af8e53f38fff0f654510a16bed37,960044,623448000,623928000,7403aa2bd6a7fb9d1933ea5c51ea305371179867a308a258dcd214de7b5e6827,0,0,13c869d9ddcbc5da5b8dc1aefd223cd50895e7fff08a9092e764dce76e684c88,saved_rule_based,1.67
section_00_test_000103,test,source,normal,B,20260904T181815Z-34f9bd77290592aace48ae82,20260904T181815Z-34f9bd77290592aace48ae82-dg-615b3981072d-000023,1,none,none,slow,normal-slow-3,rear,normal,clipped/audio_event_clean/normal/20260904T181815Z-34f9bd77290592aace48ae82-dg-615b3981072d-000023_ch1.wav,3DPrinter/test/section_00_test_000103.wav,907132f9e61bf47cfa9c6143c89f1725af0df6888d511d9794b17407aa03a320,960044,625368000,625848000,7403aa2bd6a7fb9d1933ea5c51ea305371179867a308a258dcd214de7b5e6827,0,0,13c869d9ddcbc5da5b8dc1aefd223cd50895e7fff08a9092e764dce76e684c88,saved_rule_based,1.67
section_00_test_000104,test,source,normal,B,20260904T181815Z-34f9bd77290592aace48ae82,20260904T181815Z-34f9bd77290592aace48ae82-dg-615b3981072d-000025,1,none,none,slow,normal-slow-3,rear,normal,clipped/audio_event_clean/normal/20260904T181815Z-34f9bd77290592aace48ae82-dg-615b3981072d-000025_ch1.wav,3DPrinter/test/section_00_test_000104.wav,a6bf7dde5a3dd7f27b57e345e47c163f4153a30ae8840a0018bba92da688b68d,960044,626328000,626808000,7403aa2bd6a7fb9d1933ea5c51ea305371179867a308a258dcd214de7b5e6827,0,0,13c869d9ddcbc5da5b8dc1aefd223cd50895e7fff08a9092e764dce76e684c88,saved_rule_based,1.67
section_00_test_000105,test,source,normal,B,20260904T181815Z-34f9bd77290592aace48ae82,20260904T181815Z-34f9bd77290592aace48ae82-dg-615b3981072d-000106,1,none,none,slow,normal-slow-3,rear,normal,clipped/audio_event_clean/normal/20260904T181815Z-34f9bd77290592aace48ae82-dg-615b3981072d-000106_ch1.wav,3DPrinter/test/section_00_test_000105.wav,1491d6659a3511e0e62110ef42514340a3339e5a79244508416d39ce4a33c04f,960044,665208000,665688000,7403aa2bd6a7fb9d1933ea5c51ea305371179867a308a258dcd214de7b5e6827,0,0,13c869d9ddcbc5da5b8dc1aefd223cd50895e7fff08a9092e764dce76e684c88,saved_rule_based,1.67
section_00_test_000106,test,source,normal,B,20260904T181815Z-34f9bd77290592aace48ae82,20260904T181815Z-34f9bd77290592aace48ae82-dg-615b3981072d-000114,1,none,none,slow,normal-slow-3,rear,normal,clipped/audio_event_clean/normal/20260904T181815Z-34f9bd77290592aace48ae82-dg-615b3981072d-000114_ch1.wav,3DPrinter/test/section_00_test_000106.wav,66c4411e4d8ffb3eb11236eeb671378e17262640c065ed335207527d03f2417f,960044,669048000,669528000,7403aa2bd6a7fb9d1933ea5c51ea305371179867a308a258dcd214de7b5e6827,0,0,13c869d9ddcbc5da5b8dc1aefd223cd50895e7fff08a9092e764dce76e684c88,saved_rule_based,1.67
section_00_test_000107,test,source,normal,B,20260904T181815Z-34f9bd77290592aace48ae82,20260904T181815Z-34f9bd77290592aace48ae82-dg-615b3981072d-000118,1,none,none,slow,normal-slow-3,rear,normal,clipped/audio_event_clean/normal/20260904T181815Z-34f9bd77290592aace48ae82-dg-615b3981072d-000118_ch1.wav,3DPrinter/test/section_00_test_000107.wav,7780757448356f838503912a3bc03dfd4c6fa2cf5472c4ee0856477ec18e88a5,960044,670968000,671448000,7403aa2bd6a7fb9d1933ea5c51ea305371179867a308a258dcd214de7b5e6827,0,0,13c869d9ddcbc5da5b8dc1aefd223cd50895e7fff08a9092e764dce76e684c88,saved_rule_based,1.67
section_00_test_000108,test,source,normal,B,20260904T181815Z-34f9bd77290592aace48ae82,20260904T181815Z-34f9bd77290592aace48ae82-dg-615b3981072d-000129,1,none,none,slow,normal-slow-3,rear,normal,clipped/audio_event_clean/normal/20260904T181815Z-34f9bd77290592aace48ae82-dg-615b3981072d-000129_ch1.wav,3DPrinter/test/section_00_test_000108.wav,8cfcbe9febe184eb74469e814ed67a83d9ba46849e5e8501e9071f0b105df95f,960044,676248000,676728000,7403aa2bd6a7fb9d1933ea5c51ea305371179867a308a258dcd214de7b5e6827,0,0,13c869d9ddcbc5da5b8dc1aefd223cd50895e7fff08a9092e764dce76e684c88,saved_rule_based,1.67
section_00_test_000109,test,source,normal,B,20260904T181815Z-34f9bd77290592aace48ae82,20260904T181815Z-34f9bd77290592aace48ae82-dg-615b3981072d-000134,1,none,none,slow,normal-slow-3,rear,normal,clipped/audio_event_clean/normal/20260904T181815Z-34f9bd77290592aace48ae82-dg-615b3981072d-000134_ch1.wav,3DPrinter/test/section_00_test_000109.wav,eab8a1f86dc29623bdd801afa14aae2f051e4f44c1dc70fe109909aa49c6b7fa,960044,678648000,679128000,7403aa2bd6a7fb9d1933ea5c51ea305371179867a308a258dcd214de7b5e6827,0,0,13c869d9ddcbc5da5b8dc1aefd223cd50895e7fff08a9092e764dce76e684c88,saved_rule_based,1.67
section_00_test_000110,test,source,normal,B,20260904T181815Z-34f9bd77290592aace48ae82,20260904T181815Z-34f9bd77290592aace48ae82-dg-615b3981072d-000149,1,none,none,slow,normal-slow-3,rear,normal,clipped/audio_event_clean/normal/20260904T181815Z-34f9bd77290592aace48ae82-dg-615b3981072d-000149_ch1.wav,3DPrinter/test/section_00_test_000110.wav,f4dbdf46e43784dd41b1c50a1fec6fad47bacedb352a3886cecd5b00a525d35c,960044,685848000,686328000,7403aa2bd6a7fb9d1933ea5c51ea305371179867a308a258dcd214de7b5e6827,0,0,13c869d9ddcbc5da5b8dc1aefd223cd50895e7fff08a9092e764dce76e684c88,saved_rule_based,1.67
section_00_test_000111,test,source,normal,B,20260904T181815Z-34f9bd77290592aace48ae82,20260904T181815Z-34f9bd77290592aace48ae82-dg-615b3981072d-000150,1,none,none,slow,normal-slow-3,rear,normal,clipped/audio_event_clean/normal/20260904T181815Z-34f9bd77290592aace48ae82-dg-615b3981072d-000150_ch1.wav,3DPrinter/test/section_00_test_000111.wav,7633a784ad050e7e791095c2b32093887342d1f076e8244c0ff7d3d388a8b08f,960044,686328000,686808000,7403aa2bd6a7fb9d1933ea5c51ea305371179867a308a258dcd214de7b5e6827,0,0,13c869d9ddcbc5da5b8dc1aefd223cd50895e7fff08a9092e764dce76e684c88,saved_rule_based,1.67
section_00_test_000112,test,source,normal,B,20260904T181815Z-34f9bd77290592aace48ae82,20260904T181815Z-34f9bd77290592aace48ae82-dg-615b3981072d-000155,1,none,none,slow,normal-slow-3,rear,normal,clipped/audio_event_clean/normal/20260904T181815Z-34f9bd77290592aace48ae82-dg-615b3981072d-000155_ch1.wav,3DPrinter/test/section_00_test_000112.wav,1fea551f8ad311bc9a6040aed8c7068c493226858b7778412a48ca09ac61cb25,960044,688728000,689208000,7403aa2bd6a7fb9d1933ea5c51ea305371179867a308a258dcd214de7b5e6827,0,0,13c869d9ddcbc5da5b8dc1aefd223cd50895e7fff08a9092e764dce76e684c88,saved_rule_based,1.67
section_00_test_000113,test,source,normal,B,20260904T181815Z-34f9bd77290592aace48ae82,20260904T181815Z-34f9bd77290592aace48ae82-dg-615b3981072d-000159,1,none,none,slow,normal-slow-3,rear,normal,clipped/audio_event_clean/normal/20260904T181815Z-34f9bd77290592aace48ae82-dg-615b3981072d-000159_ch1.wav,3DPrinter/test/section_00_test_000113.wav,347a633bdde9fc11c3bfd054f9641caeea6fa8defbc3f6e049909cf26d3397a6,960044,690648000,691128000,7403aa2bd6a7fb9d1933ea5c51ea305371179867a308a258dcd214de7b5e6827,0,0,13c869d9ddcbc5da5b8dc1aefd223cd50895e7fff08a9092e764dce76e684c88,saved_rule_based,1.67
section_00_test_000114,test,source,normal,B,20260904T181815Z-34f9bd77290592aace48ae82,20260904T181815Z-34f9bd77290592aace48ae82-dg-615b3981072d-000160,1,none,none,slow,normal-slow-3,rear,normal,clipped/audio_event_clean/normal/20260904T181815Z-34f9bd77290592aace48ae82-dg-615b3981072d-000160_ch1.wav,3DPrinter/test/section_00_test_000114.wav,aeac5fc703aaff01e96fcc1b8f02da6a800a59060eb44a55196572c91ca51320,960044,691128000,691608000,7403aa2bd6a7fb9d1933ea5c51ea305371179867a308a258dcd214de7b5e6827,0,0,13c869d9ddcbc5da5b8dc1aefd223cd50895e7fff08a9092e764dce76e684c88,saved_rule_based,1.67
section_00_test_000115,test,source,normal,B,20260904T181815Z-34f9bd77290592aace48ae82,20260904T181815Z-34f9bd77290592aace48ae82-dg-615b3981072d-000183,1,none,none,slow,normal-slow-3,rear,normal,clipped/audio_event_clean/normal/20260904T181815Z-34f9bd77290592aace48ae82-dg-615b3981072d-000183_ch1.wav,3DPrinter/test/section_00_test_000115.wav,47ee70d808a22e6b155c479b3f61de7790eb51b5329bf42ed65e0a4538dba50e,960044,702168000,702648000,7403aa2bd6a7fb9d1933ea5c51ea305371179867a308a258dcd214de7b5e6827,0,0,13c869d9ddcbc5da5b8dc1aefd223cd50895e7fff08a9092e764dce76e684c88,saved_rule_based,1.67
section_00_test_000116,test,source,normal,B,20260904T181815Z-34f9bd77290592aace48ae82,20260904T181815Z-34f9bd77290592aace48ae82-dg-615b3981072d-000184,1,none,none,slow,normal-slow-3,rear,normal,clipped/audio_event_clean/normal/20260904T181815Z-34f9bd77290592aace48ae82-dg-615b3981072d-000184_ch1.wav,3DPrinter/test/section_00_test_000116.wav,0a752a5df9277cc7aa389beb26ac413b8a7588bda5d489a1871bda2f5370d93e,960044,702648000,703128000,7403aa2bd6a7fb9d1933ea5c51ea305371179867a308a258dcd214de7b5e6827,0,0,13c869d9ddcbc5da5b8dc1aefd223cd50895e7fff08a9092e764dce76e684c88,saved_rule_based,1.67
section_00_test_000117,test,source,normal,B,20260904T181815Z-34f9bd77290592aace48ae82,20260904T181815Z-34f9bd77290592aace48ae82-dg-615b3981072d-000185,1,none,none,slow,normal-slow-3,rear,normal,clipped/audio_event_clean/normal/20260904T181815Z-34f9bd77290592aace48ae82-dg-615b3981072d-000185_ch1.wav,3DPrinter/test/section_00_test_000117.wav,f8495d4ccfd8edc3881e73b769305a613e78fd5932ea4ec86b1986c0039298d0,960044,703128000,703608000,7403aa2bd6a7fb9d1933ea5c51ea305371179867a308a258dcd214de7b5e6827,0,0,13c869d9ddcbc5da5b8dc1aefd223cd50895e7fff08a9092e764dce76e684c88,saved_rule_based,1.67
section_00_test_000118,test,source,normal,B,20260904T181815Z-34f9bd77290592aace48ae82,20260904T181815Z-34f9bd77290592aace48ae82-dg-615b3981072d-000190,1,none,none,slow,normal-slow-3,rear,normal,clipped/audio_event_clean/normal/20260904T181815Z-34f9bd77290592aace48ae82-dg-615b3981072d-000190_ch1.wav,3DPrinter/test/section_00_test_000118.wav,f32bf4a9b1a2ed76645de9e205f45f1aa6b55e39362fc0acbf5f66e13d2a9a1e,960044,705528000,706008000,7403aa2bd6a7fb9d1933ea5c51ea305371179867a308a258dcd214de7b5e6827,0,0,13c869d9ddcbc5da5b8dc1aefd223cd50895e7fff08a9092e764dce76e684c88,saved_rule_based,1.67
section_00_test_000119,test,source,normal,B,20260904T181815Z-34f9bd77290592aace48ae82,20260904T181815Z-34f9bd77290592aace48ae82-dg-615b3981072d-000192,1,none,none,slow,normal-slow-3,rear,normal,clipped/audio_event_clean/normal/20260904T181815Z-34f9bd77290592aace48ae82-dg-615b3981072d-000192_ch1.wav,3DPrinter/test/section_00_test_000119.wav,1497edbc3fd6c626552186d2737bbdcca0eff70c3382fc11a5a428a006ab48f9,960044,706488000,706968000,7403aa2bd6a7fb9d1933ea5c51ea305371179867a308a258dcd214de7b5e6827,0,0,13c869d9ddcbc5da5b8dc1aefd223cd50895e7fff08a9092e764dce76e684c88,saved_rule_based,1.67
section_00_test_000120,test,source,normal,B,20260904T181815Z-34f9bd77290592aace48ae82,20260904T181815Z-34f9bd77290592aace48ae82-dg-615b3981072d-000217,1,none,none,slow,normal-slow-3,rear,normal,clipped/audio_event_clean/normal/20260904T181815Z-34f9bd77290592aace48ae82-dg-615b3981072d-000217_ch1.wav,3DPrinter/test/section_00_test_000120.wav,3c3758a8445bac7d4f6c5acdd3f763e298e02edf10006c5da38192a911b1182a,960044,718488000,718968000,7403aa2bd6a7fb9d1933ea5c51ea305371179867a308a258dcd214de7b5e6827,0,0,13c869d9ddcbc5da5b8dc1aefd223cd50895e7fff08a9092e764dce76e684c88,saved_rule_based,1.67
section_00_test_000121,test,source,normal,B,20260904T181815Z-34f9bd77290592aace48ae82,20260904T181815Z-34f9bd77290592aace48ae82-dg-615b3981072d-000225,1,none,none,slow,normal-slow-3,rear,normal,clipped/audio_event_clean/normal/20260904T181815Z-34f9bd77290592aace48ae82-dg-615b3981072d-000225_ch1.wav,3DPrinter/test/section_00_test_000121.wav,b88d2a532f2beaf56199a80de4f580549e26b58578da503e2a3598164a18ec82,960044,722328000,722808000,7403aa2bd6a7fb9d1933ea5c51ea305371179867a308a258dcd214de7b5e6827,0,0,13c869d9ddcbc5da5b8dc1aefd223cd50895e7fff08a9092e764dce76e684c88,saved_rule_based,1.67
section_00_test_000122,test,source,normal,B,20260904T181815Z-34f9bd77290592aace48ae82,20260904T181815Z-34f9bd77290592aace48ae82-dg-615b3981072d-000231,1,none,none,slow,normal-slow-3,rear,normal,clipped/audio_event_clean/normal/20260904T181815Z-34f9bd77290592aace48ae82-dg-615b3981072d-000231_ch1.wav,3DPrinter/test/section_00_test_000122.wav,9b91aa039283394fd9ac3697e4b11d4e39324b5d1803c65ed77d386e1c00d467,960044,725208000,725688000,7403aa2bd6a7fb9d1933ea5c51ea305371179867a308a258dcd214de7b5e6827,0,0,13c869d9ddcbc5da5b8dc1aefd223cd50895e7fff08a9092e764dce76e684c88,saved_rule_based,1.67
section_00_test_000123,test,source,normal,B,20260904T181815Z-34f9bd77290592aace48ae82,20260904T181815Z-34f9bd77290592aace48ae82-dg-615b3981072d-000242,1,none,none,slow,normal-slow-3,rear,normal,clipped/audio_event_clean/normal/20260904T181815Z-34f9bd77290592aace48ae82-dg-615b3981072d-000242_ch1.wav,3DPrinter/test/section_00_test_000123.wav,49973783859099751c001b22dee356c554deea8b47f951c5e79e32447849d5a5,960044,730488000,730968000,7403aa2bd6a7fb9d1933ea5c51ea305371179867a308a258dcd214de7b5e6827,0,0,13c869d9ddcbc5da5b8dc1aefd223cd50895e7fff08a9092e764dce76e684c88,saved_rule_based,1.67
section_00_test_000124,test,source,normal,B,20260904T181815Z-34f9bd77290592aace48ae82,20260904T181815Z-34f9bd77290592aace48ae82-dg-615b3981072d-000284,1,none,none,slow,normal-slow-3,rear,normal,clipped/audio_event_clean/normal/20260904T181815Z-34f9bd77290592aace48ae82-dg-615b3981072d-000284_ch1.wav,3DPrinter/test/section_00_test_000124.wav,4c0828a59988ca4001c88934bf25f12f11353c541e46c4805449693597c147ec,960044,750648000,751128000,7403aa2bd6a7fb9d1933ea5c51ea305371179867a308a258dcd214de7b5e6827,0,0,13c869d9ddcbc5da5b8dc1aefd223cd50895e7fff08a9092e764dce76e684c88,saved_rule_based,1.67
section_00_test_000125,test,source,normal,B,20260904T181815Z-34f9bd77290592aace48ae82,20260904T181815Z-34f9bd77290592aace48ae82-dg-615b3981072d-000018,2,none,none,slow,normal-slow-3,left,normal,clipped/audio_event_clean/normal/20260904T181815Z-34f9bd77290592aace48ae82-dg-615b3981072d-000018_ch2.wav,3DPrinter/test/section_00_test_000125.wav,7586e1034134c5026fd8d53d3ba3f0161afcfda55b5a7095f4f73409dc166b76,960044,622968000,623448000,7403aa2bd6a7fb9d1933ea5c51ea305371179867a308a258dcd214de7b5e6827,0,0,13c869d9ddcbc5da5b8dc1aefd223cd50895e7fff08a9092e764dce76e684c88,saved_rule_based,1.67
section_00_test_000126,test,source,normal,B,20260904T181815Z-34f9bd77290592aace48ae82,20260904T181815Z-34f9bd77290592aace48ae82-dg-615b3981072d-000039,2,none,none,slow,normal-slow-3,left,normal,clipped/audio_event_clean/normal/20260904T181815Z-34f9bd77290592aace48ae82-dg-615b3981072d-000039_ch2.wav,3DPrinter/test/section_00_test_000126.wav,ed547232f765eaa66e4dff36be3c2fb7ba6f541887b812c1653500e0598b552f,960044,633048000,633528000,7403aa2bd6a7fb9d1933ea5c51ea305371179867a308a258dcd214de7b5e6827,0,0,13c869d9ddcbc5da5b8dc1aefd223cd50895e7fff08a9092e764dce76e684c88,saved_rule_based,1.67
section_00_test_000127,test,source,normal,B,20260904T181815Z-34f9bd77290592aace48ae82,20260904T181815Z-34f9bd77290592aace48ae82-dg-615b3981072d-000049,2,none,none,slow,normal-slow-3,left,normal,clipped/audio_event_clean/normal/20260904T181815Z-34f9bd77290592aace48ae82-dg-615b3981072d-000049_ch2.wav,3DPrinter/test/section_00_test_000127.wav,ac09d23c4afcdeac6325a96052d7e1d5ced91f7c57077ecfa81ee2b932efb0b3,960044,637848000,638328000,7403aa2bd6a7fb9d1933ea5c51ea305371179867a308a258dcd214de7b5e6827,0,0,13c869d9ddcbc5da5b8dc1aefd223cd50895e7fff08a9092e764dce76e684c88,saved_rule_based,1.67
section_00_test_000128,test,source,normal,B,20260904T181815Z-34f9bd77290592aace48ae82,20260904T181815Z-34f9bd77290592aace48ae82-dg-615b3981072d-000064,2,none,none,slow,normal-slow-3,left,normal,clipped/audio_event_clean/normal/20260904T181815Z-34f9bd77290592aace48ae82-dg-615b3981072d-000064_ch2.wav,3DPrinter/test/section_00_test_000128.wav,1af9c150f823e1ff904f6ce2638c9ad636291c6c8ac87bfa46e1453ccc092ae1,960044,645048000,645528000,7403aa2bd6a7fb9d1933ea5c51ea305371179867a308a258dcd214de7b5e6827,0,0,13c869d9ddcbc5da5b8dc1aefd223cd50895e7fff08a9092e764dce76e684c88,saved_rule_based,1.67
section_00_test_000129,test,source,normal,B,20260904T181815Z-34f9bd77290592aace48ae82,20260904T181815Z-34f9bd77290592aace48ae82-dg-615b3981072d-000067,2,none,none,slow,normal-slow-3,left,normal,clipped/audio_event_clean/normal/20260904T181815Z-34f9bd77290592aace48ae82-dg-615b3981072d-000067_ch2.wav,3DPrinter/test/section_00_test_000129.wav,4c7577b9d7cc831b9d2bd6f0d7e94fea85659e41d0f23da22f1d801703b2fb57,960044,646488000,646968000,7403aa2bd6a7fb9d1933ea5c51ea305371179867a308a258dcd214de7b5e6827,0,0,13c869d9ddcbc5da5b8dc1aefd223cd50895e7fff08a9092e764dce76e684c88,saved_rule_based,1.67
section_00_test_000130,test,source,normal,B,20260904T181815Z-34f9bd77290592aace48ae82,20260904T181815Z-34f9bd77290592aace48ae82-dg-615b3981072d-000077,2,none,none,slow,normal-slow-3,left,normal,clipped/audio_event_clean/normal/20260904T181815Z-34f9bd77290592aace48ae82-dg-615b3981072d-000077_ch2.wav,3DPrinter/test/section_00_test_000130.wav,2c037cbcc1fcabbba6d2ee3fac9400bcce09a4c8a4f303142f2b608e814ba65d,960044,651288000,651768000,7403aa2bd6a7fb9d1933ea5c51ea305371179867a308a258dcd214de7b5e6827,0,0,13c869d9ddcbc5da5b8dc1aefd223cd50895e7fff08a9092e764dce76e684c88,saved_rule_based,1.67
section_00_test_000131,test,source,normal,B,20260904T181815Z-34f9bd77290592aace48ae82,20260904T181815Z-34f9bd77290592aace48ae82-dg-615b3981072d-000078,2,none,none,slow,normal-slow-3,left,normal,clipped/audio_event_clean/normal/20260904T181815Z-34f9bd77290592aace48ae82-dg-615b3981072d-000078_ch2.wav,3DPrinter/test/section_00_test_000131.wav,f658f97abff9f7d14d3124252b47453f0cc82bbcaef3613187a5081fd457bb80,960044,651768000,652248000,7403aa2bd6a7fb9d1933ea5c51ea305371179867a308a258dcd214de7b5e6827,0,0,13c869d9ddcbc5da5b8dc1aefd223cd50895e7fff08a9092e764dce76e684c88,saved_rule_based,1.67
section_00_test_000132,test,source,normal,B,20260904T181815Z-34f9bd77290592aace48ae82,20260904T181815Z-34f9bd77290592aace48ae82-dg-615b3981072d-000080,2,none,none,slow,normal-slow-3,left,normal,clipped/audio_event_clean/normal/20260904T181815Z-34f9bd77290592aace48ae82-dg-615b3981072d-000080_ch2.wav,3DPrinter/test/section_00_test_000132.wav,220c7b0c60a80ac6665d521251daa83104d093b5667659570d1ba57c6abd426b,960044,652728000,653208000,7403aa2bd6a7fb9d1933ea5c51ea305371179867a308a258dcd214de7b5e6827,0,0,13c869d9ddcbc5da5b8dc1aefd223cd50895e7fff08a9092e764dce76e684c88,saved_rule_based,1.67
section_00_test_000133,test,source,normal,B,20260904T181815Z-34f9bd77290592aace48ae82,20260904T181815Z-34f9bd77290592aace48ae82-dg-615b3981072d-000082,2,none,none,slow,normal-slow-3,left,normal,clipped/audio_event_clean/normal/20260904T181815Z-34f9bd77290592aace48ae82-dg-615b3981072d-000082_ch2.wav,3DPrinter/test/section_00_test_000133.wav,78b1545ffacaa3a02a89c8bf5c5d2237f56c5759e6f38c77071085514fb9e14d,960044,653688000,654168000,7403aa2bd6a7fb9d1933ea5c51ea305371179867a308a258dcd214de7b5e6827,0,0,13c869d9ddcbc5da5b8dc1aefd223cd50895e7fff08a9092e764dce76e684c88,saved_rule_based,1.67
section_00_test_000134,test,source,normal,B,20260904T181815Z-34f9bd77290592aace48ae82,20260904T181815Z-34f9bd77290592aace48ae82-dg-615b3981072d-000099,2,none,none,slow,normal-slow-3,left,normal,clipped/audio_event_clean/normal/20260904T181815Z-34f9bd77290592aace48ae82-dg-615b3981072d-000099_ch2.wav,3DPrinter/test/section_00_test_000134.wav,54a31776ec544bacbb1d5f7d152f477b2853b08346a40ea86314a604a06fa4c5,960044,661848000,662328000,7403aa2bd6a7fb9d1933ea5c51ea305371179867a308a258dcd214de7b5e6827,0,0,13c869d9ddcbc5da5b8dc1aefd223cd50895e7fff08a9092e764dce76e684c88,saved_rule_based,1.67
section_00_test_000135,test,source,normal,B,20260904T181815Z-34f9bd77290592aace48ae82,20260904T181815Z-34f9bd77290592aace48ae82-dg-615b3981072d-000128,2,none,none,slow,normal-slow-3,left,normal,clipped/audio_event_clean/normal/20260904T181815Z-34f9bd77290592aace48ae82-dg-615b3981072d-000128_ch2.wav,3DPrinter/test/section_00_test_000135.wav,3813d9768a8b7313927c15c1291cacab22133cd19b892ef72b79adc4b41edc0c,960044,675768000,676248000,7403aa2bd6a7fb9d1933ea5c51ea305371179867a308a258dcd214de7b5e6827,0,0,13c869d9ddcbc5da5b8dc1aefd223cd50895e7fff08a9092e764dce76e684c88,saved_rule_based,1.67
section_00_test_000136,test,source,normal,B,20260904T181815Z-34f9bd77290592aace48ae82,20260904T181815Z-34f9bd77290592aace48ae82-dg-615b3981072d-000130,2,none,none,slow,normal-slow-3,left,normal,clipped/audio_event_clean/normal/20260904T181815Z-34f9bd77290592aace48ae82-dg-615b3981072d-000130_ch2.wav,3DPrinter/test/section_00_test_000136.wav,b73cba79a048baa022533e2ecc29d73451b070d5d05b83b76f316b4ffa99bfe6,960044,676728000,677208000,7403aa2bd6a7fb9d1933ea5c51ea305371179867a308a258dcd214de7b5e6827,0,0,13c869d9ddcbc5da5b8dc1aefd223cd50895e7fff08a9092e764dce76e684c88,saved_rule_based,1.67
section_00_test_000137,test,source,normal,B,20260904T181815Z-34f9bd77290592aace48ae82,20260904T181815Z-34f9bd77290592aace48ae82-dg-615b3981072d-000136,2,none,none,slow,normal-slow-3,left,normal,clipped/audio_event_clean/normal/20260904T181815Z-34f9bd77290592aace48ae82-dg-615b3981072d-000136_ch2.wav,3DPrinter/test/section_00_test_000137.wav,56e534be02dc7a6ff6a39e7cb154b614800e33999fcc0f8ee1ecce36beeb9b4b,960044,679608000,680088000,7403aa2bd6a7fb9d1933ea5c51ea305371179867a308a258dcd214de7b5e6827,0,0,13c869d9ddcbc5da5b8dc1aefd223cd50895e7fff08a9092e764dce76e684c88,saved_rule_based,1.67
section_00_test_000138,test,source,normal,B,20260904T181815Z-34f9bd77290592aace48ae82,20260904T181815Z-34f9bd77290592aace48ae82-dg-615b3981072d-000141,2,none,none,slow,normal-slow-3,left,normal,clipped/audio_event_clean/normal/20260904T181815Z-34f9bd77290592aace48ae82-dg-615b3981072d-000141_ch2.wav,3DPrinter/test/section_00_test_000138.wav,1317b638cec56f0614e490b5fbaf3553ce06d4fe476b5afbef00d6c49d24d4e7,960044,682008000,682488000,7403aa2bd6a7fb9d1933ea5c51ea305371179867a308a258dcd214de7b5e6827,0,0,13c869d9ddcbc5da5b8dc1aefd223cd50895e7fff08a9092e764dce76e684c88,saved_rule_based,1.67
section_00_test_000139,test,source,normal,B,20260904T181815Z-34f9bd77290592aace48ae82,20260904T181815Z-34f9bd77290592aace48ae82-dg-615b3981072d-000161,2,none,none,slow,normal-slow-3,left,normal,clipped/audio_event_clean/normal/20260904T181815Z-34f9bd77290592aace48ae82-dg-615b3981072d-000161_ch2.wav,3DPrinter/test/section_00_test_000139.wav,a603a43b274e34df87a79a238fcceba3ecb97f9d4d33f057e4697229ad4099e6,960044,691608000,692088000,7403aa2bd6a7fb9d1933ea5c51ea305371179867a308a258dcd214de7b5e6827,0,0,13c869d9ddcbc5da5b8dc1aefd223cd50895e7fff08a9092e764dce76e684c88,saved_rule_based,1.67
section_00_test_000140,test,source,normal,B,20260904T181815Z-34f9bd77290592aace48ae82,20260904T181815Z-34f9bd77290592aace48ae82-dg-615b3981072d-000162,2,none,none,slow,normal-slow-3,left,normal,clipped/audio_event_clean/normal/20260904T181815Z-34f9bd77290592aace48ae82-dg-615b3981072d-000162_ch2.wav,3DPrinter/test/section_00_test_000140.wav,8a1dd2ff62637c0c73bd5dbe807711a4a5de786a1a6686d7bc651bb5469dc5e1,960044,692088000,692568000,7403aa2bd6a7fb9d1933ea5c51ea305371179867a308a258dcd214de7b5e6827,0,0,13c869d9ddcbc5da5b8dc1aefd223cd50895e7fff08a9092e764dce76e684c88,saved_rule_based,1.67
section_00_test_000141,test,source,normal,B,20260904T181815Z-34f9bd77290592aace48ae82,20260904T181815Z-34f9bd77290592aace48ae82-dg-615b3981072d-000163,2,none,none,slow,normal-slow-3,left,normal,clipped/audio_event_clean/normal/20260904T181815Z-34f9bd77290592aace48ae82-dg-615b3981072d-000163_ch2.wav,3DPrinter/test/section_00_test_000141.wav,93146da3ae6fb263a435391c8d7f201b539046e45a8f912df547fcb2bd0e35ba,960044,692568000,693048000,7403aa2bd6a7fb9d1933ea5c51ea305371179867a308a258dcd214de7b5e6827,0,0,13c869d9ddcbc5da5b8dc1aefd223cd50895e7fff08a9092e764dce76e684c88,saved_rule_based,1.67
section_00_test_000142,test,source,normal,B,20260904T181815Z-34f9bd77290592aace48ae82,20260904T181815Z-34f9bd77290592aace48ae82-dg-615b3981072d-000208,2,none,none,slow,normal-slow-3,left,normal,clipped/audio_event_clean/normal/20260904T181815Z-34f9bd77290592aace48ae82-dg-615b3981072d-000208_ch2.wav,3DPrinter/test/section_00_test_000142.wav,e2042702f178be9ee5a1451583f3e8f1aa2731f116a5a7c4d8c150724c47ae2d,960044,714168000,714648000,7403aa2bd6a7fb9d1933ea5c51ea305371179867a308a258dcd214de7b5e6827,0,0,13c869d9ddcbc5da5b8dc1aefd223cd50895e7fff08a9092e764dce76e684c88,saved_rule_based,1.67
section_00_test_000143,test,source,normal,B,20260904T181815Z-34f9bd77290592aace48ae82,20260904T181815Z-34f9bd77290592aace48ae82-dg-615b3981072d-000222,2,none,none,slow,normal-slow-3,left,normal,clipped/audio_event_clean/normal/20260904T181815Z-34f9bd77290592aace48ae82-dg-615b3981072d-000222_ch2.wav,3DPrinter/test/section_00_test_000143.wav,a82e7b5655cbafd01dcb0346da7e66eb0febde4af082d10ffbf6c8453910c4b1,960044,720888000,721368000,7403aa2bd6a7fb9d1933ea5c51ea305371179867a308a258dcd214de7b5e6827,0,0,13c869d9ddcbc5da5b8dc1aefd223cd50895e7fff08a9092e764dce76e684c88,saved_rule_based,1.67
section_00_test_000144,test,source,normal,B,20260904T181815Z-34f9bd77290592aace48ae82,20260904T181815Z-34f9bd77290592aace48ae82-dg-615b3981072d-000238,2,none,none,slow,normal-slow-3,left,normal,clipped/audio_event_clean/normal/20260904T181815Z-34f9bd77290592aace48ae82-dg-615b3981072d-000238_ch2.wav,3DPrinter/test/section_00_test_000144.wav,09350d31098d6fcd0407ef07e0dc544c34e4fcc8783cd115accb650f26784069,960044,728568000,729048000,7403aa2bd6a7fb9d1933ea5c51ea305371179867a308a258dcd214de7b5e6827,0,0,13c869d9ddcbc5da5b8dc1aefd223cd50895e7fff08a9092e764dce76e684c88,saved_rule_based,1.67
section_00_test_000145,test,source,normal,B,20260904T181815Z-34f9bd77290592aace48ae82,20260904T181815Z-34f9bd77290592aace48ae82-dg-615b3981072d-000252,2,none,none,slow,normal-slow-3,left,normal,clipped/audio_event_clean/normal/20260904T181815Z-34f9bd77290592aace48ae82-dg-615b3981072d-000252_ch2.wav,3DPrinter/test/section_00_test_000145.wav,c4debe8e89f19805fb83119a7f5327aee8055269eb15b786d1aea439628b78d6,960044,735288000,735768000,7403aa2bd6a7fb9d1933ea5c51ea305371179867a308a258dcd214de7b5e6827,0,0,13c869d9ddcbc5da5b8dc1aefd223cd50895e7fff08a9092e764dce76e684c88,saved_rule_based,1.67
section_00_test_000146,test,source,normal,B,20260904T181815Z-34f9bd77290592aace48ae82,20260904T181815Z-34f9bd77290592aace48ae82-dg-615b3981072d-000259,2,none,none,slow,normal-slow-3,left,normal,clipped/audio_event_clean/normal/20260904T181815Z-34f9bd77290592aace48ae82-dg-615b3981072d-000259_ch2.wav,3DPrinter/test/section_00_test_000146.wav,509431a9bb17768c64c7a2c1669d66a588e030be979dd245e747941323a6a9e8,960044,738648000,739128000,7403aa2bd6a7fb9d1933ea5c51ea305371179867a308a258dcd214de7b5e6827,0,0,13c869d9ddcbc5da5b8dc1aefd223cd50895e7fff08a9092e764dce76e684c88,saved_rule_based,1.67
section_00_test_000147,test,source,normal,B,20260904T181815Z-34f9bd77290592aace48ae82,20260904T181815Z-34f9bd77290592aace48ae82-dg-615b3981072d-000276,2,none,none,slow,normal-slow-3,left,normal,clipped/audio_event_clean/normal/20260904T181815Z-34f9bd77290592aace48ae82-dg-615b3981072d-000276_ch2.wav,3DPrinter/test/section_00_test_000147.wav,3451d6a767ceeac398f52dbfc4312dad09751c66f55bbb5c8ff6e1de41e6cc11,960044,746808000,747288000,7403aa2bd6a7fb9d1933ea5c51ea305371179867a308a258dcd214de7b5e6827,0,0,13c869d9ddcbc5da5b8dc1aefd223cd50895e7fff08a9092e764dce76e684c88,saved_rule_based,1.67
section_00_test_000148,test,source,normal,B,20260904T181815Z-34f9bd77290592aace48ae82,20260904T181815Z-34f9bd77290592aace48ae82-dg-615b3981072d-000292,2,none,none,slow,normal-slow-3,left,normal,clipped/audio_event_clean/normal/20260904T181815Z-34f9bd77290592aace48ae82-dg-615b3981072d-000292_ch2.wav,3DPrinter/test/section_00_test_000148.wav,75df19156dad6a4d394e60e8bd6eb11b131de30dca6c5ef41607be4bf4477fc9,960044,754488000,754968000,7403aa2bd6a7fb9d1933ea5c51ea305371179867a308a258dcd214de7b5e6827,0,0,13c869d9ddcbc5da5b8dc1aefd223cd50895e7fff08a9092e764dce76e684c88,saved_rule_based,1.67
section_00_test_000149,test,source,normal,B,20260904T181815Z-34f9bd77290592aace48ae82,20260904T181815Z-34f9bd77290592aace48ae82-dg-615b3981072d-000298,2,none,none,slow,normal-slow-3,left,normal,clipped/audio_event_clean/normal/20260904T181815Z-34f9bd77290592aace48ae82-dg-615b3981072d-000298_ch2.wav,3DPrinter/test/section_00_test_000149.wav,ef7f148372c922acb5365a51f65caf493d55d17d1b881da7edff5eec9f16ce6b,960044,757368000,757848000,7403aa2bd6a7fb9d1933ea5c51ea305371179867a308a258dcd214de7b5e6827,0,0,13c869d9ddcbc5da5b8dc1aefd223cd50895e7fff08a9092e764dce76e684c88,saved_rule_based,1.67
section_00_test_000150,test,source,normal,C,20260909T145949Z-a60e6ebf0acc12120ff2ec2c,20260909T145949Z-a60e6ebf0acc12120ff2ec2c-dg-1f7b83085d3e-000003,1,none,none,slow,normal-slow-3,rear,normal,clipped/audio_event_clean/normal/20260909T145949Z-a60e6ebf0acc12120ff2ec2c-dg-1f7b83085d3e-000003_ch1.wav,3DPrinter/test/section_00_test_000150.wav,a55a51be73de017963d23dc1841beaba7dfd2ad0cbcfa63dfa3a0dfd39249c5f,960044,8586780000,8587260000,b82c31be86c06ac6e3859b077d37ef358f7953d84bf566eae193420d7513bba0,0,0,25fc16d79ada9578cde7b8156bfcb285a078641b2c61309af36ea3d24e6f8ccd,saved_rule_based,1.75
section_00_test_000151,test,source,normal,C,20260909T145949Z-a60e6ebf0acc12120ff2ec2c,20260909T145949Z-a60e6ebf0acc12120ff2ec2c-dg-1f7b83085d3e-000014,1,none,none,slow,normal-slow-3,rear,normal,clipped/audio_event_clean/normal/20260909T145949Z-a60e6ebf0acc12120ff2ec2c-dg-1f7b83085d3e-000014_ch1.wav,3DPrinter/test/section_00_test_000151.wav,564899ad83a3ca5b673e301862c58ce84964c6c0a3b63768a031068b1a2750a2,960044,8592060000,8592540000,b82c31be86c06ac6e3859b077d37ef358f7953d84bf566eae193420d7513bba0,0,0,25fc16d79ada9578cde7b8156bfcb285a078641b2c61309af36ea3d24e6f8ccd,saved_rule_based,1.75
section_00_test_000152,test,source,normal,C,20260909T145949Z-a60e6ebf0acc12120ff2ec2c,20260909T145949Z-a60e6ebf0acc12120ff2ec2c-dg-1f7b83085d3e-000029,1,none,none,slow,normal-slow-3,rear,normal,clipped/audio_event_clean/normal/20260909T145949Z-a60e6ebf0acc12120ff2ec2c-dg-1f7b83085d3e-000029_ch1.wav,3DPrinter/test/section_00_test_000152.wav,62799e6e3d5f4741af9ab808c1f03624440ec3622aa7af74848ab3b67148327a,960044,8599260000,8599740000,b82c31be86c06ac6e3859b077d37ef358f7953d84bf566eae193420d7513bba0,0,0,25fc16d79ada9578cde7b8156bfcb285a078641b2c61309af36ea3d24e6f8ccd,saved_rule_based,1.75
section_00_test_000153,test,source,normal,C,20260909T145949Z-a60e6ebf0acc12120ff2ec2c,20260909T145949Z-a60e6ebf0acc12120ff2ec2c-dg-1f7b83085d3e-000034,1,none,none,slow,normal-slow-3,rear,normal,clipped/audio_event_clean/normal/20260909T145949Z-a60e6ebf0acc12120ff2ec2c-dg-1f7b83085d3e-000034_ch1.wav,3DPrinter/test/section_00_test_000153.wav,ae89e196ce53ec5808b9d56cfe839a5f5eb837526ca319cfe1021b99d0b8cb74,960044,8601660000,8602140000,b82c31be86c06ac6e3859b077d37ef358f7953d84bf566eae193420d7513bba0,0,0,25fc16d79ada9578cde7b8156bfcb285a078641b2c61309af36ea3d24e6f8ccd,saved_rule_based,1.75
section_00_test_000154,test,source,normal,C,20260909T145949Z-a60e6ebf0acc12120ff2ec2c,20260909T145949Z-a60e6ebf0acc12120ff2ec2c-dg-1f7b83085d3e-000060,1,none,none,slow,normal-slow-3,rear,normal,clipped/audio_event_clean/normal/20260909T145949Z-a60e6ebf0acc12120ff2ec2c-dg-1f7b83085d3e-000060_ch1.wav,3DPrinter/test/section_00_test_000154.wav,985b16de5bcdcdd3af7bf833cd2c01a00ba218876dfd5a758aec0586882b2805,960044,8614140000,8614620000,b82c31be86c06ac6e3859b077d37ef358f7953d84bf566eae193420d7513bba0,0,0,25fc16d79ada9578cde7b8156bfcb285a078641b2c61309af36ea3d24e6f8ccd,saved_rule_based,1.75
section_00_test_000155,test,source,normal,C,20260909T145949Z-a60e6ebf0acc12120ff2ec2c,20260909T145949Z-a60e6ebf0acc12120ff2ec2c-dg-1f7b83085d3e-000070,1,none,none,slow,normal-slow-3,rear,normal,clipped/audio_event_clean/normal/20260909T145949Z-a60e6ebf0acc12120ff2ec2c-dg-1f7b83085d3e-000070_ch1.wav,3DPrinter/test/section_00_test_000155.wav,9f5df695bb026fd713cfd0a77788d581d8dcac6424267a3ccf5163632531945e,960044,8618940000,8619420000,b82c31be86c06ac6e3859b077d37ef358f7953d84bf566eae193420d7513bba0,0,0,25fc16d79ada9578cde7b8156bfcb285a078641b2c61309af36ea3d24e6f8ccd,saved_rule_based,1.75
section_00_test_000156,test,source,normal,C,20260909T145949Z-a60e6ebf0acc12120ff2ec2c,20260909T145949Z-a60e6ebf0acc12120ff2ec2c-dg-1f7b83085d3e-000076,1,none,none,slow,normal-slow-3,rear,normal,clipped/audio_event_clean/normal/20260909T145949Z-a60e6ebf0acc12120ff2ec2c-dg-1f7b83085d3e-000076_ch1.wav,3DPrinter/test/section_00_test_000156.wav,00c7cc61c8c399aa03a4130623f00944450a6aef598359d750d738d9638df50e,960044,8621820000,8622300000,b82c31be86c06ac6e3859b077d37ef358f7953d84bf566eae193420d7513bba0,0,0,25fc16d79ada9578cde7b8156bfcb285a078641b2c61309af36ea3d24e6f8ccd,saved_rule_based,1.75
section_00_test_000157,test,source,normal,C,20260909T145949Z-a60e6ebf0acc12120ff2ec2c,20260909T145949Z-a60e6ebf0acc12120ff2ec2c-dg-1f7b83085d3e-000128,1,none,none,slow,normal-slow-3,rear,normal,clipped/audio_event_clean/normal/20260909T145949Z-a60e6ebf0acc12120ff2ec2c-dg-1f7b83085d3e-000128_ch1.wav,3DPrinter/test/section_00_test_000157.wav,f71956a237194b7dfcc4d0003a59c73fd912b8f538bc6012dd76a378cfa2a96f,960044,8646780000,8647260000,b82c31be86c06ac6e3859b077d37ef358f7953d84bf566eae193420d7513bba0,0,0,25fc16d79ada9578cde7b8156bfcb285a078641b2c61309af36ea3d24e6f8ccd,saved_rule_based,1.75
section_00_test_000158,test,source,normal,C,20260909T145949Z-a60e6ebf0acc12120ff2ec2c,20260909T145949Z-a60e6ebf0acc12120ff2ec2c-dg-1f7b83085d3e-000136,1,none,none,slow,normal-slow-3,rear,normal,clipped/audio_event_clean/normal/20260909T145949Z-a60e6ebf0acc12120ff2ec2c-dg-1f7b83085d3e-000136_ch1.wav,3DPrinter/test/section_00_test_000158.wav,b620331a4024945e4c1693a734f97927c8e1eb592e018cdab2ff8bdd68005392,960044,8650620000,8651100000,b82c31be86c06ac6e3859b077d37ef358f7953d84bf566eae193420d7513bba0,0,0,25fc16d79ada9578cde7b8156bfcb285a078641b2c61309af36ea3d24e6f8ccd,saved_rule_based,1.75
section_00_test_000159,test,source,normal,C,20260909T145949Z-a60e6ebf0acc12120ff2ec2c,20260909T145949Z-a60e6ebf0acc12120ff2ec2c-dg-1f7b83085d3e-000174,1,none,none,slow,normal-slow-3,rear,normal,clipped/audio_event_clean/normal/20260909T145949Z-a60e6ebf0acc12120ff2ec2c-dg-1f7b83085d3e-000174_ch1.wav,3DPrinter/test/section_00_test_000159.wav,105e80bbf8e7b247db8fee0bd2267849880e184bf64ecd473c44963ddd214355,960044,8668860000,8669340000,b82c31be86c06ac6e3859b077d37ef358f7953d84bf566eae193420d7513bba0,0,0,25fc16d79ada9578cde7b8156bfcb285a078641b2c61309af36ea3d24e6f8ccd,saved_rule_based,1.75
section_00_test_000160,test,source,normal,C,20260909T145949Z-a60e6ebf0acc12120ff2ec2c,20260909T145949Z-a60e6ebf0acc12120ff2ec2c-dg-1f7b83085d3e-000186,1,none,none,slow,normal-slow-3,rear,normal,clipped/audio_event_clean/normal/20260909T145949Z-a60e6ebf0acc12120ff2ec2c-dg-1f7b83085d3e-000186_ch1.wav,3DPrinter/test/section_00_test_000160.wav,b9090318adbb0069cfa6b1ad501e5a0f249b976c38df71efa9d6340632976476,960044,8674620000,8675100000,b82c31be86c06ac6e3859b077d37ef358f7953d84bf566eae193420d7513bba0,0,0,25fc16d79ada9578cde7b8156bfcb285a078641b2c61309af36ea3d24e6f8ccd,saved_rule_based,1.75
section_00_test_000161,test,source,normal,C,20260909T145949Z-a60e6ebf0acc12120ff2ec2c,20260909T145949Z-a60e6ebf0acc12120ff2ec2c-dg-1f7b83085d3e-000190,1,none,none,slow,normal-slow-3,rear,normal,clipped/audio_event_clean/normal/20260909T145949Z-a60e6ebf0acc12120ff2ec2c-dg-1f7b83085d3e-000190_ch1.wav,3DPrinter/test/section_00_test_000161.wav,5f476751ac4e57f7c6c97c98c5771c9fe7b13b1e412e401a90479d9233a48b0f,960044,8676540000,8677020000,b82c31be86c06ac6e3859b077d37ef358f7953d84bf566eae193420d7513bba0,0,0,25fc16d79ada9578cde7b8156bfcb285a078641b2c61309af36ea3d24e6f8ccd,saved_rule_based,1.75
section_00_test_000162,test,source,normal,C,20260909T145949Z-a60e6ebf0acc12120ff2ec2c,20260909T145949Z-a60e6ebf0acc12120ff2ec2c-dg-1f7b83085d3e-000191,1,none,none,slow,normal-slow-3,rear,normal,clipped/audio_event_clean/normal/20260909T145949Z-a60e6ebf0acc12120ff2ec2c-dg-1f7b83085d3e-000191_ch1.wav,3DPrinter/test/section_00_test_000162.wav,c7876c42ef61632b1c6ffa824a4c167da527b56ae16b9c29bdf9136cef062f56,960044,8677020000,8677500000,b82c31be86c06ac6e3859b077d37ef358f7953d84bf566eae193420d7513bba0,0,0,25fc16d79ada9578cde7b8156bfcb285a078641b2c61309af36ea3d24e6f8ccd,saved_rule_based,1.75
section_00_test_000163,test,source,normal,C,20260909T145949Z-a60e6ebf0acc12120ff2ec2c,20260909T145949Z-a60e6ebf0acc12120ff2ec2c-dg-1f7b83085d3e-000197,1,none,none,slow,normal-slow-3,rear,normal,clipped/audio_event_clean/normal/20260909T145949Z-a60e6ebf0acc12120ff2ec2c-dg-1f7b83085d3e-000197_ch1.wav,3DPrinter/test/section_00_test_000163.wav,2f997546faf85b67b2a520dd75a301ec955f7e62e41a949d4a253c3e9563580f,960044,8679900000,8680380000,b82c31be86c06ac6e3859b077d37ef358f7953d84bf566eae193420d7513bba0,0,0,25fc16d79ada9578cde7b8156bfcb285a078641b2c61309af36ea3d24e6f8ccd,saved_rule_based,1.75
section_00_test_000164,test,source,normal,C,20260909T145949Z-a60e6ebf0acc12120ff2ec2c,20260909T145949Z-a60e6ebf0acc12120ff2ec2c-dg-1f7b83085d3e-000198,1,none,none,slow,normal-slow-3,rear,normal,clipped/audio_event_clean/normal/20260909T145949Z-a60e6ebf0acc12120ff2ec2c-dg-1f7b83085d3e-000198_ch1.wav,3DPrinter/test/section_00_test_000164.wav,21c23aceaa137cf10f5c3e3b23a930ec89117ca9dcbd9f3e8b33a6d3cf062cdc,960044,8680380000,8680860000,b82c31be86c06ac6e3859b077d37ef358f7953d84bf566eae193420d7513bba0,0,0,25fc16d79ada9578cde7b8156bfcb285a078641b2c61309af36ea3d24e6f8ccd,saved_rule_based,1.75
section_00_test_000165,test,source,normal,C,20260909T145949Z-a60e6ebf0acc12120ff2ec2c,20260909T145949Z-a60e6ebf0acc12120ff2ec2c-dg-1f7b83085d3e-000205,1,none,none,slow,normal-slow-3,rear,normal,clipped/audio_event_clean/normal/20260909T145949Z-a60e6ebf0acc12120ff2ec2c-dg-1f7b83085d3e-000205_ch1.wav,3DPrinter/test/section_00_test_000165.wav,643d1e66c528441b2f53bd2b1ef02aac4e21b359719af3f34e3c5af625f1c1bd,960044,8683740000,8684220000,b82c31be86c06ac6e3859b077d37ef358f7953d84bf566eae193420d7513bba0,0,0,25fc16d79ada9578cde7b8156bfcb285a078641b2c61309af36ea3d24e6f8ccd,saved_rule_based,1.75
section_00_test_000166,test,source,normal,C,20260909T145949Z-a60e6ebf0acc12120ff2ec2c,20260909T145949Z-a60e6ebf0acc12120ff2ec2c-dg-1f7b83085d3e-000207,1,none,none,slow,normal-slow-3,rear,normal,clipped/audio_event_clean/normal/20260909T145949Z-a60e6ebf0acc12120ff2ec2c-dg-1f7b83085d3e-000207_ch1.wav,3DPrinter/test/section_00_test_000166.wav,761fb32064639f9361e31f15ac08381fbc05eff1f8bf32a41aa3f1c8ebcd8d3e,960044,8684700000,8685180000,b82c31be86c06ac6e3859b077d37ef358f7953d84bf566eae193420d7513bba0,0,0,25fc16d79ada9578cde7b8156bfcb285a078641b2c61309af36ea3d24e6f8ccd,saved_rule_based,1.75
section_00_test_000167,test,source,normal,C,20260909T145949Z-a60e6ebf0acc12120ff2ec2c,20260909T145949Z-a60e6ebf0acc12120ff2ec2c-dg-1f7b83085d3e-000212,1,none,none,slow,normal-slow-3,rear,normal,clipped/audio_event_clean/normal/20260909T145949Z-a60e6ebf0acc12120ff2ec2c-dg-1f7b83085d3e-000212_ch1.wav,3DPrinter/test/section_00_test_000167.wav,94c0ae75939316746d5c49cd48f106b730f5034252897ca88a5b4652fcb5d0fe,960044,8687100000,8687580000,b82c31be86c06ac6e3859b077d37ef358f7953d84bf566eae193420d7513bba0,0,0,25fc16d79ada9578cde7b8156bfcb285a078641b2c61309af36ea3d24e6f8ccd,saved_rule_based,1.75
section_00_test_000168,test,source,normal,C,20260909T145949Z-a60e6ebf0acc12120ff2ec2c,20260909T145949Z-a60e6ebf0acc12120ff2ec2c-dg-1f7b83085d3e-000216,1,none,none,slow,normal-slow-3,rear,normal,clipped/audio_event_clean/normal/20260909T145949Z-a60e6ebf0acc12120ff2ec2c-dg-1f7b83085d3e-000216_ch1.wav,3DPrinter/test/section_00_test_000168.wav,fc271e09a0dbb48fe74f92e7c1ea3fa8a1751357a775bfac0362b1218a7768b3,960044,8689020000,8689500000,b82c31be86c06ac6e3859b077d37ef358f7953d84bf566eae193420d7513bba0,0,0,25fc16d79ada9578cde7b8156bfcb285a078641b2c61309af36ea3d24e6f8ccd,saved_rule_based,1.75
section_00_test_000169,test,source,normal,C,20260909T145949Z-a60e6ebf0acc12120ff2ec2c,20260909T145949Z-a60e6ebf0acc12120ff2ec2c-dg-1f7b83085d3e-000221,1,none,none,slow,normal-slow-3,rear,normal,clipped/audio_event_clean/normal/20260909T145949Z-a60e6ebf0acc12120ff2ec2c-dg-1f7b83085d3e-000221_ch1.wav,3DPrinter/test/section_00_test_000169.wav,ea42fe7365cededa3d53ded764521e06c136611af492630ec9461ec1ea1790bf,960044,8691420000,8691900000,b82c31be86c06ac6e3859b077d37ef358f7953d84bf566eae193420d7513bba0,0,0,25fc16d79ada9578cde7b8156bfcb285a078641b2c61309af36ea3d24e6f8ccd,saved_rule_based,1.75
section_00_test_000170,test,source,normal,C,20260909T145949Z-a60e6ebf0acc12120ff2ec2c,20260909T145949Z-a60e6ebf0acc12120ff2ec2c-dg-1f7b83085d3e-000242,1,none,none,slow,normal-slow-3,rear,normal,clipped/audio_event_clean/normal/20260909T145949Z-a60e6ebf0acc12120ff2ec2c-dg-1f7b83085d3e-000242_ch1.wav,3DPrinter/test/section_00_test_000170.wav,95245e384f4765d0765ab5403b177687e992f71aa86b9443ca74da7bb7c48a91,960044,8701500000,8701980000,b82c31be86c06ac6e3859b077d37ef358f7953d84bf566eae193420d7513bba0,0,0,25fc16d79ada9578cde7b8156bfcb285a078641b2c61309af36ea3d24e6f8ccd,saved_rule_based,1.75
section_00_test_000171,test,source,normal,C,20260909T145949Z-a60e6ebf0acc12120ff2ec2c,20260909T145949Z-a60e6ebf0acc12120ff2ec2c-dg-1f7b83085d3e-000279,1,none,none,slow,normal-slow-3,rear,normal,clipped/audio_event_clean/normal/20260909T145949Z-a60e6ebf0acc12120ff2ec2c-dg-1f7b83085d3e-000279_ch1.wav,3DPrinter/test/section_00_test_000171.wav,e09cc1c01a6bc2f9f4720308f9d178167a615de224039627781340e1ad489bac,960044,8719260000,8719740000,b82c31be86c06ac6e3859b077d37ef358f7953d84bf566eae193420d7513bba0,0,0,25fc16d79ada9578cde7b8156bfcb285a078641b2c61309af36ea3d24e6f8ccd,saved_rule_based,1.75
section_00_test_000172,test,source,normal,C,20260909T145949Z-a60e6ebf0acc12120ff2ec2c,20260909T145949Z-a60e6ebf0acc12120ff2ec2c-dg-1f7b83085d3e-000280,1,none,none,slow,normal-slow-3,rear,normal,clipped/audio_event_clean/normal/20260909T145949Z-a60e6ebf0acc12120ff2ec2c-dg-1f7b83085d3e-000280_ch1.wav,3DPrinter/test/section_00_test_000172.wav,719460783d34d6ca086559f1d50a0ac1b8b9f05518d56d8eefa9cec0c21d5e2a,960044,8719740000,8720220000,b82c31be86c06ac6e3859b077d37ef358f7953d84bf566eae193420d7513bba0,0,0,25fc16d79ada9578cde7b8156bfcb285a078641b2c61309af36ea3d24e6f8ccd,saved_rule_based,1.75
section_00_test_000173,test,source,normal,C,20260909T145949Z-a60e6ebf0acc12120ff2ec2c,20260909T145949Z-a60e6ebf0acc12120ff2ec2c-dg-1f7b83085d3e-000294,1,none,none,slow,normal-slow-3,rear,normal,clipped/audio_event_clean/normal/20260909T145949Z-a60e6ebf0acc12120ff2ec2c-dg-1f7b83085d3e-000294_ch1.wav,3DPrinter/test/section_00_test_000173.wav,9528cf44fb3e7bc75270425df4bc88294aa42960c6e080d64d2ba558dd3f4fb0,960044,8726460000,8726940000,b82c31be86c06ac6e3859b077d37ef358f7953d84bf566eae193420d7513bba0,0,0,25fc16d79ada9578cde7b8156bfcb285a078641b2c61309af36ea3d24e6f8ccd,saved_rule_based,1.75
section_00_test_000174,test,source,normal,C,20260909T145949Z-a60e6ebf0acc12120ff2ec2c,20260909T145949Z-a60e6ebf0acc12120ff2ec2c-dg-1f7b83085d3e-000299,1,none,none,slow,normal-slow-3,rear,normal,clipped/audio_event_clean/normal/20260909T145949Z-a60e6ebf0acc12120ff2ec2c-dg-1f7b83085d3e-000299_ch1.wav,3DPrinter/test/section_00_test_000174.wav,b7fd528c2566dc5879ea0814e4fc6d19d14f3ad96de868f1ede4205244e49608,960044,8728860000,8729340000,b82c31be86c06ac6e3859b077d37ef358f7953d84bf566eae193420d7513bba0,0,0,25fc16d79ada9578cde7b8156bfcb285a078641b2c61309af36ea3d24e6f8ccd,saved_rule_based,1.75
section_00_test_000175,test,source,normal,C,20260909T145949Z-a60e6ebf0acc12120ff2ec2c,20260909T145949Z-a60e6ebf0acc12120ff2ec2c-dg-1f7b83085d3e-000016,2,none,none,slow,normal-slow-3,left,normal,clipped/audio_event_clean/normal/20260909T145949Z-a60e6ebf0acc12120ff2ec2c-dg-1f7b83085d3e-000016_ch2.wav,3DPrinter/test/section_00_test_000175.wav,2d0da4a04f33c8de13196f87be775800131df5c130a0946520221a3141a6f470,960044,8593020000,8593500000,b82c31be86c06ac6e3859b077d37ef358f7953d84bf566eae193420d7513bba0,0,0,25fc16d79ada9578cde7b8156bfcb285a078641b2c61309af36ea3d24e6f8ccd,saved_rule_based,1.75
section_00_test_000176,test,source,normal,C,20260909T145949Z-a60e6ebf0acc12120ff2ec2c,20260909T145949Z-a60e6ebf0acc12120ff2ec2c-dg-1f7b83085d3e-000017,2,none,none,slow,normal-slow-3,left,normal,clipped/audio_event_clean/normal/20260909T145949Z-a60e6ebf0acc12120ff2ec2c-dg-1f7b83085d3e-000017_ch2.wav,3DPrinter/test/section_00_test_000176.wav,9293fb5eac2510aec30b36f4306e4e438c59a9c69df9d5aff6b22ce11f31dfee,960044,8593500000,8593980000,b82c31be86c06ac6e3859b077d37ef358f7953d84bf566eae193420d7513bba0,0,0,25fc16d79ada9578cde7b8156bfcb285a078641b2c61309af36ea3d24e6f8ccd,saved_rule_based,1.75
section_00_test_000177,test,source,normal,C,20260909T145949Z-a60e6ebf0acc12120ff2ec2c,20260909T145949Z-a60e6ebf0acc12120ff2ec2c-dg-1f7b83085d3e-000021,2,none,none,slow,normal-slow-3,left,normal,clipped/audio_event_clean/normal/20260909T145949Z-a60e6ebf0acc12120ff2ec2c-dg-1f7b83085d3e-000021_ch2.wav,3DPrinter/test/section_00_test_000177.wav,d188dd910cbee181764c1600254b907d95702bf8624713c7c0f363549e5ba9cb,960044,8595420000,8595900000,b82c31be86c06ac6e3859b077d37ef358f7953d84bf566eae193420d7513bba0,0,0,25fc16d79ada9578cde7b8156bfcb285a078641b2c61309af36ea3d24e6f8ccd,saved_rule_based,1.75
section_00_test_000178,test,source,normal,C,20260909T145949Z-a60e6ebf0acc12120ff2ec2c,20260909T145949Z-a60e6ebf0acc12120ff2ec2c-dg-1f7b83085d3e-000027,2,none,none,slow,normal-slow-3,left,normal,clipped/audio_event_clean/normal/20260909T145949Z-a60e6ebf0acc12120ff2ec2c-dg-1f7b83085d3e-000027_ch2.wav,3DPrinter/test/section_00_test_000178.wav,712439e4a54f0d798d70304384559f90f5a5cb7ab0d1b48da68e3d8c1968c188,960044,8598300000,8598780000,b82c31be86c06ac6e3859b077d37ef358f7953d84bf566eae193420d7513bba0,0,0,25fc16d79ada9578cde7b8156bfcb285a078641b2c61309af36ea3d24e6f8ccd,saved_rule_based,1.75
section_00_test_000179,test,source,normal,C,20260909T145949Z-a60e6ebf0acc12120ff2ec2c,20260909T145949Z-a60e6ebf0acc12120ff2ec2c-dg-1f7b83085d3e-000032,2,none,none,slow,normal-slow-3,left,normal,clipped/audio_event_clean/normal/20260909T145949Z-a60e6ebf0acc12120ff2ec2c-dg-1f7b83085d3e-000032_ch2.wav,3DPrinter/test/section_00_test_000179.wav,36e250f84084cdf91f684efee49cb2f491321f7ba83af8911d85ac8fb061c0b7,960044,8600700000,8601180000,b82c31be86c06ac6e3859b077d37ef358f7953d84bf566eae193420d7513bba0,0,0,25fc16d79ada9578cde7b8156bfcb285a078641b2c61309af36ea3d24e6f8ccd,saved_rule_based,1.75
section_00_test_000180,test,source,normal,C,20260909T145949Z-a60e6ebf0acc12120ff2ec2c,20260909T145949Z-a60e6ebf0acc12120ff2ec2c-dg-1f7b83085d3e-000059,2,none,none,slow,normal-slow-3,left,normal,clipped/audio_event_clean/normal/20260909T145949Z-a60e6ebf0acc12120ff2ec2c-dg-1f7b83085d3e-000059_ch2.wav,3DPrinter/test/section_00_test_000180.wav,1f006399bbddc6673d4c0577d0d902617877e33e6e3b4b3eafb734fd061b38a5,960044,8613660000,8614140000,b82c31be86c06ac6e3859b077d37ef358f7953d84bf566eae193420d7513bba0,0,0,25fc16d79ada9578cde7b8156bfcb285a078641b2c61309af36ea3d24e6f8ccd,saved_rule_based,1.75
section_00_test_000181,test,source,normal,C,20260909T145949Z-a60e6ebf0acc12120ff2ec2c,20260909T145949Z-a60e6ebf0acc12120ff2ec2c-dg-1f7b83085d3e-000063,2,none,none,slow,normal-slow-3,left,normal,clipped/audio_event_clean/normal/20260909T145949Z-a60e6ebf0acc12120ff2ec2c-dg-1f7b83085d3e-000063_ch2.wav,3DPrinter/test/section_00_test_000181.wav,411d3b57df4d02994b4178e83b61674835be540ce5246951dcf64a5d4f84e19b,960044,8615580000,8616060000,b82c31be86c06ac6e3859b077d37ef358f7953d84bf566eae193420d7513bba0,0,0,25fc16d79ada9578cde7b8156bfcb285a078641b2c61309af36ea3d24e6f8ccd,saved_rule_based,1.75
section_00_test_000182,test,source,normal,C,20260909T145949Z-a60e6ebf0acc12120ff2ec2c,20260909T145949Z-a60e6ebf0acc12120ff2ec2c-dg-1f7b83085d3e-000094,2,none,none,slow,normal-slow-3,left,normal,clipped/audio_event_clean/normal/20260909T145949Z-a60e6ebf0acc12120ff2ec2c-dg-1f7b83085d3e-000094_ch2.wav,3DPrinter/test/section_00_test_000182.wav,5f8c05ac3c81d4251179ca23b8f08ea0f9c689644d1c9fe0d8339b2c7d9c53de,960044,8630460000,8630940000,b82c31be86c06ac6e3859b077d37ef358f7953d84bf566eae193420d7513bba0,0,0,25fc16d79ada9578cde7b8156bfcb285a078641b2c61309af36ea3d24e6f8ccd,saved_rule_based,1.75
section_00_test_000183,test,source,normal,C,20260909T145949Z-a60e6ebf0acc12120ff2ec2c,20260909T145949Z-a60e6ebf0acc12120ff2ec2c-dg-1f7b83085d3e-000097,2,none,none,slow,normal-slow-3,left,normal,clipped/audio_event_clean/normal/20260909T145949Z-a60e6ebf0acc12120ff2ec2c-dg-1f7b83085d3e-000097_ch2.wav,3DPrinter/test/section_00_test_000183.wav,6f19064ad40f50eea53a0ddb53faad4bfa3b7e0dbbd64ac469808cb26b267081,960044,8631900000,8632380000,b82c31be86c06ac6e3859b077d37ef358f7953d84bf566eae193420d7513bba0,0,0,25fc16d79ada9578cde7b8156bfcb285a078641b2c61309af36ea3d24e6f8ccd,saved_rule_based,1.75
section_00_test_000184,test,source,normal,C,20260909T145949Z-a60e6ebf0acc12120ff2ec2c,20260909T145949Z-a60e6ebf0acc12120ff2ec2c-dg-1f7b83085d3e-000100,2,none,none,slow,normal-slow-3,left,normal,clipped/audio_event_clean/normal/20260909T145949Z-a60e6ebf0acc12120ff2ec2c-dg-1f7b83085d3e-000100_ch2.wav,3DPrinter/test/section_00_test_000184.wav,95032d93e05900e253b538230ca41d6903b69d3aee6619f82c70411c47683106,960044,8633340000,8633820000,b82c31be86c06ac6e3859b077d37ef358f7953d84bf566eae193420d7513bba0,0,0,25fc16d79ada9578cde7b8156bfcb285a078641b2c61309af36ea3d24e6f8ccd,saved_rule_based,1.75
section_00_test_000185,test,source,normal,C,20260909T145949Z-a60e6ebf0acc12120ff2ec2c,20260909T145949Z-a60e6ebf0acc12120ff2ec2c-dg-1f7b83085d3e-000103,2,none,none,slow,normal-slow-3,left,normal,clipped/audio_event_clean/normal/20260909T145949Z-a60e6ebf0acc12120ff2ec2c-dg-1f7b83085d3e-000103_ch2.wav,3DPrinter/test/section_00_test_000185.wav,66820635fbdb74541cc3f912584db873b40de64772a7503423ce330aece511e2,960044,8634780000,8635260000,b82c31be86c06ac6e3859b077d37ef358f7953d84bf566eae193420d7513bba0,0,0,25fc16d79ada9578cde7b8156bfcb285a078641b2c61309af36ea3d24e6f8ccd,saved_rule_based,1.75
section_00_test_000186,test,source,normal,C,20260909T145949Z-a60e6ebf0acc12120ff2ec2c,20260909T145949Z-a60e6ebf0acc12120ff2ec2c-dg-1f7b83085d3e-000108,2,none,none,slow,normal-slow-3,left,normal,clipped/audio_event_clean/normal/20260909T145949Z-a60e6ebf0acc12120ff2ec2c-dg-1f7b83085d3e-000108_ch2.wav,3DPrinter/test/section_00_test_000186.wav,e9d0d107a257e5e5331e61f9e59b98f544c224ff8fbdb30357a3670b1597512c,960044,8637180000,8637660000,b82c31be86c06ac6e3859b077d37ef358f7953d84bf566eae193420d7513bba0,0,0,25fc16d79ada9578cde7b8156bfcb285a078641b2c61309af36ea3d24e6f8ccd,saved_rule_based,1.75
section_00_test_000187,test,source,normal,C,20260909T145949Z-a60e6ebf0acc12120ff2ec2c,20260909T145949Z-a60e6ebf0acc12120ff2ec2c-dg-1f7b83085d3e-000114,2,none,none,slow,normal-slow-3,left,normal,clipped/audio_event_clean/normal/20260909T145949Z-a60e6ebf0acc12120ff2ec2c-dg-1f7b83085d3e-000114_ch2.wav,3DPrinter/test/section_00_test_000187.wav,f333d14e71b4b28dc5db8f2116085906395a91c4b489a27f27631eb4c1b72022,960044,8640060000,8640540000,b82c31be86c06ac6e3859b077d37ef358f7953d84bf566eae193420d7513bba0,0,0,25fc16d79ada9578cde7b8156bfcb285a078641b2c61309af36ea3d24e6f8ccd,saved_rule_based,1.75
section_00_test_000188,test,source,normal,C,20260909T145949Z-a60e6ebf0acc12120ff2ec2c,20260909T145949Z-a60e6ebf0acc12120ff2ec2c-dg-1f7b83085d3e-000115,2,none,none,slow,normal-slow-3,left,normal,clipped/audio_event_clean/normal/20260909T145949Z-a60e6ebf0acc12120ff2ec2c-dg-1f7b83085d3e-000115_ch2.wav,3DPrinter/test/section_00_test_000188.wav,632d581d835b5ccf35c0c7efbcba13ec3652c297c03d63903661092d53bfd06e,960044,8640540000,8641020000,b82c31be86c06ac6e3859b077d37ef358f7953d84bf566eae193420d7513bba0,0,0,25fc16d79ada9578cde7b8156bfcb285a078641b2c61309af36ea3d24e6f8ccd,saved_rule_based,1.75
section_00_test_000189,test,source,normal,C,20260909T145949Z-a60e6ebf0acc12120ff2ec2c,20260909T145949Z-a60e6ebf0acc12120ff2ec2c-dg-1f7b83085d3e-000126,2,none,none,slow,normal-slow-3,left,normal,clipped/audio_event_clean/normal/20260909T145949Z-a60e6ebf0acc12120ff2ec2c-dg-1f7b83085d3e-000126_ch2.wav,3DPrinter/test/section_00_test_000189.wav,db3ca258131097ac8d856a192d3d234027a90013204a364f33c5e28d65470f0d,960044,8645820000,8646300000,b82c31be86c06ac6e3859b077d37ef358f7953d84bf566eae193420d7513bba0,0,0,25fc16d79ada9578cde7b8156bfcb285a078641b2c61309af36ea3d24e6f8ccd,saved_rule_based,1.75
section_00_test_000190,test,source,normal,C,20260909T145949Z-a60e6ebf0acc12120ff2ec2c,20260909T145949Z-a60e6ebf0acc12120ff2ec2c-dg-1f7b83085d3e-000144,2,none,none,slow,normal-slow-3,left,normal,clipped/audio_event_clean/normal/20260909T145949Z-a60e6ebf0acc12120ff2ec2c-dg-1f7b83085d3e-000144_ch2.wav,3DPrinter/test/section_00_test_000190.wav,22452371a607280c2a3790cc05c4a628a52f32fc439956a12e4ab764938023a2,960044,8654460000,8654940000,b82c31be86c06ac6e3859b077d37ef358f7953d84bf566eae193420d7513bba0,0,0,25fc16d79ada9578cde7b8156bfcb285a078641b2c61309af36ea3d24e6f8ccd,saved_rule_based,1.75
section_00_test_000191,test,source,normal,C,20260909T145949Z-a60e6ebf0acc12120ff2ec2c,20260909T145949Z-a60e6ebf0acc12120ff2ec2c-dg-1f7b83085d3e-000146,2,none,none,slow,normal-slow-3,left,normal,clipped/audio_event_clean/normal/20260909T145949Z-a60e6ebf0acc12120ff2ec2c-dg-1f7b83085d3e-000146_ch2.wav,3DPrinter/test/section_00_test_000191.wav,0e40257c202efe266f42c142a8f05a9ba47c09166af64737f23462e007e4ef5a,960044,8655420000,8655900000,b82c31be86c06ac6e3859b077d37ef358f7953d84bf566eae193420d7513bba0,0,0,25fc16d79ada9578cde7b8156bfcb285a078641b2c61309af36ea3d24e6f8ccd,saved_rule_based,1.75
section_00_test_000192,test,source,normal,C,20260909T145949Z-a60e6ebf0acc12120ff2ec2c,20260909T145949Z-a60e6ebf0acc12120ff2ec2c-dg-1f7b83085d3e-000177,2,none,none,slow,normal-slow-3,left,normal,clipped/audio_event_clean/normal/20260909T145949Z-a60e6ebf0acc12120ff2ec2c-dg-1f7b83085d3e-000177_ch2.wav,3DPrinter/test/section_00_test_000192.wav,85389f2c63aa6feb952534f56dbaa840cce9f0646ce44221a9dc130c52887740,960044,8670300000,8670780000,b82c31be86c06ac6e3859b077d37ef358f7953d84bf566eae193420d7513bba0,0,0,25fc16d79ada9578cde7b8156bfcb285a078641b2c61309af36ea3d24e6f8ccd,saved_rule_based,1.75
section_00_test_000193,test,source,normal,C,20260909T145949Z-a60e6ebf0acc12120ff2ec2c,20260909T145949Z-a60e6ebf0acc12120ff2ec2c-dg-1f7b83085d3e-000211,2,none,none,slow,normal-slow-3,left,normal,clipped/audio_event_clean/normal/20260909T145949Z-a60e6ebf0acc12120ff2ec2c-dg-1f7b83085d3e-000211_ch2.wav,3DPrinter/test/section_00_test_000193.wav,de9beef76b498973e9bf01c868e6c008223a8ab6fc834468a66c5c3d389f4b22,960044,8686620000,8687100000,b82c31be86c06ac6e3859b077d37ef358f7953d84bf566eae193420d7513bba0,0,0,25fc16d79ada9578cde7b8156bfcb285a078641b2c61309af36ea3d24e6f8ccd,saved_rule_based,1.75
section_00_test_000194,test,source,normal,C,20260909T145949Z-a60e6ebf0acc12120ff2ec2c,20260909T145949Z-a60e6ebf0acc12120ff2ec2c-dg-1f7b83085d3e-000225,2,none,none,slow,normal-slow-3,left,normal,clipped/audio_event_clean/normal/20260909T145949Z-a60e6ebf0acc12120ff2ec2c-dg-1f7b83085d3e-000225_ch2.wav,3DPrinter/test/section_00_test_000194.wav,d2399c91bfa5808043ca7e6fe284ba0df883d7afb67018a3824e566b9d004d90,960044,8693340000,8693820000,b82c31be86c06ac6e3859b077d37ef358f7953d84bf566eae193420d7513bba0,0,0,25fc16d79ada9578cde7b8156bfcb285a078641b2c61309af36ea3d24e6f8ccd,saved_rule_based,1.75
section_00_test_000195,test,source,normal,C,20260909T145949Z-a60e6ebf0acc12120ff2ec2c,20260909T145949Z-a60e6ebf0acc12120ff2ec2c-dg-1f7b83085d3e-000246,2,none,none,slow,normal-slow-3,left,normal,clipped/audio_event_clean/normal/20260909T145949Z-a60e6ebf0acc12120ff2ec2c-dg-1f7b83085d3e-000246_ch2.wav,3DPrinter/test/section_00_test_000195.wav,9ef5adf79f92a14c100f4e0ec6bfecc74f0f72b76e5709d02d7ce0c50cbc6e24,960044,8703420000,8703900000,b82c31be86c06ac6e3859b077d37ef358f7953d84bf566eae193420d7513bba0,0,0,25fc16d79ada9578cde7b8156bfcb285a078641b2c61309af36ea3d24e6f8ccd,saved_rule_based,1.75
section_00_test_000196,test,source,normal,C,20260909T145949Z-a60e6ebf0acc12120ff2ec2c,20260909T145949Z-a60e6ebf0acc12120ff2ec2c-dg-1f7b83085d3e-000262,2,none,none,slow,normal-slow-3,left,normal,clipped/audio_event_clean/normal/20260909T145949Z-a60e6ebf0acc12120ff2ec2c-dg-1f7b83085d3e-000262_ch2.wav,3DPrinter/test/section_00_test_000196.wav,4cff97da19f02ed1d87a125e90b43b5d8f91723481688750f9cda61dd0fcc4a3,960044,8711100000,8711580000,b82c31be86c06ac6e3859b077d37ef358f7953d84bf566eae193420d7513bba0,0,0,25fc16d79ada9578cde7b8156bfcb285a078641b2c61309af36ea3d24e6f8ccd,saved_rule_based,1.75
section_00_test_000197,test,source,normal,C,20260909T145949Z-a60e6ebf0acc12120ff2ec2c,20260909T145949Z-a60e6ebf0acc12120ff2ec2c-dg-1f7b83085d3e-000284,2,none,none,slow,normal-slow-3,left,normal,clipped/audio_event_clean/normal/20260909T145949Z-a60e6ebf0acc12120ff2ec2c-dg-1f7b83085d3e-000284_ch2.wav,3DPrinter/test/section_00_test_000197.wav,e15b2c288045a8b445156ad31d060afd3e426b4081fa17d7d91ee22abe6e042b,960044,8721660000,8722140000,b82c31be86c06ac6e3859b077d37ef358f7953d84bf566eae193420d7513bba0,0,0,25fc16d79ada9578cde7b8156bfcb285a078641b2c61309af36ea3d24e6f8ccd,saved_rule_based,1.75
section_00_test_000198,test,source,normal,C,20260909T145949Z-a60e6ebf0acc12120ff2ec2c,20260909T145949Z-a60e6ebf0acc12120ff2ec2c-dg-1f7b83085d3e-000289,2,none,none,slow,normal-slow-3,left,normal,clipped/audio_event_clean/normal/20260909T145949Z-a60e6ebf0acc12120ff2ec2c-dg-1f7b83085d3e-000289_ch2.wav,3DPrinter/test/section_00_test_000198.wav,40ef670335936e0a4bfb57a8a6ce6e7d10192657cfeecbf0d86a16a76638f69e,960044,8724060000,8724540000,b82c31be86c06ac6e3859b077d37ef358f7953d84bf566eae193420d7513bba0,0,0,25fc16d79ada9578cde7b8156bfcb285a078641b2c61309af36ea3d24e6f8ccd,saved_rule_based,1.75
section_00_test_000199,test,source,normal,C,20260909T145949Z-a60e6ebf0acc12120ff2ec2c,20260909T145949Z-a60e6ebf0acc12120ff2ec2c-dg-1f7b83085d3e-000298,2,none,none,slow,normal-slow-3,left,normal,clipped/audio_event_clean/normal/20260909T145949Z-a60e6ebf0acc12120ff2ec2c-dg-1f7b83085d3e-000298_ch2.wav,3DPrinter/test/section_00_test_000199.wav,2355cb1024ff6501f3255e0f3dc00e076096065545d63fc80ecff035a4b388ff,960044,8728380000,8728860000,b82c31be86c06ac6e3859b077d37ef358f7953d84bf566eae193420d7513bba0,0,0,25fc16d79ada9578cde7b8156bfcb285a078641b2c61309af36ea3d24e6f8ccd,saved_rule_based,1.75
section_00_test_000200,test,target,anomaly,A,20260902T123012Z-4cf6ff5d308fab84abd455c2,20260902T123012Z-4cf6ff5d308fab84abd455c2-dg-83bd84d7964d-000047,3,belt_tension_abnormal,belt_a,fast,belt-a-low-v1-fast,front,soft-anomaly,clipped/audio_event_clean/anomaly/20260902T123012Z-4cf6ff5d308fab84abd455c2-dg-83bd84d7964d-000047_ch3.wav,3DPrinter/test/section_00_test_000200.wav,d0689e6600ec9b8d2488e5aa93ceae31e343052fde77d4d22061974b5eda72d3,960044,180832800,181312800,0419794d703398f5dd596f45aeaf388a9ebfae292e4a1655f4478b2ae3181dba,6.705,0.6705,afaa8f43be0aec96424463c6583224cb800950b6c382cac39d4792a69734eaea,saved_rule_based,0.55
section_00_test_000201,test,target,anomaly,A,20260902T123012Z-4cf6ff5d308fab84abd455c2,20260902T123012Z-4cf6ff5d308fab84abd455c2-dg-83bd84d7964d-000051,3,belt_tension_abnormal,belt_a,fast,belt-a-low-v1-fast,front,soft-anomaly,clipped/audio_event_clean/anomaly/20260902T123012Z-4cf6ff5d308fab84abd455c2-dg-83bd84d7964d-000051_ch3.wav,3DPrinter/test/section_00_test_000201.wav,18237e903fbc0595e978dd7edf4ac803c0e54c93f99a1ecac36d8a62544084c4,960044,182752800,183232800,0419794d703398f5dd596f45aeaf388a9ebfae292e4a1655f4478b2ae3181dba,5.175,0.5175,afaa8f43be0aec96424463c6583224cb800950b6c382cac39d4792a69734eaea,saved_rule_based,0.55
section_00_test_000202,test,target,anomaly,A,20260902T123012Z-4cf6ff5d308fab84abd455c2,20260902T123012Z-4cf6ff5d308fab84abd455c2-dg-83bd84d7964d-000088,3,belt_tension_abnormal,belt_a,fast,belt-a-low-v1-fast,front,soft-anomaly,clipped/audio_event_clean/anomaly/20260902T123012Z-4cf6ff5d308fab84abd455c2-dg-83bd84d7964d-000088_ch3.wav,3DPrinter/test/section_00_test_000202.wav,66077277177145e18a792df8d5ee68963b5681f576d9ef2ad516849d4cc86660,960044,200512800,200992800,0419794d703398f5dd596f45aeaf388a9ebfae292e4a1655f4478b2ae3181dba,5.415,0.5415,afaa8f43be0aec96424463c6583224cb800950b6c382cac39d4792a69734eaea,saved_rule_based,0.55
section_00_test_000203,test,target,anomaly,A,20260902T123012Z-4cf6ff5d308fab84abd455c2,20260902T123012Z-4cf6ff5d308fab84abd455c2-dg-83bd84d7964d-000097,3,belt_tension_abnormal,belt_a,fast,belt-a-low-v1-fast,front,soft-anomaly,clipped/audio_event_clean/anomaly/20260902T123012Z-4cf6ff5d308fab84abd455c2-dg-83bd84d7964d-000097_ch3.wav,3DPrinter/test/section_00_test_000203.wav,31968f2cad3cf6478c0efdb1fa3e69c0ddddc6bdb6d9400a6f839e667ba17525,960044,204832800,205312800,0419794d703398f5dd596f45aeaf388a9ebfae292e4a1655f4478b2ae3181dba,5.33,0.533,afaa8f43be0aec96424463c6583224cb800950b6c382cac39d4792a69734eaea,saved_rule_based,0.55
section_00_test_000204,test,target,anomaly,A,20260902T123012Z-4cf6ff5d308fab84abd455c2,20260902T123012Z-4cf6ff5d308fab84abd455c2-dg-83bd84d7964d-000114,3,belt_tension_abnormal,belt_a,fast,belt-a-low-v1-fast,front,soft-anomaly,clipped/audio_event_clean/anomaly/20260902T123012Z-4cf6ff5d308fab84abd455c2-dg-83bd84d7964d-000114_ch3.wav,3DPrinter/test/section_00_test_000204.wav,23aff5c9994b256de3062f99990dccdba11d60c0c85ad1d7affd6bf0899e7d6d,960044,212992800,213472800,0419794d703398f5dd596f45aeaf388a9ebfae292e4a1655f4478b2ae3181dba,7.83,0.783,afaa8f43be0aec96424463c6583224cb800950b6c382cac39d4792a69734eaea,saved_rule_based,0.55
section_00_test_000205,test,target,anomaly,A,20260902T160129Z-7bf957baa43106e95892839f,20260902T160129Z-7bf957baa43106e95892839f-dg-abd0479e1929-000035,3,belt_tension_abnormal,belt_a_b,fast,belt-ab-low-v1-fast,front,soft-anomaly,clipped/audio_event_clean/anomaly/20260902T160129Z-7bf957baa43106e95892839f-dg-abd0479e1929-000035_ch3.wav,3DPrinter/test/section_00_test_000205.wav,4a72eda5d7bbaacac184d26e4e8ef9b55d006c74e7bf9d266921368a531114c7,960044,174168000,174648000,669d8faca045862f0e21ea01fa3d812c6d4a146585b3b1af4918926ea1d0af2e,5.74,0.574,cadc27ade9531bea25723c54bacde09b28bd902753dec34783f57174519caea1,saved_rule_based,0.55
section_00_test_000206,test,target,anomaly,A,20260902T160129Z-7bf957baa43106e95892839f,20260902T160129Z-7bf957baa43106e95892839f-dg-abd0479e1929-000075,3,belt_tension_abnormal,belt_a_b,fast,belt-ab-low-v1-fast,front,soft-anomaly,clipped/audio_event_clean/anomaly/20260902T160129Z-7bf957baa43106e95892839f-dg-abd0479e1929-000075_ch3.wav,3DPrinter/test/section_00_test_000206.wav,e9362bf20c39725221ffc77851956a0bd3302e3892922589804285aa0e2d0a11,960044,193368000,193848000,669d8faca045862f0e21ea01fa3d812c6d4a146585b3b1af4918926ea1d0af2e,6.16,0.616,cadc27ade9531bea25723c54bacde09b28bd902753dec34783f57174519caea1,saved_rule_based,0.55
section_00_test_000207,test,target,anomaly,A,20260902T160129Z-7bf957baa43106e95892839f,20260902T160129Z-7bf957baa43106e95892839f-dg-abd0479e1929-000085,3,belt_tension_abnormal,belt_a_b,fast,belt-ab-low-v1-fast,front,soft-anomaly,clipped/audio_event_clean/anomaly/20260902T160129Z-7bf957baa43106e95892839f-dg-abd0479e1929-000085_ch3.wav,3DPrinter/test/section_00_test_000207.wav,ab7e0adbbca9b8afe86753a1c29be378df6bedfce94e3d7ae604f9139d9c0642,960044,198168000,198648000,669d8faca045862f0e21ea01fa3d812c6d4a146585b3b1af4918926ea1d0af2e,8.26,0.826,cadc27ade9531bea25723c54bacde09b28bd902753dec34783f57174519caea1,saved_rule_based,0.55
section_00_test_000208,test,target,anomaly,A,20260902T160129Z-7bf957baa43106e95892839f,20260902T160129Z-7bf957baa43106e95892839f-dg-abd0479e1929-000098,3,belt_tension_abnormal,belt_a_b,fast,belt-ab-low-v1-fast,front,soft-anomaly,clipped/audio_event_clean/anomaly/20260902T160129Z-7bf957baa43106e95892839f-dg-abd0479e1929-000098_ch3.wav,3DPrinter/test/section_00_test_000208.wav,5e23f497c050ab27cb76e1b32400e161bc694193a400cb5883e7d61a35ede8fd,960044,204408000,204888000,669d8faca045862f0e21ea01fa3d812c6d4a146585b3b1af4918926ea1d0af2e,6.07,0.607,cadc27ade9531bea25723c54bacde09b28bd902753dec34783f57174519caea1,saved_rule_based,0.55
section_00_test_000209,test,target,anomaly,A,20260903T035843Z-da2337039d4a903e210d8513,20260903T035843Z-da2337039d4a903e210d8513-dg-a7222c8d5e48-000068,3,belt_tension_abnormal,belt_b,fast,belt-b-low-v1-fast,front,soft-anomaly,clipped/audio_event_clean/anomaly/20260903T035843Z-da2337039d4a903e210d8513-dg-a7222c8d5e48-000068_ch3.wav,3DPrinter/test/section_00_test_000209.wav,a6f7e8cb4ab7304ab21ca36422e4dc7bcaf5a912d8cf29b79880460b97e67ad7,960044,2255620800,2256100800,ed3fc18f3dbbbba286defd5b89e5624227cfde94abc30cbeb84a5d2a497c3ce9,5.83,0.583,a6a2f33d9b610a671a93d7368ab33bde7052c6380696da7d336edcff117855ac,saved_rule_based,0.55
section_00_test_000210,test,target,anomaly,A,20260903T035843Z-da2337039d4a903e210d8513,20260903T035843Z-da2337039d4a903e210d8513-dg-a7222c8d5e48-000074,3,belt_tension_abnormal,belt_b,fast,belt-b-low-v1-fast,front,soft-anomaly,clipped/audio_event_clean/anomaly/20260903T035843Z-da2337039d4a903e210d8513-dg-a7222c8d5e48-000074_ch3.wav,3DPrinter/test/section_00_test_000210.wav,ed31576db26d7ea1dc32726f655e69d38db13ae924cd51a3d84f0f03a4f1cd8d,960044,2258500800,2258980800,ed3fc18f3dbbbba286defd5b89e5624227cfde94abc30cbeb84a5d2a497c3ce9,6.33,0.633,a6a2f33d9b610a671a93d7368ab33bde7052c6380696da7d336edcff117855ac,saved_rule_based,0.55
section_00_test_000211,test,target,anomaly,A,20260903T035843Z-da2337039d4a903e210d8513,20260903T035843Z-da2337039d4a903e210d8513-dg-a7222c8d5e48-000091,3,belt_tension_abnormal,belt_b,fast,belt-b-low-v1-fast,front,soft-anomaly,clipped/audio_event_clean/anomaly/20260903T035843Z-da2337039d4a903e210d8513-dg-a7222c8d5e48-000091_ch3.wav,3DPrinter/test/section_00_test_000211.wav,3c55c0367bb30e2ac79ca7f09ac405d1701ae4ebb89390dc9f99a578ba5bb029,960044,2266660800,2267140800,ed3fc18f3dbbbba286defd5b89e5624227cfde94abc30cbeb84a5d2a497c3ce9,8.75,0.875,a6a2f33d9b610a671a93d7368ab33bde7052c6380696da7d336edcff117855ac,saved_rule_based,0.55
section_00_test_000212,test,target,anomaly,A,20260903T035843Z-da2337039d4a903e210d8513,20260903T035843Z-da2337039d4a903e210d8513-dg-a7222c8d5e48-000107,3,belt_tension_abnormal,belt_b,fast,belt-b-low-v1-fast,front,soft-anomaly,clipped/audio_event_clean/anomaly/20260903T035843Z-da2337039d4a903e210d8513-dg-a7222c8d5e48-000107_ch3.wav,3DPrinter/test/section_00_test_000212.wav,a164ed5647e1e17d989b0c3924eda0c59be058021693de4455cc98dce6c424db,960044,2274340800,2274820800,ed3fc18f3dbbbba286defd5b89e5624227cfde94abc30cbeb84a5d2a497c3ce9,4.91,0.491,a6a2f33d9b610a671a93d7368ab33bde7052c6380696da7d336edcff117855ac,saved_rule_based,0.55
section_00_test_000213,test,target,anomaly,A,20260904T005200Z-3ad8dce5db7644aaf167f162,20260904T005200Z-3ad8dce5db7644aaf167f162-dg-17c600513d9e-000003,3,extruder_cogging_or_no_extrusion,extruder_cogging_or_no_extrusion,fast,extruder-cogging-fast,front,hard-anomaly,clipped/audio_event_clean/anomaly/20260904T005200Z-3ad8dce5db7644aaf167f162-dg-17c600513d9e-000003_ch3.wav,3DPrinter/test/section_00_test_000213.wav,505d00efe798043de8d525152263a3a78fdae05711412bd5a8bcb127f98e9135,960044,70044000,70524000,b17ce656894a045f6646367211ad2d2ccf1cbeb137a9f8e7dc3c043688c05064,10.0,1.0,c7c63d2a86a82f7fc0f52149725178753a55dbd294a644212f38c0a9a65cefc2,saved_rule_based,0.49
section_00_test_000214,test,target,anomaly,A,20260904T005200Z-3ad8dce5db7644aaf167f162,20260904T005200Z-3ad8dce5db7644aaf167f162-dg-17c600513d9e-000033,3,extruder_cogging_or_no_extrusion,extruder_cogging_or_no_extrusion,fast,extruder-cogging-fast,front,hard-anomaly,clipped/audio_event_clean/anomaly/20260904T005200Z-3ad8dce5db7644aaf167f162-dg-17c600513d9e-000033_ch3.wav,3DPrinter/test/section_00_test_000214.wav,6d61e285fc070255e88afabf7f11b685491dc5662ad8cad268c7548357a37d58,960044,84444000,84924000,b17ce656894a045f6646367211ad2d2ccf1cbeb137a9f8e7dc3c043688c05064,10.0,1.0,c7c63d2a86a82f7fc0f52149725178753a55dbd294a644212f38c0a9a65cefc2,saved_rule_based,0.49
section_00_test_000215,test,target,anomaly,A,20260904T005200Z-3ad8dce5db7644aaf167f162,20260904T005200Z-3ad8dce5db7644aaf167f162-dg-17c600513d9e-000062,3,extruder_cogging_or_no_extrusion,extruder_cogging_or_no_extrusion,fast,extruder-cogging-fast,front,hard-anomaly,clipped/audio_event_clean/anomaly/20260904T005200Z-3ad8dce5db7644aaf167f162-dg-17c600513d9e-000062_ch3.wav,3DPrinter/test/section_00_test_000215.wav,5eee8b8d51d4b7955ec0a0a905f780f9e70c32e8e7f6dfd9a10ddb82359564c2,960044,98364000,98844000,b17ce656894a045f6646367211ad2d2ccf1cbeb137a9f8e7dc3c043688c05064,10.0,1.0,c7c63d2a86a82f7fc0f52149725178753a55dbd294a644212f38c0a9a65cefc2,saved_rule_based,0.49
section_00_test_000216,test,target,anomaly,A,20260904T005200Z-3ad8dce5db7644aaf167f162,20260904T005200Z-3ad8dce5db7644aaf167f162-dg-17c600513d9e-000073,3,extruder_cogging_or_no_extrusion,extruder_cogging_or_no_extrusion,fast,extruder-cogging-fast,front,hard-anomaly,clipped/audio_event_clean/anomaly/20260904T005200Z-3ad8dce5db7644aaf167f162-dg-17c600513d9e-000073_ch3.wav,3DPrinter/test/section_00_test_000216.wav,2a8ff55345d14950fe4369bff74bc43ff6f980c0012b48b3fa3e6d42ec63ac58,960044,103644000,104124000,b17ce656894a045f6646367211ad2d2ccf1cbeb137a9f8e7dc3c043688c05064,10.0,1.0,c7c63d2a86a82f7fc0f52149725178753a55dbd294a644212f38c0a9a65cefc2,saved_rule_based,0.49
section_00_test_000217,test,target,anomaly,A,20260904T005200Z-3ad8dce5db7644aaf167f162,20260904T005200Z-3ad8dce5db7644aaf167f162-dg-17c600513d9e-000082,3,extruder_cogging_or_no_extrusion,extruder_cogging_or_no_extrusion,fast,extruder-cogging-fast,front,hard-anomaly,clipped/audio_event_clean/anomaly/20260904T005200Z-3ad8dce5db7644aaf167f162-dg-17c600513d9e-000082_ch3.wav,3DPrinter/test/section_00_test_000217.wav,3e97e96d20d756c192fe01c37fdebeabd93ffaf1679d4c27846b660de17ee6b2,960044,107964000,108444000,b17ce656894a045f6646367211ad2d2ccf1cbeb137a9f8e7dc3c043688c05064,10.0,1.0,c7c63d2a86a82f7fc0f52149725178753a55dbd294a644212f38c0a9a65cefc2,saved_rule_based,0.49
section_00_test_000218,test,target,anomaly,A,20260904T005200Z-3ad8dce5db7644aaf167f162,20260904T005200Z-3ad8dce5db7644aaf167f162-dg-17c600513d9e-000089,3,extruder_cogging_or_no_extrusion,extruder_cogging_or_no_extrusion,fast,extruder-cogging-fast,front,hard-anomaly,clipped/audio_event_clean/anomaly/20260904T005200Z-3ad8dce5db7644aaf167f162-dg-17c600513d9e-000089_ch3.wav,3DPrinter/test/section_00_test_000218.wav,35f5e5554cf27b40171ab9b6492961900b9690e4dd9d6156d44058ff4c584a70,960044,111324000,111804000,b17ce656894a045f6646367211ad2d2ccf1cbeb137a9f8e7dc3c043688c05064,10.0,1.0,c7c63d2a86a82f7fc0f52149725178753a55dbd294a644212f38c0a9a65cefc2,saved_rule_based,0.49
section_00_test_000219,test,target,anomaly,A,20260904T005200Z-3ad8dce5db7644aaf167f162,20260904T005200Z-3ad8dce5db7644aaf167f162-dg-17c600513d9e-000093,3,extruder_cogging_or_no_extrusion,extruder_cogging_or_no_extrusion,fast,extruder-cogging-fast,front,hard-anomaly,clipped/audio_event_clean/anomaly/20260904T005200Z-3ad8dce5db7644aaf167f162-dg-17c600513d9e-000093_ch3.wav,3DPrinter/test/section_00_test_000219.wav,a28472c0d3195ed816528131f0e00ee7f5663b6d0011db69b8076be6998f43ad,960044,113244000,113724000,b17ce656894a045f6646367211ad2d2ccf1cbeb137a9f8e7dc3c043688c05064,10.0,1.0,c7c63d2a86a82f7fc0f52149725178753a55dbd294a644212f38c0a9a65cefc2,saved_rule_based,0.49
section_00_test_000220,test,target,anomaly,A,20260904T005200Z-3ad8dce5db7644aaf167f162,20260904T005200Z-3ad8dce5db7644aaf167f162-dg-17c600513d9e-000100,3,extruder_cogging_or_no_extrusion,extruder_cogging_or_no_extrusion,fast,extruder-cogging-fast,front,hard-anomaly,clipped/audio_event_clean/anomaly/20260904T005200Z-3ad8dce5db7644aaf167f162-dg-17c600513d9e-000100_ch3.wav,3DPrinter/test/section_00_test_000220.wav,417c1e477516fa7d0e9964c1582ae0b5930954671c7c56066455b673e4ef861d,960044,116604000,117084000,b17ce656894a045f6646367211ad2d2ccf1cbeb137a9f8e7dc3c043688c05064,10.0,1.0,c7c63d2a86a82f7fc0f52149725178753a55dbd294a644212f38c0a9a65cefc2,saved_rule_based,0.49
section_00_test_000221,test,target,anomaly,A,20260904T005200Z-3ad8dce5db7644aaf167f162,20260904T005200Z-3ad8dce5db7644aaf167f162-dg-17c600513d9e-000111,3,extruder_cogging_or_no_extrusion,extruder_cogging_or_no_extrusion,fast,extruder-cogging-fast,front,hard-anomaly,clipped/audio_event_clean/anomaly/20260904T005200Z-3ad8dce5db7644aaf167f162-dg-17c600513d9e-000111_ch3.wav,3DPrinter/test/section_00_test_000221.wav,fe532d3a51a484a5ac6f66eff1d9da5fa4d7849c41e6f8455a1e4463eeea1541,960044,121884000,122364000,b17ce656894a045f6646367211ad2d2ccf1cbeb137a9f8e7dc3c043688c05064,10.0,1.0,c7c63d2a86a82f7fc0f52149725178753a55dbd294a644212f38c0a9a65cefc2,saved_rule_based,0.49
section_00_test_000222,test,target,anomaly,A,20260904T005200Z-3ad8dce5db7644aaf167f162,20260904T005200Z-3ad8dce5db7644aaf167f162-dg-17c600513d9e-000121,3,extruder_cogging_or_no_extrusion,extruder_cogging_or_no_extrusion,fast,extruder-cogging-fast,front,hard-anomaly,clipped/audio_event_clean/anomaly/20260904T005200Z-3ad8dce5db7644aaf167f162-dg-17c600513d9e-000121_ch3.wav,3DPrinter/test/section_00_test_000222.wav,893ccf5b395fd701c904b3a0fb2dac604ceab8bdf34c40e709de58edd83eaf9e,960044,126684000,127164000,b17ce656894a045f6646367211ad2d2ccf1cbeb137a9f8e7dc3c043688c05064,10.0,1.0,c7c63d2a86a82f7fc0f52149725178753a55dbd294a644212f38c0a9a65cefc2,saved_rule_based,0.49
section_00_test_000223,test,target,anomaly,A,20260904T005200Z-3ad8dce5db7644aaf167f162,20260904T005200Z-3ad8dce5db7644aaf167f162-dg-17c600513d9e-000148,3,extruder_cogging_or_no_extrusion,extruder_cogging_or_no_extrusion,fast,extruder-cogging-fast,front,hard-anomaly,clipped/audio_event_clean/anomaly/20260904T005200Z-3ad8dce5db7644aaf167f162-dg-17c600513d9e-000148_ch3.wav,3DPrinter/test/section_00_test_000223.wav,7aec15e5038fe5a1a17e87a72c1fcdfe32f9cea351844836a104747fe7e5a55a,960044,139644000,140124000,b17ce656894a045f6646367211ad2d2ccf1cbeb137a9f8e7dc3c043688c05064,10.0,1.0,c7c63d2a86a82f7fc0f52149725178753a55dbd294a644212f38c0a9a65cefc2,saved_rule_based,0.49
section_00_test_000224,test,target,anomaly,A,20260904T005200Z-3ad8dce5db7644aaf167f162,20260904T005200Z-3ad8dce5db7644aaf167f162-dg-17c600513d9e-000161,3,extruder_cogging_or_no_extrusion,extruder_cogging_or_no_extrusion,fast,extruder-cogging-fast,front,hard-anomaly,clipped/audio_event_clean/anomaly/20260904T005200Z-3ad8dce5db7644aaf167f162-dg-17c600513d9e-000161_ch3.wav,3DPrinter/test/section_00_test_000224.wav,d96eede419a77aa0d1737e9da4d29b05e7b358b8042208b0cb07549cdc5d2d4d,960044,145884000,146364000,b17ce656894a045f6646367211ad2d2ccf1cbeb137a9f8e7dc3c043688c05064,10.0,1.0,c7c63d2a86a82f7fc0f52149725178753a55dbd294a644212f38c0a9a65cefc2,saved_rule_based,0.49
section_00_test_000225,test,target,anomaly,A,20260904T005200Z-3ad8dce5db7644aaf167f162,20260904T005200Z-3ad8dce5db7644aaf167f162-dg-17c600513d9e-000163,3,extruder_cogging_or_no_extrusion,extruder_cogging_or_no_extrusion,fast,extruder-cogging-fast,front,hard-anomaly,clipped/audio_event_clean/anomaly/20260904T005200Z-3ad8dce5db7644aaf167f162-dg-17c600513d9e-000163_ch3.wav,3DPrinter/test/section_00_test_000225.wav,1ccab2eb3c03bbe17cd6d2e43671ce97d2a7c775d05f5cac3c97a27d733d8978,960044,146844000,147324000,b17ce656894a045f6646367211ad2d2ccf1cbeb137a9f8e7dc3c043688c05064,10.0,1.0,c7c63d2a86a82f7fc0f52149725178753a55dbd294a644212f38c0a9a65cefc2,saved_rule_based,0.49
section_00_test_000226,test,target,anomaly,A,20260904T041741Z-98e45a94c78b3bad81b186f9,20260904T041741Z-98e45a94c78b3bad81b186f9-dg-e4196811230a-000032,3,toolhead_collision,collision_x-min,fast,toolhead-collision-x-min-fast,front,hard-anomaly,clipped/audio_event_clean/anomaly/20260904T041741Z-98e45a94c78b3bad81b186f9-dg-e4196811230a-000032_ch3.wav,3DPrinter/test/section_00_test_000226.wav,64ed9fdbaf809fe400aedf3bc6410c8cdd38322b8849c2fa6de9eb3c570e1b07,960044,341512800,341992800,83a6b7fd70078eb54fda5b9ed246fc0fc73fae7d721c05d5f23c4d49c331e698,1.72,0.172,,frozen_r3_collision,1.16
section_00_test_000227,test,target,anomaly,A,20260904T041741Z-98e45a94c78b3bad81b186f9,20260904T041741Z-98e45a94c78b3bad81b186f9-dg-e4196811230a-000039,3,toolhead_collision,collision_x-min,fast,toolhead-collision-x-min-fast,front,hard-anomaly,clipped/audio_event_clean/anomaly/20260904T041741Z-98e45a94c78b3bad81b186f9-dg-e4196811230a-000039_ch3.wav,3DPrinter/test/section_00_test_000227.wav,c7b844589eb1ba57ccc2be1f6cc8c1d357727cf2ccc848066bbf043d3c850c8f,960044,344872800,345352800,83a6b7fd70078eb54fda5b9ed246fc0fc73fae7d721c05d5f23c4d49c331e698,0.97,0.097,,frozen_r3_collision,1.16
section_00_test_000228,test,target,anomaly,A,20260904T051124Z-78b858c83cc199a82cf05f9a,20260904T051124Z-78b858c83cc199a82cf05f9a-dg-a34349efc09d-000016,3,toolhead_collision,collision_x-max,fast,toolhead-collision-x-max-fast,front,hard-anomaly,clipped/audio_event_clean/anomaly/20260904T051124Z-78b858c83cc199a82cf05f9a-dg-a34349efc09d-000016_ch3.wav,3DPrinter/test/section_00_test_000228.wav,9acf7cc0fdf6c008e8cc24b6e543b4e60318d97cf315c92174de959eac0fa86c,960044,74812800,75292800,104f64310178569fd5145bf22800a6af54739e488e2dc433d27516c6ae5ab7b7,0.54,0.054,,frozen_r3_collision,1.2
section_00_test_000229,test,target,anomaly,A,20260904T051124Z-78b858c83cc199a82cf05f9a,20260904T051124Z-78b858c83cc199a82cf05f9a-dg-a34349efc09d-000028,3,toolhead_collision,collision_x-max,fast,toolhead-collision-x-max-fast,front,hard-anomaly,clipped/audio_event_clean/anomaly/20260904T051124Z-78b858c83cc199a82cf05f9a-dg-a34349efc09d-000028_ch3.wav,3DPrinter/test/section_00_test_000229.wav,432024223aefcdfc819cb2146bcf3306e274f2774412c2f92324373bf20c7d11,960044,80572800,81052800,104f64310178569fd5145bf22800a6af54739e488e2dc433d27516c6ae5ab7b7,0.52,0.052,,frozen_r3_collision,1.2
section_00_test_000230,test,target,anomaly,A,20260904T054447Z-8072f6f8e5d3c14cc1ccbf80,20260904T054447Z-8072f6f8e5d3c14cc1ccbf80-dg-4dfa4b70d712-000018,3,toolhead_collision,collision_y-max,fast,toolhead-collision-y-max-fast,front,hard-anomaly,clipped/audio_event_clean/anomaly/20260904T054447Z-8072f6f8e5d3c14cc1ccbf80-dg-4dfa4b70d712-000018_ch3.wav,3DPrinter/test/section_00_test_000230.wav,5037d6437d8ac262ac3974e2aee0adcd469a6188d9fe804231978cb97f2fd87d,960044,171928800,172408800,bea62337409f10c4460c7943889d5326606268d2521b42d4b8ea4ca033a6a5a7,0.4,0.04,,frozen_r3_collision,1.16
section_00_test_000231,test,target,anomaly,A,20260904T054447Z-8072f6f8e5d3c14cc1ccbf80,20260904T054447Z-8072f6f8e5d3c14cc1ccbf80-dg-4dfa4b70d712-000033,3,toolhead_collision,collision_y-max,fast,toolhead-collision-y-max-fast,front,hard-anomaly,clipped/audio_event_clean/anomaly/20260904T054447Z-8072f6f8e5d3c14cc1ccbf80-dg-4dfa4b70d712-000033_ch3.wav,3DPrinter/test/section_00_test_000231.wav,2cdc1510df0e3033540227e758fe306447f1b4ae06c3d63ee85b2c8692eefc9a,960044,179128800,179608800,bea62337409f10c4460c7943889d5326606268d2521b42d4b8ea4ca033a6a5a7,1.34,0.134,,frozen_r3_collision,1.16
section_00_test_000232,test,target,anomaly,A,20260904T054447Z-8072f6f8e5d3c14cc1ccbf80,20260904T054447Z-8072f6f8e5d3c14cc1ccbf80-dg-4dfa4b70d712-000051,3,toolhead_collision,collision_y-max,fast,toolhead-collision-y-max-fast,front,hard-anomaly,clipped/audio_event_clean/anomaly/20260904T054447Z-8072f6f8e5d3c14cc1ccbf80-dg-4dfa4b70d712-000051_ch3.wav,3DPrinter/test/section_00_test_000232.wav,decabd96496de60c27898ea4d05fbe186539c42c6f18593c66924f00f65a686f,960044,187768800,188248800,bea62337409f10c4460c7943889d5326606268d2521b42d4b8ea4ca033a6a5a7,1.58,0.158,,frozen_r3_collision,1.16
section_00_test_000233,test,target,anomaly,A,20260904T061543Z-b30bb3da9e9de761d2a45c4e,20260904T061543Z-b30bb3da9e9de761d2a45c4e-dg-15faaaa17cc1-000033,3,toolhead_collision,collision_x-min-y-max,fast,toolhead-collision-x-min-y-max-fast,front,hard-anomaly,clipped/audio_event_clean/anomaly/20260904T061543Z-b30bb3da9e9de761d2a45c4e-dg-15faaaa17cc1-000033_ch3.wav,3DPrinter/test/section_00_test_000233.wav,adcb1ce3e668d3d676a6c2b9219ef0d6110e850ca81681f92ac21953bc00a449,960044,268192800,268672800,dfc1084114a57c22a0c67834dc226d382cd141cfaec16ae114d2b671a4a244fa,2.12,0.212,,frozen_r3_collision,1.28
section_00_test_000234,test,target,anomaly,A,20260904T061543Z-b30bb3da9e9de761d2a45c4e,20260904T061543Z-b30bb3da9e9de761d2a45c4e-dg-15faaaa17cc1-000036,3,toolhead_collision,collision_x-min-y-max,fast,toolhead-collision-x-min-y-max-fast,front,hard-anomaly,clipped/audio_event_clean/anomaly/20260904T061543Z-b30bb3da9e9de761d2a45c4e-dg-15faaaa17cc1-000036_ch3.wav,3DPrinter/test/section_00_test_000234.wav,97f850155cb619c81d188ba0e44887937edb61902c0d3b9c86c0f1c023a64a7a,960044,269632800,270112800,dfc1084114a57c22a0c67834dc226d382cd141cfaec16ae114d2b671a4a244fa,2.1,0.21,,frozen_r3_collision,1.28
section_00_test_000235,test,target,anomaly,A,20260904T065059Z-4724e8d91a9a89e1d78afb78,20260904T065059Z-4724e8d91a9a89e1d78afb78-dg-c1d0d0238e6f-000045,3,toolhead_collision,collision_x-max-y-max,fast,toolhead-collision-x-max-y-max-fast,front,hard-anomaly,clipped/audio_event_clean/anomaly/20260904T065059Z-4724e8d91a9a89e1d78afb78-dg-c1d0d0238e6f-000045_ch3.wav,3DPrinter/test/section_00_test_000235.wav,e6996adc618014d2773aeb00b849f791cc203145d37a87c08f681d3c176d14d7,960044,375508800,375988800,249e5b9f2ef391901ed4884ea1aa8ad142d8d30ff26ca81c8e9b1de794956203,1.6,0.16,,frozen_r3_collision,1.26
section_00_test_000236,test,target,anomaly,A,20260904T065059Z-4724e8d91a9a89e1d78afb78,20260904T065059Z-4724e8d91a9a89e1d78afb78-dg-c1d0d0238e6f-000048,3,toolhead_collision,collision_x-max-y-max,fast,toolhead-collision-x-max-y-max-fast,front,hard-anomaly,clipped/audio_event_clean/anomaly/20260904T065059Z-4724e8d91a9a89e1d78afb78-dg-c1d0d0238e6f-000048_ch3.wav,3DPrinter/test/section_00_test_000236.wav,c177edc9981c326e7bb022260aaaede8719629b7c262e5dbde22f69adce5aec2,960044,376948800,377428800,249e5b9f2ef391901ed4884ea1aa8ad142d8d30ff26ca81c8e9b1de794956203,1.56,0.156,,frozen_r3_collision,1.26
section_00_test_000237,test,target,anomaly,A,20260904T065059Z-4724e8d91a9a89e1d78afb78,20260904T065059Z-4724e8d91a9a89e1d78afb78-dg-c1d0d0238e6f-000055,3,toolhead_collision,collision_x-max-y-max,fast,toolhead-collision-x-max-y-max-fast,front,hard-anomaly,clipped/audio_event_clean/anomaly/20260904T065059Z-4724e8d91a9a89e1d78afb78-dg-c1d0d0238e6f-000055_ch3.wav,3DPrinter/test/section_00_test_000237.wav,14280097dd316e45187c3290948043f7983f17c86881f43cb1589e91624bf9b0,960044,380308800,380788800,249e5b9f2ef391901ed4884ea1aa8ad142d8d30ff26ca81c8e9b1de794956203,1.8,0.18,,frozen_r3_collision,1.26
section_00_test_000238,test,target,anomaly,A,20260904T100827Z-e8ef9c656ea5667a80bdcfa9,20260904T100827Z-e8ef9c656ea5667a80bdcfa9-dg-83ea56886dfd-000009,3,cooling_fan_fault,cooling_fan_fault,fast,fan-blade-damage-bilateral-v3-fast,front,hard-anomaly,clipped/audio_event_clean/anomaly/20260904T100827Z-e8ef9c656ea5667a80bdcfa9-dg-83ea56886dfd-000009_ch3.wav,3DPrinter/test/section_00_test_000238.wav,7c2cf5dcb5ba26d4e3d198c7bdc42e6160cd0ece7db8f1d224c787473aa3b766,960044,926952000,927432000,bb35614a6a8c565cf7ae6df2e5a99630b834a357a169df2170d1efac2347038e,10.0,1.0,8d36a6278e6fe1c1a70176eec12cc4afd27dad5de464d1382bec9510a92264bc,saved_rule_based,0.53
section_00_test_000239,test,target,anomaly,A,20260904T100827Z-e8ef9c656ea5667a80bdcfa9,20260904T100827Z-e8ef9c656ea5667a80bdcfa9-dg-83ea56886dfd-000017,3,cooling_fan_fault,cooling_fan_fault,fast,fan-blade-damage-bilateral-v3-fast,front,hard-anomaly,clipped/audio_event_clean/anomaly/20260904T100827Z-e8ef9c656ea5667a80bdcfa9-dg-83ea56886dfd-000017_ch3.wav,3DPrinter/test/section_00_test_000239.wav,d9e32f454d576c7dae2b7e361be26e83cb7ba5e1c06e57338eb69bfd48eb012e,960044,930792000,931272000,bb35614a6a8c565cf7ae6df2e5a99630b834a357a169df2170d1efac2347038e,10.0,1.0,8d36a6278e6fe1c1a70176eec12cc4afd27dad5de464d1382bec9510a92264bc,saved_rule_based,0.53
section_00_test_000240,test,target,anomaly,A,20260904T100827Z-e8ef9c656ea5667a80bdcfa9,20260904T100827Z-e8ef9c656ea5667a80bdcfa9-dg-83ea56886dfd-000038,3,cooling_fan_fault,cooling_fan_fault,fast,fan-blade-damage-bilateral-v3-fast,front,hard-anomaly,clipped/audio_event_clean/anomaly/20260904T100827Z-e8ef9c656ea5667a80bdcfa9-dg-83ea56886dfd-000038_ch3.wav,3DPrinter/test/section_00_test_000240.wav,28bf7a6b64a113cf4edd1d8d401417bab283395434d093d30eac761aba138e3d,960044,940872000,941352000,bb35614a6a8c565cf7ae6df2e5a99630b834a357a169df2170d1efac2347038e,10.0,1.0,8d36a6278e6fe1c1a70176eec12cc4afd27dad5de464d1382bec9510a92264bc,saved_rule_based,0.53
section_00_test_000241,test,target,anomaly,A,20260904T100827Z-e8ef9c656ea5667a80bdcfa9,20260904T100827Z-e8ef9c656ea5667a80bdcfa9-dg-83ea56886dfd-000055,3,cooling_fan_fault,cooling_fan_fault,fast,fan-blade-damage-bilateral-v3-fast,front,hard-anomaly,clipped/audio_event_clean/anomaly/20260904T100827Z-e8ef9c656ea5667a80bdcfa9-dg-83ea56886dfd-000055_ch3.wav,3DPrinter/test/section_00_test_000241.wav,32bb88eee4a34e0b7872a6c05cd7091f21e7b59a3142c26579b3597adcf63d6f,960044,949032000,949512000,bb35614a6a8c565cf7ae6df2e5a99630b834a357a169df2170d1efac2347038e,8.65,0.865,8d36a6278e6fe1c1a70176eec12cc4afd27dad5de464d1382bec9510a92264bc,saved_rule_based,0.53
section_00_test_000242,test,target,anomaly,A,20260904T100827Z-e8ef9c656ea5667a80bdcfa9,20260904T100827Z-e8ef9c656ea5667a80bdcfa9-dg-83ea56886dfd-000062,3,cooling_fan_fault,cooling_fan_fault,fast,fan-blade-damage-bilateral-v3-fast,front,hard-anomaly,clipped/audio_event_clean/anomaly/20260904T100827Z-e8ef9c656ea5667a80bdcfa9-dg-83ea56886dfd-000062_ch3.wav,3DPrinter/test/section_00_test_000242.wav,36cf4d46e29a738ff4490babd0ed73cf8630bd62dad4ee4c0b18d28a5c017d92,960044,952392000,952872000,bb35614a6a8c565cf7ae6df2e5a99630b834a357a169df2170d1efac2347038e,10.0,1.0,8d36a6278e6fe1c1a70176eec12cc4afd27dad5de464d1382bec9510a92264bc,saved_rule_based,0.53
section_00_test_000243,test,target,anomaly,A,20260904T100827Z-e8ef9c656ea5667a80bdcfa9,20260904T100827Z-e8ef9c656ea5667a80bdcfa9-dg-83ea56886dfd-000063,3,cooling_fan_fault,cooling_fan_fault,fast,fan-blade-damage-bilateral-v3-fast,front,hard-anomaly,clipped/audio_event_clean/anomaly/20260904T100827Z-e8ef9c656ea5667a80bdcfa9-dg-83ea56886dfd-000063_ch3.wav,3DPrinter/test/section_00_test_000243.wav,a1d852b838c39a8ab6480f8c688caf25ce16c21eff540348f454124e02e4113b,960044,952872000,953352000,bb35614a6a8c565cf7ae6df2e5a99630b834a357a169df2170d1efac2347038e,10.0,1.0,8d36a6278e6fe1c1a70176eec12cc4afd27dad5de464d1382bec9510a92264bc,saved_rule_based,0.53
section_00_test_000244,test,target,anomaly,A,20260904T100827Z-e8ef9c656ea5667a80bdcfa9,20260904T100827Z-e8ef9c656ea5667a80bdcfa9-dg-83ea56886dfd-000086,3,cooling_fan_fault,cooling_fan_fault,fast,fan-blade-damage-bilateral-v3-fast,front,hard-anomaly,clipped/audio_event_clean/anomaly/20260904T100827Z-e8ef9c656ea5667a80bdcfa9-dg-83ea56886dfd-000086_ch3.wav,3DPrinter/test/section_00_test_000244.wav,3d4d730512405045cc78671f6ff51be0229bce2cd7d95a710524bc4509387b0b,960044,963912000,964392000,bb35614a6a8c565cf7ae6df2e5a99630b834a357a169df2170d1efac2347038e,10.0,1.0,8d36a6278e6fe1c1a70176eec12cc4afd27dad5de464d1382bec9510a92264bc,saved_rule_based,0.53
section_00_test_000245,test,target,anomaly,A,20260904T100827Z-e8ef9c656ea5667a80bdcfa9,20260904T100827Z-e8ef9c656ea5667a80bdcfa9-dg-83ea56886dfd-000094,3,cooling_fan_fault,cooling_fan_fault,fast,fan-blade-damage-bilateral-v3-fast,front,hard-anomaly,clipped/audio_event_clean/anomaly/20260904T100827Z-e8ef9c656ea5667a80bdcfa9-dg-83ea56886dfd-000094_ch3.wav,3DPrinter/test/section_00_test_000245.wav,b67e82980e8898e8cc3a704dbb07bd08a52e90db7f60b6075d6169bbc4637eeb,960044,967752000,968232000,bb35614a6a8c565cf7ae6df2e5a99630b834a357a169df2170d1efac2347038e,10.0,1.0,8d36a6278e6fe1c1a70176eec12cc4afd27dad5de464d1382bec9510a92264bc,saved_rule_based,0.53
section_00_test_000246,test,target,anomaly,A,20260904T100827Z-e8ef9c656ea5667a80bdcfa9,20260904T100827Z-e8ef9c656ea5667a80bdcfa9-dg-83ea56886dfd-000102,3,cooling_fan_fault,cooling_fan_fault,fast,fan-blade-damage-bilateral-v3-fast,front,hard-anomaly,clipped/audio_event_clean/anomaly/20260904T100827Z-e8ef9c656ea5667a80bdcfa9-dg-83ea56886dfd-000102_ch3.wav,3DPrinter/test/section_00_test_000246.wav,4e1d9b813507eb35d5d08c9c4ee843ed219a8ab84b562907e541fd45bed75774,960044,971592000,972072000,bb35614a6a8c565cf7ae6df2e5a99630b834a357a169df2170d1efac2347038e,10.0,1.0,8d36a6278e6fe1c1a70176eec12cc4afd27dad5de464d1382bec9510a92264bc,saved_rule_based,0.53
section_00_test_000247,test,target,anomaly,A,20260904T100827Z-e8ef9c656ea5667a80bdcfa9,20260904T100827Z-e8ef9c656ea5667a80bdcfa9-dg-83ea56886dfd-000111,3,cooling_fan_fault,cooling_fan_fault,fast,fan-blade-damage-bilateral-v3-fast,front,hard-anomaly,clipped/audio_event_clean/anomaly/20260904T100827Z-e8ef9c656ea5667a80bdcfa9-dg-83ea56886dfd-000111_ch3.wav,3DPrinter/test/section_00_test_000247.wav,fbcd89c0f3049a2843731299395f3c66e6e1160217a421c530a5ae611b432212,960044,975912000,976392000,bb35614a6a8c565cf7ae6df2e5a99630b834a357a169df2170d1efac2347038e,10.0,1.0,8d36a6278e6fe1c1a70176eec12cc4afd27dad5de464d1382bec9510a92264bc,saved_rule_based,0.53
section_00_test_000248,test,target,anomaly,A,20260904T100827Z-e8ef9c656ea5667a80bdcfa9,20260904T100827Z-e8ef9c656ea5667a80bdcfa9-dg-83ea56886dfd-000122,3,cooling_fan_fault,cooling_fan_fault,fast,fan-blade-damage-bilateral-v3-fast,front,hard-anomaly,clipped/audio_event_clean/anomaly/20260904T100827Z-e8ef9c656ea5667a80bdcfa9-dg-83ea56886dfd-000122_ch3.wav,3DPrinter/test/section_00_test_000248.wav,6c2927c042f51bd07efc2a0e213d5f1eebd09d106a91ff92bbbc4cdfc1fc4446,960044,981192000,981672000,bb35614a6a8c565cf7ae6df2e5a99630b834a357a169df2170d1efac2347038e,10.0,1.0,8d36a6278e6fe1c1a70176eec12cc4afd27dad5de464d1382bec9510a92264bc,saved_rule_based,0.53
section_00_test_000249,test,target,anomaly,A,20260904T100827Z-e8ef9c656ea5667a80bdcfa9,20260904T100827Z-e8ef9c656ea5667a80bdcfa9-dg-83ea56886dfd-000148,3,cooling_fan_fault,cooling_fan_fault,fast,fan-blade-damage-bilateral-v3-fast,front,hard-anomaly,clipped/audio_event_clean/anomaly/20260904T100827Z-e8ef9c656ea5667a80bdcfa9-dg-83ea56886dfd-000148_ch3.wav,3DPrinter/test/section_00_test_000249.wav,b595bb8edfda79ffd00f806d27df7ce6a03ac392bc4f3722056ed7aa6791ea93,960044,993672000,994152000,bb35614a6a8c565cf7ae6df2e5a99630b834a357a169df2170d1efac2347038e,10.0,1.0,8d36a6278e6fe1c1a70176eec12cc4afd27dad5de464d1382bec9510a92264bc,saved_rule_based,0.53
section_00_test_000250,test,target,anomaly,A,20260902T123012Z-4cf6ff5d308fab84abd455c2,20260902T123012Z-4cf6ff5d308fab84abd455c2-dg-83bd84d7964d-000045,4,belt_tension_abnormal,belt_a,fast,belt-a-low-v1-fast,right,soft-anomaly,clipped/audio_event_clean/anomaly/20260902T123012Z-4cf6ff5d308fab84abd455c2-dg-83bd84d7964d-000045_ch4.wav,3DPrinter/test/section_00_test_000250.wav,c5e301dc23742ee3fcea4f0f640c7ac6697be9ea2bc14cbd3334dd428f0f9c1b,960044,179872800,180352800,0419794d703398f5dd596f45aeaf388a9ebfae292e4a1655f4478b2ae3181dba,3.8,0.38,afaa8f43be0aec96424463c6583224cb800950b6c382cac39d4792a69734eaea,saved_rule_based,0.55
section_00_test_000251,test,target,anomaly,A,20260902T123012Z-4cf6ff5d308fab84abd455c2,20260902T123012Z-4cf6ff5d308fab84abd455c2-dg-83bd84d7964d-000074,4,belt_tension_abnormal,belt_a,fast,belt-a-low-v1-fast,right,soft-anomaly,clipped/audio_event_clean/anomaly/20260902T123012Z-4cf6ff5d308fab84abd455c2-dg-83bd84d7964d-000074_ch4.wav,3DPrinter/test/section_00_test_000251.wav,cf7d98ca8459fe7daf84ca96a7f8b946a060c390d71c66b6b4d73980a44c8125,960044,193792800,194272800,0419794d703398f5dd596f45aeaf388a9ebfae292e4a1655f4478b2ae3181dba,7.33,0.733,afaa8f43be0aec96424463c6583224cb800950b6c382cac39d4792a69734eaea,saved_rule_based,0.55
section_00_test_000252,test,target,anomaly,A,20260902T123012Z-4cf6ff5d308fab84abd455c2,20260902T123012Z-4cf6ff5d308fab84abd455c2-dg-83bd84d7964d-000160,4,belt_tension_abnormal,belt_a,fast,belt-a-low-v1-fast,right,soft-anomaly,clipped/audio_event_clean/anomaly/20260902T123012Z-4cf6ff5d308fab84abd455c2-dg-83bd84d7964d-000160_ch4.wav,3DPrinter/test/section_00_test_000252.wav,a459d64ca250c1ec5b3955283e801240a4ce2fcc72f3715818695ec7f918583a,960044,235072800,235552800,0419794d703398f5dd596f45aeaf388a9ebfae292e4a1655f4478b2ae3181dba,4.705,0.4705,afaa8f43be0aec96424463c6583224cb800950b6c382cac39d4792a69734eaea,saved_rule_based,0.55
section_00_test_000253,test,target,anomaly,A,20260902T123012Z-4cf6ff5d308fab84abd455c2,20260902T123012Z-4cf6ff5d308fab84abd455c2-dg-83bd84d7964d-000162,4,belt_tension_abnormal,belt_a,fast,belt-a-low-v1-fast,right,soft-anomaly,clipped/audio_event_clean/anomaly/20260902T123012Z-4cf6ff5d308fab84abd455c2-dg-83bd84d7964d-000162_ch4.wav,3DPrinter/test/section_00_test_000253.wav,40ffee2e1bb648e189e1ddd7f90460a436605a59a138ab8080ff9cad87cd58a7,960044,236032800,236512800,0419794d703398f5dd596f45aeaf388a9ebfae292e4a1655f4478b2ae3181dba,4.13,0.413,afaa8f43be0aec96424463c6583224cb800950b6c382cac39d4792a69734eaea,saved_rule_based,0.55
section_00_test_000254,test,target,anomaly,A,20260902T160129Z-7bf957baa43106e95892839f,20260902T160129Z-7bf957baa43106e95892839f-dg-abd0479e1929-000015,4,belt_tension_abnormal,belt_a_b,fast,belt-ab-low-v1-fast,right,soft-anomaly,clipped/audio_event_clean/anomaly/20260902T160129Z-7bf957baa43106e95892839f-dg-abd0479e1929-000015_ch4.wav,3DPrinter/test/section_00_test_000254.wav,2eecd915ec27649c162c80ed5ec088c97affd8b61e6570226354c30ccd39c96d,960044,164568000,165048000,669d8faca045862f0e21ea01fa3d812c6d4a146585b3b1af4918926ea1d0af2e,3.86,0.386,cadc27ade9531bea25723c54bacde09b28bd902753dec34783f57174519caea1,saved_rule_based,0.55
section_00_test_000255,test,target,anomaly,A,20260902T160129Z-7bf957baa43106e95892839f,20260902T160129Z-7bf957baa43106e95892839f-dg-abd0479e1929-000084,4,belt_tension_abnormal,belt_a_b,fast,belt-ab-low-v1-fast,right,soft-anomaly,clipped/audio_event_clean/anomaly/20260902T160129Z-7bf957baa43106e95892839f-dg-abd0479e1929-000084_ch4.wav,3DPrinter/test/section_00_test_000255.wav,59a1006ade284df311b13d74a248918bedb01234ef12772b1feda481d642652c,960044,197688000,198168000,669d8faca045862f0e21ea01fa3d812c6d4a146585b3b1af4918926ea1d0af2e,7.58,0.758,cadc27ade9531bea25723c54bacde09b28bd902753dec34783f57174519caea1,saved_rule_based,0.55
section_00_test_000256,test,target,anomaly,A,20260902T160129Z-7bf957baa43106e95892839f,20260902T160129Z-7bf957baa43106e95892839f-dg-abd0479e1929-000088,4,belt_tension_abnormal,belt_a_b,fast,belt-ab-low-v1-fast,right,soft-anomaly,clipped/audio_event_clean/anomaly/20260902T160129Z-7bf957baa43106e95892839f-dg-abd0479e1929-000088_ch4.wav,3DPrinter/test/section_00_test_000256.wav,b577b670bf8501fbfee432cf7acb5b3ea1193e953cde4419b74821707e106c67,960044,199608000,200088000,669d8faca045862f0e21ea01fa3d812c6d4a146585b3b1af4918926ea1d0af2e,8.83,0.883,cadc27ade9531bea25723c54bacde09b28bd902753dec34783f57174519caea1,saved_rule_based,0.55
section_00_test_000257,test,target,anomaly,A,20260902T160129Z-7bf957baa43106e95892839f,20260902T160129Z-7bf957baa43106e95892839f-dg-abd0479e1929-000119,4,belt_tension_abnormal,belt_a_b,fast,belt-ab-low-v1-fast,right,soft-anomaly,clipped/audio_event_clean/anomaly/20260902T160129Z-7bf957baa43106e95892839f-dg-abd0479e1929-000119_ch4.wav,3DPrinter/test/section_00_test_000257.wav,257e48c8fd99b331411a3cd7ff10cc4c5496977d05292fd117ce929624fd53bd,960044,214488000,214968000,669d8faca045862f0e21ea01fa3d812c6d4a146585b3b1af4918926ea1d0af2e,9.08,0.908,cadc27ade9531bea25723c54bacde09b28bd902753dec34783f57174519caea1,saved_rule_based,0.55
section_00_test_000258,test,target,anomaly,A,20260903T035843Z-da2337039d4a903e210d8513,20260903T035843Z-da2337039d4a903e210d8513-dg-a7222c8d5e48-000015,4,belt_tension_abnormal,belt_b,fast,belt-b-low-v1-fast,right,soft-anomaly,clipped/audio_event_clean/anomaly/20260903T035843Z-da2337039d4a903e210d8513-dg-a7222c8d5e48-000015_ch4.wav,3DPrinter/test/section_00_test_000258.wav,aa18d838cb846c020a2d0f9af2788bad193ecd61debccbd434d9464462b60e7c,960044,2230180800,2230660800,ed3fc18f3dbbbba286defd5b89e5624227cfde94abc30cbeb84a5d2a497c3ce9,5.08,0.508,a6a2f33d9b610a671a93d7368ab33bde7052c6380696da7d336edcff117855ac,saved_rule_based,0.55
section_00_test_000259,test,target,anomaly,A,20260903T035843Z-da2337039d4a903e210d8513,20260903T035843Z-da2337039d4a903e210d8513-dg-a7222c8d5e48-000033,4,belt_tension_abnormal,belt_b,fast,belt-b-low-v1-fast,right,soft-anomaly,clipped/audio_event_clean/anomaly/20260903T035843Z-da2337039d4a903e210d8513-dg-a7222c8d5e48-000033_ch4.wav,3DPrinter/test/section_00_test_000259.wav,68b38d1ac02eafca10d74116c8ea0a45c065187ed3ee226ea7c314e75e0d854a,960044,2238820800,2239300800,ed3fc18f3dbbbba286defd5b89e5624227cfde94abc30cbeb84a5d2a497c3ce9,5.44,0.544,a6a2f33d9b610a671a93d7368ab33bde7052c6380696da7d336edcff117855ac,saved_rule_based,0.55
section_00_test_000260,test,target,anomaly,A,20260903T035843Z-da2337039d4a903e210d8513,20260903T035843Z-da2337039d4a903e210d8513-dg-a7222c8d5e48-000059,4,belt_tension_abnormal,belt_b,fast,belt-b-low-v1-fast,right,soft-anomaly,clipped/audio_event_clean/anomaly/20260903T035843Z-da2337039d4a903e210d8513-dg-a7222c8d5e48-000059_ch4.wav,3DPrinter/test/section_00_test_000260.wav,f92ff597fb0644f1bdcff593d676eeb8fee6503bce57c257e27b5f77c307d912,960044,2251300800,2251780800,ed3fc18f3dbbbba286defd5b89e5624227cfde94abc30cbeb84a5d2a497c3ce9,5.83,0.583,a6a2f33d9b610a671a93d7368ab33bde7052c6380696da7d336edcff117855ac,saved_rule_based,0.55
section_00_test_000261,test,target,anomaly,A,20260903T035843Z-da2337039d4a903e210d8513,20260903T035843Z-da2337039d4a903e210d8513-dg-a7222c8d5e48-000115,4,belt_tension_abnormal,belt_b,fast,belt-b-low-v1-fast,right,soft-anomaly,clipped/audio_event_clean/anomaly/20260903T035843Z-da2337039d4a903e210d8513-dg-a7222c8d5e48-000115_ch4.wav,3DPrinter/test/section_00_test_000261.wav,ea626d4f5028d9e9d28b908ce6d104990ec4432dc9854387f09e3408fd925c29,960044,2278180800,2278660800,ed3fc18f3dbbbba286defd5b89e5624227cfde94abc30cbeb84a5d2a497c3ce9,5.2,0.52,a6a2f33d9b610a671a93d7368ab33bde7052c6380696da7d336edcff117855ac,saved_rule_based,0.55
section_00_test_000262,test,target,anomaly,A,20260904T005200Z-3ad8dce5db7644aaf167f162,20260904T005200Z-3ad8dce5db7644aaf167f162-dg-17c600513d9e-000001,4,extruder_cogging_or_no_extrusion,extruder_cogging_or_no_extrusion,fast,extruder-cogging-fast,right,hard-anomaly,clipped/audio_event_clean/anomaly/20260904T005200Z-3ad8dce5db7644aaf167f162-dg-17c600513d9e-000001_ch4.wav,3DPrinter/test/section_00_test_000262.wav,3b7926cd9869d0c02c818c9256fb10537fcc07189b8b6d569ae356a3727931d6,960044,69084000,69564000,b17ce656894a045f6646367211ad2d2ccf1cbeb137a9f8e7dc3c043688c05064,10.0,1.0,c7c63d2a86a82f7fc0f52149725178753a55dbd294a644212f38c0a9a65cefc2,saved_rule_based,0.49
section_00_test_000263,test,target,anomaly,A,20260904T005200Z-3ad8dce5db7644aaf167f162,20260904T005200Z-3ad8dce5db7644aaf167f162-dg-17c600513d9e-000015,4,extruder_cogging_or_no_extrusion,extruder_cogging_or_no_extrusion,fast,extruder-cogging-fast,right,hard-anomaly,clipped/audio_event_clean/anomaly/20260904T005200Z-3ad8dce5db7644aaf167f162-dg-17c600513d9e-000015_ch4.wav,3DPrinter/test/section_00_test_000263.wav,9abe846b1db87ecc6d77b2eb63e3b3010150ebcfbe449a54de0833edbb755751,960044,75804000,76284000,b17ce656894a045f6646367211ad2d2ccf1cbeb137a9f8e7dc3c043688c05064,10.0,1.0,c7c63d2a86a82f7fc0f52149725178753a55dbd294a644212f38c0a9a65cefc2,saved_rule_based,0.49
section_00_test_000264,test,target,anomaly,A,20260904T005200Z-3ad8dce5db7644aaf167f162,20260904T005200Z-3ad8dce5db7644aaf167f162-dg-17c600513d9e-000047,4,extruder_cogging_or_no_extrusion,extruder_cogging_or_no_extrusion,fast,extruder-cogging-fast,right,hard-anomaly,clipped/audio_event_clean/anomaly/20260904T005200Z-3ad8dce5db7644aaf167f162-dg-17c600513d9e-000047_ch4.wav,3DPrinter/test/section_00_test_000264.wav,923ee9b462d99c123c006f60a32d8f1d36f1a90dfba934d18f2708c29d59f43a,960044,91164000,91644000,b17ce656894a045f6646367211ad2d2ccf1cbeb137a9f8e7dc3c043688c05064,10.0,1.0,c7c63d2a86a82f7fc0f52149725178753a55dbd294a644212f38c0a9a65cefc2,saved_rule_based,0.49
section_00_test_000265,test,target,anomaly,A,20260904T005200Z-3ad8dce5db7644aaf167f162,20260904T005200Z-3ad8dce5db7644aaf167f162-dg-17c600513d9e-000049,4,extruder_cogging_or_no_extrusion,extruder_cogging_or_no_extrusion,fast,extruder-cogging-fast,right,hard-anomaly,clipped/audio_event_clean/anomaly/20260904T005200Z-3ad8dce5db7644aaf167f162-dg-17c600513d9e-000049_ch4.wav,3DPrinter/test/section_00_test_000265.wav,99df707fb2a8621a033c02ef7105a5837c705d3e2fafecf59c2f61746832fe48,960044,92124000,92604000,b17ce656894a045f6646367211ad2d2ccf1cbeb137a9f8e7dc3c043688c05064,10.0,1.0,c7c63d2a86a82f7fc0f52149725178753a55dbd294a644212f38c0a9a65cefc2,saved_rule_based,0.49
section_00_test_000266,test,target,anomaly,A,20260904T005200Z-3ad8dce5db7644aaf167f162,20260904T005200Z-3ad8dce5db7644aaf167f162-dg-17c600513d9e-000052,4,extruder_cogging_or_no_extrusion,extruder_cogging_or_no_extrusion,fast,extruder-cogging-fast,right,hard-anomaly,clipped/audio_event_clean/anomaly/20260904T005200Z-3ad8dce5db7644aaf167f162-dg-17c600513d9e-000052_ch4.wav,3DPrinter/test/section_00_test_000266.wav,43682c2b41cf80a2cab09e70b5eec5d7fd567fd04f3339f5f2bd68634b4d94b4,960044,93564000,94044000,b17ce656894a045f6646367211ad2d2ccf1cbeb137a9f8e7dc3c043688c05064,10.0,1.0,c7c63d2a86a82f7fc0f52149725178753a55dbd294a644212f38c0a9a65cefc2,saved_rule_based,0.49
section_00_test_000267,test,target,anomaly,A,20260904T005200Z-3ad8dce5db7644aaf167f162,20260904T005200Z-3ad8dce5db7644aaf167f162-dg-17c600513d9e-000058,4,extruder_cogging_or_no_extrusion,extruder_cogging_or_no_extrusion,fast,extruder-cogging-fast,right,hard-anomaly,clipped/audio_event_clean/anomaly/20260904T005200Z-3ad8dce5db7644aaf167f162-dg-17c600513d9e-000058_ch4.wav,3DPrinter/test/section_00_test_000267.wav,b3f9798b8c9cf7921e4dd0e87ea87412457a6aceff516e17685067a577dccbf7,960044,96444000,96924000,b17ce656894a045f6646367211ad2d2ccf1cbeb137a9f8e7dc3c043688c05064,10.0,1.0,c7c63d2a86a82f7fc0f52149725178753a55dbd294a644212f38c0a9a65cefc2,saved_rule_based,0.49
section_00_test_000268,test,target,anomaly,A,20260904T005200Z-3ad8dce5db7644aaf167f162,20260904T005200Z-3ad8dce5db7644aaf167f162-dg-17c600513d9e-000070,4,extruder_cogging_or_no_extrusion,extruder_cogging_or_no_extrusion,fast,extruder-cogging-fast,right,hard-anomaly,clipped/audio_event_clean/anomaly/20260904T005200Z-3ad8dce5db7644aaf167f162-dg-17c600513d9e-000070_ch4.wav,3DPrinter/test/section_00_test_000268.wav,e28f986a9137082c707716241731043b7078ec5016e1a8d3360ac8236e5a47f5,960044,102204000,102684000,b17ce656894a045f6646367211ad2d2ccf1cbeb137a9f8e7dc3c043688c05064,10.0,1.0,c7c63d2a86a82f7fc0f52149725178753a55dbd294a644212f38c0a9a65cefc2,saved_rule_based,0.49
section_00_test_000269,test,target,anomaly,A,20260904T005200Z-3ad8dce5db7644aaf167f162,20260904T005200Z-3ad8dce5db7644aaf167f162-dg-17c600513d9e-000092,4,extruder_cogging_or_no_extrusion,extruder_cogging_or_no_extrusion,fast,extruder-cogging-fast,right,hard-anomaly,clipped/audio_event_clean/anomaly/20260904T005200Z-3ad8dce5db7644aaf167f162-dg-17c600513d9e-000092_ch4.wav,3DPrinter/test/section_00_test_000269.wav,e3c9190f60130f557c77b6eb780806bcae607ff0b1f0e529f703f1d739198fd8,960044,112764000,113244000,b17ce656894a045f6646367211ad2d2ccf1cbeb137a9f8e7dc3c043688c05064,10.0,1.0,c7c63d2a86a82f7fc0f52149725178753a55dbd294a644212f38c0a9a65cefc2,saved_rule_based,0.49
section_00_test_000270,test,target,anomaly,A,20260904T005200Z-3ad8dce5db7644aaf167f162,20260904T005200Z-3ad8dce5db7644aaf167f162-dg-17c600513d9e-000129,4,extruder_cogging_or_no_extrusion,extruder_cogging_or_no_extrusion,fast,extruder-cogging-fast,right,hard-anomaly,clipped/audio_event_clean/anomaly/20260904T005200Z-3ad8dce5db7644aaf167f162-dg-17c600513d9e-000129_ch4.wav,3DPrinter/test/section_00_test_000270.wav,fa5af93fd53193c2bc5a9ede68678b48ee779470e3e2c075677829217d448a64,960044,130524000,131004000,b17ce656894a045f6646367211ad2d2ccf1cbeb137a9f8e7dc3c043688c05064,10.0,1.0,c7c63d2a86a82f7fc0f52149725178753a55dbd294a644212f38c0a9a65cefc2,saved_rule_based,0.49
section_00_test_000271,test,target,anomaly,A,20260904T005200Z-3ad8dce5db7644aaf167f162,20260904T005200Z-3ad8dce5db7644aaf167f162-dg-17c600513d9e-000133,4,extruder_cogging_or_no_extrusion,extruder_cogging_or_no_extrusion,fast,extruder-cogging-fast,right,hard-anomaly,clipped/audio_event_clean/anomaly/20260904T005200Z-3ad8dce5db7644aaf167f162-dg-17c600513d9e-000133_ch4.wav,3DPrinter/test/section_00_test_000271.wav,3be0a23a45aec3efb5cbcb0dc6f6afb688ba62318d5ecb47a20bb9720e301db7,960044,132444000,132924000,b17ce656894a045f6646367211ad2d2ccf1cbeb137a9f8e7dc3c043688c05064,10.0,1.0,c7c63d2a86a82f7fc0f52149725178753a55dbd294a644212f38c0a9a65cefc2,saved_rule_based,0.49
section_00_test_000272,test,target,anomaly,A,20260904T005200Z-3ad8dce5db7644aaf167f162,20260904T005200Z-3ad8dce5db7644aaf167f162-dg-17c600513d9e-000142,4,extruder_cogging_or_no_extrusion,extruder_cogging_or_no_extrusion,fast,extruder-cogging-fast,right,hard-anomaly,clipped/audio_event_clean/anomaly/20260904T005200Z-3ad8dce5db7644aaf167f162-dg-17c600513d9e-000142_ch4.wav,3DPrinter/test/section_00_test_000272.wav,f1aa2cfaa3f48f63c9ae9a3154e0d2d4f830c96c99843e272ff92a1af658b4cf,960044,136764000,137244000,b17ce656894a045f6646367211ad2d2ccf1cbeb137a9f8e7dc3c043688c05064,10.0,1.0,c7c63d2a86a82f7fc0f52149725178753a55dbd294a644212f38c0a9a65cefc2,saved_rule_based,0.49
section_00_test_000273,test,target,anomaly,A,20260904T005200Z-3ad8dce5db7644aaf167f162,20260904T005200Z-3ad8dce5db7644aaf167f162-dg-17c600513d9e-000160,4,extruder_cogging_or_no_extrusion,extruder_cogging_or_no_extrusion,fast,extruder-cogging-fast,right,hard-anomaly,clipped/audio_event_clean/anomaly/20260904T005200Z-3ad8dce5db7644aaf167f162-dg-17c600513d9e-000160_ch4.wav,3DPrinter/test/section_00_test_000273.wav,76bd4ada94fe1b0f54d8e18d27bb4076ba7a0ff6fcb9d6b3cef4ad3cb2195203,960044,145404000,145884000,b17ce656894a045f6646367211ad2d2ccf1cbeb137a9f8e7dc3c043688c05064,10.0,1.0,c7c63d2a86a82f7fc0f52149725178753a55dbd294a644212f38c0a9a65cefc2,saved_rule_based,0.49
section_00_test_000274,test,target,anomaly,A,20260904T041741Z-98e45a94c78b3bad81b186f9,20260904T041741Z-98e45a94c78b3bad81b186f9-dg-e4196811230a-000012,4,toolhead_collision,collision_x-min,fast,toolhead-collision-x-min-fast,right,hard-anomaly,clipped/audio_event_clean/anomaly/20260904T041741Z-98e45a94c78b3bad81b186f9-dg-e4196811230a-000012_ch4.wav,3DPrinter/test/section_00_test_000274.wav,fc215b7a7ed6388da5bc6ebd7dddf371c29978a108eabc324991bd19250b5870,960044,331912800,332392800,83a6b7fd70078eb54fda5b9ed246fc0fc73fae7d721c05d5f23c4d49c331e698,1.4,0.14,,frozen_r3_collision,1.16
section_00_test_000275,test,target,anomaly,A,20260904T041741Z-98e45a94c78b3bad81b186f9,20260904T041741Z-98e45a94c78b3bad81b186f9-dg-e4196811230a-000014,4,toolhead_collision,collision_x-min,fast,toolhead-collision-x-min-fast,right,hard-anomaly,clipped/audio_event_clean/anomaly/20260904T041741Z-98e45a94c78b3bad81b186f9-dg-e4196811230a-000014_ch4.wav,3DPrinter/test/section_00_test_000275.wav,edd64135af192423f061325b8a3379ffdaec3d004b575344e1cae05a98520646,960044,332872800,333352800,83a6b7fd70078eb54fda5b9ed246fc0fc73fae7d721c05d5f23c4d49c331e698,0.24,0.024,,frozen_r3_collision,1.16
section_00_test_000276,test,target,anomaly,A,20260904T041741Z-98e45a94c78b3bad81b186f9,20260904T041741Z-98e45a94c78b3bad81b186f9-dg-e4196811230a-000037,4,toolhead_collision,collision_x-min,fast,toolhead-collision-x-min-fast,right,hard-anomaly,clipped/audio_event_clean/anomaly/20260904T041741Z-98e45a94c78b3bad81b186f9-dg-e4196811230a-000037_ch4.wav,3DPrinter/test/section_00_test_000276.wav,27fb2fc2506409cc32f39b180fd4a83bcda21cac91546e9c8a6d5f9ea0a0e16a,960044,343912800,344392800,83a6b7fd70078eb54fda5b9ed246fc0fc73fae7d721c05d5f23c4d49c331e698,0.72,0.072,,frozen_r3_collision,1.16
section_00_test_000277,test,target,anomaly,A,20260904T051124Z-78b858c83cc199a82cf05f9a,20260904T051124Z-78b858c83cc199a82cf05f9a-dg-a34349efc09d-000013,4,toolhead_collision,collision_x-max,fast,toolhead-collision-x-max-fast,right,hard-anomaly,clipped/audio_event_clean/anomaly/20260904T051124Z-78b858c83cc199a82cf05f9a-dg-a34349efc09d-000013_ch4.wav,3DPrinter/test/section_00_test_000277.wav,f884d5bb916be9cf924a148f5a69fd39a9c984c2212055690509a8b2fc13e90b,960044,73372800,73852800,104f64310178569fd5145bf22800a6af54739e488e2dc433d27516c6ae5ab7b7,0.94,0.094,,frozen_r3_collision,1.2
section_00_test_000278,test,target,anomaly,A,20260904T051124Z-78b858c83cc199a82cf05f9a,20260904T051124Z-78b858c83cc199a82cf05f9a-dg-a34349efc09d-000034,4,toolhead_collision,collision_x-max,fast,toolhead-collision-x-max-fast,right,hard-anomaly,clipped/audio_event_clean/anomaly/20260904T051124Z-78b858c83cc199a82cf05f9a-dg-a34349efc09d-000034_ch4.wav,3DPrinter/test/section_00_test_000278.wav,a84fb3c4225f0a9c9b67a9023470b624143f3336af5b5c000231cf05ace7a729,960044,83452800,83932800,104f64310178569fd5145bf22800a6af54739e488e2dc433d27516c6ae5ab7b7,1.4,0.14,,frozen_r3_collision,1.2
section_00_test_000279,test,target,anomaly,A,20260904T051124Z-78b858c83cc199a82cf05f9a,20260904T051124Z-78b858c83cc199a82cf05f9a-dg-a34349efc09d-000056,4,toolhead_collision,collision_x-max,fast,toolhead-collision-x-max-fast,right,hard-anomaly,clipped/audio_event_clean/anomaly/20260904T051124Z-78b858c83cc199a82cf05f9a-dg-a34349efc09d-000056_ch4.wav,3DPrinter/test/section_00_test_000279.wav,d66c55364186ac185dd78ce4ee37e3e46755038665ec2ea2dc0f67cbb738bb23,960044,94012800,94492800,104f64310178569fd5145bf22800a6af54739e488e2dc433d27516c6ae5ab7b7,1.36,0.136,,frozen_r3_collision,1.2
section_00_test_000280,test,target,anomaly,A,20260904T054447Z-8072f6f8e5d3c14cc1ccbf80,20260904T054447Z-8072f6f8e5d3c14cc1ccbf80-dg-4dfa4b70d712-000045,4,toolhead_collision,collision_y-max,fast,toolhead-collision-y-max-fast,right,hard-anomaly,clipped/audio_event_clean/anomaly/20260904T054447Z-8072f6f8e5d3c14cc1ccbf80-dg-4dfa4b70d712-000045_ch4.wav,3DPrinter/test/section_00_test_000280.wav,c21b1ffc53d7f5fdf06772f0f913582ebd335fba31748fb6db90885762db2b19,960044,184888800,185368800,bea62337409f10c4460c7943889d5326606268d2521b42d4b8ea4ca033a6a5a7,1.6,0.16,,frozen_r3_collision,1.16
section_00_test_000281,test,target,anomaly,A,20260904T054447Z-8072f6f8e5d3c14cc1ccbf80,20260904T054447Z-8072f6f8e5d3c14cc1ccbf80-dg-4dfa4b70d712-000060,4,toolhead_collision,collision_y-max,fast,toolhead-collision-y-max-fast,right,hard-anomaly,clipped/audio_event_clean/anomaly/20260904T054447Z-8072f6f8e5d3c14cc1ccbf80-dg-4dfa4b70d712-000060_ch4.wav,3DPrinter/test/section_00_test_000281.wav,80249c35dba43c711d084695c374388969e5576d6f5c009fb068e3f0efe00140,960044,192088800,192568800,bea62337409f10c4460c7943889d5326606268d2521b42d4b8ea4ca033a6a5a7,1.56,0.156,,frozen_r3_collision,1.16
section_00_test_000282,test,target,anomaly,A,20260904T061543Z-b30bb3da9e9de761d2a45c4e,20260904T061543Z-b30bb3da9e9de761d2a45c4e-dg-15faaaa17cc1-000004,4,toolhead_collision,collision_x-min-y-max,fast,toolhead-collision-x-min-y-max-fast,right,hard-anomaly,clipped/audio_event_clean/anomaly/20260904T061543Z-b30bb3da9e9de761d2a45c4e-dg-15faaaa17cc1-000004_ch4.wav,3DPrinter/test/section_00_test_000282.wav,bd01c8ed4a34821b406b05fc718084113e1d1f81797e21e68fa9a36526dc29de,960044,254272800,254752800,dfc1084114a57c22a0c67834dc226d382cd141cfaec16ae114d2b671a4a244fa,1.3671041666666666,0.13671041666666667,,frozen_r3_collision,1.28
section_00_test_000283,test,target,anomaly,A,20260904T061543Z-b30bb3da9e9de761d2a45c4e,20260904T061543Z-b30bb3da9e9de761d2a45c4e-dg-15faaaa17cc1-000022,4,toolhead_collision,collision_x-min-y-max,fast,toolhead-collision-x-min-y-max-fast,right,hard-anomaly,clipped/audio_event_clean/anomaly/20260904T061543Z-b30bb3da9e9de761d2a45c4e-dg-15faaaa17cc1-000022_ch4.wav,3DPrinter/test/section_00_test_000283.wav,c65c41f236b0783643d44cc10dcedafd697f9c09d8cf1dd2fd847a69014d99ef,960044,262912800,263392800,dfc1084114a57c22a0c67834dc226d382cd141cfaec16ae114d2b671a4a244fa,0.88,0.088,,frozen_r3_collision,1.28
section_00_test_000284,test,target,anomaly,A,20260904T061543Z-b30bb3da9e9de761d2a45c4e,20260904T061543Z-b30bb3da9e9de761d2a45c4e-dg-15faaaa17cc1-000057,4,toolhead_collision,collision_x-min-y-max,fast,toolhead-collision-x-min-y-max-fast,right,hard-anomaly,clipped/audio_event_clean/anomaly/20260904T061543Z-b30bb3da9e9de761d2a45c4e-dg-15faaaa17cc1-000057_ch4.wav,3DPrinter/test/section_00_test_000284.wav,6af627c90690a561a8d696a66ece471c3ed0768687a31816dfcdc43759ac3a2d,960044,279712800,280192800,dfc1084114a57c22a0c67834dc226d382cd141cfaec16ae114d2b671a4a244fa,1.82,0.182,,frozen_r3_collision,1.28
section_00_test_000285,test,target,anomaly,A,20260904T065059Z-4724e8d91a9a89e1d78afb78,20260904T065059Z-4724e8d91a9a89e1d78afb78-dg-c1d0d0238e6f-000001,4,toolhead_collision,collision_x-max-y-max,fast,toolhead-collision-x-max-y-max-fast,right,hard-anomaly,clipped/audio_event_clean/anomaly/20260904T065059Z-4724e8d91a9a89e1d78afb78-dg-c1d0d0238e6f-000001_ch4.wav,3DPrinter/test/section_00_test_000285.wav,d36f7a4600c69ffffa9632aabb26986980708708bf93b786c06f22dcb5564e59,960044,354388800,354868800,249e5b9f2ef391901ed4884ea1aa8ad142d8d30ff26ca81c8e9b1de794956203,1.16,0.116,,frozen_r3_collision,1.26
section_00_test_000286,test,target,anomaly,A,20260904T065059Z-4724e8d91a9a89e1d78afb78,20260904T065059Z-4724e8d91a9a89e1d78afb78-dg-c1d0d0238e6f-000018,4,toolhead_collision,collision_x-max-y-max,fast,toolhead-collision-x-max-y-max-fast,right,hard-anomaly,clipped/audio_event_clean/anomaly/20260904T065059Z-4724e8d91a9a89e1d78afb78-dg-c1d0d0238e6f-000018_ch4.wav,3DPrinter/test/section_00_test_000286.wav,f2512ee0c7d384f147d9d57f6956e0d77174996feb54859c528ce7b734c9dcbc,960044,362548800,363028800,249e5b9f2ef391901ed4884ea1aa8ad142d8d30ff26ca81c8e9b1de794956203,1.3,0.13,,frozen_r3_collision,1.26
section_00_test_000287,test,target,anomaly,A,20260904T100827Z-e8ef9c656ea5667a80bdcfa9,20260904T100827Z-e8ef9c656ea5667a80bdcfa9-dg-83ea56886dfd-000041,4,cooling_fan_fault,cooling_fan_fault,fast,fan-blade-damage-bilateral-v3-fast,right,hard-anomaly,clipped/audio_event_clean/anomaly/20260904T100827Z-e8ef9c656ea5667a80bdcfa9-dg-83ea56886dfd-000041_ch4.wav,3DPrinter/test/section_00_test_000287.wav,3fb7413f8c416d06eb6340e13915a85345d5755ea2dc8c113684f2fea577e8ff,960044,942312000,942792000,bb35614a6a8c565cf7ae6df2e5a99630b834a357a169df2170d1efac2347038e,10.0,1.0,8d36a6278e6fe1c1a70176eec12cc4afd27dad5de464d1382bec9510a92264bc,saved_rule_based,0.53
section_00_test_000288,test,target,anomaly,A,20260904T100827Z-e8ef9c656ea5667a80bdcfa9,20260904T100827Z-e8ef9c656ea5667a80bdcfa9-dg-83ea56886dfd-000048,4,cooling_fan_fault,cooling_fan_fault,fast,fan-blade-damage-bilateral-v3-fast,right,hard-anomaly,clipped/audio_event_clean/anomaly/20260904T100827Z-e8ef9c656ea5667a80bdcfa9-dg-83ea56886dfd-000048_ch4.wav,3DPrinter/test/section_00_test_000288.wav,aa98a9fb5c424190a934e89019f068568cf168ece46ec1d19835bcd7afcebf0e,960044,945672000,946152000,bb35614a6a8c565cf7ae6df2e5a99630b834a357a169df2170d1efac2347038e,10.0,1.0,8d36a6278e6fe1c1a70176eec12cc4afd27dad5de464d1382bec9510a92264bc,saved_rule_based,0.53
section_00_test_000289,test,target,anomaly,A,20260904T100827Z-e8ef9c656ea5667a80bdcfa9,20260904T100827Z-e8ef9c656ea5667a80bdcfa9-dg-83ea56886dfd-000057,4,cooling_fan_fault,cooling_fan_fault,fast,fan-blade-damage-bilateral-v3-fast,right,hard-anomaly,clipped/audio_event_clean/anomaly/20260904T100827Z-e8ef9c656ea5667a80bdcfa9-dg-83ea56886dfd-000057_ch4.wav,3DPrinter/test/section_00_test_000289.wav,df47d1d1b62ca8fd78eb615407a96ad94f8efe7eeab1fb01d5ac38bbcf849ac0,960044,949992000,950472000,bb35614a6a8c565cf7ae6df2e5a99630b834a357a169df2170d1efac2347038e,10.0,1.0,8d36a6278e6fe1c1a70176eec12cc4afd27dad5de464d1382bec9510a92264bc,saved_rule_based,0.53
section_00_test_000290,test,target,anomaly,A,20260904T100827Z-e8ef9c656ea5667a80bdcfa9,20260904T100827Z-e8ef9c656ea5667a80bdcfa9-dg-83ea56886dfd-000058,4,cooling_fan_fault,cooling_fan_fault,fast,fan-blade-damage-bilateral-v3-fast,right,hard-anomaly,clipped/audio_event_clean/anomaly/20260904T100827Z-e8ef9c656ea5667a80bdcfa9-dg-83ea56886dfd-000058_ch4.wav,3DPrinter/test/section_00_test_000290.wav,423ebeeed8a24445f6b26ea99bdbee4a5c069ccaa5baa95c9cfb515b7c752875,960044,950472000,950952000,bb35614a6a8c565cf7ae6df2e5a99630b834a357a169df2170d1efac2347038e,10.0,1.0,8d36a6278e6fe1c1a70176eec12cc4afd27dad5de464d1382bec9510a92264bc,saved_rule_based,0.53
section_00_test_000291,test,target,anomaly,A,20260904T100827Z-e8ef9c656ea5667a80bdcfa9,20260904T100827Z-e8ef9c656ea5667a80bdcfa9-dg-83ea56886dfd-000090,4,cooling_fan_fault,cooling_fan_fault,fast,fan-blade-damage-bilateral-v3-fast,right,hard-anomaly,clipped/audio_event_clean/anomaly/20260904T100827Z-e8ef9c656ea5667a80bdcfa9-dg-83ea56886dfd-000090_ch4.wav,3DPrinter/test/section_00_test_000291.wav,7d14e4e1fbb2978d479e1fc2e3ee28030ac8c04b8fe8fc36d19736372efd5010,960044,965832000,966312000,bb35614a6a8c565cf7ae6df2e5a99630b834a357a169df2170d1efac2347038e,10.0,1.0,8d36a6278e6fe1c1a70176eec12cc4afd27dad5de464d1382bec9510a92264bc,saved_rule_based,0.53
section_00_test_000292,test,target,anomaly,A,20260904T100827Z-e8ef9c656ea5667a80bdcfa9,20260904T100827Z-e8ef9c656ea5667a80bdcfa9-dg-83ea56886dfd-000091,4,cooling_fan_fault,cooling_fan_fault,fast,fan-blade-damage-bilateral-v3-fast,right,hard-anomaly,clipped/audio_event_clean/anomaly/20260904T100827Z-e8ef9c656ea5667a80bdcfa9-dg-83ea56886dfd-000091_ch4.wav,3DPrinter/test/section_00_test_000292.wav,2714bbfc0f43b25e22afa72248c114e34569d2720353cd226328d1c4ce1fd686,960044,966312000,966792000,bb35614a6a8c565cf7ae6df2e5a99630b834a357a169df2170d1efac2347038e,10.0,1.0,8d36a6278e6fe1c1a70176eec12cc4afd27dad5de464d1382bec9510a92264bc,saved_rule_based,0.53
section_00_test_000293,test,target,anomaly,A,20260904T100827Z-e8ef9c656ea5667a80bdcfa9,20260904T100827Z-e8ef9c656ea5667a80bdcfa9-dg-83ea56886dfd-000093,4,cooling_fan_fault,cooling_fan_fault,fast,fan-blade-damage-bilateral-v3-fast,right,hard-anomaly,clipped/audio_event_clean/anomaly/20260904T100827Z-e8ef9c656ea5667a80bdcfa9-dg-83ea56886dfd-000093_ch4.wav,3DPrinter/test/section_00_test_000293.wav,c685075b2761d906c13a38d235d0c21a82d0c8dd37b4387d91c5ceaf36a6d9cb,960044,967272000,967752000,bb35614a6a8c565cf7ae6df2e5a99630b834a357a169df2170d1efac2347038e,10.0,1.0,8d36a6278e6fe1c1a70176eec12cc4afd27dad5de464d1382bec9510a92264bc,saved_rule_based,0.53
section_00_test_000294,test,target,anomaly,A,20260904T100827Z-e8ef9c656ea5667a80bdcfa9,20260904T100827Z-e8ef9c656ea5667a80bdcfa9-dg-83ea56886dfd-000115,4,cooling_fan_fault,cooling_fan_fault,fast,fan-blade-damage-bilateral-v3-fast,right,hard-anomaly,clipped/audio_event_clean/anomaly/20260904T100827Z-e8ef9c656ea5667a80bdcfa9-dg-83ea56886dfd-000115_ch4.wav,3DPrinter/test/section_00_test_000294.wav,eb14cb5171920b5cb77487711352abbb1523efb0afb5474b6deccff040e44697,960044,977832000,978312000,bb35614a6a8c565cf7ae6df2e5a99630b834a357a169df2170d1efac2347038e,10.0,1.0,8d36a6278e6fe1c1a70176eec12cc4afd27dad5de464d1382bec9510a92264bc,saved_rule_based,0.53
section_00_test_000295,test,target,anomaly,A,20260904T100827Z-e8ef9c656ea5667a80bdcfa9,20260904T100827Z-e8ef9c656ea5667a80bdcfa9-dg-83ea56886dfd-000127,4,cooling_fan_fault,cooling_fan_fault,fast,fan-blade-damage-bilateral-v3-fast,right,hard-anomaly,clipped/audio_event_clean/anomaly/20260904T100827Z-e8ef9c656ea5667a80bdcfa9-dg-83ea56886dfd-000127_ch4.wav,3DPrinter/test/section_00_test_000295.wav,fa15e45f3a44ce959a41aa3dc3e299656c18719486c61a04ed079528ace4b48c,960044,983592000,984072000,bb35614a6a8c565cf7ae6df2e5a99630b834a357a169df2170d1efac2347038e,10.0,1.0,8d36a6278e6fe1c1a70176eec12cc4afd27dad5de464d1382bec9510a92264bc,saved_rule_based,0.53
section_00_test_000296,test,target,anomaly,A,20260904T100827Z-e8ef9c656ea5667a80bdcfa9,20260904T100827Z-e8ef9c656ea5667a80bdcfa9-dg-83ea56886dfd-000134,4,cooling_fan_fault,cooling_fan_fault,fast,fan-blade-damage-bilateral-v3-fast,right,hard-anomaly,clipped/audio_event_clean/anomaly/20260904T100827Z-e8ef9c656ea5667a80bdcfa9-dg-83ea56886dfd-000134_ch4.wav,3DPrinter/test/section_00_test_000296.wav,4b073540b7adfb35dac9b4e90ce59e746f8486dd6d6d90acabf2ef638e77a17a,960044,986952000,987432000,bb35614a6a8c565cf7ae6df2e5a99630b834a357a169df2170d1efac2347038e,10.0,1.0,8d36a6278e6fe1c1a70176eec12cc4afd27dad5de464d1382bec9510a92264bc,saved_rule_based,0.53
section_00_test_000297,test,target,anomaly,A,20260904T100827Z-e8ef9c656ea5667a80bdcfa9,20260904T100827Z-e8ef9c656ea5667a80bdcfa9-dg-83ea56886dfd-000135,4,cooling_fan_fault,cooling_fan_fault,fast,fan-blade-damage-bilateral-v3-fast,right,hard-anomaly,clipped/audio_event_clean/anomaly/20260904T100827Z-e8ef9c656ea5667a80bdcfa9-dg-83ea56886dfd-000135_ch4.wav,3DPrinter/test/section_00_test_000297.wav,9cc2402d0fc34cb28fa8f6f8aaceeab68a949f04358cbd2b82386481cb1d95c0,960044,987432000,987912000,bb35614a6a8c565cf7ae6df2e5a99630b834a357a169df2170d1efac2347038e,10.0,1.0,8d36a6278e6fe1c1a70176eec12cc4afd27dad5de464d1382bec9510a92264bc,saved_rule_based,0.53
section_00_test_000298,test,target,anomaly,A,20260904T100827Z-e8ef9c656ea5667a80bdcfa9,20260904T100827Z-e8ef9c656ea5667a80bdcfa9-dg-83ea56886dfd-000143,4,cooling_fan_fault,cooling_fan_fault,fast,fan-blade-damage-bilateral-v3-fast,right,hard-anomaly,clipped/audio_event_clean/anomaly/20260904T100827Z-e8ef9c656ea5667a80bdcfa9-dg-83ea56886dfd-000143_ch4.wav,3DPrinter/test/section_00_test_000298.wav,f8e9e6a5b8679c6ccd705e76a0841d6119179481093923fa94c55293fcf92d92,960044,991272000,991752000,bb35614a6a8c565cf7ae6df2e5a99630b834a357a169df2170d1efac2347038e,10.0,1.0,8d36a6278e6fe1c1a70176eec12cc4afd27dad5de464d1382bec9510a92264bc,saved_rule_based,0.53
section_00_test_000299,test,target,anomaly,A,20260904T100827Z-e8ef9c656ea5667a80bdcfa9,20260904T100827Z-e8ef9c656ea5667a80bdcfa9-dg-83ea56886dfd-000153,4,cooling_fan_fault,cooling_fan_fault,fast,fan-blade-damage-bilateral-v3-fast,right,hard-anomaly,clipped/audio_event_clean/anomaly/20260904T100827Z-e8ef9c656ea5667a80bdcfa9-dg-83ea56886dfd-000153_ch4.wav,3DPrinter/test/section_00_test_000299.wav,0eb81c4f6c8c21d37c273202c73c7c9b2912b7da22ed832f5e0cf9d779027ef5,960044,996072000,996552000,bb35614a6a8c565cf7ae6df2e5a99630b834a357a169df2170d1efac2347038e,10.0,1.0,8d36a6278e6fe1c1a70176eec12cc4afd27dad5de464d1382bec9510a92264bc,saved_rule_based,0.53
section_00_test_000300,test,target,normal,A,20260901T155741Z-0df85415b97c4d70844c7d69,20260901T155741Z-0df85415b97c4d70844c7d69-dg-7ef4e3096b6f-000006,3,none,none,fast,normal-fast-3,front,normal,clipped/audio_event_clean/normal/20260901T155741Z-0df85415b97c4d70844c7d69-dg-7ef4e3096b6f-000006_ch3.wav,3DPrinter/test/section_00_test_000300.wav,bf3de21a43b010470db73970f0303d43098860498094c7bd416839a61e20b60f,960044,232140000,232620000,01dcb96a24a4cfc216b1384b47c5b0ff580ba1f320086987a77f27999c34596f,0,0,2f1960a8006c7171636bf34056c8c328dbb5f63276920c493748d615e81dda42,saved_rule_based,0.53
section_00_test_000301,test,target,normal,A,20260901T155741Z-0df85415b97c4d70844c7d69,20260901T155741Z-0df85415b97c4d70844c7d69-dg-7ef4e3096b6f-000016,3,none,none,fast,normal-fast-3,front,normal,clipped/audio_event_clean/normal/20260901T155741Z-0df85415b97c4d70844c7d69-dg-7ef4e3096b6f-000016_ch3.wav,3DPrinter/test/section_00_test_000301.wav,9a87ac1b9d76f044b12f6080d83ce181f86e0f3d6b07ce5e567e4dc691904ff5,960044,236940000,237420000,01dcb96a24a4cfc216b1384b47c5b0ff580ba1f320086987a77f27999c34596f,0,0,2f1960a8006c7171636bf34056c8c328dbb5f63276920c493748d615e81dda42,saved_rule_based,0.53
section_00_test_000302,test,target,normal,A,20260901T155741Z-0df85415b97c4d70844c7d69,20260901T155741Z-0df85415b97c4d70844c7d69-dg-7ef4e3096b6f-000018,3,none,none,fast,normal-fast-3,front,normal,clipped/audio_event_clean/normal/20260901T155741Z-0df85415b97c4d70844c7d69-dg-7ef4e3096b6f-000018_ch3.wav,3DPrinter/test/section_00_test_000302.wav,2031c8dc198ae91cf4faae45db6083bb8b88f3ede5181cd156c87f6a90094c95,960044,237900000,238380000,01dcb96a24a4cfc216b1384b47c5b0ff580ba1f320086987a77f27999c34596f,0,0,2f1960a8006c7171636bf34056c8c328dbb5f63276920c493748d615e81dda42,saved_rule_based,0.53
section_00_test_000303,test,target,normal,A,20260901T155741Z-0df85415b97c4d70844c7d69,20260901T155741Z-0df85415b97c4d70844c7d69-dg-7ef4e3096b6f-000019,3,none,none,fast,normal-fast-3,front,normal,clipped/audio_event_clean/normal/20260901T155741Z-0df85415b97c4d70844c7d69-dg-7ef4e3096b6f-000019_ch3.wav,3DPrinter/test/section_00_test_000303.wav,90ec58d7b2c4d04c4f94843e26f07b79aadd697a79e95a1c7cc5cdfb55cd823e,960044,238380000,238860000,01dcb96a24a4cfc216b1384b47c5b0ff580ba1f320086987a77f27999c34596f,0,0,2f1960a8006c7171636bf34056c8c328dbb5f63276920c493748d615e81dda42,saved_rule_based,0.53
section_00_test_000304,test,target,normal,A,20260901T155741Z-0df85415b97c4d70844c7d69,20260901T155741Z-0df85415b97c4d70844c7d69-dg-7ef4e3096b6f-000023,3,none,none,fast,normal-fast-3,front,normal,clipped/audio_event_clean/normal/20260901T155741Z-0df85415b97c4d70844c7d69-dg-7ef4e3096b6f-000023_ch3.wav,3DPrinter/test/section_00_test_000304.wav,36c59f1d327e8ae1669b70ed3ce64580e990d7aad3b95a3a1b50030ef5389181,960044,240300000,240780000,01dcb96a24a4cfc216b1384b47c5b0ff580ba1f320086987a77f27999c34596f,0,0,2f1960a8006c7171636bf34056c8c328dbb5f63276920c493748d615e81dda42,saved_rule_based,0.53
section_00_test_000305,test,target,normal,A,20260901T155741Z-0df85415b97c4d70844c7d69,20260901T155741Z-0df85415b97c4d70844c7d69-dg-7ef4e3096b6f-000025,3,none,none,fast,normal-fast-3,front,normal,clipped/audio_event_clean/normal/20260901T155741Z-0df85415b97c4d70844c7d69-dg-7ef4e3096b6f-000025_ch3.wav,3DPrinter/test/section_00_test_000305.wav,bafcc4c9b0c62b96a742e9b94021ffb5f935dbfc6363f3576f3cd2cb981e91fc,960044,241260000,241740000,01dcb96a24a4cfc216b1384b47c5b0ff580ba1f320086987a77f27999c34596f,0,0,2f1960a8006c7171636bf34056c8c328dbb5f63276920c493748d615e81dda42,saved_rule_based,0.53
section_00_test_000306,test,target,normal,A,20260901T155741Z-0df85415b97c4d70844c7d69,20260901T155741Z-0df85415b97c4d70844c7d69-dg-7ef4e3096b6f-000028,3,none,none,fast,normal-fast-3,front,normal,clipped/audio_event_clean/normal/20260901T155741Z-0df85415b97c4d70844c7d69-dg-7ef4e3096b6f-000028_ch3.wav,3DPrinter/test/section_00_test_000306.wav,b66b21732db78b57c3b5ec1752ab51405b28751ef6cd478b10749a09d7c47009,960044,242700000,243180000,01dcb96a24a4cfc216b1384b47c5b0ff580ba1f320086987a77f27999c34596f,0,0,2f1960a8006c7171636bf34056c8c328dbb5f63276920c493748d615e81dda42,saved_rule_based,0.53
section_00_test_000307,test,target,normal,A,20260901T155741Z-0df85415b97c4d70844c7d69,20260901T155741Z-0df85415b97c4d70844c7d69-dg-7ef4e3096b6f-000029,3,none,none,fast,normal-fast-3,front,normal,clipped/audio_event_clean/normal/20260901T155741Z-0df85415b97c4d70844c7d69-dg-7ef4e3096b6f-000029_ch3.wav,3DPrinter/test/section_00_test_000307.wav,b28a4f0d1bb61db964d8598530a83562f77d3e6ac6c05616e9268821bb31a309,960044,243180000,243660000,01dcb96a24a4cfc216b1384b47c5b0ff580ba1f320086987a77f27999c34596f,0,0,2f1960a8006c7171636bf34056c8c328dbb5f63276920c493748d615e81dda42,saved_rule_based,0.53
section_00_test_000308,test,target,normal,A,20260901T155741Z-0df85415b97c4d70844c7d69,20260901T155741Z-0df85415b97c4d70844c7d69-dg-7ef4e3096b6f-000031,3,none,none,fast,normal-fast-3,front,normal,clipped/audio_event_clean/normal/20260901T155741Z-0df85415b97c4d70844c7d69-dg-7ef4e3096b6f-000031_ch3.wav,3DPrinter/test/section_00_test_000308.wav,3638641c5179c8d91d4fd7d902c356043d2fdae157e254f20cf7b09145ee9a3d,960044,244140000,244620000,01dcb96a24a4cfc216b1384b47c5b0ff580ba1f320086987a77f27999c34596f,0,0,2f1960a8006c7171636bf34056c8c328dbb5f63276920c493748d615e81dda42,saved_rule_based,0.53
section_00_test_000309,test,target,normal,A,20260901T155741Z-0df85415b97c4d70844c7d69,20260901T155741Z-0df85415b97c4d70844c7d69-dg-7ef4e3096b6f-000036,3,none,none,fast,normal-fast-3,front,normal,clipped/audio_event_clean/normal/20260901T155741Z-0df85415b97c4d70844c7d69-dg-7ef4e3096b6f-000036_ch3.wav,3DPrinter/test/section_00_test_000309.wav,b69fe2586caef974fb03223d338925ba45c912b5b63518894f432d53b695587f,960044,246540000,247020000,01dcb96a24a4cfc216b1384b47c5b0ff580ba1f320086987a77f27999c34596f,0,0,2f1960a8006c7171636bf34056c8c328dbb5f63276920c493748d615e81dda42,saved_rule_based,0.53
section_00_test_000310,test,target,normal,A,20260901T155741Z-0df85415b97c4d70844c7d69,20260901T155741Z-0df85415b97c4d70844c7d69-dg-7ef4e3096b6f-000038,3,none,none,fast,normal-fast-3,front,normal,clipped/audio_event_clean/normal/20260901T155741Z-0df85415b97c4d70844c7d69-dg-7ef4e3096b6f-000038_ch3.wav,3DPrinter/test/section_00_test_000310.wav,090061ce56404a96a5b604582a066a13412c6628fca87ddf401dad82f2f88ce6,960044,247500000,247980000,01dcb96a24a4cfc216b1384b47c5b0ff580ba1f320086987a77f27999c34596f,0,0,2f1960a8006c7171636bf34056c8c328dbb5f63276920c493748d615e81dda42,saved_rule_based,0.53
section_00_test_000311,test,target,normal,A,20260901T155741Z-0df85415b97c4d70844c7d69,20260901T155741Z-0df85415b97c4d70844c7d69-dg-7ef4e3096b6f-000039,3,none,none,fast,normal-fast-3,front,normal,clipped/audio_event_clean/normal/20260901T155741Z-0df85415b97c4d70844c7d69-dg-7ef4e3096b6f-000039_ch3.wav,3DPrinter/test/section_00_test_000311.wav,26448d40a359e81a672f63c465e26d26f5d00e1ff20353a5b0ab8f0d16062c59,960044,247980000,248460000,01dcb96a24a4cfc216b1384b47c5b0ff580ba1f320086987a77f27999c34596f,0,0,2f1960a8006c7171636bf34056c8c328dbb5f63276920c493748d615e81dda42,saved_rule_based,0.53
section_00_test_000312,test,target,normal,A,20260901T155741Z-0df85415b97c4d70844c7d69,20260901T155741Z-0df85415b97c4d70844c7d69-dg-7ef4e3096b6f-000043,3,none,none,fast,normal-fast-3,front,normal,clipped/audio_event_clean/normal/20260901T155741Z-0df85415b97c4d70844c7d69-dg-7ef4e3096b6f-000043_ch3.wav,3DPrinter/test/section_00_test_000312.wav,aa4334f86de3096662e74b030455f279837a3e4ffeb824210a288de0e5921f8f,960044,249900000,250380000,01dcb96a24a4cfc216b1384b47c5b0ff580ba1f320086987a77f27999c34596f,0,0,2f1960a8006c7171636bf34056c8c328dbb5f63276920c493748d615e81dda42,saved_rule_based,0.53
section_00_test_000313,test,target,normal,A,20260901T155741Z-0df85415b97c4d70844c7d69,20260901T155741Z-0df85415b97c4d70844c7d69-dg-7ef4e3096b6f-000060,3,none,none,fast,normal-fast-3,front,normal,clipped/audio_event_clean/normal/20260901T155741Z-0df85415b97c4d70844c7d69-dg-7ef4e3096b6f-000060_ch3.wav,3DPrinter/test/section_00_test_000313.wav,bd21c09c1f56170979501fc6daef37061d161659d5c9c9b38d5e4aa557125c99,960044,258060000,258540000,01dcb96a24a4cfc216b1384b47c5b0ff580ba1f320086987a77f27999c34596f,0,0,2f1960a8006c7171636bf34056c8c328dbb5f63276920c493748d615e81dda42,saved_rule_based,0.53
section_00_test_000314,test,target,normal,A,20260901T155741Z-0df85415b97c4d70844c7d69,20260901T155741Z-0df85415b97c4d70844c7d69-dg-7ef4e3096b6f-000061,3,none,none,fast,normal-fast-3,front,normal,clipped/audio_event_clean/normal/20260901T155741Z-0df85415b97c4d70844c7d69-dg-7ef4e3096b6f-000061_ch3.wav,3DPrinter/test/section_00_test_000314.wav,f2bea76c2635c5205683fd61ef1ecb27fc27b80d2b1a7d837dbec96b6f198816,960044,258540000,259020000,01dcb96a24a4cfc216b1384b47c5b0ff580ba1f320086987a77f27999c34596f,0,0,2f1960a8006c7171636bf34056c8c328dbb5f63276920c493748d615e81dda42,saved_rule_based,0.53
section_00_test_000315,test,target,normal,A,20260901T155741Z-0df85415b97c4d70844c7d69,20260901T155741Z-0df85415b97c4d70844c7d69-dg-7ef4e3096b6f-000065,3,none,none,fast,normal-fast-3,front,normal,clipped/audio_event_clean/normal/20260901T155741Z-0df85415b97c4d70844c7d69-dg-7ef4e3096b6f-000065_ch3.wav,3DPrinter/test/section_00_test_000315.wav,546c190f62e8ecceaa09ab5f94ec3eabc2b114d122c7d5d4629501e6db3c2e47,960044,260460000,260940000,01dcb96a24a4cfc216b1384b47c5b0ff580ba1f320086987a77f27999c34596f,0,0,2f1960a8006c7171636bf34056c8c328dbb5f63276920c493748d615e81dda42,saved_rule_based,0.53
section_00_test_000316,test,target,normal,A,20260901T155741Z-0df85415b97c4d70844c7d69,20260901T155741Z-0df85415b97c4d70844c7d69-dg-7ef4e3096b6f-000066,3,none,none,fast,normal-fast-3,front,normal,clipped/audio_event_clean/normal/20260901T155741Z-0df85415b97c4d70844c7d69-dg-7ef4e3096b6f-000066_ch3.wav,3DPrinter/test/section_00_test_000316.wav,0c11c78e1b9a2dc50f06e691010b522bd6c30852970fba91614ae657dc4a95da,960044,260940000,261420000,01dcb96a24a4cfc216b1384b47c5b0ff580ba1f320086987a77f27999c34596f,0,0,2f1960a8006c7171636bf34056c8c328dbb5f63276920c493748d615e81dda42,saved_rule_based,0.53
section_00_test_000317,test,target,normal,A,20260901T155741Z-0df85415b97c4d70844c7d69,20260901T155741Z-0df85415b97c4d70844c7d69-dg-7ef4e3096b6f-000076,3,none,none,fast,normal-fast-3,front,normal,clipped/audio_event_clean/normal/20260901T155741Z-0df85415b97c4d70844c7d69-dg-7ef4e3096b6f-000076_ch3.wav,3DPrinter/test/section_00_test_000317.wav,6c3904d7777b4fe1c65de3d42b1b32aaae0db9d1e9221c311e7c1995289996e7,960044,265740000,266220000,01dcb96a24a4cfc216b1384b47c5b0ff580ba1f320086987a77f27999c34596f,0,0,2f1960a8006c7171636bf34056c8c328dbb5f63276920c493748d615e81dda42,saved_rule_based,0.53
section_00_test_000318,test,target,normal,A,20260901T155741Z-0df85415b97c4d70844c7d69,20260901T155741Z-0df85415b97c4d70844c7d69-dg-7ef4e3096b6f-000094,3,none,none,fast,normal-fast-3,front,normal,clipped/audio_event_clean/normal/20260901T155741Z-0df85415b97c4d70844c7d69-dg-7ef4e3096b6f-000094_ch3.wav,3DPrinter/test/section_00_test_000318.wav,5b75b9f7640e0d23222bad7e44186f84fd32f837dc56259bd37b3b08c394e669,960044,274380000,274860000,01dcb96a24a4cfc216b1384b47c5b0ff580ba1f320086987a77f27999c34596f,0,0,2f1960a8006c7171636bf34056c8c328dbb5f63276920c493748d615e81dda42,saved_rule_based,0.53
section_00_test_000319,test,target,normal,A,20260901T155741Z-0df85415b97c4d70844c7d69,20260901T155741Z-0df85415b97c4d70844c7d69-dg-7ef4e3096b6f-000096,3,none,none,fast,normal-fast-3,front,normal,clipped/audio_event_clean/normal/20260901T155741Z-0df85415b97c4d70844c7d69-dg-7ef4e3096b6f-000096_ch3.wav,3DPrinter/test/section_00_test_000319.wav,675258809c5c8889f16317c01722102fcc7ad364ca8ceafcb29f546090c651d8,960044,275340000,275820000,01dcb96a24a4cfc216b1384b47c5b0ff580ba1f320086987a77f27999c34596f,0,0,2f1960a8006c7171636bf34056c8c328dbb5f63276920c493748d615e81dda42,saved_rule_based,0.53
section_00_test_000320,test,target,normal,A,20260901T155741Z-0df85415b97c4d70844c7d69,20260901T155741Z-0df85415b97c4d70844c7d69-dg-7ef4e3096b6f-000101,3,none,none,fast,normal-fast-3,front,normal,clipped/audio_event_clean/normal/20260901T155741Z-0df85415b97c4d70844c7d69-dg-7ef4e3096b6f-000101_ch3.wav,3DPrinter/test/section_00_test_000320.wav,aa5d0534911629a4d00bbb9c91d82901058836b776259719f3bf2976c396cc8e,960044,277740000,278220000,01dcb96a24a4cfc216b1384b47c5b0ff580ba1f320086987a77f27999c34596f,0,0,2f1960a8006c7171636bf34056c8c328dbb5f63276920c493748d615e81dda42,saved_rule_based,0.53
section_00_test_000321,test,target,normal,A,20260901T155741Z-0df85415b97c4d70844c7d69,20260901T155741Z-0df85415b97c4d70844c7d69-dg-7ef4e3096b6f-000102,3,none,none,fast,normal-fast-3,front,normal,clipped/audio_event_clean/normal/20260901T155741Z-0df85415b97c4d70844c7d69-dg-7ef4e3096b6f-000102_ch3.wav,3DPrinter/test/section_00_test_000321.wav,20536735b5b48c6ee2dca78046b306c34846863d25d975dc3e0d1b994b15eeb5,960044,278220000,278700000,01dcb96a24a4cfc216b1384b47c5b0ff580ba1f320086987a77f27999c34596f,0,0,2f1960a8006c7171636bf34056c8c328dbb5f63276920c493748d615e81dda42,saved_rule_based,0.53
section_00_test_000322,test,target,normal,A,20260901T155741Z-0df85415b97c4d70844c7d69,20260901T155741Z-0df85415b97c4d70844c7d69-dg-7ef4e3096b6f-000110,3,none,none,fast,normal-fast-3,front,normal,clipped/audio_event_clean/normal/20260901T155741Z-0df85415b97c4d70844c7d69-dg-7ef4e3096b6f-000110_ch3.wav,3DPrinter/test/section_00_test_000322.wav,93fdffa3561e124d175a3c9165ccad479ee4683b34fe7a1588286d32bd57ce48,960044,282060000,282540000,01dcb96a24a4cfc216b1384b47c5b0ff580ba1f320086987a77f27999c34596f,0,0,2f1960a8006c7171636bf34056c8c328dbb5f63276920c493748d615e81dda42,saved_rule_based,0.53
section_00_test_000323,test,target,normal,A,20260901T155741Z-0df85415b97c4d70844c7d69,20260901T155741Z-0df85415b97c4d70844c7d69-dg-7ef4e3096b6f-000113,3,none,none,fast,normal-fast-3,front,normal,clipped/audio_event_clean/normal/20260901T155741Z-0df85415b97c4d70844c7d69-dg-7ef4e3096b6f-000113_ch3.wav,3DPrinter/test/section_00_test_000323.wav,23bf47af718d2ae50aca6c6db5cbccaa37554a30d5f193b926758f240d8c7eb9,960044,283500000,283980000,01dcb96a24a4cfc216b1384b47c5b0ff580ba1f320086987a77f27999c34596f,0,0,2f1960a8006c7171636bf34056c8c328dbb5f63276920c493748d615e81dda42,saved_rule_based,0.53
section_00_test_000324,test,target,normal,A,20260901T155741Z-0df85415b97c4d70844c7d69,20260901T155741Z-0df85415b97c4d70844c7d69-dg-7ef4e3096b6f-000116,3,none,none,fast,normal-fast-3,front,normal,clipped/audio_event_clean/normal/20260901T155741Z-0df85415b97c4d70844c7d69-dg-7ef4e3096b6f-000116_ch3.wav,3DPrinter/test/section_00_test_000324.wav,40b40b67ad0118c16325d111370ebc3dd0623505917cb6e7e25ddf0ed0c538d9,960044,284940000,285420000,01dcb96a24a4cfc216b1384b47c5b0ff580ba1f320086987a77f27999c34596f,0,0,2f1960a8006c7171636bf34056c8c328dbb5f63276920c493748d615e81dda42,saved_rule_based,0.53
section_00_test_000325,test,target,normal,A,20260901T155741Z-0df85415b97c4d70844c7d69,20260901T155741Z-0df85415b97c4d70844c7d69-dg-7ef4e3096b6f-000120,3,none,none,fast,normal-fast-3,front,normal,clipped/audio_event_clean/normal/20260901T155741Z-0df85415b97c4d70844c7d69-dg-7ef4e3096b6f-000120_ch3.wav,3DPrinter/test/section_00_test_000325.wav,bc9713809d6a67cdbb0cbb559d56455ae9bf14822a38d3750d94c422a6fe2534,960044,286860000,287340000,01dcb96a24a4cfc216b1384b47c5b0ff580ba1f320086987a77f27999c34596f,0,0,2f1960a8006c7171636bf34056c8c328dbb5f63276920c493748d615e81dda42,saved_rule_based,0.53
section_00_test_000326,test,target,normal,A,20260901T155741Z-0df85415b97c4d70844c7d69,20260901T155741Z-0df85415b97c4d70844c7d69-dg-7ef4e3096b6f-000125,3,none,none,fast,normal-fast-3,front,normal,clipped/audio_event_clean/normal/20260901T155741Z-0df85415b97c4d70844c7d69-dg-7ef4e3096b6f-000125_ch3.wav,3DPrinter/test/section_00_test_000326.wav,f75f8caa05e74096a060a7159e011b4fc333b69c793fd60d98f17e7269a52935,960044,289260000,289740000,01dcb96a24a4cfc216b1384b47c5b0ff580ba1f320086987a77f27999c34596f,0,0,2f1960a8006c7171636bf34056c8c328dbb5f63276920c493748d615e81dda42,saved_rule_based,0.53
section_00_test_000327,test,target,normal,A,20260901T155741Z-0df85415b97c4d70844c7d69,20260901T155741Z-0df85415b97c4d70844c7d69-dg-7ef4e3096b6f-000129,3,none,none,fast,normal-fast-3,front,normal,clipped/audio_event_clean/normal/20260901T155741Z-0df85415b97c4d70844c7d69-dg-7ef4e3096b6f-000129_ch3.wav,3DPrinter/test/section_00_test_000327.wav,70029f00130ba06bffc4201fc1ad3d71b3e835010c3c635c11b130a5ae12ff62,960044,291180000,291660000,01dcb96a24a4cfc216b1384b47c5b0ff580ba1f320086987a77f27999c34596f,0,0,2f1960a8006c7171636bf34056c8c328dbb5f63276920c493748d615e81dda42,saved_rule_based,0.53
section_00_test_000328,test,target,normal,A,20260901T155741Z-0df85415b97c4d70844c7d69,20260901T155741Z-0df85415b97c4d70844c7d69-dg-7ef4e3096b6f-000130,3,none,none,fast,normal-fast-3,front,normal,clipped/audio_event_clean/normal/20260901T155741Z-0df85415b97c4d70844c7d69-dg-7ef4e3096b6f-000130_ch3.wav,3DPrinter/test/section_00_test_000328.wav,28c489643bd9141d6670faa1f8d9cdd35a892a7a205a9f2fea961e837c8f38ee,960044,291660000,292140000,01dcb96a24a4cfc216b1384b47c5b0ff580ba1f320086987a77f27999c34596f,0,0,2f1960a8006c7171636bf34056c8c328dbb5f63276920c493748d615e81dda42,saved_rule_based,0.53
section_00_test_000329,test,target,normal,A,20260901T155741Z-0df85415b97c4d70844c7d69,20260901T155741Z-0df85415b97c4d70844c7d69-dg-7ef4e3096b6f-000133,3,none,none,fast,normal-fast-3,front,normal,clipped/audio_event_clean/normal/20260901T155741Z-0df85415b97c4d70844c7d69-dg-7ef4e3096b6f-000133_ch3.wav,3DPrinter/test/section_00_test_000329.wav,7980c180c524c2ae5a506c346538b709638c681e1a2eb140f2632cffaeea0cfb,960044,293100000,293580000,01dcb96a24a4cfc216b1384b47c5b0ff580ba1f320086987a77f27999c34596f,0,0,2f1960a8006c7171636bf34056c8c328dbb5f63276920c493748d615e81dda42,saved_rule_based,0.53
section_00_test_000330,test,target,normal,A,20260901T155741Z-0df85415b97c4d70844c7d69,20260901T155741Z-0df85415b97c4d70844c7d69-dg-7ef4e3096b6f-000135,3,none,none,fast,normal-fast-3,front,normal,clipped/audio_event_clean/normal/20260901T155741Z-0df85415b97c4d70844c7d69-dg-7ef4e3096b6f-000135_ch3.wav,3DPrinter/test/section_00_test_000330.wav,bee5128aaae71ede29f50a3f3c62bc9be36814b9615015d52430a028d0dcb6db,960044,294060000,294540000,01dcb96a24a4cfc216b1384b47c5b0ff580ba1f320086987a77f27999c34596f,0,0,2f1960a8006c7171636bf34056c8c328dbb5f63276920c493748d615e81dda42,saved_rule_based,0.53
section_00_test_000331,test,target,normal,A,20260901T155741Z-0df85415b97c4d70844c7d69,20260901T155741Z-0df85415b97c4d70844c7d69-dg-7ef4e3096b6f-000137,3,none,none,fast,normal-fast-3,front,normal,clipped/audio_event_clean/normal/20260901T155741Z-0df85415b97c4d70844c7d69-dg-7ef4e3096b6f-000137_ch3.wav,3DPrinter/test/section_00_test_000331.wav,da269f137fd54831cf29b5bd9786e807a92d74ec5448857b015737551034d1cd,960044,295020000,295500000,01dcb96a24a4cfc216b1384b47c5b0ff580ba1f320086987a77f27999c34596f,0,0,2f1960a8006c7171636bf34056c8c328dbb5f63276920c493748d615e81dda42,saved_rule_based,0.53
section_00_test_000332,test,target,normal,A,20260901T155741Z-0df85415b97c4d70844c7d69,20260901T155741Z-0df85415b97c4d70844c7d69-dg-7ef4e3096b6f-000142,3,none,none,fast,normal-fast-3,front,normal,clipped/audio_event_clean/normal/20260901T155741Z-0df85415b97c4d70844c7d69-dg-7ef4e3096b6f-000142_ch3.wav,3DPrinter/test/section_00_test_000332.wav,a5b7d3a3e7eb6b9a056b4bab24adf1848ebbd0e711d6c0e5aef9539a5d8781ba,960044,297420000,297900000,01dcb96a24a4cfc216b1384b47c5b0ff580ba1f320086987a77f27999c34596f,0,0,2f1960a8006c7171636bf34056c8c328dbb5f63276920c493748d615e81dda42,saved_rule_based,0.53
section_00_test_000333,test,target,normal,A,20260901T155741Z-0df85415b97c4d70844c7d69,20260901T155741Z-0df85415b97c4d70844c7d69-dg-7ef4e3096b6f-000148,3,none,none,fast,normal-fast-3,front,normal,clipped/audio_event_clean/normal/20260901T155741Z-0df85415b97c4d70844c7d69-dg-7ef4e3096b6f-000148_ch3.wav,3DPrinter/test/section_00_test_000333.wav,7a489b7241a75f10298bfb905350af62a331ea8cba94eceafc56f8cbe2ead815,960044,300300000,300780000,01dcb96a24a4cfc216b1384b47c5b0ff580ba1f320086987a77f27999c34596f,0,0,2f1960a8006c7171636bf34056c8c328dbb5f63276920c493748d615e81dda42,saved_rule_based,0.53
section_00_test_000334,test,target,normal,A,20260901T155741Z-0df85415b97c4d70844c7d69,20260901T155741Z-0df85415b97c4d70844c7d69-dg-7ef4e3096b6f-000152,3,none,none,fast,normal-fast-3,front,normal,clipped/audio_event_clean/normal/20260901T155741Z-0df85415b97c4d70844c7d69-dg-7ef4e3096b6f-000152_ch3.wav,3DPrinter/test/section_00_test_000334.wav,691510308879c41a498af3222f7d5f76b158057fcf635462b3eaa817db54742a,960044,302220000,302700000,01dcb96a24a4cfc216b1384b47c5b0ff580ba1f320086987a77f27999c34596f,0,0,2f1960a8006c7171636bf34056c8c328dbb5f63276920c493748d615e81dda42,saved_rule_based,0.53
section_00_test_000335,test,target,normal,A,20260901T155741Z-0df85415b97c4d70844c7d69,20260901T155741Z-0df85415b97c4d70844c7d69-dg-7ef4e3096b6f-000153,3,none,none,fast,normal-fast-3,front,normal,clipped/audio_event_clean/normal/20260901T155741Z-0df85415b97c4d70844c7d69-dg-7ef4e3096b6f-000153_ch3.wav,3DPrinter/test/section_00_test_000335.wav,ce491909d4c2f1f79ab1f3eaa33aafa2d44eca040425ce3d16bb8f112ce105c7,960044,302700000,303180000,01dcb96a24a4cfc216b1384b47c5b0ff580ba1f320086987a77f27999c34596f,0,0,2f1960a8006c7171636bf34056c8c328dbb5f63276920c493748d615e81dda42,saved_rule_based,0.53
section_00_test_000336,test,target,normal,A,20260901T155741Z-0df85415b97c4d70844c7d69,20260901T155741Z-0df85415b97c4d70844c7d69-dg-7ef4e3096b6f-000157,3,none,none,fast,normal-fast-3,front,normal,clipped/audio_event_clean/normal/20260901T155741Z-0df85415b97c4d70844c7d69-dg-7ef4e3096b6f-000157_ch3.wav,3DPrinter/test/section_00_test_000336.wav,14e373fbda15015128ad6b47100a8494e1fa536a4d33fa40fd6c910a3721a728,960044,304620000,305100000,01dcb96a24a4cfc216b1384b47c5b0ff580ba1f320086987a77f27999c34596f,0,0,2f1960a8006c7171636bf34056c8c328dbb5f63276920c493748d615e81dda42,saved_rule_based,0.53
section_00_test_000337,test,target,normal,A,20260901T155741Z-0df85415b97c4d70844c7d69,20260901T155741Z-0df85415b97c4d70844c7d69-dg-7ef4e3096b6f-000161,3,none,none,fast,normal-fast-3,front,normal,clipped/audio_event_clean/normal/20260901T155741Z-0df85415b97c4d70844c7d69-dg-7ef4e3096b6f-000161_ch3.wav,3DPrinter/test/section_00_test_000337.wav,3929c514bf6e7c7cb23093beea7fa1e83e173251c2718ba52f9229f78a9ce931,960044,306540000,307020000,01dcb96a24a4cfc216b1384b47c5b0ff580ba1f320086987a77f27999c34596f,0,0,2f1960a8006c7171636bf34056c8c328dbb5f63276920c493748d615e81dda42,saved_rule_based,0.53
section_00_test_000338,test,target,normal,A,20260901T155741Z-0df85415b97c4d70844c7d69,20260901T155741Z-0df85415b97c4d70844c7d69-dg-7ef4e3096b6f-000170,3,none,none,fast,normal-fast-3,front,normal,clipped/audio_event_clean/normal/20260901T155741Z-0df85415b97c4d70844c7d69-dg-7ef4e3096b6f-000170_ch3.wav,3DPrinter/test/section_00_test_000338.wav,5806ae77446aa15adb436a30bf58e1f66d8f09264d84dbee138c5b0558b94860,960044,310860000,311340000,01dcb96a24a4cfc216b1384b47c5b0ff580ba1f320086987a77f27999c34596f,0,0,2f1960a8006c7171636bf34056c8c328dbb5f63276920c493748d615e81dda42,saved_rule_based,0.53
section_00_test_000339,test,target,normal,A,20260901T155741Z-0df85415b97c4d70844c7d69,20260901T155741Z-0df85415b97c4d70844c7d69-dg-7ef4e3096b6f-000171,3,none,none,fast,normal-fast-3,front,normal,clipped/audio_event_clean/normal/20260901T155741Z-0df85415b97c4d70844c7d69-dg-7ef4e3096b6f-000171_ch3.wav,3DPrinter/test/section_00_test_000339.wav,47ac0b068bf7e8b452b266997bcb1c52ae1a8b696e55de5af1983be6db85cd54,960044,311340000,311820000,01dcb96a24a4cfc216b1384b47c5b0ff580ba1f320086987a77f27999c34596f,0,0,2f1960a8006c7171636bf34056c8c328dbb5f63276920c493748d615e81dda42,saved_rule_based,0.53
section_00_test_000340,test,target,normal,A,20260901T155741Z-0df85415b97c4d70844c7d69,20260901T155741Z-0df85415b97c4d70844c7d69-dg-7ef4e3096b6f-000173,3,none,none,fast,normal-fast-3,front,normal,clipped/audio_event_clean/normal/20260901T155741Z-0df85415b97c4d70844c7d69-dg-7ef4e3096b6f-000173_ch3.wav,3DPrinter/test/section_00_test_000340.wav,a281adf5583e1fca32024c49bad882475ed306ee8ccbd712c4c03d988bb023b5,960044,312300000,312780000,01dcb96a24a4cfc216b1384b47c5b0ff580ba1f320086987a77f27999c34596f,0,0,2f1960a8006c7171636bf34056c8c328dbb5f63276920c493748d615e81dda42,saved_rule_based,0.53
section_00_test_000341,test,target,normal,A,20260901T155741Z-0df85415b97c4d70844c7d69,20260901T155741Z-0df85415b97c4d70844c7d69-dg-7ef4e3096b6f-000178,3,none,none,fast,normal-fast-3,front,normal,clipped/audio_event_clean/normal/20260901T155741Z-0df85415b97c4d70844c7d69-dg-7ef4e3096b6f-000178_ch3.wav,3DPrinter/test/section_00_test_000341.wav,25aee18c2d8685aa09c3e0b5104a59e2544a9add45e15bea8d86d80b163810d8,960044,314700000,315180000,01dcb96a24a4cfc216b1384b47c5b0ff580ba1f320086987a77f27999c34596f,0,0,2f1960a8006c7171636bf34056c8c328dbb5f63276920c493748d615e81dda42,saved_rule_based,0.53
section_00_test_000342,test,target,normal,A,20260901T155741Z-0df85415b97c4d70844c7d69,20260901T155741Z-0df85415b97c4d70844c7d69-dg-7ef4e3096b6f-000185,3,none,none,fast,normal-fast-3,front,normal,clipped/audio_event_clean/normal/20260901T155741Z-0df85415b97c4d70844c7d69-dg-7ef4e3096b6f-000185_ch3.wav,3DPrinter/test/section_00_test_000342.wav,1c9f614e3479e24f086192b61b864241131d3f40f9f78fb947f650eca598c4ad,960044,318060000,318540000,01dcb96a24a4cfc216b1384b47c5b0ff580ba1f320086987a77f27999c34596f,0,0,2f1960a8006c7171636bf34056c8c328dbb5f63276920c493748d615e81dda42,saved_rule_based,0.53
section_00_test_000343,test,target,normal,A,20260901T155741Z-0df85415b97c4d70844c7d69,20260901T155741Z-0df85415b97c4d70844c7d69-dg-7ef4e3096b6f-000188,3,none,none,fast,normal-fast-3,front,normal,clipped/audio_event_clean/normal/20260901T155741Z-0df85415b97c4d70844c7d69-dg-7ef4e3096b6f-000188_ch3.wav,3DPrinter/test/section_00_test_000343.wav,15c6756d5294d5de7363e670f154af7e9a693ced1b14336bc55666cae17486c7,960044,319500000,319980000,01dcb96a24a4cfc216b1384b47c5b0ff580ba1f320086987a77f27999c34596f,0,0,2f1960a8006c7171636bf34056c8c328dbb5f63276920c493748d615e81dda42,saved_rule_based,0.53
section_00_test_000344,test,target,normal,A,20260901T155741Z-0df85415b97c4d70844c7d69,20260901T155741Z-0df85415b97c4d70844c7d69-dg-7ef4e3096b6f-000191,3,none,none,fast,normal-fast-3,front,normal,clipped/audio_event_clean/normal/20260901T155741Z-0df85415b97c4d70844c7d69-dg-7ef4e3096b6f-000191_ch3.wav,3DPrinter/test/section_00_test_000344.wav,e341cbaa30ec67a84165fd8f0a3a61cfb5bc6a76ea2254bcf25cc694b4fc5fc9,960044,320940000,321420000,01dcb96a24a4cfc216b1384b47c5b0ff580ba1f320086987a77f27999c34596f,0,0,2f1960a8006c7171636bf34056c8c328dbb5f63276920c493748d615e81dda42,saved_rule_based,0.53
section_00_test_000345,test,target,normal,A,20260901T155741Z-0df85415b97c4d70844c7d69,20260901T155741Z-0df85415b97c4d70844c7d69-dg-7ef4e3096b6f-000195,3,none,none,fast,normal-fast-3,front,normal,clipped/audio_event_clean/normal/20260901T155741Z-0df85415b97c4d70844c7d69-dg-7ef4e3096b6f-000195_ch3.wav,3DPrinter/test/section_00_test_000345.wav,56f2eee64fd5e50e08e70674f8127f8315c2413b8409b72ceff4038315784f6d,960044,322860000,323340000,01dcb96a24a4cfc216b1384b47c5b0ff580ba1f320086987a77f27999c34596f,0,0,2f1960a8006c7171636bf34056c8c328dbb5f63276920c493748d615e81dda42,saved_rule_based,0.53
section_00_test_000346,test,target,normal,A,20260901T155741Z-0df85415b97c4d70844c7d69,20260901T155741Z-0df85415b97c4d70844c7d69-dg-7ef4e3096b6f-000199,3,none,none,fast,normal-fast-3,front,normal,clipped/audio_event_clean/normal/20260901T155741Z-0df85415b97c4d70844c7d69-dg-7ef4e3096b6f-000199_ch3.wav,3DPrinter/test/section_00_test_000346.wav,cdc53de51dcdd86e91ec6d9edd4b898db8c5b4c00ba83540593cd919986cb479,960044,324780000,325260000,01dcb96a24a4cfc216b1384b47c5b0ff580ba1f320086987a77f27999c34596f,0,0,2f1960a8006c7171636bf34056c8c328dbb5f63276920c493748d615e81dda42,saved_rule_based,0.53
section_00_test_000347,test,target,normal,A,20260901T155741Z-0df85415b97c4d70844c7d69,20260901T155741Z-0df85415b97c4d70844c7d69-dg-7ef4e3096b6f-000207,3,none,none,fast,normal-fast-3,front,normal,clipped/audio_event_clean/normal/20260901T155741Z-0df85415b97c4d70844c7d69-dg-7ef4e3096b6f-000207_ch3.wav,3DPrinter/test/section_00_test_000347.wav,3ce0f9e23413b965843c64e07461aaf496d0380a681a30a1bc7af98a175bfea4,960044,328620000,329100000,01dcb96a24a4cfc216b1384b47c5b0ff580ba1f320086987a77f27999c34596f,0,0,2f1960a8006c7171636bf34056c8c328dbb5f63276920c493748d615e81dda42,saved_rule_based,0.53
section_00_test_000348,test,target,normal,A,20260901T155741Z-0df85415b97c4d70844c7d69,20260901T155741Z-0df85415b97c4d70844c7d69-dg-7ef4e3096b6f-000219,3,none,none,fast,normal-fast-3,front,normal,clipped/audio_event_clean/normal/20260901T155741Z-0df85415b97c4d70844c7d69-dg-7ef4e3096b6f-000219_ch3.wav,3DPrinter/test/section_00_test_000348.wav,67816e65212611ac103199058fb208ba8de93c8a3e15b48109e0b36c7636b4d6,960044,334380000,334860000,01dcb96a24a4cfc216b1384b47c5b0ff580ba1f320086987a77f27999c34596f,0,0,2f1960a8006c7171636bf34056c8c328dbb5f63276920c493748d615e81dda42,saved_rule_based,0.53
section_00_test_000349,test,target,normal,A,20260901T155741Z-0df85415b97c4d70844c7d69,20260901T155741Z-0df85415b97c4d70844c7d69-dg-7ef4e3096b6f-000220,3,none,none,fast,normal-fast-3,front,normal,clipped/audio_event_clean/normal/20260901T155741Z-0df85415b97c4d70844c7d69-dg-7ef4e3096b6f-000220_ch3.wav,3DPrinter/test/section_00_test_000349.wav,f1528af21413ee194adbb84307a7daab924ad58ce18feec59f11301b0b9f062b,960044,334860000,335340000,01dcb96a24a4cfc216b1384b47c5b0ff580ba1f320086987a77f27999c34596f,0,0,2f1960a8006c7171636bf34056c8c328dbb5f63276920c493748d615e81dda42,saved_rule_based,0.53
section_00_test_000350,test,target,normal,A,20260901T155741Z-0df85415b97c4d70844c7d69,20260901T155741Z-0df85415b97c4d70844c7d69-dg-7ef4e3096b6f-000001,4,none,none,fast,normal-fast-3,right,normal,clipped/audio_event_clean/normal/20260901T155741Z-0df85415b97c4d70844c7d69-dg-7ef4e3096b6f-000001_ch4.wav,3DPrinter/test/section_00_test_000350.wav,218cdc61933f3a2ef29586b4e80d4af0c9e93afea29d72b45dee7537eeac1d7a,960044,229740000,230220000,01dcb96a24a4cfc216b1384b47c5b0ff580ba1f320086987a77f27999c34596f,0,0,2f1960a8006c7171636bf34056c8c328dbb5f63276920c493748d615e81dda42,saved_rule_based,0.53
section_00_test_000351,test,target,normal,A,20260901T155741Z-0df85415b97c4d70844c7d69,20260901T155741Z-0df85415b97c4d70844c7d69-dg-7ef4e3096b6f-000002,4,none,none,fast,normal-fast-3,right,normal,clipped/audio_event_clean/normal/20260901T155741Z-0df85415b97c4d70844c7d69-dg-7ef4e3096b6f-000002_ch4.wav,3DPrinter/test/section_00_test_000351.wav,a6f6b54ae277cf8b6911e7f2b869ab585ab743ff70081cea6c7aa9ee37cc1499,960044,230220000,230700000,01dcb96a24a4cfc216b1384b47c5b0ff580ba1f320086987a77f27999c34596f,0,0,2f1960a8006c7171636bf34056c8c328dbb5f63276920c493748d615e81dda42,saved_rule_based,0.53
section_00_test_000352,test,target,normal,A,20260901T155741Z-0df85415b97c4d70844c7d69,20260901T155741Z-0df85415b97c4d70844c7d69-dg-7ef4e3096b6f-000008,4,none,none,fast,normal-fast-3,right,normal,clipped/audio_event_clean/normal/20260901T155741Z-0df85415b97c4d70844c7d69-dg-7ef4e3096b6f-000008_ch4.wav,3DPrinter/test/section_00_test_000352.wav,d6785e8fce69de5aeab8d319bd0f664e1a522fcba354362d094650db841dbd40,960044,233100000,233580000,01dcb96a24a4cfc216b1384b47c5b0ff580ba1f320086987a77f27999c34596f,0,0,2f1960a8006c7171636bf34056c8c328dbb5f63276920c493748d615e81dda42,saved_rule_based,0.53
section_00_test_000353,test,target,normal,A,20260901T155741Z-0df85415b97c4d70844c7d69,20260901T155741Z-0df85415b97c4d70844c7d69-dg-7ef4e3096b6f-000011,4,none,none,fast,normal-fast-3,right,normal,clipped/audio_event_clean/normal/20260901T155741Z-0df85415b97c4d70844c7d69-dg-7ef4e3096b6f-000011_ch4.wav,3DPrinter/test/section_00_test_000353.wav,3dc2062b2df23d549333daa8f2d7f8aad8e5e253d384194bede438e8291618d3,960044,234540000,235020000,01dcb96a24a4cfc216b1384b47c5b0ff580ba1f320086987a77f27999c34596f,0,0,2f1960a8006c7171636bf34056c8c328dbb5f63276920c493748d615e81dda42,saved_rule_based,0.53
section_00_test_000354,test,target,normal,A,20260901T155741Z-0df85415b97c4d70844c7d69,20260901T155741Z-0df85415b97c4d70844c7d69-dg-7ef4e3096b6f-000012,4,none,none,fast,normal-fast-3,right,normal,clipped/audio_event_clean/normal/20260901T155741Z-0df85415b97c4d70844c7d69-dg-7ef4e3096b6f-000012_ch4.wav,3DPrinter/test/section_00_test_000354.wav,680b77af455661b2d0edbe2116c3eb11aba5a20715e436eaa7c561bf8e42a1c9,960044,235020000,235500000,01dcb96a24a4cfc216b1384b47c5b0ff580ba1f320086987a77f27999c34596f,0,0,2f1960a8006c7171636bf34056c8c328dbb5f63276920c493748d615e81dda42,saved_rule_based,0.53
section_00_test_000355,test,target,normal,A,20260901T155741Z-0df85415b97c4d70844c7d69,20260901T155741Z-0df85415b97c4d70844c7d69-dg-7ef4e3096b6f-000013,4,none,none,fast,normal-fast-3,right,normal,clipped/audio_event_clean/normal/20260901T155741Z-0df85415b97c4d70844c7d69-dg-7ef4e3096b6f-000013_ch4.wav,3DPrinter/test/section_00_test_000355.wav,0c1c0b192e1798acdcd5d5b95141a47962435943d1ccb710f2f1e1c918fce7a5,960044,235500000,235980000,01dcb96a24a4cfc216b1384b47c5b0ff580ba1f320086987a77f27999c34596f,0,0,2f1960a8006c7171636bf34056c8c328dbb5f63276920c493748d615e81dda42,saved_rule_based,0.53
section_00_test_000356,test,target,normal,A,20260901T155741Z-0df85415b97c4d70844c7d69,20260901T155741Z-0df85415b97c4d70844c7d69-dg-7ef4e3096b6f-000024,4,none,none,fast,normal-fast-3,right,normal,clipped/audio_event_clean/normal/20260901T155741Z-0df85415b97c4d70844c7d69-dg-7ef4e3096b6f-000024_ch4.wav,3DPrinter/test/section_00_test_000356.wav,52ad3b121afa52fb8fabfe1bdbb8d6926312b66d72ef71665d0ed791cbe09bc6,960044,240780000,241260000,01dcb96a24a4cfc216b1384b47c5b0ff580ba1f320086987a77f27999c34596f,0,0,2f1960a8006c7171636bf34056c8c328dbb5f63276920c493748d615e81dda42,saved_rule_based,0.53
section_00_test_000357,test,target,normal,A,20260901T155741Z-0df85415b97c4d70844c7d69,20260901T155741Z-0df85415b97c4d70844c7d69-dg-7ef4e3096b6f-000042,4,none,none,fast,normal-fast-3,right,normal,clipped/audio_event_clean/normal/20260901T155741Z-0df85415b97c4d70844c7d69-dg-7ef4e3096b6f-000042_ch4.wav,3DPrinter/test/section_00_test_000357.wav,134743b88219b4930411a6d5a0b364b4ba487430f1173e720c8ad24abb493ae9,960044,249420000,249900000,01dcb96a24a4cfc216b1384b47c5b0ff580ba1f320086987a77f27999c34596f,0,0,2f1960a8006c7171636bf34056c8c328dbb5f63276920c493748d615e81dda42,saved_rule_based,0.53
section_00_test_000358,test,target,normal,A,20260901T155741Z-0df85415b97c4d70844c7d69,20260901T155741Z-0df85415b97c4d70844c7d69-dg-7ef4e3096b6f-000046,4,none,none,fast,normal-fast-3,right,normal,clipped/audio_event_clean/normal/20260901T155741Z-0df85415b97c4d70844c7d69-dg-7ef4e3096b6f-000046_ch4.wav,3DPrinter/test/section_00_test_000358.wav,3b2dc4c44c89ed17463eead2bce4a8627241cbfbbd03cbda914054d4bc8ba9f9,960044,251340000,251820000,01dcb96a24a4cfc216b1384b47c5b0ff580ba1f320086987a77f27999c34596f,0,0,2f1960a8006c7171636bf34056c8c328dbb5f63276920c493748d615e81dda42,saved_rule_based,0.53
section_00_test_000359,test,target,normal,A,20260901T155741Z-0df85415b97c4d70844c7d69,20260901T155741Z-0df85415b97c4d70844c7d69-dg-7ef4e3096b6f-000047,4,none,none,fast,normal-fast-3,right,normal,clipped/audio_event_clean/normal/20260901T155741Z-0df85415b97c4d70844c7d69-dg-7ef4e3096b6f-000047_ch4.wav,3DPrinter/test/section_00_test_000359.wav,ed414f1ed9c79a2cb00652aa5fa537c27540cced52abf7639a579f8a81c6cd6b,960044,251820000,252300000,01dcb96a24a4cfc216b1384b47c5b0ff580ba1f320086987a77f27999c34596f,0,0,2f1960a8006c7171636bf34056c8c328dbb5f63276920c493748d615e81dda42,saved_rule_based,0.53
section_00_test_000360,test,target,normal,A,20260901T155741Z-0df85415b97c4d70844c7d69,20260901T155741Z-0df85415b97c4d70844c7d69-dg-7ef4e3096b6f-000051,4,none,none,fast,normal-fast-3,right,normal,clipped/audio_event_clean/normal/20260901T155741Z-0df85415b97c4d70844c7d69-dg-7ef4e3096b6f-000051_ch4.wav,3DPrinter/test/section_00_test_000360.wav,8087f11f57f350f01c9e382fac588c0294e95cfb03dcc6df01b27e24beed859e,960044,253740000,254220000,01dcb96a24a4cfc216b1384b47c5b0ff580ba1f320086987a77f27999c34596f,0,0,2f1960a8006c7171636bf34056c8c328dbb5f63276920c493748d615e81dda42,saved_rule_based,0.53
section_00_test_000361,test,target,normal,A,20260901T155741Z-0df85415b97c4d70844c7d69,20260901T155741Z-0df85415b97c4d70844c7d69-dg-7ef4e3096b6f-000052,4,none,none,fast,normal-fast-3,right,normal,clipped/audio_event_clean/normal/20260901T155741Z-0df85415b97c4d70844c7d69-dg-7ef4e3096b6f-000052_ch4.wav,3DPrinter/test/section_00_test_000361.wav,5e7f563ec2e88da65bf721211328ce32e4489b801fbac4082eae2042fc371f47,960044,254220000,254700000,01dcb96a24a4cfc216b1384b47c5b0ff580ba1f320086987a77f27999c34596f,0,0,2f1960a8006c7171636bf34056c8c328dbb5f63276920c493748d615e81dda42,saved_rule_based,0.53
section_00_test_000362,test,target,normal,A,20260901T155741Z-0df85415b97c4d70844c7d69,20260901T155741Z-0df85415b97c4d70844c7d69-dg-7ef4e3096b6f-000059,4,none,none,fast,normal-fast-3,right,normal,clipped/audio_event_clean/normal/20260901T155741Z-0df85415b97c4d70844c7d69-dg-7ef4e3096b6f-000059_ch4.wav,3DPrinter/test/section_00_test_000362.wav,fbd7e7f8e01163cb16ff61ea9356e092e1915bbea2fec540635f0f174c6cce84,960044,257580000,258060000,01dcb96a24a4cfc216b1384b47c5b0ff580ba1f320086987a77f27999c34596f,0,0,2f1960a8006c7171636bf34056c8c328dbb5f63276920c493748d615e81dda42,saved_rule_based,0.53
section_00_test_000363,test,target,normal,A,20260901T155741Z-0df85415b97c4d70844c7d69,20260901T155741Z-0df85415b97c4d70844c7d69-dg-7ef4e3096b6f-000063,4,none,none,fast,normal-fast-3,right,normal,clipped/audio_event_clean/normal/20260901T155741Z-0df85415b97c4d70844c7d69-dg-7ef4e3096b6f-000063_ch4.wav,3DPrinter/test/section_00_test_000363.wav,65bf1b97fb386792142c307b708962ddb5c945b26407086246e8b9fa960bed41,960044,259500000,259980000,01dcb96a24a4cfc216b1384b47c5b0ff580ba1f320086987a77f27999c34596f,0,0,2f1960a8006c7171636bf34056c8c328dbb5f63276920c493748d615e81dda42,saved_rule_based,0.53
section_00_test_000364,test,target,normal,A,20260901T155741Z-0df85415b97c4d70844c7d69,20260901T155741Z-0df85415b97c4d70844c7d69-dg-7ef4e3096b6f-000071,4,none,none,fast,normal-fast-3,right,normal,clipped/audio_event_clean/normal/20260901T155741Z-0df85415b97c4d70844c7d69-dg-7ef4e3096b6f-000071_ch4.wav,3DPrinter/test/section_00_test_000364.wav,874d5bcfcc27f4ee610f5a41436a15df5f885cfbe493b32eb6eeb455eaf4eadd,960044,263340000,263820000,01dcb96a24a4cfc216b1384b47c5b0ff580ba1f320086987a77f27999c34596f,0,0,2f1960a8006c7171636bf34056c8c328dbb5f63276920c493748d615e81dda42,saved_rule_based,0.53
section_00_test_000365,test,target,normal,A,20260901T155741Z-0df85415b97c4d70844c7d69,20260901T155741Z-0df85415b97c4d70844c7d69-dg-7ef4e3096b6f-000075,4,none,none,fast,normal-fast-3,right,normal,clipped/audio_event_clean/normal/20260901T155741Z-0df85415b97c4d70844c7d69-dg-7ef4e3096b6f-000075_ch4.wav,3DPrinter/test/section_00_test_000365.wav,c84d6369c779362e0cc6e9b1e13b5f1db07496007f9cdf32979d1a8d2f47d553,960044,265260000,265740000,01dcb96a24a4cfc216b1384b47c5b0ff580ba1f320086987a77f27999c34596f,0,0,2f1960a8006c7171636bf34056c8c328dbb5f63276920c493748d615e81dda42,saved_rule_based,0.53
section_00_test_000366,test,target,normal,A,20260901T155741Z-0df85415b97c4d70844c7d69,20260901T155741Z-0df85415b97c4d70844c7d69-dg-7ef4e3096b6f-000078,4,none,none,fast,normal-fast-3,right,normal,clipped/audio_event_clean/normal/20260901T155741Z-0df85415b97c4d70844c7d69-dg-7ef4e3096b6f-000078_ch4.wav,3DPrinter/test/section_00_test_000366.wav,c849ce9d29d07a0dc169331e9126d7aac4d051c8dad40d12d1c77922c95bd330,960044,266700000,267180000,01dcb96a24a4cfc216b1384b47c5b0ff580ba1f320086987a77f27999c34596f,0,0,2f1960a8006c7171636bf34056c8c328dbb5f63276920c493748d615e81dda42,saved_rule_based,0.53
section_00_test_000367,test,target,normal,A,20260901T155741Z-0df85415b97c4d70844c7d69,20260901T155741Z-0df85415b97c4d70844c7d69-dg-7ef4e3096b6f-000080,4,none,none,fast,normal-fast-3,right,normal,clipped/audio_event_clean/normal/20260901T155741Z-0df85415b97c4d70844c7d69-dg-7ef4e3096b6f-000080_ch4.wav,3DPrinter/test/section_00_test_000367.wav,89b9666eef3f0cfa9a76aaa4bde904d21b207de1ef5c60ba82a3c68cf4a52966,960044,267660000,268140000,01dcb96a24a4cfc216b1384b47c5b0ff580ba1f320086987a77f27999c34596f,0,0,2f1960a8006c7171636bf34056c8c328dbb5f63276920c493748d615e81dda42,saved_rule_based,0.53
section_00_test_000368,test,target,normal,A,20260901T155741Z-0df85415b97c4d70844c7d69,20260901T155741Z-0df85415b97c4d70844c7d69-dg-7ef4e3096b6f-000090,4,none,none,fast,normal-fast-3,right,normal,clipped/audio_event_clean/normal/20260901T155741Z-0df85415b97c4d70844c7d69-dg-7ef4e3096b6f-000090_ch4.wav,3DPrinter/test/section_00_test_000368.wav,19078eb46911b4d4213d5652b9cc36193bf91d0058854282c0da7644806753bf,960044,272460000,272940000,01dcb96a24a4cfc216b1384b47c5b0ff580ba1f320086987a77f27999c34596f,0,0,2f1960a8006c7171636bf34056c8c328dbb5f63276920c493748d615e81dda42,saved_rule_based,0.53
section_00_test_000369,test,target,normal,A,20260901T155741Z-0df85415b97c4d70844c7d69,20260901T155741Z-0df85415b97c4d70844c7d69-dg-7ef4e3096b6f-000095,4,none,none,fast,normal-fast-3,right,normal,clipped/audio_event_clean/normal/20260901T155741Z-0df85415b97c4d70844c7d69-dg-7ef4e3096b6f-000095_ch4.wav,3DPrinter/test/section_00_test_000369.wav,d6d03fb8d96ccc781804bc6fe289e75c31a360cf25a28f84b86f3edeb91d3d8f,960044,274860000,275340000,01dcb96a24a4cfc216b1384b47c5b0ff580ba1f320086987a77f27999c34596f,0,0,2f1960a8006c7171636bf34056c8c328dbb5f63276920c493748d615e81dda42,saved_rule_based,0.53
section_00_test_000370,test,target,normal,A,20260901T155741Z-0df85415b97c4d70844c7d69,20260901T155741Z-0df85415b97c4d70844c7d69-dg-7ef4e3096b6f-000099,4,none,none,fast,normal-fast-3,right,normal,clipped/audio_event_clean/normal/20260901T155741Z-0df85415b97c4d70844c7d69-dg-7ef4e3096b6f-000099_ch4.wav,3DPrinter/test/section_00_test_000370.wav,778d0e3e64c433d8c9debce43cab93fd5e13bb933d790d4c41f1e9bd4672ddb5,960044,276780000,277260000,01dcb96a24a4cfc216b1384b47c5b0ff580ba1f320086987a77f27999c34596f,0,0,2f1960a8006c7171636bf34056c8c328dbb5f63276920c493748d615e81dda42,saved_rule_based,0.53
section_00_test_000371,test,target,normal,A,20260901T155741Z-0df85415b97c4d70844c7d69,20260901T155741Z-0df85415b97c4d70844c7d69-dg-7ef4e3096b6f-000100,4,none,none,fast,normal-fast-3,right,normal,clipped/audio_event_clean/normal/20260901T155741Z-0df85415b97c4d70844c7d69-dg-7ef4e3096b6f-000100_ch4.wav,3DPrinter/test/section_00_test_000371.wav,16f5863389b82a52bcff11716fb5fdd369db5768e14e3e84f0924aea43d88a46,960044,277260000,277740000,01dcb96a24a4cfc216b1384b47c5b0ff580ba1f320086987a77f27999c34596f,0,0,2f1960a8006c7171636bf34056c8c328dbb5f63276920c493748d615e81dda42,saved_rule_based,0.53
section_00_test_000372,test,target,normal,A,20260901T155741Z-0df85415b97c4d70844c7d69,20260901T155741Z-0df85415b97c4d70844c7d69-dg-7ef4e3096b6f-000106,4,none,none,fast,normal-fast-3,right,normal,clipped/audio_event_clean/normal/20260901T155741Z-0df85415b97c4d70844c7d69-dg-7ef4e3096b6f-000106_ch4.wav,3DPrinter/test/section_00_test_000372.wav,dd3aff4636cd9ce585e930d98a813fd89a984faf93c33b571d782ab9a62e336d,960044,280140000,280620000,01dcb96a24a4cfc216b1384b47c5b0ff580ba1f320086987a77f27999c34596f,0,0,2f1960a8006c7171636bf34056c8c328dbb5f63276920c493748d615e81dda42,saved_rule_based,0.53
section_00_test_000373,test,target,normal,A,20260901T155741Z-0df85415b97c4d70844c7d69,20260901T155741Z-0df85415b97c4d70844c7d69-dg-7ef4e3096b6f-000109,4,none,none,fast,normal-fast-3,right,normal,clipped/audio_event_clean/normal/20260901T155741Z-0df85415b97c4d70844c7d69-dg-7ef4e3096b6f-000109_ch4.wav,3DPrinter/test/section_00_test_000373.wav,46d331dc22307a6f6af97df3c1d77b13f65dc286444a3670dd1ffcb5b2dbbe31,960044,281580000,282060000,01dcb96a24a4cfc216b1384b47c5b0ff580ba1f320086987a77f27999c34596f,0,0,2f1960a8006c7171636bf34056c8c328dbb5f63276920c493748d615e81dda42,saved_rule_based,0.53
section_00_test_000374,test,target,normal,A,20260901T155741Z-0df85415b97c4d70844c7d69,20260901T155741Z-0df85415b97c4d70844c7d69-dg-7ef4e3096b6f-000112,4,none,none,fast,normal-fast-3,right,normal,clipped/audio_event_clean/normal/20260901T155741Z-0df85415b97c4d70844c7d69-dg-7ef4e3096b6f-000112_ch4.wav,3DPrinter/test/section_00_test_000374.wav,86c7d087261fcb6c6bc009ddf5467702ba0ef82daae2d2139cc1458f0fc47fc1,960044,283020000,283500000,01dcb96a24a4cfc216b1384b47c5b0ff580ba1f320086987a77f27999c34596f,0,0,2f1960a8006c7171636bf34056c8c328dbb5f63276920c493748d615e81dda42,saved_rule_based,0.53
section_00_test_000375,test,target,normal,A,20260901T155741Z-0df85415b97c4d70844c7d69,20260901T155741Z-0df85415b97c4d70844c7d69-dg-7ef4e3096b6f-000115,4,none,none,fast,normal-fast-3,right,normal,clipped/audio_event_clean/normal/20260901T155741Z-0df85415b97c4d70844c7d69-dg-7ef4e3096b6f-000115_ch4.wav,3DPrinter/test/section_00_test_000375.wav,fa3d4bf7af7a04eb20045fcddd829663432cca8db60c6e8cfb943f92da745ffd,960044,284460000,284940000,01dcb96a24a4cfc216b1384b47c5b0ff580ba1f320086987a77f27999c34596f,0,0,2f1960a8006c7171636bf34056c8c328dbb5f63276920c493748d615e81dda42,saved_rule_based,0.53
section_00_test_000376,test,target,normal,A,20260901T155741Z-0df85415b97c4d70844c7d69,20260901T155741Z-0df85415b97c4d70844c7d69-dg-7ef4e3096b6f-000118,4,none,none,fast,normal-fast-3,right,normal,clipped/audio_event_clean/normal/20260901T155741Z-0df85415b97c4d70844c7d69-dg-7ef4e3096b6f-000118_ch4.wav,3DPrinter/test/section_00_test_000376.wav,f571fc094c121def1af43e578732a0dfa74ddb045fdc7fee3b207a11b2aa32d0,960044,285900000,286380000,01dcb96a24a4cfc216b1384b47c5b0ff580ba1f320086987a77f27999c34596f,0,0,2f1960a8006c7171636bf34056c8c328dbb5f63276920c493748d615e81dda42,saved_rule_based,0.53
section_00_test_000377,test,target,normal,A,20260901T155741Z-0df85415b97c4d70844c7d69,20260901T155741Z-0df85415b97c4d70844c7d69-dg-7ef4e3096b6f-000122,4,none,none,fast,normal-fast-3,right,normal,clipped/audio_event_clean/normal/20260901T155741Z-0df85415b97c4d70844c7d69-dg-7ef4e3096b6f-000122_ch4.wav,3DPrinter/test/section_00_test_000377.wav,3574ef39a0faec9b2f1701281ac07e1814cd47a2136b1aa7f58a16165f2528e0,960044,287820000,288300000,01dcb96a24a4cfc216b1384b47c5b0ff580ba1f320086987a77f27999c34596f,0,0,2f1960a8006c7171636bf34056c8c328dbb5f63276920c493748d615e81dda42,saved_rule_based,0.53
section_00_test_000378,test,target,normal,A,20260901T155741Z-0df85415b97c4d70844c7d69,20260901T155741Z-0df85415b97c4d70844c7d69-dg-7ef4e3096b6f-000124,4,none,none,fast,normal-fast-3,right,normal,clipped/audio_event_clean/normal/20260901T155741Z-0df85415b97c4d70844c7d69-dg-7ef4e3096b6f-000124_ch4.wav,3DPrinter/test/section_00_test_000378.wav,4917b3ec0cdc99a34de83b1df29f8701000ed4f1e2ddc54efa8db1663e3fc8bd,960044,288780000,289260000,01dcb96a24a4cfc216b1384b47c5b0ff580ba1f320086987a77f27999c34596f,0,0,2f1960a8006c7171636bf34056c8c328dbb5f63276920c493748d615e81dda42,saved_rule_based,0.53
section_00_test_000379,test,target,normal,A,20260901T155741Z-0df85415b97c4d70844c7d69,20260901T155741Z-0df85415b97c4d70844c7d69-dg-7ef4e3096b6f-000132,4,none,none,fast,normal-fast-3,right,normal,clipped/audio_event_clean/normal/20260901T155741Z-0df85415b97c4d70844c7d69-dg-7ef4e3096b6f-000132_ch4.wav,3DPrinter/test/section_00_test_000379.wav,b6d44690fcca18c18c723ba41015ac384aa4ac2d55e601d4e93a9d552399baea,960044,292620000,293100000,01dcb96a24a4cfc216b1384b47c5b0ff580ba1f320086987a77f27999c34596f,0,0,2f1960a8006c7171636bf34056c8c328dbb5f63276920c493748d615e81dda42,saved_rule_based,0.53
section_00_test_000380,test,target,normal,A,20260901T155741Z-0df85415b97c4d70844c7d69,20260901T155741Z-0df85415b97c4d70844c7d69-dg-7ef4e3096b6f-000136,4,none,none,fast,normal-fast-3,right,normal,clipped/audio_event_clean/normal/20260901T155741Z-0df85415b97c4d70844c7d69-dg-7ef4e3096b6f-000136_ch4.wav,3DPrinter/test/section_00_test_000380.wav,6ba0a6a2cafaf0e56ad0afcbfa5cf3e57143f08f89e970cd8c9bbe42407de801,960044,294540000,295020000,01dcb96a24a4cfc216b1384b47c5b0ff580ba1f320086987a77f27999c34596f,0,0,2f1960a8006c7171636bf34056c8c328dbb5f63276920c493748d615e81dda42,saved_rule_based,0.53
section_00_test_000381,test,target,normal,A,20260901T155741Z-0df85415b97c4d70844c7d69,20260901T155741Z-0df85415b97c4d70844c7d69-dg-7ef4e3096b6f-000138,4,none,none,fast,normal-fast-3,right,normal,clipped/audio_event_clean/normal/20260901T155741Z-0df85415b97c4d70844c7d69-dg-7ef4e3096b6f-000138_ch4.wav,3DPrinter/test/section_00_test_000381.wav,4ee75c4872383841e2cf427f3d98151e3057ef31b55dcfd79bff19c551e7015e,960044,295500000,295980000,01dcb96a24a4cfc216b1384b47c5b0ff580ba1f320086987a77f27999c34596f,0,0,2f1960a8006c7171636bf34056c8c328dbb5f63276920c493748d615e81dda42,saved_rule_based,0.53
section_00_test_000382,test,target,normal,A,20260901T155741Z-0df85415b97c4d70844c7d69,20260901T155741Z-0df85415b97c4d70844c7d69-dg-7ef4e3096b6f-000139,4,none,none,fast,normal-fast-3,right,normal,clipped/audio_event_clean/normal/20260901T155741Z-0df85415b97c4d70844c7d69-dg-7ef4e3096b6f-000139_ch4.wav,3DPrinter/test/section_00_test_000382.wav,537776d22bfdaf974a74e974e28ec27f4f1e5aa2a08d10057a8babea4ae57b51,960044,295980000,296460000,01dcb96a24a4cfc216b1384b47c5b0ff580ba1f320086987a77f27999c34596f,0,0,2f1960a8006c7171636bf34056c8c328dbb5f63276920c493748d615e81dda42,saved_rule_based,0.53
section_00_test_000383,test,target,normal,A,20260901T155741Z-0df85415b97c4d70844c7d69,20260901T155741Z-0df85415b97c4d70844c7d69-dg-7ef4e3096b6f-000144,4,none,none,fast,normal-fast-3,right,normal,clipped/audio_event_clean/normal/20260901T155741Z-0df85415b97c4d70844c7d69-dg-7ef4e3096b6f-000144_ch4.wav,3DPrinter/test/section_00_test_000383.wav,9dc3928a40009198ff9dbc9bec71c0e74ae865885ea4f16637bff9156705b627,960044,298380000,298860000,01dcb96a24a4cfc216b1384b47c5b0ff580ba1f320086987a77f27999c34596f,0,0,2f1960a8006c7171636bf34056c8c328dbb5f63276920c493748d615e81dda42,saved_rule_based,0.53
section_00_test_000384,test,target,normal,A,20260901T155741Z-0df85415b97c4d70844c7d69,20260901T155741Z-0df85415b97c4d70844c7d69-dg-7ef4e3096b6f-000145,4,none,none,fast,normal-fast-3,right,normal,clipped/audio_event_clean/normal/20260901T155741Z-0df85415b97c4d70844c7d69-dg-7ef4e3096b6f-000145_ch4.wav,3DPrinter/test/section_00_test_000384.wav,01b6e87146460473e4618583b4742008783b7455232f989d87cb7dd7afff18b6,960044,298860000,299340000,01dcb96a24a4cfc216b1384b47c5b0ff580ba1f320086987a77f27999c34596f,0,0,2f1960a8006c7171636bf34056c8c328dbb5f63276920c493748d615e81dda42,saved_rule_based,0.53
section_00_test_000385,test,target,normal,A,20260901T155741Z-0df85415b97c4d70844c7d69,20260901T155741Z-0df85415b97c4d70844c7d69-dg-7ef4e3096b6f-000164,4,none,none,fast,normal-fast-3,right,normal,clipped/audio_event_clean/normal/20260901T155741Z-0df85415b97c4d70844c7d69-dg-7ef4e3096b6f-000164_ch4.wav,3DPrinter/test/section_00_test_000385.wav,4b0becdfd833a327be438ec4935f9a90d15655b18c157c8cb725b9cedc5f1d4c,960044,307980000,308460000,01dcb96a24a4cfc216b1384b47c5b0ff580ba1f320086987a77f27999c34596f,0,0,2f1960a8006c7171636bf34056c8c328dbb5f63276920c493748d615e81dda42,saved_rule_based,0.53
section_00_test_000386,test,target,normal,A,20260901T155741Z-0df85415b97c4d70844c7d69,20260901T155741Z-0df85415b97c4d70844c7d69-dg-7ef4e3096b6f-000165,4,none,none,fast,normal-fast-3,right,normal,clipped/audio_event_clean/normal/20260901T155741Z-0df85415b97c4d70844c7d69-dg-7ef4e3096b6f-000165_ch4.wav,3DPrinter/test/section_00_test_000386.wav,bdbc1d11a31d0833f6f027ff1d77482bd777a324dfa092ef08a951953dd0d99d,960044,308460000,308940000,01dcb96a24a4cfc216b1384b47c5b0ff580ba1f320086987a77f27999c34596f,0,0,2f1960a8006c7171636bf34056c8c328dbb5f63276920c493748d615e81dda42,saved_rule_based,0.53
section_00_test_000387,test,target,normal,A,20260901T155741Z-0df85415b97c4d70844c7d69,20260901T155741Z-0df85415b97c4d70844c7d69-dg-7ef4e3096b6f-000167,4,none,none,fast,normal-fast-3,right,normal,clipped/audio_event_clean/normal/20260901T155741Z-0df85415b97c4d70844c7d69-dg-7ef4e3096b6f-000167_ch4.wav,3DPrinter/test/section_00_test_000387.wav,bed63eeec81636aff23bbe7e668db6837866df3f502e6f8dc71291451f645e69,960044,309420000,309900000,01dcb96a24a4cfc216b1384b47c5b0ff580ba1f320086987a77f27999c34596f,0,0,2f1960a8006c7171636bf34056c8c328dbb5f63276920c493748d615e81dda42,saved_rule_based,0.53
section_00_test_000388,test,target,normal,A,20260901T155741Z-0df85415b97c4d70844c7d69,20260901T155741Z-0df85415b97c4d70844c7d69-dg-7ef4e3096b6f-000172,4,none,none,fast,normal-fast-3,right,normal,clipped/audio_event_clean/normal/20260901T155741Z-0df85415b97c4d70844c7d69-dg-7ef4e3096b6f-000172_ch4.wav,3DPrinter/test/section_00_test_000388.wav,a7f101a6cc30e3e9276f6150f8377889a1a3e0649a4366f4581893cc04e0d121,960044,311820000,312300000,01dcb96a24a4cfc216b1384b47c5b0ff580ba1f320086987a77f27999c34596f,0,0,2f1960a8006c7171636bf34056c8c328dbb5f63276920c493748d615e81dda42,saved_rule_based,0.53
section_00_test_000389,test,target,normal,A,20260901T155741Z-0df85415b97c4d70844c7d69,20260901T155741Z-0df85415b97c4d70844c7d69-dg-7ef4e3096b6f-000186,4,none,none,fast,normal-fast-3,right,normal,clipped/audio_event_clean/normal/20260901T155741Z-0df85415b97c4d70844c7d69-dg-7ef4e3096b6f-000186_ch4.wav,3DPrinter/test/section_00_test_000389.wav,07d849e1173a13fd0e02ceb47dfbc5c9a54075248fabef5499cebcb868b87fc7,960044,318540000,319020000,01dcb96a24a4cfc216b1384b47c5b0ff580ba1f320086987a77f27999c34596f,0,0,2f1960a8006c7171636bf34056c8c328dbb5f63276920c493748d615e81dda42,saved_rule_based,0.53
section_00_test_000390,test,target,normal,A,20260901T155741Z-0df85415b97c4d70844c7d69,20260901T155741Z-0df85415b97c4d70844c7d69-dg-7ef4e3096b6f-000190,4,none,none,fast,normal-fast-3,right,normal,clipped/audio_event_clean/normal/20260901T155741Z-0df85415b97c4d70844c7d69-dg-7ef4e3096b6f-000190_ch4.wav,3DPrinter/test/section_00_test_000390.wav,bd0482e3679b86a9824800fbb92405df58a2e546ba03656107f91137322fe497,960044,320460000,320940000,01dcb96a24a4cfc216b1384b47c5b0ff580ba1f320086987a77f27999c34596f,0,0,2f1960a8006c7171636bf34056c8c328dbb5f63276920c493748d615e81dda42,saved_rule_based,0.53
section_00_test_000391,test,target,normal,A,20260901T155741Z-0df85415b97c4d70844c7d69,20260901T155741Z-0df85415b97c4d70844c7d69-dg-7ef4e3096b6f-000194,4,none,none,fast,normal-fast-3,right,normal,clipped/audio_event_clean/normal/20260901T155741Z-0df85415b97c4d70844c7d69-dg-7ef4e3096b6f-000194_ch4.wav,3DPrinter/test/section_00_test_000391.wav,1579380d8d42dae1604f86ed63f94273e4417b475a4429bb8d80952aae76c6e0,960044,322380000,322860000,01dcb96a24a4cfc216b1384b47c5b0ff580ba1f320086987a77f27999c34596f,0,0,2f1960a8006c7171636bf34056c8c328dbb5f63276920c493748d615e81dda42,saved_rule_based,0.53
section_00_test_000392,test,target,normal,A,20260901T155741Z-0df85415b97c4d70844c7d69,20260901T155741Z-0df85415b97c4d70844c7d69-dg-7ef4e3096b6f-000196,4,none,none,fast,normal-fast-3,right,normal,clipped/audio_event_clean/normal/20260901T155741Z-0df85415b97c4d70844c7d69-dg-7ef4e3096b6f-000196_ch4.wav,3DPrinter/test/section_00_test_000392.wav,db1094587b338f7cb5dd5a825ef059ab15f185ed5be07f5852f405dd0aa071dd,960044,323340000,323820000,01dcb96a24a4cfc216b1384b47c5b0ff580ba1f320086987a77f27999c34596f,0,0,2f1960a8006c7171636bf34056c8c328dbb5f63276920c493748d615e81dda42,saved_rule_based,0.53
section_00_test_000393,test,target,normal,A,20260901T155741Z-0df85415b97c4d70844c7d69,20260901T155741Z-0df85415b97c4d70844c7d69-dg-7ef4e3096b6f-000204,4,none,none,fast,normal-fast-3,right,normal,clipped/audio_event_clean/normal/20260901T155741Z-0df85415b97c4d70844c7d69-dg-7ef4e3096b6f-000204_ch4.wav,3DPrinter/test/section_00_test_000393.wav,a11ce7a6f037d25345f6f9379c446e9638e29d4003cfa1f94a1e84eb275cf92b,960044,327180000,327660000,01dcb96a24a4cfc216b1384b47c5b0ff580ba1f320086987a77f27999c34596f,0,0,2f1960a8006c7171636bf34056c8c328dbb5f63276920c493748d615e81dda42,saved_rule_based,0.53
section_00_test_000394,test,target,normal,A,20260901T155741Z-0df85415b97c4d70844c7d69,20260901T155741Z-0df85415b97c4d70844c7d69-dg-7ef4e3096b6f-000208,4,none,none,fast,normal-fast-3,right,normal,clipped/audio_event_clean/normal/20260901T155741Z-0df85415b97c4d70844c7d69-dg-7ef4e3096b6f-000208_ch4.wav,3DPrinter/test/section_00_test_000394.wav,d46e919136f1d99542b1fd7b75e8f25e65c8b4aefd7b075867eed871a4c8f70c,960044,329100000,329580000,01dcb96a24a4cfc216b1384b47c5b0ff580ba1f320086987a77f27999c34596f,0,0,2f1960a8006c7171636bf34056c8c328dbb5f63276920c493748d615e81dda42,saved_rule_based,0.53
section_00_test_000395,test,target,normal,A,20260901T155741Z-0df85415b97c4d70844c7d69,20260901T155741Z-0df85415b97c4d70844c7d69-dg-7ef4e3096b6f-000210,4,none,none,fast,normal-fast-3,right,normal,clipped/audio_event_clean/normal/20260901T155741Z-0df85415b97c4d70844c7d69-dg-7ef4e3096b6f-000210_ch4.wav,3DPrinter/test/section_00_test_000395.wav,8c73e6fb33b7dd3d135ca8df39ca74566147e9b44df7174c1a9e41c8b74bcf18,960044,330060000,330540000,01dcb96a24a4cfc216b1384b47c5b0ff580ba1f320086987a77f27999c34596f,0,0,2f1960a8006c7171636bf34056c8c328dbb5f63276920c493748d615e81dda42,saved_rule_based,0.53
section_00_test_000396,test,target,normal,A,20260901T155741Z-0df85415b97c4d70844c7d69,20260901T155741Z-0df85415b97c4d70844c7d69-dg-7ef4e3096b6f-000211,4,none,none,fast,normal-fast-3,right,normal,clipped/audio_event_clean/normal/20260901T155741Z-0df85415b97c4d70844c7d69-dg-7ef4e3096b6f-000211_ch4.wav,3DPrinter/test/section_00_test_000396.wav,ba075398652fdc2fa4f5b2d5949ad5f0409a77dd886487db09656dcef5bd4ed6,960044,330540000,331020000,01dcb96a24a4cfc216b1384b47c5b0ff580ba1f320086987a77f27999c34596f,0,0,2f1960a8006c7171636bf34056c8c328dbb5f63276920c493748d615e81dda42,saved_rule_based,0.53
section_00_test_000397,test,target,normal,A,20260901T155741Z-0df85415b97c4d70844c7d69,20260901T155741Z-0df85415b97c4d70844c7d69-dg-7ef4e3096b6f-000213,4,none,none,fast,normal-fast-3,right,normal,clipped/audio_event_clean/normal/20260901T155741Z-0df85415b97c4d70844c7d69-dg-7ef4e3096b6f-000213_ch4.wav,3DPrinter/test/section_00_test_000397.wav,18e7e1842fc0e9dd38300389e475f993cc24fd7684b5bb8e06ad7ca2c5071083,960044,331500000,331980000,01dcb96a24a4cfc216b1384b47c5b0ff580ba1f320086987a77f27999c34596f,0,0,2f1960a8006c7171636bf34056c8c328dbb5f63276920c493748d615e81dda42,saved_rule_based,0.53
section_00_test_000398,test,target,normal,A,20260901T155741Z-0df85415b97c4d70844c7d69,20260901T155741Z-0df85415b97c4d70844c7d69-dg-7ef4e3096b6f-000215,4,none,none,fast,normal-fast-3,right,normal,clipped/audio_event_clean/normal/20260901T155741Z-0df85415b97c4d70844c7d69-dg-7ef4e3096b6f-000215_ch4.wav,3DPrinter/test/section_00_test_000398.wav,6eb094858c0c5a82749d22f7cf720d1b08b55e50440d29456962f6324f73ed30,960044,332460000,332940000,01dcb96a24a4cfc216b1384b47c5b0ff580ba1f320086987a77f27999c34596f,0,0,2f1960a8006c7171636bf34056c8c328dbb5f63276920c493748d615e81dda42,saved_rule_based,0.53
section_00_test_000399,test,target,normal,A,20260901T155741Z-0df85415b97c4d70844c7d69,20260901T155741Z-0df85415b97c4d70844c7d69-dg-7ef4e3096b6f-000217,4,none,none,fast,normal-fast-3,right,normal,clipped/audio_event_clean/normal/20260901T155741Z-0df85415b97c4d70844c7d69-dg-7ef4e3096b6f-000217_ch4.wav,3DPrinter/test/section_00_test_000399.wav,f29fccafd0562e6945b92cf51a0bd7af7cd7af6ce02e3e6213d4f7862f5d3e6b,960044,333420000,333900000,01dcb96a24a4cfc216b1384b47c5b0ff580ba1f320086987a77f27999c34596f,0,0,2f1960a8006c7171636bf34056c8c328dbb5f63276920c493748d615e81dda42,saved_rule_based,0.53
section_00_source_train_normal_000000,train,source,normal,B,20260904T163207Z-3a704ddd8de6a623badbc7e1,20260904T163207Z-3a704ddd8de6a623badbc7e1-dg-cd11374eb51a-000005,1,none,none,slow,normal-slow-1,rear,normal,clipped/audio_event_clean/normal/20260904T163207Z-3a704ddd8de6a623badbc7e1-dg-cd11374eb51a-000005_ch1.wav,3DPrinter/train/section_00_source_train_normal_000000.wav,d52aff81e36cdfef193d3848aebba58dfd19127e346e7865e881a931659397e0,960044,311080800,311560800,28c2eaad3353a03e6b407f92b09204b1bf97d1aa219009b7d21c4d701953e77f,0,0,802f3c261908f3e2e089368d45f0a944bfc163c5aff354242553bf974305ed1d,saved_rule_based,1.55
section_00_source_train_normal_000001,train,source,normal,B,20260904T163207Z-3a704ddd8de6a623badbc7e1,20260904T163207Z-3a704ddd8de6a623badbc7e1-dg-cd11374eb51a-000007,1,none,none,slow,normal-slow-1,rear,normal,clipped/audio_event_clean/normal/20260904T163207Z-3a704ddd8de6a623badbc7e1-dg-cd11374eb51a-000007_ch1.wav,3DPrinter/train/section_00_source_train_normal_000001.wav,d31b2452ee903c08dc3d1e8bfeb362a57d21240216254b4228fed0bc45106891,960044,312040800,312520800,28c2eaad3353a03e6b407f92b09204b1bf97d1aa219009b7d21c4d701953e77f,0,0,802f3c261908f3e2e089368d45f0a944bfc163c5aff354242553bf974305ed1d,saved_rule_based,1.55
section_00_source_train_normal_000002,train,source,normal,B,20260904T163207Z-3a704ddd8de6a623badbc7e1,20260904T163207Z-3a704ddd8de6a623badbc7e1-dg-cd11374eb51a-000008,1,none,none,slow,normal-slow-1,rear,normal,clipped/audio_event_clean/normal/20260904T163207Z-3a704ddd8de6a623badbc7e1-dg-cd11374eb51a-000008_ch1.wav,3DPrinter/train/section_00_source_train_normal_000002.wav,27e43a5f26b9ade0c98ce8f455fc8c6b7ae2fe69d2affb74025afab93c41ab55,960044,312520800,313000800,28c2eaad3353a03e6b407f92b09204b1bf97d1aa219009b7d21c4d701953e77f,0,0,802f3c261908f3e2e089368d45f0a944bfc163c5aff354242553bf974305ed1d,saved_rule_based,1.55
section_00_source_train_normal_000003,train,source,normal,B,20260904T163207Z-3a704ddd8de6a623badbc7e1,20260904T163207Z-3a704ddd8de6a623badbc7e1-dg-cd11374eb51a-000009,1,none,none,slow,normal-slow-1,rear,normal,clipped/audio_event_clean/normal/20260904T163207Z-3a704ddd8de6a623badbc7e1-dg-cd11374eb51a-000009_ch1.wav,3DPrinter/train/section_00_source_train_normal_000003.wav,d3dfb8f7b51ae4cd50c42470a08a5ce473507ae74bdf863a5e6a577cb34f4174,960044,313000800,313480800,28c2eaad3353a03e6b407f92b09204b1bf97d1aa219009b7d21c4d701953e77f,0,0,802f3c261908f3e2e089368d45f0a944bfc163c5aff354242553bf974305ed1d,saved_rule_based,1.55
section_00_source_train_normal_000004,train,source,normal,B,20260904T163207Z-3a704ddd8de6a623badbc7e1,20260904T163207Z-3a704ddd8de6a623badbc7e1-dg-cd11374eb51a-000010,1,none,none,slow,normal-slow-1,rear,normal,clipped/audio_event_clean/normal/20260904T163207Z-3a704ddd8de6a623badbc7e1-dg-cd11374eb51a-000010_ch1.wav,3DPrinter/train/section_00_source_train_normal_000004.wav,71768c2f02131fec482c8605bef86836997abb95ea3414c2cffd65e6903d6f94,960044,313480800,313960800,28c2eaad3353a03e6b407f92b09204b1bf97d1aa219009b7d21c4d701953e77f,0,0,802f3c261908f3e2e089368d45f0a944bfc163c5aff354242553bf974305ed1d,saved_rule_based,1.55
section_00_source_train_normal_000005,train,source,normal,B,20260904T163207Z-3a704ddd8de6a623badbc7e1,20260904T163207Z-3a704ddd8de6a623badbc7e1-dg-cd11374eb51a-000012,1,none,none,slow,normal-slow-1,rear,normal,clipped/audio_event_clean/normal/20260904T163207Z-3a704ddd8de6a623badbc7e1-dg-cd11374eb51a-000012_ch1.wav,3DPrinter/train/section_00_source_train_normal_000005.wav,489881f2209b10e461da33e2397e367225c13871c46a1af832530e29c4dcb7f5,960044,314440800,314920800,28c2eaad3353a03e6b407f92b09204b1bf97d1aa219009b7d21c4d701953e77f,0,0,802f3c261908f3e2e089368d45f0a944bfc163c5aff354242553bf974305ed1d,saved_rule_based,1.55
section_00_source_train_normal_000006,train,source,normal,B,20260904T163207Z-3a704ddd8de6a623badbc7e1,20260904T163207Z-3a704ddd8de6a623badbc7e1-dg-cd11374eb51a-000013,1,none,none,slow,normal-slow-1,rear,normal,clipped/audio_event_clean/normal/20260904T163207Z-3a704ddd8de6a623badbc7e1-dg-cd11374eb51a-000013_ch1.wav,3DPrinter/train/section_00_source_train_normal_000006.wav,74dcb3a01cc30b35e99a0280f13c3d04e486f2c2573021d65bf6b1fbf6abedcb,960044,314920800,315400800,28c2eaad3353a03e6b407f92b09204b1bf97d1aa219009b7d21c4d701953e77f,0,0,802f3c261908f3e2e089368d45f0a944bfc163c5aff354242553bf974305ed1d,saved_rule_based,1.55
section_00_source_train_normal_000007,train,source,normal,B,20260904T163207Z-3a704ddd8de6a623badbc7e1,20260904T163207Z-3a704ddd8de6a623badbc7e1-dg-cd11374eb51a-000014,1,none,none,slow,normal-slow-1,rear,normal,clipped/audio_event_clean/normal/20260904T163207Z-3a704ddd8de6a623badbc7e1-dg-cd11374eb51a-000014_ch1.wav,3DPrinter/train/section_00_source_train_normal_000007.wav,1a60d342d527a2deaa1fdd435f6d474bac21ab5155bc425b7db353ca1dc595d4,960044,315400800,315880800,28c2eaad3353a03e6b407f92b09204b1bf97d1aa219009b7d21c4d701953e77f,0,0,802f3c261908f3e2e089368d45f0a944bfc163c5aff354242553bf974305ed1d,saved_rule_based,1.55
section_00_source_train_normal_000008,train,source,normal,B,20260904T163207Z-3a704ddd8de6a623badbc7e1,20260904T163207Z-3a704ddd8de6a623badbc7e1-dg-cd11374eb51a-000015,1,none,none,slow,normal-slow-1,rear,normal,clipped/audio_event_clean/normal/20260904T163207Z-3a704ddd8de6a623badbc7e1-dg-cd11374eb51a-000015_ch1.wav,3DPrinter/train/section_00_source_train_normal_000008.wav,669befaaefdc59e95cff3d971540a9c8c1a58ef2a39625a511ca0a2940b62d14,960044,315880800,316360800,28c2eaad3353a03e6b407f92b09204b1bf97d1aa219009b7d21c4d701953e77f,0,0,802f3c261908f3e2e089368d45f0a944bfc163c5aff354242553bf974305ed1d,saved_rule_based,1.55
section_00_source_train_normal_000009,train,source,normal,B,20260904T163207Z-3a704ddd8de6a623badbc7e1,20260904T163207Z-3a704ddd8de6a623badbc7e1-dg-cd11374eb51a-000016,1,none,none,slow,normal-slow-1,rear,normal,clipped/audio_event_clean/normal/20260904T163207Z-3a704ddd8de6a623badbc7e1-dg-cd11374eb51a-000016_ch1.wav,3DPrinter/train/section_00_source_train_normal_000009.wav,cad169ccb9ce2963565ab6cbe00f4dc278fe358e0e6014277a18f50b27e48f60,960044,316360800,316840800,28c2eaad3353a03e6b407f92b09204b1bf97d1aa219009b7d21c4d701953e77f,0,0,802f3c261908f3e2e089368d45f0a944bfc163c5aff354242553bf974305ed1d,saved_rule_based,1.55
section_00_source_train_normal_000010,train,source,normal,B,20260904T163207Z-3a704ddd8de6a623badbc7e1,20260904T163207Z-3a704ddd8de6a623badbc7e1-dg-cd11374eb51a-000019,1,none,none,slow,normal-slow-1,rear,normal,clipped/audio_event_clean/normal/20260904T163207Z-3a704ddd8de6a623badbc7e1-dg-cd11374eb51a-000019_ch1.wav,3DPrinter/train/section_00_source_train_normal_000010.wav,2c03a540191f4e773bbfda6382c4e734049fd25acce6c6aae5d5102d3202a7ad,960044,317800800,318280800,28c2eaad3353a03e6b407f92b09204b1bf97d1aa219009b7d21c4d701953e77f,0,0,802f3c261908f3e2e089368d45f0a944bfc163c5aff354242553bf974305ed1d,saved_rule_based,1.55
section_00_source_train_normal_000011,train,source,normal,B,20260904T163207Z-3a704ddd8de6a623badbc7e1,20260904T163207Z-3a704ddd8de6a623badbc7e1-dg-cd11374eb51a-000020,1,none,none,slow,normal-slow-1,rear,normal,clipped/audio_event_clean/normal/20260904T163207Z-3a704ddd8de6a623badbc7e1-dg-cd11374eb51a-000020_ch1.wav,3DPrinter/train/section_00_source_train_normal_000011.wav,d53745599c4474502fc173c106d878da050d6d534f79217f6f73c16f7526123a,960044,318280800,318760800,28c2eaad3353a03e6b407f92b09204b1bf97d1aa219009b7d21c4d701953e77f,0,0,802f3c261908f3e2e089368d45f0a944bfc163c5aff354242553bf974305ed1d,saved_rule_based,1.55
section_00_source_train_normal_000012,train,source,normal,B,20260904T163207Z-3a704ddd8de6a623badbc7e1,20260904T163207Z-3a704ddd8de6a623badbc7e1-dg-cd11374eb51a-000021,1,none,none,slow,normal-slow-1,rear,normal,clipped/audio_event_clean/normal/20260904T163207Z-3a704ddd8de6a623badbc7e1-dg-cd11374eb51a-000021_ch1.wav,3DPrinter/train/section_00_source_train_normal_000012.wav,ad68f9d7d1266d375781e48af0674cba68c98c7f810220f8690cd020a9bbf720,960044,318760800,319240800,28c2eaad3353a03e6b407f92b09204b1bf97d1aa219009b7d21c4d701953e77f,0,0,802f3c261908f3e2e089368d45f0a944bfc163c5aff354242553bf974305ed1d,saved_rule_based,1.55
section_00_source_train_normal_000013,train,source,normal,B,20260904T163207Z-3a704ddd8de6a623badbc7e1,20260904T163207Z-3a704ddd8de6a623badbc7e1-dg-cd11374eb51a-000022,1,none,none,slow,normal-slow-1,rear,normal,clipped/audio_event_clean/normal/20260904T163207Z-3a704ddd8de6a623badbc7e1-dg-cd11374eb51a-000022_ch1.wav,3DPrinter/train/section_00_source_train_normal_000013.wav,0dd373a81b50c71b9a365c7031b6b2de48cf0c37e187f0d4ced0d192476dcc62,960044,319240800,319720800,28c2eaad3353a03e6b407f92b09204b1bf97d1aa219009b7d21c4d701953e77f,0,0,802f3c261908f3e2e089368d45f0a944bfc163c5aff354242553bf974305ed1d,saved_rule_based,1.55
section_00_source_train_normal_000014,train,source,normal,B,20260904T163207Z-3a704ddd8de6a623badbc7e1,20260904T163207Z-3a704ddd8de6a623badbc7e1-dg-cd11374eb51a-000023,1,none,none,slow,normal-slow-1,rear,normal,clipped/audio_event_clean/normal/20260904T163207Z-3a704ddd8de6a623badbc7e1-dg-cd11374eb51a-000023_ch1.wav,3DPrinter/train/section_00_source_train_normal_000014.wav,e4e7fc97c1255fdb2a2e6a83db707a8eefbe4acec915bf3d6b9be59751628563,960044,319720800,320200800,28c2eaad3353a03e6b407f92b09204b1bf97d1aa219009b7d21c4d701953e77f,0,0,802f3c261908f3e2e089368d45f0a944bfc163c5aff354242553bf974305ed1d,saved_rule_based,1.55
section_00_source_train_normal_000015,train,source,normal,B,20260904T163207Z-3a704ddd8de6a623badbc7e1,20260904T163207Z-3a704ddd8de6a623badbc7e1-dg-cd11374eb51a-000027,1,none,none,slow,normal-slow-1,rear,normal,clipped/audio_event_clean/normal/20260904T163207Z-3a704ddd8de6a623badbc7e1-dg-cd11374eb51a-000027_ch1.wav,3DPrinter/train/section_00_source_train_normal_000015.wav,7a7477f50dd6123c11f8e81f1af12bb69d012b625262caeaed68aad27d3099b4,960044,321640800,322120800,28c2eaad3353a03e6b407f92b09204b1bf97d1aa219009b7d21c4d701953e77f,0,0,802f3c261908f3e2e089368d45f0a944bfc163c5aff354242553bf974305ed1d,saved_rule_based,1.55
section_00_source_train_normal_000016,train,source,normal,B,20260904T163207Z-3a704ddd8de6a623badbc7e1,20260904T163207Z-3a704ddd8de6a623badbc7e1-dg-cd11374eb51a-000030,1,none,none,slow,normal-slow-1,rear,normal,clipped/audio_event_clean/normal/20260904T163207Z-3a704ddd8de6a623badbc7e1-dg-cd11374eb51a-000030_ch1.wav,3DPrinter/train/section_00_source_train_normal_000016.wav,f52b436de8f63577dd1680e6c9b4d28c258e33a399ee33a15dac023b80d91b9a,960044,323080800,323560800,28c2eaad3353a03e6b407f92b09204b1bf97d1aa219009b7d21c4d701953e77f,0,0,802f3c261908f3e2e089368d45f0a944bfc163c5aff354242553bf974305ed1d,saved_rule_based,1.55
section_00_source_train_normal_000017,train,source,normal,B,20260904T163207Z-3a704ddd8de6a623badbc7e1,20260904T163207Z-3a704ddd8de6a623badbc7e1-dg-cd11374eb51a-000032,1,none,none,slow,normal-slow-1,rear,normal,clipped/audio_event_clean/normal/20260904T163207Z-3a704ddd8de6a623badbc7e1-dg-cd11374eb51a-000032_ch1.wav,3DPrinter/train/section_00_source_train_normal_000017.wav,d81457f21d093f8f4ff499e0308270019b0d91671ee9cd05b395ef742a94d184,960044,324040800,324520800,28c2eaad3353a03e6b407f92b09204b1bf97d1aa219009b7d21c4d701953e77f,0,0,802f3c261908f3e2e089368d45f0a944bfc163c5aff354242553bf974305ed1d,saved_rule_based,1.55
section_00_source_train_normal_000018,train,source,normal,B,20260904T163207Z-3a704ddd8de6a623badbc7e1,20260904T163207Z-3a704ddd8de6a623badbc7e1-dg-cd11374eb51a-000033,1,none,none,slow,normal-slow-1,rear,normal,clipped/audio_event_clean/normal/20260904T163207Z-3a704ddd8de6a623badbc7e1-dg-cd11374eb51a-000033_ch1.wav,3DPrinter/train/section_00_source_train_normal_000018.wav,6eb80a511b2a8c317fb8089538a6dac1394b209ef8c1bb0395fe8c5df29e469b,960044,324520800,325000800,28c2eaad3353a03e6b407f92b09204b1bf97d1aa219009b7d21c4d701953e77f,0,0,802f3c261908f3e2e089368d45f0a944bfc163c5aff354242553bf974305ed1d,saved_rule_based,1.55
section_00_source_train_normal_000019,train,source,normal,B,20260904T163207Z-3a704ddd8de6a623badbc7e1,20260904T163207Z-3a704ddd8de6a623badbc7e1-dg-cd11374eb51a-000034,1,none,none,slow,normal-slow-1,rear,normal,clipped/audio_event_clean/normal/20260904T163207Z-3a704ddd8de6a623badbc7e1-dg-cd11374eb51a-000034_ch1.wav,3DPrinter/train/section_00_source_train_normal_000019.wav,b44746084f2a5d50f5a8792f0b468f3fc458044c86140d729ac7d647d59c496e,960044,325000800,325480800,28c2eaad3353a03e6b407f92b09204b1bf97d1aa219009b7d21c4d701953e77f,0,0,802f3c261908f3e2e089368d45f0a944bfc163c5aff354242553bf974305ed1d,saved_rule_based,1.55
section_00_source_train_normal_000020,train,source,normal,B,20260904T163207Z-3a704ddd8de6a623badbc7e1,20260904T163207Z-3a704ddd8de6a623badbc7e1-dg-cd11374eb51a-000040,1,none,none,slow,normal-slow-1,rear,normal,clipped/audio_event_clean/normal/20260904T163207Z-3a704ddd8de6a623badbc7e1-dg-cd11374eb51a-000040_ch1.wav,3DPrinter/train/section_00_source_train_normal_000020.wav,e6c5b8ebb2a5d67176ca1d5c8b6a967feccfe8d78e77e4e346f74d86fdc7daa7,960044,327880800,328360800,28c2eaad3353a03e6b407f92b09204b1bf97d1aa219009b7d21c4d701953e77f,0,0,802f3c261908f3e2e089368d45f0a944bfc163c5aff354242553bf974305ed1d,saved_rule_based,1.55
section_00_source_train_normal_000021,train,source,normal,B,20260904T163207Z-3a704ddd8de6a623badbc7e1,20260904T163207Z-3a704ddd8de6a623badbc7e1-dg-cd11374eb51a-000041,1,none,none,slow,normal-slow-1,rear,normal,clipped/audio_event_clean/normal/20260904T163207Z-3a704ddd8de6a623badbc7e1-dg-cd11374eb51a-000041_ch1.wav,3DPrinter/train/section_00_source_train_normal_000021.wav,ec22e9eb4372c6bf92e38195868838fa377b226677b1494b318c1f0820259b3a,960044,328360800,328840800,28c2eaad3353a03e6b407f92b09204b1bf97d1aa219009b7d21c4d701953e77f,0,0,802f3c261908f3e2e089368d45f0a944bfc163c5aff354242553bf974305ed1d,saved_rule_based,1.55
section_00_source_train_normal_000022,train,source,normal,B,20260904T163207Z-3a704ddd8de6a623badbc7e1,20260904T163207Z-3a704ddd8de6a623badbc7e1-dg-cd11374eb51a-000043,1,none,none,slow,normal-slow-1,rear,normal,clipped/audio_event_clean/normal/20260904T163207Z-3a704ddd8de6a623badbc7e1-dg-cd11374eb51a-000043_ch1.wav,3DPrinter/train/section_00_source_train_normal_000022.wav,4e541ba340ab64ba1c9817eeab8de678e5565421c9c7d4114d1e0cd76883cfd8,960044,329320800,329800800,28c2eaad3353a03e6b407f92b09204b1bf97d1aa219009b7d21c4d701953e77f,0,0,802f3c261908f3e2e089368d45f0a944bfc163c5aff354242553bf974305ed1d,saved_rule_based,1.55
section_00_source_train_normal_000023,train,source,normal,B,20260904T163207Z-3a704ddd8de6a623badbc7e1,20260904T163207Z-3a704ddd8de6a623badbc7e1-dg-cd11374eb51a-000046,1,none,none,slow,normal-slow-1,rear,normal,clipped/audio_event_clean/normal/20260904T163207Z-3a704ddd8de6a623badbc7e1-dg-cd11374eb51a-000046_ch1.wav,3DPrinter/train/section_00_source_train_normal_000023.wav,ad9ca1fecc99eccbd93feb77bc0b07ff1e8051a8eac5adeac16334af3a4f01f6,960044,330760800,331240800,28c2eaad3353a03e6b407f92b09204b1bf97d1aa219009b7d21c4d701953e77f,0,0,802f3c261908f3e2e089368d45f0a944bfc163c5aff354242553bf974305ed1d,saved_rule_based,1.55
section_00_source_train_normal_000024,train,source,normal,B,20260904T163207Z-3a704ddd8de6a623badbc7e1,20260904T163207Z-3a704ddd8de6a623badbc7e1-dg-cd11374eb51a-000048,1,none,none,slow,normal-slow-1,rear,normal,clipped/audio_event_clean/normal/20260904T163207Z-3a704ddd8de6a623badbc7e1-dg-cd11374eb51a-000048_ch1.wav,3DPrinter/train/section_00_source_train_normal_000024.wav,2b6697860343683ac66cd6d7bc7515d4a42fafd08c6aa7f56253428e3de6f456,960044,331720800,332200800,28c2eaad3353a03e6b407f92b09204b1bf97d1aa219009b7d21c4d701953e77f,0,0,802f3c261908f3e2e089368d45f0a944bfc163c5aff354242553bf974305ed1d,saved_rule_based,1.55
section_00_source_train_normal_000025,train,source,normal,B,20260904T163207Z-3a704ddd8de6a623badbc7e1,20260904T163207Z-3a704ddd8de6a623badbc7e1-dg-cd11374eb51a-000051,1,none,none,slow,normal-slow-1,rear,normal,clipped/audio_event_clean/normal/20260904T163207Z-3a704ddd8de6a623badbc7e1-dg-cd11374eb51a-000051_ch1.wav,3DPrinter/train/section_00_source_train_normal_000025.wav,5bcb1fa3f08afc71d741cfa2d1401e1e684d424a84c267f52740810fcf84f893,960044,333160800,333640800,28c2eaad3353a03e6b407f92b09204b1bf97d1aa219009b7d21c4d701953e77f,0,0,802f3c261908f3e2e089368d45f0a944bfc163c5aff354242553bf974305ed1d,saved_rule_based,1.55
section_00_source_train_normal_000026,train,source,normal,B,20260904T163207Z-3a704ddd8de6a623badbc7e1,20260904T163207Z-3a704ddd8de6a623badbc7e1-dg-cd11374eb51a-000055,1,none,none,slow,normal-slow-1,rear,normal,clipped/audio_event_clean/normal/20260904T163207Z-3a704ddd8de6a623badbc7e1-dg-cd11374eb51a-000055_ch1.wav,3DPrinter/train/section_00_source_train_normal_000026.wav,fc9673e32bd7e643ff618fad1a328bbc48b6e714867d8a4476450e68739e1932,960044,335080800,335560800,28c2eaad3353a03e6b407f92b09204b1bf97d1aa219009b7d21c4d701953e77f,0,0,802f3c261908f3e2e089368d45f0a944bfc163c5aff354242553bf974305ed1d,saved_rule_based,1.55
section_00_source_train_normal_000027,train,source,normal,B,20260904T163207Z-3a704ddd8de6a623badbc7e1,20260904T163207Z-3a704ddd8de6a623badbc7e1-dg-cd11374eb51a-000058,1,none,none,slow,normal-slow-1,rear,normal,clipped/audio_event_clean/normal/20260904T163207Z-3a704ddd8de6a623badbc7e1-dg-cd11374eb51a-000058_ch1.wav,3DPrinter/train/section_00_source_train_normal_000027.wav,037d7849c9b0737b988a8239f54575f3e908def9ba1240c5f650d41c86127539,960044,336520800,337000800,28c2eaad3353a03e6b407f92b09204b1bf97d1aa219009b7d21c4d701953e77f,0,0,802f3c261908f3e2e089368d45f0a944bfc163c5aff354242553bf974305ed1d,saved_rule_based,1.55
section_00_source_train_normal_000028,train,source,normal,B,20260904T163207Z-3a704ddd8de6a623badbc7e1,20260904T163207Z-3a704ddd8de6a623badbc7e1-dg-cd11374eb51a-000059,1,none,none,slow,normal-slow-1,rear,normal,clipped/audio_event_clean/normal/20260904T163207Z-3a704ddd8de6a623badbc7e1-dg-cd11374eb51a-000059_ch1.wav,3DPrinter/train/section_00_source_train_normal_000028.wav,98681a8134d24de63e78f355a5ee11fdc42bf55eb6975586d3eea1ce5ef9bbfe,960044,337000800,337480800,28c2eaad3353a03e6b407f92b09204b1bf97d1aa219009b7d21c4d701953e77f,0,0,802f3c261908f3e2e089368d45f0a944bfc163c5aff354242553bf974305ed1d,saved_rule_based,1.55
section_00_source_train_normal_000029,train,source,normal,B,20260904T163207Z-3a704ddd8de6a623badbc7e1,20260904T163207Z-3a704ddd8de6a623badbc7e1-dg-cd11374eb51a-000060,1,none,none,slow,normal-slow-1,rear,normal,clipped/audio_event_clean/normal/20260904T163207Z-3a704ddd8de6a623badbc7e1-dg-cd11374eb51a-000060_ch1.wav,3DPrinter/train/section_00_source_train_normal_000029.wav,55eb6ef3b9ce207b97c29d2706c632cbf81c79f571b45839d2a8887d0367bd37,960044,337480800,337960800,28c2eaad3353a03e6b407f92b09204b1bf97d1aa219009b7d21c4d701953e77f,0,0,802f3c261908f3e2e089368d45f0a944bfc163c5aff354242553bf974305ed1d,saved_rule_based,1.55
section_00_source_train_normal_000030,train,source,normal,B,20260904T163207Z-3a704ddd8de6a623badbc7e1,20260904T163207Z-3a704ddd8de6a623badbc7e1-dg-cd11374eb51a-000064,1,none,none,slow,normal-slow-1,rear,normal,clipped/audio_event_clean/normal/20260904T163207Z-3a704ddd8de6a623badbc7e1-dg-cd11374eb51a-000064_ch1.wav,3DPrinter/train/section_00_source_train_normal_000030.wav,932e331195f7ade50950966e5f50357f3697d70ad179f44a950c2e973640e2b2,960044,339400800,339880800,28c2eaad3353a03e6b407f92b09204b1bf97d1aa219009b7d21c4d701953e77f,0,0,802f3c261908f3e2e089368d45f0a944bfc163c5aff354242553bf974305ed1d,saved_rule_based,1.55
section_00_source_train_normal_000031,train,source,normal,B,20260904T163207Z-3a704ddd8de6a623badbc7e1,20260904T163207Z-3a704ddd8de6a623badbc7e1-dg-cd11374eb51a-000066,1,none,none,slow,normal-slow-1,rear,normal,clipped/audio_event_clean/normal/20260904T163207Z-3a704ddd8de6a623badbc7e1-dg-cd11374eb51a-000066_ch1.wav,3DPrinter/train/section_00_source_train_normal_000031.wav,492c965b8d77817ca9b01d797e65a322f76d8565f5c19197c96a94351d680eb4,960044,340360800,340840800,28c2eaad3353a03e6b407f92b09204b1bf97d1aa219009b7d21c4d701953e77f,0,0,802f3c261908f3e2e089368d45f0a944bfc163c5aff354242553bf974305ed1d,saved_rule_based,1.55
section_00_source_train_normal_000032,train,source,normal,B,20260904T163207Z-3a704ddd8de6a623badbc7e1,20260904T163207Z-3a704ddd8de6a623badbc7e1-dg-cd11374eb51a-000078,1,none,none,slow,normal-slow-1,rear,normal,clipped/audio_event_clean/normal/20260904T163207Z-3a704ddd8de6a623badbc7e1-dg-cd11374eb51a-000078_ch1.wav,3DPrinter/train/section_00_source_train_normal_000032.wav,2a5d45536b63b83319e5677b46cb8c7a30850f16c15909e2b12b60a8423b1d73,960044,346120800,346600800,28c2eaad3353a03e6b407f92b09204b1bf97d1aa219009b7d21c4d701953e77f,0,0,802f3c261908f3e2e089368d45f0a944bfc163c5aff354242553bf974305ed1d,saved_rule_based,1.55
section_00_source_train_normal_000033,train,source,normal,B,20260904T163207Z-3a704ddd8de6a623badbc7e1,20260904T163207Z-3a704ddd8de6a623badbc7e1-dg-cd11374eb51a-000079,1,none,none,slow,normal-slow-1,rear,normal,clipped/audio_event_clean/normal/20260904T163207Z-3a704ddd8de6a623badbc7e1-dg-cd11374eb51a-000079_ch1.wav,3DPrinter/train/section_00_source_train_normal_000033.wav,8781ae2774950921826543e84e978bc194ba95b42ec24b6afa866977b48cc4fb,960044,346600800,347080800,28c2eaad3353a03e6b407f92b09204b1bf97d1aa219009b7d21c4d701953e77f,0,0,802f3c261908f3e2e089368d45f0a944bfc163c5aff354242553bf974305ed1d,saved_rule_based,1.55
section_00_source_train_normal_000034,train,source,normal,B,20260904T163207Z-3a704ddd8de6a623badbc7e1,20260904T163207Z-3a704ddd8de6a623badbc7e1-dg-cd11374eb51a-000080,1,none,none,slow,normal-slow-1,rear,normal,clipped/audio_event_clean/normal/20260904T163207Z-3a704ddd8de6a623badbc7e1-dg-cd11374eb51a-000080_ch1.wav,3DPrinter/train/section_00_source_train_normal_000034.wav,37d7162f9108650dc395742866ea935bd643a2ce0ff965bfb85c94e6054952a0,960044,347080800,347560800,28c2eaad3353a03e6b407f92b09204b1bf97d1aa219009b7d21c4d701953e77f,0,0,802f3c261908f3e2e089368d45f0a944bfc163c5aff354242553bf974305ed1d,saved_rule_based,1.55
section_00_source_train_normal_000035,train,source,normal,B,20260904T163207Z-3a704ddd8de6a623badbc7e1,20260904T163207Z-3a704ddd8de6a623badbc7e1-dg-cd11374eb51a-000081,1,none,none,slow,normal-slow-1,rear,normal,clipped/audio_event_clean/normal/20260904T163207Z-3a704ddd8de6a623badbc7e1-dg-cd11374eb51a-000081_ch1.wav,3DPrinter/train/section_00_source_train_normal_000035.wav,dcb61c59f71e1ba94073a62d802ab600c2e90557b4f840f507a7c85ac5790270,960044,347560800,348040800,28c2eaad3353a03e6b407f92b09204b1bf97d1aa219009b7d21c4d701953e77f,0,0,802f3c261908f3e2e089368d45f0a944bfc163c5aff354242553bf974305ed1d,saved_rule_based,1.55
section_00_source_train_normal_000036,train,source,normal,B,20260904T163207Z-3a704ddd8de6a623badbc7e1,20260904T163207Z-3a704ddd8de6a623badbc7e1-dg-cd11374eb51a-000089,1,none,none,slow,normal-slow-1,rear,normal,clipped/audio_event_clean/normal/20260904T163207Z-3a704ddd8de6a623badbc7e1-dg-cd11374eb51a-000089_ch1.wav,3DPrinter/train/section_00_source_train_normal_000036.wav,1e9e21fe1389948c96e4deb49ee1e9fd7e90542e13f50aeaf4de0f9ab4875d64,960044,351400800,351880800,28c2eaad3353a03e6b407f92b09204b1bf97d1aa219009b7d21c4d701953e77f,0,0,802f3c261908f3e2e089368d45f0a944bfc163c5aff354242553bf974305ed1d,saved_rule_based,1.55
section_00_source_train_normal_000037,train,source,normal,B,20260904T163207Z-3a704ddd8de6a623badbc7e1,20260904T163207Z-3a704ddd8de6a623badbc7e1-dg-cd11374eb51a-000090,1,none,none,slow,normal-slow-1,rear,normal,clipped/audio_event_clean/normal/20260904T163207Z-3a704ddd8de6a623badbc7e1-dg-cd11374eb51a-000090_ch1.wav,3DPrinter/train/section_00_source_train_normal_000037.wav,42ce6f8d556008f766fb3dcdd949b94e3496c8746fc2b7b22a6887fdaeceb403,960044,351880800,352360800,28c2eaad3353a03e6b407f92b09204b1bf97d1aa219009b7d21c4d701953e77f,0,0,802f3c261908f3e2e089368d45f0a944bfc163c5aff354242553bf974305ed1d,saved_rule_based,1.55
section_00_source_train_normal_000038,train,source,normal,B,20260904T163207Z-3a704ddd8de6a623badbc7e1,20260904T163207Z-3a704ddd8de6a623badbc7e1-dg-cd11374eb51a-000092,1,none,none,slow,normal-slow-1,rear,normal,clipped/audio_event_clean/normal/20260904T163207Z-3a704ddd8de6a623badbc7e1-dg-cd11374eb51a-000092_ch1.wav,3DPrinter/train/section_00_source_train_normal_000038.wav,646e6e192af485e3fd80f52f0151c44f8d84e12141d0ba88d5fca912580860bd,960044,352840800,353320800,28c2eaad3353a03e6b407f92b09204b1bf97d1aa219009b7d21c4d701953e77f,0,0,802f3c261908f3e2e089368d45f0a944bfc163c5aff354242553bf974305ed1d,saved_rule_based,1.55
section_00_source_train_normal_000039,train,source,normal,B,20260904T163207Z-3a704ddd8de6a623badbc7e1,20260904T163207Z-3a704ddd8de6a623badbc7e1-dg-cd11374eb51a-000097,1,none,none,slow,normal-slow-1,rear,normal,clipped/audio_event_clean/normal/20260904T163207Z-3a704ddd8de6a623badbc7e1-dg-cd11374eb51a-000097_ch1.wav,3DPrinter/train/section_00_source_train_normal_000039.wav,343be9a791f7c3e59b72ad3b8d5d8c5b34a2a4891ba7e6795a9c229fcc2ba9bf,960044,355240800,355720800,28c2eaad3353a03e6b407f92b09204b1bf97d1aa219009b7d21c4d701953e77f,0,0,802f3c261908f3e2e089368d45f0a944bfc163c5aff354242553bf974305ed1d,saved_rule_based,1.55
section_00_source_train_normal_000040,train,source,normal,B,20260904T163207Z-3a704ddd8de6a623badbc7e1,20260904T163207Z-3a704ddd8de6a623badbc7e1-dg-cd11374eb51a-000098,1,none,none,slow,normal-slow-1,rear,normal,clipped/audio_event_clean/normal/20260904T163207Z-3a704ddd8de6a623badbc7e1-dg-cd11374eb51a-000098_ch1.wav,3DPrinter/train/section_00_source_train_normal_000040.wav,e146f46f08abd7bf12fe55588f4245e593ee97643ee4092a03aeb5113d2621d7,960044,355720800,356200800,28c2eaad3353a03e6b407f92b09204b1bf97d1aa219009b7d21c4d701953e77f,0,0,802f3c261908f3e2e089368d45f0a944bfc163c5aff354242553bf974305ed1d,saved_rule_based,1.55
section_00_source_train_normal_000041,train,source,normal,B,20260904T163207Z-3a704ddd8de6a623badbc7e1,20260904T163207Z-3a704ddd8de6a623badbc7e1-dg-cd11374eb51a-000105,1,none,none,slow,normal-slow-1,rear,normal,clipped/audio_event_clean/normal/20260904T163207Z-3a704ddd8de6a623badbc7e1-dg-cd11374eb51a-000105_ch1.wav,3DPrinter/train/section_00_source_train_normal_000041.wav,b2ed535069e095c534e5cf79ad00373bac42fa94e03874973ff5a6ceb13524ca,960044,359080800,359560800,28c2eaad3353a03e6b407f92b09204b1bf97d1aa219009b7d21c4d701953e77f,0,0,802f3c261908f3e2e089368d45f0a944bfc163c5aff354242553bf974305ed1d,saved_rule_based,1.55
section_00_source_train_normal_000042,train,source,normal,B,20260904T163207Z-3a704ddd8de6a623badbc7e1,20260904T163207Z-3a704ddd8de6a623badbc7e1-dg-cd11374eb51a-000107,1,none,none,slow,normal-slow-1,rear,normal,clipped/audio_event_clean/normal/20260904T163207Z-3a704ddd8de6a623badbc7e1-dg-cd11374eb51a-000107_ch1.wav,3DPrinter/train/section_00_source_train_normal_000042.wav,8aadda19c2954274ab01290bdd6c074cf00c65721551ff6b8e2f73154d824493,960044,360040800,360520800,28c2eaad3353a03e6b407f92b09204b1bf97d1aa219009b7d21c4d701953e77f,0,0,802f3c261908f3e2e089368d45f0a944bfc163c5aff354242553bf974305ed1d,saved_rule_based,1.55
section_00_source_train_normal_000043,train,source,normal,B,20260904T163207Z-3a704ddd8de6a623badbc7e1,20260904T163207Z-3a704ddd8de6a623badbc7e1-dg-cd11374eb51a-000108,1,none,none,slow,normal-slow-1,rear,normal,clipped/audio_event_clean/normal/20260904T163207Z-3a704ddd8de6a623badbc7e1-dg-cd11374eb51a-000108_ch1.wav,3DPrinter/train/section_00_source_train_normal_000043.wav,e8f79d5b3879405af3a07ec7d967bd8e8bac5f5da59b08b7068e338957c629cf,960044,360520800,361000800,28c2eaad3353a03e6b407f92b09204b1bf97d1aa219009b7d21c4d701953e77f,0,0,802f3c261908f3e2e089368d45f0a944bfc163c5aff354242553bf974305ed1d,saved_rule_based,1.55
section_00_source_train_normal_000044,train,source,normal,B,20260904T163207Z-3a704ddd8de6a623badbc7e1,20260904T163207Z-3a704ddd8de6a623badbc7e1-dg-cd11374eb51a-000109,1,none,none,slow,normal-slow-1,rear,normal,clipped/audio_event_clean/normal/20260904T163207Z-3a704ddd8de6a623badbc7e1-dg-cd11374eb51a-000109_ch1.wav,3DPrinter/train/section_00_source_train_normal_000044.wav,43f68762ba77e031733687c510ccb06319fffdfac0746b8078c2be3a6012c36d,960044,361000800,361480800,28c2eaad3353a03e6b407f92b09204b1bf97d1aa219009b7d21c4d701953e77f,0,0,802f3c261908f3e2e089368d45f0a944bfc163c5aff354242553bf974305ed1d,saved_rule_based,1.55
section_00_source_train_normal_000045,train,source,normal,B,20260904T163207Z-3a704ddd8de6a623badbc7e1,20260904T163207Z-3a704ddd8de6a623badbc7e1-dg-cd11374eb51a-000111,1,none,none,slow,normal-slow-1,rear,normal,clipped/audio_event_clean/normal/20260904T163207Z-3a704ddd8de6a623badbc7e1-dg-cd11374eb51a-000111_ch1.wav,3DPrinter/train/section_00_source_train_normal_000045.wav,2af57816b6193be224871225772fa6f7f31b150b52e062f178de4aca53db3aef,960044,361960800,362440800,28c2eaad3353a03e6b407f92b09204b1bf97d1aa219009b7d21c4d701953e77f,0,0,802f3c261908f3e2e089368d45f0a944bfc163c5aff354242553bf974305ed1d,saved_rule_based,1.55
section_00_source_train_normal_000046,train,source,normal,B,20260904T163207Z-3a704ddd8de6a623badbc7e1,20260904T163207Z-3a704ddd8de6a623badbc7e1-dg-cd11374eb51a-000113,1,none,none,slow,normal-slow-1,rear,normal,clipped/audio_event_clean/normal/20260904T163207Z-3a704ddd8de6a623badbc7e1-dg-cd11374eb51a-000113_ch1.wav,3DPrinter/train/section_00_source_train_normal_000046.wav,966453664da640672edd828c91513b1454fe9cf3fa0ac536a986b6028a0bafc5,960044,362920800,363400800,28c2eaad3353a03e6b407f92b09204b1bf97d1aa219009b7d21c4d701953e77f,0,0,802f3c261908f3e2e089368d45f0a944bfc163c5aff354242553bf974305ed1d,saved_rule_based,1.55
section_00_source_train_normal_000047,train,source,normal,B,20260904T163207Z-3a704ddd8de6a623badbc7e1,20260904T163207Z-3a704ddd8de6a623badbc7e1-dg-cd11374eb51a-000117,1,none,none,slow,normal-slow-1,rear,normal,clipped/audio_event_clean/normal/20260904T163207Z-3a704ddd8de6a623badbc7e1-dg-cd11374eb51a-000117_ch1.wav,3DPrinter/train/section_00_source_train_normal_000047.wav,c8eb6be0ea9e81947f33b6b4cde577c3322c66b92cebfb5f28a4170cc0d392be,960044,364840800,365320800,28c2eaad3353a03e6b407f92b09204b1bf97d1aa219009b7d21c4d701953e77f,0,0,802f3c261908f3e2e089368d45f0a944bfc163c5aff354242553bf974305ed1d,saved_rule_based,1.55
section_00_source_train_normal_000048,train,source,normal,B,20260904T163207Z-3a704ddd8de6a623badbc7e1,20260904T163207Z-3a704ddd8de6a623badbc7e1-dg-cd11374eb51a-000118,1,none,none,slow,normal-slow-1,rear,normal,clipped/audio_event_clean/normal/20260904T163207Z-3a704ddd8de6a623badbc7e1-dg-cd11374eb51a-000118_ch1.wav,3DPrinter/train/section_00_source_train_normal_000048.wav,0e2166992b8c5163ec0b5092163e75d5e9b450bd88818f57c62b9c47e16c1907,960044,365320800,365800800,28c2eaad3353a03e6b407f92b09204b1bf97d1aa219009b7d21c4d701953e77f,0,0,802f3c261908f3e2e089368d45f0a944bfc163c5aff354242553bf974305ed1d,saved_rule_based,1.55
section_00_source_train_normal_000049,train,source,normal,B,20260904T163207Z-3a704ddd8de6a623badbc7e1,20260904T163207Z-3a704ddd8de6a623badbc7e1-dg-cd11374eb51a-000119,1,none,none,slow,normal-slow-1,rear,normal,clipped/audio_event_clean/normal/20260904T163207Z-3a704ddd8de6a623badbc7e1-dg-cd11374eb51a-000119_ch1.wav,3DPrinter/train/section_00_source_train_normal_000049.wav,7ca601864af42172e76e24ebef037ae1cb0640602fc3d90cc140f153af69a6f0,960044,365800800,366280800,28c2eaad3353a03e6b407f92b09204b1bf97d1aa219009b7d21c4d701953e77f,0,0,802f3c261908f3e2e089368d45f0a944bfc163c5aff354242553bf974305ed1d,saved_rule_based,1.55
section_00_source_train_normal_000050,train,source,normal,B,20260904T163207Z-3a704ddd8de6a623badbc7e1,20260904T163207Z-3a704ddd8de6a623badbc7e1-dg-cd11374eb51a-000121,1,none,none,slow,normal-slow-1,rear,normal,clipped/audio_event_clean/normal/20260904T163207Z-3a704ddd8de6a623badbc7e1-dg-cd11374eb51a-000121_ch1.wav,3DPrinter/train/section_00_source_train_normal_000050.wav,04b94b415a48d00beee2a0bd8696b323d3fd6775939c017f92096e4737dfd72a,960044,366760800,367240800,28c2eaad3353a03e6b407f92b09204b1bf97d1aa219009b7d21c4d701953e77f,0,0,802f3c261908f3e2e089368d45f0a944bfc163c5aff354242553bf974305ed1d,saved_rule_based,1.55
section_00_source_train_normal_000051,train,source,normal,B,20260904T163207Z-3a704ddd8de6a623badbc7e1,20260904T163207Z-3a704ddd8de6a623badbc7e1-dg-cd11374eb51a-000127,1,none,none,slow,normal-slow-1,rear,normal,clipped/audio_event_clean/normal/20260904T163207Z-3a704ddd8de6a623badbc7e1-dg-cd11374eb51a-000127_ch1.wav,3DPrinter/train/section_00_source_train_normal_000051.wav,fb3314e268a507b76b8477e444a6de11c551d6e54123e635d86a389ead70654f,960044,369640800,370120800,28c2eaad3353a03e6b407f92b09204b1bf97d1aa219009b7d21c4d701953e77f,0,0,802f3c261908f3e2e089368d45f0a944bfc163c5aff354242553bf974305ed1d,saved_rule_based,1.55
section_00_source_train_normal_000052,train,source,normal,B,20260904T163207Z-3a704ddd8de6a623badbc7e1,20260904T163207Z-3a704ddd8de6a623badbc7e1-dg-cd11374eb51a-000128,1,none,none,slow,normal-slow-1,rear,normal,clipped/audio_event_clean/normal/20260904T163207Z-3a704ddd8de6a623badbc7e1-dg-cd11374eb51a-000128_ch1.wav,3DPrinter/train/section_00_source_train_normal_000052.wav,4831973c24cab498be571e25aee82b879a66e34437edf02e4e4b9ba0cbc369a4,960044,370120800,370600800,28c2eaad3353a03e6b407f92b09204b1bf97d1aa219009b7d21c4d701953e77f,0,0,802f3c261908f3e2e089368d45f0a944bfc163c5aff354242553bf974305ed1d,saved_rule_based,1.55
section_00_source_train_normal_000053,train,source,normal,B,20260904T163207Z-3a704ddd8de6a623badbc7e1,20260904T163207Z-3a704ddd8de6a623badbc7e1-dg-cd11374eb51a-000130,1,none,none,slow,normal-slow-1,rear,normal,clipped/audio_event_clean/normal/20260904T163207Z-3a704ddd8de6a623badbc7e1-dg-cd11374eb51a-000130_ch1.wav,3DPrinter/train/section_00_source_train_normal_000053.wav,a7bf96a3682e9d872423e5983e57e5c1c1ffe63cec7fc63084b151df3f7af486,960044,371080800,371560800,28c2eaad3353a03e6b407f92b09204b1bf97d1aa219009b7d21c4d701953e77f,0,0,802f3c261908f3e2e089368d45f0a944bfc163c5aff354242553bf974305ed1d,saved_rule_based,1.55
section_00_source_train_normal_000054,train,source,normal,B,20260904T163207Z-3a704ddd8de6a623badbc7e1,20260904T163207Z-3a704ddd8de6a623badbc7e1-dg-cd11374eb51a-000134,1,none,none,slow,normal-slow-1,rear,normal,clipped/audio_event_clean/normal/20260904T163207Z-3a704ddd8de6a623badbc7e1-dg-cd11374eb51a-000134_ch1.wav,3DPrinter/train/section_00_source_train_normal_000054.wav,094c5dcbb3178829aeb24ff2b2897311d6f23f368eebd98c4d819093edfffc80,960044,373000800,373480800,28c2eaad3353a03e6b407f92b09204b1bf97d1aa219009b7d21c4d701953e77f,0,0,802f3c261908f3e2e089368d45f0a944bfc163c5aff354242553bf974305ed1d,saved_rule_based,1.55
section_00_source_train_normal_000055,train,source,normal,B,20260904T163207Z-3a704ddd8de6a623badbc7e1,20260904T163207Z-3a704ddd8de6a623badbc7e1-dg-cd11374eb51a-000138,1,none,none,slow,normal-slow-1,rear,normal,clipped/audio_event_clean/normal/20260904T163207Z-3a704ddd8de6a623badbc7e1-dg-cd11374eb51a-000138_ch1.wav,3DPrinter/train/section_00_source_train_normal_000055.wav,5d61dac69ffb46855f53d6b97c0e1a8abeaafcc0ea8fba70fd0d0951e59c2701,960044,374920800,375400800,28c2eaad3353a03e6b407f92b09204b1bf97d1aa219009b7d21c4d701953e77f,0,0,802f3c261908f3e2e089368d45f0a944bfc163c5aff354242553bf974305ed1d,saved_rule_based,1.55
section_00_source_train_normal_000056,train,source,normal,B,20260904T163207Z-3a704ddd8de6a623badbc7e1,20260904T163207Z-3a704ddd8de6a623badbc7e1-dg-cd11374eb51a-000140,1,none,none,slow,normal-slow-1,rear,normal,clipped/audio_event_clean/normal/20260904T163207Z-3a704ddd8de6a623badbc7e1-dg-cd11374eb51a-000140_ch1.wav,3DPrinter/train/section_00_source_train_normal_000056.wav,a37da9d7d7cddeb31c1563472da921f626ca004928dc4836bdb8146a758185ec,960044,375880800,376360800,28c2eaad3353a03e6b407f92b09204b1bf97d1aa219009b7d21c4d701953e77f,0,0,802f3c261908f3e2e089368d45f0a944bfc163c5aff354242553bf974305ed1d,saved_rule_based,1.55
section_00_source_train_normal_000057,train,source,normal,B,20260904T163207Z-3a704ddd8de6a623badbc7e1,20260904T163207Z-3a704ddd8de6a623badbc7e1-dg-cd11374eb51a-000144,1,none,none,slow,normal-slow-1,rear,normal,clipped/audio_event_clean/normal/20260904T163207Z-3a704ddd8de6a623badbc7e1-dg-cd11374eb51a-000144_ch1.wav,3DPrinter/train/section_00_source_train_normal_000057.wav,2d02c357419b3be69bd37056b6ae6b9ca51d2ff863250f1dd4677fb042cb8682,960044,377800800,378280800,28c2eaad3353a03e6b407f92b09204b1bf97d1aa219009b7d21c4d701953e77f,0,0,802f3c261908f3e2e089368d45f0a944bfc163c5aff354242553bf974305ed1d,saved_rule_based,1.55
section_00_source_train_normal_000058,train,source,normal,B,20260904T163207Z-3a704ddd8de6a623badbc7e1,20260904T163207Z-3a704ddd8de6a623badbc7e1-dg-cd11374eb51a-000148,1,none,none,slow,normal-slow-1,rear,normal,clipped/audio_event_clean/normal/20260904T163207Z-3a704ddd8de6a623badbc7e1-dg-cd11374eb51a-000148_ch1.wav,3DPrinter/train/section_00_source_train_normal_000058.wav,152be21ebdf7e9c600c912075ebe32336ecca96bea807804d4b1c9a3926e4175,960044,379720800,380200800,28c2eaad3353a03e6b407f92b09204b1bf97d1aa219009b7d21c4d701953e77f,0,0,802f3c261908f3e2e089368d45f0a944bfc163c5aff354242553bf974305ed1d,saved_rule_based,1.55
section_00_source_train_normal_000059,train,source,normal,B,20260904T163207Z-3a704ddd8de6a623badbc7e1,20260904T163207Z-3a704ddd8de6a623badbc7e1-dg-cd11374eb51a-000151,1,none,none,slow,normal-slow-1,rear,normal,clipped/audio_event_clean/normal/20260904T163207Z-3a704ddd8de6a623badbc7e1-dg-cd11374eb51a-000151_ch1.wav,3DPrinter/train/section_00_source_train_normal_000059.wav,91ba39f4ebdf694a8d26e133acd575506229b3de4883e9d432979b409c26b2fb,960044,381160800,381640800,28c2eaad3353a03e6b407f92b09204b1bf97d1aa219009b7d21c4d701953e77f,0,0,802f3c261908f3e2e089368d45f0a944bfc163c5aff354242553bf974305ed1d,saved_rule_based,1.55
section_00_source_train_normal_000060,train,source,normal,B,20260904T163207Z-3a704ddd8de6a623badbc7e1,20260904T163207Z-3a704ddd8de6a623badbc7e1-dg-cd11374eb51a-000153,1,none,none,slow,normal-slow-1,rear,normal,clipped/audio_event_clean/normal/20260904T163207Z-3a704ddd8de6a623badbc7e1-dg-cd11374eb51a-000153_ch1.wav,3DPrinter/train/section_00_source_train_normal_000060.wav,2b6151b99b06b55cc2c78531b11ca6a46446371efd57d886a4604d3f58e212cd,960044,382120800,382600800,28c2eaad3353a03e6b407f92b09204b1bf97d1aa219009b7d21c4d701953e77f,0,0,802f3c261908f3e2e089368d45f0a944bfc163c5aff354242553bf974305ed1d,saved_rule_based,1.55
section_00_source_train_normal_000061,train,source,normal,B,20260904T163207Z-3a704ddd8de6a623badbc7e1,20260904T163207Z-3a704ddd8de6a623badbc7e1-dg-cd11374eb51a-000154,1,none,none,slow,normal-slow-1,rear,normal,clipped/audio_event_clean/normal/20260904T163207Z-3a704ddd8de6a623badbc7e1-dg-cd11374eb51a-000154_ch1.wav,3DPrinter/train/section_00_source_train_normal_000061.wav,311bf433cd5635641ee6b3b699165482331e65d1d4974ae2473da56409f3f69f,960044,382600800,383080800,28c2eaad3353a03e6b407f92b09204b1bf97d1aa219009b7d21c4d701953e77f,0,0,802f3c261908f3e2e089368d45f0a944bfc163c5aff354242553bf974305ed1d,saved_rule_based,1.55
section_00_source_train_normal_000062,train,source,normal,B,20260904T163207Z-3a704ddd8de6a623badbc7e1,20260904T163207Z-3a704ddd8de6a623badbc7e1-dg-cd11374eb51a-000155,1,none,none,slow,normal-slow-1,rear,normal,clipped/audio_event_clean/normal/20260904T163207Z-3a704ddd8de6a623badbc7e1-dg-cd11374eb51a-000155_ch1.wav,3DPrinter/train/section_00_source_train_normal_000062.wav,f9a690efdd1650b033c2798cd6cc9dd16e2e16bf1b4bcfe942973e224a8f8e55,960044,383080800,383560800,28c2eaad3353a03e6b407f92b09204b1bf97d1aa219009b7d21c4d701953e77f,0,0,802f3c261908f3e2e089368d45f0a944bfc163c5aff354242553bf974305ed1d,saved_rule_based,1.55
section_00_source_train_normal_000063,train,source,normal,B,20260904T163207Z-3a704ddd8de6a623badbc7e1,20260904T163207Z-3a704ddd8de6a623badbc7e1-dg-cd11374eb51a-000161,1,none,none,slow,normal-slow-1,rear,normal,clipped/audio_event_clean/normal/20260904T163207Z-3a704ddd8de6a623badbc7e1-dg-cd11374eb51a-000161_ch1.wav,3DPrinter/train/section_00_source_train_normal_000063.wav,f19b5aa8dca90de7ecae3f018060396e0ce1af23c2f886a6abfad77db858f993,960044,385960800,386440800,28c2eaad3353a03e6b407f92b09204b1bf97d1aa219009b7d21c4d701953e77f,0,0,802f3c261908f3e2e089368d45f0a944bfc163c5aff354242553bf974305ed1d,saved_rule_based,1.55
section_00_source_train_normal_000064,train,source,normal,B,20260904T163207Z-3a704ddd8de6a623badbc7e1,20260904T163207Z-3a704ddd8de6a623badbc7e1-dg-cd11374eb51a-000163,1,none,none,slow,normal-slow-1,rear,normal,clipped/audio_event_clean/normal/20260904T163207Z-3a704ddd8de6a623badbc7e1-dg-cd11374eb51a-000163_ch1.wav,3DPrinter/train/section_00_source_train_normal_000064.wav,2fc45b65cbe3aa74380e589108e5f6e9f51f3eec31125bc9ff453ec33f34f5e6,960044,386920800,387400800,28c2eaad3353a03e6b407f92b09204b1bf97d1aa219009b7d21c4d701953e77f,0,0,802f3c261908f3e2e089368d45f0a944bfc163c5aff354242553bf974305ed1d,saved_rule_based,1.55
section_00_source_train_normal_000065,train,source,normal,B,20260904T163207Z-3a704ddd8de6a623badbc7e1,20260904T163207Z-3a704ddd8de6a623badbc7e1-dg-cd11374eb51a-000167,1,none,none,slow,normal-slow-1,rear,normal,clipped/audio_event_clean/normal/20260904T163207Z-3a704ddd8de6a623badbc7e1-dg-cd11374eb51a-000167_ch1.wav,3DPrinter/train/section_00_source_train_normal_000065.wav,3bb8a99841f09950e97900a60560dc131af663484b048c3727b0ec05981e04ba,960044,388840800,389320800,28c2eaad3353a03e6b407f92b09204b1bf97d1aa219009b7d21c4d701953e77f,0,0,802f3c261908f3e2e089368d45f0a944bfc163c5aff354242553bf974305ed1d,saved_rule_based,1.55
section_00_source_train_normal_000066,train,source,normal,B,20260904T163207Z-3a704ddd8de6a623badbc7e1,20260904T163207Z-3a704ddd8de6a623badbc7e1-dg-cd11374eb51a-000168,1,none,none,slow,normal-slow-1,rear,normal,clipped/audio_event_clean/normal/20260904T163207Z-3a704ddd8de6a623badbc7e1-dg-cd11374eb51a-000168_ch1.wav,3DPrinter/train/section_00_source_train_normal_000066.wav,8beccf389a6c37270626dc60c5f66f777670846f2e3f382653b0c1bbe70382a8,960044,389320800,389800800,28c2eaad3353a03e6b407f92b09204b1bf97d1aa219009b7d21c4d701953e77f,0,0,802f3c261908f3e2e089368d45f0a944bfc163c5aff354242553bf974305ed1d,saved_rule_based,1.55
section_00_source_train_normal_000067,train,source,normal,B,20260904T163207Z-3a704ddd8de6a623badbc7e1,20260904T163207Z-3a704ddd8de6a623badbc7e1-dg-cd11374eb51a-000171,1,none,none,slow,normal-slow-1,rear,normal,clipped/audio_event_clean/normal/20260904T163207Z-3a704ddd8de6a623badbc7e1-dg-cd11374eb51a-000171_ch1.wav,3DPrinter/train/section_00_source_train_normal_000067.wav,65c44485a57471b33476ba937477b3c68911ee5933c95dc10a122f88c4b9f2c5,960044,390760800,391240800,28c2eaad3353a03e6b407f92b09204b1bf97d1aa219009b7d21c4d701953e77f,0,0,802f3c261908f3e2e089368d45f0a944bfc163c5aff354242553bf974305ed1d,saved_rule_based,1.55
section_00_source_train_normal_000068,train,source,normal,B,20260904T163207Z-3a704ddd8de6a623badbc7e1,20260904T163207Z-3a704ddd8de6a623badbc7e1-dg-cd11374eb51a-000172,1,none,none,slow,normal-slow-1,rear,normal,clipped/audio_event_clean/normal/20260904T163207Z-3a704ddd8de6a623badbc7e1-dg-cd11374eb51a-000172_ch1.wav,3DPrinter/train/section_00_source_train_normal_000068.wav,121e9e14b0e174b3642f0c82a96908609ecb32cc48919dec10e23685f7d10e30,960044,391240800,391720800,28c2eaad3353a03e6b407f92b09204b1bf97d1aa219009b7d21c4d701953e77f,0,0,802f3c261908f3e2e089368d45f0a944bfc163c5aff354242553bf974305ed1d,saved_rule_based,1.55
section_00_source_train_normal_000069,train,source,normal,B,20260904T163207Z-3a704ddd8de6a623badbc7e1,20260904T163207Z-3a704ddd8de6a623badbc7e1-dg-cd11374eb51a-000173,1,none,none,slow,normal-slow-1,rear,normal,clipped/audio_event_clean/normal/20260904T163207Z-3a704ddd8de6a623badbc7e1-dg-cd11374eb51a-000173_ch1.wav,3DPrinter/train/section_00_source_train_normal_000069.wav,c6a1d5577a5c60b3da9995e6ff925f2951868c3f9dcd29baf6f04ba788a96556,960044,391720800,392200800,28c2eaad3353a03e6b407f92b09204b1bf97d1aa219009b7d21c4d701953e77f,0,0,802f3c261908f3e2e089368d45f0a944bfc163c5aff354242553bf974305ed1d,saved_rule_based,1.55
section_00_source_train_normal_000070,train,source,normal,B,20260904T163207Z-3a704ddd8de6a623badbc7e1,20260904T163207Z-3a704ddd8de6a623badbc7e1-dg-cd11374eb51a-000174,1,none,none,slow,normal-slow-1,rear,normal,clipped/audio_event_clean/normal/20260904T163207Z-3a704ddd8de6a623badbc7e1-dg-cd11374eb51a-000174_ch1.wav,3DPrinter/train/section_00_source_train_normal_000070.wav,b6bfa0a989a63597ccecbea27881c5eccbd66b9cd3a7e5370df152572cace200,960044,392200800,392680800,28c2eaad3353a03e6b407f92b09204b1bf97d1aa219009b7d21c4d701953e77f,0,0,802f3c261908f3e2e089368d45f0a944bfc163c5aff354242553bf974305ed1d,saved_rule_based,1.55
section_00_source_train_normal_000071,train,source,normal,B,20260904T163207Z-3a704ddd8de6a623badbc7e1,20260904T163207Z-3a704ddd8de6a623badbc7e1-dg-cd11374eb51a-000175,1,none,none,slow,normal-slow-1,rear,normal,clipped/audio_event_clean/normal/20260904T163207Z-3a704ddd8de6a623badbc7e1-dg-cd11374eb51a-000175_ch1.wav,3DPrinter/train/section_00_source_train_normal_000071.wav,001a9cd93b68b4b4a0644a2abda274c2aa88fb9bdbf35b49d97bf33acbbebf97,960044,392680800,393160800,28c2eaad3353a03e6b407f92b09204b1bf97d1aa219009b7d21c4d701953e77f,0,0,802f3c261908f3e2e089368d45f0a944bfc163c5aff354242553bf974305ed1d,saved_rule_based,1.55
section_00_source_train_normal_000072,train,source,normal,B,20260904T163207Z-3a704ddd8de6a623badbc7e1,20260904T163207Z-3a704ddd8de6a623badbc7e1-dg-cd11374eb51a-000176,1,none,none,slow,normal-slow-1,rear,normal,clipped/audio_event_clean/normal/20260904T163207Z-3a704ddd8de6a623badbc7e1-dg-cd11374eb51a-000176_ch1.wav,3DPrinter/train/section_00_source_train_normal_000072.wav,1d96df24fa459dce823aa7317c3aef4f4e33dd2c6bb943494823fa43cddc4929,960044,393160800,393640800,28c2eaad3353a03e6b407f92b09204b1bf97d1aa219009b7d21c4d701953e77f,0,0,802f3c261908f3e2e089368d45f0a944bfc163c5aff354242553bf974305ed1d,saved_rule_based,1.55
section_00_source_train_normal_000073,train,source,normal,B,20260904T163207Z-3a704ddd8de6a623badbc7e1,20260904T163207Z-3a704ddd8de6a623badbc7e1-dg-cd11374eb51a-000177,1,none,none,slow,normal-slow-1,rear,normal,clipped/audio_event_clean/normal/20260904T163207Z-3a704ddd8de6a623badbc7e1-dg-cd11374eb51a-000177_ch1.wav,3DPrinter/train/section_00_source_train_normal_000073.wav,400d1eac2e27ee1bf4264ab39a39663e46eabe4df3a44dd693a775e6d8d46ccf,960044,393640800,394120800,28c2eaad3353a03e6b407f92b09204b1bf97d1aa219009b7d21c4d701953e77f,0,0,802f3c261908f3e2e089368d45f0a944bfc163c5aff354242553bf974305ed1d,saved_rule_based,1.55
section_00_source_train_normal_000074,train,source,normal,B,20260904T163207Z-3a704ddd8de6a623badbc7e1,20260904T163207Z-3a704ddd8de6a623badbc7e1-dg-cd11374eb51a-000179,1,none,none,slow,normal-slow-1,rear,normal,clipped/audio_event_clean/normal/20260904T163207Z-3a704ddd8de6a623badbc7e1-dg-cd11374eb51a-000179_ch1.wav,3DPrinter/train/section_00_source_train_normal_000074.wav,ca22f56dbfec17a639a555f9f9e57d1ee81d301b7a07525cdeceb653452ee629,960044,394600800,395080800,28c2eaad3353a03e6b407f92b09204b1bf97d1aa219009b7d21c4d701953e77f,0,0,802f3c261908f3e2e089368d45f0a944bfc163c5aff354242553bf974305ed1d,saved_rule_based,1.55
section_00_source_train_normal_000075,train,source,normal,B,20260904T163207Z-3a704ddd8de6a623badbc7e1,20260904T163207Z-3a704ddd8de6a623badbc7e1-dg-cd11374eb51a-000180,1,none,none,slow,normal-slow-1,rear,normal,clipped/audio_event_clean/normal/20260904T163207Z-3a704ddd8de6a623badbc7e1-dg-cd11374eb51a-000180_ch1.wav,3DPrinter/train/section_00_source_train_normal_000075.wav,74e9b15f6b03d115dc07c8b9026a06f72d5efc055c6b7279b19e61bbc6bd1040,960044,395080800,395560800,28c2eaad3353a03e6b407f92b09204b1bf97d1aa219009b7d21c4d701953e77f,0,0,802f3c261908f3e2e089368d45f0a944bfc163c5aff354242553bf974305ed1d,saved_rule_based,1.55
section_00_source_train_normal_000076,train,source,normal,B,20260904T163207Z-3a704ddd8de6a623badbc7e1,20260904T163207Z-3a704ddd8de6a623badbc7e1-dg-cd11374eb51a-000183,1,none,none,slow,normal-slow-1,rear,normal,clipped/audio_event_clean/normal/20260904T163207Z-3a704ddd8de6a623badbc7e1-dg-cd11374eb51a-000183_ch1.wav,3DPrinter/train/section_00_source_train_normal_000076.wav,9bef25377215a945710004d86525f483ca4e0abaf43925662bfe32f6734f7f42,960044,396520800,397000800,28c2eaad3353a03e6b407f92b09204b1bf97d1aa219009b7d21c4d701953e77f,0,0,802f3c261908f3e2e089368d45f0a944bfc163c5aff354242553bf974305ed1d,saved_rule_based,1.55
section_00_source_train_normal_000077,train,source,normal,B,20260904T163207Z-3a704ddd8de6a623badbc7e1,20260904T163207Z-3a704ddd8de6a623badbc7e1-dg-cd11374eb51a-000188,1,none,none,slow,normal-slow-1,rear,normal,clipped/audio_event_clean/normal/20260904T163207Z-3a704ddd8de6a623badbc7e1-dg-cd11374eb51a-000188_ch1.wav,3DPrinter/train/section_00_source_train_normal_000077.wav,1ec830e3205fba2ce47ff9a3b43d1248eb4ac025570f5e7b1e5c040ffa35d6ae,960044,398920800,399400800,28c2eaad3353a03e6b407f92b09204b1bf97d1aa219009b7d21c4d701953e77f,0,0,802f3c261908f3e2e089368d45f0a944bfc163c5aff354242553bf974305ed1d,saved_rule_based,1.55
section_00_source_train_normal_000078,train,source,normal,B,20260904T163207Z-3a704ddd8de6a623badbc7e1,20260904T163207Z-3a704ddd8de6a623badbc7e1-dg-cd11374eb51a-000189,1,none,none,slow,normal-slow-1,rear,normal,clipped/audio_event_clean/normal/20260904T163207Z-3a704ddd8de6a623badbc7e1-dg-cd11374eb51a-000189_ch1.wav,3DPrinter/train/section_00_source_train_normal_000078.wav,539e1fb3ad28765bf538b440c2df5fbb02f6a8ef4e6fc03a6c68867e6ef46580,960044,399400800,399880800,28c2eaad3353a03e6b407f92b09204b1bf97d1aa219009b7d21c4d701953e77f,0,0,802f3c261908f3e2e089368d45f0a944bfc163c5aff354242553bf974305ed1d,saved_rule_based,1.55
section_00_source_train_normal_000079,train,source,normal,B,20260904T163207Z-3a704ddd8de6a623badbc7e1,20260904T163207Z-3a704ddd8de6a623badbc7e1-dg-cd11374eb51a-000192,1,none,none,slow,normal-slow-1,rear,normal,clipped/audio_event_clean/normal/20260904T163207Z-3a704ddd8de6a623badbc7e1-dg-cd11374eb51a-000192_ch1.wav,3DPrinter/train/section_00_source_train_normal_000079.wav,f5964a1b2db6e6f99d6bf4a65dced1e8b8034c54f1caf8392c2e87f5690ee55d,960044,400840800,401320800,28c2eaad3353a03e6b407f92b09204b1bf97d1aa219009b7d21c4d701953e77f,0,0,802f3c261908f3e2e089368d45f0a944bfc163c5aff354242553bf974305ed1d,saved_rule_based,1.55
section_00_source_train_normal_000080,train,source,normal,B,20260904T163207Z-3a704ddd8de6a623badbc7e1,20260904T163207Z-3a704ddd8de6a623badbc7e1-dg-cd11374eb51a-000194,1,none,none,slow,normal-slow-1,rear,normal,clipped/audio_event_clean/normal/20260904T163207Z-3a704ddd8de6a623badbc7e1-dg-cd11374eb51a-000194_ch1.wav,3DPrinter/train/section_00_source_train_normal_000080.wav,788034f822c89de166744fc80a268e9db3f41797a9719073060b845de00e7c8a,960044,401800800,402280800,28c2eaad3353a03e6b407f92b09204b1bf97d1aa219009b7d21c4d701953e77f,0,0,802f3c261908f3e2e089368d45f0a944bfc163c5aff354242553bf974305ed1d,saved_rule_based,1.55
section_00_source_train_normal_000081,train,source,normal,B,20260904T163207Z-3a704ddd8de6a623badbc7e1,20260904T163207Z-3a704ddd8de6a623badbc7e1-dg-cd11374eb51a-000195,1,none,none,slow,normal-slow-1,rear,normal,clipped/audio_event_clean/normal/20260904T163207Z-3a704ddd8de6a623badbc7e1-dg-cd11374eb51a-000195_ch1.wav,3DPrinter/train/section_00_source_train_normal_000081.wav,b733a1d38ff3e20203c627d5ca7db1513d5bb59dd000ce8334503617cc33aa9b,960044,402280800,402760800,28c2eaad3353a03e6b407f92b09204b1bf97d1aa219009b7d21c4d701953e77f,0,0,802f3c261908f3e2e089368d45f0a944bfc163c5aff354242553bf974305ed1d,saved_rule_based,1.55
section_00_source_train_normal_000082,train,source,normal,B,20260904T163207Z-3a704ddd8de6a623badbc7e1,20260904T163207Z-3a704ddd8de6a623badbc7e1-dg-cd11374eb51a-000203,1,none,none,slow,normal-slow-1,rear,normal,clipped/audio_event_clean/normal/20260904T163207Z-3a704ddd8de6a623badbc7e1-dg-cd11374eb51a-000203_ch1.wav,3DPrinter/train/section_00_source_train_normal_000082.wav,7d180e8677e0d12f904d6991a96f7ca7ab8f1f54cd064a3beabb6744177917fe,960044,406120800,406600800,28c2eaad3353a03e6b407f92b09204b1bf97d1aa219009b7d21c4d701953e77f,0,0,802f3c261908f3e2e089368d45f0a944bfc163c5aff354242553bf974305ed1d,saved_rule_based,1.55
section_00_source_train_normal_000083,train,source,normal,B,20260904T163207Z-3a704ddd8de6a623badbc7e1,20260904T163207Z-3a704ddd8de6a623badbc7e1-dg-cd11374eb51a-000204,1,none,none,slow,normal-slow-1,rear,normal,clipped/audio_event_clean/normal/20260904T163207Z-3a704ddd8de6a623badbc7e1-dg-cd11374eb51a-000204_ch1.wav,3DPrinter/train/section_00_source_train_normal_000083.wav,b2f8d219864dcc67c0e4d4c2b211afae722e2e61895dc9b58f6eead8bca8409e,960044,406600800,407080800,28c2eaad3353a03e6b407f92b09204b1bf97d1aa219009b7d21c4d701953e77f,0,0,802f3c261908f3e2e089368d45f0a944bfc163c5aff354242553bf974305ed1d,saved_rule_based,1.55
section_00_source_train_normal_000084,train,source,normal,B,20260904T163207Z-3a704ddd8de6a623badbc7e1,20260904T163207Z-3a704ddd8de6a623badbc7e1-dg-cd11374eb51a-000208,1,none,none,slow,normal-slow-1,rear,normal,clipped/audio_event_clean/normal/20260904T163207Z-3a704ddd8de6a623badbc7e1-dg-cd11374eb51a-000208_ch1.wav,3DPrinter/train/section_00_source_train_normal_000084.wav,4e5b1ff8cbbbecf619d71bc8985dbf6272939b1dc9031dde3813caf962e70f4d,960044,408520800,409000800,28c2eaad3353a03e6b407f92b09204b1bf97d1aa219009b7d21c4d701953e77f,0,0,802f3c261908f3e2e089368d45f0a944bfc163c5aff354242553bf974305ed1d,saved_rule_based,1.55
section_00_source_train_normal_000085,train,source,normal,B,20260904T163207Z-3a704ddd8de6a623badbc7e1,20260904T163207Z-3a704ddd8de6a623badbc7e1-dg-cd11374eb51a-000211,1,none,none,slow,normal-slow-1,rear,normal,clipped/audio_event_clean/normal/20260904T163207Z-3a704ddd8de6a623badbc7e1-dg-cd11374eb51a-000211_ch1.wav,3DPrinter/train/section_00_source_train_normal_000085.wav,ddfd4671ca9f83bd5711ee66fffa9a93b7fcc4ab903d294e3e7ee2a7e9147a42,960044,409960800,410440800,28c2eaad3353a03e6b407f92b09204b1bf97d1aa219009b7d21c4d701953e77f,0,0,802f3c261908f3e2e089368d45f0a944bfc163c5aff354242553bf974305ed1d,saved_rule_based,1.55
section_00_source_train_normal_000086,train,source,normal,B,20260904T163207Z-3a704ddd8de6a623badbc7e1,20260904T163207Z-3a704ddd8de6a623badbc7e1-dg-cd11374eb51a-000216,1,none,none,slow,normal-slow-1,rear,normal,clipped/audio_event_clean/normal/20260904T163207Z-3a704ddd8de6a623badbc7e1-dg-cd11374eb51a-000216_ch1.wav,3DPrinter/train/section_00_source_train_normal_000086.wav,1c5f3f3314ccc0f8fe4edef3fe5110dc80d021fd5dd42ccf20e75181c8943a32,960044,412360800,412840800,28c2eaad3353a03e6b407f92b09204b1bf97d1aa219009b7d21c4d701953e77f,0,0,802f3c261908f3e2e089368d45f0a944bfc163c5aff354242553bf974305ed1d,saved_rule_based,1.55
section_00_source_train_normal_000087,train,source,normal,B,20260904T163207Z-3a704ddd8de6a623badbc7e1,20260904T163207Z-3a704ddd8de6a623badbc7e1-dg-cd11374eb51a-000217,1,none,none,slow,normal-slow-1,rear,normal,clipped/audio_event_clean/normal/20260904T163207Z-3a704ddd8de6a623badbc7e1-dg-cd11374eb51a-000217_ch1.wav,3DPrinter/train/section_00_source_train_normal_000087.wav,eb9e08a11a0af2e971f21c4cf868ddd514c2983383958310c0cbd698b3007600,960044,412840800,413320800,28c2eaad3353a03e6b407f92b09204b1bf97d1aa219009b7d21c4d701953e77f,0,0,802f3c261908f3e2e089368d45f0a944bfc163c5aff354242553bf974305ed1d,saved_rule_based,1.55
section_00_source_train_normal_000088,train,source,normal,B,20260904T163207Z-3a704ddd8de6a623badbc7e1,20260904T163207Z-3a704ddd8de6a623badbc7e1-dg-cd11374eb51a-000218,1,none,none,slow,normal-slow-1,rear,normal,clipped/audio_event_clean/normal/20260904T163207Z-3a704ddd8de6a623badbc7e1-dg-cd11374eb51a-000218_ch1.wav,3DPrinter/train/section_00_source_train_normal_000088.wav,47f4c0a05a86e4b251bc3721396a26ea3701f751447af60cb3758d2c168d3b3c,960044,413320800,413800800,28c2eaad3353a03e6b407f92b09204b1bf97d1aa219009b7d21c4d701953e77f,0,0,802f3c261908f3e2e089368d45f0a944bfc163c5aff354242553bf974305ed1d,saved_rule_based,1.55
section_00_source_train_normal_000089,train,source,normal,B,20260904T163207Z-3a704ddd8de6a623badbc7e1,20260904T163207Z-3a704ddd8de6a623badbc7e1-dg-cd11374eb51a-000219,1,none,none,slow,normal-slow-1,rear,normal,clipped/audio_event_clean/normal/20260904T163207Z-3a704ddd8de6a623badbc7e1-dg-cd11374eb51a-000219_ch1.wav,3DPrinter/train/section_00_source_train_normal_000089.wav,0607a5df1a26107eb6a622ca35bf72ffb56a2750b2711c188659cdf0d1b53905,960044,413800800,414280800,28c2eaad3353a03e6b407f92b09204b1bf97d1aa219009b7d21c4d701953e77f,0,0,802f3c261908f3e2e089368d45f0a944bfc163c5aff354242553bf974305ed1d,saved_rule_based,1.55
section_00_source_train_normal_000090,train,source,normal,B,20260904T163207Z-3a704ddd8de6a623badbc7e1,20260904T163207Z-3a704ddd8de6a623badbc7e1-dg-cd11374eb51a-000221,1,none,none,slow,normal-slow-1,rear,normal,clipped/audio_event_clean/normal/20260904T163207Z-3a704ddd8de6a623badbc7e1-dg-cd11374eb51a-000221_ch1.wav,3DPrinter/train/section_00_source_train_normal_000090.wav,d50a96031f3f5ed6653fb3081cded9f5ebb4b04af3184f7f316fbdc235f2221b,960044,414760800,415240800,28c2eaad3353a03e6b407f92b09204b1bf97d1aa219009b7d21c4d701953e77f,0,0,802f3c261908f3e2e089368d45f0a944bfc163c5aff354242553bf974305ed1d,saved_rule_based,1.55
section_00_source_train_normal_000091,train,source,normal,B,20260904T163207Z-3a704ddd8de6a623badbc7e1,20260904T163207Z-3a704ddd8de6a623badbc7e1-dg-cd11374eb51a-000226,1,none,none,slow,normal-slow-1,rear,normal,clipped/audio_event_clean/normal/20260904T163207Z-3a704ddd8de6a623badbc7e1-dg-cd11374eb51a-000226_ch1.wav,3DPrinter/train/section_00_source_train_normal_000091.wav,7c518eae534fbcf24f4c70d54dc9f3270806c11fc466c8bf9791e943cbc149eb,960044,417160800,417640800,28c2eaad3353a03e6b407f92b09204b1bf97d1aa219009b7d21c4d701953e77f,0,0,802f3c261908f3e2e089368d45f0a944bfc163c5aff354242553bf974305ed1d,saved_rule_based,1.55
section_00_source_train_normal_000092,train,source,normal,B,20260904T163207Z-3a704ddd8de6a623badbc7e1,20260904T163207Z-3a704ddd8de6a623badbc7e1-dg-cd11374eb51a-000231,1,none,none,slow,normal-slow-1,rear,normal,clipped/audio_event_clean/normal/20260904T163207Z-3a704ddd8de6a623badbc7e1-dg-cd11374eb51a-000231_ch1.wav,3DPrinter/train/section_00_source_train_normal_000092.wav,4a4409df8e0343fa2c1ac17faea5c247cf4c94495454c589bdbeb46a62872b78,960044,419560800,420040800,28c2eaad3353a03e6b407f92b09204b1bf97d1aa219009b7d21c4d701953e77f,0,0,802f3c261908f3e2e089368d45f0a944bfc163c5aff354242553bf974305ed1d,saved_rule_based,1.55
section_00_source_train_normal_000093,train,source,normal,B,20260904T163207Z-3a704ddd8de6a623badbc7e1,20260904T163207Z-3a704ddd8de6a623badbc7e1-dg-cd11374eb51a-000232,1,none,none,slow,normal-slow-1,rear,normal,clipped/audio_event_clean/normal/20260904T163207Z-3a704ddd8de6a623badbc7e1-dg-cd11374eb51a-000232_ch1.wav,3DPrinter/train/section_00_source_train_normal_000093.wav,82a8ae48d8bd659f901b07305fa032d4a722e6e30ac531fa9d372e93406814fc,960044,420040800,420520800,28c2eaad3353a03e6b407f92b09204b1bf97d1aa219009b7d21c4d701953e77f,0,0,802f3c261908f3e2e089368d45f0a944bfc163c5aff354242553bf974305ed1d,saved_rule_based,1.55
section_00_source_train_normal_000094,train,source,normal,B,20260904T163207Z-3a704ddd8de6a623badbc7e1,20260904T163207Z-3a704ddd8de6a623badbc7e1-dg-cd11374eb51a-000234,1,none,none,slow,normal-slow-1,rear,normal,clipped/audio_event_clean/normal/20260904T163207Z-3a704ddd8de6a623badbc7e1-dg-cd11374eb51a-000234_ch1.wav,3DPrinter/train/section_00_source_train_normal_000094.wav,6650d1c84fd995ddcf337116bd9a1aa38f94bda77e2a04aba50db6bb9195b48b,960044,421000800,421480800,28c2eaad3353a03e6b407f92b09204b1bf97d1aa219009b7d21c4d701953e77f,0,0,802f3c261908f3e2e089368d45f0a944bfc163c5aff354242553bf974305ed1d,saved_rule_based,1.55
section_00_source_train_normal_000095,train,source,normal,B,20260904T163207Z-3a704ddd8de6a623badbc7e1,20260904T163207Z-3a704ddd8de6a623badbc7e1-dg-cd11374eb51a-000235,1,none,none,slow,normal-slow-1,rear,normal,clipped/audio_event_clean/normal/20260904T163207Z-3a704ddd8de6a623badbc7e1-dg-cd11374eb51a-000235_ch1.wav,3DPrinter/train/section_00_source_train_normal_000095.wav,2dc8047e0617eb81c3fa72f4f1ce0d07dd86947bcc8f7a06307bf4016eacfa63,960044,421480800,421960800,28c2eaad3353a03e6b407f92b09204b1bf97d1aa219009b7d21c4d701953e77f,0,0,802f3c261908f3e2e089368d45f0a944bfc163c5aff354242553bf974305ed1d,saved_rule_based,1.55
section_00_source_train_normal_000096,train,source,normal,B,20260904T163207Z-3a704ddd8de6a623badbc7e1,20260904T163207Z-3a704ddd8de6a623badbc7e1-dg-cd11374eb51a-000237,1,none,none,slow,normal-slow-1,rear,normal,clipped/audio_event_clean/normal/20260904T163207Z-3a704ddd8de6a623badbc7e1-dg-cd11374eb51a-000237_ch1.wav,3DPrinter/train/section_00_source_train_normal_000096.wav,ca82536ccb63fd7b4e6965599df07c26e975e65165fb3a3067fc39f343bd47fd,960044,422440800,422920800,28c2eaad3353a03e6b407f92b09204b1bf97d1aa219009b7d21c4d701953e77f,0,0,802f3c261908f3e2e089368d45f0a944bfc163c5aff354242553bf974305ed1d,saved_rule_based,1.55
section_00_source_train_normal_000097,train,source,normal,B,20260904T163207Z-3a704ddd8de6a623badbc7e1,20260904T163207Z-3a704ddd8de6a623badbc7e1-dg-cd11374eb51a-000239,1,none,none,slow,normal-slow-1,rear,normal,clipped/audio_event_clean/normal/20260904T163207Z-3a704ddd8de6a623badbc7e1-dg-cd11374eb51a-000239_ch1.wav,3DPrinter/train/section_00_source_train_normal_000097.wav,3c5339c19b5a4a56c79907d0fdc398c1dc42fc5548d97de196e10a3de5b06c7f,960044,423400800,423880800,28c2eaad3353a03e6b407f92b09204b1bf97d1aa219009b7d21c4d701953e77f,0,0,802f3c261908f3e2e089368d45f0a944bfc163c5aff354242553bf974305ed1d,saved_rule_based,1.55
section_00_source_train_normal_000098,train,source,normal,B,20260904T163207Z-3a704ddd8de6a623badbc7e1,20260904T163207Z-3a704ddd8de6a623badbc7e1-dg-cd11374eb51a-000240,1,none,none,slow,normal-slow-1,rear,normal,clipped/audio_event_clean/normal/20260904T163207Z-3a704ddd8de6a623badbc7e1-dg-cd11374eb51a-000240_ch1.wav,3DPrinter/train/section_00_source_train_normal_000098.wav,5ac81a63837d35ab9b76c4c2fa8b5b0ea75ff739cf782d0c51ce92adacc724bd,960044,423880800,424360800,28c2eaad3353a03e6b407f92b09204b1bf97d1aa219009b7d21c4d701953e77f,0,0,802f3c261908f3e2e089368d45f0a944bfc163c5aff354242553bf974305ed1d,saved_rule_based,1.55
section_00_source_train_normal_000099,train,source,normal,B,20260904T163207Z-3a704ddd8de6a623badbc7e1,20260904T163207Z-3a704ddd8de6a623badbc7e1-dg-cd11374eb51a-000241,1,none,none,slow,normal-slow-1,rear,normal,clipped/audio_event_clean/normal/20260904T163207Z-3a704ddd8de6a623badbc7e1-dg-cd11374eb51a-000241_ch1.wav,3DPrinter/train/section_00_source_train_normal_000099.wav,deb63559f9aab962af4b823369a1c95d971f4164e849a143c693d3e60fe93718,960044,424360800,424840800,28c2eaad3353a03e6b407f92b09204b1bf97d1aa219009b7d21c4d701953e77f,0,0,802f3c261908f3e2e089368d45f0a944bfc163c5aff354242553bf974305ed1d,saved_rule_based,1.55
section_00_source_train_normal_000100,train,source,normal,B,20260904T163207Z-3a704ddd8de6a623badbc7e1,20260904T163207Z-3a704ddd8de6a623badbc7e1-dg-cd11374eb51a-000245,1,none,none,slow,normal-slow-1,rear,normal,clipped/audio_event_clean/normal/20260904T163207Z-3a704ddd8de6a623badbc7e1-dg-cd11374eb51a-000245_ch1.wav,3DPrinter/train/section_00_source_train_normal_000100.wav,1a00b0ef392101865a36faa98e2859934dbdd22ac5b75269bdb6cd3d1d4252c9,960044,426280800,426760800,28c2eaad3353a03e6b407f92b09204b1bf97d1aa219009b7d21c4d701953e77f,0,0,802f3c261908f3e2e089368d45f0a944bfc163c5aff354242553bf974305ed1d,saved_rule_based,1.55
section_00_source_train_normal_000101,train,source,normal,B,20260904T163207Z-3a704ddd8de6a623badbc7e1,20260904T163207Z-3a704ddd8de6a623badbc7e1-dg-cd11374eb51a-000246,1,none,none,slow,normal-slow-1,rear,normal,clipped/audio_event_clean/normal/20260904T163207Z-3a704ddd8de6a623badbc7e1-dg-cd11374eb51a-000246_ch1.wav,3DPrinter/train/section_00_source_train_normal_000101.wav,1d34d90865f7a81b8721a88906fa603c57bf4c16ad9a4c44cafa6937d3a4a502,960044,426760800,427240800,28c2eaad3353a03e6b407f92b09204b1bf97d1aa219009b7d21c4d701953e77f,0,0,802f3c261908f3e2e089368d45f0a944bfc163c5aff354242553bf974305ed1d,saved_rule_based,1.55
section_00_source_train_normal_000102,train,source,normal,B,20260904T163207Z-3a704ddd8de6a623badbc7e1,20260904T163207Z-3a704ddd8de6a623badbc7e1-dg-cd11374eb51a-000249,1,none,none,slow,normal-slow-1,rear,normal,clipped/audio_event_clean/normal/20260904T163207Z-3a704ddd8de6a623badbc7e1-dg-cd11374eb51a-000249_ch1.wav,3DPrinter/train/section_00_source_train_normal_000102.wav,5f1d8e86997b4b05327a7b5e3ec199253131f91b50db313df2659638fdbc8df2,960044,428200800,428680800,28c2eaad3353a03e6b407f92b09204b1bf97d1aa219009b7d21c4d701953e77f,0,0,802f3c261908f3e2e089368d45f0a944bfc163c5aff354242553bf974305ed1d,saved_rule_based,1.55
section_00_source_train_normal_000103,train,source,normal,B,20260904T163207Z-3a704ddd8de6a623badbc7e1,20260904T163207Z-3a704ddd8de6a623badbc7e1-dg-cd11374eb51a-000250,1,none,none,slow,normal-slow-1,rear,normal,clipped/audio_event_clean/normal/20260904T163207Z-3a704ddd8de6a623badbc7e1-dg-cd11374eb51a-000250_ch1.wav,3DPrinter/train/section_00_source_train_normal_000103.wav,d8da24b1619503b1b5a72fb0a05ea25631019c7a80586ff9c09d4b8e4ac666d2,960044,428680800,429160800,28c2eaad3353a03e6b407f92b09204b1bf97d1aa219009b7d21c4d701953e77f,0,0,802f3c261908f3e2e089368d45f0a944bfc163c5aff354242553bf974305ed1d,saved_rule_based,1.55
section_00_source_train_normal_000104,train,source,normal,B,20260904T163207Z-3a704ddd8de6a623badbc7e1,20260904T163207Z-3a704ddd8de6a623badbc7e1-dg-cd11374eb51a-000253,1,none,none,slow,normal-slow-1,rear,normal,clipped/audio_event_clean/normal/20260904T163207Z-3a704ddd8de6a623badbc7e1-dg-cd11374eb51a-000253_ch1.wav,3DPrinter/train/section_00_source_train_normal_000104.wav,a0d51f756bcec5e203d1f25bc333d18ed5e1491f80e34e431fc10f901ccb4d6c,960044,430120800,430600800,28c2eaad3353a03e6b407f92b09204b1bf97d1aa219009b7d21c4d701953e77f,0,0,802f3c261908f3e2e089368d45f0a944bfc163c5aff354242553bf974305ed1d,saved_rule_based,1.55
section_00_source_train_normal_000105,train,source,normal,B,20260904T163207Z-3a704ddd8de6a623badbc7e1,20260904T163207Z-3a704ddd8de6a623badbc7e1-dg-cd11374eb51a-000255,1,none,none,slow,normal-slow-1,rear,normal,clipped/audio_event_clean/normal/20260904T163207Z-3a704ddd8de6a623badbc7e1-dg-cd11374eb51a-000255_ch1.wav,3DPrinter/train/section_00_source_train_normal_000105.wav,2a65e2e3324bae92048faae8b873b9f5670e7e60b032696b84a2bd36b4cf5323,960044,431080800,431560800,28c2eaad3353a03e6b407f92b09204b1bf97d1aa219009b7d21c4d701953e77f,0,0,802f3c261908f3e2e089368d45f0a944bfc163c5aff354242553bf974305ed1d,saved_rule_based,1.55
section_00_source_train_normal_000106,train,source,normal,B,20260904T163207Z-3a704ddd8de6a623badbc7e1,20260904T163207Z-3a704ddd8de6a623badbc7e1-dg-cd11374eb51a-000259,1,none,none,slow,normal-slow-1,rear,normal,clipped/audio_event_clean/normal/20260904T163207Z-3a704ddd8de6a623badbc7e1-dg-cd11374eb51a-000259_ch1.wav,3DPrinter/train/section_00_source_train_normal_000106.wav,8991575bc36f463a88a1e1a7826662c6c0ed1a66dda3f2deb8b56e9e1163e42a,960044,433000800,433480800,28c2eaad3353a03e6b407f92b09204b1bf97d1aa219009b7d21c4d701953e77f,0,0,802f3c261908f3e2e089368d45f0a944bfc163c5aff354242553bf974305ed1d,saved_rule_based,1.55
section_00_source_train_normal_000107,train,source,normal,B,20260904T163207Z-3a704ddd8de6a623badbc7e1,20260904T163207Z-3a704ddd8de6a623badbc7e1-dg-cd11374eb51a-000262,1,none,none,slow,normal-slow-1,rear,normal,clipped/audio_event_clean/normal/20260904T163207Z-3a704ddd8de6a623badbc7e1-dg-cd11374eb51a-000262_ch1.wav,3DPrinter/train/section_00_source_train_normal_000107.wav,12fb0cac09b3ba1691a97af469fe022e1e2d2c0e0e7ac88c85c62c99213be781,960044,434440800,434920800,28c2eaad3353a03e6b407f92b09204b1bf97d1aa219009b7d21c4d701953e77f,0,0,802f3c261908f3e2e089368d45f0a944bfc163c5aff354242553bf974305ed1d,saved_rule_based,1.55
section_00_source_train_normal_000108,train,source,normal,B,20260904T163207Z-3a704ddd8de6a623badbc7e1,20260904T163207Z-3a704ddd8de6a623badbc7e1-dg-cd11374eb51a-000265,1,none,none,slow,normal-slow-1,rear,normal,clipped/audio_event_clean/normal/20260904T163207Z-3a704ddd8de6a623badbc7e1-dg-cd11374eb51a-000265_ch1.wav,3DPrinter/train/section_00_source_train_normal_000108.wav,68cf730b17378c202adfff5de7c0db086f8b167a1bbc9dd00883edce98f92f8f,960044,435880800,436360800,28c2eaad3353a03e6b407f92b09204b1bf97d1aa219009b7d21c4d701953e77f,0,0,802f3c261908f3e2e089368d45f0a944bfc163c5aff354242553bf974305ed1d,saved_rule_based,1.55
section_00_source_train_normal_000109,train,source,normal,B,20260904T163207Z-3a704ddd8de6a623badbc7e1,20260904T163207Z-3a704ddd8de6a623badbc7e1-dg-cd11374eb51a-000266,1,none,none,slow,normal-slow-1,rear,normal,clipped/audio_event_clean/normal/20260904T163207Z-3a704ddd8de6a623badbc7e1-dg-cd11374eb51a-000266_ch1.wav,3DPrinter/train/section_00_source_train_normal_000109.wav,60adddca0e164811a2327aa1ea7259e2ef8a1a05b031563ed24089ecb8efacd1,960044,436360800,436840800,28c2eaad3353a03e6b407f92b09204b1bf97d1aa219009b7d21c4d701953e77f,0,0,802f3c261908f3e2e089368d45f0a944bfc163c5aff354242553bf974305ed1d,saved_rule_based,1.55
section_00_source_train_normal_000110,train,source,normal,B,20260904T163207Z-3a704ddd8de6a623badbc7e1,20260904T163207Z-3a704ddd8de6a623badbc7e1-dg-cd11374eb51a-000267,1,none,none,slow,normal-slow-1,rear,normal,clipped/audio_event_clean/normal/20260904T163207Z-3a704ddd8de6a623badbc7e1-dg-cd11374eb51a-000267_ch1.wav,3DPrinter/train/section_00_source_train_normal_000110.wav,5777c968195bdc86271995edc776360d6fc864e83b26da38ddc868958e5d9d01,960044,436840800,437320800,28c2eaad3353a03e6b407f92b09204b1bf97d1aa219009b7d21c4d701953e77f,0,0,802f3c261908f3e2e089368d45f0a944bfc163c5aff354242553bf974305ed1d,saved_rule_based,1.55
section_00_source_train_normal_000111,train,source,normal,B,20260904T163207Z-3a704ddd8de6a623badbc7e1,20260904T163207Z-3a704ddd8de6a623badbc7e1-dg-cd11374eb51a-000268,1,none,none,slow,normal-slow-1,rear,normal,clipped/audio_event_clean/normal/20260904T163207Z-3a704ddd8de6a623badbc7e1-dg-cd11374eb51a-000268_ch1.wav,3DPrinter/train/section_00_source_train_normal_000111.wav,19c379416fd53ff4b25e44cc8644a2bd70ce3e44b886d06a2ac51b6a1713522b,960044,437320800,437800800,28c2eaad3353a03e6b407f92b09204b1bf97d1aa219009b7d21c4d701953e77f,0,0,802f3c261908f3e2e089368d45f0a944bfc163c5aff354242553bf974305ed1d,saved_rule_based,1.55
section_00_source_train_normal_000112,train,source,normal,B,20260904T163207Z-3a704ddd8de6a623badbc7e1,20260904T163207Z-3a704ddd8de6a623badbc7e1-dg-cd11374eb51a-000272,1,none,none,slow,normal-slow-1,rear,normal,clipped/audio_event_clean/normal/20260904T163207Z-3a704ddd8de6a623badbc7e1-dg-cd11374eb51a-000272_ch1.wav,3DPrinter/train/section_00_source_train_normal_000112.wav,bd989b3e966c6bac22ea06e489d155bc89ae767f503f5ec83c4616710df7a4ac,960044,439240800,439720800,28c2eaad3353a03e6b407f92b09204b1bf97d1aa219009b7d21c4d701953e77f,0,0,802f3c261908f3e2e089368d45f0a944bfc163c5aff354242553bf974305ed1d,saved_rule_based,1.55
section_00_source_train_normal_000113,train,source,normal,B,20260904T163207Z-3a704ddd8de6a623badbc7e1,20260904T163207Z-3a704ddd8de6a623badbc7e1-dg-cd11374eb51a-000273,1,none,none,slow,normal-slow-1,rear,normal,clipped/audio_event_clean/normal/20260904T163207Z-3a704ddd8de6a623badbc7e1-dg-cd11374eb51a-000273_ch1.wav,3DPrinter/train/section_00_source_train_normal_000113.wav,368bac882e55e08ae8d3a1815b88494027ae75d28b6fcfee7782689d65a6d04a,960044,439720800,440200800,28c2eaad3353a03e6b407f92b09204b1bf97d1aa219009b7d21c4d701953e77f,0,0,802f3c261908f3e2e089368d45f0a944bfc163c5aff354242553bf974305ed1d,saved_rule_based,1.55
section_00_source_train_normal_000114,train,source,normal,B,20260904T163207Z-3a704ddd8de6a623badbc7e1,20260904T163207Z-3a704ddd8de6a623badbc7e1-dg-cd11374eb51a-000275,1,none,none,slow,normal-slow-1,rear,normal,clipped/audio_event_clean/normal/20260904T163207Z-3a704ddd8de6a623badbc7e1-dg-cd11374eb51a-000275_ch1.wav,3DPrinter/train/section_00_source_train_normal_000114.wav,63b2907bd89d386987709f8303c8a058c7c0d61eb2d199d98569e15074224ebb,960044,440680800,441160800,28c2eaad3353a03e6b407f92b09204b1bf97d1aa219009b7d21c4d701953e77f,0,0,802f3c261908f3e2e089368d45f0a944bfc163c5aff354242553bf974305ed1d,saved_rule_based,1.55
section_00_source_train_normal_000115,train,source,normal,B,20260904T163207Z-3a704ddd8de6a623badbc7e1,20260904T163207Z-3a704ddd8de6a623badbc7e1-dg-cd11374eb51a-000278,1,none,none,slow,normal-slow-1,rear,normal,clipped/audio_event_clean/normal/20260904T163207Z-3a704ddd8de6a623badbc7e1-dg-cd11374eb51a-000278_ch1.wav,3DPrinter/train/section_00_source_train_normal_000115.wav,953f2e001a24230950e54ff81e06a07d81f63c30025ccf1d446ce70d588a692c,960044,442120800,442600800,28c2eaad3353a03e6b407f92b09204b1bf97d1aa219009b7d21c4d701953e77f,0,0,802f3c261908f3e2e089368d45f0a944bfc163c5aff354242553bf974305ed1d,saved_rule_based,1.55
section_00_source_train_normal_000116,train,source,normal,B,20260904T163207Z-3a704ddd8de6a623badbc7e1,20260904T163207Z-3a704ddd8de6a623badbc7e1-dg-cd11374eb51a-000280,1,none,none,slow,normal-slow-1,rear,normal,clipped/audio_event_clean/normal/20260904T163207Z-3a704ddd8de6a623badbc7e1-dg-cd11374eb51a-000280_ch1.wav,3DPrinter/train/section_00_source_train_normal_000116.wav,de37c07c32858138387063fe8e804f8ae03c5b07e17a3e5d4590a7fa43fccdc6,960044,443080800,443560800,28c2eaad3353a03e6b407f92b09204b1bf97d1aa219009b7d21c4d701953e77f,0,0,802f3c261908f3e2e089368d45f0a944bfc163c5aff354242553bf974305ed1d,saved_rule_based,1.55
section_00_source_train_normal_000117,train,source,normal,B,20260904T163207Z-3a704ddd8de6a623badbc7e1,20260904T163207Z-3a704ddd8de6a623badbc7e1-dg-cd11374eb51a-000282,1,none,none,slow,normal-slow-1,rear,normal,clipped/audio_event_clean/normal/20260904T163207Z-3a704ddd8de6a623badbc7e1-dg-cd11374eb51a-000282_ch1.wav,3DPrinter/train/section_00_source_train_normal_000117.wav,4342b38d39a28681ba37eaa206261c4a12db2d7fbbee6ac82791be7c5d166402,960044,444040800,444520800,28c2eaad3353a03e6b407f92b09204b1bf97d1aa219009b7d21c4d701953e77f,0,0,802f3c261908f3e2e089368d45f0a944bfc163c5aff354242553bf974305ed1d,saved_rule_based,1.55
section_00_source_train_normal_000118,train,source,normal,B,20260904T163207Z-3a704ddd8de6a623badbc7e1,20260904T163207Z-3a704ddd8de6a623badbc7e1-dg-cd11374eb51a-000287,1,none,none,slow,normal-slow-1,rear,normal,clipped/audio_event_clean/normal/20260904T163207Z-3a704ddd8de6a623badbc7e1-dg-cd11374eb51a-000287_ch1.wav,3DPrinter/train/section_00_source_train_normal_000118.wav,6c342e230b2383bb4db11b3dc5b2e7dab12387c00c7d19ee50c13ab412e97ed7,960044,446440800,446920800,28c2eaad3353a03e6b407f92b09204b1bf97d1aa219009b7d21c4d701953e77f,0,0,802f3c261908f3e2e089368d45f0a944bfc163c5aff354242553bf974305ed1d,saved_rule_based,1.55
section_00_source_train_normal_000119,train,source,normal,B,20260904T163207Z-3a704ddd8de6a623badbc7e1,20260904T163207Z-3a704ddd8de6a623badbc7e1-dg-cd11374eb51a-000290,1,none,none,slow,normal-slow-1,rear,normal,clipped/audio_event_clean/normal/20260904T163207Z-3a704ddd8de6a623badbc7e1-dg-cd11374eb51a-000290_ch1.wav,3DPrinter/train/section_00_source_train_normal_000119.wav,12c4ec2a984dca7dc7eff832df30a29648618c76e977c4df6769a9f191eb8bce,960044,447880800,448360800,28c2eaad3353a03e6b407f92b09204b1bf97d1aa219009b7d21c4d701953e77f,0,0,802f3c261908f3e2e089368d45f0a944bfc163c5aff354242553bf974305ed1d,saved_rule_based,1.55
section_00_source_train_normal_000120,train,source,normal,B,20260904T163207Z-3a704ddd8de6a623badbc7e1,20260904T163207Z-3a704ddd8de6a623badbc7e1-dg-cd11374eb51a-000294,1,none,none,slow,normal-slow-1,rear,normal,clipped/audio_event_clean/normal/20260904T163207Z-3a704ddd8de6a623badbc7e1-dg-cd11374eb51a-000294_ch1.wav,3DPrinter/train/section_00_source_train_normal_000120.wav,e445ce1d364fc4a81b08f7389f3ed3c6197c4dc3c47e1570f7ce742af79b8be3,960044,449800800,450280800,28c2eaad3353a03e6b407f92b09204b1bf97d1aa219009b7d21c4d701953e77f,0,0,802f3c261908f3e2e089368d45f0a944bfc163c5aff354242553bf974305ed1d,saved_rule_based,1.55
section_00_source_train_normal_000121,train,source,normal,B,20260904T163207Z-3a704ddd8de6a623badbc7e1,20260904T163207Z-3a704ddd8de6a623badbc7e1-dg-cd11374eb51a-000296,1,none,none,slow,normal-slow-1,rear,normal,clipped/audio_event_clean/normal/20260904T163207Z-3a704ddd8de6a623badbc7e1-dg-cd11374eb51a-000296_ch1.wav,3DPrinter/train/section_00_source_train_normal_000121.wav,5787b9a1731b093d11e88a7f7cefc614692062ea529c5e70d545cfeccab06ed6,960044,450760800,451240800,28c2eaad3353a03e6b407f92b09204b1bf97d1aa219009b7d21c4d701953e77f,0,0,802f3c261908f3e2e089368d45f0a944bfc163c5aff354242553bf974305ed1d,saved_rule_based,1.55
section_00_source_train_normal_000122,train,source,normal,B,20260904T163207Z-3a704ddd8de6a623badbc7e1,20260904T163207Z-3a704ddd8de6a623badbc7e1-dg-cd11374eb51a-000297,1,none,none,slow,normal-slow-1,rear,normal,clipped/audio_event_clean/normal/20260904T163207Z-3a704ddd8de6a623badbc7e1-dg-cd11374eb51a-000297_ch1.wav,3DPrinter/train/section_00_source_train_normal_000122.wav,721c94eb2bc5a6c4636626e64d2a2a0592ce54e426271570007e9e6477ebc167,960044,451240800,451720800,28c2eaad3353a03e6b407f92b09204b1bf97d1aa219009b7d21c4d701953e77f,0,0,802f3c261908f3e2e089368d45f0a944bfc163c5aff354242553bf974305ed1d,saved_rule_based,1.55
section_00_source_train_normal_000123,train,source,normal,B,20260904T172511Z-ad415a2a4c50dc17545694e5,20260904T172511Z-ad415a2a4c50dc17545694e5-dg-bead543a888d-000006,1,none,none,slow,normal-slow-2,rear,normal,clipped/audio_event_clean/normal/20260904T172511Z-ad415a2a4c50dc17545694e5-dg-bead543a888d-000006_ch1.wav,3DPrinter/train/section_00_source_train_normal_000123.wav,b7a084e9e601665884f896e0b13e670765d6e6bbeb87d7ba5088c346ef9c06da,960044,464416800,464896800,a11c9edf7d30e209b00dfc804588b4d2d286457d32725853a26985138bfe0fb7,0,0,23262abea4a78a15730cb9a904377c1f1d1cf4547ae64d53542b914fb33ec930,saved_rule_based,1.79
section_00_source_train_normal_000124,train,source,normal,B,20260904T172511Z-ad415a2a4c50dc17545694e5,20260904T172511Z-ad415a2a4c50dc17545694e5-dg-bead543a888d-000007,1,none,none,slow,normal-slow-2,rear,normal,clipped/audio_event_clean/normal/20260904T172511Z-ad415a2a4c50dc17545694e5-dg-bead543a888d-000007_ch1.wav,3DPrinter/train/section_00_source_train_normal_000124.wav,36fc4e2f40af0cc788a9543b7bc931f2fcd68bec433e1feee582be3541dc676f,960044,464896800,465376800,a11c9edf7d30e209b00dfc804588b4d2d286457d32725853a26985138bfe0fb7,0,0,23262abea4a78a15730cb9a904377c1f1d1cf4547ae64d53542b914fb33ec930,saved_rule_based,1.79
section_00_source_train_normal_000125,train,source,normal,B,20260904T172511Z-ad415a2a4c50dc17545694e5,20260904T172511Z-ad415a2a4c50dc17545694e5-dg-bead543a888d-000011,1,none,none,slow,normal-slow-2,rear,normal,clipped/audio_event_clean/normal/20260904T172511Z-ad415a2a4c50dc17545694e5-dg-bead543a888d-000011_ch1.wav,3DPrinter/train/section_00_source_train_normal_000125.wav,22e10d08fb172d7b872aaddfe8598462a2869385e92f0ec43de54e9c3a7e4522,960044,466816800,467296800,a11c9edf7d30e209b00dfc804588b4d2d286457d32725853a26985138bfe0fb7,0,0,23262abea4a78a15730cb9a904377c1f1d1cf4547ae64d53542b914fb33ec930,saved_rule_based,1.79
section_00_source_train_normal_000126,train,source,normal,B,20260904T172511Z-ad415a2a4c50dc17545694e5,20260904T172511Z-ad415a2a4c50dc17545694e5-dg-bead543a888d-000013,1,none,none,slow,normal-slow-2,rear,normal,clipped/audio_event_clean/normal/20260904T172511Z-ad415a2a4c50dc17545694e5-dg-bead543a888d-000013_ch1.wav,3DPrinter/train/section_00_source_train_normal_000126.wav,abad064d74677e0168155d1f0a0f8cad1450a586fec0d3b7d4ee94e8c46fec2e,960044,467776800,468256800,a11c9edf7d30e209b00dfc804588b4d2d286457d32725853a26985138bfe0fb7,0,0,23262abea4a78a15730cb9a904377c1f1d1cf4547ae64d53542b914fb33ec930,saved_rule_based,1.79
section_00_source_train_normal_000127,train,source,normal,B,20260904T172511Z-ad415a2a4c50dc17545694e5,20260904T172511Z-ad415a2a4c50dc17545694e5-dg-bead543a888d-000017,1,none,none,slow,normal-slow-2,rear,normal,clipped/audio_event_clean/normal/20260904T172511Z-ad415a2a4c50dc17545694e5-dg-bead543a888d-000017_ch1.wav,3DPrinter/train/section_00_source_train_normal_000127.wav,cee647ed1cb18576ab2f853b88ef551762e526e0f21216ba0c52c17146b9eeb3,960044,469696800,470176800,a11c9edf7d30e209b00dfc804588b4d2d286457d32725853a26985138bfe0fb7,0,0,23262abea4a78a15730cb9a904377c1f1d1cf4547ae64d53542b914fb33ec930,saved_rule_based,1.79
section_00_source_train_normal_000128,train,source,normal,B,20260904T172511Z-ad415a2a4c50dc17545694e5,20260904T172511Z-ad415a2a4c50dc17545694e5-dg-bead543a888d-000019,1,none,none,slow,normal-slow-2,rear,normal,clipped/audio_event_clean/normal/20260904T172511Z-ad415a2a4c50dc17545694e5-dg-bead543a888d-000019_ch1.wav,3DPrinter/train/section_00_source_train_normal_000128.wav,853caa18fdd494b2fac7da908842f14a9666a692b89efc3bad2e55ed86c626c7,960044,470656800,471136800,a11c9edf7d30e209b00dfc804588b4d2d286457d32725853a26985138bfe0fb7,0,0,23262abea4a78a15730cb9a904377c1f1d1cf4547ae64d53542b914fb33ec930,saved_rule_based,1.79
section_00_source_train_normal_000129,train,source,normal,B,20260904T172511Z-ad415a2a4c50dc17545694e5,20260904T172511Z-ad415a2a4c50dc17545694e5-dg-bead543a888d-000021,1,none,none,slow,normal-slow-2,rear,normal,clipped/audio_event_clean/normal/20260904T172511Z-ad415a2a4c50dc17545694e5-dg-bead543a888d-000021_ch1.wav,3DPrinter/train/section_00_source_train_normal_000129.wav,8879d16f70134dd00cbea297a0e2ee20cccf7fb3a8e5e8764be78926814b5ee4,960044,471616800,472096800,a11c9edf7d30e209b00dfc804588b4d2d286457d32725853a26985138bfe0fb7,0,0,23262abea4a78a15730cb9a904377c1f1d1cf4547ae64d53542b914fb33ec930,saved_rule_based,1.79
section_00_source_train_normal_000130,train,source,normal,B,20260904T172511Z-ad415a2a4c50dc17545694e5,20260904T172511Z-ad415a2a4c50dc17545694e5-dg-bead543a888d-000022,1,none,none,slow,normal-slow-2,rear,normal,clipped/audio_event_clean/normal/20260904T172511Z-ad415a2a4c50dc17545694e5-dg-bead543a888d-000022_ch1.wav,3DPrinter/train/section_00_source_train_normal_000130.wav,02c0f866a2c300a8063785cbf539f3c34633538fccdecece0b6a3a13bdfba4d9,960044,472096800,472576800,a11c9edf7d30e209b00dfc804588b4d2d286457d32725853a26985138bfe0fb7,0,0,23262abea4a78a15730cb9a904377c1f1d1cf4547ae64d53542b914fb33ec930,saved_rule_based,1.79
section_00_source_train_normal_000131,train,source,normal,B,20260904T172511Z-ad415a2a4c50dc17545694e5,20260904T172511Z-ad415a2a4c50dc17545694e5-dg-bead543a888d-000027,1,none,none,slow,normal-slow-2,rear,normal,clipped/audio_event_clean/normal/20260904T172511Z-ad415a2a4c50dc17545694e5-dg-bead543a888d-000027_ch1.wav,3DPrinter/train/section_00_source_train_normal_000131.wav,1f09c4f9a119544a966d0d660596bffcc5bdb50e22997cf67f22b7d065c0704f,960044,474496800,474976800,a11c9edf7d30e209b00dfc804588b4d2d286457d32725853a26985138bfe0fb7,0,0,23262abea4a78a15730cb9a904377c1f1d1cf4547ae64d53542b914fb33ec930,saved_rule_based,1.79
section_00_source_train_normal_000132,train,source,normal,B,20260904T172511Z-ad415a2a4c50dc17545694e5,20260904T172511Z-ad415a2a4c50dc17545694e5-dg-bead543a888d-000028,1,none,none,slow,normal-slow-2,rear,normal,clipped/audio_event_clean/normal/20260904T172511Z-ad415a2a4c50dc17545694e5-dg-bead543a888d-000028_ch1.wav,3DPrinter/train/section_00_source_train_normal_000132.wav,48db4ee5f30dee2956ae8068b8820d06a2b538795a7bf79a1ace9a9452b7b6b9,960044,474976800,475456800,a11c9edf7d30e209b00dfc804588b4d2d286457d32725853a26985138bfe0fb7,0,0,23262abea4a78a15730cb9a904377c1f1d1cf4547ae64d53542b914fb33ec930,saved_rule_based,1.79
section_00_source_train_normal_000133,train,source,normal,B,20260904T172511Z-ad415a2a4c50dc17545694e5,20260904T172511Z-ad415a2a4c50dc17545694e5-dg-bead543a888d-000033,1,none,none,slow,normal-slow-2,rear,normal,clipped/audio_event_clean/normal/20260904T172511Z-ad415a2a4c50dc17545694e5-dg-bead543a888d-000033_ch1.wav,3DPrinter/train/section_00_source_train_normal_000133.wav,b59c47d64a65f1a324d38d985fa4b65e9bf5fea2715b8d76ea6bd0bf40a4742f,960044,477376800,477856800,a11c9edf7d30e209b00dfc804588b4d2d286457d32725853a26985138bfe0fb7,0,0,23262abea4a78a15730cb9a904377c1f1d1cf4547ae64d53542b914fb33ec930,saved_rule_based,1.79
section_00_source_train_normal_000134,train,source,normal,B,20260904T172511Z-ad415a2a4c50dc17545694e5,20260904T172511Z-ad415a2a4c50dc17545694e5-dg-bead543a888d-000036,1,none,none,slow,normal-slow-2,rear,normal,clipped/audio_event_clean/normal/20260904T172511Z-ad415a2a4c50dc17545694e5-dg-bead543a888d-000036_ch1.wav,3DPrinter/train/section_00_source_train_normal_000134.wav,1aeb940d615829f6193b2435806571cb7541756d758d2e6a1f16c49e62a87256,960044,478816800,479296800,a11c9edf7d30e209b00dfc804588b4d2d286457d32725853a26985138bfe0fb7,0,0,23262abea4a78a15730cb9a904377c1f1d1cf4547ae64d53542b914fb33ec930,saved_rule_based,1.79
section_00_source_train_normal_000135,train,source,normal,B,20260904T172511Z-ad415a2a4c50dc17545694e5,20260904T172511Z-ad415a2a4c50dc17545694e5-dg-bead543a888d-000037,1,none,none,slow,normal-slow-2,rear,normal,clipped/audio_event_clean/normal/20260904T172511Z-ad415a2a4c50dc17545694e5-dg-bead543a888d-000037_ch1.wav,3DPrinter/train/section_00_source_train_normal_000135.wav,e95ad96482fd80f4525fcf10252fb36a64a61256ede5d43f889c48f2c56ba83a,960044,479296800,479776800,a11c9edf7d30e209b00dfc804588b4d2d286457d32725853a26985138bfe0fb7,0,0,23262abea4a78a15730cb9a904377c1f1d1cf4547ae64d53542b914fb33ec930,saved_rule_based,1.79
section_00_source_train_normal_000136,train,source,normal,B,20260904T172511Z-ad415a2a4c50dc17545694e5,20260904T172511Z-ad415a2a4c50dc17545694e5-dg-bead543a888d-000039,1,none,none,slow,normal-slow-2,rear,normal,clipped/audio_event_clean/normal/20260904T172511Z-ad415a2a4c50dc17545694e5-dg-bead543a888d-000039_ch1.wav,3DPrinter/train/section_00_source_train_normal_000136.wav,fc423254283976bf760eed4584941d0cfc581700dd18dcb9c2019763bb0febd2,960044,480256800,480736800,a11c9edf7d30e209b00dfc804588b4d2d286457d32725853a26985138bfe0fb7,0,0,23262abea4a78a15730cb9a904377c1f1d1cf4547ae64d53542b914fb33ec930,saved_rule_based,1.79
section_00_source_train_normal_000137,train,source,normal,B,20260904T172511Z-ad415a2a4c50dc17545694e5,20260904T172511Z-ad415a2a4c50dc17545694e5-dg-bead543a888d-000040,1,none,none,slow,normal-slow-2,rear,normal,clipped/audio_event_clean/normal/20260904T172511Z-ad415a2a4c50dc17545694e5-dg-bead543a888d-000040_ch1.wav,3DPrinter/train/section_00_source_train_normal_000137.wav,dc7a8e40c9d6f26ed7603237ee8a7317477770e1da45526f55e2f19c43303c17,960044,480736800,481216800,a11c9edf7d30e209b00dfc804588b4d2d286457d32725853a26985138bfe0fb7,0,0,23262abea4a78a15730cb9a904377c1f1d1cf4547ae64d53542b914fb33ec930,saved_rule_based,1.79
section_00_source_train_normal_000138,train,source,normal,B,20260904T172511Z-ad415a2a4c50dc17545694e5,20260904T172511Z-ad415a2a4c50dc17545694e5-dg-bead543a888d-000041,1,none,none,slow,normal-slow-2,rear,normal,clipped/audio_event_clean/normal/20260904T172511Z-ad415a2a4c50dc17545694e5-dg-bead543a888d-000041_ch1.wav,3DPrinter/train/section_00_source_train_normal_000138.wav,5e1b35d3d0536dca476d69ad824f45de3180348d57e032994d6b4a9d6863682c,960044,481216800,481696800,a11c9edf7d30e209b00dfc804588b4d2d286457d32725853a26985138bfe0fb7,0,0,23262abea4a78a15730cb9a904377c1f1d1cf4547ae64d53542b914fb33ec930,saved_rule_based,1.79
section_00_source_train_normal_000139,train,source,normal,B,20260904T172511Z-ad415a2a4c50dc17545694e5,20260904T172511Z-ad415a2a4c50dc17545694e5-dg-bead543a888d-000043,1,none,none,slow,normal-slow-2,rear,normal,clipped/audio_event_clean/normal/20260904T172511Z-ad415a2a4c50dc17545694e5-dg-bead543a888d-000043_ch1.wav,3DPrinter/train/section_00_source_train_normal_000139.wav,cfb592dddfb4164d8416843322cf4d97363b932a7dc549ea944f97cda49ef733,960044,482176800,482656800,a11c9edf7d30e209b00dfc804588b4d2d286457d32725853a26985138bfe0fb7,0,0,23262abea4a78a15730cb9a904377c1f1d1cf4547ae64d53542b914fb33ec930,saved_rule_based,1.79
section_00_source_train_normal_000140,train,source,normal,B,20260904T172511Z-ad415a2a4c50dc17545694e5,20260904T172511Z-ad415a2a4c50dc17545694e5-dg-bead543a888d-000044,1,none,none,slow,normal-slow-2,rear,normal,clipped/audio_event_clean/normal/20260904T172511Z-ad415a2a4c50dc17545694e5-dg-bead543a888d-000044_ch1.wav,3DPrinter/train/section_00_source_train_normal_000140.wav,88709f10f390bbcbb8e23db9fea730a69317a056e6c7aa6978c12eb3c236da63,960044,482656800,483136800,a11c9edf7d30e209b00dfc804588b4d2d286457d32725853a26985138bfe0fb7,0,0,23262abea4a78a15730cb9a904377c1f1d1cf4547ae64d53542b914fb33ec930,saved_rule_based,1.79
section_00_source_train_normal_000141,train,source,normal,B,20260904T172511Z-ad415a2a4c50dc17545694e5,20260904T172511Z-ad415a2a4c50dc17545694e5-dg-bead543a888d-000047,1,none,none,slow,normal-slow-2,rear,normal,clipped/audio_event_clean/normal/20260904T172511Z-ad415a2a4c50dc17545694e5-dg-bead543a888d-000047_ch1.wav,3DPrinter/train/section_00_source_train_normal_000141.wav,fcb2822922c5e0f8f176bceef9faf4ce952d2724c1615103ac03902fb4ebf2e7,960044,484096800,484576800,a11c9edf7d30e209b00dfc804588b4d2d286457d32725853a26985138bfe0fb7,0,0,23262abea4a78a15730cb9a904377c1f1d1cf4547ae64d53542b914fb33ec930,saved_rule_based,1.79
section_00_source_train_normal_000142,train,source,normal,B,20260904T172511Z-ad415a2a4c50dc17545694e5,20260904T172511Z-ad415a2a4c50dc17545694e5-dg-bead543a888d-000049,1,none,none,slow,normal-slow-2,rear,normal,clipped/audio_event_clean/normal/20260904T172511Z-ad415a2a4c50dc17545694e5-dg-bead543a888d-000049_ch1.wav,3DPrinter/train/section_00_source_train_normal_000142.wav,35d0cd8cee39532f1cb0bdddedb31a0b21ccc21cf46917c2496f08ba517f04ba,960044,485056800,485536800,a11c9edf7d30e209b00dfc804588b4d2d286457d32725853a26985138bfe0fb7,0,0,23262abea4a78a15730cb9a904377c1f1d1cf4547ae64d53542b914fb33ec930,saved_rule_based,1.79
section_00_source_train_normal_000143,train,source,normal,B,20260904T172511Z-ad415a2a4c50dc17545694e5,20260904T172511Z-ad415a2a4c50dc17545694e5-dg-bead543a888d-000051,1,none,none,slow,normal-slow-2,rear,normal,clipped/audio_event_clean/normal/20260904T172511Z-ad415a2a4c50dc17545694e5-dg-bead543a888d-000051_ch1.wav,3DPrinter/train/section_00_source_train_normal_000143.wav,110c566d982887d59198d18a782c000598434adc9984e45fb71654caf11f0e40,960044,486016800,486496800,a11c9edf7d30e209b00dfc804588b4d2d286457d32725853a26985138bfe0fb7,0,0,23262abea4a78a15730cb9a904377c1f1d1cf4547ae64d53542b914fb33ec930,saved_rule_based,1.79
section_00_source_train_normal_000144,train,source,normal,B,20260904T172511Z-ad415a2a4c50dc17545694e5,20260904T172511Z-ad415a2a4c50dc17545694e5-dg-bead543a888d-000056,1,none,none,slow,normal-slow-2,rear,normal,clipped/audio_event_clean/normal/20260904T172511Z-ad415a2a4c50dc17545694e5-dg-bead543a888d-000056_ch1.wav,3DPrinter/train/section_00_source_train_normal_000144.wav,496d2df4775ab09fd9d32d343211fdb26a2cff4963702dc390438b2f3c09316e,960044,488416800,488896800,a11c9edf7d30e209b00dfc804588b4d2d286457d32725853a26985138bfe0fb7,0,0,23262abea4a78a15730cb9a904377c1f1d1cf4547ae64d53542b914fb33ec930,saved_rule_based,1.79
section_00_source_train_normal_000145,train,source,normal,B,20260904T172511Z-ad415a2a4c50dc17545694e5,20260904T172511Z-ad415a2a4c50dc17545694e5-dg-bead543a888d-000060,1,none,none,slow,normal-slow-2,rear,normal,clipped/audio_event_clean/normal/20260904T172511Z-ad415a2a4c50dc17545694e5-dg-bead543a888d-000060_ch1.wav,3DPrinter/train/section_00_source_train_normal_000145.wav,892d866c2a5933f1ac8e67aa710d40c9d913b512a29efea7fee75a7a6763c65c,960044,490336800,490816800,a11c9edf7d30e209b00dfc804588b4d2d286457d32725853a26985138bfe0fb7,0,0,23262abea4a78a15730cb9a904377c1f1d1cf4547ae64d53542b914fb33ec930,saved_rule_based,1.79
section_00_source_train_normal_000146,train,source,normal,B,20260904T172511Z-ad415a2a4c50dc17545694e5,20260904T172511Z-ad415a2a4c50dc17545694e5-dg-bead543a888d-000072,1,none,none,slow,normal-slow-2,rear,normal,clipped/audio_event_clean/normal/20260904T172511Z-ad415a2a4c50dc17545694e5-dg-bead543a888d-000072_ch1.wav,3DPrinter/train/section_00_source_train_normal_000146.wav,787fc81a468027584df50693bb36a8482be407a0fc7abe8a16722e768c50dddc,960044,496096800,496576800,a11c9edf7d30e209b00dfc804588b4d2d286457d32725853a26985138bfe0fb7,0,0,23262abea4a78a15730cb9a904377c1f1d1cf4547ae64d53542b914fb33ec930,saved_rule_based,1.79
section_00_source_train_normal_000147,train,source,normal,B,20260904T172511Z-ad415a2a4c50dc17545694e5,20260904T172511Z-ad415a2a4c50dc17545694e5-dg-bead543a888d-000075,1,none,none,slow,normal-slow-2,rear,normal,clipped/audio_event_clean/normal/20260904T172511Z-ad415a2a4c50dc17545694e5-dg-bead543a888d-000075_ch1.wav,3DPrinter/train/section_00_source_train_normal_000147.wav,35dc4003ef73e2a631fb056f7f7c851ca073eafcda8428e086269c70e76e8b9e,960044,497536800,498016800,a11c9edf7d30e209b00dfc804588b4d2d286457d32725853a26985138bfe0fb7,0,0,23262abea4a78a15730cb9a904377c1f1d1cf4547ae64d53542b914fb33ec930,saved_rule_based,1.79
section_00_source_train_normal_000148,train,source,normal,B,20260904T172511Z-ad415a2a4c50dc17545694e5,20260904T172511Z-ad415a2a4c50dc17545694e5-dg-bead543a888d-000079,1,none,none,slow,normal-slow-2,rear,normal,clipped/audio_event_clean/normal/20260904T172511Z-ad415a2a4c50dc17545694e5-dg-bead543a888d-000079_ch1.wav,3DPrinter/train/section_00_source_train_normal_000148.wav,2982a24bf5f951f505cdc0a5ccb81ff184ae5d3b5e5f0b47e8febbbb99ee5cd6,960044,499456800,499936800,a11c9edf7d30e209b00dfc804588b4d2d286457d32725853a26985138bfe0fb7,0,0,23262abea4a78a15730cb9a904377c1f1d1cf4547ae64d53542b914fb33ec930,saved_rule_based,1.79
section_00_source_train_normal_000149,train,source,normal,B,20260904T172511Z-ad415a2a4c50dc17545694e5,20260904T172511Z-ad415a2a4c50dc17545694e5-dg-bead543a888d-000080,1,none,none,slow,normal-slow-2,rear,normal,clipped/audio_event_clean/normal/20260904T172511Z-ad415a2a4c50dc17545694e5-dg-bead543a888d-000080_ch1.wav,3DPrinter/train/section_00_source_train_normal_000149.wav,35b3a90c07e2a7da66075a9a3a9f672bac40d4bfc21055d51c7c78a7e96209c9,960044,499936800,500416800,a11c9edf7d30e209b00dfc804588b4d2d286457d32725853a26985138bfe0fb7,0,0,23262abea4a78a15730cb9a904377c1f1d1cf4547ae64d53542b914fb33ec930,saved_rule_based,1.79
section_00_source_train_normal_000150,train,source,normal,B,20260904T172511Z-ad415a2a4c50dc17545694e5,20260904T172511Z-ad415a2a4c50dc17545694e5-dg-bead543a888d-000081,1,none,none,slow,normal-slow-2,rear,normal,clipped/audio_event_clean/normal/20260904T172511Z-ad415a2a4c50dc17545694e5-dg-bead543a888d-000081_ch1.wav,3DPrinter/train/section_00_source_train_normal_000150.wav,1db10ebfbb810003b2175a3f5864583f96f96ce6390edee54e10136907efa984,960044,500416800,500896800,a11c9edf7d30e209b00dfc804588b4d2d286457d32725853a26985138bfe0fb7,0,0,23262abea4a78a15730cb9a904377c1f1d1cf4547ae64d53542b914fb33ec930,saved_rule_based,1.79
section_00_source_train_normal_000151,train,source,normal,B,20260904T172511Z-ad415a2a4c50dc17545694e5,20260904T172511Z-ad415a2a4c50dc17545694e5-dg-bead543a888d-000082,1,none,none,slow,normal-slow-2,rear,normal,clipped/audio_event_clean/normal/20260904T172511Z-ad415a2a4c50dc17545694e5-dg-bead543a888d-000082_ch1.wav,3DPrinter/train/section_00_source_train_normal_000151.wav,6b4043452ec0f0b425a19b4bb4c3e18b5730ddd6bf87e5956634f779e1b24058,960044,500896800,501376800,a11c9edf7d30e209b00dfc804588b4d2d286457d32725853a26985138bfe0fb7,0,0,23262abea4a78a15730cb9a904377c1f1d1cf4547ae64d53542b914fb33ec930,saved_rule_based,1.79
section_00_source_train_normal_000152,train,source,normal,B,20260904T172511Z-ad415a2a4c50dc17545694e5,20260904T172511Z-ad415a2a4c50dc17545694e5-dg-bead543a888d-000083,1,none,none,slow,normal-slow-2,rear,normal,clipped/audio_event_clean/normal/20260904T172511Z-ad415a2a4c50dc17545694e5-dg-bead543a888d-000083_ch1.wav,3DPrinter/train/section_00_source_train_normal_000152.wav,fb878cde6ec7c2ac92696dc0eedf38a3ebe421738ce4591854960bde24379239,960044,501376800,501856800,a11c9edf7d30e209b00dfc804588b4d2d286457d32725853a26985138bfe0fb7,0,0,23262abea4a78a15730cb9a904377c1f1d1cf4547ae64d53542b914fb33ec930,saved_rule_based,1.79
section_00_source_train_normal_000153,train,source,normal,B,20260904T172511Z-ad415a2a4c50dc17545694e5,20260904T172511Z-ad415a2a4c50dc17545694e5-dg-bead543a888d-000086,1,none,none,slow,normal-slow-2,rear,normal,clipped/audio_event_clean/normal/20260904T172511Z-ad415a2a4c50dc17545694e5-dg-bead543a888d-000086_ch1.wav,3DPrinter/train/section_00_source_train_normal_000153.wav,513abb271f81fc7f5059befcf22e313eb7cf131a57bb67651feb3df9d5055246,960044,502816800,503296800,a11c9edf7d30e209b00dfc804588b4d2d286457d32725853a26985138bfe0fb7,0,0,23262abea4a78a15730cb9a904377c1f1d1cf4547ae64d53542b914fb33ec930,saved_rule_based,1.79
section_00_source_train_normal_000154,train,source,normal,B,20260904T172511Z-ad415a2a4c50dc17545694e5,20260904T172511Z-ad415a2a4c50dc17545694e5-dg-bead543a888d-000087,1,none,none,slow,normal-slow-2,rear,normal,clipped/audio_event_clean/normal/20260904T172511Z-ad415a2a4c50dc17545694e5-dg-bead543a888d-000087_ch1.wav,3DPrinter/train/section_00_source_train_normal_000154.wav,692c5413e758d6f1c6d43752eac13bed57c69ea59822ca294c815f43fd97f116,960044,503296800,503776800,a11c9edf7d30e209b00dfc804588b4d2d286457d32725853a26985138bfe0fb7,0,0,23262abea4a78a15730cb9a904377c1f1d1cf4547ae64d53542b914fb33ec930,saved_rule_based,1.79
section_00_source_train_normal_000155,train,source,normal,B,20260904T172511Z-ad415a2a4c50dc17545694e5,20260904T172511Z-ad415a2a4c50dc17545694e5-dg-bead543a888d-000089,1,none,none,slow,normal-slow-2,rear,normal,clipped/audio_event_clean/normal/20260904T172511Z-ad415a2a4c50dc17545694e5-dg-bead543a888d-000089_ch1.wav,3DPrinter/train/section_00_source_train_normal_000155.wav,62f599da33bbb6261c26c5b0310d31c456b5fc1f2630b2df18f4e9ee82c1caa8,960044,504256800,504736800,a11c9edf7d30e209b00dfc804588b4d2d286457d32725853a26985138bfe0fb7,0,0,23262abea4a78a15730cb9a904377c1f1d1cf4547ae64d53542b914fb33ec930,saved_rule_based,1.79
section_00_source_train_normal_000156,train,source,normal,B,20260904T172511Z-ad415a2a4c50dc17545694e5,20260904T172511Z-ad415a2a4c50dc17545694e5-dg-bead543a888d-000094,1,none,none,slow,normal-slow-2,rear,normal,clipped/audio_event_clean/normal/20260904T172511Z-ad415a2a4c50dc17545694e5-dg-bead543a888d-000094_ch1.wav,3DPrinter/train/section_00_source_train_normal_000156.wav,31c9b793581885e31176a92bc894e9fa8a3f085c0f19f276f1f75ab693798b92,960044,506656800,507136800,a11c9edf7d30e209b00dfc804588b4d2d286457d32725853a26985138bfe0fb7,0,0,23262abea4a78a15730cb9a904377c1f1d1cf4547ae64d53542b914fb33ec930,saved_rule_based,1.79
section_00_source_train_normal_000157,train,source,normal,B,20260904T172511Z-ad415a2a4c50dc17545694e5,20260904T172511Z-ad415a2a4c50dc17545694e5-dg-bead543a888d-000095,1,none,none,slow,normal-slow-2,rear,normal,clipped/audio_event_clean/normal/20260904T172511Z-ad415a2a4c50dc17545694e5-dg-bead543a888d-000095_ch1.wav,3DPrinter/train/section_00_source_train_normal_000157.wav,64c9573add4bc569207505db2b675716277ad0a5795b8e17acb2e86937e33c84,960044,507136800,507616800,a11c9edf7d30e209b00dfc804588b4d2d286457d32725853a26985138bfe0fb7,0,0,23262abea4a78a15730cb9a904377c1f1d1cf4547ae64d53542b914fb33ec930,saved_rule_based,1.79
section_00_source_train_normal_000158,train,source,normal,B,20260904T172511Z-ad415a2a4c50dc17545694e5,20260904T172511Z-ad415a2a4c50dc17545694e5-dg-bead543a888d-000096,1,none,none,slow,normal-slow-2,rear,normal,clipped/audio_event_clean/normal/20260904T172511Z-ad415a2a4c50dc17545694e5-dg-bead543a888d-000096_ch1.wav,3DPrinter/train/section_00_source_train_normal_000158.wav,2451bc2b0e201e15b30670d109549d374e2c143b4ecef0622d177d526616d9d5,960044,507616800,508096800,a11c9edf7d30e209b00dfc804588b4d2d286457d32725853a26985138bfe0fb7,0,0,23262abea4a78a15730cb9a904377c1f1d1cf4547ae64d53542b914fb33ec930,saved_rule_based,1.79
section_00_source_train_normal_000159,train,source,normal,B,20260904T172511Z-ad415a2a4c50dc17545694e5,20260904T172511Z-ad415a2a4c50dc17545694e5-dg-bead543a888d-000097,1,none,none,slow,normal-slow-2,rear,normal,clipped/audio_event_clean/normal/20260904T172511Z-ad415a2a4c50dc17545694e5-dg-bead543a888d-000097_ch1.wav,3DPrinter/train/section_00_source_train_normal_000159.wav,ad582063e5b12e4cac8d43f6eaf7daeb4267d1657da0b372e2c75c28aa279812,960044,508096800,508576800,a11c9edf7d30e209b00dfc804588b4d2d286457d32725853a26985138bfe0fb7,0,0,23262abea4a78a15730cb9a904377c1f1d1cf4547ae64d53542b914fb33ec930,saved_rule_based,1.79
section_00_source_train_normal_000160,train,source,normal,B,20260904T172511Z-ad415a2a4c50dc17545694e5,20260904T172511Z-ad415a2a4c50dc17545694e5-dg-bead543a888d-000099,1,none,none,slow,normal-slow-2,rear,normal,clipped/audio_event_clean/normal/20260904T172511Z-ad415a2a4c50dc17545694e5-dg-bead543a888d-000099_ch1.wav,3DPrinter/train/section_00_source_train_normal_000160.wav,a8343a73a16d10268bd0a7b111caa6c79e0100da051fa39b4fcdf7b5be58fd33,960044,509056800,509536800,a11c9edf7d30e209b00dfc804588b4d2d286457d32725853a26985138bfe0fb7,0,0,23262abea4a78a15730cb9a904377c1f1d1cf4547ae64d53542b914fb33ec930,saved_rule_based,1.79
section_00_source_train_normal_000161,train,source,normal,B,20260904T172511Z-ad415a2a4c50dc17545694e5,20260904T172511Z-ad415a2a4c50dc17545694e5-dg-bead543a888d-000102,1,none,none,slow,normal-slow-2,rear,normal,clipped/audio_event_clean/normal/20260904T172511Z-ad415a2a4c50dc17545694e5-dg-bead543a888d-000102_ch1.wav,3DPrinter/train/section_00_source_train_normal_000161.wav,9c676a40a7f38f31caf0655fdfe36a8b00dd8c7db667ca249eb4775b312e0865,960044,510496800,510976800,a11c9edf7d30e209b00dfc804588b4d2d286457d32725853a26985138bfe0fb7,0,0,23262abea4a78a15730cb9a904377c1f1d1cf4547ae64d53542b914fb33ec930,saved_rule_based,1.79
section_00_source_train_normal_000162,train,source,normal,B,20260904T172511Z-ad415a2a4c50dc17545694e5,20260904T172511Z-ad415a2a4c50dc17545694e5-dg-bead543a888d-000105,1,none,none,slow,normal-slow-2,rear,normal,clipped/audio_event_clean/normal/20260904T172511Z-ad415a2a4c50dc17545694e5-dg-bead543a888d-000105_ch1.wav,3DPrinter/train/section_00_source_train_normal_000162.wav,e31413e065701e1c25746f270c378baa6c23c3df82fd3d6ea04fae4ebf7ff662,960044,511936800,512416800,a11c9edf7d30e209b00dfc804588b4d2d286457d32725853a26985138bfe0fb7,0,0,23262abea4a78a15730cb9a904377c1f1d1cf4547ae64d53542b914fb33ec930,saved_rule_based,1.79
section_00_source_train_normal_000163,train,source,normal,B,20260904T172511Z-ad415a2a4c50dc17545694e5,20260904T172511Z-ad415a2a4c50dc17545694e5-dg-bead543a888d-000112,1,none,none,slow,normal-slow-2,rear,normal,clipped/audio_event_clean/normal/20260904T172511Z-ad415a2a4c50dc17545694e5-dg-bead543a888d-000112_ch1.wav,3DPrinter/train/section_00_source_train_normal_000163.wav,5293f72faacc11dd12a76bcd2e49624e55b657c7dbc1f8d10fe443215362b819,960044,515296800,515776800,a11c9edf7d30e209b00dfc804588b4d2d286457d32725853a26985138bfe0fb7,0,0,23262abea4a78a15730cb9a904377c1f1d1cf4547ae64d53542b914fb33ec930,saved_rule_based,1.79
section_00_source_train_normal_000164,train,source,normal,B,20260904T172511Z-ad415a2a4c50dc17545694e5,20260904T172511Z-ad415a2a4c50dc17545694e5-dg-bead543a888d-000113,1,none,none,slow,normal-slow-2,rear,normal,clipped/audio_event_clean/normal/20260904T172511Z-ad415a2a4c50dc17545694e5-dg-bead543a888d-000113_ch1.wav,3DPrinter/train/section_00_source_train_normal_000164.wav,799e29632b77956bddc8d654ad8ca7559e9b92adb25442165e80ff428307793c,960044,515776800,516256800,a11c9edf7d30e209b00dfc804588b4d2d286457d32725853a26985138bfe0fb7,0,0,23262abea4a78a15730cb9a904377c1f1d1cf4547ae64d53542b914fb33ec930,saved_rule_based,1.79
section_00_source_train_normal_000165,train,source,normal,B,20260904T172511Z-ad415a2a4c50dc17545694e5,20260904T172511Z-ad415a2a4c50dc17545694e5-dg-bead543a888d-000116,1,none,none,slow,normal-slow-2,rear,normal,clipped/audio_event_clean/normal/20260904T172511Z-ad415a2a4c50dc17545694e5-dg-bead543a888d-000116_ch1.wav,3DPrinter/train/section_00_source_train_normal_000165.wav,265692ef161d6aadda4343c2e91f660f11f24ee204cb80f69b2d16ec657d4df1,960044,517216800,517696800,a11c9edf7d30e209b00dfc804588b4d2d286457d32725853a26985138bfe0fb7,0,0,23262abea4a78a15730cb9a904377c1f1d1cf4547ae64d53542b914fb33ec930,saved_rule_based,1.79
section_00_source_train_normal_000166,train,source,normal,B,20260904T172511Z-ad415a2a4c50dc17545694e5,20260904T172511Z-ad415a2a4c50dc17545694e5-dg-bead543a888d-000121,1,none,none,slow,normal-slow-2,rear,normal,clipped/audio_event_clean/normal/20260904T172511Z-ad415a2a4c50dc17545694e5-dg-bead543a888d-000121_ch1.wav,3DPrinter/train/section_00_source_train_normal_000166.wav,e6fa8e288638177df296b9221446143d0c61903ceb47688e50ad8fc6b3c9ad41,960044,519616800,520096800,a11c9edf7d30e209b00dfc804588b4d2d286457d32725853a26985138bfe0fb7,0,0,23262abea4a78a15730cb9a904377c1f1d1cf4547ae64d53542b914fb33ec930,saved_rule_based,1.79
section_00_source_train_normal_000167,train,source,normal,B,20260904T172511Z-ad415a2a4c50dc17545694e5,20260904T172511Z-ad415a2a4c50dc17545694e5-dg-bead543a888d-000126,1,none,none,slow,normal-slow-2,rear,normal,clipped/audio_event_clean/normal/20260904T172511Z-ad415a2a4c50dc17545694e5-dg-bead543a888d-000126_ch1.wav,3DPrinter/train/section_00_source_train_normal_000167.wav,243c59d998694d36fd3bd7da3baff28cf5b0f9641d675732833162a03fc34e13,960044,522016800,522496800,a11c9edf7d30e209b00dfc804588b4d2d286457d32725853a26985138bfe0fb7,0,0,23262abea4a78a15730cb9a904377c1f1d1cf4547ae64d53542b914fb33ec930,saved_rule_based,1.79
section_00_source_train_normal_000168,train,source,normal,B,20260904T172511Z-ad415a2a4c50dc17545694e5,20260904T172511Z-ad415a2a4c50dc17545694e5-dg-bead543a888d-000127,1,none,none,slow,normal-slow-2,rear,normal,clipped/audio_event_clean/normal/20260904T172511Z-ad415a2a4c50dc17545694e5-dg-bead543a888d-000127_ch1.wav,3DPrinter/train/section_00_source_train_normal_000168.wav,44d5e2d54f20bbb5019c7319c0aabf4f7dad7cbfb21ffe9051bf0f063748f9d7,960044,522496800,522976800,a11c9edf7d30e209b00dfc804588b4d2d286457d32725853a26985138bfe0fb7,0,0,23262abea4a78a15730cb9a904377c1f1d1cf4547ae64d53542b914fb33ec930,saved_rule_based,1.79
section_00_source_train_normal_000169,train,source,normal,B,20260904T172511Z-ad415a2a4c50dc17545694e5,20260904T172511Z-ad415a2a4c50dc17545694e5-dg-bead543a888d-000128,1,none,none,slow,normal-slow-2,rear,normal,clipped/audio_event_clean/normal/20260904T172511Z-ad415a2a4c50dc17545694e5-dg-bead543a888d-000128_ch1.wav,3DPrinter/train/section_00_source_train_normal_000169.wav,99dd462dee554b53e24baa67a6d91641a21666e5ffb49b36474e6f01d97d89b4,960044,522976800,523456800,a11c9edf7d30e209b00dfc804588b4d2d286457d32725853a26985138bfe0fb7,0,0,23262abea4a78a15730cb9a904377c1f1d1cf4547ae64d53542b914fb33ec930,saved_rule_based,1.79
section_00_source_train_normal_000170,train,source,normal,B,20260904T172511Z-ad415a2a4c50dc17545694e5,20260904T172511Z-ad415a2a4c50dc17545694e5-dg-bead543a888d-000129,1,none,none,slow,normal-slow-2,rear,normal,clipped/audio_event_clean/normal/20260904T172511Z-ad415a2a4c50dc17545694e5-dg-bead543a888d-000129_ch1.wav,3DPrinter/train/section_00_source_train_normal_000170.wav,27074554319f1eb320f009b04dbbe01af1d3d09ba3da3f724fedf67b9d9783a4,960044,523456800,523936800,a11c9edf7d30e209b00dfc804588b4d2d286457d32725853a26985138bfe0fb7,0,0,23262abea4a78a15730cb9a904377c1f1d1cf4547ae64d53542b914fb33ec930,saved_rule_based,1.79
section_00_source_train_normal_000171,train,source,normal,B,20260904T172511Z-ad415a2a4c50dc17545694e5,20260904T172511Z-ad415a2a4c50dc17545694e5-dg-bead543a888d-000132,1,none,none,slow,normal-slow-2,rear,normal,clipped/audio_event_clean/normal/20260904T172511Z-ad415a2a4c50dc17545694e5-dg-bead543a888d-000132_ch1.wav,3DPrinter/train/section_00_source_train_normal_000171.wav,b8dac7cb79578821d7736c5d1c58b923691151405f26596453eca15eba417a08,960044,524896800,525376800,a11c9edf7d30e209b00dfc804588b4d2d286457d32725853a26985138bfe0fb7,0,0,23262abea4a78a15730cb9a904377c1f1d1cf4547ae64d53542b914fb33ec930,saved_rule_based,1.79
section_00_source_train_normal_000172,train,source,normal,B,20260904T172511Z-ad415a2a4c50dc17545694e5,20260904T172511Z-ad415a2a4c50dc17545694e5-dg-bead543a888d-000133,1,none,none,slow,normal-slow-2,rear,normal,clipped/audio_event_clean/normal/20260904T172511Z-ad415a2a4c50dc17545694e5-dg-bead543a888d-000133_ch1.wav,3DPrinter/train/section_00_source_train_normal_000172.wav,853067f3a8ad1b12907d2110e90951bbd96320d6a7f6357aae61f3dfd7364a9f,960044,525376800,525856800,a11c9edf7d30e209b00dfc804588b4d2d286457d32725853a26985138bfe0fb7,0,0,23262abea4a78a15730cb9a904377c1f1d1cf4547ae64d53542b914fb33ec930,saved_rule_based,1.79
section_00_source_train_normal_000173,train,source,normal,B,20260904T172511Z-ad415a2a4c50dc17545694e5,20260904T172511Z-ad415a2a4c50dc17545694e5-dg-bead543a888d-000134,1,none,none,slow,normal-slow-2,rear,normal,clipped/audio_event_clean/normal/20260904T172511Z-ad415a2a4c50dc17545694e5-dg-bead543a888d-000134_ch1.wav,3DPrinter/train/section_00_source_train_normal_000173.wav,dadfbb492523a0e3c2d103ec160e01d564ceb161fb586c579dac60c5ce8e6bc8,960044,525856800,526336800,a11c9edf7d30e209b00dfc804588b4d2d286457d32725853a26985138bfe0fb7,0,0,23262abea4a78a15730cb9a904377c1f1d1cf4547ae64d53542b914fb33ec930,saved_rule_based,1.79
section_00_source_train_normal_000174,train,source,normal,B,20260904T172511Z-ad415a2a4c50dc17545694e5,20260904T172511Z-ad415a2a4c50dc17545694e5-dg-bead543a888d-000136,1,none,none,slow,normal-slow-2,rear,normal,clipped/audio_event_clean/normal/20260904T172511Z-ad415a2a4c50dc17545694e5-dg-bead543a888d-000136_ch1.wav,3DPrinter/train/section_00_source_train_normal_000174.wav,ae4b2db309abb61bb480391d0f7d5493efacdbb3a42ceb11b07f9acfc118a4c5,960044,526816800,527296800,a11c9edf7d30e209b00dfc804588b4d2d286457d32725853a26985138bfe0fb7,0,0,23262abea4a78a15730cb9a904377c1f1d1cf4547ae64d53542b914fb33ec930,saved_rule_based,1.79
section_00_source_train_normal_000175,train,source,normal,B,20260904T172511Z-ad415a2a4c50dc17545694e5,20260904T172511Z-ad415a2a4c50dc17545694e5-dg-bead543a888d-000140,1,none,none,slow,normal-slow-2,rear,normal,clipped/audio_event_clean/normal/20260904T172511Z-ad415a2a4c50dc17545694e5-dg-bead543a888d-000140_ch1.wav,3DPrinter/train/section_00_source_train_normal_000175.wav,2d857eb0050fd697bea28d790c3a58032581f3f89091cbc74b11b5ce27555a84,960044,528736800,529216800,a11c9edf7d30e209b00dfc804588b4d2d286457d32725853a26985138bfe0fb7,0,0,23262abea4a78a15730cb9a904377c1f1d1cf4547ae64d53542b914fb33ec930,saved_rule_based,1.79
section_00_source_train_normal_000176,train,source,normal,B,20260904T172511Z-ad415a2a4c50dc17545694e5,20260904T172511Z-ad415a2a4c50dc17545694e5-dg-bead543a888d-000141,1,none,none,slow,normal-slow-2,rear,normal,clipped/audio_event_clean/normal/20260904T172511Z-ad415a2a4c50dc17545694e5-dg-bead543a888d-000141_ch1.wav,3DPrinter/train/section_00_source_train_normal_000176.wav,e283224c1059acfc6edab10d1f5ec22d4c14cf0030271fd334d0864f6772df4c,960044,529216800,529696800,a11c9edf7d30e209b00dfc804588b4d2d286457d32725853a26985138bfe0fb7,0,0,23262abea4a78a15730cb9a904377c1f1d1cf4547ae64d53542b914fb33ec930,saved_rule_based,1.79
section_00_source_train_normal_000177,train,source,normal,B,20260904T172511Z-ad415a2a4c50dc17545694e5,20260904T172511Z-ad415a2a4c50dc17545694e5-dg-bead543a888d-000146,1,none,none,slow,normal-slow-2,rear,normal,clipped/audio_event_clean/normal/20260904T172511Z-ad415a2a4c50dc17545694e5-dg-bead543a888d-000146_ch1.wav,3DPrinter/train/section_00_source_train_normal_000177.wav,421a73c24c0114426ed6361c37a53eb9cbbbeb285dc76bea580ba5cf1da5484f,960044,531616800,532096800,a11c9edf7d30e209b00dfc804588b4d2d286457d32725853a26985138bfe0fb7,0,0,23262abea4a78a15730cb9a904377c1f1d1cf4547ae64d53542b914fb33ec930,saved_rule_based,1.79
section_00_source_train_normal_000178,train,source,normal,B,20260904T172511Z-ad415a2a4c50dc17545694e5,20260904T172511Z-ad415a2a4c50dc17545694e5-dg-bead543a888d-000150,1,none,none,slow,normal-slow-2,rear,normal,clipped/audio_event_clean/normal/20260904T172511Z-ad415a2a4c50dc17545694e5-dg-bead543a888d-000150_ch1.wav,3DPrinter/train/section_00_source_train_normal_000178.wav,808aa127363659c1c331b1099883ff352992ad3cdfa6830a9fbc6c48910e3a6a,960044,533536800,534016800,a11c9edf7d30e209b00dfc804588b4d2d286457d32725853a26985138bfe0fb7,0,0,23262abea4a78a15730cb9a904377c1f1d1cf4547ae64d53542b914fb33ec930,saved_rule_based,1.79
section_00_source_train_normal_000179,train,source,normal,B,20260904T172511Z-ad415a2a4c50dc17545694e5,20260904T172511Z-ad415a2a4c50dc17545694e5-dg-bead543a888d-000151,1,none,none,slow,normal-slow-2,rear,normal,clipped/audio_event_clean/normal/20260904T172511Z-ad415a2a4c50dc17545694e5-dg-bead543a888d-000151_ch1.wav,3DPrinter/train/section_00_source_train_normal_000179.wav,f210739936a21aa730d1e68d2c9bcdf2b32f02bdd2842adb22d898c3d5d6cca7,960044,534016800,534496800,a11c9edf7d30e209b00dfc804588b4d2d286457d32725853a26985138bfe0fb7,0,0,23262abea4a78a15730cb9a904377c1f1d1cf4547ae64d53542b914fb33ec930,saved_rule_based,1.79
section_00_source_train_normal_000180,train,source,normal,B,20260904T172511Z-ad415a2a4c50dc17545694e5,20260904T172511Z-ad415a2a4c50dc17545694e5-dg-bead543a888d-000152,1,none,none,slow,normal-slow-2,rear,normal,clipped/audio_event_clean/normal/20260904T172511Z-ad415a2a4c50dc17545694e5-dg-bead543a888d-000152_ch1.wav,3DPrinter/train/section_00_source_train_normal_000180.wav,bdd82165a7865973b0114af3efe9090a6886490b2dac4b2570997cc2f8f2776c,960044,534496800,534976800,a11c9edf7d30e209b00dfc804588b4d2d286457d32725853a26985138bfe0fb7,0,0,23262abea4a78a15730cb9a904377c1f1d1cf4547ae64d53542b914fb33ec930,saved_rule_based,1.79
section_00_source_train_normal_000181,train,source,normal,B,20260904T172511Z-ad415a2a4c50dc17545694e5,20260904T172511Z-ad415a2a4c50dc17545694e5-dg-bead543a888d-000154,1,none,none,slow,normal-slow-2,rear,normal,clipped/audio_event_clean/normal/20260904T172511Z-ad415a2a4c50dc17545694e5-dg-bead543a888d-000154_ch1.wav,3DPrinter/train/section_00_source_train_normal_000181.wav,928294965e6c4ec371d9d439331e253ba9e9dfab00875a4bfd8bbd610e02cb2c,960044,535456800,535936800,a11c9edf7d30e209b00dfc804588b4d2d286457d32725853a26985138bfe0fb7,0,0,23262abea4a78a15730cb9a904377c1f1d1cf4547ae64d53542b914fb33ec930,saved_rule_based,1.79
section_00_source_train_normal_000182,train,source,normal,B,20260904T172511Z-ad415a2a4c50dc17545694e5,20260904T172511Z-ad415a2a4c50dc17545694e5-dg-bead543a888d-000155,1,none,none,slow,normal-slow-2,rear,normal,clipped/audio_event_clean/normal/20260904T172511Z-ad415a2a4c50dc17545694e5-dg-bead543a888d-000155_ch1.wav,3DPrinter/train/section_00_source_train_normal_000182.wav,ad9d2a679d7fee78d666eea6f09ccb0d63f27870b8c3bb068460fd4beb8b5688,960044,535936800,536416800,a11c9edf7d30e209b00dfc804588b4d2d286457d32725853a26985138bfe0fb7,0,0,23262abea4a78a15730cb9a904377c1f1d1cf4547ae64d53542b914fb33ec930,saved_rule_based,1.79
section_00_source_train_normal_000183,train,source,normal,B,20260904T172511Z-ad415a2a4c50dc17545694e5,20260904T172511Z-ad415a2a4c50dc17545694e5-dg-bead543a888d-000156,1,none,none,slow,normal-slow-2,rear,normal,clipped/audio_event_clean/normal/20260904T172511Z-ad415a2a4c50dc17545694e5-dg-bead543a888d-000156_ch1.wav,3DPrinter/train/section_00_source_train_normal_000183.wav,8caa97499457eecdd81656c55d32f121dc69164e87f6902f55692310d6fcbb7d,960044,536416800,536896800,a11c9edf7d30e209b00dfc804588b4d2d286457d32725853a26985138bfe0fb7,0,0,23262abea4a78a15730cb9a904377c1f1d1cf4547ae64d53542b914fb33ec930,saved_rule_based,1.79
section_00_source_train_normal_000184,train,source,normal,B,20260904T172511Z-ad415a2a4c50dc17545694e5,20260904T172511Z-ad415a2a4c50dc17545694e5-dg-bead543a888d-000157,1,none,none,slow,normal-slow-2,rear,normal,clipped/audio_event_clean/normal/20260904T172511Z-ad415a2a4c50dc17545694e5-dg-bead543a888d-000157_ch1.wav,3DPrinter/train/section_00_source_train_normal_000184.wav,96bc3c016c3fd2482d4d7711b80c24b083ed1d1133fa331e3ca1ab4752110288,960044,536896800,537376800,a11c9edf7d30e209b00dfc804588b4d2d286457d32725853a26985138bfe0fb7,0,0,23262abea4a78a15730cb9a904377c1f1d1cf4547ae64d53542b914fb33ec930,saved_rule_based,1.79
section_00_source_train_normal_000185,train,source,normal,B,20260904T172511Z-ad415a2a4c50dc17545694e5,20260904T172511Z-ad415a2a4c50dc17545694e5-dg-bead543a888d-000158,1,none,none,slow,normal-slow-2,rear,normal,clipped/audio_event_clean/normal/20260904T172511Z-ad415a2a4c50dc17545694e5-dg-bead543a888d-000158_ch1.wav,3DPrinter/train/section_00_source_train_normal_000185.wav,550799485b8b1d50c7fe3439506be218002c17f782585547e7c762828c36377f,960044,537376800,537856800,a11c9edf7d30e209b00dfc804588b4d2d286457d32725853a26985138bfe0fb7,0,0,23262abea4a78a15730cb9a904377c1f1d1cf4547ae64d53542b914fb33ec930,saved_rule_based,1.79
section_00_source_train_normal_000186,train,source,normal,B,20260904T172511Z-ad415a2a4c50dc17545694e5,20260904T172511Z-ad415a2a4c50dc17545694e5-dg-bead543a888d-000160,1,none,none,slow,normal-slow-2,rear,normal,clipped/audio_event_clean/normal/20260904T172511Z-ad415a2a4c50dc17545694e5-dg-bead543a888d-000160_ch1.wav,3DPrinter/train/section_00_source_train_normal_000186.wav,9ddd340d02a51544bfe91fddc8ec90f1ac5bc90d5c7b8ad18a117839b79018bf,960044,538336800,538816800,a11c9edf7d30e209b00dfc804588b4d2d286457d32725853a26985138bfe0fb7,0,0,23262abea4a78a15730cb9a904377c1f1d1cf4547ae64d53542b914fb33ec930,saved_rule_based,1.79
section_00_source_train_normal_000187,train,source,normal,B,20260904T172511Z-ad415a2a4c50dc17545694e5,20260904T172511Z-ad415a2a4c50dc17545694e5-dg-bead543a888d-000163,1,none,none,slow,normal-slow-2,rear,normal,clipped/audio_event_clean/normal/20260904T172511Z-ad415a2a4c50dc17545694e5-dg-bead543a888d-000163_ch1.wav,3DPrinter/train/section_00_source_train_normal_000187.wav,682de04e842b09caaf07c2065eb6f3311f18b17108b9d38efebb22cc228ffeee,960044,539776800,540256800,a11c9edf7d30e209b00dfc804588b4d2d286457d32725853a26985138bfe0fb7,0,0,23262abea4a78a15730cb9a904377c1f1d1cf4547ae64d53542b914fb33ec930,saved_rule_based,1.79
section_00_source_train_normal_000188,train,source,normal,B,20260904T172511Z-ad415a2a4c50dc17545694e5,20260904T172511Z-ad415a2a4c50dc17545694e5-dg-bead543a888d-000166,1,none,none,slow,normal-slow-2,rear,normal,clipped/audio_event_clean/normal/20260904T172511Z-ad415a2a4c50dc17545694e5-dg-bead543a888d-000166_ch1.wav,3DPrinter/train/section_00_source_train_normal_000188.wav,b34cc2e91d1a2ec0db55cc42f405e2ffbdd75a8fa3f9851ef602f7e478a47e3f,960044,541216800,541696800,a11c9edf7d30e209b00dfc804588b4d2d286457d32725853a26985138bfe0fb7,0,0,23262abea4a78a15730cb9a904377c1f1d1cf4547ae64d53542b914fb33ec930,saved_rule_based,1.79
section_00_source_train_normal_000189,train,source,normal,B,20260904T172511Z-ad415a2a4c50dc17545694e5,20260904T172511Z-ad415a2a4c50dc17545694e5-dg-bead543a888d-000171,1,none,none,slow,normal-slow-2,rear,normal,clipped/audio_event_clean/normal/20260904T172511Z-ad415a2a4c50dc17545694e5-dg-bead543a888d-000171_ch1.wav,3DPrinter/train/section_00_source_train_normal_000189.wav,7a62b01ba787b4ce33f88a20401080718967806a8a8e11393390516d8f400f57,960044,543616800,544096800,a11c9edf7d30e209b00dfc804588b4d2d286457d32725853a26985138bfe0fb7,0,0,23262abea4a78a15730cb9a904377c1f1d1cf4547ae64d53542b914fb33ec930,saved_rule_based,1.79
section_00_source_train_normal_000190,train,source,normal,B,20260904T172511Z-ad415a2a4c50dc17545694e5,20260904T172511Z-ad415a2a4c50dc17545694e5-dg-bead543a888d-000174,1,none,none,slow,normal-slow-2,rear,normal,clipped/audio_event_clean/normal/20260904T172511Z-ad415a2a4c50dc17545694e5-dg-bead543a888d-000174_ch1.wav,3DPrinter/train/section_00_source_train_normal_000190.wav,5fbf8ad983ee81b8ba7c62baaa5fe6c89157a10d614dc87744a5abf1095a6fd4,960044,545056800,545536800,a11c9edf7d30e209b00dfc804588b4d2d286457d32725853a26985138bfe0fb7,0,0,23262abea4a78a15730cb9a904377c1f1d1cf4547ae64d53542b914fb33ec930,saved_rule_based,1.79
section_00_source_train_normal_000191,train,source,normal,B,20260904T172511Z-ad415a2a4c50dc17545694e5,20260904T172511Z-ad415a2a4c50dc17545694e5-dg-bead543a888d-000175,1,none,none,slow,normal-slow-2,rear,normal,clipped/audio_event_clean/normal/20260904T172511Z-ad415a2a4c50dc17545694e5-dg-bead543a888d-000175_ch1.wav,3DPrinter/train/section_00_source_train_normal_000191.wav,0721c27aaf7d99e21223edcb9c81d59171273ff04b737cc478fdae54f3130672,960044,545536800,546016800,a11c9edf7d30e209b00dfc804588b4d2d286457d32725853a26985138bfe0fb7,0,0,23262abea4a78a15730cb9a904377c1f1d1cf4547ae64d53542b914fb33ec930,saved_rule_based,1.79
section_00_source_train_normal_000192,train,source,normal,B,20260904T172511Z-ad415a2a4c50dc17545694e5,20260904T172511Z-ad415a2a4c50dc17545694e5-dg-bead543a888d-000176,1,none,none,slow,normal-slow-2,rear,normal,clipped/audio_event_clean/normal/20260904T172511Z-ad415a2a4c50dc17545694e5-dg-bead543a888d-000176_ch1.wav,3DPrinter/train/section_00_source_train_normal_000192.wav,91e2a0568b6e0d0a4f8bdb62b80858923260d39b4acb1e49378bf4ed85af1265,960044,546016800,546496800,a11c9edf7d30e209b00dfc804588b4d2d286457d32725853a26985138bfe0fb7,0,0,23262abea4a78a15730cb9a904377c1f1d1cf4547ae64d53542b914fb33ec930,saved_rule_based,1.79
section_00_source_train_normal_000193,train,source,normal,B,20260904T172511Z-ad415a2a4c50dc17545694e5,20260904T172511Z-ad415a2a4c50dc17545694e5-dg-bead543a888d-000177,1,none,none,slow,normal-slow-2,rear,normal,clipped/audio_event_clean/normal/20260904T172511Z-ad415a2a4c50dc17545694e5-dg-bead543a888d-000177_ch1.wav,3DPrinter/train/section_00_source_train_normal_000193.wav,b6f4f7cbbc6930c5fd76ad13b4c4aa9b1591ee3d08d57e68f3adab9a364d0004,960044,546496800,546976800,a11c9edf7d30e209b00dfc804588b4d2d286457d32725853a26985138bfe0fb7,0,0,23262abea4a78a15730cb9a904377c1f1d1cf4547ae64d53542b914fb33ec930,saved_rule_based,1.79
section_00_source_train_normal_000194,train,source,normal,B,20260904T172511Z-ad415a2a4c50dc17545694e5,20260904T172511Z-ad415a2a4c50dc17545694e5-dg-bead543a888d-000182,1,none,none,slow,normal-slow-2,rear,normal,clipped/audio_event_clean/normal/20260904T172511Z-ad415a2a4c50dc17545694e5-dg-bead543a888d-000182_ch1.wav,3DPrinter/train/section_00_source_train_normal_000194.wav,940f3bd6dbc3079474b4bacddf9678e560035aca13e6a06627ff81891e66ef20,960044,548896800,549376800,a11c9edf7d30e209b00dfc804588b4d2d286457d32725853a26985138bfe0fb7,0,0,23262abea4a78a15730cb9a904377c1f1d1cf4547ae64d53542b914fb33ec930,saved_rule_based,1.79
section_00_source_train_normal_000195,train,source,normal,B,20260904T172511Z-ad415a2a4c50dc17545694e5,20260904T172511Z-ad415a2a4c50dc17545694e5-dg-bead543a888d-000183,1,none,none,slow,normal-slow-2,rear,normal,clipped/audio_event_clean/normal/20260904T172511Z-ad415a2a4c50dc17545694e5-dg-bead543a888d-000183_ch1.wav,3DPrinter/train/section_00_source_train_normal_000195.wav,ce265f61522da6a9a8c34cf1ba1b53f97227d8fdafe4872a86fdd7b95218c26c,960044,549376800,549856800,a11c9edf7d30e209b00dfc804588b4d2d286457d32725853a26985138bfe0fb7,0,0,23262abea4a78a15730cb9a904377c1f1d1cf4547ae64d53542b914fb33ec930,saved_rule_based,1.79
section_00_source_train_normal_000196,train,source,normal,B,20260904T172511Z-ad415a2a4c50dc17545694e5,20260904T172511Z-ad415a2a4c50dc17545694e5-dg-bead543a888d-000184,1,none,none,slow,normal-slow-2,rear,normal,clipped/audio_event_clean/normal/20260904T172511Z-ad415a2a4c50dc17545694e5-dg-bead543a888d-000184_ch1.wav,3DPrinter/train/section_00_source_train_normal_000196.wav,d2d61a97d925c07f3f18e68c6e8aba81043d5be1216c22aedca42fd5f3d70ad2,960044,549856800,550336800,a11c9edf7d30e209b00dfc804588b4d2d286457d32725853a26985138bfe0fb7,0,0,23262abea4a78a15730cb9a904377c1f1d1cf4547ae64d53542b914fb33ec930,saved_rule_based,1.79
section_00_source_train_normal_000197,train,source,normal,B,20260904T172511Z-ad415a2a4c50dc17545694e5,20260904T172511Z-ad415a2a4c50dc17545694e5-dg-bead543a888d-000188,1,none,none,slow,normal-slow-2,rear,normal,clipped/audio_event_clean/normal/20260904T172511Z-ad415a2a4c50dc17545694e5-dg-bead543a888d-000188_ch1.wav,3DPrinter/train/section_00_source_train_normal_000197.wav,fb2ee70b5f697ce967f392ee17dce6da605322e273d983607a15096f47a87fc6,960044,551776800,552256800,a11c9edf7d30e209b00dfc804588b4d2d286457d32725853a26985138bfe0fb7,0,0,23262abea4a78a15730cb9a904377c1f1d1cf4547ae64d53542b914fb33ec930,saved_rule_based,1.79
section_00_source_train_normal_000198,train,source,normal,B,20260904T172511Z-ad415a2a4c50dc17545694e5,20260904T172511Z-ad415a2a4c50dc17545694e5-dg-bead543a888d-000190,1,none,none,slow,normal-slow-2,rear,normal,clipped/audio_event_clean/normal/20260904T172511Z-ad415a2a4c50dc17545694e5-dg-bead543a888d-000190_ch1.wav,3DPrinter/train/section_00_source_train_normal_000198.wav,9a0b8e15f3db015d5638ba6e708af82f16904b29bdde5befc2516cde7d03ccde,960044,552736800,553216800,a11c9edf7d30e209b00dfc804588b4d2d286457d32725853a26985138bfe0fb7,0,0,23262abea4a78a15730cb9a904377c1f1d1cf4547ae64d53542b914fb33ec930,saved_rule_based,1.79
section_00_source_train_normal_000199,train,source,normal,B,20260904T172511Z-ad415a2a4c50dc17545694e5,20260904T172511Z-ad415a2a4c50dc17545694e5-dg-bead543a888d-000192,1,none,none,slow,normal-slow-2,rear,normal,clipped/audio_event_clean/normal/20260904T172511Z-ad415a2a4c50dc17545694e5-dg-bead543a888d-000192_ch1.wav,3DPrinter/train/section_00_source_train_normal_000199.wav,4911fbdf52be73c62c54c7521049d8928f4c5367d3edf83105cfd7d25453279a,960044,553696800,554176800,a11c9edf7d30e209b00dfc804588b4d2d286457d32725853a26985138bfe0fb7,0,0,23262abea4a78a15730cb9a904377c1f1d1cf4547ae64d53542b914fb33ec930,saved_rule_based,1.79
section_00_source_train_normal_000200,train,source,normal,B,20260904T172511Z-ad415a2a4c50dc17545694e5,20260904T172511Z-ad415a2a4c50dc17545694e5-dg-bead543a888d-000193,1,none,none,slow,normal-slow-2,rear,normal,clipped/audio_event_clean/normal/20260904T172511Z-ad415a2a4c50dc17545694e5-dg-bead543a888d-000193_ch1.wav,3DPrinter/train/section_00_source_train_normal_000200.wav,9904032a0288dfcf806b755ca51ecbae1f3aa010b2354b381835de3605f0747e,960044,554176800,554656800,a11c9edf7d30e209b00dfc804588b4d2d286457d32725853a26985138bfe0fb7,0,0,23262abea4a78a15730cb9a904377c1f1d1cf4547ae64d53542b914fb33ec930,saved_rule_based,1.79
section_00_source_train_normal_000201,train,source,normal,B,20260904T172511Z-ad415a2a4c50dc17545694e5,20260904T172511Z-ad415a2a4c50dc17545694e5-dg-bead543a888d-000195,1,none,none,slow,normal-slow-2,rear,normal,clipped/audio_event_clean/normal/20260904T172511Z-ad415a2a4c50dc17545694e5-dg-bead543a888d-000195_ch1.wav,3DPrinter/train/section_00_source_train_normal_000201.wav,a42686c250982cce8ff86b3b3e594a4bf91a629f3c91d722c2caf85d06ec285c,960044,555136800,555616800,a11c9edf7d30e209b00dfc804588b4d2d286457d32725853a26985138bfe0fb7,0,0,23262abea4a78a15730cb9a904377c1f1d1cf4547ae64d53542b914fb33ec930,saved_rule_based,1.79
section_00_source_train_normal_000202,train,source,normal,B,20260904T172511Z-ad415a2a4c50dc17545694e5,20260904T172511Z-ad415a2a4c50dc17545694e5-dg-bead543a888d-000198,1,none,none,slow,normal-slow-2,rear,normal,clipped/audio_event_clean/normal/20260904T172511Z-ad415a2a4c50dc17545694e5-dg-bead543a888d-000198_ch1.wav,3DPrinter/train/section_00_source_train_normal_000202.wav,ca47782bbec9d4e4bd86945d04f37dc9f5e2b3c30c34f8e7608a87d43b7204f1,960044,556576800,557056800,a11c9edf7d30e209b00dfc804588b4d2d286457d32725853a26985138bfe0fb7,0,0,23262abea4a78a15730cb9a904377c1f1d1cf4547ae64d53542b914fb33ec930,saved_rule_based,1.79
section_00_source_train_normal_000203,train,source,normal,B,20260904T172511Z-ad415a2a4c50dc17545694e5,20260904T172511Z-ad415a2a4c50dc17545694e5-dg-bead543a888d-000204,1,none,none,slow,normal-slow-2,rear,normal,clipped/audio_event_clean/normal/20260904T172511Z-ad415a2a4c50dc17545694e5-dg-bead543a888d-000204_ch1.wav,3DPrinter/train/section_00_source_train_normal_000203.wav,7b93b7cad572b212965c61cbd9db4e39f68d4c92c6dad8395cb8ff11ae07c03b,960044,559456800,559936800,a11c9edf7d30e209b00dfc804588b4d2d286457d32725853a26985138bfe0fb7,0,0,23262abea4a78a15730cb9a904377c1f1d1cf4547ae64d53542b914fb33ec930,saved_rule_based,1.79
section_00_source_train_normal_000204,train,source,normal,B,20260904T172511Z-ad415a2a4c50dc17545694e5,20260904T172511Z-ad415a2a4c50dc17545694e5-dg-bead543a888d-000210,1,none,none,slow,normal-slow-2,rear,normal,clipped/audio_event_clean/normal/20260904T172511Z-ad415a2a4c50dc17545694e5-dg-bead543a888d-000210_ch1.wav,3DPrinter/train/section_00_source_train_normal_000204.wav,b48554cf1aa7a2b3692aafa7c8d0f44a4f117a57e5508deeac8dff2d62c67977,960044,562336800,562816800,a11c9edf7d30e209b00dfc804588b4d2d286457d32725853a26985138bfe0fb7,0,0,23262abea4a78a15730cb9a904377c1f1d1cf4547ae64d53542b914fb33ec930,saved_rule_based,1.79
section_00_source_train_normal_000205,train,source,normal,B,20260904T172511Z-ad415a2a4c50dc17545694e5,20260904T172511Z-ad415a2a4c50dc17545694e5-dg-bead543a888d-000212,1,none,none,slow,normal-slow-2,rear,normal,clipped/audio_event_clean/normal/20260904T172511Z-ad415a2a4c50dc17545694e5-dg-bead543a888d-000212_ch1.wav,3DPrinter/train/section_00_source_train_normal_000205.wav,f82adf7676f90e4e66d52ebdb8106fe01b9d578e182e8ef63a3e237a19d8d833,960044,563296800,563776800,a11c9edf7d30e209b00dfc804588b4d2d286457d32725853a26985138bfe0fb7,0,0,23262abea4a78a15730cb9a904377c1f1d1cf4547ae64d53542b914fb33ec930,saved_rule_based,1.79
section_00_source_train_normal_000206,train,source,normal,B,20260904T172511Z-ad415a2a4c50dc17545694e5,20260904T172511Z-ad415a2a4c50dc17545694e5-dg-bead543a888d-000225,1,none,none,slow,normal-slow-2,rear,normal,clipped/audio_event_clean/normal/20260904T172511Z-ad415a2a4c50dc17545694e5-dg-bead543a888d-000225_ch1.wav,3DPrinter/train/section_00_source_train_normal_000206.wav,63e0db04817dfcbb4ec4de85fdba6a7ee1a391bb9ce9cb889e1e2cbdcf45f1d1,960044,569536800,570016800,a11c9edf7d30e209b00dfc804588b4d2d286457d32725853a26985138bfe0fb7,0,0,23262abea4a78a15730cb9a904377c1f1d1cf4547ae64d53542b914fb33ec930,saved_rule_based,1.79
section_00_source_train_normal_000207,train,source,normal,B,20260904T172511Z-ad415a2a4c50dc17545694e5,20260904T172511Z-ad415a2a4c50dc17545694e5-dg-bead543a888d-000227,1,none,none,slow,normal-slow-2,rear,normal,clipped/audio_event_clean/normal/20260904T172511Z-ad415a2a4c50dc17545694e5-dg-bead543a888d-000227_ch1.wav,3DPrinter/train/section_00_source_train_normal_000207.wav,b53b728842bfadc9f56e7c415fd4eb2e1c5b57445ce7a26dbc2130df0a9cc416,960044,570496800,570976800,a11c9edf7d30e209b00dfc804588b4d2d286457d32725853a26985138bfe0fb7,0,0,23262abea4a78a15730cb9a904377c1f1d1cf4547ae64d53542b914fb33ec930,saved_rule_based,1.79
section_00_source_train_normal_000208,train,source,normal,B,20260904T172511Z-ad415a2a4c50dc17545694e5,20260904T172511Z-ad415a2a4c50dc17545694e5-dg-bead543a888d-000228,1,none,none,slow,normal-slow-2,rear,normal,clipped/audio_event_clean/normal/20260904T172511Z-ad415a2a4c50dc17545694e5-dg-bead543a888d-000228_ch1.wav,3DPrinter/train/section_00_source_train_normal_000208.wav,eb573bc16fe20f5327569df95ca85cbacee7747e1e7339e0d907808c33c638fc,960044,570976800,571456800,a11c9edf7d30e209b00dfc804588b4d2d286457d32725853a26985138bfe0fb7,0,0,23262abea4a78a15730cb9a904377c1f1d1cf4547ae64d53542b914fb33ec930,saved_rule_based,1.79
section_00_source_train_normal_000209,train,source,normal,B,20260904T172511Z-ad415a2a4c50dc17545694e5,20260904T172511Z-ad415a2a4c50dc17545694e5-dg-bead543a888d-000229,1,none,none,slow,normal-slow-2,rear,normal,clipped/audio_event_clean/normal/20260904T172511Z-ad415a2a4c50dc17545694e5-dg-bead543a888d-000229_ch1.wav,3DPrinter/train/section_00_source_train_normal_000209.wav,b9fbb46b21f0c019c4ab619cdf493f8c2144f09b9ae708e2535914b60e304eac,960044,571456800,571936800,a11c9edf7d30e209b00dfc804588b4d2d286457d32725853a26985138bfe0fb7,0,0,23262abea4a78a15730cb9a904377c1f1d1cf4547ae64d53542b914fb33ec930,saved_rule_based,1.79
section_00_source_train_normal_000210,train,source,normal,B,20260904T172511Z-ad415a2a4c50dc17545694e5,20260904T172511Z-ad415a2a4c50dc17545694e5-dg-bead543a888d-000231,1,none,none,slow,normal-slow-2,rear,normal,clipped/audio_event_clean/normal/20260904T172511Z-ad415a2a4c50dc17545694e5-dg-bead543a888d-000231_ch1.wav,3DPrinter/train/section_00_source_train_normal_000210.wav,54865c5db90fed373e66f3312ffea6d0b9b3f505c7d52170ca16cd00df4c286f,960044,572416800,572896800,a11c9edf7d30e209b00dfc804588b4d2d286457d32725853a26985138bfe0fb7,0,0,23262abea4a78a15730cb9a904377c1f1d1cf4547ae64d53542b914fb33ec930,saved_rule_based,1.79
section_00_source_train_normal_000211,train,source,normal,B,20260904T172511Z-ad415a2a4c50dc17545694e5,20260904T172511Z-ad415a2a4c50dc17545694e5-dg-bead543a888d-000233,1,none,none,slow,normal-slow-2,rear,normal,clipped/audio_event_clean/normal/20260904T172511Z-ad415a2a4c50dc17545694e5-dg-bead543a888d-000233_ch1.wav,3DPrinter/train/section_00_source_train_normal_000211.wav,00162a4106925f4e2841221237f7a1f7765a42204720d452aa23bfb8e82e2c12,960044,573376800,573856800,a11c9edf7d30e209b00dfc804588b4d2d286457d32725853a26985138bfe0fb7,0,0,23262abea4a78a15730cb9a904377c1f1d1cf4547ae64d53542b914fb33ec930,saved_rule_based,1.79
section_00_source_train_normal_000212,train,source,normal,B,20260904T172511Z-ad415a2a4c50dc17545694e5,20260904T172511Z-ad415a2a4c50dc17545694e5-dg-bead543a888d-000234,1,none,none,slow,normal-slow-2,rear,normal,clipped/audio_event_clean/normal/20260904T172511Z-ad415a2a4c50dc17545694e5-dg-bead543a888d-000234_ch1.wav,3DPrinter/train/section_00_source_train_normal_000212.wav,f87aa1161fe5be288430bc162086b9f8f177660f7c1998a24c2fa3575ab7e458,960044,573856800,574336800,a11c9edf7d30e209b00dfc804588b4d2d286457d32725853a26985138bfe0fb7,0,0,23262abea4a78a15730cb9a904377c1f1d1cf4547ae64d53542b914fb33ec930,saved_rule_based,1.79
section_00_source_train_normal_000213,train,source,normal,B,20260904T172511Z-ad415a2a4c50dc17545694e5,20260904T172511Z-ad415a2a4c50dc17545694e5-dg-bead543a888d-000238,1,none,none,slow,normal-slow-2,rear,normal,clipped/audio_event_clean/normal/20260904T172511Z-ad415a2a4c50dc17545694e5-dg-bead543a888d-000238_ch1.wav,3DPrinter/train/section_00_source_train_normal_000213.wav,eecc3b10aff12176416999e71b8058e6bb0095f423cf4da36449d929ab7ffc12,960044,575776800,576256800,a11c9edf7d30e209b00dfc804588b4d2d286457d32725853a26985138bfe0fb7,0,0,23262abea4a78a15730cb9a904377c1f1d1cf4547ae64d53542b914fb33ec930,saved_rule_based,1.79
section_00_source_train_normal_000214,train,source,normal,B,20260904T172511Z-ad415a2a4c50dc17545694e5,20260904T172511Z-ad415a2a4c50dc17545694e5-dg-bead543a888d-000239,1,none,none,slow,normal-slow-2,rear,normal,clipped/audio_event_clean/normal/20260904T172511Z-ad415a2a4c50dc17545694e5-dg-bead543a888d-000239_ch1.wav,3DPrinter/train/section_00_source_train_normal_000214.wav,fec8cdf1ace554105b49ff3c395e9e089762bff9873101532c7439ca4634bc8b,960044,576256800,576736800,a11c9edf7d30e209b00dfc804588b4d2d286457d32725853a26985138bfe0fb7,0,0,23262abea4a78a15730cb9a904377c1f1d1cf4547ae64d53542b914fb33ec930,saved_rule_based,1.79
section_00_source_train_normal_000215,train,source,normal,B,20260904T172511Z-ad415a2a4c50dc17545694e5,20260904T172511Z-ad415a2a4c50dc17545694e5-dg-bead543a888d-000241,1,none,none,slow,normal-slow-2,rear,normal,clipped/audio_event_clean/normal/20260904T172511Z-ad415a2a4c50dc17545694e5-dg-bead543a888d-000241_ch1.wav,3DPrinter/train/section_00_source_train_normal_000215.wav,f12e03a888191cf10e54efd21ea7bbed89e570f926b32d6081b89043397765ae,960044,577216800,577696800,a11c9edf7d30e209b00dfc804588b4d2d286457d32725853a26985138bfe0fb7,0,0,23262abea4a78a15730cb9a904377c1f1d1cf4547ae64d53542b914fb33ec930,saved_rule_based,1.79
section_00_source_train_normal_000216,train,source,normal,B,20260904T172511Z-ad415a2a4c50dc17545694e5,20260904T172511Z-ad415a2a4c50dc17545694e5-dg-bead543a888d-000242,1,none,none,slow,normal-slow-2,rear,normal,clipped/audio_event_clean/normal/20260904T172511Z-ad415a2a4c50dc17545694e5-dg-bead543a888d-000242_ch1.wav,3DPrinter/train/section_00_source_train_normal_000216.wav,447e5b801e870ceb542515543de7eb55537fcd40b0a9f880f87d03c26757da5e,960044,577696800,578176800,a11c9edf7d30e209b00dfc804588b4d2d286457d32725853a26985138bfe0fb7,0,0,23262abea4a78a15730cb9a904377c1f1d1cf4547ae64d53542b914fb33ec930,saved_rule_based,1.79
section_00_source_train_normal_000217,train,source,normal,B,20260904T172511Z-ad415a2a4c50dc17545694e5,20260904T172511Z-ad415a2a4c50dc17545694e5-dg-bead543a888d-000247,1,none,none,slow,normal-slow-2,rear,normal,clipped/audio_event_clean/normal/20260904T172511Z-ad415a2a4c50dc17545694e5-dg-bead543a888d-000247_ch1.wav,3DPrinter/train/section_00_source_train_normal_000217.wav,3e854fd5df66eb3c6d49ee8757bd4b3d07132265afc3a67f78e02ceacf7ceffe,960044,580096800,580576800,a11c9edf7d30e209b00dfc804588b4d2d286457d32725853a26985138bfe0fb7,0,0,23262abea4a78a15730cb9a904377c1f1d1cf4547ae64d53542b914fb33ec930,saved_rule_based,1.79
section_00_source_train_normal_000218,train,source,normal,B,20260904T172511Z-ad415a2a4c50dc17545694e5,20260904T172511Z-ad415a2a4c50dc17545694e5-dg-bead543a888d-000250,1,none,none,slow,normal-slow-2,rear,normal,clipped/audio_event_clean/normal/20260904T172511Z-ad415a2a4c50dc17545694e5-dg-bead543a888d-000250_ch1.wav,3DPrinter/train/section_00_source_train_normal_000218.wav,d536905d2301b6c0c48a0b52ae6aa63f56c4fab3902c2682ea9d867170c24fa9,960044,581536800,582016800,a11c9edf7d30e209b00dfc804588b4d2d286457d32725853a26985138bfe0fb7,0,0,23262abea4a78a15730cb9a904377c1f1d1cf4547ae64d53542b914fb33ec930,saved_rule_based,1.79
section_00_source_train_normal_000219,train,source,normal,B,20260904T172511Z-ad415a2a4c50dc17545694e5,20260904T172511Z-ad415a2a4c50dc17545694e5-dg-bead543a888d-000251,1,none,none,slow,normal-slow-2,rear,normal,clipped/audio_event_clean/normal/20260904T172511Z-ad415a2a4c50dc17545694e5-dg-bead543a888d-000251_ch1.wav,3DPrinter/train/section_00_source_train_normal_000219.wav,abce8b633963abae943e15a090986f740873752d02a6c9fb3b80e925cffa37c3,960044,582016800,582496800,a11c9edf7d30e209b00dfc804588b4d2d286457d32725853a26985138bfe0fb7,0,0,23262abea4a78a15730cb9a904377c1f1d1cf4547ae64d53542b914fb33ec930,saved_rule_based,1.79
section_00_source_train_normal_000220,train,source,normal,B,20260904T172511Z-ad415a2a4c50dc17545694e5,20260904T172511Z-ad415a2a4c50dc17545694e5-dg-bead543a888d-000252,1,none,none,slow,normal-slow-2,rear,normal,clipped/audio_event_clean/normal/20260904T172511Z-ad415a2a4c50dc17545694e5-dg-bead543a888d-000252_ch1.wav,3DPrinter/train/section_00_source_train_normal_000220.wav,10a89433785d83aed51857688d68ce7e2f794e65a3f5a010225f9c05bd899cf3,960044,582496800,582976800,a11c9edf7d30e209b00dfc804588b4d2d286457d32725853a26985138bfe0fb7,0,0,23262abea4a78a15730cb9a904377c1f1d1cf4547ae64d53542b914fb33ec930,saved_rule_based,1.79
section_00_source_train_normal_000221,train,source,normal,B,20260904T172511Z-ad415a2a4c50dc17545694e5,20260904T172511Z-ad415a2a4c50dc17545694e5-dg-bead543a888d-000254,1,none,none,slow,normal-slow-2,rear,normal,clipped/audio_event_clean/normal/20260904T172511Z-ad415a2a4c50dc17545694e5-dg-bead543a888d-000254_ch1.wav,3DPrinter/train/section_00_source_train_normal_000221.wav,dcc65bc64bfa38baa5a410cb0e6155f4ddf103afe0471c1fd6376b769564ea35,960044,583456800,583936800,a11c9edf7d30e209b00dfc804588b4d2d286457d32725853a26985138bfe0fb7,0,0,23262abea4a78a15730cb9a904377c1f1d1cf4547ae64d53542b914fb33ec930,saved_rule_based,1.79
section_00_source_train_normal_000222,train,source,normal,B,20260904T172511Z-ad415a2a4c50dc17545694e5,20260904T172511Z-ad415a2a4c50dc17545694e5-dg-bead543a888d-000256,1,none,none,slow,normal-slow-2,rear,normal,clipped/audio_event_clean/normal/20260904T172511Z-ad415a2a4c50dc17545694e5-dg-bead543a888d-000256_ch1.wav,3DPrinter/train/section_00_source_train_normal_000222.wav,d720890ea9e9b636c9d215fb079e40816d1ed4a30f77aea7dd35d7e899513493,960044,584416800,584896800,a11c9edf7d30e209b00dfc804588b4d2d286457d32725853a26985138bfe0fb7,0,0,23262abea4a78a15730cb9a904377c1f1d1cf4547ae64d53542b914fb33ec930,saved_rule_based,1.79
section_00_source_train_normal_000223,train,source,normal,B,20260904T172511Z-ad415a2a4c50dc17545694e5,20260904T172511Z-ad415a2a4c50dc17545694e5-dg-bead543a888d-000260,1,none,none,slow,normal-slow-2,rear,normal,clipped/audio_event_clean/normal/20260904T172511Z-ad415a2a4c50dc17545694e5-dg-bead543a888d-000260_ch1.wav,3DPrinter/train/section_00_source_train_normal_000223.wav,c14ef6d30b42dfdb1c3176ab07ca17297c2521b8ccd6797bc1c9029e64d05e7d,960044,586336800,586816800,a11c9edf7d30e209b00dfc804588b4d2d286457d32725853a26985138bfe0fb7,0,0,23262abea4a78a15730cb9a904377c1f1d1cf4547ae64d53542b914fb33ec930,saved_rule_based,1.79
section_00_source_train_normal_000224,train,source,normal,B,20260904T172511Z-ad415a2a4c50dc17545694e5,20260904T172511Z-ad415a2a4c50dc17545694e5-dg-bead543a888d-000261,1,none,none,slow,normal-slow-2,rear,normal,clipped/audio_event_clean/normal/20260904T172511Z-ad415a2a4c50dc17545694e5-dg-bead543a888d-000261_ch1.wav,3DPrinter/train/section_00_source_train_normal_000224.wav,da60047633996548345b896ab1355f36c595de39dfe73852eb53856cbd53a9fd,960044,586816800,587296800,a11c9edf7d30e209b00dfc804588b4d2d286457d32725853a26985138bfe0fb7,0,0,23262abea4a78a15730cb9a904377c1f1d1cf4547ae64d53542b914fb33ec930,saved_rule_based,1.79
section_00_source_train_normal_000225,train,source,normal,B,20260904T172511Z-ad415a2a4c50dc17545694e5,20260904T172511Z-ad415a2a4c50dc17545694e5-dg-bead543a888d-000262,1,none,none,slow,normal-slow-2,rear,normal,clipped/audio_event_clean/normal/20260904T172511Z-ad415a2a4c50dc17545694e5-dg-bead543a888d-000262_ch1.wav,3DPrinter/train/section_00_source_train_normal_000225.wav,44b6af43e6315634c6c30df67a2bb81f09404a0b60e3546162224d1753c93f37,960044,587296800,587776800,a11c9edf7d30e209b00dfc804588b4d2d286457d32725853a26985138bfe0fb7,0,0,23262abea4a78a15730cb9a904377c1f1d1cf4547ae64d53542b914fb33ec930,saved_rule_based,1.79
section_00_source_train_normal_000226,train,source,normal,B,20260904T172511Z-ad415a2a4c50dc17545694e5,20260904T172511Z-ad415a2a4c50dc17545694e5-dg-bead543a888d-000263,1,none,none,slow,normal-slow-2,rear,normal,clipped/audio_event_clean/normal/20260904T172511Z-ad415a2a4c50dc17545694e5-dg-bead543a888d-000263_ch1.wav,3DPrinter/train/section_00_source_train_normal_000226.wav,9536ac1928119d763b40579c6de82c89efb04772cb011dc464a3db1deeef8fbd,960044,587776800,588256800,a11c9edf7d30e209b00dfc804588b4d2d286457d32725853a26985138bfe0fb7,0,0,23262abea4a78a15730cb9a904377c1f1d1cf4547ae64d53542b914fb33ec930,saved_rule_based,1.79
section_00_source_train_normal_000227,train,source,normal,B,20260904T172511Z-ad415a2a4c50dc17545694e5,20260904T172511Z-ad415a2a4c50dc17545694e5-dg-bead543a888d-000264,1,none,none,slow,normal-slow-2,rear,normal,clipped/audio_event_clean/normal/20260904T172511Z-ad415a2a4c50dc17545694e5-dg-bead543a888d-000264_ch1.wav,3DPrinter/train/section_00_source_train_normal_000227.wav,b68a1f60d1da575a65b6c470558267615aee6e73bd5bd9a5d5d0b54000b3be49,960044,588256800,588736800,a11c9edf7d30e209b00dfc804588b4d2d286457d32725853a26985138bfe0fb7,0,0,23262abea4a78a15730cb9a904377c1f1d1cf4547ae64d53542b914fb33ec930,saved_rule_based,1.79
section_00_source_train_normal_000228,train,source,normal,B,20260904T172511Z-ad415a2a4c50dc17545694e5,20260904T172511Z-ad415a2a4c50dc17545694e5-dg-bead543a888d-000265,1,none,none,slow,normal-slow-2,rear,normal,clipped/audio_event_clean/normal/20260904T172511Z-ad415a2a4c50dc17545694e5-dg-bead543a888d-000265_ch1.wav,3DPrinter/train/section_00_source_train_normal_000228.wav,1941db0c84bcaafefd90c9927042da7eb06dfd18310cfe547467550678ebfc6c,960044,588736800,589216800,a11c9edf7d30e209b00dfc804588b4d2d286457d32725853a26985138bfe0fb7,0,0,23262abea4a78a15730cb9a904377c1f1d1cf4547ae64d53542b914fb33ec930,saved_rule_based,1.79
section_00_source_train_normal_000229,train,source,normal,B,20260904T172511Z-ad415a2a4c50dc17545694e5,20260904T172511Z-ad415a2a4c50dc17545694e5-dg-bead543a888d-000268,1,none,none,slow,normal-slow-2,rear,normal,clipped/audio_event_clean/normal/20260904T172511Z-ad415a2a4c50dc17545694e5-dg-bead543a888d-000268_ch1.wav,3DPrinter/train/section_00_source_train_normal_000229.wav,2ecf737a1cc832fbdef06cba2fe7494f89c55431277efecb1d7d5c0158974dfa,960044,590176800,590656800,a11c9edf7d30e209b00dfc804588b4d2d286457d32725853a26985138bfe0fb7,0,0,23262abea4a78a15730cb9a904377c1f1d1cf4547ae64d53542b914fb33ec930,saved_rule_based,1.79
section_00_source_train_normal_000230,train,source,normal,B,20260904T172511Z-ad415a2a4c50dc17545694e5,20260904T172511Z-ad415a2a4c50dc17545694e5-dg-bead543a888d-000269,1,none,none,slow,normal-slow-2,rear,normal,clipped/audio_event_clean/normal/20260904T172511Z-ad415a2a4c50dc17545694e5-dg-bead543a888d-000269_ch1.wav,3DPrinter/train/section_00_source_train_normal_000230.wav,bd693c5ce71f46e6f6817cbbb00fbafdc9c25f57cc50dcaac3d08f2bdc660cb6,960044,590656800,591136800,a11c9edf7d30e209b00dfc804588b4d2d286457d32725853a26985138bfe0fb7,0,0,23262abea4a78a15730cb9a904377c1f1d1cf4547ae64d53542b914fb33ec930,saved_rule_based,1.79
section_00_source_train_normal_000231,train,source,normal,B,20260904T172511Z-ad415a2a4c50dc17545694e5,20260904T172511Z-ad415a2a4c50dc17545694e5-dg-bead543a888d-000271,1,none,none,slow,normal-slow-2,rear,normal,clipped/audio_event_clean/normal/20260904T172511Z-ad415a2a4c50dc17545694e5-dg-bead543a888d-000271_ch1.wav,3DPrinter/train/section_00_source_train_normal_000231.wav,864c014b4a95de038e7ebe44d69a4c462a746af0c1ba6138cffd7f2f3aec6b0d,960044,591616800,592096800,a11c9edf7d30e209b00dfc804588b4d2d286457d32725853a26985138bfe0fb7,0,0,23262abea4a78a15730cb9a904377c1f1d1cf4547ae64d53542b914fb33ec930,saved_rule_based,1.79
section_00_source_train_normal_000232,train,source,normal,B,20260904T172511Z-ad415a2a4c50dc17545694e5,20260904T172511Z-ad415a2a4c50dc17545694e5-dg-bead543a888d-000272,1,none,none,slow,normal-slow-2,rear,normal,clipped/audio_event_clean/normal/20260904T172511Z-ad415a2a4c50dc17545694e5-dg-bead543a888d-000272_ch1.wav,3DPrinter/train/section_00_source_train_normal_000232.wav,456f3a5ea31b5bbee3c26b78b4bfcfb51b7a47edf89c04c7c46a1400bcda6256,960044,592096800,592576800,a11c9edf7d30e209b00dfc804588b4d2d286457d32725853a26985138bfe0fb7,0,0,23262abea4a78a15730cb9a904377c1f1d1cf4547ae64d53542b914fb33ec930,saved_rule_based,1.79
section_00_source_train_normal_000233,train,source,normal,B,20260904T172511Z-ad415a2a4c50dc17545694e5,20260904T172511Z-ad415a2a4c50dc17545694e5-dg-bead543a888d-000274,1,none,none,slow,normal-slow-2,rear,normal,clipped/audio_event_clean/normal/20260904T172511Z-ad415a2a4c50dc17545694e5-dg-bead543a888d-000274_ch1.wav,3DPrinter/train/section_00_source_train_normal_000233.wav,3784cb7b19b986f3850ce15ad0ff904b3985a088963bc0fc01a6d9eba0067351,960044,593056800,593536800,a11c9edf7d30e209b00dfc804588b4d2d286457d32725853a26985138bfe0fb7,0,0,23262abea4a78a15730cb9a904377c1f1d1cf4547ae64d53542b914fb33ec930,saved_rule_based,1.79
section_00_source_train_normal_000234,train,source,normal,B,20260904T172511Z-ad415a2a4c50dc17545694e5,20260904T172511Z-ad415a2a4c50dc17545694e5-dg-bead543a888d-000276,1,none,none,slow,normal-slow-2,rear,normal,clipped/audio_event_clean/normal/20260904T172511Z-ad415a2a4c50dc17545694e5-dg-bead543a888d-000276_ch1.wav,3DPrinter/train/section_00_source_train_normal_000234.wav,d4f3d83e936f55e5b383578b96b51ec4ef8a9572ab339870ffabc96776dc9610,960044,594016800,594496800,a11c9edf7d30e209b00dfc804588b4d2d286457d32725853a26985138bfe0fb7,0,0,23262abea4a78a15730cb9a904377c1f1d1cf4547ae64d53542b914fb33ec930,saved_rule_based,1.79
section_00_source_train_normal_000235,train,source,normal,B,20260904T172511Z-ad415a2a4c50dc17545694e5,20260904T172511Z-ad415a2a4c50dc17545694e5-dg-bead543a888d-000280,1,none,none,slow,normal-slow-2,rear,normal,clipped/audio_event_clean/normal/20260904T172511Z-ad415a2a4c50dc17545694e5-dg-bead543a888d-000280_ch1.wav,3DPrinter/train/section_00_source_train_normal_000235.wav,4c50315e6aec3b1fab51768d105e7a8483f77a081e3ccb69a5164d9ef508a50b,960044,595936800,596416800,a11c9edf7d30e209b00dfc804588b4d2d286457d32725853a26985138bfe0fb7,0,0,23262abea4a78a15730cb9a904377c1f1d1cf4547ae64d53542b914fb33ec930,saved_rule_based,1.79
section_00_source_train_normal_000236,train,source,normal,B,20260904T172511Z-ad415a2a4c50dc17545694e5,20260904T172511Z-ad415a2a4c50dc17545694e5-dg-bead543a888d-000281,1,none,none,slow,normal-slow-2,rear,normal,clipped/audio_event_clean/normal/20260904T172511Z-ad415a2a4c50dc17545694e5-dg-bead543a888d-000281_ch1.wav,3DPrinter/train/section_00_source_train_normal_000236.wav,d23fb8befc3908c0b8ecb174bfc3da308299112098d7c381a2b893b866f631ee,960044,596416800,596896800,a11c9edf7d30e209b00dfc804588b4d2d286457d32725853a26985138bfe0fb7,0,0,23262abea4a78a15730cb9a904377c1f1d1cf4547ae64d53542b914fb33ec930,saved_rule_based,1.79
section_00_source_train_normal_000237,train,source,normal,B,20260904T172511Z-ad415a2a4c50dc17545694e5,20260904T172511Z-ad415a2a4c50dc17545694e5-dg-bead543a888d-000282,1,none,none,slow,normal-slow-2,rear,normal,clipped/audio_event_clean/normal/20260904T172511Z-ad415a2a4c50dc17545694e5-dg-bead543a888d-000282_ch1.wav,3DPrinter/train/section_00_source_train_normal_000237.wav,eeb32dd352c2cced8c8cd462f0df51d4ad8931e9a8889239425d0abc7be4ca8d,960044,596896800,597376800,a11c9edf7d30e209b00dfc804588b4d2d286457d32725853a26985138bfe0fb7,0,0,23262abea4a78a15730cb9a904377c1f1d1cf4547ae64d53542b914fb33ec930,saved_rule_based,1.79
section_00_source_train_normal_000238,train,source,normal,B,20260904T172511Z-ad415a2a4c50dc17545694e5,20260904T172511Z-ad415a2a4c50dc17545694e5-dg-bead543a888d-000285,1,none,none,slow,normal-slow-2,rear,normal,clipped/audio_event_clean/normal/20260904T172511Z-ad415a2a4c50dc17545694e5-dg-bead543a888d-000285_ch1.wav,3DPrinter/train/section_00_source_train_normal_000238.wav,9ecdf04a05caf0183268b5b1e16c153212a7c9f50b70db13efc0a326ae8ae1a7,960044,598336800,598816800,a11c9edf7d30e209b00dfc804588b4d2d286457d32725853a26985138bfe0fb7,0,0,23262abea4a78a15730cb9a904377c1f1d1cf4547ae64d53542b914fb33ec930,saved_rule_based,1.79
section_00_source_train_normal_000239,train,source,normal,B,20260904T172511Z-ad415a2a4c50dc17545694e5,20260904T172511Z-ad415a2a4c50dc17545694e5-dg-bead543a888d-000286,1,none,none,slow,normal-slow-2,rear,normal,clipped/audio_event_clean/normal/20260904T172511Z-ad415a2a4c50dc17545694e5-dg-bead543a888d-000286_ch1.wav,3DPrinter/train/section_00_source_train_normal_000239.wav,7a9013860bb4e07bcbe3992663169cb976c1860b4670ea19b2b4cce7ab37b66c,960044,598816800,599296800,a11c9edf7d30e209b00dfc804588b4d2d286457d32725853a26985138bfe0fb7,0,0,23262abea4a78a15730cb9a904377c1f1d1cf4547ae64d53542b914fb33ec930,saved_rule_based,1.79
section_00_source_train_normal_000240,train,source,normal,B,20260904T172511Z-ad415a2a4c50dc17545694e5,20260904T172511Z-ad415a2a4c50dc17545694e5-dg-bead543a888d-000287,1,none,none,slow,normal-slow-2,rear,normal,clipped/audio_event_clean/normal/20260904T172511Z-ad415a2a4c50dc17545694e5-dg-bead543a888d-000287_ch1.wav,3DPrinter/train/section_00_source_train_normal_000240.wav,fd9f20d873ce91a6efa496a30714fe446000f6080c7fee23803dee099d4449a7,960044,599296800,599776800,a11c9edf7d30e209b00dfc804588b4d2d286457d32725853a26985138bfe0fb7,0,0,23262abea4a78a15730cb9a904377c1f1d1cf4547ae64d53542b914fb33ec930,saved_rule_based,1.79
section_00_source_train_normal_000241,train,source,normal,B,20260904T172511Z-ad415a2a4c50dc17545694e5,20260904T172511Z-ad415a2a4c50dc17545694e5-dg-bead543a888d-000288,1,none,none,slow,normal-slow-2,rear,normal,clipped/audio_event_clean/normal/20260904T172511Z-ad415a2a4c50dc17545694e5-dg-bead543a888d-000288_ch1.wav,3DPrinter/train/section_00_source_train_normal_000241.wav,6fe5ba261a37770219a9b2b885a4cc3b1b3c76271211093a9988aea9fbde03fa,960044,599776800,600256800,a11c9edf7d30e209b00dfc804588b4d2d286457d32725853a26985138bfe0fb7,0,0,23262abea4a78a15730cb9a904377c1f1d1cf4547ae64d53542b914fb33ec930,saved_rule_based,1.79
section_00_source_train_normal_000242,train,source,normal,B,20260904T172511Z-ad415a2a4c50dc17545694e5,20260904T172511Z-ad415a2a4c50dc17545694e5-dg-bead543a888d-000290,1,none,none,slow,normal-slow-2,rear,normal,clipped/audio_event_clean/normal/20260904T172511Z-ad415a2a4c50dc17545694e5-dg-bead543a888d-000290_ch1.wav,3DPrinter/train/section_00_source_train_normal_000242.wav,1608ddd534187109c13a6be3dc27292df034bdb824cecef7d57f38933673141e,960044,600736800,601216800,a11c9edf7d30e209b00dfc804588b4d2d286457d32725853a26985138bfe0fb7,0,0,23262abea4a78a15730cb9a904377c1f1d1cf4547ae64d53542b914fb33ec930,saved_rule_based,1.79
section_00_source_train_normal_000243,train,source,normal,B,20260904T172511Z-ad415a2a4c50dc17545694e5,20260904T172511Z-ad415a2a4c50dc17545694e5-dg-bead543a888d-000292,1,none,none,slow,normal-slow-2,rear,normal,clipped/audio_event_clean/normal/20260904T172511Z-ad415a2a4c50dc17545694e5-dg-bead543a888d-000292_ch1.wav,3DPrinter/train/section_00_source_train_normal_000243.wav,afe00e4ab4648fe1d430e8920f4512829a6a2937b0bcac464aff59441b4e39e3,960044,601696800,602176800,a11c9edf7d30e209b00dfc804588b4d2d286457d32725853a26985138bfe0fb7,0,0,23262abea4a78a15730cb9a904377c1f1d1cf4547ae64d53542b914fb33ec930,saved_rule_based,1.79
section_00_source_train_normal_000244,train,source,normal,B,20260904T172511Z-ad415a2a4c50dc17545694e5,20260904T172511Z-ad415a2a4c50dc17545694e5-dg-bead543a888d-000295,1,none,none,slow,normal-slow-2,rear,normal,clipped/audio_event_clean/normal/20260904T172511Z-ad415a2a4c50dc17545694e5-dg-bead543a888d-000295_ch1.wav,3DPrinter/train/section_00_source_train_normal_000244.wav,bde6a2462466a2b9f3405f8e0e1299e989fb84dcb3f00666de5ed2883186b62a,960044,603136800,603616800,a11c9edf7d30e209b00dfc804588b4d2d286457d32725853a26985138bfe0fb7,0,0,23262abea4a78a15730cb9a904377c1f1d1cf4547ae64d53542b914fb33ec930,saved_rule_based,1.79
section_00_source_train_normal_000245,train,source,normal,B,20260904T172511Z-ad415a2a4c50dc17545694e5,20260904T172511Z-ad415a2a4c50dc17545694e5-dg-bead543a888d-000297,1,none,none,slow,normal-slow-2,rear,normal,clipped/audio_event_clean/normal/20260904T172511Z-ad415a2a4c50dc17545694e5-dg-bead543a888d-000297_ch1.wav,3DPrinter/train/section_00_source_train_normal_000245.wav,e04fc1334802d5ff0d69f8887b414f4a9ec74e9eb925ab56c1804efc9b50964a,960044,604096800,604576800,a11c9edf7d30e209b00dfc804588b4d2d286457d32725853a26985138bfe0fb7,0,0,23262abea4a78a15730cb9a904377c1f1d1cf4547ae64d53542b914fb33ec930,saved_rule_based,1.79
section_00_source_train_normal_000246,train,source,normal,B,20260904T172511Z-ad415a2a4c50dc17545694e5,20260904T172511Z-ad415a2a4c50dc17545694e5-dg-bead543a888d-000299,1,none,none,slow,normal-slow-2,rear,normal,clipped/audio_event_clean/normal/20260904T172511Z-ad415a2a4c50dc17545694e5-dg-bead543a888d-000299_ch1.wav,3DPrinter/train/section_00_source_train_normal_000246.wav,63217a771ba5f153835dde4b1b97bdce6675456fbe75a6354aa398de0936ea17,960044,605056800,605536800,a11c9edf7d30e209b00dfc804588b4d2d286457d32725853a26985138bfe0fb7,0,0,23262abea4a78a15730cb9a904377c1f1d1cf4547ae64d53542b914fb33ec930,saved_rule_based,1.79
section_00_source_train_normal_000247,train,source,normal,B,20260904T172511Z-ad415a2a4c50dc17545694e5,20260904T172511Z-ad415a2a4c50dc17545694e5-dg-bead543a888d-000300,1,none,none,slow,normal-slow-2,rear,normal,clipped/audio_event_clean/normal/20260904T172511Z-ad415a2a4c50dc17545694e5-dg-bead543a888d-000300_ch1.wav,3DPrinter/train/section_00_source_train_normal_000247.wav,01f6337f973832fc6ebd64aeaa254848ef3253f907b172b37ff338ea3824d4ec,960044,605536800,606016800,a11c9edf7d30e209b00dfc804588b4d2d286457d32725853a26985138bfe0fb7,0,0,23262abea4a78a15730cb9a904377c1f1d1cf4547ae64d53542b914fb33ec930,saved_rule_based,1.79
section_00_source_train_normal_000248,train,source,normal,B,20260904T163207Z-3a704ddd8de6a623badbc7e1,20260904T163207Z-3a704ddd8de6a623badbc7e1-dg-cd11374eb51a-000005,2,none,none,slow,normal-slow-1,left,normal,clipped/audio_event_clean/normal/20260904T163207Z-3a704ddd8de6a623badbc7e1-dg-cd11374eb51a-000005_ch2.wav,3DPrinter/train/section_00_source_train_normal_000248.wav,8dcd3479b4ff95cb9a8865e2ea874e6e44ee808f56c9b2fd10783da72794be26,960044,311080800,311560800,28c2eaad3353a03e6b407f92b09204b1bf97d1aa219009b7d21c4d701953e77f,0,0,802f3c261908f3e2e089368d45f0a944bfc163c5aff354242553bf974305ed1d,saved_rule_based,1.55
section_00_source_train_normal_000249,train,source,normal,B,20260904T163207Z-3a704ddd8de6a623badbc7e1,20260904T163207Z-3a704ddd8de6a623badbc7e1-dg-cd11374eb51a-000006,2,none,none,slow,normal-slow-1,left,normal,clipped/audio_event_clean/normal/20260904T163207Z-3a704ddd8de6a623badbc7e1-dg-cd11374eb51a-000006_ch2.wav,3DPrinter/train/section_00_source_train_normal_000249.wav,5f387b659f364fdc71510a1060437a5efe56dbe05f88c76486335c29238ced88,960044,311560800,312040800,28c2eaad3353a03e6b407f92b09204b1bf97d1aa219009b7d21c4d701953e77f,0,0,802f3c261908f3e2e089368d45f0a944bfc163c5aff354242553bf974305ed1d,saved_rule_based,1.55
section_00_source_train_normal_000250,train,source,normal,B,20260904T163207Z-3a704ddd8de6a623badbc7e1,20260904T163207Z-3a704ddd8de6a623badbc7e1-dg-cd11374eb51a-000009,2,none,none,slow,normal-slow-1,left,normal,clipped/audio_event_clean/normal/20260904T163207Z-3a704ddd8de6a623badbc7e1-dg-cd11374eb51a-000009_ch2.wav,3DPrinter/train/section_00_source_train_normal_000250.wav,23e33736de633d735986d4e2810040898ce258a95081cd041daeae8cdfb2df5a,960044,313000800,313480800,28c2eaad3353a03e6b407f92b09204b1bf97d1aa219009b7d21c4d701953e77f,0,0,802f3c261908f3e2e089368d45f0a944bfc163c5aff354242553bf974305ed1d,saved_rule_based,1.55
section_00_source_train_normal_000251,train,source,normal,B,20260904T163207Z-3a704ddd8de6a623badbc7e1,20260904T163207Z-3a704ddd8de6a623badbc7e1-dg-cd11374eb51a-000012,2,none,none,slow,normal-slow-1,left,normal,clipped/audio_event_clean/normal/20260904T163207Z-3a704ddd8de6a623badbc7e1-dg-cd11374eb51a-000012_ch2.wav,3DPrinter/train/section_00_source_train_normal_000251.wav,da80ce831315b8bc866020b73119ddf154c1f08b114202df925d90b41b11be9f,960044,314440800,314920800,28c2eaad3353a03e6b407f92b09204b1bf97d1aa219009b7d21c4d701953e77f,0,0,802f3c261908f3e2e089368d45f0a944bfc163c5aff354242553bf974305ed1d,saved_rule_based,1.55
section_00_source_train_normal_000252,train,source,normal,B,20260904T163207Z-3a704ddd8de6a623badbc7e1,20260904T163207Z-3a704ddd8de6a623badbc7e1-dg-cd11374eb51a-000014,2,none,none,slow,normal-slow-1,left,normal,clipped/audio_event_clean/normal/20260904T163207Z-3a704ddd8de6a623badbc7e1-dg-cd11374eb51a-000014_ch2.wav,3DPrinter/train/section_00_source_train_normal_000252.wav,9db0af854390934d4d6d10d7dfc1cb040f5b66020caf75810ba43a3dc6c35fd2,960044,315400800,315880800,28c2eaad3353a03e6b407f92b09204b1bf97d1aa219009b7d21c4d701953e77f,0,0,802f3c261908f3e2e089368d45f0a944bfc163c5aff354242553bf974305ed1d,saved_rule_based,1.55
section_00_source_train_normal_000253,train,source,normal,B,20260904T163207Z-3a704ddd8de6a623badbc7e1,20260904T163207Z-3a704ddd8de6a623badbc7e1-dg-cd11374eb51a-000019,2,none,none,slow,normal-slow-1,left,normal,clipped/audio_event_clean/normal/20260904T163207Z-3a704ddd8de6a623badbc7e1-dg-cd11374eb51a-000019_ch2.wav,3DPrinter/train/section_00_source_train_normal_000253.wav,7a47b4c9276a4f8556ea253fc777d9b39071b456bfbe617b28ae4d204abccae5,960044,317800800,318280800,28c2eaad3353a03e6b407f92b09204b1bf97d1aa219009b7d21c4d701953e77f,0,0,802f3c261908f3e2e089368d45f0a944bfc163c5aff354242553bf974305ed1d,saved_rule_based,1.55
section_00_source_train_normal_000254,train,source,normal,B,20260904T163207Z-3a704ddd8de6a623badbc7e1,20260904T163207Z-3a704ddd8de6a623badbc7e1-dg-cd11374eb51a-000023,2,none,none,slow,normal-slow-1,left,normal,clipped/audio_event_clean/normal/20260904T163207Z-3a704ddd8de6a623badbc7e1-dg-cd11374eb51a-000023_ch2.wav,3DPrinter/train/section_00_source_train_normal_000254.wav,4361e265d1e4048b43e1518261a1234050394282a313cc6f589a161c3d485a24,960044,319720800,320200800,28c2eaad3353a03e6b407f92b09204b1bf97d1aa219009b7d21c4d701953e77f,0,0,802f3c261908f3e2e089368d45f0a944bfc163c5aff354242553bf974305ed1d,saved_rule_based,1.55
section_00_source_train_normal_000255,train,source,normal,B,20260904T163207Z-3a704ddd8de6a623badbc7e1,20260904T163207Z-3a704ddd8de6a623badbc7e1-dg-cd11374eb51a-000025,2,none,none,slow,normal-slow-1,left,normal,clipped/audio_event_clean/normal/20260904T163207Z-3a704ddd8de6a623badbc7e1-dg-cd11374eb51a-000025_ch2.wav,3DPrinter/train/section_00_source_train_normal_000255.wav,5e0d4d6cff8f932fca9cdc79903395bd998e59bba2479292d2599025dd75b39f,960044,320680800,321160800,28c2eaad3353a03e6b407f92b09204b1bf97d1aa219009b7d21c4d701953e77f,0,0,802f3c261908f3e2e089368d45f0a944bfc163c5aff354242553bf974305ed1d,saved_rule_based,1.55
section_00_source_train_normal_000256,train,source,normal,B,20260904T163207Z-3a704ddd8de6a623badbc7e1,20260904T163207Z-3a704ddd8de6a623badbc7e1-dg-cd11374eb51a-000026,2,none,none,slow,normal-slow-1,left,normal,clipped/audio_event_clean/normal/20260904T163207Z-3a704ddd8de6a623badbc7e1-dg-cd11374eb51a-000026_ch2.wav,3DPrinter/train/section_00_source_train_normal_000256.wav,4e835bb94a29981b1c2665e7706c8537fc5355ac6b7787061641eb93025a3581,960044,321160800,321640800,28c2eaad3353a03e6b407f92b09204b1bf97d1aa219009b7d21c4d701953e77f,0,0,802f3c261908f3e2e089368d45f0a944bfc163c5aff354242553bf974305ed1d,saved_rule_based,1.55
section_00_source_train_normal_000257,train,source,normal,B,20260904T163207Z-3a704ddd8de6a623badbc7e1,20260904T163207Z-3a704ddd8de6a623badbc7e1-dg-cd11374eb51a-000027,2,none,none,slow,normal-slow-1,left,normal,clipped/audio_event_clean/normal/20260904T163207Z-3a704ddd8de6a623badbc7e1-dg-cd11374eb51a-000027_ch2.wav,3DPrinter/train/section_00_source_train_normal_000257.wav,514e95eb63336455439da0c87139de1cc5c05ffb84191b0ef34310ffecab5e4a,960044,321640800,322120800,28c2eaad3353a03e6b407f92b09204b1bf97d1aa219009b7d21c4d701953e77f,0,0,802f3c261908f3e2e089368d45f0a944bfc163c5aff354242553bf974305ed1d,saved_rule_based,1.55
section_00_source_train_normal_000258,train,source,normal,B,20260904T163207Z-3a704ddd8de6a623badbc7e1,20260904T163207Z-3a704ddd8de6a623badbc7e1-dg-cd11374eb51a-000028,2,none,none,slow,normal-slow-1,left,normal,clipped/audio_event_clean/normal/20260904T163207Z-3a704ddd8de6a623badbc7e1-dg-cd11374eb51a-000028_ch2.wav,3DPrinter/train/section_00_source_train_normal_000258.wav,bc4a1f1af384f51a56a369f241b8d7dc388ed3ceaa782ef9814ab8e7f158afdb,960044,322120800,322600800,28c2eaad3353a03e6b407f92b09204b1bf97d1aa219009b7d21c4d701953e77f,0,0,802f3c261908f3e2e089368d45f0a944bfc163c5aff354242553bf974305ed1d,saved_rule_based,1.55
section_00_source_train_normal_000259,train,source,normal,B,20260904T163207Z-3a704ddd8de6a623badbc7e1,20260904T163207Z-3a704ddd8de6a623badbc7e1-dg-cd11374eb51a-000040,2,none,none,slow,normal-slow-1,left,normal,clipped/audio_event_clean/normal/20260904T163207Z-3a704ddd8de6a623badbc7e1-dg-cd11374eb51a-000040_ch2.wav,3DPrinter/train/section_00_source_train_normal_000259.wav,e1e93dedd73d1387e61fa22e0755ed322ebf42ffa76f659bbc1e487c337e2ca5,960044,327880800,328360800,28c2eaad3353a03e6b407f92b09204b1bf97d1aa219009b7d21c4d701953e77f,0,0,802f3c261908f3e2e089368d45f0a944bfc163c5aff354242553bf974305ed1d,saved_rule_based,1.55
section_00_source_train_normal_000260,train,source,normal,B,20260904T163207Z-3a704ddd8de6a623badbc7e1,20260904T163207Z-3a704ddd8de6a623badbc7e1-dg-cd11374eb51a-000041,2,none,none,slow,normal-slow-1,left,normal,clipped/audio_event_clean/normal/20260904T163207Z-3a704ddd8de6a623badbc7e1-dg-cd11374eb51a-000041_ch2.wav,3DPrinter/train/section_00_source_train_normal_000260.wav,4b4a682e4776d143335af5d3719b10d8234ebfc2ee0582ab97556c476af13210,960044,328360800,328840800,28c2eaad3353a03e6b407f92b09204b1bf97d1aa219009b7d21c4d701953e77f,0,0,802f3c261908f3e2e089368d45f0a944bfc163c5aff354242553bf974305ed1d,saved_rule_based,1.55
section_00_source_train_normal_000261,train,source,normal,B,20260904T163207Z-3a704ddd8de6a623badbc7e1,20260904T163207Z-3a704ddd8de6a623badbc7e1-dg-cd11374eb51a-000042,2,none,none,slow,normal-slow-1,left,normal,clipped/audio_event_clean/normal/20260904T163207Z-3a704ddd8de6a623badbc7e1-dg-cd11374eb51a-000042_ch2.wav,3DPrinter/train/section_00_source_train_normal_000261.wav,4a6feeeab570f9beee62ffef9c0c28d0fb1fbbead761bf313f708d9757c22f8d,960044,328840800,329320800,28c2eaad3353a03e6b407f92b09204b1bf97d1aa219009b7d21c4d701953e77f,0,0,802f3c261908f3e2e089368d45f0a944bfc163c5aff354242553bf974305ed1d,saved_rule_based,1.55
section_00_source_train_normal_000262,train,source,normal,B,20260904T163207Z-3a704ddd8de6a623badbc7e1,20260904T163207Z-3a704ddd8de6a623badbc7e1-dg-cd11374eb51a-000044,2,none,none,slow,normal-slow-1,left,normal,clipped/audio_event_clean/normal/20260904T163207Z-3a704ddd8de6a623badbc7e1-dg-cd11374eb51a-000044_ch2.wav,3DPrinter/train/section_00_source_train_normal_000262.wav,50ca4e39eb5a13f6cf1e3becd3f787ce3df3721f3edaeda8b7ea1469c8be79fe,960044,329800800,330280800,28c2eaad3353a03e6b407f92b09204b1bf97d1aa219009b7d21c4d701953e77f,0,0,802f3c261908f3e2e089368d45f0a944bfc163c5aff354242553bf974305ed1d,saved_rule_based,1.55
section_00_source_train_normal_000263,train,source,normal,B,20260904T163207Z-3a704ddd8de6a623badbc7e1,20260904T163207Z-3a704ddd8de6a623badbc7e1-dg-cd11374eb51a-000053,2,none,none,slow,normal-slow-1,left,normal,clipped/audio_event_clean/normal/20260904T163207Z-3a704ddd8de6a623badbc7e1-dg-cd11374eb51a-000053_ch2.wav,3DPrinter/train/section_00_source_train_normal_000263.wav,924ce5ba686f4c0414968188d79104f61c5ca8d5a005d1809efa0561c98c1331,960044,334120800,334600800,28c2eaad3353a03e6b407f92b09204b1bf97d1aa219009b7d21c4d701953e77f,0,0,802f3c261908f3e2e089368d45f0a944bfc163c5aff354242553bf974305ed1d,saved_rule_based,1.55
section_00_source_train_normal_000264,train,source,normal,B,20260904T163207Z-3a704ddd8de6a623badbc7e1,20260904T163207Z-3a704ddd8de6a623badbc7e1-dg-cd11374eb51a-000054,2,none,none,slow,normal-slow-1,left,normal,clipped/audio_event_clean/normal/20260904T163207Z-3a704ddd8de6a623badbc7e1-dg-cd11374eb51a-000054_ch2.wav,3DPrinter/train/section_00_source_train_normal_000264.wav,b417c371b2c107a665b56f590fdb6a32f5d96b8bfad856be8f692e6bf141151b,960044,334600800,335080800,28c2eaad3353a03e6b407f92b09204b1bf97d1aa219009b7d21c4d701953e77f,0,0,802f3c261908f3e2e089368d45f0a944bfc163c5aff354242553bf974305ed1d,saved_rule_based,1.55
section_00_source_train_normal_000265,train,source,normal,B,20260904T163207Z-3a704ddd8de6a623badbc7e1,20260904T163207Z-3a704ddd8de6a623badbc7e1-dg-cd11374eb51a-000061,2,none,none,slow,normal-slow-1,left,normal,clipped/audio_event_clean/normal/20260904T163207Z-3a704ddd8de6a623badbc7e1-dg-cd11374eb51a-000061_ch2.wav,3DPrinter/train/section_00_source_train_normal_000265.wav,d974d70f717e19e6b73798e8140ea1cd6f8ecb7ac169de469280cdbc28c512ca,960044,337960800,338440800,28c2eaad3353a03e6b407f92b09204b1bf97d1aa219009b7d21c4d701953e77f,0,0,802f3c261908f3e2e089368d45f0a944bfc163c5aff354242553bf974305ed1d,saved_rule_based,1.55
section_00_source_train_normal_000266,train,source,normal,B,20260904T163207Z-3a704ddd8de6a623badbc7e1,20260904T163207Z-3a704ddd8de6a623badbc7e1-dg-cd11374eb51a-000062,2,none,none,slow,normal-slow-1,left,normal,clipped/audio_event_clean/normal/20260904T163207Z-3a704ddd8de6a623badbc7e1-dg-cd11374eb51a-000062_ch2.wav,3DPrinter/train/section_00_source_train_normal_000266.wav,4abad53187f33acfe087a9d8fbcfc4804fb91c0dfe9d9292c559422296575280,960044,338440800,338920800,28c2eaad3353a03e6b407f92b09204b1bf97d1aa219009b7d21c4d701953e77f,0,0,802f3c261908f3e2e089368d45f0a944bfc163c5aff354242553bf974305ed1d,saved_rule_based,1.55
section_00_source_train_normal_000267,train,source,normal,B,20260904T163207Z-3a704ddd8de6a623badbc7e1,20260904T163207Z-3a704ddd8de6a623badbc7e1-dg-cd11374eb51a-000063,2,none,none,slow,normal-slow-1,left,normal,clipped/audio_event_clean/normal/20260904T163207Z-3a704ddd8de6a623badbc7e1-dg-cd11374eb51a-000063_ch2.wav,3DPrinter/train/section_00_source_train_normal_000267.wav,3349fa9b6bbc6260a919a3775412c8020f80513d7629e9f0bedc0e60b68f3384,960044,338920800,339400800,28c2eaad3353a03e6b407f92b09204b1bf97d1aa219009b7d21c4d701953e77f,0,0,802f3c261908f3e2e089368d45f0a944bfc163c5aff354242553bf974305ed1d,saved_rule_based,1.55
section_00_source_train_normal_000268,train,source,normal,B,20260904T163207Z-3a704ddd8de6a623badbc7e1,20260904T163207Z-3a704ddd8de6a623badbc7e1-dg-cd11374eb51a-000065,2,none,none,slow,normal-slow-1,left,normal,clipped/audio_event_clean/normal/20260904T163207Z-3a704ddd8de6a623badbc7e1-dg-cd11374eb51a-000065_ch2.wav,3DPrinter/train/section_00_source_train_normal_000268.wav,080a64275550e29597066ed320c5d8440a2decd45a9fcbbb7a67733370a7c912,960044,339880800,340360800,28c2eaad3353a03e6b407f92b09204b1bf97d1aa219009b7d21c4d701953e77f,0,0,802f3c261908f3e2e089368d45f0a944bfc163c5aff354242553bf974305ed1d,saved_rule_based,1.55
section_00_source_train_normal_000269,train,source,normal,B,20260904T163207Z-3a704ddd8de6a623badbc7e1,20260904T163207Z-3a704ddd8de6a623badbc7e1-dg-cd11374eb51a-000067,2,none,none,slow,normal-slow-1,left,normal,clipped/audio_event_clean/normal/20260904T163207Z-3a704ddd8de6a623badbc7e1-dg-cd11374eb51a-000067_ch2.wav,3DPrinter/train/section_00_source_train_normal_000269.wav,b3c918eeef9c8f9cc03b0bbe203420b0ee49c125d68389a842f7a17c79b917bf,960044,340840800,341320800,28c2eaad3353a03e6b407f92b09204b1bf97d1aa219009b7d21c4d701953e77f,0,0,802f3c261908f3e2e089368d45f0a944bfc163c5aff354242553bf974305ed1d,saved_rule_based,1.55
section_00_source_train_normal_000270,train,source,normal,B,20260904T163207Z-3a704ddd8de6a623badbc7e1,20260904T163207Z-3a704ddd8de6a623badbc7e1-dg-cd11374eb51a-000068,2,none,none,slow,normal-slow-1,left,normal,clipped/audio_event_clean/normal/20260904T163207Z-3a704ddd8de6a623badbc7e1-dg-cd11374eb51a-000068_ch2.wav,3DPrinter/train/section_00_source_train_normal_000270.wav,c1c76e2a0eaa2a6502b10f2aa7bb02aa31f12f2952a25eb79f05ff9f02ee6087,960044,341320800,341800800,28c2eaad3353a03e6b407f92b09204b1bf97d1aa219009b7d21c4d701953e77f,0,0,802f3c261908f3e2e089368d45f0a944bfc163c5aff354242553bf974305ed1d,saved_rule_based,1.55
section_00_source_train_normal_000271,train,source,normal,B,20260904T163207Z-3a704ddd8de6a623badbc7e1,20260904T163207Z-3a704ddd8de6a623badbc7e1-dg-cd11374eb51a-000069,2,none,none,slow,normal-slow-1,left,normal,clipped/audio_event_clean/normal/20260904T163207Z-3a704ddd8de6a623badbc7e1-dg-cd11374eb51a-000069_ch2.wav,3DPrinter/train/section_00_source_train_normal_000271.wav,294578f5f85d52c0a7fd1c47bdd0ba7847adf817a36c090b66668028ef9e7ce2,960044,341800800,342280800,28c2eaad3353a03e6b407f92b09204b1bf97d1aa219009b7d21c4d701953e77f,0,0,802f3c261908f3e2e089368d45f0a944bfc163c5aff354242553bf974305ed1d,saved_rule_based,1.55
section_00_source_train_normal_000272,train,source,normal,B,20260904T163207Z-3a704ddd8de6a623badbc7e1,20260904T163207Z-3a704ddd8de6a623badbc7e1-dg-cd11374eb51a-000079,2,none,none,slow,normal-slow-1,left,normal,clipped/audio_event_clean/normal/20260904T163207Z-3a704ddd8de6a623badbc7e1-dg-cd11374eb51a-000079_ch2.wav,3DPrinter/train/section_00_source_train_normal_000272.wav,8cbbae112dc55ae7dcc88b9ffe6fcc6cc20ec9744f453b02c41a4a493b4188c9,960044,346600800,347080800,28c2eaad3353a03e6b407f92b09204b1bf97d1aa219009b7d21c4d701953e77f,0,0,802f3c261908f3e2e089368d45f0a944bfc163c5aff354242553bf974305ed1d,saved_rule_based,1.55
section_00_source_train_normal_000273,train,source,normal,B,20260904T163207Z-3a704ddd8de6a623badbc7e1,20260904T163207Z-3a704ddd8de6a623badbc7e1-dg-cd11374eb51a-000080,2,none,none,slow,normal-slow-1,left,normal,clipped/audio_event_clean/normal/20260904T163207Z-3a704ddd8de6a623badbc7e1-dg-cd11374eb51a-000080_ch2.wav,3DPrinter/train/section_00_source_train_normal_000273.wav,ead9063596f39eb0442c0f41e58c4b3ac979ca7520dd700a1089d88806d594f3,960044,347080800,347560800,28c2eaad3353a03e6b407f92b09204b1bf97d1aa219009b7d21c4d701953e77f,0,0,802f3c261908f3e2e089368d45f0a944bfc163c5aff354242553bf974305ed1d,saved_rule_based,1.55
section_00_source_train_normal_000274,train,source,normal,B,20260904T163207Z-3a704ddd8de6a623badbc7e1,20260904T163207Z-3a704ddd8de6a623badbc7e1-dg-cd11374eb51a-000082,2,none,none,slow,normal-slow-1,left,normal,clipped/audio_event_clean/normal/20260904T163207Z-3a704ddd8de6a623badbc7e1-dg-cd11374eb51a-000082_ch2.wav,3DPrinter/train/section_00_source_train_normal_000274.wav,ac3317aa8738055d20da1d923eb6e64d8c5c52a3082bd74d5ba5469362a67c4a,960044,348040800,348520800,28c2eaad3353a03e6b407f92b09204b1bf97d1aa219009b7d21c4d701953e77f,0,0,802f3c261908f3e2e089368d45f0a944bfc163c5aff354242553bf974305ed1d,saved_rule_based,1.55
section_00_source_train_normal_000275,train,source,normal,B,20260904T163207Z-3a704ddd8de6a623badbc7e1,20260904T163207Z-3a704ddd8de6a623badbc7e1-dg-cd11374eb51a-000086,2,none,none,slow,normal-slow-1,left,normal,clipped/audio_event_clean/normal/20260904T163207Z-3a704ddd8de6a623badbc7e1-dg-cd11374eb51a-000086_ch2.wav,3DPrinter/train/section_00_source_train_normal_000275.wav,34db36734ccdac77f263b44516d9162deaaa7406dbdaa9a2b225a3d6a4551e5f,960044,349960800,350440800,28c2eaad3353a03e6b407f92b09204b1bf97d1aa219009b7d21c4d701953e77f,0,0,802f3c261908f3e2e089368d45f0a944bfc163c5aff354242553bf974305ed1d,saved_rule_based,1.55
section_00_source_train_normal_000276,train,source,normal,B,20260904T163207Z-3a704ddd8de6a623badbc7e1,20260904T163207Z-3a704ddd8de6a623badbc7e1-dg-cd11374eb51a-000090,2,none,none,slow,normal-slow-1,left,normal,clipped/audio_event_clean/normal/20260904T163207Z-3a704ddd8de6a623badbc7e1-dg-cd11374eb51a-000090_ch2.wav,3DPrinter/train/section_00_source_train_normal_000276.wav,8596b0c770803d9d71c347fba4cd67142cfa4f314b7f80c1e5f0e82ea7395719,960044,351880800,352360800,28c2eaad3353a03e6b407f92b09204b1bf97d1aa219009b7d21c4d701953e77f,0,0,802f3c261908f3e2e089368d45f0a944bfc163c5aff354242553bf974305ed1d,saved_rule_based,1.55
section_00_source_train_normal_000277,train,source,normal,B,20260904T163207Z-3a704ddd8de6a623badbc7e1,20260904T163207Z-3a704ddd8de6a623badbc7e1-dg-cd11374eb51a-000091,2,none,none,slow,normal-slow-1,left,normal,clipped/audio_event_clean/normal/20260904T163207Z-3a704ddd8de6a623badbc7e1-dg-cd11374eb51a-000091_ch2.wav,3DPrinter/train/section_00_source_train_normal_000277.wav,888b3c08a7d0a8d4e75e670a389b9e384bdc980e7cec550607dc844dd3fd2c6c,960044,352360800,352840800,28c2eaad3353a03e6b407f92b09204b1bf97d1aa219009b7d21c4d701953e77f,0,0,802f3c261908f3e2e089368d45f0a944bfc163c5aff354242553bf974305ed1d,saved_rule_based,1.55
section_00_source_train_normal_000278,train,source,normal,B,20260904T163207Z-3a704ddd8de6a623badbc7e1,20260904T163207Z-3a704ddd8de6a623badbc7e1-dg-cd11374eb51a-000094,2,none,none,slow,normal-slow-1,left,normal,clipped/audio_event_clean/normal/20260904T163207Z-3a704ddd8de6a623badbc7e1-dg-cd11374eb51a-000094_ch2.wav,3DPrinter/train/section_00_source_train_normal_000278.wav,d1676ab019194a49e247728b07d49f52a942afcf1ca3baaf3f7649a672d15657,960044,353800800,354280800,28c2eaad3353a03e6b407f92b09204b1bf97d1aa219009b7d21c4d701953e77f,0,0,802f3c261908f3e2e089368d45f0a944bfc163c5aff354242553bf974305ed1d,saved_rule_based,1.55
section_00_source_train_normal_000279,train,source,normal,B,20260904T163207Z-3a704ddd8de6a623badbc7e1,20260904T163207Z-3a704ddd8de6a623badbc7e1-dg-cd11374eb51a-000097,2,none,none,slow,normal-slow-1,left,normal,clipped/audio_event_clean/normal/20260904T163207Z-3a704ddd8de6a623badbc7e1-dg-cd11374eb51a-000097_ch2.wav,3DPrinter/train/section_00_source_train_normal_000279.wav,af4032b82ebe1d6704089f333432b33c4b3943c8f2632bfad2d45e6fcdd627cd,960044,355240800,355720800,28c2eaad3353a03e6b407f92b09204b1bf97d1aa219009b7d21c4d701953e77f,0,0,802f3c261908f3e2e089368d45f0a944bfc163c5aff354242553bf974305ed1d,saved_rule_based,1.55
section_00_source_train_normal_000280,train,source,normal,B,20260904T163207Z-3a704ddd8de6a623badbc7e1,20260904T163207Z-3a704ddd8de6a623badbc7e1-dg-cd11374eb51a-000098,2,none,none,slow,normal-slow-1,left,normal,clipped/audio_event_clean/normal/20260904T163207Z-3a704ddd8de6a623badbc7e1-dg-cd11374eb51a-000098_ch2.wav,3DPrinter/train/section_00_source_train_normal_000280.wav,801ce5bd08e378d297d6caba8f4de59eca1748a9bae0d2bf653b63795e89e912,960044,355720800,356200800,28c2eaad3353a03e6b407f92b09204b1bf97d1aa219009b7d21c4d701953e77f,0,0,802f3c261908f3e2e089368d45f0a944bfc163c5aff354242553bf974305ed1d,saved_rule_based,1.55
section_00_source_train_normal_000281,train,source,normal,B,20260904T163207Z-3a704ddd8de6a623badbc7e1,20260904T163207Z-3a704ddd8de6a623badbc7e1-dg-cd11374eb51a-000099,2,none,none,slow,normal-slow-1,left,normal,clipped/audio_event_clean/normal/20260904T163207Z-3a704ddd8de6a623badbc7e1-dg-cd11374eb51a-000099_ch2.wav,3DPrinter/train/section_00_source_train_normal_000281.wav,146a91f0ea1af71d0635aada036ca01186a9658f3011dfecbc23601eaa48393b,960044,356200800,356680800,28c2eaad3353a03e6b407f92b09204b1bf97d1aa219009b7d21c4d701953e77f,0,0,802f3c261908f3e2e089368d45f0a944bfc163c5aff354242553bf974305ed1d,saved_rule_based,1.55
section_00_source_train_normal_000282,train,source,normal,B,20260904T163207Z-3a704ddd8de6a623badbc7e1,20260904T163207Z-3a704ddd8de6a623badbc7e1-dg-cd11374eb51a-000100,2,none,none,slow,normal-slow-1,left,normal,clipped/audio_event_clean/normal/20260904T163207Z-3a704ddd8de6a623badbc7e1-dg-cd11374eb51a-000100_ch2.wav,3DPrinter/train/section_00_source_train_normal_000282.wav,34df21418360ceb7895dc43eeb7b20666e2c01d5be0f0e113753f15d6d2e5003,960044,356680800,357160800,28c2eaad3353a03e6b407f92b09204b1bf97d1aa219009b7d21c4d701953e77f,0,0,802f3c261908f3e2e089368d45f0a944bfc163c5aff354242553bf974305ed1d,saved_rule_based,1.55
section_00_source_train_normal_000283,train,source,normal,B,20260904T163207Z-3a704ddd8de6a623badbc7e1,20260904T163207Z-3a704ddd8de6a623badbc7e1-dg-cd11374eb51a-000102,2,none,none,slow,normal-slow-1,left,normal,clipped/audio_event_clean/normal/20260904T163207Z-3a704ddd8de6a623badbc7e1-dg-cd11374eb51a-000102_ch2.wav,3DPrinter/train/section_00_source_train_normal_000283.wav,4c8da2e4c96400be85fd4d1ec2712ef95a09cbcaa305d10863727105eba23039,960044,357640800,358120800,28c2eaad3353a03e6b407f92b09204b1bf97d1aa219009b7d21c4d701953e77f,0,0,802f3c261908f3e2e089368d45f0a944bfc163c5aff354242553bf974305ed1d,saved_rule_based,1.55
section_00_source_train_normal_000284,train,source,normal,B,20260904T163207Z-3a704ddd8de6a623badbc7e1,20260904T163207Z-3a704ddd8de6a623badbc7e1-dg-cd11374eb51a-000103,2,none,none,slow,normal-slow-1,left,normal,clipped/audio_event_clean/normal/20260904T163207Z-3a704ddd8de6a623badbc7e1-dg-cd11374eb51a-000103_ch2.wav,3DPrinter/train/section_00_source_train_normal_000284.wav,8bc0900fdd6586b2bdfa7c2c0a3ae6c71b1afee40130663fcd75ebbdf0e32ca0,960044,358120800,358600800,28c2eaad3353a03e6b407f92b09204b1bf97d1aa219009b7d21c4d701953e77f,0,0,802f3c261908f3e2e089368d45f0a944bfc163c5aff354242553bf974305ed1d,saved_rule_based,1.55
section_00_source_train_normal_000285,train,source,normal,B,20260904T163207Z-3a704ddd8de6a623badbc7e1,20260904T163207Z-3a704ddd8de6a623badbc7e1-dg-cd11374eb51a-000104,2,none,none,slow,normal-slow-1,left,normal,clipped/audio_event_clean/normal/20260904T163207Z-3a704ddd8de6a623badbc7e1-dg-cd11374eb51a-000104_ch2.wav,3DPrinter/train/section_00_source_train_normal_000285.wav,2208f19f7ff1bcc5404629baafacb974295e76e7240138d4364bb72c41bde4e7,960044,358600800,359080800,28c2eaad3353a03e6b407f92b09204b1bf97d1aa219009b7d21c4d701953e77f,0,0,802f3c261908f3e2e089368d45f0a944bfc163c5aff354242553bf974305ed1d,saved_rule_based,1.55
section_00_source_train_normal_000286,train,source,normal,B,20260904T163207Z-3a704ddd8de6a623badbc7e1,20260904T163207Z-3a704ddd8de6a623badbc7e1-dg-cd11374eb51a-000105,2,none,none,slow,normal-slow-1,left,normal,clipped/audio_event_clean/normal/20260904T163207Z-3a704ddd8de6a623badbc7e1-dg-cd11374eb51a-000105_ch2.wav,3DPrinter/train/section_00_source_train_normal_000286.wav,2e3369f196326555bfd2a0f658ef0c5da1ed54eb2a1f489b3c0797bfaf0d1450,960044,359080800,359560800,28c2eaad3353a03e6b407f92b09204b1bf97d1aa219009b7d21c4d701953e77f,0,0,802f3c261908f3e2e089368d45f0a944bfc163c5aff354242553bf974305ed1d,saved_rule_based,1.55
section_00_source_train_normal_000287,train,source,normal,B,20260904T163207Z-3a704ddd8de6a623badbc7e1,20260904T163207Z-3a704ddd8de6a623badbc7e1-dg-cd11374eb51a-000107,2,none,none,slow,normal-slow-1,left,normal,clipped/audio_event_clean/normal/20260904T163207Z-3a704ddd8de6a623badbc7e1-dg-cd11374eb51a-000107_ch2.wav,3DPrinter/train/section_00_source_train_normal_000287.wav,ce9e4fb2851a30a8b310c959b778498f7152e4946c3e134cd95cba758422b8b7,960044,360040800,360520800,28c2eaad3353a03e6b407f92b09204b1bf97d1aa219009b7d21c4d701953e77f,0,0,802f3c261908f3e2e089368d45f0a944bfc163c5aff354242553bf974305ed1d,saved_rule_based,1.55
section_00_source_train_normal_000288,train,source,normal,B,20260904T163207Z-3a704ddd8de6a623badbc7e1,20260904T163207Z-3a704ddd8de6a623badbc7e1-dg-cd11374eb51a-000109,2,none,none,slow,normal-slow-1,left,normal,clipped/audio_event_clean/normal/20260904T163207Z-3a704ddd8de6a623badbc7e1-dg-cd11374eb51a-000109_ch2.wav,3DPrinter/train/section_00_source_train_normal_000288.wav,2f456a0ce8b07878e86b4d8ef46733b4d681b986d9ee61739f2cef9ef046c35d,960044,361000800,361480800,28c2eaad3353a03e6b407f92b09204b1bf97d1aa219009b7d21c4d701953e77f,0,0,802f3c261908f3e2e089368d45f0a944bfc163c5aff354242553bf974305ed1d,saved_rule_based,1.55
section_00_source_train_normal_000289,train,source,normal,B,20260904T163207Z-3a704ddd8de6a623badbc7e1,20260904T163207Z-3a704ddd8de6a623badbc7e1-dg-cd11374eb51a-000110,2,none,none,slow,normal-slow-1,left,normal,clipped/audio_event_clean/normal/20260904T163207Z-3a704ddd8de6a623badbc7e1-dg-cd11374eb51a-000110_ch2.wav,3DPrinter/train/section_00_source_train_normal_000289.wav,ab5d38732bdd357a78077d72dcdd1f1a5f6d82f840d5c34e8afa63cc451f9ae5,960044,361480800,361960800,28c2eaad3353a03e6b407f92b09204b1bf97d1aa219009b7d21c4d701953e77f,0,0,802f3c261908f3e2e089368d45f0a944bfc163c5aff354242553bf974305ed1d,saved_rule_based,1.55
section_00_source_train_normal_000290,train,source,normal,B,20260904T163207Z-3a704ddd8de6a623badbc7e1,20260904T163207Z-3a704ddd8de6a623badbc7e1-dg-cd11374eb51a-000112,2,none,none,slow,normal-slow-1,left,normal,clipped/audio_event_clean/normal/20260904T163207Z-3a704ddd8de6a623badbc7e1-dg-cd11374eb51a-000112_ch2.wav,3DPrinter/train/section_00_source_train_normal_000290.wav,8f2e1b4e4c9023a555b16f50e6182aa13b30ac942b44f338fc37e1d3f33bded4,960044,362440800,362920800,28c2eaad3353a03e6b407f92b09204b1bf97d1aa219009b7d21c4d701953e77f,0,0,802f3c261908f3e2e089368d45f0a944bfc163c5aff354242553bf974305ed1d,saved_rule_based,1.55
section_00_source_train_normal_000291,train,source,normal,B,20260904T163207Z-3a704ddd8de6a623badbc7e1,20260904T163207Z-3a704ddd8de6a623badbc7e1-dg-cd11374eb51a-000113,2,none,none,slow,normal-slow-1,left,normal,clipped/audio_event_clean/normal/20260904T163207Z-3a704ddd8de6a623badbc7e1-dg-cd11374eb51a-000113_ch2.wav,3DPrinter/train/section_00_source_train_normal_000291.wav,e0feef30b9d5aebae658fdd2014e989bff6d0311835cbaef12f659e31fb01be5,960044,362920800,363400800,28c2eaad3353a03e6b407f92b09204b1bf97d1aa219009b7d21c4d701953e77f,0,0,802f3c261908f3e2e089368d45f0a944bfc163c5aff354242553bf974305ed1d,saved_rule_based,1.55
section_00_source_train_normal_000292,train,source,normal,B,20260904T163207Z-3a704ddd8de6a623badbc7e1,20260904T163207Z-3a704ddd8de6a623badbc7e1-dg-cd11374eb51a-000117,2,none,none,slow,normal-slow-1,left,normal,clipped/audio_event_clean/normal/20260904T163207Z-3a704ddd8de6a623badbc7e1-dg-cd11374eb51a-000117_ch2.wav,3DPrinter/train/section_00_source_train_normal_000292.wav,2e1f50593f9e21b78fad4c284d50d46608eafc7951aff5af4e9469575053227d,960044,364840800,365320800,28c2eaad3353a03e6b407f92b09204b1bf97d1aa219009b7d21c4d701953e77f,0,0,802f3c261908f3e2e089368d45f0a944bfc163c5aff354242553bf974305ed1d,saved_rule_based,1.55
section_00_source_train_normal_000293,train,source,normal,B,20260904T163207Z-3a704ddd8de6a623badbc7e1,20260904T163207Z-3a704ddd8de6a623badbc7e1-dg-cd11374eb51a-000118,2,none,none,slow,normal-slow-1,left,normal,clipped/audio_event_clean/normal/20260904T163207Z-3a704ddd8de6a623badbc7e1-dg-cd11374eb51a-000118_ch2.wav,3DPrinter/train/section_00_source_train_normal_000293.wav,b3b0b6dd04e38031dca71d688cec8acc7469483d27f5eed898495e4a22980c04,960044,365320800,365800800,28c2eaad3353a03e6b407f92b09204b1bf97d1aa219009b7d21c4d701953e77f,0,0,802f3c261908f3e2e089368d45f0a944bfc163c5aff354242553bf974305ed1d,saved_rule_based,1.55
section_00_source_train_normal_000294,train,source,normal,B,20260904T163207Z-3a704ddd8de6a623badbc7e1,20260904T163207Z-3a704ddd8de6a623badbc7e1-dg-cd11374eb51a-000120,2,none,none,slow,normal-slow-1,left,normal,clipped/audio_event_clean/normal/20260904T163207Z-3a704ddd8de6a623badbc7e1-dg-cd11374eb51a-000120_ch2.wav,3DPrinter/train/section_00_source_train_normal_000294.wav,fa9d7c58a00b2818cb97aba0a7d341edb5c18982ca18710e2ec96ee9496e1832,960044,366280800,366760800,28c2eaad3353a03e6b407f92b09204b1bf97d1aa219009b7d21c4d701953e77f,0,0,802f3c261908f3e2e089368d45f0a944bfc163c5aff354242553bf974305ed1d,saved_rule_based,1.55
section_00_source_train_normal_000295,train,source,normal,B,20260904T163207Z-3a704ddd8de6a623badbc7e1,20260904T163207Z-3a704ddd8de6a623badbc7e1-dg-cd11374eb51a-000121,2,none,none,slow,normal-slow-1,left,normal,clipped/audio_event_clean/normal/20260904T163207Z-3a704ddd8de6a623badbc7e1-dg-cd11374eb51a-000121_ch2.wav,3DPrinter/train/section_00_source_train_normal_000295.wav,3c828e3a2b15cc28ad6a65792aad5ebb6abf8cd7bfa352221b3bad0d1e378468,960044,366760800,367240800,28c2eaad3353a03e6b407f92b09204b1bf97d1aa219009b7d21c4d701953e77f,0,0,802f3c261908f3e2e089368d45f0a944bfc163c5aff354242553bf974305ed1d,saved_rule_based,1.55
section_00_source_train_normal_000296,train,source,normal,B,20260904T163207Z-3a704ddd8de6a623badbc7e1,20260904T163207Z-3a704ddd8de6a623badbc7e1-dg-cd11374eb51a-000124,2,none,none,slow,normal-slow-1,left,normal,clipped/audio_event_clean/normal/20260904T163207Z-3a704ddd8de6a623badbc7e1-dg-cd11374eb51a-000124_ch2.wav,3DPrinter/train/section_00_source_train_normal_000296.wav,3b3c2e5d809776c74c27eddc37c23ba76ae05115e5900efdba50b455ea3af63d,960044,368200800,368680800,28c2eaad3353a03e6b407f92b09204b1bf97d1aa219009b7d21c4d701953e77f,0,0,802f3c261908f3e2e089368d45f0a944bfc163c5aff354242553bf974305ed1d,saved_rule_based,1.55
section_00_source_train_normal_000297,train,source,normal,B,20260904T163207Z-3a704ddd8de6a623badbc7e1,20260904T163207Z-3a704ddd8de6a623badbc7e1-dg-cd11374eb51a-000128,2,none,none,slow,normal-slow-1,left,normal,clipped/audio_event_clean/normal/20260904T163207Z-3a704ddd8de6a623badbc7e1-dg-cd11374eb51a-000128_ch2.wav,3DPrinter/train/section_00_source_train_normal_000297.wav,1be0fa73609b03196f2b0452abf678ad92969094bc9e1014cf9179868fd48620,960044,370120800,370600800,28c2eaad3353a03e6b407f92b09204b1bf97d1aa219009b7d21c4d701953e77f,0,0,802f3c261908f3e2e089368d45f0a944bfc163c5aff354242553bf974305ed1d,saved_rule_based,1.55
section_00_source_train_normal_000298,train,source,normal,B,20260904T163207Z-3a704ddd8de6a623badbc7e1,20260904T163207Z-3a704ddd8de6a623badbc7e1-dg-cd11374eb51a-000130,2,none,none,slow,normal-slow-1,left,normal,clipped/audio_event_clean/normal/20260904T163207Z-3a704ddd8de6a623badbc7e1-dg-cd11374eb51a-000130_ch2.wav,3DPrinter/train/section_00_source_train_normal_000298.wav,28acfb3d94c274bc922ab782549f7f08030e8660714e415b467d7599e52fd667,960044,371080800,371560800,28c2eaad3353a03e6b407f92b09204b1bf97d1aa219009b7d21c4d701953e77f,0,0,802f3c261908f3e2e089368d45f0a944bfc163c5aff354242553bf974305ed1d,saved_rule_based,1.55
section_00_source_train_normal_000299,train,source,normal,B,20260904T163207Z-3a704ddd8de6a623badbc7e1,20260904T163207Z-3a704ddd8de6a623badbc7e1-dg-cd11374eb51a-000138,2,none,none,slow,normal-slow-1,left,normal,clipped/audio_event_clean/normal/20260904T163207Z-3a704ddd8de6a623badbc7e1-dg-cd11374eb51a-000138_ch2.wav,3DPrinter/train/section_00_source_train_normal_000299.wav,81e21a6eca5e9a784fa554dea8b6339869620c512924b3afafdcffd7236ed89f,960044,374920800,375400800,28c2eaad3353a03e6b407f92b09204b1bf97d1aa219009b7d21c4d701953e77f,0,0,802f3c261908f3e2e089368d45f0a944bfc163c5aff354242553bf974305ed1d,saved_rule_based,1.55
section_00_source_train_normal_000300,train,source,normal,B,20260904T163207Z-3a704ddd8de6a623badbc7e1,20260904T163207Z-3a704ddd8de6a623badbc7e1-dg-cd11374eb51a-000141,2,none,none,slow,normal-slow-1,left,normal,clipped/audio_event_clean/normal/20260904T163207Z-3a704ddd8de6a623badbc7e1-dg-cd11374eb51a-000141_ch2.wav,3DPrinter/train/section_00_source_train_normal_000300.wav,9bd6c7083800a1a02318be1e2ea29b15a6289b2a7046c7b40a2f01dae8d5ba05,960044,376360800,376840800,28c2eaad3353a03e6b407f92b09204b1bf97d1aa219009b7d21c4d701953e77f,0,0,802f3c261908f3e2e089368d45f0a944bfc163c5aff354242553bf974305ed1d,saved_rule_based,1.55
section_00_source_train_normal_000301,train,source,normal,B,20260904T163207Z-3a704ddd8de6a623badbc7e1,20260904T163207Z-3a704ddd8de6a623badbc7e1-dg-cd11374eb51a-000145,2,none,none,slow,normal-slow-1,left,normal,clipped/audio_event_clean/normal/20260904T163207Z-3a704ddd8de6a623badbc7e1-dg-cd11374eb51a-000145_ch2.wav,3DPrinter/train/section_00_source_train_normal_000301.wav,520d4a9a70dddcdeab38924a52aebe749e540c3cbc950a5bd12acd0449f387ba,960044,378280800,378760800,28c2eaad3353a03e6b407f92b09204b1bf97d1aa219009b7d21c4d701953e77f,0,0,802f3c261908f3e2e089368d45f0a944bfc163c5aff354242553bf974305ed1d,saved_rule_based,1.55
section_00_source_train_normal_000302,train,source,normal,B,20260904T163207Z-3a704ddd8de6a623badbc7e1,20260904T163207Z-3a704ddd8de6a623badbc7e1-dg-cd11374eb51a-000146,2,none,none,slow,normal-slow-1,left,normal,clipped/audio_event_clean/normal/20260904T163207Z-3a704ddd8de6a623badbc7e1-dg-cd11374eb51a-000146_ch2.wav,3DPrinter/train/section_00_source_train_normal_000302.wav,c2b8ac875ef50f566f1a506cf7fcf6a28174a8ac80515c8501e2d1139ff849f2,960044,378760800,379240800,28c2eaad3353a03e6b407f92b09204b1bf97d1aa219009b7d21c4d701953e77f,0,0,802f3c261908f3e2e089368d45f0a944bfc163c5aff354242553bf974305ed1d,saved_rule_based,1.55
section_00_source_train_normal_000303,train,source,normal,B,20260904T163207Z-3a704ddd8de6a623badbc7e1,20260904T163207Z-3a704ddd8de6a623badbc7e1-dg-cd11374eb51a-000147,2,none,none,slow,normal-slow-1,left,normal,clipped/audio_event_clean/normal/20260904T163207Z-3a704ddd8de6a623badbc7e1-dg-cd11374eb51a-000147_ch2.wav,3DPrinter/train/section_00_source_train_normal_000303.wav,107502132379505b4b4cbfd546697fc6496193a1e07e433695b3ae5d49377ad9,960044,379240800,379720800,28c2eaad3353a03e6b407f92b09204b1bf97d1aa219009b7d21c4d701953e77f,0,0,802f3c261908f3e2e089368d45f0a944bfc163c5aff354242553bf974305ed1d,saved_rule_based,1.55
section_00_source_train_normal_000304,train,source,normal,B,20260904T163207Z-3a704ddd8de6a623badbc7e1,20260904T163207Z-3a704ddd8de6a623badbc7e1-dg-cd11374eb51a-000149,2,none,none,slow,normal-slow-1,left,normal,clipped/audio_event_clean/normal/20260904T163207Z-3a704ddd8de6a623badbc7e1-dg-cd11374eb51a-000149_ch2.wav,3DPrinter/train/section_00_source_train_normal_000304.wav,488a5744fd5cfa29d1b7fbf8901024c2ecaa7620d911e1639ab2b66e65e9024f,960044,380200800,380680800,28c2eaad3353a03e6b407f92b09204b1bf97d1aa219009b7d21c4d701953e77f,0,0,802f3c261908f3e2e089368d45f0a944bfc163c5aff354242553bf974305ed1d,saved_rule_based,1.55
section_00_source_train_normal_000305,train,source,normal,B,20260904T163207Z-3a704ddd8de6a623badbc7e1,20260904T163207Z-3a704ddd8de6a623badbc7e1-dg-cd11374eb51a-000151,2,none,none,slow,normal-slow-1,left,normal,clipped/audio_event_clean/normal/20260904T163207Z-3a704ddd8de6a623badbc7e1-dg-cd11374eb51a-000151_ch2.wav,3DPrinter/train/section_00_source_train_normal_000305.wav,35789185eb3002c35e684bb4ff71d2f25e11a9571f7d79e883d2fc9f15824194,960044,381160800,381640800,28c2eaad3353a03e6b407f92b09204b1bf97d1aa219009b7d21c4d701953e77f,0,0,802f3c261908f3e2e089368d45f0a944bfc163c5aff354242553bf974305ed1d,saved_rule_based,1.55
section_00_source_train_normal_000306,train,source,normal,B,20260904T163207Z-3a704ddd8de6a623badbc7e1,20260904T163207Z-3a704ddd8de6a623badbc7e1-dg-cd11374eb51a-000152,2,none,none,slow,normal-slow-1,left,normal,clipped/audio_event_clean/normal/20260904T163207Z-3a704ddd8de6a623badbc7e1-dg-cd11374eb51a-000152_ch2.wav,3DPrinter/train/section_00_source_train_normal_000306.wav,3ac6d076deaa38972ce7f7c76b5349d677d03835631d092017f8ed82be263d70,960044,381640800,382120800,28c2eaad3353a03e6b407f92b09204b1bf97d1aa219009b7d21c4d701953e77f,0,0,802f3c261908f3e2e089368d45f0a944bfc163c5aff354242553bf974305ed1d,saved_rule_based,1.55
section_00_source_train_normal_000307,train,source,normal,B,20260904T163207Z-3a704ddd8de6a623badbc7e1,20260904T163207Z-3a704ddd8de6a623badbc7e1-dg-cd11374eb51a-000153,2,none,none,slow,normal-slow-1,left,normal,clipped/audio_event_clean/normal/20260904T163207Z-3a704ddd8de6a623badbc7e1-dg-cd11374eb51a-000153_ch2.wav,3DPrinter/train/section_00_source_train_normal_000307.wav,a763cc7766120157d34d9c0822ea86e6b775471362e2dd9296c730e86784a59a,960044,382120800,382600800,28c2eaad3353a03e6b407f92b09204b1bf97d1aa219009b7d21c4d701953e77f,0,0,802f3c261908f3e2e089368d45f0a944bfc163c5aff354242553bf974305ed1d,saved_rule_based,1.55
section_00_source_train_normal_000308,train,source,normal,B,20260904T163207Z-3a704ddd8de6a623badbc7e1,20260904T163207Z-3a704ddd8de6a623badbc7e1-dg-cd11374eb51a-000154,2,none,none,slow,normal-slow-1,left,normal,clipped/audio_event_clean/normal/20260904T163207Z-3a704ddd8de6a623badbc7e1-dg-cd11374eb51a-000154_ch2.wav,3DPrinter/train/section_00_source_train_normal_000308.wav,560885345a24c1976829b92e7ae8da8aaebc15f369322e7f9e4ea676b5097ff2,960044,382600800,383080800,28c2eaad3353a03e6b407f92b09204b1bf97d1aa219009b7d21c4d701953e77f,0,0,802f3c261908f3e2e089368d45f0a944bfc163c5aff354242553bf974305ed1d,saved_rule_based,1.55
section_00_source_train_normal_000309,train,source,normal,B,20260904T163207Z-3a704ddd8de6a623badbc7e1,20260904T163207Z-3a704ddd8de6a623badbc7e1-dg-cd11374eb51a-000157,2,none,none,slow,normal-slow-1,left,normal,clipped/audio_event_clean/normal/20260904T163207Z-3a704ddd8de6a623badbc7e1-dg-cd11374eb51a-000157_ch2.wav,3DPrinter/train/section_00_source_train_normal_000309.wav,af11ac9338bfba966c386d8731acea1008d4c54425a56c125bd14b32a1906040,960044,384040800,384520800,28c2eaad3353a03e6b407f92b09204b1bf97d1aa219009b7d21c4d701953e77f,0,0,802f3c261908f3e2e089368d45f0a944bfc163c5aff354242553bf974305ed1d,saved_rule_based,1.55
section_00_source_train_normal_000310,train,source,normal,B,20260904T163207Z-3a704ddd8de6a623badbc7e1,20260904T163207Z-3a704ddd8de6a623badbc7e1-dg-cd11374eb51a-000162,2,none,none,slow,normal-slow-1,left,normal,clipped/audio_event_clean/normal/20260904T163207Z-3a704ddd8de6a623badbc7e1-dg-cd11374eb51a-000162_ch2.wav,3DPrinter/train/section_00_source_train_normal_000310.wav,e57ed9db39ff321fa9eac02b6151462aa51c19dbd8f6e1fa69a15f9471e9b96e,960044,386440800,386920800,28c2eaad3353a03e6b407f92b09204b1bf97d1aa219009b7d21c4d701953e77f,0,0,802f3c261908f3e2e089368d45f0a944bfc163c5aff354242553bf974305ed1d,saved_rule_based,1.55
section_00_source_train_normal_000311,train,source,normal,B,20260904T163207Z-3a704ddd8de6a623badbc7e1,20260904T163207Z-3a704ddd8de6a623badbc7e1-dg-cd11374eb51a-000163,2,none,none,slow,normal-slow-1,left,normal,clipped/audio_event_clean/normal/20260904T163207Z-3a704ddd8de6a623badbc7e1-dg-cd11374eb51a-000163_ch2.wav,3DPrinter/train/section_00_source_train_normal_000311.wav,9b7ed16ea7caf8a7665fa959ca6c01f5beff70446086424f9742465eb31b6243,960044,386920800,387400800,28c2eaad3353a03e6b407f92b09204b1bf97d1aa219009b7d21c4d701953e77f,0,0,802f3c261908f3e2e089368d45f0a944bfc163c5aff354242553bf974305ed1d,saved_rule_based,1.55
section_00_source_train_normal_000312,train,source,normal,B,20260904T163207Z-3a704ddd8de6a623badbc7e1,20260904T163207Z-3a704ddd8de6a623badbc7e1-dg-cd11374eb51a-000166,2,none,none,slow,normal-slow-1,left,normal,clipped/audio_event_clean/normal/20260904T163207Z-3a704ddd8de6a623badbc7e1-dg-cd11374eb51a-000166_ch2.wav,3DPrinter/train/section_00_source_train_normal_000312.wav,7e791df8a17a141913119cb8622c27b676a943c98d7f81927ee6d58e4028ca2c,960044,388360800,388840800,28c2eaad3353a03e6b407f92b09204b1bf97d1aa219009b7d21c4d701953e77f,0,0,802f3c261908f3e2e089368d45f0a944bfc163c5aff354242553bf974305ed1d,saved_rule_based,1.55
section_00_source_train_normal_000313,train,source,normal,B,20260904T163207Z-3a704ddd8de6a623badbc7e1,20260904T163207Z-3a704ddd8de6a623badbc7e1-dg-cd11374eb51a-000169,2,none,none,slow,normal-slow-1,left,normal,clipped/audio_event_clean/normal/20260904T163207Z-3a704ddd8de6a623badbc7e1-dg-cd11374eb51a-000169_ch2.wav,3DPrinter/train/section_00_source_train_normal_000313.wav,8c5de32124320fb61ea49c84444d641d6cc8d3937dc621f3f92194313b5a12e1,960044,389800800,390280800,28c2eaad3353a03e6b407f92b09204b1bf97d1aa219009b7d21c4d701953e77f,0,0,802f3c261908f3e2e089368d45f0a944bfc163c5aff354242553bf974305ed1d,saved_rule_based,1.55
section_00_source_train_normal_000314,train,source,normal,B,20260904T163207Z-3a704ddd8de6a623badbc7e1,20260904T163207Z-3a704ddd8de6a623badbc7e1-dg-cd11374eb51a-000170,2,none,none,slow,normal-slow-1,left,normal,clipped/audio_event_clean/normal/20260904T163207Z-3a704ddd8de6a623badbc7e1-dg-cd11374eb51a-000170_ch2.wav,3DPrinter/train/section_00_source_train_normal_000314.wav,0c1f066c83e0b2062b9f6e88b9538b5e999cc583a9765367b91bb88df19f79a5,960044,390280800,390760800,28c2eaad3353a03e6b407f92b09204b1bf97d1aa219009b7d21c4d701953e77f,0,0,802f3c261908f3e2e089368d45f0a944bfc163c5aff354242553bf974305ed1d,saved_rule_based,1.55
section_00_source_train_normal_000315,train,source,normal,B,20260904T163207Z-3a704ddd8de6a623badbc7e1,20260904T163207Z-3a704ddd8de6a623badbc7e1-dg-cd11374eb51a-000172,2,none,none,slow,normal-slow-1,left,normal,clipped/audio_event_clean/normal/20260904T163207Z-3a704ddd8de6a623badbc7e1-dg-cd11374eb51a-000172_ch2.wav,3DPrinter/train/section_00_source_train_normal_000315.wav,d1b3c5082cc7dcebe05d777727161be0a772f211436426a90d1369f62682113c,960044,391240800,391720800,28c2eaad3353a03e6b407f92b09204b1bf97d1aa219009b7d21c4d701953e77f,0,0,802f3c261908f3e2e089368d45f0a944bfc163c5aff354242553bf974305ed1d,saved_rule_based,1.55
section_00_source_train_normal_000316,train,source,normal,B,20260904T163207Z-3a704ddd8de6a623badbc7e1,20260904T163207Z-3a704ddd8de6a623badbc7e1-dg-cd11374eb51a-000176,2,none,none,slow,normal-slow-1,left,normal,clipped/audio_event_clean/normal/20260904T163207Z-3a704ddd8de6a623badbc7e1-dg-cd11374eb51a-000176_ch2.wav,3DPrinter/train/section_00_source_train_normal_000316.wav,765d5141e6aa307292a9c3a4e4846043d01fa9a2d6eb90152250f8060f7c2f02,960044,393160800,393640800,28c2eaad3353a03e6b407f92b09204b1bf97d1aa219009b7d21c4d701953e77f,0,0,802f3c261908f3e2e089368d45f0a944bfc163c5aff354242553bf974305ed1d,saved_rule_based,1.55
section_00_source_train_normal_000317,train,source,normal,B,20260904T163207Z-3a704ddd8de6a623badbc7e1,20260904T163207Z-3a704ddd8de6a623badbc7e1-dg-cd11374eb51a-000178,2,none,none,slow,normal-slow-1,left,normal,clipped/audio_event_clean/normal/20260904T163207Z-3a704ddd8de6a623badbc7e1-dg-cd11374eb51a-000178_ch2.wav,3DPrinter/train/section_00_source_train_normal_000317.wav,cad0b9aa1d321070b3505c6c9dfc308e597fee1995ef5287085259165ce15e1c,960044,394120800,394600800,28c2eaad3353a03e6b407f92b09204b1bf97d1aa219009b7d21c4d701953e77f,0,0,802f3c261908f3e2e089368d45f0a944bfc163c5aff354242553bf974305ed1d,saved_rule_based,1.55
section_00_source_train_normal_000318,train,source,normal,B,20260904T163207Z-3a704ddd8de6a623badbc7e1,20260904T163207Z-3a704ddd8de6a623badbc7e1-dg-cd11374eb51a-000179,2,none,none,slow,normal-slow-1,left,normal,clipped/audio_event_clean/normal/20260904T163207Z-3a704ddd8de6a623badbc7e1-dg-cd11374eb51a-000179_ch2.wav,3DPrinter/train/section_00_source_train_normal_000318.wav,49735116c0caf481af786cdd10a6d47cf96c138c6ff81341ccb08bc6766fc0bc,960044,394600800,395080800,28c2eaad3353a03e6b407f92b09204b1bf97d1aa219009b7d21c4d701953e77f,0,0,802f3c261908f3e2e089368d45f0a944bfc163c5aff354242553bf974305ed1d,saved_rule_based,1.55
section_00_source_train_normal_000319,train,source,normal,B,20260904T163207Z-3a704ddd8de6a623badbc7e1,20260904T163207Z-3a704ddd8de6a623badbc7e1-dg-cd11374eb51a-000187,2,none,none,slow,normal-slow-1,left,normal,clipped/audio_event_clean/normal/20260904T163207Z-3a704ddd8de6a623badbc7e1-dg-cd11374eb51a-000187_ch2.wav,3DPrinter/train/section_00_source_train_normal_000319.wav,c710b26810969c1974e18b1277b601631c4e360ec51085c7bce0695048c8196f,960044,398440800,398920800,28c2eaad3353a03e6b407f92b09204b1bf97d1aa219009b7d21c4d701953e77f,0,0,802f3c261908f3e2e089368d45f0a944bfc163c5aff354242553bf974305ed1d,saved_rule_based,1.55
section_00_source_train_normal_000320,train,source,normal,B,20260904T163207Z-3a704ddd8de6a623badbc7e1,20260904T163207Z-3a704ddd8de6a623badbc7e1-dg-cd11374eb51a-000190,2,none,none,slow,normal-slow-1,left,normal,clipped/audio_event_clean/normal/20260904T163207Z-3a704ddd8de6a623badbc7e1-dg-cd11374eb51a-000190_ch2.wav,3DPrinter/train/section_00_source_train_normal_000320.wav,32637e2407fded60f3ce2b13bac2528492ca5db3a20dcde9c27efa5e030612e9,960044,399880800,400360800,28c2eaad3353a03e6b407f92b09204b1bf97d1aa219009b7d21c4d701953e77f,0,0,802f3c261908f3e2e089368d45f0a944bfc163c5aff354242553bf974305ed1d,saved_rule_based,1.55
section_00_source_train_normal_000321,train,source,normal,B,20260904T163207Z-3a704ddd8de6a623badbc7e1,20260904T163207Z-3a704ddd8de6a623badbc7e1-dg-cd11374eb51a-000191,2,none,none,slow,normal-slow-1,left,normal,clipped/audio_event_clean/normal/20260904T163207Z-3a704ddd8de6a623badbc7e1-dg-cd11374eb51a-000191_ch2.wav,3DPrinter/train/section_00_source_train_normal_000321.wav,b419e5322c42d601a5d58e2af1f1b41113888cdbd0abb910d8e9555ee0525ccb,960044,400360800,400840800,28c2eaad3353a03e6b407f92b09204b1bf97d1aa219009b7d21c4d701953e77f,0,0,802f3c261908f3e2e089368d45f0a944bfc163c5aff354242553bf974305ed1d,saved_rule_based,1.55
section_00_source_train_normal_000322,train,source,normal,B,20260904T163207Z-3a704ddd8de6a623badbc7e1,20260904T163207Z-3a704ddd8de6a623badbc7e1-dg-cd11374eb51a-000193,2,none,none,slow,normal-slow-1,left,normal,clipped/audio_event_clean/normal/20260904T163207Z-3a704ddd8de6a623badbc7e1-dg-cd11374eb51a-000193_ch2.wav,3DPrinter/train/section_00_source_train_normal_000322.wav,a8f1ef4fc742f5b7b8e74d58227881da08c0d7509259822678835bc0331d8e28,960044,401320800,401800800,28c2eaad3353a03e6b407f92b09204b1bf97d1aa219009b7d21c4d701953e77f,0,0,802f3c261908f3e2e089368d45f0a944bfc163c5aff354242553bf974305ed1d,saved_rule_based,1.55
section_00_source_train_normal_000323,train,source,normal,B,20260904T163207Z-3a704ddd8de6a623badbc7e1,20260904T163207Z-3a704ddd8de6a623badbc7e1-dg-cd11374eb51a-000194,2,none,none,slow,normal-slow-1,left,normal,clipped/audio_event_clean/normal/20260904T163207Z-3a704ddd8de6a623badbc7e1-dg-cd11374eb51a-000194_ch2.wav,3DPrinter/train/section_00_source_train_normal_000323.wav,e876cd844574c686f083754f886ff2fb17cbc014bfc194d06f23173427ff3dcc,960044,401800800,402280800,28c2eaad3353a03e6b407f92b09204b1bf97d1aa219009b7d21c4d701953e77f,0,0,802f3c261908f3e2e089368d45f0a944bfc163c5aff354242553bf974305ed1d,saved_rule_based,1.55
section_00_source_train_normal_000324,train,source,normal,B,20260904T163207Z-3a704ddd8de6a623badbc7e1,20260904T163207Z-3a704ddd8de6a623badbc7e1-dg-cd11374eb51a-000197,2,none,none,slow,normal-slow-1,left,normal,clipped/audio_event_clean/normal/20260904T163207Z-3a704ddd8de6a623badbc7e1-dg-cd11374eb51a-000197_ch2.wav,3DPrinter/train/section_00_source_train_normal_000324.wav,66cc22ff17625da70503232f56a3d9672a3d510f7af02427e4a3ef120b4a583e,960044,403240800,403720800,28c2eaad3353a03e6b407f92b09204b1bf97d1aa219009b7d21c4d701953e77f,0,0,802f3c261908f3e2e089368d45f0a944bfc163c5aff354242553bf974305ed1d,saved_rule_based,1.55
section_00_source_train_normal_000325,train,source,normal,B,20260904T163207Z-3a704ddd8de6a623badbc7e1,20260904T163207Z-3a704ddd8de6a623badbc7e1-dg-cd11374eb51a-000200,2,none,none,slow,normal-slow-1,left,normal,clipped/audio_event_clean/normal/20260904T163207Z-3a704ddd8de6a623badbc7e1-dg-cd11374eb51a-000200_ch2.wav,3DPrinter/train/section_00_source_train_normal_000325.wav,aabd325c9a8ce05f2d5b6d37a3b187f1bd21adb975a3b282088b13299addba01,960044,404680800,405160800,28c2eaad3353a03e6b407f92b09204b1bf97d1aa219009b7d21c4d701953e77f,0,0,802f3c261908f3e2e089368d45f0a944bfc163c5aff354242553bf974305ed1d,saved_rule_based,1.55
section_00_source_train_normal_000326,train,source,normal,B,20260904T163207Z-3a704ddd8de6a623badbc7e1,20260904T163207Z-3a704ddd8de6a623badbc7e1-dg-cd11374eb51a-000202,2,none,none,slow,normal-slow-1,left,normal,clipped/audio_event_clean/normal/20260904T163207Z-3a704ddd8de6a623badbc7e1-dg-cd11374eb51a-000202_ch2.wav,3DPrinter/train/section_00_source_train_normal_000326.wav,1d40f257d49b17d5f76d140403095ab6d7fc842bc04a8d2bd992b771af843862,960044,405640800,406120800,28c2eaad3353a03e6b407f92b09204b1bf97d1aa219009b7d21c4d701953e77f,0,0,802f3c261908f3e2e089368d45f0a944bfc163c5aff354242553bf974305ed1d,saved_rule_based,1.55
section_00_source_train_normal_000327,train,source,normal,B,20260904T163207Z-3a704ddd8de6a623badbc7e1,20260904T163207Z-3a704ddd8de6a623badbc7e1-dg-cd11374eb51a-000207,2,none,none,slow,normal-slow-1,left,normal,clipped/audio_event_clean/normal/20260904T163207Z-3a704ddd8de6a623badbc7e1-dg-cd11374eb51a-000207_ch2.wav,3DPrinter/train/section_00_source_train_normal_000327.wav,1f30bc9f3f912e6d009e6fcfc1b461f88d059ac61ed5acdfd3ffabded55c66b3,960044,408040800,408520800,28c2eaad3353a03e6b407f92b09204b1bf97d1aa219009b7d21c4d701953e77f,0,0,802f3c261908f3e2e089368d45f0a944bfc163c5aff354242553bf974305ed1d,saved_rule_based,1.55
section_00_source_train_normal_000328,train,source,normal,B,20260904T163207Z-3a704ddd8de6a623badbc7e1,20260904T163207Z-3a704ddd8de6a623badbc7e1-dg-cd11374eb51a-000208,2,none,none,slow,normal-slow-1,left,normal,clipped/audio_event_clean/normal/20260904T163207Z-3a704ddd8de6a623badbc7e1-dg-cd11374eb51a-000208_ch2.wav,3DPrinter/train/section_00_source_train_normal_000328.wav,6fb618649eb37d3b9fbe71cdcbf8f2d611ad5b15ef79012b91f17c25bb081766,960044,408520800,409000800,28c2eaad3353a03e6b407f92b09204b1bf97d1aa219009b7d21c4d701953e77f,0,0,802f3c261908f3e2e089368d45f0a944bfc163c5aff354242553bf974305ed1d,saved_rule_based,1.55
section_00_source_train_normal_000329,train,source,normal,B,20260904T163207Z-3a704ddd8de6a623badbc7e1,20260904T163207Z-3a704ddd8de6a623badbc7e1-dg-cd11374eb51a-000209,2,none,none,slow,normal-slow-1,left,normal,clipped/audio_event_clean/normal/20260904T163207Z-3a704ddd8de6a623badbc7e1-dg-cd11374eb51a-000209_ch2.wav,3DPrinter/train/section_00_source_train_normal_000329.wav,f477ec5f1b1dbb7d3895d4c15de537d8178fd50b092a3bc5a0e4b924c1310592,960044,409000800,409480800,28c2eaad3353a03e6b407f92b09204b1bf97d1aa219009b7d21c4d701953e77f,0,0,802f3c261908f3e2e089368d45f0a944bfc163c5aff354242553bf974305ed1d,saved_rule_based,1.55
section_00_source_train_normal_000330,train,source,normal,B,20260904T163207Z-3a704ddd8de6a623badbc7e1,20260904T163207Z-3a704ddd8de6a623badbc7e1-dg-cd11374eb51a-000210,2,none,none,slow,normal-slow-1,left,normal,clipped/audio_event_clean/normal/20260904T163207Z-3a704ddd8de6a623badbc7e1-dg-cd11374eb51a-000210_ch2.wav,3DPrinter/train/section_00_source_train_normal_000330.wav,7a6a0ca769ccf49c4c3662ca64c4b47d40c4028f36fd135dc569ce26295e6a8b,960044,409480800,409960800,28c2eaad3353a03e6b407f92b09204b1bf97d1aa219009b7d21c4d701953e77f,0,0,802f3c261908f3e2e089368d45f0a944bfc163c5aff354242553bf974305ed1d,saved_rule_based,1.55
section_00_source_train_normal_000331,train,source,normal,B,20260904T163207Z-3a704ddd8de6a623badbc7e1,20260904T163207Z-3a704ddd8de6a623badbc7e1-dg-cd11374eb51a-000216,2,none,none,slow,normal-slow-1,left,normal,clipped/audio_event_clean/normal/20260904T163207Z-3a704ddd8de6a623badbc7e1-dg-cd11374eb51a-000216_ch2.wav,3DPrinter/train/section_00_source_train_normal_000331.wav,dc395aac79b419f65bc6119910d70b0a3d30819872cae0acf6ffb26ec85655f3,960044,412360800,412840800,28c2eaad3353a03e6b407f92b09204b1bf97d1aa219009b7d21c4d701953e77f,0,0,802f3c261908f3e2e089368d45f0a944bfc163c5aff354242553bf974305ed1d,saved_rule_based,1.55
section_00_source_train_normal_000332,train,source,normal,B,20260904T163207Z-3a704ddd8de6a623badbc7e1,20260904T163207Z-3a704ddd8de6a623badbc7e1-dg-cd11374eb51a-000218,2,none,none,slow,normal-slow-1,left,normal,clipped/audio_event_clean/normal/20260904T163207Z-3a704ddd8de6a623badbc7e1-dg-cd11374eb51a-000218_ch2.wav,3DPrinter/train/section_00_source_train_normal_000332.wav,b169bd58fdb382d77fbed8bbaeab9263e39d78317604122bf0fe54a77f801c64,960044,413320800,413800800,28c2eaad3353a03e6b407f92b09204b1bf97d1aa219009b7d21c4d701953e77f,0,0,802f3c261908f3e2e089368d45f0a944bfc163c5aff354242553bf974305ed1d,saved_rule_based,1.55
section_00_source_train_normal_000333,train,source,normal,B,20260904T163207Z-3a704ddd8de6a623badbc7e1,20260904T163207Z-3a704ddd8de6a623badbc7e1-dg-cd11374eb51a-000219,2,none,none,slow,normal-slow-1,left,normal,clipped/audio_event_clean/normal/20260904T163207Z-3a704ddd8de6a623badbc7e1-dg-cd11374eb51a-000219_ch2.wav,3DPrinter/train/section_00_source_train_normal_000333.wav,27379dede415816227f845ef85d1b7316e9b563945da0cc41a7b88d889da0674,960044,413800800,414280800,28c2eaad3353a03e6b407f92b09204b1bf97d1aa219009b7d21c4d701953e77f,0,0,802f3c261908f3e2e089368d45f0a944bfc163c5aff354242553bf974305ed1d,saved_rule_based,1.55
section_00_source_train_normal_000334,train,source,normal,B,20260904T163207Z-3a704ddd8de6a623badbc7e1,20260904T163207Z-3a704ddd8de6a623badbc7e1-dg-cd11374eb51a-000225,2,none,none,slow,normal-slow-1,left,normal,clipped/audio_event_clean/normal/20260904T163207Z-3a704ddd8de6a623badbc7e1-dg-cd11374eb51a-000225_ch2.wav,3DPrinter/train/section_00_source_train_normal_000334.wav,3b3d64b3acb344aeeb42be8d1a75c5bd9c39cb3ceab7b5d1f977de2b6131178f,960044,416680800,417160800,28c2eaad3353a03e6b407f92b09204b1bf97d1aa219009b7d21c4d701953e77f,0,0,802f3c261908f3e2e089368d45f0a944bfc163c5aff354242553bf974305ed1d,saved_rule_based,1.55
section_00_source_train_normal_000335,train,source,normal,B,20260904T163207Z-3a704ddd8de6a623badbc7e1,20260904T163207Z-3a704ddd8de6a623badbc7e1-dg-cd11374eb51a-000226,2,none,none,slow,normal-slow-1,left,normal,clipped/audio_event_clean/normal/20260904T163207Z-3a704ddd8de6a623badbc7e1-dg-cd11374eb51a-000226_ch2.wav,3DPrinter/train/section_00_source_train_normal_000335.wav,dba5a1ac3aa9d9a29b4aadfcef3e597397f822866e62531f4e809082ebdb353b,960044,417160800,417640800,28c2eaad3353a03e6b407f92b09204b1bf97d1aa219009b7d21c4d701953e77f,0,0,802f3c261908f3e2e089368d45f0a944bfc163c5aff354242553bf974305ed1d,saved_rule_based,1.55
section_00_source_train_normal_000336,train,source,normal,B,20260904T163207Z-3a704ddd8de6a623badbc7e1,20260904T163207Z-3a704ddd8de6a623badbc7e1-dg-cd11374eb51a-000227,2,none,none,slow,normal-slow-1,left,normal,clipped/audio_event_clean/normal/20260904T163207Z-3a704ddd8de6a623badbc7e1-dg-cd11374eb51a-000227_ch2.wav,3DPrinter/train/section_00_source_train_normal_000336.wav,d5908a30173f54b8e751aca5c20aad590a41393706640e4b81126e815c92a1a4,960044,417640800,418120800,28c2eaad3353a03e6b407f92b09204b1bf97d1aa219009b7d21c4d701953e77f,0,0,802f3c261908f3e2e089368d45f0a944bfc163c5aff354242553bf974305ed1d,saved_rule_based,1.55
section_00_source_train_normal_000337,train,source,normal,B,20260904T163207Z-3a704ddd8de6a623badbc7e1,20260904T163207Z-3a704ddd8de6a623badbc7e1-dg-cd11374eb51a-000228,2,none,none,slow,normal-slow-1,left,normal,clipped/audio_event_clean/normal/20260904T163207Z-3a704ddd8de6a623badbc7e1-dg-cd11374eb51a-000228_ch2.wav,3DPrinter/train/section_00_source_train_normal_000337.wav,5b6905cfe92c460691d871120d0fe325f5534c3e0d4a5a244490b2607a549de9,960044,418120800,418600800,28c2eaad3353a03e6b407f92b09204b1bf97d1aa219009b7d21c4d701953e77f,0,0,802f3c261908f3e2e089368d45f0a944bfc163c5aff354242553bf974305ed1d,saved_rule_based,1.55
section_00_source_train_normal_000338,train,source,normal,B,20260904T163207Z-3a704ddd8de6a623badbc7e1,20260904T163207Z-3a704ddd8de6a623badbc7e1-dg-cd11374eb51a-000234,2,none,none,slow,normal-slow-1,left,normal,clipped/audio_event_clean/normal/20260904T163207Z-3a704ddd8de6a623badbc7e1-dg-cd11374eb51a-000234_ch2.wav,3DPrinter/train/section_00_source_train_normal_000338.wav,ef7c1e8d7512defd0589c2c488dabb09dc982acc4597e80068fc0001e62e91a9,960044,421000800,421480800,28c2eaad3353a03e6b407f92b09204b1bf97d1aa219009b7d21c4d701953e77f,0,0,802f3c261908f3e2e089368d45f0a944bfc163c5aff354242553bf974305ed1d,saved_rule_based,1.55
section_00_source_train_normal_000339,train,source,normal,B,20260904T163207Z-3a704ddd8de6a623badbc7e1,20260904T163207Z-3a704ddd8de6a623badbc7e1-dg-cd11374eb51a-000235,2,none,none,slow,normal-slow-1,left,normal,clipped/audio_event_clean/normal/20260904T163207Z-3a704ddd8de6a623badbc7e1-dg-cd11374eb51a-000235_ch2.wav,3DPrinter/train/section_00_source_train_normal_000339.wav,af7862b2d2e56964c85f288ac779fe71c651be32e12a7b4c39849f3e14202fe7,960044,421480800,421960800,28c2eaad3353a03e6b407f92b09204b1bf97d1aa219009b7d21c4d701953e77f,0,0,802f3c261908f3e2e089368d45f0a944bfc163c5aff354242553bf974305ed1d,saved_rule_based,1.55
section_00_source_train_normal_000340,train,source,normal,B,20260904T163207Z-3a704ddd8de6a623badbc7e1,20260904T163207Z-3a704ddd8de6a623badbc7e1-dg-cd11374eb51a-000237,2,none,none,slow,normal-slow-1,left,normal,clipped/audio_event_clean/normal/20260904T163207Z-3a704ddd8de6a623badbc7e1-dg-cd11374eb51a-000237_ch2.wav,3DPrinter/train/section_00_source_train_normal_000340.wav,b648028cb72b39f54c49a553f5e22be889a89fca30cafcb07fc440866bd9f15d,960044,422440800,422920800,28c2eaad3353a03e6b407f92b09204b1bf97d1aa219009b7d21c4d701953e77f,0,0,802f3c261908f3e2e089368d45f0a944bfc163c5aff354242553bf974305ed1d,saved_rule_based,1.55
section_00_source_train_normal_000341,train,source,normal,B,20260904T163207Z-3a704ddd8de6a623badbc7e1,20260904T163207Z-3a704ddd8de6a623badbc7e1-dg-cd11374eb51a-000242,2,none,none,slow,normal-slow-1,left,normal,clipped/audio_event_clean/normal/20260904T163207Z-3a704ddd8de6a623badbc7e1-dg-cd11374eb51a-000242_ch2.wav,3DPrinter/train/section_00_source_train_normal_000341.wav,bdcbb3e45868321967c45452481943df04b9538504f7277ba4626eeb7294a203,960044,424840800,425320800,28c2eaad3353a03e6b407f92b09204b1bf97d1aa219009b7d21c4d701953e77f,0,0,802f3c261908f3e2e089368d45f0a944bfc163c5aff354242553bf974305ed1d,saved_rule_based,1.55
section_00_source_train_normal_000342,train,source,normal,B,20260904T163207Z-3a704ddd8de6a623badbc7e1,20260904T163207Z-3a704ddd8de6a623badbc7e1-dg-cd11374eb51a-000244,2,none,none,slow,normal-slow-1,left,normal,clipped/audio_event_clean/normal/20260904T163207Z-3a704ddd8de6a623badbc7e1-dg-cd11374eb51a-000244_ch2.wav,3DPrinter/train/section_00_source_train_normal_000342.wav,b93c6511789d3e45dcbd2c368b4ce65706a68c512d8d920a0270dfe36635d16c,960044,425800800,426280800,28c2eaad3353a03e6b407f92b09204b1bf97d1aa219009b7d21c4d701953e77f,0,0,802f3c261908f3e2e089368d45f0a944bfc163c5aff354242553bf974305ed1d,saved_rule_based,1.55
section_00_source_train_normal_000343,train,source,normal,B,20260904T163207Z-3a704ddd8de6a623badbc7e1,20260904T163207Z-3a704ddd8de6a623badbc7e1-dg-cd11374eb51a-000247,2,none,none,slow,normal-slow-1,left,normal,clipped/audio_event_clean/normal/20260904T163207Z-3a704ddd8de6a623badbc7e1-dg-cd11374eb51a-000247_ch2.wav,3DPrinter/train/section_00_source_train_normal_000343.wav,c80c7be324e69d6be7caf9406ee7beed2454812a2f9a35f71b4701244deb5fa6,960044,427240800,427720800,28c2eaad3353a03e6b407f92b09204b1bf97d1aa219009b7d21c4d701953e77f,0,0,802f3c261908f3e2e089368d45f0a944bfc163c5aff354242553bf974305ed1d,saved_rule_based,1.55
section_00_source_train_normal_000344,train,source,normal,B,20260904T163207Z-3a704ddd8de6a623badbc7e1,20260904T163207Z-3a704ddd8de6a623badbc7e1-dg-cd11374eb51a-000249,2,none,none,slow,normal-slow-1,left,normal,clipped/audio_event_clean/normal/20260904T163207Z-3a704ddd8de6a623badbc7e1-dg-cd11374eb51a-000249_ch2.wav,3DPrinter/train/section_00_source_train_normal_000344.wav,356965783bf1fd7ad367328ea180a7dff18326c4540587002a534962e892ef95,960044,428200800,428680800,28c2eaad3353a03e6b407f92b09204b1bf97d1aa219009b7d21c4d701953e77f,0,0,802f3c261908f3e2e089368d45f0a944bfc163c5aff354242553bf974305ed1d,saved_rule_based,1.55
section_00_source_train_normal_000345,train,source,normal,B,20260904T163207Z-3a704ddd8de6a623badbc7e1,20260904T163207Z-3a704ddd8de6a623badbc7e1-dg-cd11374eb51a-000253,2,none,none,slow,normal-slow-1,left,normal,clipped/audio_event_clean/normal/20260904T163207Z-3a704ddd8de6a623badbc7e1-dg-cd11374eb51a-000253_ch2.wav,3DPrinter/train/section_00_source_train_normal_000345.wav,d725ddbcad9a8f2d9c315ed458e657465ad877e0130b81f1456b3a17040c1651,960044,430120800,430600800,28c2eaad3353a03e6b407f92b09204b1bf97d1aa219009b7d21c4d701953e77f,0,0,802f3c261908f3e2e089368d45f0a944bfc163c5aff354242553bf974305ed1d,saved_rule_based,1.55
section_00_source_train_normal_000346,train,source,normal,B,20260904T163207Z-3a704ddd8de6a623badbc7e1,20260904T163207Z-3a704ddd8de6a623badbc7e1-dg-cd11374eb51a-000254,2,none,none,slow,normal-slow-1,left,normal,clipped/audio_event_clean/normal/20260904T163207Z-3a704ddd8de6a623badbc7e1-dg-cd11374eb51a-000254_ch2.wav,3DPrinter/train/section_00_source_train_normal_000346.wav,be99585827f38e9bdab1dc1d01cd92fa8605fe5cf76eef67fd05b10be268b3d9,960044,430600800,431080800,28c2eaad3353a03e6b407f92b09204b1bf97d1aa219009b7d21c4d701953e77f,0,0,802f3c261908f3e2e089368d45f0a944bfc163c5aff354242553bf974305ed1d,saved_rule_based,1.55
section_00_source_train_normal_000347,train,source,normal,B,20260904T163207Z-3a704ddd8de6a623badbc7e1,20260904T163207Z-3a704ddd8de6a623badbc7e1-dg-cd11374eb51a-000256,2,none,none,slow,normal-slow-1,left,normal,clipped/audio_event_clean/normal/20260904T163207Z-3a704ddd8de6a623badbc7e1-dg-cd11374eb51a-000256_ch2.wav,3DPrinter/train/section_00_source_train_normal_000347.wav,735f314061a5e0b74d635463a5d63a1a515f5c1ba5f94c507835ad2d2195f7b1,960044,431560800,432040800,28c2eaad3353a03e6b407f92b09204b1bf97d1aa219009b7d21c4d701953e77f,0,0,802f3c261908f3e2e089368d45f0a944bfc163c5aff354242553bf974305ed1d,saved_rule_based,1.55
section_00_source_train_normal_000348,train,source,normal,B,20260904T163207Z-3a704ddd8de6a623badbc7e1,20260904T163207Z-3a704ddd8de6a623badbc7e1-dg-cd11374eb51a-000257,2,none,none,slow,normal-slow-1,left,normal,clipped/audio_event_clean/normal/20260904T163207Z-3a704ddd8de6a623badbc7e1-dg-cd11374eb51a-000257_ch2.wav,3DPrinter/train/section_00_source_train_normal_000348.wav,5ccec00c18691f0a750fca35395063028ae421740b835374ddce99fef6634bb3,960044,432040800,432520800,28c2eaad3353a03e6b407f92b09204b1bf97d1aa219009b7d21c4d701953e77f,0,0,802f3c261908f3e2e089368d45f0a944bfc163c5aff354242553bf974305ed1d,saved_rule_based,1.55
section_00_source_train_normal_000349,train,source,normal,B,20260904T163207Z-3a704ddd8de6a623badbc7e1,20260904T163207Z-3a704ddd8de6a623badbc7e1-dg-cd11374eb51a-000260,2,none,none,slow,normal-slow-1,left,normal,clipped/audio_event_clean/normal/20260904T163207Z-3a704ddd8de6a623badbc7e1-dg-cd11374eb51a-000260_ch2.wav,3DPrinter/train/section_00_source_train_normal_000349.wav,327e330e88b33f4686cd4c26a0b02fb1a8121462354e14d9049f689dc8fbd62d,960044,433480800,433960800,28c2eaad3353a03e6b407f92b09204b1bf97d1aa219009b7d21c4d701953e77f,0,0,802f3c261908f3e2e089368d45f0a944bfc163c5aff354242553bf974305ed1d,saved_rule_based,1.55
section_00_source_train_normal_000350,train,source,normal,B,20260904T163207Z-3a704ddd8de6a623badbc7e1,20260904T163207Z-3a704ddd8de6a623badbc7e1-dg-cd11374eb51a-000263,2,none,none,slow,normal-slow-1,left,normal,clipped/audio_event_clean/normal/20260904T163207Z-3a704ddd8de6a623badbc7e1-dg-cd11374eb51a-000263_ch2.wav,3DPrinter/train/section_00_source_train_normal_000350.wav,f28c58996edca954d66bc64df83d2c63f01cfc83ff3f36f695258f0adefb998d,960044,434920800,435400800,28c2eaad3353a03e6b407f92b09204b1bf97d1aa219009b7d21c4d701953e77f,0,0,802f3c261908f3e2e089368d45f0a944bfc163c5aff354242553bf974305ed1d,saved_rule_based,1.55
section_00_source_train_normal_000351,train,source,normal,B,20260904T163207Z-3a704ddd8de6a623badbc7e1,20260904T163207Z-3a704ddd8de6a623badbc7e1-dg-cd11374eb51a-000264,2,none,none,slow,normal-slow-1,left,normal,clipped/audio_event_clean/normal/20260904T163207Z-3a704ddd8de6a623badbc7e1-dg-cd11374eb51a-000264_ch2.wav,3DPrinter/train/section_00_source_train_normal_000351.wav,53dba27598e5d964bb843535a970be2f4e3ed0f583f6894679ae5a32bb2d988e,960044,435400800,435880800,28c2eaad3353a03e6b407f92b09204b1bf97d1aa219009b7d21c4d701953e77f,0,0,802f3c261908f3e2e089368d45f0a944bfc163c5aff354242553bf974305ed1d,saved_rule_based,1.55
section_00_source_train_normal_000352,train,source,normal,B,20260904T163207Z-3a704ddd8de6a623badbc7e1,20260904T163207Z-3a704ddd8de6a623badbc7e1-dg-cd11374eb51a-000266,2,none,none,slow,normal-slow-1,left,normal,clipped/audio_event_clean/normal/20260904T163207Z-3a704ddd8de6a623badbc7e1-dg-cd11374eb51a-000266_ch2.wav,3DPrinter/train/section_00_source_train_normal_000352.wav,997c621e934b55b1f06da1f72aae6b96f3052244801ec11cb05b0ce1deca5683,960044,436360800,436840800,28c2eaad3353a03e6b407f92b09204b1bf97d1aa219009b7d21c4d701953e77f,0,0,802f3c261908f3e2e089368d45f0a944bfc163c5aff354242553bf974305ed1d,saved_rule_based,1.55
section_00_source_train_normal_000353,train,source,normal,B,20260904T163207Z-3a704ddd8de6a623badbc7e1,20260904T163207Z-3a704ddd8de6a623badbc7e1-dg-cd11374eb51a-000268,2,none,none,slow,normal-slow-1,left,normal,clipped/audio_event_clean/normal/20260904T163207Z-3a704ddd8de6a623badbc7e1-dg-cd11374eb51a-000268_ch2.wav,3DPrinter/train/section_00_source_train_normal_000353.wav,7a39ae742339f8b144575d7afda184e76ab6923f4ad938b84f5463154ba913ab,960044,437320800,437800800,28c2eaad3353a03e6b407f92b09204b1bf97d1aa219009b7d21c4d701953e77f,0,0,802f3c261908f3e2e089368d45f0a944bfc163c5aff354242553bf974305ed1d,saved_rule_based,1.55
section_00_source_train_normal_000354,train,source,normal,B,20260904T163207Z-3a704ddd8de6a623badbc7e1,20260904T163207Z-3a704ddd8de6a623badbc7e1-dg-cd11374eb51a-000270,2,none,none,slow,normal-slow-1,left,normal,clipped/audio_event_clean/normal/20260904T163207Z-3a704ddd8de6a623badbc7e1-dg-cd11374eb51a-000270_ch2.wav,3DPrinter/train/section_00_source_train_normal_000354.wav,827df79bc4922026a5aa5e408893b28cedbd3f0fbd9208393b0f60aa02211ca9,960044,438280800,438760800,28c2eaad3353a03e6b407f92b09204b1bf97d1aa219009b7d21c4d701953e77f,0,0,802f3c261908f3e2e089368d45f0a944bfc163c5aff354242553bf974305ed1d,saved_rule_based,1.55
section_00_source_train_normal_000355,train,source,normal,B,20260904T163207Z-3a704ddd8de6a623badbc7e1,20260904T163207Z-3a704ddd8de6a623badbc7e1-dg-cd11374eb51a-000272,2,none,none,slow,normal-slow-1,left,normal,clipped/audio_event_clean/normal/20260904T163207Z-3a704ddd8de6a623badbc7e1-dg-cd11374eb51a-000272_ch2.wav,3DPrinter/train/section_00_source_train_normal_000355.wav,8aa713f7237e3ceb76acf32aa0ea27be81b2e2a85d048e63850d11cf6ee041f1,960044,439240800,439720800,28c2eaad3353a03e6b407f92b09204b1bf97d1aa219009b7d21c4d701953e77f,0,0,802f3c261908f3e2e089368d45f0a944bfc163c5aff354242553bf974305ed1d,saved_rule_based,1.55
section_00_source_train_normal_000356,train,source,normal,B,20260904T163207Z-3a704ddd8de6a623badbc7e1,20260904T163207Z-3a704ddd8de6a623badbc7e1-dg-cd11374eb51a-000277,2,none,none,slow,normal-slow-1,left,normal,clipped/audio_event_clean/normal/20260904T163207Z-3a704ddd8de6a623badbc7e1-dg-cd11374eb51a-000277_ch2.wav,3DPrinter/train/section_00_source_train_normal_000356.wav,aa42175d140bd09d4bdbed2069fe846f2b0c6b863429b37dd4d3ced0047f97fc,960044,441640800,442120800,28c2eaad3353a03e6b407f92b09204b1bf97d1aa219009b7d21c4d701953e77f,0,0,802f3c261908f3e2e089368d45f0a944bfc163c5aff354242553bf974305ed1d,saved_rule_based,1.55
section_00_source_train_normal_000357,train,source,normal,B,20260904T163207Z-3a704ddd8de6a623badbc7e1,20260904T163207Z-3a704ddd8de6a623badbc7e1-dg-cd11374eb51a-000278,2,none,none,slow,normal-slow-1,left,normal,clipped/audio_event_clean/normal/20260904T163207Z-3a704ddd8de6a623badbc7e1-dg-cd11374eb51a-000278_ch2.wav,3DPrinter/train/section_00_source_train_normal_000357.wav,1fcc5e23fa0f6e74d1ba686ced5d9fdb76d1ba73b1ded36f62be7744ecec62f6,960044,442120800,442600800,28c2eaad3353a03e6b407f92b09204b1bf97d1aa219009b7d21c4d701953e77f,0,0,802f3c261908f3e2e089368d45f0a944bfc163c5aff354242553bf974305ed1d,saved_rule_based,1.55
section_00_source_train_normal_000358,train,source,normal,B,20260904T163207Z-3a704ddd8de6a623badbc7e1,20260904T163207Z-3a704ddd8de6a623badbc7e1-dg-cd11374eb51a-000279,2,none,none,slow,normal-slow-1,left,normal,clipped/audio_event_clean/normal/20260904T163207Z-3a704ddd8de6a623badbc7e1-dg-cd11374eb51a-000279_ch2.wav,3DPrinter/train/section_00_source_train_normal_000358.wav,cfd24d6b0f01bac02b334c2b20fb4927b7b407b29eb49f35e9e725f4824f843d,960044,442600800,443080800,28c2eaad3353a03e6b407f92b09204b1bf97d1aa219009b7d21c4d701953e77f,0,0,802f3c261908f3e2e089368d45f0a944bfc163c5aff354242553bf974305ed1d,saved_rule_based,1.55
section_00_source_train_normal_000359,train,source,normal,B,20260904T163207Z-3a704ddd8de6a623badbc7e1,20260904T163207Z-3a704ddd8de6a623badbc7e1-dg-cd11374eb51a-000280,2,none,none,slow,normal-slow-1,left,normal,clipped/audio_event_clean/normal/20260904T163207Z-3a704ddd8de6a623badbc7e1-dg-cd11374eb51a-000280_ch2.wav,3DPrinter/train/section_00_source_train_normal_000359.wav,420b5df8f41c8185a97187b663234d626da92778049ce0e3261cc8b125947edd,960044,443080800,443560800,28c2eaad3353a03e6b407f92b09204b1bf97d1aa219009b7d21c4d701953e77f,0,0,802f3c261908f3e2e089368d45f0a944bfc163c5aff354242553bf974305ed1d,saved_rule_based,1.55
section_00_source_train_normal_000360,train,source,normal,B,20260904T163207Z-3a704ddd8de6a623badbc7e1,20260904T163207Z-3a704ddd8de6a623badbc7e1-dg-cd11374eb51a-000283,2,none,none,slow,normal-slow-1,left,normal,clipped/audio_event_clean/normal/20260904T163207Z-3a704ddd8de6a623badbc7e1-dg-cd11374eb51a-000283_ch2.wav,3DPrinter/train/section_00_source_train_normal_000360.wav,d191d685d3aaebd5820cbfbd8979eb16b8f0b9d864b8c6c9667cffb29f8257e5,960044,444520800,445000800,28c2eaad3353a03e6b407f92b09204b1bf97d1aa219009b7d21c4d701953e77f,0,0,802f3c261908f3e2e089368d45f0a944bfc163c5aff354242553bf974305ed1d,saved_rule_based,1.55
section_00_source_train_normal_000361,train,source,normal,B,20260904T163207Z-3a704ddd8de6a623badbc7e1,20260904T163207Z-3a704ddd8de6a623badbc7e1-dg-cd11374eb51a-000284,2,none,none,slow,normal-slow-1,left,normal,clipped/audio_event_clean/normal/20260904T163207Z-3a704ddd8de6a623badbc7e1-dg-cd11374eb51a-000284_ch2.wav,3DPrinter/train/section_00_source_train_normal_000361.wav,e052ff9bd959e57fcbce46137200dd8e0b67e3d4b0678d57d67863eb7a7c7c9e,960044,445000800,445480800,28c2eaad3353a03e6b407f92b09204b1bf97d1aa219009b7d21c4d701953e77f,0,0,802f3c261908f3e2e089368d45f0a944bfc163c5aff354242553bf974305ed1d,saved_rule_based,1.55
section_00_source_train_normal_000362,train,source,normal,B,20260904T163207Z-3a704ddd8de6a623badbc7e1,20260904T163207Z-3a704ddd8de6a623badbc7e1-dg-cd11374eb51a-000285,2,none,none,slow,normal-slow-1,left,normal,clipped/audio_event_clean/normal/20260904T163207Z-3a704ddd8de6a623badbc7e1-dg-cd11374eb51a-000285_ch2.wav,3DPrinter/train/section_00_source_train_normal_000362.wav,0949c8bd0c650f22104049409d9712a11b1a10297b92adb8c0bf84ebb49822dd,960044,445480800,445960800,28c2eaad3353a03e6b407f92b09204b1bf97d1aa219009b7d21c4d701953e77f,0,0,802f3c261908f3e2e089368d45f0a944bfc163c5aff354242553bf974305ed1d,saved_rule_based,1.55
section_00_source_train_normal_000363,train,source,normal,B,20260904T163207Z-3a704ddd8de6a623badbc7e1,20260904T163207Z-3a704ddd8de6a623badbc7e1-dg-cd11374eb51a-000286,2,none,none,slow,normal-slow-1,left,normal,clipped/audio_event_clean/normal/20260904T163207Z-3a704ddd8de6a623badbc7e1-dg-cd11374eb51a-000286_ch2.wav,3DPrinter/train/section_00_source_train_normal_000363.wav,a2574a549f871e52740a2e7170bef3d61aa06e18ffc1d81c11fc3c7d8abafdd2,960044,445960800,446440800,28c2eaad3353a03e6b407f92b09204b1bf97d1aa219009b7d21c4d701953e77f,0,0,802f3c261908f3e2e089368d45f0a944bfc163c5aff354242553bf974305ed1d,saved_rule_based,1.55
section_00_source_train_normal_000364,train,source,normal,B,20260904T163207Z-3a704ddd8de6a623badbc7e1,20260904T163207Z-3a704ddd8de6a623badbc7e1-dg-cd11374eb51a-000288,2,none,none,slow,normal-slow-1,left,normal,clipped/audio_event_clean/normal/20260904T163207Z-3a704ddd8de6a623badbc7e1-dg-cd11374eb51a-000288_ch2.wav,3DPrinter/train/section_00_source_train_normal_000364.wav,9dd95b9e1ac0e56e9ec5eae0b43b06845b634e66bc75397c8726bec414409f3d,960044,446920800,447400800,28c2eaad3353a03e6b407f92b09204b1bf97d1aa219009b7d21c4d701953e77f,0,0,802f3c261908f3e2e089368d45f0a944bfc163c5aff354242553bf974305ed1d,saved_rule_based,1.55
section_00_source_train_normal_000365,train,source,normal,B,20260904T163207Z-3a704ddd8de6a623badbc7e1,20260904T163207Z-3a704ddd8de6a623badbc7e1-dg-cd11374eb51a-000290,2,none,none,slow,normal-slow-1,left,normal,clipped/audio_event_clean/normal/20260904T163207Z-3a704ddd8de6a623badbc7e1-dg-cd11374eb51a-000290_ch2.wav,3DPrinter/train/section_00_source_train_normal_000365.wav,7f439cbe46421916f35727ba9b294d8e242ad346f4cb0ca03ed87bc2786d409a,960044,447880800,448360800,28c2eaad3353a03e6b407f92b09204b1bf97d1aa219009b7d21c4d701953e77f,0,0,802f3c261908f3e2e089368d45f0a944bfc163c5aff354242553bf974305ed1d,saved_rule_based,1.55
section_00_source_train_normal_000366,train,source,normal,B,20260904T163207Z-3a704ddd8de6a623badbc7e1,20260904T163207Z-3a704ddd8de6a623badbc7e1-dg-cd11374eb51a-000291,2,none,none,slow,normal-slow-1,left,normal,clipped/audio_event_clean/normal/20260904T163207Z-3a704ddd8de6a623badbc7e1-dg-cd11374eb51a-000291_ch2.wav,3DPrinter/train/section_00_source_train_normal_000366.wav,de6f2aaff4dba29608034307cd616482bd4c37ff9eb2d7a69c58f0a4e694b7c8,960044,448360800,448840800,28c2eaad3353a03e6b407f92b09204b1bf97d1aa219009b7d21c4d701953e77f,0,0,802f3c261908f3e2e089368d45f0a944bfc163c5aff354242553bf974305ed1d,saved_rule_based,1.55
section_00_source_train_normal_000367,train,source,normal,B,20260904T163207Z-3a704ddd8de6a623badbc7e1,20260904T163207Z-3a704ddd8de6a623badbc7e1-dg-cd11374eb51a-000292,2,none,none,slow,normal-slow-1,left,normal,clipped/audio_event_clean/normal/20260904T163207Z-3a704ddd8de6a623badbc7e1-dg-cd11374eb51a-000292_ch2.wav,3DPrinter/train/section_00_source_train_normal_000367.wav,c8d727e4d97f5d84d4041f33701bde74122d2cfb35b8ddd7f36b7baccdbd9316,960044,448840800,449320800,28c2eaad3353a03e6b407f92b09204b1bf97d1aa219009b7d21c4d701953e77f,0,0,802f3c261908f3e2e089368d45f0a944bfc163c5aff354242553bf974305ed1d,saved_rule_based,1.55
section_00_source_train_normal_000368,train,source,normal,B,20260904T163207Z-3a704ddd8de6a623badbc7e1,20260904T163207Z-3a704ddd8de6a623badbc7e1-dg-cd11374eb51a-000293,2,none,none,slow,normal-slow-1,left,normal,clipped/audio_event_clean/normal/20260904T163207Z-3a704ddd8de6a623badbc7e1-dg-cd11374eb51a-000293_ch2.wav,3DPrinter/train/section_00_source_train_normal_000368.wav,f74c62354c012c41d96dc13b4345318a87a219bb78522dc43830ce41c8286b88,960044,449320800,449800800,28c2eaad3353a03e6b407f92b09204b1bf97d1aa219009b7d21c4d701953e77f,0,0,802f3c261908f3e2e089368d45f0a944bfc163c5aff354242553bf974305ed1d,saved_rule_based,1.55
section_00_source_train_normal_000369,train,source,normal,B,20260904T163207Z-3a704ddd8de6a623badbc7e1,20260904T163207Z-3a704ddd8de6a623badbc7e1-dg-cd11374eb51a-000294,2,none,none,slow,normal-slow-1,left,normal,clipped/audio_event_clean/normal/20260904T163207Z-3a704ddd8de6a623badbc7e1-dg-cd11374eb51a-000294_ch2.wav,3DPrinter/train/section_00_source_train_normal_000369.wav,0553a3aa32ed02b702898332d7075bdbb23beddbf0b776808df9c868f784e8cf,960044,449800800,450280800,28c2eaad3353a03e6b407f92b09204b1bf97d1aa219009b7d21c4d701953e77f,0,0,802f3c261908f3e2e089368d45f0a944bfc163c5aff354242553bf974305ed1d,saved_rule_based,1.55
section_00_source_train_normal_000370,train,source,normal,B,20260904T163207Z-3a704ddd8de6a623badbc7e1,20260904T163207Z-3a704ddd8de6a623badbc7e1-dg-cd11374eb51a-000296,2,none,none,slow,normal-slow-1,left,normal,clipped/audio_event_clean/normal/20260904T163207Z-3a704ddd8de6a623badbc7e1-dg-cd11374eb51a-000296_ch2.wav,3DPrinter/train/section_00_source_train_normal_000370.wav,7ceab8ee4faadc469d4e931b2a8ba7cf71307d4ec7475519645bf942c471c5c7,960044,450760800,451240800,28c2eaad3353a03e6b407f92b09204b1bf97d1aa219009b7d21c4d701953e77f,0,0,802f3c261908f3e2e089368d45f0a944bfc163c5aff354242553bf974305ed1d,saved_rule_based,1.55
section_00_source_train_normal_000371,train,source,normal,B,20260904T163207Z-3a704ddd8de6a623badbc7e1,20260904T163207Z-3a704ddd8de6a623badbc7e1-dg-cd11374eb51a-000297,2,none,none,slow,normal-slow-1,left,normal,clipped/audio_event_clean/normal/20260904T163207Z-3a704ddd8de6a623badbc7e1-dg-cd11374eb51a-000297_ch2.wav,3DPrinter/train/section_00_source_train_normal_000371.wav,19ac76354c8af01f58317c418c1ba84f6b403883cf3fdb80e8c089d4cfac29cc,960044,451240800,451720800,28c2eaad3353a03e6b407f92b09204b1bf97d1aa219009b7d21c4d701953e77f,0,0,802f3c261908f3e2e089368d45f0a944bfc163c5aff354242553bf974305ed1d,saved_rule_based,1.55
section_00_source_train_normal_000372,train,source,normal,B,20260904T163207Z-3a704ddd8de6a623badbc7e1,20260904T163207Z-3a704ddd8de6a623badbc7e1-dg-cd11374eb51a-000300,2,none,none,slow,normal-slow-1,left,normal,clipped/audio_event_clean/normal/20260904T163207Z-3a704ddd8de6a623badbc7e1-dg-cd11374eb51a-000300_ch2.wav,3DPrinter/train/section_00_source_train_normal_000372.wav,9d8cc823c82805f134bca0945ca1c3590ace6951a557ff402ed4f52f2698dc4a,960044,452680800,453160800,28c2eaad3353a03e6b407f92b09204b1bf97d1aa219009b7d21c4d701953e77f,0,0,802f3c261908f3e2e089368d45f0a944bfc163c5aff354242553bf974305ed1d,saved_rule_based,1.55
section_00_source_train_normal_000373,train,source,normal,B,20260904T172511Z-ad415a2a4c50dc17545694e5,20260904T172511Z-ad415a2a4c50dc17545694e5-dg-bead543a888d-000008,2,none,none,slow,normal-slow-2,left,normal,clipped/audio_event_clean/normal/20260904T172511Z-ad415a2a4c50dc17545694e5-dg-bead543a888d-000008_ch2.wav,3DPrinter/train/section_00_source_train_normal_000373.wav,b7fa64433725e805e64d1d0ed25f298f573f6e0029048af9ae73e1ec0a25545b,960044,465376800,465856800,a11c9edf7d30e209b00dfc804588b4d2d286457d32725853a26985138bfe0fb7,0,0,23262abea4a78a15730cb9a904377c1f1d1cf4547ae64d53542b914fb33ec930,saved_rule_based,1.79
section_00_source_train_normal_000374,train,source,normal,B,20260904T172511Z-ad415a2a4c50dc17545694e5,20260904T172511Z-ad415a2a4c50dc17545694e5-dg-bead543a888d-000010,2,none,none,slow,normal-slow-2,left,normal,clipped/audio_event_clean/normal/20260904T172511Z-ad415a2a4c50dc17545694e5-dg-bead543a888d-000010_ch2.wav,3DPrinter/train/section_00_source_train_normal_000374.wav,c009e71341d72a5f49d8e727254ddc39244bf9fe7405edfe7d7a986fbc57acae,960044,466336800,466816800,a11c9edf7d30e209b00dfc804588b4d2d286457d32725853a26985138bfe0fb7,0,0,23262abea4a78a15730cb9a904377c1f1d1cf4547ae64d53542b914fb33ec930,saved_rule_based,1.79
section_00_source_train_normal_000375,train,source,normal,B,20260904T172511Z-ad415a2a4c50dc17545694e5,20260904T172511Z-ad415a2a4c50dc17545694e5-dg-bead543a888d-000011,2,none,none,slow,normal-slow-2,left,normal,clipped/audio_event_clean/normal/20260904T172511Z-ad415a2a4c50dc17545694e5-dg-bead543a888d-000011_ch2.wav,3DPrinter/train/section_00_source_train_normal_000375.wav,a1fc9bc063868515ac5857c6e2eac5774f93d75cd6dcf8343fffb4d8c7868472,960044,466816800,467296800,a11c9edf7d30e209b00dfc804588b4d2d286457d32725853a26985138bfe0fb7,0,0,23262abea4a78a15730cb9a904377c1f1d1cf4547ae64d53542b914fb33ec930,saved_rule_based,1.79
section_00_source_train_normal_000376,train,source,normal,B,20260904T172511Z-ad415a2a4c50dc17545694e5,20260904T172511Z-ad415a2a4c50dc17545694e5-dg-bead543a888d-000013,2,none,none,slow,normal-slow-2,left,normal,clipped/audio_event_clean/normal/20260904T172511Z-ad415a2a4c50dc17545694e5-dg-bead543a888d-000013_ch2.wav,3DPrinter/train/section_00_source_train_normal_000376.wav,11ff5497e994d48a8df94d5a99d301aecaf02f4c145b407a72b32d2a575acf92,960044,467776800,468256800,a11c9edf7d30e209b00dfc804588b4d2d286457d32725853a26985138bfe0fb7,0,0,23262abea4a78a15730cb9a904377c1f1d1cf4547ae64d53542b914fb33ec930,saved_rule_based,1.79
section_00_source_train_normal_000377,train,source,normal,B,20260904T172511Z-ad415a2a4c50dc17545694e5,20260904T172511Z-ad415a2a4c50dc17545694e5-dg-bead543a888d-000014,2,none,none,slow,normal-slow-2,left,normal,clipped/audio_event_clean/normal/20260904T172511Z-ad415a2a4c50dc17545694e5-dg-bead543a888d-000014_ch2.wav,3DPrinter/train/section_00_source_train_normal_000377.wav,ea446aca63ae4c857b690559c13d5951ea952004c8477e77dfa9cd6be4a95ea1,960044,468256800,468736800,a11c9edf7d30e209b00dfc804588b4d2d286457d32725853a26985138bfe0fb7,0,0,23262abea4a78a15730cb9a904377c1f1d1cf4547ae64d53542b914fb33ec930,saved_rule_based,1.79
section_00_source_train_normal_000378,train,source,normal,B,20260904T172511Z-ad415a2a4c50dc17545694e5,20260904T172511Z-ad415a2a4c50dc17545694e5-dg-bead543a888d-000016,2,none,none,slow,normal-slow-2,left,normal,clipped/audio_event_clean/normal/20260904T172511Z-ad415a2a4c50dc17545694e5-dg-bead543a888d-000016_ch2.wav,3DPrinter/train/section_00_source_train_normal_000378.wav,60d923cc74164789490d568ef94ac662f4810765fafa820cf508b659d6c1539d,960044,469216800,469696800,a11c9edf7d30e209b00dfc804588b4d2d286457d32725853a26985138bfe0fb7,0,0,23262abea4a78a15730cb9a904377c1f1d1cf4547ae64d53542b914fb33ec930,saved_rule_based,1.79
section_00_source_train_normal_000379,train,source,normal,B,20260904T172511Z-ad415a2a4c50dc17545694e5,20260904T172511Z-ad415a2a4c50dc17545694e5-dg-bead543a888d-000020,2,none,none,slow,normal-slow-2,left,normal,clipped/audio_event_clean/normal/20260904T172511Z-ad415a2a4c50dc17545694e5-dg-bead543a888d-000020_ch2.wav,3DPrinter/train/section_00_source_train_normal_000379.wav,ae38de89ee2a45bb59ddef018eda50e3a2e665229de475fe5c1c63f192ea4b11,960044,471136800,471616800,a11c9edf7d30e209b00dfc804588b4d2d286457d32725853a26985138bfe0fb7,0,0,23262abea4a78a15730cb9a904377c1f1d1cf4547ae64d53542b914fb33ec930,saved_rule_based,1.79
section_00_source_train_normal_000380,train,source,normal,B,20260904T172511Z-ad415a2a4c50dc17545694e5,20260904T172511Z-ad415a2a4c50dc17545694e5-dg-bead543a888d-000021,2,none,none,slow,normal-slow-2,left,normal,clipped/audio_event_clean/normal/20260904T172511Z-ad415a2a4c50dc17545694e5-dg-bead543a888d-000021_ch2.wav,3DPrinter/train/section_00_source_train_normal_000380.wav,4a43707c8f6c9eaf8e7c2ee5f71b2f45bc0c8c7ae240c99a4d95f3c2ffcad0ac,960044,471616800,472096800,a11c9edf7d30e209b00dfc804588b4d2d286457d32725853a26985138bfe0fb7,0,0,23262abea4a78a15730cb9a904377c1f1d1cf4547ae64d53542b914fb33ec930,saved_rule_based,1.79
section_00_source_train_normal_000381,train,source,normal,B,20260904T172511Z-ad415a2a4c50dc17545694e5,20260904T172511Z-ad415a2a4c50dc17545694e5-dg-bead543a888d-000022,2,none,none,slow,normal-slow-2,left,normal,clipped/audio_event_clean/normal/20260904T172511Z-ad415a2a4c50dc17545694e5-dg-bead543a888d-000022_ch2.wav,3DPrinter/train/section_00_source_train_normal_000381.wav,c5e371f0f87fc1d1616d62080c16e2b6e55b5b1e7cac96f387faa093013d13d9,960044,472096800,472576800,a11c9edf7d30e209b00dfc804588b4d2d286457d32725853a26985138bfe0fb7,0,0,23262abea4a78a15730cb9a904377c1f1d1cf4547ae64d53542b914fb33ec930,saved_rule_based,1.79
section_00_source_train_normal_000382,train,source,normal,B,20260904T172511Z-ad415a2a4c50dc17545694e5,20260904T172511Z-ad415a2a4c50dc17545694e5-dg-bead543a888d-000034,2,none,none,slow,normal-slow-2,left,normal,clipped/audio_event_clean/normal/20260904T172511Z-ad415a2a4c50dc17545694e5-dg-bead543a888d-000034_ch2.wav,3DPrinter/train/section_00_source_train_normal_000382.wav,77083eb1193936b76e6f1650829baf9447e2e3d008a8692b5c20bfaf0379849c,960044,477856800,478336800,a11c9edf7d30e209b00dfc804588b4d2d286457d32725853a26985138bfe0fb7,0,0,23262abea4a78a15730cb9a904377c1f1d1cf4547ae64d53542b914fb33ec930,saved_rule_based,1.79
section_00_source_train_normal_000383,train,source,normal,B,20260904T172511Z-ad415a2a4c50dc17545694e5,20260904T172511Z-ad415a2a4c50dc17545694e5-dg-bead543a888d-000036,2,none,none,slow,normal-slow-2,left,normal,clipped/audio_event_clean/normal/20260904T172511Z-ad415a2a4c50dc17545694e5-dg-bead543a888d-000036_ch2.wav,3DPrinter/train/section_00_source_train_normal_000383.wav,ab6ff4116077131c663f2884b8b31ebc8b7394236a4df58a0a8c2a2cb573cd00,960044,478816800,479296800,a11c9edf7d30e209b00dfc804588b4d2d286457d32725853a26985138bfe0fb7,0,0,23262abea4a78a15730cb9a904377c1f1d1cf4547ae64d53542b914fb33ec930,saved_rule_based,1.79
section_00_source_train_normal_000384,train,source,normal,B,20260904T172511Z-ad415a2a4c50dc17545694e5,20260904T172511Z-ad415a2a4c50dc17545694e5-dg-bead543a888d-000040,2,none,none,slow,normal-slow-2,left,normal,clipped/audio_event_clean/normal/20260904T172511Z-ad415a2a4c50dc17545694e5-dg-bead543a888d-000040_ch2.wav,3DPrinter/train/section_00_source_train_normal_000384.wav,c928a42478175b3aa748ccc2f4a8d66841de744eef02aa24484f157dbc4df437,960044,480736800,481216800,a11c9edf7d30e209b00dfc804588b4d2d286457d32725853a26985138bfe0fb7,0,0,23262abea4a78a15730cb9a904377c1f1d1cf4547ae64d53542b914fb33ec930,saved_rule_based,1.79
section_00_source_train_normal_000385,train,source,normal,B,20260904T172511Z-ad415a2a4c50dc17545694e5,20260904T172511Z-ad415a2a4c50dc17545694e5-dg-bead543a888d-000041,2,none,none,slow,normal-slow-2,left,normal,clipped/audio_event_clean/normal/20260904T172511Z-ad415a2a4c50dc17545694e5-dg-bead543a888d-000041_ch2.wav,3DPrinter/train/section_00_source_train_normal_000385.wav,2d15699cd7bd793af85387953eeec1950fe1361ec8d08fa547e0c3f7c393caec,960044,481216800,481696800,a11c9edf7d30e209b00dfc804588b4d2d286457d32725853a26985138bfe0fb7,0,0,23262abea4a78a15730cb9a904377c1f1d1cf4547ae64d53542b914fb33ec930,saved_rule_based,1.79
section_00_source_train_normal_000386,train,source,normal,B,20260904T172511Z-ad415a2a4c50dc17545694e5,20260904T172511Z-ad415a2a4c50dc17545694e5-dg-bead543a888d-000044,2,none,none,slow,normal-slow-2,left,normal,clipped/audio_event_clean/normal/20260904T172511Z-ad415a2a4c50dc17545694e5-dg-bead543a888d-000044_ch2.wav,3DPrinter/train/section_00_source_train_normal_000386.wav,d3130e70f68ebeb54239de6b667057391d5e3a7b0a72ea45fe7a9a5f5a829677,960044,482656800,483136800,a11c9edf7d30e209b00dfc804588b4d2d286457d32725853a26985138bfe0fb7,0,0,23262abea4a78a15730cb9a904377c1f1d1cf4547ae64d53542b914fb33ec930,saved_rule_based,1.79
section_00_source_train_normal_000387,train,source,normal,B,20260904T172511Z-ad415a2a4c50dc17545694e5,20260904T172511Z-ad415a2a4c50dc17545694e5-dg-bead543a888d-000045,2,none,none,slow,normal-slow-2,left,normal,clipped/audio_event_clean/normal/20260904T172511Z-ad415a2a4c50dc17545694e5-dg-bead543a888d-000045_ch2.wav,3DPrinter/train/section_00_source_train_normal_000387.wav,2b944670034d2c6f1b9cc88645cb36435eb77aa7d5be0807985d3e67ed5b4d72,960044,483136800,483616800,a11c9edf7d30e209b00dfc804588b4d2d286457d32725853a26985138bfe0fb7,0,0,23262abea4a78a15730cb9a904377c1f1d1cf4547ae64d53542b914fb33ec930,saved_rule_based,1.79
section_00_source_train_normal_000388,train,source,normal,B,20260904T172511Z-ad415a2a4c50dc17545694e5,20260904T172511Z-ad415a2a4c50dc17545694e5-dg-bead543a888d-000046,2,none,none,slow,normal-slow-2,left,normal,clipped/audio_event_clean/normal/20260904T172511Z-ad415a2a4c50dc17545694e5-dg-bead543a888d-000046_ch2.wav,3DPrinter/train/section_00_source_train_normal_000388.wav,5c87e02185a8c6802ed1dfddb85fba75d0a1f55d8c3fd84c7bbc57013ccbe464,960044,483616800,484096800,a11c9edf7d30e209b00dfc804588b4d2d286457d32725853a26985138bfe0fb7,0,0,23262abea4a78a15730cb9a904377c1f1d1cf4547ae64d53542b914fb33ec930,saved_rule_based,1.79
section_00_source_train_normal_000389,train,source,normal,B,20260904T172511Z-ad415a2a4c50dc17545694e5,20260904T172511Z-ad415a2a4c50dc17545694e5-dg-bead543a888d-000047,2,none,none,slow,normal-slow-2,left,normal,clipped/audio_event_clean/normal/20260904T172511Z-ad415a2a4c50dc17545694e5-dg-bead543a888d-000047_ch2.wav,3DPrinter/train/section_00_source_train_normal_000389.wav,511a1d59c7a7c8dada832b0148c8b83200b0afe2a685f068ad9fddca074c79c2,960044,484096800,484576800,a11c9edf7d30e209b00dfc804588b4d2d286457d32725853a26985138bfe0fb7,0,0,23262abea4a78a15730cb9a904377c1f1d1cf4547ae64d53542b914fb33ec930,saved_rule_based,1.79
section_00_source_train_normal_000390,train,source,normal,B,20260904T172511Z-ad415a2a4c50dc17545694e5,20260904T172511Z-ad415a2a4c50dc17545694e5-dg-bead543a888d-000049,2,none,none,slow,normal-slow-2,left,normal,clipped/audio_event_clean/normal/20260904T172511Z-ad415a2a4c50dc17545694e5-dg-bead543a888d-000049_ch2.wav,3DPrinter/train/section_00_source_train_normal_000390.wav,f1baf8dd7a1e2bb33790158d85f4d910d10288c645c69b0d4e2d61e91e6d2eac,960044,485056800,485536800,a11c9edf7d30e209b00dfc804588b4d2d286457d32725853a26985138bfe0fb7,0,0,23262abea4a78a15730cb9a904377c1f1d1cf4547ae64d53542b914fb33ec930,saved_rule_based,1.79
section_00_source_train_normal_000391,train,source,normal,B,20260904T172511Z-ad415a2a4c50dc17545694e5,20260904T172511Z-ad415a2a4c50dc17545694e5-dg-bead543a888d-000051,2,none,none,slow,normal-slow-2,left,normal,clipped/audio_event_clean/normal/20260904T172511Z-ad415a2a4c50dc17545694e5-dg-bead543a888d-000051_ch2.wav,3DPrinter/train/section_00_source_train_normal_000391.wav,8c917088638e42971293b50062b3db7db10fb81444f286ceede399900ceebfcc,960044,486016800,486496800,a11c9edf7d30e209b00dfc804588b4d2d286457d32725853a26985138bfe0fb7,0,0,23262abea4a78a15730cb9a904377c1f1d1cf4547ae64d53542b914fb33ec930,saved_rule_based,1.79
section_00_source_train_normal_000392,train,source,normal,B,20260904T172511Z-ad415a2a4c50dc17545694e5,20260904T172511Z-ad415a2a4c50dc17545694e5-dg-bead543a888d-000054,2,none,none,slow,normal-slow-2,left,normal,clipped/audio_event_clean/normal/20260904T172511Z-ad415a2a4c50dc17545694e5-dg-bead543a888d-000054_ch2.wav,3DPrinter/train/section_00_source_train_normal_000392.wav,829bed3f33ca0530f1a7c5672b25f40f7134ba753517630c9dab7f84bd4238d3,960044,487456800,487936800,a11c9edf7d30e209b00dfc804588b4d2d286457d32725853a26985138bfe0fb7,0,0,23262abea4a78a15730cb9a904377c1f1d1cf4547ae64d53542b914fb33ec930,saved_rule_based,1.79
section_00_source_train_normal_000393,train,source,normal,B,20260904T172511Z-ad415a2a4c50dc17545694e5,20260904T172511Z-ad415a2a4c50dc17545694e5-dg-bead543a888d-000056,2,none,none,slow,normal-slow-2,left,normal,clipped/audio_event_clean/normal/20260904T172511Z-ad415a2a4c50dc17545694e5-dg-bead543a888d-000056_ch2.wav,3DPrinter/train/section_00_source_train_normal_000393.wav,bde0634019efe48c411edee31f6b6123a9618e0c7187e457baab837c752d3bf8,960044,488416800,488896800,a11c9edf7d30e209b00dfc804588b4d2d286457d32725853a26985138bfe0fb7,0,0,23262abea4a78a15730cb9a904377c1f1d1cf4547ae64d53542b914fb33ec930,saved_rule_based,1.79
section_00_source_train_normal_000394,train,source,normal,B,20260904T172511Z-ad415a2a4c50dc17545694e5,20260904T172511Z-ad415a2a4c50dc17545694e5-dg-bead543a888d-000058,2,none,none,slow,normal-slow-2,left,normal,clipped/audio_event_clean/normal/20260904T172511Z-ad415a2a4c50dc17545694e5-dg-bead543a888d-000058_ch2.wav,3DPrinter/train/section_00_source_train_normal_000394.wav,19ebf3db3ad97de2f6c2894a6098fc7b313f26051facbf2280415a2a9d9a64c6,960044,489376800,489856800,a11c9edf7d30e209b00dfc804588b4d2d286457d32725853a26985138bfe0fb7,0,0,23262abea4a78a15730cb9a904377c1f1d1cf4547ae64d53542b914fb33ec930,saved_rule_based,1.79
section_00_source_train_normal_000395,train,source,normal,B,20260904T172511Z-ad415a2a4c50dc17545694e5,20260904T172511Z-ad415a2a4c50dc17545694e5-dg-bead543a888d-000061,2,none,none,slow,normal-slow-2,left,normal,clipped/audio_event_clean/normal/20260904T172511Z-ad415a2a4c50dc17545694e5-dg-bead543a888d-000061_ch2.wav,3DPrinter/train/section_00_source_train_normal_000395.wav,bc4d3b35a6351a96e66b06ad7d304aaa18d1fd195aa6d36cbfa2cdc22c1a11fe,960044,490816800,491296800,a11c9edf7d30e209b00dfc804588b4d2d286457d32725853a26985138bfe0fb7,0,0,23262abea4a78a15730cb9a904377c1f1d1cf4547ae64d53542b914fb33ec930,saved_rule_based,1.79
section_00_source_train_normal_000396,train,source,normal,B,20260904T172511Z-ad415a2a4c50dc17545694e5,20260904T172511Z-ad415a2a4c50dc17545694e5-dg-bead543a888d-000062,2,none,none,slow,normal-slow-2,left,normal,clipped/audio_event_clean/normal/20260904T172511Z-ad415a2a4c50dc17545694e5-dg-bead543a888d-000062_ch2.wav,3DPrinter/train/section_00_source_train_normal_000396.wav,74b4a82a11a032121d46703187856d371b6cfa62785370d7a472f698261c8046,960044,491296800,491776800,a11c9edf7d30e209b00dfc804588b4d2d286457d32725853a26985138bfe0fb7,0,0,23262abea4a78a15730cb9a904377c1f1d1cf4547ae64d53542b914fb33ec930,saved_rule_based,1.79
section_00_source_train_normal_000397,train,source,normal,B,20260904T172511Z-ad415a2a4c50dc17545694e5,20260904T172511Z-ad415a2a4c50dc17545694e5-dg-bead543a888d-000063,2,none,none,slow,normal-slow-2,left,normal,clipped/audio_event_clean/normal/20260904T172511Z-ad415a2a4c50dc17545694e5-dg-bead543a888d-000063_ch2.wav,3DPrinter/train/section_00_source_train_normal_000397.wav,a22f8d6bc0ee53f4040490ee772b94822805961c6efd955d27452d2df96919ee,960044,491776800,492256800,a11c9edf7d30e209b00dfc804588b4d2d286457d32725853a26985138bfe0fb7,0,0,23262abea4a78a15730cb9a904377c1f1d1cf4547ae64d53542b914fb33ec930,saved_rule_based,1.79
section_00_source_train_normal_000398,train,source,normal,B,20260904T172511Z-ad415a2a4c50dc17545694e5,20260904T172511Z-ad415a2a4c50dc17545694e5-dg-bead543a888d-000068,2,none,none,slow,normal-slow-2,left,normal,clipped/audio_event_clean/normal/20260904T172511Z-ad415a2a4c50dc17545694e5-dg-bead543a888d-000068_ch2.wav,3DPrinter/train/section_00_source_train_normal_000398.wav,397e57dac4fb86787890be61dfe64793cc097a2858086be85d9a5ebb938c55dc,960044,494176800,494656800,a11c9edf7d30e209b00dfc804588b4d2d286457d32725853a26985138bfe0fb7,0,0,23262abea4a78a15730cb9a904377c1f1d1cf4547ae64d53542b914fb33ec930,saved_rule_based,1.79
section_00_source_train_normal_000399,train,source,normal,B,20260904T172511Z-ad415a2a4c50dc17545694e5,20260904T172511Z-ad415a2a4c50dc17545694e5-dg-bead543a888d-000071,2,none,none,slow,normal-slow-2,left,normal,clipped/audio_event_clean/normal/20260904T172511Z-ad415a2a4c50dc17545694e5-dg-bead543a888d-000071_ch2.wav,3DPrinter/train/section_00_source_train_normal_000399.wav,511d0badc13551b34374e8735efd561bcb01abc07a5ce8b9043ecdd367160d9a,960044,495616800,496096800,a11c9edf7d30e209b00dfc804588b4d2d286457d32725853a26985138bfe0fb7,0,0,23262abea4a78a15730cb9a904377c1f1d1cf4547ae64d53542b914fb33ec930,saved_rule_based,1.79
section_00_source_train_normal_000400,train,source,normal,B,20260904T172511Z-ad415a2a4c50dc17545694e5,20260904T172511Z-ad415a2a4c50dc17545694e5-dg-bead543a888d-000072,2,none,none,slow,normal-slow-2,left,normal,clipped/audio_event_clean/normal/20260904T172511Z-ad415a2a4c50dc17545694e5-dg-bead543a888d-000072_ch2.wav,3DPrinter/train/section_00_source_train_normal_000400.wav,bfe9767ec824c1b300b957e6883ccf3bc7ac17770398cc17872bdee2d9687209,960044,496096800,496576800,a11c9edf7d30e209b00dfc804588b4d2d286457d32725853a26985138bfe0fb7,0,0,23262abea4a78a15730cb9a904377c1f1d1cf4547ae64d53542b914fb33ec930,saved_rule_based,1.79
section_00_source_train_normal_000401,train,source,normal,B,20260904T172511Z-ad415a2a4c50dc17545694e5,20260904T172511Z-ad415a2a4c50dc17545694e5-dg-bead543a888d-000075,2,none,none,slow,normal-slow-2,left,normal,clipped/audio_event_clean/normal/20260904T172511Z-ad415a2a4c50dc17545694e5-dg-bead543a888d-000075_ch2.wav,3DPrinter/train/section_00_source_train_normal_000401.wav,a402b6f707b5fec4b4c9c8cc503fc65e88c57073ed15f9addabd6187d86cb7f7,960044,497536800,498016800,a11c9edf7d30e209b00dfc804588b4d2d286457d32725853a26985138bfe0fb7,0,0,23262abea4a78a15730cb9a904377c1f1d1cf4547ae64d53542b914fb33ec930,saved_rule_based,1.79
section_00_source_train_normal_000402,train,source,normal,B,20260904T172511Z-ad415a2a4c50dc17545694e5,20260904T172511Z-ad415a2a4c50dc17545694e5-dg-bead543a888d-000076,2,none,none,slow,normal-slow-2,left,normal,clipped/audio_event_clean/normal/20260904T172511Z-ad415a2a4c50dc17545694e5-dg-bead543a888d-000076_ch2.wav,3DPrinter/train/section_00_source_train_normal_000402.wav,8c817e21a8f8e073e781d0e3e54bec7de05acab4abafe558418e2ff0c35d92ab,960044,498016800,498496800,a11c9edf7d30e209b00dfc804588b4d2d286457d32725853a26985138bfe0fb7,0,0,23262abea4a78a15730cb9a904377c1f1d1cf4547ae64d53542b914fb33ec930,saved_rule_based,1.79
section_00_source_train_normal_000403,train,source,normal,B,20260904T172511Z-ad415a2a4c50dc17545694e5,20260904T172511Z-ad415a2a4c50dc17545694e5-dg-bead543a888d-000078,2,none,none,slow,normal-slow-2,left,normal,clipped/audio_event_clean/normal/20260904T172511Z-ad415a2a4c50dc17545694e5-dg-bead543a888d-000078_ch2.wav,3DPrinter/train/section_00_source_train_normal_000403.wav,c7b4ff35991841bcb98446b3b5bbbe7ec9d14ce4692fffaa121281130bf9a400,960044,498976800,499456800,a11c9edf7d30e209b00dfc804588b4d2d286457d32725853a26985138bfe0fb7,0,0,23262abea4a78a15730cb9a904377c1f1d1cf4547ae64d53542b914fb33ec930,saved_rule_based,1.79
section_00_source_train_normal_000404,train,source,normal,B,20260904T172511Z-ad415a2a4c50dc17545694e5,20260904T172511Z-ad415a2a4c50dc17545694e5-dg-bead543a888d-000079,2,none,none,slow,normal-slow-2,left,normal,clipped/audio_event_clean/normal/20260904T172511Z-ad415a2a4c50dc17545694e5-dg-bead543a888d-000079_ch2.wav,3DPrinter/train/section_00_source_train_normal_000404.wav,4ad403e6bf81788d52f94d47ccaea8eb541983cc01a0e837682a42d061404e53,960044,499456800,499936800,a11c9edf7d30e209b00dfc804588b4d2d286457d32725853a26985138bfe0fb7,0,0,23262abea4a78a15730cb9a904377c1f1d1cf4547ae64d53542b914fb33ec930,saved_rule_based,1.79
section_00_source_train_normal_000405,train,source,normal,B,20260904T172511Z-ad415a2a4c50dc17545694e5,20260904T172511Z-ad415a2a4c50dc17545694e5-dg-bead543a888d-000081,2,none,none,slow,normal-slow-2,left,normal,clipped/audio_event_clean/normal/20260904T172511Z-ad415a2a4c50dc17545694e5-dg-bead543a888d-000081_ch2.wav,3DPrinter/train/section_00_source_train_normal_000405.wav,22352704ec63ceb3c339bb7617b94a0fd7b33fa9c73ef6fba8ea3dbb3ae286bf,960044,500416800,500896800,a11c9edf7d30e209b00dfc804588b4d2d286457d32725853a26985138bfe0fb7,0,0,23262abea4a78a15730cb9a904377c1f1d1cf4547ae64d53542b914fb33ec930,saved_rule_based,1.79
section_00_source_train_normal_000406,train,source,normal,B,20260904T172511Z-ad415a2a4c50dc17545694e5,20260904T172511Z-ad415a2a4c50dc17545694e5-dg-bead543a888d-000086,2,none,none,slow,normal-slow-2,left,normal,clipped/audio_event_clean/normal/20260904T172511Z-ad415a2a4c50dc17545694e5-dg-bead543a888d-000086_ch2.wav,3DPrinter/train/section_00_source_train_normal_000406.wav,2da59d0ef77ee845220e3407298583913d3fee753a31ac8b255dca58deec03bb,960044,502816800,503296800,a11c9edf7d30e209b00dfc804588b4d2d286457d32725853a26985138bfe0fb7,0,0,23262abea4a78a15730cb9a904377c1f1d1cf4547ae64d53542b914fb33ec930,saved_rule_based,1.79
section_00_source_train_normal_000407,train,source,normal,B,20260904T172511Z-ad415a2a4c50dc17545694e5,20260904T172511Z-ad415a2a4c50dc17545694e5-dg-bead543a888d-000089,2,none,none,slow,normal-slow-2,left,normal,clipped/audio_event_clean/normal/20260904T172511Z-ad415a2a4c50dc17545694e5-dg-bead543a888d-000089_ch2.wav,3DPrinter/train/section_00_source_train_normal_000407.wav,214d9ab546143ea099e7617ab0e86460a7b27e0cbfefef46b8211ca67ee95bd6,960044,504256800,504736800,a11c9edf7d30e209b00dfc804588b4d2d286457d32725853a26985138bfe0fb7,0,0,23262abea4a78a15730cb9a904377c1f1d1cf4547ae64d53542b914fb33ec930,saved_rule_based,1.79
section_00_source_train_normal_000408,train,source,normal,B,20260904T172511Z-ad415a2a4c50dc17545694e5,20260904T172511Z-ad415a2a4c50dc17545694e5-dg-bead543a888d-000090,2,none,none,slow,normal-slow-2,left,normal,clipped/audio_event_clean/normal/20260904T172511Z-ad415a2a4c50dc17545694e5-dg-bead543a888d-000090_ch2.wav,3DPrinter/train/section_00_source_train_normal_000408.wav,7b4fe0e7a885e9581bcb3bc77eae8e3de5c9584111a0e03c39fd0dabd7b4ae61,960044,504736800,505216800,a11c9edf7d30e209b00dfc804588b4d2d286457d32725853a26985138bfe0fb7,0,0,23262abea4a78a15730cb9a904377c1f1d1cf4547ae64d53542b914fb33ec930,saved_rule_based,1.79
section_00_source_train_normal_000409,train,source,normal,B,20260904T172511Z-ad415a2a4c50dc17545694e5,20260904T172511Z-ad415a2a4c50dc17545694e5-dg-bead543a888d-000093,2,none,none,slow,normal-slow-2,left,normal,clipped/audio_event_clean/normal/20260904T172511Z-ad415a2a4c50dc17545694e5-dg-bead543a888d-000093_ch2.wav,3DPrinter/train/section_00_source_train_normal_000409.wav,23e3ded0eb4deaf912a1e5bf4e6fbcc9cc414c70d31e95cb599d6dd5666e65c6,960044,506176800,506656800,a11c9edf7d30e209b00dfc804588b4d2d286457d32725853a26985138bfe0fb7,0,0,23262abea4a78a15730cb9a904377c1f1d1cf4547ae64d53542b914fb33ec930,saved_rule_based,1.79
section_00_source_train_normal_000410,train,source,normal,B,20260904T172511Z-ad415a2a4c50dc17545694e5,20260904T172511Z-ad415a2a4c50dc17545694e5-dg-bead543a888d-000094,2,none,none,slow,normal-slow-2,left,normal,clipped/audio_event_clean/normal/20260904T172511Z-ad415a2a4c50dc17545694e5-dg-bead543a888d-000094_ch2.wav,3DPrinter/train/section_00_source_train_normal_000410.wav,6a4b8f8da60f5baa4259cef679d562831c6c947d2786464cfcf945139deda8c2,960044,506656800,507136800,a11c9edf7d30e209b00dfc804588b4d2d286457d32725853a26985138bfe0fb7,0,0,23262abea4a78a15730cb9a904377c1f1d1cf4547ae64d53542b914fb33ec930,saved_rule_based,1.79
section_00_source_train_normal_000411,train,source,normal,B,20260904T172511Z-ad415a2a4c50dc17545694e5,20260904T172511Z-ad415a2a4c50dc17545694e5-dg-bead543a888d-000095,2,none,none,slow,normal-slow-2,left,normal,clipped/audio_event_clean/normal/20260904T172511Z-ad415a2a4c50dc17545694e5-dg-bead543a888d-000095_ch2.wav,3DPrinter/train/section_00_source_train_normal_000411.wav,b3512b35e63d44cd9b107a9045c2729f13153a4021aa8e789b7cf4b8e4f52b36,960044,507136800,507616800,a11c9edf7d30e209b00dfc804588b4d2d286457d32725853a26985138bfe0fb7,0,0,23262abea4a78a15730cb9a904377c1f1d1cf4547ae64d53542b914fb33ec930,saved_rule_based,1.79
section_00_source_train_normal_000412,train,source,normal,B,20260904T172511Z-ad415a2a4c50dc17545694e5,20260904T172511Z-ad415a2a4c50dc17545694e5-dg-bead543a888d-000098,2,none,none,slow,normal-slow-2,left,normal,clipped/audio_event_clean/normal/20260904T172511Z-ad415a2a4c50dc17545694e5-dg-bead543a888d-000098_ch2.wav,3DPrinter/train/section_00_source_train_normal_000412.wav,ef62cc64be10e14870cd07339ab75039db8006f5f5b91c94382eedaf51c8cc12,960044,508576800,509056800,a11c9edf7d30e209b00dfc804588b4d2d286457d32725853a26985138bfe0fb7,0,0,23262abea4a78a15730cb9a904377c1f1d1cf4547ae64d53542b914fb33ec930,saved_rule_based,1.79
section_00_source_train_normal_000413,train,source,normal,B,20260904T172511Z-ad415a2a4c50dc17545694e5,20260904T172511Z-ad415a2a4c50dc17545694e5-dg-bead543a888d-000099,2,none,none,slow,normal-slow-2,left,normal,clipped/audio_event_clean/normal/20260904T172511Z-ad415a2a4c50dc17545694e5-dg-bead543a888d-000099_ch2.wav,3DPrinter/train/section_00_source_train_normal_000413.wav,6aa7d191879d6799dd8107b0bc1f2ec9488e4c9cb8cdd9dffe212b708c861903,960044,509056800,509536800,a11c9edf7d30e209b00dfc804588b4d2d286457d32725853a26985138bfe0fb7,0,0,23262abea4a78a15730cb9a904377c1f1d1cf4547ae64d53542b914fb33ec930,saved_rule_based,1.79
section_00_source_train_normal_000414,train,source,normal,B,20260904T172511Z-ad415a2a4c50dc17545694e5,20260904T172511Z-ad415a2a4c50dc17545694e5-dg-bead543a888d-000103,2,none,none,slow,normal-slow-2,left,normal,clipped/audio_event_clean/normal/20260904T172511Z-ad415a2a4c50dc17545694e5-dg-bead543a888d-000103_ch2.wav,3DPrinter/train/section_00_source_train_normal_000414.wav,84599ee32bd50cde9b7bf1f064d563e4819d1716e6f2acdc17937f6a5f87e00e,960044,510976800,511456800,a11c9edf7d30e209b00dfc804588b4d2d286457d32725853a26985138bfe0fb7,0,0,23262abea4a78a15730cb9a904377c1f1d1cf4547ae64d53542b914fb33ec930,saved_rule_based,1.79
section_00_source_train_normal_000415,train,source,normal,B,20260904T172511Z-ad415a2a4c50dc17545694e5,20260904T172511Z-ad415a2a4c50dc17545694e5-dg-bead543a888d-000107,2,none,none,slow,normal-slow-2,left,normal,clipped/audio_event_clean/normal/20260904T172511Z-ad415a2a4c50dc17545694e5-dg-bead543a888d-000107_ch2.wav,3DPrinter/train/section_00_source_train_normal_000415.wav,ce4ea0c4118af0ff2c571c0679dcc8d95a634fed29bff4f8a88391fde0e2fd96,960044,512896800,513376800,a11c9edf7d30e209b00dfc804588b4d2d286457d32725853a26985138bfe0fb7,0,0,23262abea4a78a15730cb9a904377c1f1d1cf4547ae64d53542b914fb33ec930,saved_rule_based,1.79
section_00_source_train_normal_000416,train,source,normal,B,20260904T172511Z-ad415a2a4c50dc17545694e5,20260904T172511Z-ad415a2a4c50dc17545694e5-dg-bead543a888d-000108,2,none,none,slow,normal-slow-2,left,normal,clipped/audio_event_clean/normal/20260904T172511Z-ad415a2a4c50dc17545694e5-dg-bead543a888d-000108_ch2.wav,3DPrinter/train/section_00_source_train_normal_000416.wav,b65aade9c6432c0e501afd20e8791aa2214fdb06208c6e237afeb7541665237d,960044,513376800,513856800,a11c9edf7d30e209b00dfc804588b4d2d286457d32725853a26985138bfe0fb7,0,0,23262abea4a78a15730cb9a904377c1f1d1cf4547ae64d53542b914fb33ec930,saved_rule_based,1.79
section_00_source_train_normal_000417,train,source,normal,B,20260904T172511Z-ad415a2a4c50dc17545694e5,20260904T172511Z-ad415a2a4c50dc17545694e5-dg-bead543a888d-000109,2,none,none,slow,normal-slow-2,left,normal,clipped/audio_event_clean/normal/20260904T172511Z-ad415a2a4c50dc17545694e5-dg-bead543a888d-000109_ch2.wav,3DPrinter/train/section_00_source_train_normal_000417.wav,52498fae25b20719c218f86b9c1ad6ddff6ae2ecd9476de5d10ee986ee32ed57,960044,513856800,514336800,a11c9edf7d30e209b00dfc804588b4d2d286457d32725853a26985138bfe0fb7,0,0,23262abea4a78a15730cb9a904377c1f1d1cf4547ae64d53542b914fb33ec930,saved_rule_based,1.79
section_00_source_train_normal_000418,train,source,normal,B,20260904T172511Z-ad415a2a4c50dc17545694e5,20260904T172511Z-ad415a2a4c50dc17545694e5-dg-bead543a888d-000110,2,none,none,slow,normal-slow-2,left,normal,clipped/audio_event_clean/normal/20260904T172511Z-ad415a2a4c50dc17545694e5-dg-bead543a888d-000110_ch2.wav,3DPrinter/train/section_00_source_train_normal_000418.wav,a0ac2c6f485b571b7a31566911a32a013e178e40aa0eb973a509ba73ec9fe76c,960044,514336800,514816800,a11c9edf7d30e209b00dfc804588b4d2d286457d32725853a26985138bfe0fb7,0,0,23262abea4a78a15730cb9a904377c1f1d1cf4547ae64d53542b914fb33ec930,saved_rule_based,1.79
section_00_source_train_normal_000419,train,source,normal,B,20260904T172511Z-ad415a2a4c50dc17545694e5,20260904T172511Z-ad415a2a4c50dc17545694e5-dg-bead543a888d-000111,2,none,none,slow,normal-slow-2,left,normal,clipped/audio_event_clean/normal/20260904T172511Z-ad415a2a4c50dc17545694e5-dg-bead543a888d-000111_ch2.wav,3DPrinter/train/section_00_source_train_normal_000419.wav,899589e2f2e0408a5dc7c0a5220708af3391b2fad1794d073502cbebc6f41e7b,960044,514816800,515296800,a11c9edf7d30e209b00dfc804588b4d2d286457d32725853a26985138bfe0fb7,0,0,23262abea4a78a15730cb9a904377c1f1d1cf4547ae64d53542b914fb33ec930,saved_rule_based,1.79
section_00_source_train_normal_000420,train,source,normal,B,20260904T172511Z-ad415a2a4c50dc17545694e5,20260904T172511Z-ad415a2a4c50dc17545694e5-dg-bead543a888d-000121,2,none,none,slow,normal-slow-2,left,normal,clipped/audio_event_clean/normal/20260904T172511Z-ad415a2a4c50dc17545694e5-dg-bead543a888d-000121_ch2.wav,3DPrinter/train/section_00_source_train_normal_000420.wav,0f4f05894dd3f4f58c58e0b683b819913df0009238c83bc4e26f540c123ebaa1,960044,519616800,520096800,a11c9edf7d30e209b00dfc804588b4d2d286457d32725853a26985138bfe0fb7,0,0,23262abea4a78a15730cb9a904377c1f1d1cf4547ae64d53542b914fb33ec930,saved_rule_based,1.79
section_00_source_train_normal_000421,train,source,normal,B,20260904T172511Z-ad415a2a4c50dc17545694e5,20260904T172511Z-ad415a2a4c50dc17545694e5-dg-bead543a888d-000124,2,none,none,slow,normal-slow-2,left,normal,clipped/audio_event_clean/normal/20260904T172511Z-ad415a2a4c50dc17545694e5-dg-bead543a888d-000124_ch2.wav,3DPrinter/train/section_00_source_train_normal_000421.wav,a27a66b299e1147822df3621b78bf771c0dab3a35d19770d6fd1419c2fb023d3,960044,521056800,521536800,a11c9edf7d30e209b00dfc804588b4d2d286457d32725853a26985138bfe0fb7,0,0,23262abea4a78a15730cb9a904377c1f1d1cf4547ae64d53542b914fb33ec930,saved_rule_based,1.79
section_00_source_train_normal_000422,train,source,normal,B,20260904T172511Z-ad415a2a4c50dc17545694e5,20260904T172511Z-ad415a2a4c50dc17545694e5-dg-bead543a888d-000127,2,none,none,slow,normal-slow-2,left,normal,clipped/audio_event_clean/normal/20260904T172511Z-ad415a2a4c50dc17545694e5-dg-bead543a888d-000127_ch2.wav,3DPrinter/train/section_00_source_train_normal_000422.wav,13362b336dd518f2de14cc84b61318ed6e84f97caa2099c24c4d0892a7610729,960044,522496800,522976800,a11c9edf7d30e209b00dfc804588b4d2d286457d32725853a26985138bfe0fb7,0,0,23262abea4a78a15730cb9a904377c1f1d1cf4547ae64d53542b914fb33ec930,saved_rule_based,1.79
section_00_source_train_normal_000423,train,source,normal,B,20260904T172511Z-ad415a2a4c50dc17545694e5,20260904T172511Z-ad415a2a4c50dc17545694e5-dg-bead543a888d-000128,2,none,none,slow,normal-slow-2,left,normal,clipped/audio_event_clean/normal/20260904T172511Z-ad415a2a4c50dc17545694e5-dg-bead543a888d-000128_ch2.wav,3DPrinter/train/section_00_source_train_normal_000423.wav,efa4abe30784f0458681878f4a37ea55064c06f430d766a706dd79f85ad1f2cc,960044,522976800,523456800,a11c9edf7d30e209b00dfc804588b4d2d286457d32725853a26985138bfe0fb7,0,0,23262abea4a78a15730cb9a904377c1f1d1cf4547ae64d53542b914fb33ec930,saved_rule_based,1.79
section_00_source_train_normal_000424,train,source,normal,B,20260904T172511Z-ad415a2a4c50dc17545694e5,20260904T172511Z-ad415a2a4c50dc17545694e5-dg-bead543a888d-000129,2,none,none,slow,normal-slow-2,left,normal,clipped/audio_event_clean/normal/20260904T172511Z-ad415a2a4c50dc17545694e5-dg-bead543a888d-000129_ch2.wav,3DPrinter/train/section_00_source_train_normal_000424.wav,8655b322ea5783b7df31090589acd1dbbc84082075fc3868a1f0cda6a0a89d96,960044,523456800,523936800,a11c9edf7d30e209b00dfc804588b4d2d286457d32725853a26985138bfe0fb7,0,0,23262abea4a78a15730cb9a904377c1f1d1cf4547ae64d53542b914fb33ec930,saved_rule_based,1.79
section_00_source_train_normal_000425,train,source,normal,B,20260904T172511Z-ad415a2a4c50dc17545694e5,20260904T172511Z-ad415a2a4c50dc17545694e5-dg-bead543a888d-000131,2,none,none,slow,normal-slow-2,left,normal,clipped/audio_event_clean/normal/20260904T172511Z-ad415a2a4c50dc17545694e5-dg-bead543a888d-000131_ch2.wav,3DPrinter/train/section_00_source_train_normal_000425.wav,e45f3081484d61031d486f99e0271a3e5a37893417bea178569bd277bc842a57,960044,524416800,524896800,a11c9edf7d30e209b00dfc804588b4d2d286457d32725853a26985138bfe0fb7,0,0,23262abea4a78a15730cb9a904377c1f1d1cf4547ae64d53542b914fb33ec930,saved_rule_based,1.79
section_00_source_train_normal_000426,train,source,normal,B,20260904T172511Z-ad415a2a4c50dc17545694e5,20260904T172511Z-ad415a2a4c50dc17545694e5-dg-bead543a888d-000132,2,none,none,slow,normal-slow-2,left,normal,clipped/audio_event_clean/normal/20260904T172511Z-ad415a2a4c50dc17545694e5-dg-bead543a888d-000132_ch2.wav,3DPrinter/train/section_00_source_train_normal_000426.wav,043f87cb3eca90412dc8fc8117867cd87bbfd3bdb6da88ca105c80861ee8a1da,960044,524896800,525376800,a11c9edf7d30e209b00dfc804588b4d2d286457d32725853a26985138bfe0fb7,0,0,23262abea4a78a15730cb9a904377c1f1d1cf4547ae64d53542b914fb33ec930,saved_rule_based,1.79
section_00_source_train_normal_000427,train,source,normal,B,20260904T172511Z-ad415a2a4c50dc17545694e5,20260904T172511Z-ad415a2a4c50dc17545694e5-dg-bead543a888d-000138,2,none,none,slow,normal-slow-2,left,normal,clipped/audio_event_clean/normal/20260904T172511Z-ad415a2a4c50dc17545694e5-dg-bead543a888d-000138_ch2.wav,3DPrinter/train/section_00_source_train_normal_000427.wav,a4540c9eff3b1a417bb51a20bab7d380ca0edfc103c55f6cd0d03c8dd6984ce2,960044,527776800,528256800,a11c9edf7d30e209b00dfc804588b4d2d286457d32725853a26985138bfe0fb7,0,0,23262abea4a78a15730cb9a904377c1f1d1cf4547ae64d53542b914fb33ec930,saved_rule_based,1.79
section_00_source_train_normal_000428,train,source,normal,B,20260904T172511Z-ad415a2a4c50dc17545694e5,20260904T172511Z-ad415a2a4c50dc17545694e5-dg-bead543a888d-000139,2,none,none,slow,normal-slow-2,left,normal,clipped/audio_event_clean/normal/20260904T172511Z-ad415a2a4c50dc17545694e5-dg-bead543a888d-000139_ch2.wav,3DPrinter/train/section_00_source_train_normal_000428.wav,fb4278561365ef96261d93e61dc0bf21a2a4b04874e4b43072ec55fb301aa7fd,960044,528256800,528736800,a11c9edf7d30e209b00dfc804588b4d2d286457d32725853a26985138bfe0fb7,0,0,23262abea4a78a15730cb9a904377c1f1d1cf4547ae64d53542b914fb33ec930,saved_rule_based,1.79
section_00_source_train_normal_000429,train,source,normal,B,20260904T172511Z-ad415a2a4c50dc17545694e5,20260904T172511Z-ad415a2a4c50dc17545694e5-dg-bead543a888d-000140,2,none,none,slow,normal-slow-2,left,normal,clipped/audio_event_clean/normal/20260904T172511Z-ad415a2a4c50dc17545694e5-dg-bead543a888d-000140_ch2.wav,3DPrinter/train/section_00_source_train_normal_000429.wav,0314370349f9737a7b45a6c71fd5f73e7eaaf96f127432e101f407db6872beb1,960044,528736800,529216800,a11c9edf7d30e209b00dfc804588b4d2d286457d32725853a26985138bfe0fb7,0,0,23262abea4a78a15730cb9a904377c1f1d1cf4547ae64d53542b914fb33ec930,saved_rule_based,1.79
section_00_source_train_normal_000430,train,source,normal,B,20260904T172511Z-ad415a2a4c50dc17545694e5,20260904T172511Z-ad415a2a4c50dc17545694e5-dg-bead543a888d-000142,2,none,none,slow,normal-slow-2,left,normal,clipped/audio_event_clean/normal/20260904T172511Z-ad415a2a4c50dc17545694e5-dg-bead543a888d-000142_ch2.wav,3DPrinter/train/section_00_source_train_normal_000430.wav,93fa30daf6896b8031f998935c0b821d37e13ae836986eb1fb5789f0133d9015,960044,529696800,530176800,a11c9edf7d30e209b00dfc804588b4d2d286457d32725853a26985138bfe0fb7,0,0,23262abea4a78a15730cb9a904377c1f1d1cf4547ae64d53542b914fb33ec930,saved_rule_based,1.79
section_00_source_train_normal_000431,train,source,normal,B,20260904T172511Z-ad415a2a4c50dc17545694e5,20260904T172511Z-ad415a2a4c50dc17545694e5-dg-bead543a888d-000144,2,none,none,slow,normal-slow-2,left,normal,clipped/audio_event_clean/normal/20260904T172511Z-ad415a2a4c50dc17545694e5-dg-bead543a888d-000144_ch2.wav,3DPrinter/train/section_00_source_train_normal_000431.wav,43d4de747bdabc537473ad6623360afcf408954e635d549d4b00a837ca973aac,960044,530656800,531136800,a11c9edf7d30e209b00dfc804588b4d2d286457d32725853a26985138bfe0fb7,0,0,23262abea4a78a15730cb9a904377c1f1d1cf4547ae64d53542b914fb33ec930,saved_rule_based,1.79
section_00_source_train_normal_000432,train,source,normal,B,20260904T172511Z-ad415a2a4c50dc17545694e5,20260904T172511Z-ad415a2a4c50dc17545694e5-dg-bead543a888d-000146,2,none,none,slow,normal-slow-2,left,normal,clipped/audio_event_clean/normal/20260904T172511Z-ad415a2a4c50dc17545694e5-dg-bead543a888d-000146_ch2.wav,3DPrinter/train/section_00_source_train_normal_000432.wav,bd7e6fc9872552cc6d38cc4085b3cb227d3778af48acd4d1a25e5de5af28bd8f,960044,531616800,532096800,a11c9edf7d30e209b00dfc804588b4d2d286457d32725853a26985138bfe0fb7,0,0,23262abea4a78a15730cb9a904377c1f1d1cf4547ae64d53542b914fb33ec930,saved_rule_based,1.79
section_00_source_train_normal_000433,train,source,normal,B,20260904T172511Z-ad415a2a4c50dc17545694e5,20260904T172511Z-ad415a2a4c50dc17545694e5-dg-bead543a888d-000147,2,none,none,slow,normal-slow-2,left,normal,clipped/audio_event_clean/normal/20260904T172511Z-ad415a2a4c50dc17545694e5-dg-bead543a888d-000147_ch2.wav,3DPrinter/train/section_00_source_train_normal_000433.wav,ca3f3281c037dc3f85ed21f85003f38568d19adeda346e354845a49afed05018,960044,532096800,532576800,a11c9edf7d30e209b00dfc804588b4d2d286457d32725853a26985138bfe0fb7,0,0,23262abea4a78a15730cb9a904377c1f1d1cf4547ae64d53542b914fb33ec930,saved_rule_based,1.79
section_00_source_train_normal_000434,train,source,normal,B,20260904T172511Z-ad415a2a4c50dc17545694e5,20260904T172511Z-ad415a2a4c50dc17545694e5-dg-bead543a888d-000148,2,none,none,slow,normal-slow-2,left,normal,clipped/audio_event_clean/normal/20260904T172511Z-ad415a2a4c50dc17545694e5-dg-bead543a888d-000148_ch2.wav,3DPrinter/train/section_00_source_train_normal_000434.wav,5348accc9370f7efd7e777b43729e247ab8a24d109fb6b78b44a612ae010920d,960044,532576800,533056800,a11c9edf7d30e209b00dfc804588b4d2d286457d32725853a26985138bfe0fb7,0,0,23262abea4a78a15730cb9a904377c1f1d1cf4547ae64d53542b914fb33ec930,saved_rule_based,1.79
section_00_source_train_normal_000435,train,source,normal,B,20260904T172511Z-ad415a2a4c50dc17545694e5,20260904T172511Z-ad415a2a4c50dc17545694e5-dg-bead543a888d-000149,2,none,none,slow,normal-slow-2,left,normal,clipped/audio_event_clean/normal/20260904T172511Z-ad415a2a4c50dc17545694e5-dg-bead543a888d-000149_ch2.wav,3DPrinter/train/section_00_source_train_normal_000435.wav,ee5adeefab41da1a3133b54bab5ce60768574565423c3fb68604e738ad146113,960044,533056800,533536800,a11c9edf7d30e209b00dfc804588b4d2d286457d32725853a26985138bfe0fb7,0,0,23262abea4a78a15730cb9a904377c1f1d1cf4547ae64d53542b914fb33ec930,saved_rule_based,1.79
section_00_source_train_normal_000436,train,source,normal,B,20260904T172511Z-ad415a2a4c50dc17545694e5,20260904T172511Z-ad415a2a4c50dc17545694e5-dg-bead543a888d-000157,2,none,none,slow,normal-slow-2,left,normal,clipped/audio_event_clean/normal/20260904T172511Z-ad415a2a4c50dc17545694e5-dg-bead543a888d-000157_ch2.wav,3DPrinter/train/section_00_source_train_normal_000436.wav,db5a8b0cde6e88f7f5eed11631c6070d858a6111d7d30f4684a3707505ff5471,960044,536896800,537376800,a11c9edf7d30e209b00dfc804588b4d2d286457d32725853a26985138bfe0fb7,0,0,23262abea4a78a15730cb9a904377c1f1d1cf4547ae64d53542b914fb33ec930,saved_rule_based,1.79
section_00_source_train_normal_000437,train,source,normal,B,20260904T172511Z-ad415a2a4c50dc17545694e5,20260904T172511Z-ad415a2a4c50dc17545694e5-dg-bead543a888d-000159,2,none,none,slow,normal-slow-2,left,normal,clipped/audio_event_clean/normal/20260904T172511Z-ad415a2a4c50dc17545694e5-dg-bead543a888d-000159_ch2.wav,3DPrinter/train/section_00_source_train_normal_000437.wav,1161e180ca1903eb6108924b962d65d906b5b800549c0572c95243f7c2023962,960044,537856800,538336800,a11c9edf7d30e209b00dfc804588b4d2d286457d32725853a26985138bfe0fb7,0,0,23262abea4a78a15730cb9a904377c1f1d1cf4547ae64d53542b914fb33ec930,saved_rule_based,1.79
section_00_source_train_normal_000438,train,source,normal,B,20260904T172511Z-ad415a2a4c50dc17545694e5,20260904T172511Z-ad415a2a4c50dc17545694e5-dg-bead543a888d-000162,2,none,none,slow,normal-slow-2,left,normal,clipped/audio_event_clean/normal/20260904T172511Z-ad415a2a4c50dc17545694e5-dg-bead543a888d-000162_ch2.wav,3DPrinter/train/section_00_source_train_normal_000438.wav,e18d5a564b9c57fceec1a82e6c45dac0b573da70cd8dd5e41c3625463fbaea63,960044,539296800,539776800,a11c9edf7d30e209b00dfc804588b4d2d286457d32725853a26985138bfe0fb7,0,0,23262abea4a78a15730cb9a904377c1f1d1cf4547ae64d53542b914fb33ec930,saved_rule_based,1.79
section_00_source_train_normal_000439,train,source,normal,B,20260904T172511Z-ad415a2a4c50dc17545694e5,20260904T172511Z-ad415a2a4c50dc17545694e5-dg-bead543a888d-000165,2,none,none,slow,normal-slow-2,left,normal,clipped/audio_event_clean/normal/20260904T172511Z-ad415a2a4c50dc17545694e5-dg-bead543a888d-000165_ch2.wav,3DPrinter/train/section_00_source_train_normal_000439.wav,be7643087f07bd7103017b4c263e4dfd984f47d786e50cd985f4341f4336839a,960044,540736800,541216800,a11c9edf7d30e209b00dfc804588b4d2d286457d32725853a26985138bfe0fb7,0,0,23262abea4a78a15730cb9a904377c1f1d1cf4547ae64d53542b914fb33ec930,saved_rule_based,1.79
section_00_source_train_normal_000440,train,source,normal,B,20260904T172511Z-ad415a2a4c50dc17545694e5,20260904T172511Z-ad415a2a4c50dc17545694e5-dg-bead543a888d-000166,2,none,none,slow,normal-slow-2,left,normal,clipped/audio_event_clean/normal/20260904T172511Z-ad415a2a4c50dc17545694e5-dg-bead543a888d-000166_ch2.wav,3DPrinter/train/section_00_source_train_normal_000440.wav,244fcc66e8aa6b7ee23174103e3532e2513f734f4848ad8fc46a9698e21db94d,960044,541216800,541696800,a11c9edf7d30e209b00dfc804588b4d2d286457d32725853a26985138bfe0fb7,0,0,23262abea4a78a15730cb9a904377c1f1d1cf4547ae64d53542b914fb33ec930,saved_rule_based,1.79
section_00_source_train_normal_000441,train,source,normal,B,20260904T172511Z-ad415a2a4c50dc17545694e5,20260904T172511Z-ad415a2a4c50dc17545694e5-dg-bead543a888d-000170,2,none,none,slow,normal-slow-2,left,normal,clipped/audio_event_clean/normal/20260904T172511Z-ad415a2a4c50dc17545694e5-dg-bead543a888d-000170_ch2.wav,3DPrinter/train/section_00_source_train_normal_000441.wav,08a3a2f839d597591d2e37421a0feb9f2fdc718517b3a8ca8c5f3c7b2490c64b,960044,543136800,543616800,a11c9edf7d30e209b00dfc804588b4d2d286457d32725853a26985138bfe0fb7,0,0,23262abea4a78a15730cb9a904377c1f1d1cf4547ae64d53542b914fb33ec930,saved_rule_based,1.79
section_00_source_train_normal_000442,train,source,normal,B,20260904T172511Z-ad415a2a4c50dc17545694e5,20260904T172511Z-ad415a2a4c50dc17545694e5-dg-bead543a888d-000172,2,none,none,slow,normal-slow-2,left,normal,clipped/audio_event_clean/normal/20260904T172511Z-ad415a2a4c50dc17545694e5-dg-bead543a888d-000172_ch2.wav,3DPrinter/train/section_00_source_train_normal_000442.wav,229cd9cd97af58de02439142db77c804da37ce3fe827fcf1c7a7b9d80a4b477e,960044,544096800,544576800,a11c9edf7d30e209b00dfc804588b4d2d286457d32725853a26985138bfe0fb7,0,0,23262abea4a78a15730cb9a904377c1f1d1cf4547ae64d53542b914fb33ec930,saved_rule_based,1.79
section_00_source_train_normal_000443,train,source,normal,B,20260904T172511Z-ad415a2a4c50dc17545694e5,20260904T172511Z-ad415a2a4c50dc17545694e5-dg-bead543a888d-000175,2,none,none,slow,normal-slow-2,left,normal,clipped/audio_event_clean/normal/20260904T172511Z-ad415a2a4c50dc17545694e5-dg-bead543a888d-000175_ch2.wav,3DPrinter/train/section_00_source_train_normal_000443.wav,d23678952c63800270673b20b54e88422f60089c124c541ad66db39ffb527837,960044,545536800,546016800,a11c9edf7d30e209b00dfc804588b4d2d286457d32725853a26985138bfe0fb7,0,0,23262abea4a78a15730cb9a904377c1f1d1cf4547ae64d53542b914fb33ec930,saved_rule_based,1.79
section_00_source_train_normal_000444,train,source,normal,B,20260904T172511Z-ad415a2a4c50dc17545694e5,20260904T172511Z-ad415a2a4c50dc17545694e5-dg-bead543a888d-000178,2,none,none,slow,normal-slow-2,left,normal,clipped/audio_event_clean/normal/20260904T172511Z-ad415a2a4c50dc17545694e5-dg-bead543a888d-000178_ch2.wav,3DPrinter/train/section_00_source_train_normal_000444.wav,4a421c533b618f411065ebd155c4491e4088daa568812f1cf9d8dfce226f023e,960044,546976800,547456800,a11c9edf7d30e209b00dfc804588b4d2d286457d32725853a26985138bfe0fb7,0,0,23262abea4a78a15730cb9a904377c1f1d1cf4547ae64d53542b914fb33ec930,saved_rule_based,1.79
section_00_source_train_normal_000445,train,source,normal,B,20260904T172511Z-ad415a2a4c50dc17545694e5,20260904T172511Z-ad415a2a4c50dc17545694e5-dg-bead543a888d-000180,2,none,none,slow,normal-slow-2,left,normal,clipped/audio_event_clean/normal/20260904T172511Z-ad415a2a4c50dc17545694e5-dg-bead543a888d-000180_ch2.wav,3DPrinter/train/section_00_source_train_normal_000445.wav,5c538b14a877a856fcc33031cdf659ec209352c18e26e58db0c81ed774093e4d,960044,547936800,548416800,a11c9edf7d30e209b00dfc804588b4d2d286457d32725853a26985138bfe0fb7,0,0,23262abea4a78a15730cb9a904377c1f1d1cf4547ae64d53542b914fb33ec930,saved_rule_based,1.79
section_00_source_train_normal_000446,train,source,normal,B,20260904T172511Z-ad415a2a4c50dc17545694e5,20260904T172511Z-ad415a2a4c50dc17545694e5-dg-bead543a888d-000181,2,none,none,slow,normal-slow-2,left,normal,clipped/audio_event_clean/normal/20260904T172511Z-ad415a2a4c50dc17545694e5-dg-bead543a888d-000181_ch2.wav,3DPrinter/train/section_00_source_train_normal_000446.wav,584a7a2ef8b5d13dacaeb726804f8123d775d3e56f8e4412f1cffe300a524f16,960044,548416800,548896800,a11c9edf7d30e209b00dfc804588b4d2d286457d32725853a26985138bfe0fb7,0,0,23262abea4a78a15730cb9a904377c1f1d1cf4547ae64d53542b914fb33ec930,saved_rule_based,1.79
section_00_source_train_normal_000447,train,source,normal,B,20260904T172511Z-ad415a2a4c50dc17545694e5,20260904T172511Z-ad415a2a4c50dc17545694e5-dg-bead543a888d-000183,2,none,none,slow,normal-slow-2,left,normal,clipped/audio_event_clean/normal/20260904T172511Z-ad415a2a4c50dc17545694e5-dg-bead543a888d-000183_ch2.wav,3DPrinter/train/section_00_source_train_normal_000447.wav,e448a6cf919dda9ad0099c6a4a0e8bfb0db251ed29e5a9dc4e61253bf9fea433,960044,549376800,549856800,a11c9edf7d30e209b00dfc804588b4d2d286457d32725853a26985138bfe0fb7,0,0,23262abea4a78a15730cb9a904377c1f1d1cf4547ae64d53542b914fb33ec930,saved_rule_based,1.79
section_00_source_train_normal_000448,train,source,normal,B,20260904T172511Z-ad415a2a4c50dc17545694e5,20260904T172511Z-ad415a2a4c50dc17545694e5-dg-bead543a888d-000185,2,none,none,slow,normal-slow-2,left,normal,clipped/audio_event_clean/normal/20260904T172511Z-ad415a2a4c50dc17545694e5-dg-bead543a888d-000185_ch2.wav,3DPrinter/train/section_00_source_train_normal_000448.wav,f9228ecb78602992164ce5f00ab65387ed3670217dd328620afcfd8effe367a7,960044,550336800,550816800,a11c9edf7d30e209b00dfc804588b4d2d286457d32725853a26985138bfe0fb7,0,0,23262abea4a78a15730cb9a904377c1f1d1cf4547ae64d53542b914fb33ec930,saved_rule_based,1.79
section_00_source_train_normal_000449,train,source,normal,B,20260904T172511Z-ad415a2a4c50dc17545694e5,20260904T172511Z-ad415a2a4c50dc17545694e5-dg-bead543a888d-000186,2,none,none,slow,normal-slow-2,left,normal,clipped/audio_event_clean/normal/20260904T172511Z-ad415a2a4c50dc17545694e5-dg-bead543a888d-000186_ch2.wav,3DPrinter/train/section_00_source_train_normal_000449.wav,32b5ae583325b936b7f7438bbeeebbe398f48114caa7aa49bf45a3df48541dc4,960044,550816800,551296800,a11c9edf7d30e209b00dfc804588b4d2d286457d32725853a26985138bfe0fb7,0,0,23262abea4a78a15730cb9a904377c1f1d1cf4547ae64d53542b914fb33ec930,saved_rule_based,1.79
section_00_source_train_normal_000450,train,source,normal,B,20260904T172511Z-ad415a2a4c50dc17545694e5,20260904T172511Z-ad415a2a4c50dc17545694e5-dg-bead543a888d-000190,2,none,none,slow,normal-slow-2,left,normal,clipped/audio_event_clean/normal/20260904T172511Z-ad415a2a4c50dc17545694e5-dg-bead543a888d-000190_ch2.wav,3DPrinter/train/section_00_source_train_normal_000450.wav,b7ff32dc304cec5d127678ee466ea48029e71e4b42177a598dba432d3b571c17,960044,552736800,553216800,a11c9edf7d30e209b00dfc804588b4d2d286457d32725853a26985138bfe0fb7,0,0,23262abea4a78a15730cb9a904377c1f1d1cf4547ae64d53542b914fb33ec930,saved_rule_based,1.79
section_00_source_train_normal_000451,train,source,normal,B,20260904T172511Z-ad415a2a4c50dc17545694e5,20260904T172511Z-ad415a2a4c50dc17545694e5-dg-bead543a888d-000191,2,none,none,slow,normal-slow-2,left,normal,clipped/audio_event_clean/normal/20260904T172511Z-ad415a2a4c50dc17545694e5-dg-bead543a888d-000191_ch2.wav,3DPrinter/train/section_00_source_train_normal_000451.wav,70d0fc799815f5b6bc8b7b4bc0e7d40ec5b98bacfb9b18c44fe42258640bafc7,960044,553216800,553696800,a11c9edf7d30e209b00dfc804588b4d2d286457d32725853a26985138bfe0fb7,0,0,23262abea4a78a15730cb9a904377c1f1d1cf4547ae64d53542b914fb33ec930,saved_rule_based,1.79
section_00_source_train_normal_000452,train,source,normal,B,20260904T172511Z-ad415a2a4c50dc17545694e5,20260904T172511Z-ad415a2a4c50dc17545694e5-dg-bead543a888d-000193,2,none,none,slow,normal-slow-2,left,normal,clipped/audio_event_clean/normal/20260904T172511Z-ad415a2a4c50dc17545694e5-dg-bead543a888d-000193_ch2.wav,3DPrinter/train/section_00_source_train_normal_000452.wav,93aec4fc65d78d26efd4392a3ed14a56fdca8c33acbd9e191b38e0018a4be1c2,960044,554176800,554656800,a11c9edf7d30e209b00dfc804588b4d2d286457d32725853a26985138bfe0fb7,0,0,23262abea4a78a15730cb9a904377c1f1d1cf4547ae64d53542b914fb33ec930,saved_rule_based,1.79
section_00_source_train_normal_000453,train,source,normal,B,20260904T172511Z-ad415a2a4c50dc17545694e5,20260904T172511Z-ad415a2a4c50dc17545694e5-dg-bead543a888d-000194,2,none,none,slow,normal-slow-2,left,normal,clipped/audio_event_clean/normal/20260904T172511Z-ad415a2a4c50dc17545694e5-dg-bead543a888d-000194_ch2.wav,3DPrinter/train/section_00_source_train_normal_000453.wav,1864d1ea7a22051922fa5f23964af8dd4301933fbada7aef66e22a9d75d5a0ae,960044,554656800,555136800,a11c9edf7d30e209b00dfc804588b4d2d286457d32725853a26985138bfe0fb7,0,0,23262abea4a78a15730cb9a904377c1f1d1cf4547ae64d53542b914fb33ec930,saved_rule_based,1.79
section_00_source_train_normal_000454,train,source,normal,B,20260904T172511Z-ad415a2a4c50dc17545694e5,20260904T172511Z-ad415a2a4c50dc17545694e5-dg-bead543a888d-000195,2,none,none,slow,normal-slow-2,left,normal,clipped/audio_event_clean/normal/20260904T172511Z-ad415a2a4c50dc17545694e5-dg-bead543a888d-000195_ch2.wav,3DPrinter/train/section_00_source_train_normal_000454.wav,ad5451d009b66e25c35c1223638330dfffa19c7c54905ea085a6569754b4d891,960044,555136800,555616800,a11c9edf7d30e209b00dfc804588b4d2d286457d32725853a26985138bfe0fb7,0,0,23262abea4a78a15730cb9a904377c1f1d1cf4547ae64d53542b914fb33ec930,saved_rule_based,1.79
section_00_source_train_normal_000455,train,source,normal,B,20260904T172511Z-ad415a2a4c50dc17545694e5,20260904T172511Z-ad415a2a4c50dc17545694e5-dg-bead543a888d-000197,2,none,none,slow,normal-slow-2,left,normal,clipped/audio_event_clean/normal/20260904T172511Z-ad415a2a4c50dc17545694e5-dg-bead543a888d-000197_ch2.wav,3DPrinter/train/section_00_source_train_normal_000455.wav,707ad399b956257962856d3d86529fee59f4b39aa3cf836c90e3c30251b910ca,960044,556096800,556576800,a11c9edf7d30e209b00dfc804588b4d2d286457d32725853a26985138bfe0fb7,0,0,23262abea4a78a15730cb9a904377c1f1d1cf4547ae64d53542b914fb33ec930,saved_rule_based,1.79
section_00_source_train_normal_000456,train,source,normal,B,20260904T172511Z-ad415a2a4c50dc17545694e5,20260904T172511Z-ad415a2a4c50dc17545694e5-dg-bead543a888d-000201,2,none,none,slow,normal-slow-2,left,normal,clipped/audio_event_clean/normal/20260904T172511Z-ad415a2a4c50dc17545694e5-dg-bead543a888d-000201_ch2.wav,3DPrinter/train/section_00_source_train_normal_000456.wav,5ffc77f9c7ab4249e52fd09de90ba8b99c7082433b577f1edc526672dca570cf,960044,558016800,558496800,a11c9edf7d30e209b00dfc804588b4d2d286457d32725853a26985138bfe0fb7,0,0,23262abea4a78a15730cb9a904377c1f1d1cf4547ae64d53542b914fb33ec930,saved_rule_based,1.79
section_00_source_train_normal_000457,train,source,normal,B,20260904T172511Z-ad415a2a4c50dc17545694e5,20260904T172511Z-ad415a2a4c50dc17545694e5-dg-bead543a888d-000202,2,none,none,slow,normal-slow-2,left,normal,clipped/audio_event_clean/normal/20260904T172511Z-ad415a2a4c50dc17545694e5-dg-bead543a888d-000202_ch2.wav,3DPrinter/train/section_00_source_train_normal_000457.wav,e98035fad5031e604152bfbb4d97aa497d4ab0a0d42c389d26d2a70f5ec8c3b2,960044,558496800,558976800,a11c9edf7d30e209b00dfc804588b4d2d286457d32725853a26985138bfe0fb7,0,0,23262abea4a78a15730cb9a904377c1f1d1cf4547ae64d53542b914fb33ec930,saved_rule_based,1.79
section_00_source_train_normal_000458,train,source,normal,B,20260904T172511Z-ad415a2a4c50dc17545694e5,20260904T172511Z-ad415a2a4c50dc17545694e5-dg-bead543a888d-000206,2,none,none,slow,normal-slow-2,left,normal,clipped/audio_event_clean/normal/20260904T172511Z-ad415a2a4c50dc17545694e5-dg-bead543a888d-000206_ch2.wav,3DPrinter/train/section_00_source_train_normal_000458.wav,ce0e9c78e550690f0202034abfdbeaf34a9231b0034c59cdb770584ecbedea34,960044,560416800,560896800,a11c9edf7d30e209b00dfc804588b4d2d286457d32725853a26985138bfe0fb7,0,0,23262abea4a78a15730cb9a904377c1f1d1cf4547ae64d53542b914fb33ec930,saved_rule_based,1.79
section_00_source_train_normal_000459,train,source,normal,B,20260904T172511Z-ad415a2a4c50dc17545694e5,20260904T172511Z-ad415a2a4c50dc17545694e5-dg-bead543a888d-000207,2,none,none,slow,normal-slow-2,left,normal,clipped/audio_event_clean/normal/20260904T172511Z-ad415a2a4c50dc17545694e5-dg-bead543a888d-000207_ch2.wav,3DPrinter/train/section_00_source_train_normal_000459.wav,475a67a3209ac73930f76c3342f9971f8cbb1568f5f3270d7195eebc7abb59e9,960044,560896800,561376800,a11c9edf7d30e209b00dfc804588b4d2d286457d32725853a26985138bfe0fb7,0,0,23262abea4a78a15730cb9a904377c1f1d1cf4547ae64d53542b914fb33ec930,saved_rule_based,1.79
section_00_source_train_normal_000460,train,source,normal,B,20260904T172511Z-ad415a2a4c50dc17545694e5,20260904T172511Z-ad415a2a4c50dc17545694e5-dg-bead543a888d-000209,2,none,none,slow,normal-slow-2,left,normal,clipped/audio_event_clean/normal/20260904T172511Z-ad415a2a4c50dc17545694e5-dg-bead543a888d-000209_ch2.wav,3DPrinter/train/section_00_source_train_normal_000460.wav,5d803ad50aa43d31cde45ae068bb4f3c929497a4d091a20f82940a72b5082d1d,960044,561856800,562336800,a11c9edf7d30e209b00dfc804588b4d2d286457d32725853a26985138bfe0fb7,0,0,23262abea4a78a15730cb9a904377c1f1d1cf4547ae64d53542b914fb33ec930,saved_rule_based,1.79
section_00_source_train_normal_000461,train,source,normal,B,20260904T172511Z-ad415a2a4c50dc17545694e5,20260904T172511Z-ad415a2a4c50dc17545694e5-dg-bead543a888d-000212,2,none,none,slow,normal-slow-2,left,normal,clipped/audio_event_clean/normal/20260904T172511Z-ad415a2a4c50dc17545694e5-dg-bead543a888d-000212_ch2.wav,3DPrinter/train/section_00_source_train_normal_000461.wav,533771f9caa12ef60f4c901b0d1ada768aeb522f4433143760e4b11a56c24063,960044,563296800,563776800,a11c9edf7d30e209b00dfc804588b4d2d286457d32725853a26985138bfe0fb7,0,0,23262abea4a78a15730cb9a904377c1f1d1cf4547ae64d53542b914fb33ec930,saved_rule_based,1.79
section_00_source_train_normal_000462,train,source,normal,B,20260904T172511Z-ad415a2a4c50dc17545694e5,20260904T172511Z-ad415a2a4c50dc17545694e5-dg-bead543a888d-000213,2,none,none,slow,normal-slow-2,left,normal,clipped/audio_event_clean/normal/20260904T172511Z-ad415a2a4c50dc17545694e5-dg-bead543a888d-000213_ch2.wav,3DPrinter/train/section_00_source_train_normal_000462.wav,b8823bf8f9458d4c9d9d5416c112063caf99a815bc88f15dad76df479a880861,960044,563776800,564256800,a11c9edf7d30e209b00dfc804588b4d2d286457d32725853a26985138bfe0fb7,0,0,23262abea4a78a15730cb9a904377c1f1d1cf4547ae64d53542b914fb33ec930,saved_rule_based,1.79
section_00_source_train_normal_000463,train,source,normal,B,20260904T172511Z-ad415a2a4c50dc17545694e5,20260904T172511Z-ad415a2a4c50dc17545694e5-dg-bead543a888d-000214,2,none,none,slow,normal-slow-2,left,normal,clipped/audio_event_clean/normal/20260904T172511Z-ad415a2a4c50dc17545694e5-dg-bead543a888d-000214_ch2.wav,3DPrinter/train/section_00_source_train_normal_000463.wav,0ada7f6b2523a9b5f522ba36ad106257c7df8ad4a6d08e28a41e26a52a902618,960044,564256800,564736800,a11c9edf7d30e209b00dfc804588b4d2d286457d32725853a26985138bfe0fb7,0,0,23262abea4a78a15730cb9a904377c1f1d1cf4547ae64d53542b914fb33ec930,saved_rule_based,1.79
section_00_source_train_normal_000464,train,source,normal,B,20260904T172511Z-ad415a2a4c50dc17545694e5,20260904T172511Z-ad415a2a4c50dc17545694e5-dg-bead543a888d-000217,2,none,none,slow,normal-slow-2,left,normal,clipped/audio_event_clean/normal/20260904T172511Z-ad415a2a4c50dc17545694e5-dg-bead543a888d-000217_ch2.wav,3DPrinter/train/section_00_source_train_normal_000464.wav,bbf0c4edf6f94d39a4efdda28348fd067498c6f66e4b7ed9f2fe65ab29fc7f35,960044,565696800,566176800,a11c9edf7d30e209b00dfc804588b4d2d286457d32725853a26985138bfe0fb7,0,0,23262abea4a78a15730cb9a904377c1f1d1cf4547ae64d53542b914fb33ec930,saved_rule_based,1.79
section_00_source_train_normal_000465,train,source,normal,B,20260904T172511Z-ad415a2a4c50dc17545694e5,20260904T172511Z-ad415a2a4c50dc17545694e5-dg-bead543a888d-000220,2,none,none,slow,normal-slow-2,left,normal,clipped/audio_event_clean/normal/20260904T172511Z-ad415a2a4c50dc17545694e5-dg-bead543a888d-000220_ch2.wav,3DPrinter/train/section_00_source_train_normal_000465.wav,be2b48f07deb18d07b349489169ab682cf2f3b18c08ec0018d948cc7b6b4770f,960044,567136800,567616800,a11c9edf7d30e209b00dfc804588b4d2d286457d32725853a26985138bfe0fb7,0,0,23262abea4a78a15730cb9a904377c1f1d1cf4547ae64d53542b914fb33ec930,saved_rule_based,1.79
section_00_source_train_normal_000466,train,source,normal,B,20260904T172511Z-ad415a2a4c50dc17545694e5,20260904T172511Z-ad415a2a4c50dc17545694e5-dg-bead543a888d-000221,2,none,none,slow,normal-slow-2,left,normal,clipped/audio_event_clean/normal/20260904T172511Z-ad415a2a4c50dc17545694e5-dg-bead543a888d-000221_ch2.wav,3DPrinter/train/section_00_source_train_normal_000466.wav,be5a074faec57371661cfd3ce2ff96bb95193994adad590158db5a40d20bca02,960044,567616800,568096800,a11c9edf7d30e209b00dfc804588b4d2d286457d32725853a26985138bfe0fb7,0,0,23262abea4a78a15730cb9a904377c1f1d1cf4547ae64d53542b914fb33ec930,saved_rule_based,1.79
section_00_source_train_normal_000467,train,source,normal,B,20260904T172511Z-ad415a2a4c50dc17545694e5,20260904T172511Z-ad415a2a4c50dc17545694e5-dg-bead543a888d-000230,2,none,none,slow,normal-slow-2,left,normal,clipped/audio_event_clean/normal/20260904T172511Z-ad415a2a4c50dc17545694e5-dg-bead543a888d-000230_ch2.wav,3DPrinter/train/section_00_source_train_normal_000467.wav,a032f79d1f16f61245491f3e0c560f13647ac3143c62eadfd9111d9edf9e659a,960044,571936800,572416800,a11c9edf7d30e209b00dfc804588b4d2d286457d32725853a26985138bfe0fb7,0,0,23262abea4a78a15730cb9a904377c1f1d1cf4547ae64d53542b914fb33ec930,saved_rule_based,1.79
section_00_source_train_normal_000468,train,source,normal,B,20260904T172511Z-ad415a2a4c50dc17545694e5,20260904T172511Z-ad415a2a4c50dc17545694e5-dg-bead543a888d-000231,2,none,none,slow,normal-slow-2,left,normal,clipped/audio_event_clean/normal/20260904T172511Z-ad415a2a4c50dc17545694e5-dg-bead543a888d-000231_ch2.wav,3DPrinter/train/section_00_source_train_normal_000468.wav,9430ccfe41806828aba11fb03815ab66f780379527f03b2af540fb8c2be7947b,960044,572416800,572896800,a11c9edf7d30e209b00dfc804588b4d2d286457d32725853a26985138bfe0fb7,0,0,23262abea4a78a15730cb9a904377c1f1d1cf4547ae64d53542b914fb33ec930,saved_rule_based,1.79
section_00_source_train_normal_000469,train,source,normal,B,20260904T172511Z-ad415a2a4c50dc17545694e5,20260904T172511Z-ad415a2a4c50dc17545694e5-dg-bead543a888d-000236,2,none,none,slow,normal-slow-2,left,normal,clipped/audio_event_clean/normal/20260904T172511Z-ad415a2a4c50dc17545694e5-dg-bead543a888d-000236_ch2.wav,3DPrinter/train/section_00_source_train_normal_000469.wav,08ebdbfe1127910e1d069fed2aa15800ffdf1d809834e37a9d9f89a6dd63b3eb,960044,574816800,575296800,a11c9edf7d30e209b00dfc804588b4d2d286457d32725853a26985138bfe0fb7,0,0,23262abea4a78a15730cb9a904377c1f1d1cf4547ae64d53542b914fb33ec930,saved_rule_based,1.79
section_00_source_train_normal_000470,train,source,normal,B,20260904T172511Z-ad415a2a4c50dc17545694e5,20260904T172511Z-ad415a2a4c50dc17545694e5-dg-bead543a888d-000237,2,none,none,slow,normal-slow-2,left,normal,clipped/audio_event_clean/normal/20260904T172511Z-ad415a2a4c50dc17545694e5-dg-bead543a888d-000237_ch2.wav,3DPrinter/train/section_00_source_train_normal_000470.wav,f621eb76368944f1134bf25ebae9b1ddf6004f99628cbf80387943d26d180ae1,960044,575296800,575776800,a11c9edf7d30e209b00dfc804588b4d2d286457d32725853a26985138bfe0fb7,0,0,23262abea4a78a15730cb9a904377c1f1d1cf4547ae64d53542b914fb33ec930,saved_rule_based,1.79
section_00_source_train_normal_000471,train,source,normal,B,20260904T172511Z-ad415a2a4c50dc17545694e5,20260904T172511Z-ad415a2a4c50dc17545694e5-dg-bead543a888d-000240,2,none,none,slow,normal-slow-2,left,normal,clipped/audio_event_clean/normal/20260904T172511Z-ad415a2a4c50dc17545694e5-dg-bead543a888d-000240_ch2.wav,3DPrinter/train/section_00_source_train_normal_000471.wav,7d73c886b9b34d473dae4f6ae4d83fb16fdadb8a5de70e6306482c3319ec4f2f,960044,576736800,577216800,a11c9edf7d30e209b00dfc804588b4d2d286457d32725853a26985138bfe0fb7,0,0,23262abea4a78a15730cb9a904377c1f1d1cf4547ae64d53542b914fb33ec930,saved_rule_based,1.79
section_00_source_train_normal_000472,train,source,normal,B,20260904T172511Z-ad415a2a4c50dc17545694e5,20260904T172511Z-ad415a2a4c50dc17545694e5-dg-bead543a888d-000243,2,none,none,slow,normal-slow-2,left,normal,clipped/audio_event_clean/normal/20260904T172511Z-ad415a2a4c50dc17545694e5-dg-bead543a888d-000243_ch2.wav,3DPrinter/train/section_00_source_train_normal_000472.wav,1bb18d574129f9660152e3658b143f9cc3f9844e51bc06394a4d941e4dc9f078,960044,578176800,578656800,a11c9edf7d30e209b00dfc804588b4d2d286457d32725853a26985138bfe0fb7,0,0,23262abea4a78a15730cb9a904377c1f1d1cf4547ae64d53542b914fb33ec930,saved_rule_based,1.79
section_00_source_train_normal_000473,train,source,normal,B,20260904T172511Z-ad415a2a4c50dc17545694e5,20260904T172511Z-ad415a2a4c50dc17545694e5-dg-bead543a888d-000244,2,none,none,slow,normal-slow-2,left,normal,clipped/audio_event_clean/normal/20260904T172511Z-ad415a2a4c50dc17545694e5-dg-bead543a888d-000244_ch2.wav,3DPrinter/train/section_00_source_train_normal_000473.wav,2f7246cc7182b4c6daabcacf2f4dbdfd35a7db66cce405a3b2ef0461ba76c444,960044,578656800,579136800,a11c9edf7d30e209b00dfc804588b4d2d286457d32725853a26985138bfe0fb7,0,0,23262abea4a78a15730cb9a904377c1f1d1cf4547ae64d53542b914fb33ec930,saved_rule_based,1.79
section_00_source_train_normal_000474,train,source,normal,B,20260904T172511Z-ad415a2a4c50dc17545694e5,20260904T172511Z-ad415a2a4c50dc17545694e5-dg-bead543a888d-000248,2,none,none,slow,normal-slow-2,left,normal,clipped/audio_event_clean/normal/20260904T172511Z-ad415a2a4c50dc17545694e5-dg-bead543a888d-000248_ch2.wav,3DPrinter/train/section_00_source_train_normal_000474.wav,52e7446e0f38a8d64572aab9640327184f2c6adcdaf1f10018c6e08358f6486b,960044,580576800,581056800,a11c9edf7d30e209b00dfc804588b4d2d286457d32725853a26985138bfe0fb7,0,0,23262abea4a78a15730cb9a904377c1f1d1cf4547ae64d53542b914fb33ec930,saved_rule_based,1.79
section_00_source_train_normal_000475,train,source,normal,B,20260904T172511Z-ad415a2a4c50dc17545694e5,20260904T172511Z-ad415a2a4c50dc17545694e5-dg-bead543a888d-000249,2,none,none,slow,normal-slow-2,left,normal,clipped/audio_event_clean/normal/20260904T172511Z-ad415a2a4c50dc17545694e5-dg-bead543a888d-000249_ch2.wav,3DPrinter/train/section_00_source_train_normal_000475.wav,38109eef9326c70fcd604d2946c5c6a31ce40377494d351f796a2b0ca4026b4d,960044,581056800,581536800,a11c9edf7d30e209b00dfc804588b4d2d286457d32725853a26985138bfe0fb7,0,0,23262abea4a78a15730cb9a904377c1f1d1cf4547ae64d53542b914fb33ec930,saved_rule_based,1.79
section_00_source_train_normal_000476,train,source,normal,B,20260904T172511Z-ad415a2a4c50dc17545694e5,20260904T172511Z-ad415a2a4c50dc17545694e5-dg-bead543a888d-000250,2,none,none,slow,normal-slow-2,left,normal,clipped/audio_event_clean/normal/20260904T172511Z-ad415a2a4c50dc17545694e5-dg-bead543a888d-000250_ch2.wav,3DPrinter/train/section_00_source_train_normal_000476.wav,50a69c4fe9e41b0b7c2109945e13dedf2c47ba8ab54ec9d55cf8d403e3f33519,960044,581536800,582016800,a11c9edf7d30e209b00dfc804588b4d2d286457d32725853a26985138bfe0fb7,0,0,23262abea4a78a15730cb9a904377c1f1d1cf4547ae64d53542b914fb33ec930,saved_rule_based,1.79
section_00_source_train_normal_000477,train,source,normal,B,20260904T172511Z-ad415a2a4c50dc17545694e5,20260904T172511Z-ad415a2a4c50dc17545694e5-dg-bead543a888d-000253,2,none,none,slow,normal-slow-2,left,normal,clipped/audio_event_clean/normal/20260904T172511Z-ad415a2a4c50dc17545694e5-dg-bead543a888d-000253_ch2.wav,3DPrinter/train/section_00_source_train_normal_000477.wav,d91c17122c4ec82be5bf4768f9264b654deca9630fb329740d7968b197a88c5c,960044,582976800,583456800,a11c9edf7d30e209b00dfc804588b4d2d286457d32725853a26985138bfe0fb7,0,0,23262abea4a78a15730cb9a904377c1f1d1cf4547ae64d53542b914fb33ec930,saved_rule_based,1.79
section_00_source_train_normal_000478,train,source,normal,B,20260904T172511Z-ad415a2a4c50dc17545694e5,20260904T172511Z-ad415a2a4c50dc17545694e5-dg-bead543a888d-000257,2,none,none,slow,normal-slow-2,left,normal,clipped/audio_event_clean/normal/20260904T172511Z-ad415a2a4c50dc17545694e5-dg-bead543a888d-000257_ch2.wav,3DPrinter/train/section_00_source_train_normal_000478.wav,c8a603033d90c15d71c5246c984a832efd8484f188ce53c19bca2f85ec9b717b,960044,584896800,585376800,a11c9edf7d30e209b00dfc804588b4d2d286457d32725853a26985138bfe0fb7,0,0,23262abea4a78a15730cb9a904377c1f1d1cf4547ae64d53542b914fb33ec930,saved_rule_based,1.79
section_00_source_train_normal_000479,train,source,normal,B,20260904T172511Z-ad415a2a4c50dc17545694e5,20260904T172511Z-ad415a2a4c50dc17545694e5-dg-bead543a888d-000258,2,none,none,slow,normal-slow-2,left,normal,clipped/audio_event_clean/normal/20260904T172511Z-ad415a2a4c50dc17545694e5-dg-bead543a888d-000258_ch2.wav,3DPrinter/train/section_00_source_train_normal_000479.wav,5a4f4194685b4b38d9856540d826ac69f47a8f74b00f6671148e5301b370aca4,960044,585376800,585856800,a11c9edf7d30e209b00dfc804588b4d2d286457d32725853a26985138bfe0fb7,0,0,23262abea4a78a15730cb9a904377c1f1d1cf4547ae64d53542b914fb33ec930,saved_rule_based,1.79
section_00_source_train_normal_000480,train,source,normal,B,20260904T172511Z-ad415a2a4c50dc17545694e5,20260904T172511Z-ad415a2a4c50dc17545694e5-dg-bead543a888d-000259,2,none,none,slow,normal-slow-2,left,normal,clipped/audio_event_clean/normal/20260904T172511Z-ad415a2a4c50dc17545694e5-dg-bead543a888d-000259_ch2.wav,3DPrinter/train/section_00_source_train_normal_000480.wav,ce93239770851a7d49a050c7c18a2c96ec29f541a7b7c085b0f7124fae5e8fa5,960044,585856800,586336800,a11c9edf7d30e209b00dfc804588b4d2d286457d32725853a26985138bfe0fb7,0,0,23262abea4a78a15730cb9a904377c1f1d1cf4547ae64d53542b914fb33ec930,saved_rule_based,1.79
section_00_source_train_normal_000481,train,source,normal,B,20260904T172511Z-ad415a2a4c50dc17545694e5,20260904T172511Z-ad415a2a4c50dc17545694e5-dg-bead543a888d-000261,2,none,none,slow,normal-slow-2,left,normal,clipped/audio_event_clean/normal/20260904T172511Z-ad415a2a4c50dc17545694e5-dg-bead543a888d-000261_ch2.wav,3DPrinter/train/section_00_source_train_normal_000481.wav,62a27e02a4b773e8e96b6bd1219e2f461246326832aea769428295102f9bd7e3,960044,586816800,587296800,a11c9edf7d30e209b00dfc804588b4d2d286457d32725853a26985138bfe0fb7,0,0,23262abea4a78a15730cb9a904377c1f1d1cf4547ae64d53542b914fb33ec930,saved_rule_based,1.79
section_00_source_train_normal_000482,train,source,normal,B,20260904T172511Z-ad415a2a4c50dc17545694e5,20260904T172511Z-ad415a2a4c50dc17545694e5-dg-bead543a888d-000262,2,none,none,slow,normal-slow-2,left,normal,clipped/audio_event_clean/normal/20260904T172511Z-ad415a2a4c50dc17545694e5-dg-bead543a888d-000262_ch2.wav,3DPrinter/train/section_00_source_train_normal_000482.wav,23d113c5a21693ea89bb4c94bb69fd28dc9de479af69769274ca008483045ebe,960044,587296800,587776800,a11c9edf7d30e209b00dfc804588b4d2d286457d32725853a26985138bfe0fb7,0,0,23262abea4a78a15730cb9a904377c1f1d1cf4547ae64d53542b914fb33ec930,saved_rule_based,1.79
section_00_source_train_normal_000483,train,source,normal,B,20260904T172511Z-ad415a2a4c50dc17545694e5,20260904T172511Z-ad415a2a4c50dc17545694e5-dg-bead543a888d-000263,2,none,none,slow,normal-slow-2,left,normal,clipped/audio_event_clean/normal/20260904T172511Z-ad415a2a4c50dc17545694e5-dg-bead543a888d-000263_ch2.wav,3DPrinter/train/section_00_source_train_normal_000483.wav,716982b514bc50c4c8ed7e092564917743285064518a02d3b74091608b0c0019,960044,587776800,588256800,a11c9edf7d30e209b00dfc804588b4d2d286457d32725853a26985138bfe0fb7,0,0,23262abea4a78a15730cb9a904377c1f1d1cf4547ae64d53542b914fb33ec930,saved_rule_based,1.79
section_00_source_train_normal_000484,train,source,normal,B,20260904T172511Z-ad415a2a4c50dc17545694e5,20260904T172511Z-ad415a2a4c50dc17545694e5-dg-bead543a888d-000268,2,none,none,slow,normal-slow-2,left,normal,clipped/audio_event_clean/normal/20260904T172511Z-ad415a2a4c50dc17545694e5-dg-bead543a888d-000268_ch2.wav,3DPrinter/train/section_00_source_train_normal_000484.wav,780ec36e746a9c9675d9eb555558dcacf099d4c98ae368bfc9b3509909bc0c8d,960044,590176800,590656800,a11c9edf7d30e209b00dfc804588b4d2d286457d32725853a26985138bfe0fb7,0,0,23262abea4a78a15730cb9a904377c1f1d1cf4547ae64d53542b914fb33ec930,saved_rule_based,1.79
section_00_source_train_normal_000485,train,source,normal,B,20260904T172511Z-ad415a2a4c50dc17545694e5,20260904T172511Z-ad415a2a4c50dc17545694e5-dg-bead543a888d-000270,2,none,none,slow,normal-slow-2,left,normal,clipped/audio_event_clean/normal/20260904T172511Z-ad415a2a4c50dc17545694e5-dg-bead543a888d-000270_ch2.wav,3DPrinter/train/section_00_source_train_normal_000485.wav,c9653c23a5f1fa78d37a9e31c717b5e47aab5f8e647320872a7319032dac4d3a,960044,591136800,591616800,a11c9edf7d30e209b00dfc804588b4d2d286457d32725853a26985138bfe0fb7,0,0,23262abea4a78a15730cb9a904377c1f1d1cf4547ae64d53542b914fb33ec930,saved_rule_based,1.79
section_00_source_train_normal_000486,train,source,normal,B,20260904T172511Z-ad415a2a4c50dc17545694e5,20260904T172511Z-ad415a2a4c50dc17545694e5-dg-bead543a888d-000271,2,none,none,slow,normal-slow-2,left,normal,clipped/audio_event_clean/normal/20260904T172511Z-ad415a2a4c50dc17545694e5-dg-bead543a888d-000271_ch2.wav,3DPrinter/train/section_00_source_train_normal_000486.wav,db8fa0f6d01b952c9723e9af86c28099f5661023f89b0cdd88def21badf263cf,960044,591616800,592096800,a11c9edf7d30e209b00dfc804588b4d2d286457d32725853a26985138bfe0fb7,0,0,23262abea4a78a15730cb9a904377c1f1d1cf4547ae64d53542b914fb33ec930,saved_rule_based,1.79
section_00_source_train_normal_000487,train,source,normal,B,20260904T172511Z-ad415a2a4c50dc17545694e5,20260904T172511Z-ad415a2a4c50dc17545694e5-dg-bead543a888d-000275,2,none,none,slow,normal-slow-2,left,normal,clipped/audio_event_clean/normal/20260904T172511Z-ad415a2a4c50dc17545694e5-dg-bead543a888d-000275_ch2.wav,3DPrinter/train/section_00_source_train_normal_000487.wav,5e0b18a73b7f0a5c3f788a5b6810f91e065045b5f2af538729c12d40befad4f5,960044,593536800,594016800,a11c9edf7d30e209b00dfc804588b4d2d286457d32725853a26985138bfe0fb7,0,0,23262abea4a78a15730cb9a904377c1f1d1cf4547ae64d53542b914fb33ec930,saved_rule_based,1.79
section_00_source_train_normal_000488,train,source,normal,B,20260904T172511Z-ad415a2a4c50dc17545694e5,20260904T172511Z-ad415a2a4c50dc17545694e5-dg-bead543a888d-000280,2,none,none,slow,normal-slow-2,left,normal,clipped/audio_event_clean/normal/20260904T172511Z-ad415a2a4c50dc17545694e5-dg-bead543a888d-000280_ch2.wav,3DPrinter/train/section_00_source_train_normal_000488.wav,78a74b4b384cb4dcdf241a2d41d10a65d055c3b59b45ee00580d2fbde6fa1bc3,960044,595936800,596416800,a11c9edf7d30e209b00dfc804588b4d2d286457d32725853a26985138bfe0fb7,0,0,23262abea4a78a15730cb9a904377c1f1d1cf4547ae64d53542b914fb33ec930,saved_rule_based,1.79
section_00_source_train_normal_000489,train,source,normal,B,20260904T172511Z-ad415a2a4c50dc17545694e5,20260904T172511Z-ad415a2a4c50dc17545694e5-dg-bead543a888d-000284,2,none,none,slow,normal-slow-2,left,normal,clipped/audio_event_clean/normal/20260904T172511Z-ad415a2a4c50dc17545694e5-dg-bead543a888d-000284_ch2.wav,3DPrinter/train/section_00_source_train_normal_000489.wav,a04184c3ed32d04227ee72dd7721d1d6265e2a1f5bdb180527b472beaf93d969,960044,597856800,598336800,a11c9edf7d30e209b00dfc804588b4d2d286457d32725853a26985138bfe0fb7,0,0,23262abea4a78a15730cb9a904377c1f1d1cf4547ae64d53542b914fb33ec930,saved_rule_based,1.79
section_00_source_train_normal_000490,train,source,normal,B,20260904T172511Z-ad415a2a4c50dc17545694e5,20260904T172511Z-ad415a2a4c50dc17545694e5-dg-bead543a888d-000285,2,none,none,slow,normal-slow-2,left,normal,clipped/audio_event_clean/normal/20260904T172511Z-ad415a2a4c50dc17545694e5-dg-bead543a888d-000285_ch2.wav,3DPrinter/train/section_00_source_train_normal_000490.wav,46fbe1aa29d6fdff4c170de598993b9010babc78f16467ca9520a6bc27d3f7ec,960044,598336800,598816800,a11c9edf7d30e209b00dfc804588b4d2d286457d32725853a26985138bfe0fb7,0,0,23262abea4a78a15730cb9a904377c1f1d1cf4547ae64d53542b914fb33ec930,saved_rule_based,1.79
section_00_source_train_normal_000491,train,source,normal,B,20260904T172511Z-ad415a2a4c50dc17545694e5,20260904T172511Z-ad415a2a4c50dc17545694e5-dg-bead543a888d-000288,2,none,none,slow,normal-slow-2,left,normal,clipped/audio_event_clean/normal/20260904T172511Z-ad415a2a4c50dc17545694e5-dg-bead543a888d-000288_ch2.wav,3DPrinter/train/section_00_source_train_normal_000491.wav,504f12e13eed3a080e242af03bc72a0a1e09136cca4fc9bcfbeccf05588a27a3,960044,599776800,600256800,a11c9edf7d30e209b00dfc804588b4d2d286457d32725853a26985138bfe0fb7,0,0,23262abea4a78a15730cb9a904377c1f1d1cf4547ae64d53542b914fb33ec930,saved_rule_based,1.79
section_00_source_train_normal_000492,train,source,normal,B,20260904T172511Z-ad415a2a4c50dc17545694e5,20260904T172511Z-ad415a2a4c50dc17545694e5-dg-bead543a888d-000290,2,none,none,slow,normal-slow-2,left,normal,clipped/audio_event_clean/normal/20260904T172511Z-ad415a2a4c50dc17545694e5-dg-bead543a888d-000290_ch2.wav,3DPrinter/train/section_00_source_train_normal_000492.wav,83c7b1d87a4ee58dbe153e7748caa5b374ba30ab7495892a5aca05ac703319d6,960044,600736800,601216800,a11c9edf7d30e209b00dfc804588b4d2d286457d32725853a26985138bfe0fb7,0,0,23262abea4a78a15730cb9a904377c1f1d1cf4547ae64d53542b914fb33ec930,saved_rule_based,1.79
section_00_source_train_normal_000493,train,source,normal,B,20260904T172511Z-ad415a2a4c50dc17545694e5,20260904T172511Z-ad415a2a4c50dc17545694e5-dg-bead543a888d-000292,2,none,none,slow,normal-slow-2,left,normal,clipped/audio_event_clean/normal/20260904T172511Z-ad415a2a4c50dc17545694e5-dg-bead543a888d-000292_ch2.wav,3DPrinter/train/section_00_source_train_normal_000493.wav,c946932a2413ca32a815af841638a6d9f576bef9f7df6dfe14646e2aa3494791,960044,601696800,602176800,a11c9edf7d30e209b00dfc804588b4d2d286457d32725853a26985138bfe0fb7,0,0,23262abea4a78a15730cb9a904377c1f1d1cf4547ae64d53542b914fb33ec930,saved_rule_based,1.79
section_00_source_train_normal_000494,train,source,normal,B,20260904T172511Z-ad415a2a4c50dc17545694e5,20260904T172511Z-ad415a2a4c50dc17545694e5-dg-bead543a888d-000295,2,none,none,slow,normal-slow-2,left,normal,clipped/audio_event_clean/normal/20260904T172511Z-ad415a2a4c50dc17545694e5-dg-bead543a888d-000295_ch2.wav,3DPrinter/train/section_00_source_train_normal_000494.wav,df9b3f06bf0634dd85be408c0cfc526b1947046d9f01e6b5210651dce411e987,960044,603136800,603616800,a11c9edf7d30e209b00dfc804588b4d2d286457d32725853a26985138bfe0fb7,0,0,23262abea4a78a15730cb9a904377c1f1d1cf4547ae64d53542b914fb33ec930,saved_rule_based,1.79
section_00_source_train_normal_000495,train,source,normal,C,20260909T131430Z-25f6c6cf594720724d1909bb,20260909T131430Z-25f6c6cf594720724d1909bb-dg-4470d4bd5dad-000003,1,none,none,slow,normal-slow-1,rear,normal,clipped/audio_event_clean/normal/20260909T131430Z-25f6c6cf594720724d1909bb-dg-4470d4bd5dad-000003_ch1.wav,3DPrinter/train/section_00_source_train_normal_000495.wav,6e79022dd10f0b81c00a1f8b351f2e3cd70ecc048ab4a84b8c3b8ab60284530f,960044,8283468000,8283948000,54fc6f490bf3028a61bbb10af8109deb1ca2474a512faae61d08a0b2b553164d,0,0,a7d9b5104f6fdb7ca780470a151026fdace566a5afb8abd302b9ab3bb7fc2251,saved_rule_based,1.77
section_00_source_train_normal_000496,train,source,normal,C,20260909T131430Z-25f6c6cf594720724d1909bb,20260909T131430Z-25f6c6cf594720724d1909bb-dg-4470d4bd5dad-000007,1,none,none,slow,normal-slow-1,rear,normal,clipped/audio_event_clean/normal/20260909T131430Z-25f6c6cf594720724d1909bb-dg-4470d4bd5dad-000007_ch1.wav,3DPrinter/train/section_00_source_train_normal_000496.wav,8014a7f46cb1e5c6290026fe59ba7a454d17345da745534ff75b6de020e2f571,960044,8285388000,8285868000,54fc6f490bf3028a61bbb10af8109deb1ca2474a512faae61d08a0b2b553164d,0,0,a7d9b5104f6fdb7ca780470a151026fdace566a5afb8abd302b9ab3bb7fc2251,saved_rule_based,1.77
section_00_source_train_normal_000497,train,source,normal,C,20260909T131430Z-25f6c6cf594720724d1909bb,20260909T131430Z-25f6c6cf594720724d1909bb-dg-4470d4bd5dad-000011,1,none,none,slow,normal-slow-1,rear,normal,clipped/audio_event_clean/normal/20260909T131430Z-25f6c6cf594720724d1909bb-dg-4470d4bd5dad-000011_ch1.wav,3DPrinter/train/section_00_source_train_normal_000497.wav,8aeceeabf86f5f509e4dbeca7e9bd2054bfc87b3925707143fd71790f81dfe20,960044,8287308000,8287788000,54fc6f490bf3028a61bbb10af8109deb1ca2474a512faae61d08a0b2b553164d,0,0,a7d9b5104f6fdb7ca780470a151026fdace566a5afb8abd302b9ab3bb7fc2251,saved_rule_based,1.77
section_00_source_train_normal_000498,train,source,normal,C,20260909T131430Z-25f6c6cf594720724d1909bb,20260909T131430Z-25f6c6cf594720724d1909bb-dg-4470d4bd5dad-000012,1,none,none,slow,normal-slow-1,rear,normal,clipped/audio_event_clean/normal/20260909T131430Z-25f6c6cf594720724d1909bb-dg-4470d4bd5dad-000012_ch1.wav,3DPrinter/train/section_00_source_train_normal_000498.wav,d93bd02b7e473de82912b322c884f59535adcc19049a16b6c1bcec258bc10160,960044,8287788000,8288268000,54fc6f490bf3028a61bbb10af8109deb1ca2474a512faae61d08a0b2b553164d,0,0,a7d9b5104f6fdb7ca780470a151026fdace566a5afb8abd302b9ab3bb7fc2251,saved_rule_based,1.77
section_00_source_train_normal_000499,train,source,normal,C,20260909T131430Z-25f6c6cf594720724d1909bb,20260909T131430Z-25f6c6cf594720724d1909bb-dg-4470d4bd5dad-000013,1,none,none,slow,normal-slow-1,rear,normal,clipped/audio_event_clean/normal/20260909T131430Z-25f6c6cf594720724d1909bb-dg-4470d4bd5dad-000013_ch1.wav,3DPrinter/train/section_00_source_train_normal_000499.wav,4c40a5165eb47fb10bd158ea1804783c9d4fca6ec2f7b5b4dd193eb1066f8f8e,960044,8288268000,8288748000,54fc6f490bf3028a61bbb10af8109deb1ca2474a512faae61d08a0b2b553164d,0,0,a7d9b5104f6fdb7ca780470a151026fdace566a5afb8abd302b9ab3bb7fc2251,saved_rule_based,1.77
section_00_source_train_normal_000500,train,source,normal,C,20260909T131430Z-25f6c6cf594720724d1909bb,20260909T131430Z-25f6c6cf594720724d1909bb-dg-4470d4bd5dad-000022,1,none,none,slow,normal-slow-1,rear,normal,clipped/audio_event_clean/normal/20260909T131430Z-25f6c6cf594720724d1909bb-dg-4470d4bd5dad-000022_ch1.wav,3DPrinter/train/section_00_source_train_normal_000500.wav,eb44db4163aece9a511d6a7c14f27516f51102e3dfb0b7d93762750c37357eeb,960044,8292588000,8293068000,54fc6f490bf3028a61bbb10af8109deb1ca2474a512faae61d08a0b2b553164d,0,0,a7d9b5104f6fdb7ca780470a151026fdace566a5afb8abd302b9ab3bb7fc2251,saved_rule_based,1.77
section_00_source_train_normal_000501,train,source,normal,C,20260909T131430Z-25f6c6cf594720724d1909bb,20260909T131430Z-25f6c6cf594720724d1909bb-dg-4470d4bd5dad-000025,1,none,none,slow,normal-slow-1,rear,normal,clipped/audio_event_clean/normal/20260909T131430Z-25f6c6cf594720724d1909bb-dg-4470d4bd5dad-000025_ch1.wav,3DPrinter/train/section_00_source_train_normal_000501.wav,56c679a25f020932e18bb32891595a122af9cb979eccf80e18c928c1c17a3141,960044,8294028000,8294508000,54fc6f490bf3028a61bbb10af8109deb1ca2474a512faae61d08a0b2b553164d,0,0,a7d9b5104f6fdb7ca780470a151026fdace566a5afb8abd302b9ab3bb7fc2251,saved_rule_based,1.77
section_00_source_train_normal_000502,train,source,normal,C,20260909T131430Z-25f6c6cf594720724d1909bb,20260909T131430Z-25f6c6cf594720724d1909bb-dg-4470d4bd5dad-000029,1,none,none,slow,normal-slow-1,rear,normal,clipped/audio_event_clean/normal/20260909T131430Z-25f6c6cf594720724d1909bb-dg-4470d4bd5dad-000029_ch1.wav,3DPrinter/train/section_00_source_train_normal_000502.wav,2de08e9d912af9705e5a7e97ebbeb5e821615797d54c1cde8dfe508170ff1de3,960044,8295948000,8296428000,54fc6f490bf3028a61bbb10af8109deb1ca2474a512faae61d08a0b2b553164d,0,0,a7d9b5104f6fdb7ca780470a151026fdace566a5afb8abd302b9ab3bb7fc2251,saved_rule_based,1.77
section_00_source_train_normal_000503,train,source,normal,C,20260909T131430Z-25f6c6cf594720724d1909bb,20260909T131430Z-25f6c6cf594720724d1909bb-dg-4470d4bd5dad-000038,1,none,none,slow,normal-slow-1,rear,normal,clipped/audio_event_clean/normal/20260909T131430Z-25f6c6cf594720724d1909bb-dg-4470d4bd5dad-000038_ch1.wav,3DPrinter/train/section_00_source_train_normal_000503.wav,2f51fe6d37cfcf38b1198e6c047e8469fa1e528b9e50f6c7fb49ae489e58b976,960044,8300268000,8300748000,54fc6f490bf3028a61bbb10af8109deb1ca2474a512faae61d08a0b2b553164d,0,0,a7d9b5104f6fdb7ca780470a151026fdace566a5afb8abd302b9ab3bb7fc2251,saved_rule_based,1.77
section_00_source_train_normal_000504,train,source,normal,C,20260909T131430Z-25f6c6cf594720724d1909bb,20260909T131430Z-25f6c6cf594720724d1909bb-dg-4470d4bd5dad-000039,1,none,none,slow,normal-slow-1,rear,normal,clipped/audio_event_clean/normal/20260909T131430Z-25f6c6cf594720724d1909bb-dg-4470d4bd5dad-000039_ch1.wav,3DPrinter/train/section_00_source_train_normal_000504.wav,a30aaeb5d68910b664ea442e4344171cc42b875def5437f7d405bb8cd6ad18bd,960044,8300748000,8301228000,54fc6f490bf3028a61bbb10af8109deb1ca2474a512faae61d08a0b2b553164d,0,0,a7d9b5104f6fdb7ca780470a151026fdace566a5afb8abd302b9ab3bb7fc2251,saved_rule_based,1.77
section_00_source_train_normal_000505,train,source,normal,C,20260909T131430Z-25f6c6cf594720724d1909bb,20260909T131430Z-25f6c6cf594720724d1909bb-dg-4470d4bd5dad-000040,1,none,none,slow,normal-slow-1,rear,normal,clipped/audio_event_clean/normal/20260909T131430Z-25f6c6cf594720724d1909bb-dg-4470d4bd5dad-000040_ch1.wav,3DPrinter/train/section_00_source_train_normal_000505.wav,ad5a7bc18af4a61b204ec39078fef3b29ce12dcc5aa064505867b080e6fd5b63,960044,8301228000,8301708000,54fc6f490bf3028a61bbb10af8109deb1ca2474a512faae61d08a0b2b553164d,0,0,a7d9b5104f6fdb7ca780470a151026fdace566a5afb8abd302b9ab3bb7fc2251,saved_rule_based,1.77
section_00_source_train_normal_000506,train,source,normal,C,20260909T131430Z-25f6c6cf594720724d1909bb,20260909T131430Z-25f6c6cf594720724d1909bb-dg-4470d4bd5dad-000042,1,none,none,slow,normal-slow-1,rear,normal,clipped/audio_event_clean/normal/20260909T131430Z-25f6c6cf594720724d1909bb-dg-4470d4bd5dad-000042_ch1.wav,3DPrinter/train/section_00_source_train_normal_000506.wav,12bedabfe2b4829169ec1b0321a2128f69261ab1b93b9b071572b4d636ace24e,960044,8302188000,8302668000,54fc6f490bf3028a61bbb10af8109deb1ca2474a512faae61d08a0b2b553164d,0,0,a7d9b5104f6fdb7ca780470a151026fdace566a5afb8abd302b9ab3bb7fc2251,saved_rule_based,1.77
section_00_source_train_normal_000507,train,source,normal,C,20260909T131430Z-25f6c6cf594720724d1909bb,20260909T131430Z-25f6c6cf594720724d1909bb-dg-4470d4bd5dad-000048,1,none,none,slow,normal-slow-1,rear,normal,clipped/audio_event_clean/normal/20260909T131430Z-25f6c6cf594720724d1909bb-dg-4470d4bd5dad-000048_ch1.wav,3DPrinter/train/section_00_source_train_normal_000507.wav,b67cb69a8e3ef67d4f636d9c515825173e4365a70c5021bff019932e17585bb6,960044,8305068000,8305548000,54fc6f490bf3028a61bbb10af8109deb1ca2474a512faae61d08a0b2b553164d,0,0,a7d9b5104f6fdb7ca780470a151026fdace566a5afb8abd302b9ab3bb7fc2251,saved_rule_based,1.77
section_00_source_train_normal_000508,train,source,normal,C,20260909T131430Z-25f6c6cf594720724d1909bb,20260909T131430Z-25f6c6cf594720724d1909bb-dg-4470d4bd5dad-000052,1,none,none,slow,normal-slow-1,rear,normal,clipped/audio_event_clean/normal/20260909T131430Z-25f6c6cf594720724d1909bb-dg-4470d4bd5dad-000052_ch1.wav,3DPrinter/train/section_00_source_train_normal_000508.wav,023d9253955b43003b5768cdac4dfb1815865c871af1db9ea314cdfacd33ebbf,960044,8306988000,8307468000,54fc6f490bf3028a61bbb10af8109deb1ca2474a512faae61d08a0b2b553164d,0,0,a7d9b5104f6fdb7ca780470a151026fdace566a5afb8abd302b9ab3bb7fc2251,saved_rule_based,1.77
section_00_source_train_normal_000509,train,source,normal,C,20260909T131430Z-25f6c6cf594720724d1909bb,20260909T131430Z-25f6c6cf594720724d1909bb-dg-4470d4bd5dad-000053,1,none,none,slow,normal-slow-1,rear,normal,clipped/audio_event_clean/normal/20260909T131430Z-25f6c6cf594720724d1909bb-dg-4470d4bd5dad-000053_ch1.wav,3DPrinter/train/section_00_source_train_normal_000509.wav,ca01be732c65df4056d1c5abf35799498f03ad64b1542ae87778c2129b26d9f6,960044,8307468000,8307948000,54fc6f490bf3028a61bbb10af8109deb1ca2474a512faae61d08a0b2b553164d,0,0,a7d9b5104f6fdb7ca780470a151026fdace566a5afb8abd302b9ab3bb7fc2251,saved_rule_based,1.77
section_00_source_train_normal_000510,train,source,normal,C,20260909T131430Z-25f6c6cf594720724d1909bb,20260909T131430Z-25f6c6cf594720724d1909bb-dg-4470d4bd5dad-000055,1,none,none,slow,normal-slow-1,rear,normal,clipped/audio_event_clean/normal/20260909T131430Z-25f6c6cf594720724d1909bb-dg-4470d4bd5dad-000055_ch1.wav,3DPrinter/train/section_00_source_train_normal_000510.wav,3c38cdb9ecfdd8c20f2024977fa49ddbd9a7f394de3273eec638d3a5e528f005,960044,8308428000,8308908000,54fc6f490bf3028a61bbb10af8109deb1ca2474a512faae61d08a0b2b553164d,0,0,a7d9b5104f6fdb7ca780470a151026fdace566a5afb8abd302b9ab3bb7fc2251,saved_rule_based,1.77
section_00_source_train_normal_000511,train,source,normal,C,20260909T131430Z-25f6c6cf594720724d1909bb,20260909T131430Z-25f6c6cf594720724d1909bb-dg-4470d4bd5dad-000057,1,none,none,slow,normal-slow-1,rear,normal,clipped/audio_event_clean/normal/20260909T131430Z-25f6c6cf594720724d1909bb-dg-4470d4bd5dad-000057_ch1.wav,3DPrinter/train/section_00_source_train_normal_000511.wav,fea1a460c94eb3b3a9f2183d9fea0cb151a575f07959cbabc6e81e2a25ba6380,960044,8309388000,8309868000,54fc6f490bf3028a61bbb10af8109deb1ca2474a512faae61d08a0b2b553164d,0,0,a7d9b5104f6fdb7ca780470a151026fdace566a5afb8abd302b9ab3bb7fc2251,saved_rule_based,1.77
section_00_source_train_normal_000512,train,source,normal,C,20260909T131430Z-25f6c6cf594720724d1909bb,20260909T131430Z-25f6c6cf594720724d1909bb-dg-4470d4bd5dad-000059,1,none,none,slow,normal-slow-1,rear,normal,clipped/audio_event_clean/normal/20260909T131430Z-25f6c6cf594720724d1909bb-dg-4470d4bd5dad-000059_ch1.wav,3DPrinter/train/section_00_source_train_normal_000512.wav,eabdbbe290c25a2a0518a2aaf455319ce7e03747ec46b06bf2105179502b8689,960044,8310348000,8310828000,54fc6f490bf3028a61bbb10af8109deb1ca2474a512faae61d08a0b2b553164d,0,0,a7d9b5104f6fdb7ca780470a151026fdace566a5afb8abd302b9ab3bb7fc2251,saved_rule_based,1.77
section_00_source_train_normal_000513,train,source,normal,C,20260909T131430Z-25f6c6cf594720724d1909bb,20260909T131430Z-25f6c6cf594720724d1909bb-dg-4470d4bd5dad-000060,1,none,none,slow,normal-slow-1,rear,normal,clipped/audio_event_clean/normal/20260909T131430Z-25f6c6cf594720724d1909bb-dg-4470d4bd5dad-000060_ch1.wav,3DPrinter/train/section_00_source_train_normal_000513.wav,815115e362f6801956c8de7283fdd16086d796669f045b0010afe67e98b67753,960044,8310828000,8311308000,54fc6f490bf3028a61bbb10af8109deb1ca2474a512faae61d08a0b2b553164d,0,0,a7d9b5104f6fdb7ca780470a151026fdace566a5afb8abd302b9ab3bb7fc2251,saved_rule_based,1.77
section_00_source_train_normal_000514,train,source,normal,C,20260909T131430Z-25f6c6cf594720724d1909bb,20260909T131430Z-25f6c6cf594720724d1909bb-dg-4470d4bd5dad-000062,1,none,none,slow,normal-slow-1,rear,normal,clipped/audio_event_clean/normal/20260909T131430Z-25f6c6cf594720724d1909bb-dg-4470d4bd5dad-000062_ch1.wav,3DPrinter/train/section_00_source_train_normal_000514.wav,d89fcd0d23b003467ebf84bd50a82d9e2d7a9777edc1ff6cec9ddf9ae080e2c3,960044,8311788000,8312268000,54fc6f490bf3028a61bbb10af8109deb1ca2474a512faae61d08a0b2b553164d,0,0,a7d9b5104f6fdb7ca780470a151026fdace566a5afb8abd302b9ab3bb7fc2251,saved_rule_based,1.77
section_00_source_train_normal_000515,train,source,normal,C,20260909T131430Z-25f6c6cf594720724d1909bb,20260909T131430Z-25f6c6cf594720724d1909bb-dg-4470d4bd5dad-000065,1,none,none,slow,normal-slow-1,rear,normal,clipped/audio_event_clean/normal/20260909T131430Z-25f6c6cf594720724d1909bb-dg-4470d4bd5dad-000065_ch1.wav,3DPrinter/train/section_00_source_train_normal_000515.wav,9d1944b5e4d43055cf2c3115b29c981ab28acac7fc22b88f5250ec234d88d0cc,960044,8313228000,8313708000,54fc6f490bf3028a61bbb10af8109deb1ca2474a512faae61d08a0b2b553164d,0,0,a7d9b5104f6fdb7ca780470a151026fdace566a5afb8abd302b9ab3bb7fc2251,saved_rule_based,1.77
section_00_source_train_normal_000516,train,source,normal,C,20260909T131430Z-25f6c6cf594720724d1909bb,20260909T131430Z-25f6c6cf594720724d1909bb-dg-4470d4bd5dad-000066,1,none,none,slow,normal-slow-1,rear,normal,clipped/audio_event_clean/normal/20260909T131430Z-25f6c6cf594720724d1909bb-dg-4470d4bd5dad-000066_ch1.wav,3DPrinter/train/section_00_source_train_normal_000516.wav,4812b1f0f5a5b7ccce4f08ed28f4178dad8de3855aaeb6af50e5b6a0e98fc06b,960044,8313708000,8314188000,54fc6f490bf3028a61bbb10af8109deb1ca2474a512faae61d08a0b2b553164d,0,0,a7d9b5104f6fdb7ca780470a151026fdace566a5afb8abd302b9ab3bb7fc2251,saved_rule_based,1.77
section_00_source_train_normal_000517,train,source,normal,C,20260909T131430Z-25f6c6cf594720724d1909bb,20260909T131430Z-25f6c6cf594720724d1909bb-dg-4470d4bd5dad-000068,1,none,none,slow,normal-slow-1,rear,normal,clipped/audio_event_clean/normal/20260909T131430Z-25f6c6cf594720724d1909bb-dg-4470d4bd5dad-000068_ch1.wav,3DPrinter/train/section_00_source_train_normal_000517.wav,4c773e511b53f449394f7a6b0fd1d034939f878d6d6b1b603db9ec084737f328,960044,8314668000,8315148000,54fc6f490bf3028a61bbb10af8109deb1ca2474a512faae61d08a0b2b553164d,0,0,a7d9b5104f6fdb7ca780470a151026fdace566a5afb8abd302b9ab3bb7fc2251,saved_rule_based,1.77
section_00_source_train_normal_000518,train,source,normal,C,20260909T131430Z-25f6c6cf594720724d1909bb,20260909T131430Z-25f6c6cf594720724d1909bb-dg-4470d4bd5dad-000075,1,none,none,slow,normal-slow-1,rear,normal,clipped/audio_event_clean/normal/20260909T131430Z-25f6c6cf594720724d1909bb-dg-4470d4bd5dad-000075_ch1.wav,3DPrinter/train/section_00_source_train_normal_000518.wav,03f3b15c83c1f371f2c504319a27c031f26f068756c23cf80d468a7fdb49620b,960044,8318028000,8318508000,54fc6f490bf3028a61bbb10af8109deb1ca2474a512faae61d08a0b2b553164d,0,0,a7d9b5104f6fdb7ca780470a151026fdace566a5afb8abd302b9ab3bb7fc2251,saved_rule_based,1.77
section_00_source_train_normal_000519,train,source,normal,C,20260909T131430Z-25f6c6cf594720724d1909bb,20260909T131430Z-25f6c6cf594720724d1909bb-dg-4470d4bd5dad-000077,1,none,none,slow,normal-slow-1,rear,normal,clipped/audio_event_clean/normal/20260909T131430Z-25f6c6cf594720724d1909bb-dg-4470d4bd5dad-000077_ch1.wav,3DPrinter/train/section_00_source_train_normal_000519.wav,7da2a71e7d84a6540c5e9b8b5c82d7e0fa9608db76a5ea2ee998835658e26935,960044,8318988000,8319468000,54fc6f490bf3028a61bbb10af8109deb1ca2474a512faae61d08a0b2b553164d,0,0,a7d9b5104f6fdb7ca780470a151026fdace566a5afb8abd302b9ab3bb7fc2251,saved_rule_based,1.77
section_00_source_train_normal_000520,train,source,normal,C,20260909T131430Z-25f6c6cf594720724d1909bb,20260909T131430Z-25f6c6cf594720724d1909bb-dg-4470d4bd5dad-000078,1,none,none,slow,normal-slow-1,rear,normal,clipped/audio_event_clean/normal/20260909T131430Z-25f6c6cf594720724d1909bb-dg-4470d4bd5dad-000078_ch1.wav,3DPrinter/train/section_00_source_train_normal_000520.wav,bcd28374efade0cb1700db3abbd2790dd49d64f8de6ef06271eb05c6b0f77e1c,960044,8319468000,8319948000,54fc6f490bf3028a61bbb10af8109deb1ca2474a512faae61d08a0b2b553164d,0,0,a7d9b5104f6fdb7ca780470a151026fdace566a5afb8abd302b9ab3bb7fc2251,saved_rule_based,1.77
section_00_source_train_normal_000521,train,source,normal,C,20260909T131430Z-25f6c6cf594720724d1909bb,20260909T131430Z-25f6c6cf594720724d1909bb-dg-4470d4bd5dad-000081,1,none,none,slow,normal-slow-1,rear,normal,clipped/audio_event_clean/normal/20260909T131430Z-25f6c6cf594720724d1909bb-dg-4470d4bd5dad-000081_ch1.wav,3DPrinter/train/section_00_source_train_normal_000521.wav,7dec1827f66cb6e614f89cbaf6bec534bee8652844918e989afd5a4e0af17380,960044,8320908000,8321388000,54fc6f490bf3028a61bbb10af8109deb1ca2474a512faae61d08a0b2b553164d,0,0,a7d9b5104f6fdb7ca780470a151026fdace566a5afb8abd302b9ab3bb7fc2251,saved_rule_based,1.77
section_00_source_train_normal_000522,train,source,normal,C,20260909T131430Z-25f6c6cf594720724d1909bb,20260909T131430Z-25f6c6cf594720724d1909bb-dg-4470d4bd5dad-000082,1,none,none,slow,normal-slow-1,rear,normal,clipped/audio_event_clean/normal/20260909T131430Z-25f6c6cf594720724d1909bb-dg-4470d4bd5dad-000082_ch1.wav,3DPrinter/train/section_00_source_train_normal_000522.wav,d10ae5ea52cff38874c8ce2c7c03da0f56a958af64146ff618a94201540413a9,960044,8321388000,8321868000,54fc6f490bf3028a61bbb10af8109deb1ca2474a512faae61d08a0b2b553164d,0,0,a7d9b5104f6fdb7ca780470a151026fdace566a5afb8abd302b9ab3bb7fc2251,saved_rule_based,1.77
section_00_source_train_normal_000523,train,source,normal,C,20260909T131430Z-25f6c6cf594720724d1909bb,20260909T131430Z-25f6c6cf594720724d1909bb-dg-4470d4bd5dad-000086,1,none,none,slow,normal-slow-1,rear,normal,clipped/audio_event_clean/normal/20260909T131430Z-25f6c6cf594720724d1909bb-dg-4470d4bd5dad-000086_ch1.wav,3DPrinter/train/section_00_source_train_normal_000523.wav,77bf4487359fe22c3e40d91101fdb6440541bab8b0a8da094cc795ea3b461c68,960044,8323308000,8323788000,54fc6f490bf3028a61bbb10af8109deb1ca2474a512faae61d08a0b2b553164d,0,0,a7d9b5104f6fdb7ca780470a151026fdace566a5afb8abd302b9ab3bb7fc2251,saved_rule_based,1.77
section_00_source_train_normal_000524,train,source,normal,C,20260909T131430Z-25f6c6cf594720724d1909bb,20260909T131430Z-25f6c6cf594720724d1909bb-dg-4470d4bd5dad-000087,1,none,none,slow,normal-slow-1,rear,normal,clipped/audio_event_clean/normal/20260909T131430Z-25f6c6cf594720724d1909bb-dg-4470d4bd5dad-000087_ch1.wav,3DPrinter/train/section_00_source_train_normal_000524.wav,64370cef61be3b53248488602ab1bdcbc46b4f476f806add40f78d517e819246,960044,8323788000,8324268000,54fc6f490bf3028a61bbb10af8109deb1ca2474a512faae61d08a0b2b553164d,0,0,a7d9b5104f6fdb7ca780470a151026fdace566a5afb8abd302b9ab3bb7fc2251,saved_rule_based,1.77
section_00_source_train_normal_000525,train,source,normal,C,20260909T131430Z-25f6c6cf594720724d1909bb,20260909T131430Z-25f6c6cf594720724d1909bb-dg-4470d4bd5dad-000091,1,none,none,slow,normal-slow-1,rear,normal,clipped/audio_event_clean/normal/20260909T131430Z-25f6c6cf594720724d1909bb-dg-4470d4bd5dad-000091_ch1.wav,3DPrinter/train/section_00_source_train_normal_000525.wav,157ac25a148d81063735e3788304c9c58b03004209cc77fe47967c9146d24df4,960044,8325708000,8326188000,54fc6f490bf3028a61bbb10af8109deb1ca2474a512faae61d08a0b2b553164d,0,0,a7d9b5104f6fdb7ca780470a151026fdace566a5afb8abd302b9ab3bb7fc2251,saved_rule_based,1.77
section_00_source_train_normal_000526,train,source,normal,C,20260909T131430Z-25f6c6cf594720724d1909bb,20260909T131430Z-25f6c6cf594720724d1909bb-dg-4470d4bd5dad-000092,1,none,none,slow,normal-slow-1,rear,normal,clipped/audio_event_clean/normal/20260909T131430Z-25f6c6cf594720724d1909bb-dg-4470d4bd5dad-000092_ch1.wav,3DPrinter/train/section_00_source_train_normal_000526.wav,379a574829bab1a0b4bf65204728502fdb21e7ddee76a5dc061d80fd9d72b972,960044,8326188000,8326668000,54fc6f490bf3028a61bbb10af8109deb1ca2474a512faae61d08a0b2b553164d,0,0,a7d9b5104f6fdb7ca780470a151026fdace566a5afb8abd302b9ab3bb7fc2251,saved_rule_based,1.77
section_00_source_train_normal_000527,train,source,normal,C,20260909T131430Z-25f6c6cf594720724d1909bb,20260909T131430Z-25f6c6cf594720724d1909bb-dg-4470d4bd5dad-000093,1,none,none,slow,normal-slow-1,rear,normal,clipped/audio_event_clean/normal/20260909T131430Z-25f6c6cf594720724d1909bb-dg-4470d4bd5dad-000093_ch1.wav,3DPrinter/train/section_00_source_train_normal_000527.wav,99194e9a878c48a1cf06241643c1bed265b339b238395309b30e6f02b41b96ea,960044,8326668000,8327148000,54fc6f490bf3028a61bbb10af8109deb1ca2474a512faae61d08a0b2b553164d,0,0,a7d9b5104f6fdb7ca780470a151026fdace566a5afb8abd302b9ab3bb7fc2251,saved_rule_based,1.77
section_00_source_train_normal_000528,train,source,normal,C,20260909T131430Z-25f6c6cf594720724d1909bb,20260909T131430Z-25f6c6cf594720724d1909bb-dg-4470d4bd5dad-000095,1,none,none,slow,normal-slow-1,rear,normal,clipped/audio_event_clean/normal/20260909T131430Z-25f6c6cf594720724d1909bb-dg-4470d4bd5dad-000095_ch1.wav,3DPrinter/train/section_00_source_train_normal_000528.wav,436c159466a86348f1b04670c9fd41ce57ffe1c76cd1d649165e0e35ecd19bb0,960044,8327628000,8328108000,54fc6f490bf3028a61bbb10af8109deb1ca2474a512faae61d08a0b2b553164d,0,0,a7d9b5104f6fdb7ca780470a151026fdace566a5afb8abd302b9ab3bb7fc2251,saved_rule_based,1.77
section_00_source_train_normal_000529,train,source,normal,C,20260909T131430Z-25f6c6cf594720724d1909bb,20260909T131430Z-25f6c6cf594720724d1909bb-dg-4470d4bd5dad-000099,1,none,none,slow,normal-slow-1,rear,normal,clipped/audio_event_clean/normal/20260909T131430Z-25f6c6cf594720724d1909bb-dg-4470d4bd5dad-000099_ch1.wav,3DPrinter/train/section_00_source_train_normal_000529.wav,61eb258d65e65e704a4d8e7182a614468067d192aa76d297fc5a38f01402efbf,960044,8329548000,8330028000,54fc6f490bf3028a61bbb10af8109deb1ca2474a512faae61d08a0b2b553164d,0,0,a7d9b5104f6fdb7ca780470a151026fdace566a5afb8abd302b9ab3bb7fc2251,saved_rule_based,1.77
section_00_source_train_normal_000530,train,source,normal,C,20260909T131430Z-25f6c6cf594720724d1909bb,20260909T131430Z-25f6c6cf594720724d1909bb-dg-4470d4bd5dad-000100,1,none,none,slow,normal-slow-1,rear,normal,clipped/audio_event_clean/normal/20260909T131430Z-25f6c6cf594720724d1909bb-dg-4470d4bd5dad-000100_ch1.wav,3DPrinter/train/section_00_source_train_normal_000530.wav,9b7482d31efaa5801489d0fc6ff8ba1d2d231bff6d1a55f96dc80f69fa7c7fbe,960044,8330028000,8330508000,54fc6f490bf3028a61bbb10af8109deb1ca2474a512faae61d08a0b2b553164d,0,0,a7d9b5104f6fdb7ca780470a151026fdace566a5afb8abd302b9ab3bb7fc2251,saved_rule_based,1.77
section_00_source_train_normal_000531,train,source,normal,C,20260909T131430Z-25f6c6cf594720724d1909bb,20260909T131430Z-25f6c6cf594720724d1909bb-dg-4470d4bd5dad-000105,1,none,none,slow,normal-slow-1,rear,normal,clipped/audio_event_clean/normal/20260909T131430Z-25f6c6cf594720724d1909bb-dg-4470d4bd5dad-000105_ch1.wav,3DPrinter/train/section_00_source_train_normal_000531.wav,14812204cfaaddaf5e3cfa411f300890104b829feb554e71d7c8261a66307df4,960044,8332428000,8332908000,54fc6f490bf3028a61bbb10af8109deb1ca2474a512faae61d08a0b2b553164d,0,0,a7d9b5104f6fdb7ca780470a151026fdace566a5afb8abd302b9ab3bb7fc2251,saved_rule_based,1.77
section_00_source_train_normal_000532,train,source,normal,C,20260909T131430Z-25f6c6cf594720724d1909bb,20260909T131430Z-25f6c6cf594720724d1909bb-dg-4470d4bd5dad-000107,1,none,none,slow,normal-slow-1,rear,normal,clipped/audio_event_clean/normal/20260909T131430Z-25f6c6cf594720724d1909bb-dg-4470d4bd5dad-000107_ch1.wav,3DPrinter/train/section_00_source_train_normal_000532.wav,94c5fbeebe6acdf03af8e2561f7cc00e23de4e0900da3ad2b1332b4df48dbbd2,960044,8333388000,8333868000,54fc6f490bf3028a61bbb10af8109deb1ca2474a512faae61d08a0b2b553164d,0,0,a7d9b5104f6fdb7ca780470a151026fdace566a5afb8abd302b9ab3bb7fc2251,saved_rule_based,1.77
section_00_source_train_normal_000533,train,source,normal,C,20260909T131430Z-25f6c6cf594720724d1909bb,20260909T131430Z-25f6c6cf594720724d1909bb-dg-4470d4bd5dad-000108,1,none,none,slow,normal-slow-1,rear,normal,clipped/audio_event_clean/normal/20260909T131430Z-25f6c6cf594720724d1909bb-dg-4470d4bd5dad-000108_ch1.wav,3DPrinter/train/section_00_source_train_normal_000533.wav,892e39d2b012e06e068041aefc030ad95d9d13978ef731ebc1064125240418a5,960044,8333868000,8334348000,54fc6f490bf3028a61bbb10af8109deb1ca2474a512faae61d08a0b2b553164d,0,0,a7d9b5104f6fdb7ca780470a151026fdace566a5afb8abd302b9ab3bb7fc2251,saved_rule_based,1.77
section_00_source_train_normal_000534,train,source,normal,C,20260909T131430Z-25f6c6cf594720724d1909bb,20260909T131430Z-25f6c6cf594720724d1909bb-dg-4470d4bd5dad-000110,1,none,none,slow,normal-slow-1,rear,normal,clipped/audio_event_clean/normal/20260909T131430Z-25f6c6cf594720724d1909bb-dg-4470d4bd5dad-000110_ch1.wav,3DPrinter/train/section_00_source_train_normal_000534.wav,80b4c7b2292daab80d4c27865fcb387123b9a8fb7e42863939e7ad2d6ac53f73,960044,8334828000,8335308000,54fc6f490bf3028a61bbb10af8109deb1ca2474a512faae61d08a0b2b553164d,0,0,a7d9b5104f6fdb7ca780470a151026fdace566a5afb8abd302b9ab3bb7fc2251,saved_rule_based,1.77
section_00_source_train_normal_000535,train,source,normal,C,20260909T131430Z-25f6c6cf594720724d1909bb,20260909T131430Z-25f6c6cf594720724d1909bb-dg-4470d4bd5dad-000111,1,none,none,slow,normal-slow-1,rear,normal,clipped/audio_event_clean/normal/20260909T131430Z-25f6c6cf594720724d1909bb-dg-4470d4bd5dad-000111_ch1.wav,3DPrinter/train/section_00_source_train_normal_000535.wav,5394732a863bad567df80880a3c812d4b0aba756c0f70841a5d92e9e071672c2,960044,8335308000,8335788000,54fc6f490bf3028a61bbb10af8109deb1ca2474a512faae61d08a0b2b553164d,0,0,a7d9b5104f6fdb7ca780470a151026fdace566a5afb8abd302b9ab3bb7fc2251,saved_rule_based,1.77
section_00_source_train_normal_000536,train,source,normal,C,20260909T131430Z-25f6c6cf594720724d1909bb,20260909T131430Z-25f6c6cf594720724d1909bb-dg-4470d4bd5dad-000112,1,none,none,slow,normal-slow-1,rear,normal,clipped/audio_event_clean/normal/20260909T131430Z-25f6c6cf594720724d1909bb-dg-4470d4bd5dad-000112_ch1.wav,3DPrinter/train/section_00_source_train_normal_000536.wav,6a794b8f6907b1fab096a7d7992e8c8d576996538bca39c9c1466f3ea95c5352,960044,8335788000,8336268000,54fc6f490bf3028a61bbb10af8109deb1ca2474a512faae61d08a0b2b553164d,0,0,a7d9b5104f6fdb7ca780470a151026fdace566a5afb8abd302b9ab3bb7fc2251,saved_rule_based,1.77
section_00_source_train_normal_000537,train,source,normal,C,20260909T131430Z-25f6c6cf594720724d1909bb,20260909T131430Z-25f6c6cf594720724d1909bb-dg-4470d4bd5dad-000113,1,none,none,slow,normal-slow-1,rear,normal,clipped/audio_event_clean/normal/20260909T131430Z-25f6c6cf594720724d1909bb-dg-4470d4bd5dad-000113_ch1.wav,3DPrinter/train/section_00_source_train_normal_000537.wav,643b2c60cd5827ab6f23cee37ca154c6a4d518c086062e4d10fce098b9238c25,960044,8336268000,8336748000,54fc6f490bf3028a61bbb10af8109deb1ca2474a512faae61d08a0b2b553164d,0,0,a7d9b5104f6fdb7ca780470a151026fdace566a5afb8abd302b9ab3bb7fc2251,saved_rule_based,1.77
section_00_source_train_normal_000538,train,source,normal,C,20260909T131430Z-25f6c6cf594720724d1909bb,20260909T131430Z-25f6c6cf594720724d1909bb-dg-4470d4bd5dad-000114,1,none,none,slow,normal-slow-1,rear,normal,clipped/audio_event_clean/normal/20260909T131430Z-25f6c6cf594720724d1909bb-dg-4470d4bd5dad-000114_ch1.wav,3DPrinter/train/section_00_source_train_normal_000538.wav,fdf4ab54857757ca649d54c4c82d52521b73a77457a18f9264417dbdbe49544e,960044,8336748000,8337228000,54fc6f490bf3028a61bbb10af8109deb1ca2474a512faae61d08a0b2b553164d,0,0,a7d9b5104f6fdb7ca780470a151026fdace566a5afb8abd302b9ab3bb7fc2251,saved_rule_based,1.77
section_00_source_train_normal_000539,train,source,normal,C,20260909T131430Z-25f6c6cf594720724d1909bb,20260909T131430Z-25f6c6cf594720724d1909bb-dg-4470d4bd5dad-000119,1,none,none,slow,normal-slow-1,rear,normal,clipped/audio_event_clean/normal/20260909T131430Z-25f6c6cf594720724d1909bb-dg-4470d4bd5dad-000119_ch1.wav,3DPrinter/train/section_00_source_train_normal_000539.wav,86f615cbba7091fa221c891af2cd5514d0e5efc17d4741a103b3fe8c93333951,960044,8339148000,8339628000,54fc6f490bf3028a61bbb10af8109deb1ca2474a512faae61d08a0b2b553164d,0,0,a7d9b5104f6fdb7ca780470a151026fdace566a5afb8abd302b9ab3bb7fc2251,saved_rule_based,1.77
section_00_source_train_normal_000540,train,source,normal,C,20260909T131430Z-25f6c6cf594720724d1909bb,20260909T131430Z-25f6c6cf594720724d1909bb-dg-4470d4bd5dad-000120,1,none,none,slow,normal-slow-1,rear,normal,clipped/audio_event_clean/normal/20260909T131430Z-25f6c6cf594720724d1909bb-dg-4470d4bd5dad-000120_ch1.wav,3DPrinter/train/section_00_source_train_normal_000540.wav,d2e3b8dfdf76dca0093309ae0e68e112c070303ee2fb223b158a81132ae4cb29,960044,8339628000,8340108000,54fc6f490bf3028a61bbb10af8109deb1ca2474a512faae61d08a0b2b553164d,0,0,a7d9b5104f6fdb7ca780470a151026fdace566a5afb8abd302b9ab3bb7fc2251,saved_rule_based,1.77
section_00_source_train_normal_000541,train,source,normal,C,20260909T131430Z-25f6c6cf594720724d1909bb,20260909T131430Z-25f6c6cf594720724d1909bb-dg-4470d4bd5dad-000122,1,none,none,slow,normal-slow-1,rear,normal,clipped/audio_event_clean/normal/20260909T131430Z-25f6c6cf594720724d1909bb-dg-4470d4bd5dad-000122_ch1.wav,3DPrinter/train/section_00_source_train_normal_000541.wav,97264ed3a7e31cf012836bcfe7ef9f2333699756105ddd06cec3d827ac9bb1c7,960044,8340588000,8341068000,54fc6f490bf3028a61bbb10af8109deb1ca2474a512faae61d08a0b2b553164d,0,0,a7d9b5104f6fdb7ca780470a151026fdace566a5afb8abd302b9ab3bb7fc2251,saved_rule_based,1.77
section_00_source_train_normal_000542,train,source,normal,C,20260909T131430Z-25f6c6cf594720724d1909bb,20260909T131430Z-25f6c6cf594720724d1909bb-dg-4470d4bd5dad-000124,1,none,none,slow,normal-slow-1,rear,normal,clipped/audio_event_clean/normal/20260909T131430Z-25f6c6cf594720724d1909bb-dg-4470d4bd5dad-000124_ch1.wav,3DPrinter/train/section_00_source_train_normal_000542.wav,7b28d2aba82a474eb9c6ef64e3db569a98a8d3a18df76ed9e2136106ac5c124d,960044,8341548000,8342028000,54fc6f490bf3028a61bbb10af8109deb1ca2474a512faae61d08a0b2b553164d,0,0,a7d9b5104f6fdb7ca780470a151026fdace566a5afb8abd302b9ab3bb7fc2251,saved_rule_based,1.77
section_00_source_train_normal_000543,train,source,normal,C,20260909T131430Z-25f6c6cf594720724d1909bb,20260909T131430Z-25f6c6cf594720724d1909bb-dg-4470d4bd5dad-000125,1,none,none,slow,normal-slow-1,rear,normal,clipped/audio_event_clean/normal/20260909T131430Z-25f6c6cf594720724d1909bb-dg-4470d4bd5dad-000125_ch1.wav,3DPrinter/train/section_00_source_train_normal_000543.wav,01a7ce13232cef2968c79254989bdf5c35ad764371dc3e6ee9ee053f487036ea,960044,8342028000,8342508000,54fc6f490bf3028a61bbb10af8109deb1ca2474a512faae61d08a0b2b553164d,0,0,a7d9b5104f6fdb7ca780470a151026fdace566a5afb8abd302b9ab3bb7fc2251,saved_rule_based,1.77
section_00_source_train_normal_000544,train,source,normal,C,20260909T131430Z-25f6c6cf594720724d1909bb,20260909T131430Z-25f6c6cf594720724d1909bb-dg-4470d4bd5dad-000126,1,none,none,slow,normal-slow-1,rear,normal,clipped/audio_event_clean/normal/20260909T131430Z-25f6c6cf594720724d1909bb-dg-4470d4bd5dad-000126_ch1.wav,3DPrinter/train/section_00_source_train_normal_000544.wav,00f308f73327c89cd1b6e1388fb36f1b21621c4dce2ce82f4d151ca13a6fc95e,960044,8342508000,8342988000,54fc6f490bf3028a61bbb10af8109deb1ca2474a512faae61d08a0b2b553164d,0,0,a7d9b5104f6fdb7ca780470a151026fdace566a5afb8abd302b9ab3bb7fc2251,saved_rule_based,1.77
section_00_source_train_normal_000545,train,source,normal,C,20260909T131430Z-25f6c6cf594720724d1909bb,20260909T131430Z-25f6c6cf594720724d1909bb-dg-4470d4bd5dad-000127,1,none,none,slow,normal-slow-1,rear,normal,clipped/audio_event_clean/normal/20260909T131430Z-25f6c6cf594720724d1909bb-dg-4470d4bd5dad-000127_ch1.wav,3DPrinter/train/section_00_source_train_normal_000545.wav,e38f80ff07cf87cffc0f587fb15e49f01678fc1fcfc4ea3b2cf7e10ed91ec910,960044,8342988000,8343468000,54fc6f490bf3028a61bbb10af8109deb1ca2474a512faae61d08a0b2b553164d,0,0,a7d9b5104f6fdb7ca780470a151026fdace566a5afb8abd302b9ab3bb7fc2251,saved_rule_based,1.77
section_00_source_train_normal_000546,train,source,normal,C,20260909T131430Z-25f6c6cf594720724d1909bb,20260909T131430Z-25f6c6cf594720724d1909bb-dg-4470d4bd5dad-000128,1,none,none,slow,normal-slow-1,rear,normal,clipped/audio_event_clean/normal/20260909T131430Z-25f6c6cf594720724d1909bb-dg-4470d4bd5dad-000128_ch1.wav,3DPrinter/train/section_00_source_train_normal_000546.wav,33a7918bd8b3b2e76ebe464484a5521a748642275bf937bab64d4a5792e067dd,960044,8343468000,8343948000,54fc6f490bf3028a61bbb10af8109deb1ca2474a512faae61d08a0b2b553164d,0,0,a7d9b5104f6fdb7ca780470a151026fdace566a5afb8abd302b9ab3bb7fc2251,saved_rule_based,1.77
section_00_source_train_normal_000547,train,source,normal,C,20260909T131430Z-25f6c6cf594720724d1909bb,20260909T131430Z-25f6c6cf594720724d1909bb-dg-4470d4bd5dad-000129,1,none,none,slow,normal-slow-1,rear,normal,clipped/audio_event_clean/normal/20260909T131430Z-25f6c6cf594720724d1909bb-dg-4470d4bd5dad-000129_ch1.wav,3DPrinter/train/section_00_source_train_normal_000547.wav,cb213276139a619df9a3437422412202a8edd3f17d93d629b0bf08bdbbb43ffe,960044,8343948000,8344428000,54fc6f490bf3028a61bbb10af8109deb1ca2474a512faae61d08a0b2b553164d,0,0,a7d9b5104f6fdb7ca780470a151026fdace566a5afb8abd302b9ab3bb7fc2251,saved_rule_based,1.77
section_00_source_train_normal_000548,train,source,normal,C,20260909T131430Z-25f6c6cf594720724d1909bb,20260909T131430Z-25f6c6cf594720724d1909bb-dg-4470d4bd5dad-000133,1,none,none,slow,normal-slow-1,rear,normal,clipped/audio_event_clean/normal/20260909T131430Z-25f6c6cf594720724d1909bb-dg-4470d4bd5dad-000133_ch1.wav,3DPrinter/train/section_00_source_train_normal_000548.wav,b049b6cd51b4420bed08f5cb953403b287eaf84d5f6b0d27c5449bb5552c1dec,960044,8345868000,8346348000,54fc6f490bf3028a61bbb10af8109deb1ca2474a512faae61d08a0b2b553164d,0,0,a7d9b5104f6fdb7ca780470a151026fdace566a5afb8abd302b9ab3bb7fc2251,saved_rule_based,1.77
section_00_source_train_normal_000549,train,source,normal,C,20260909T131430Z-25f6c6cf594720724d1909bb,20260909T131430Z-25f6c6cf594720724d1909bb-dg-4470d4bd5dad-000137,1,none,none,slow,normal-slow-1,rear,normal,clipped/audio_event_clean/normal/20260909T131430Z-25f6c6cf594720724d1909bb-dg-4470d4bd5dad-000137_ch1.wav,3DPrinter/train/section_00_source_train_normal_000549.wav,47693aebced41718495dbc2601729467d4ce42bdf9d3387ba2529d7ad9ed9503,960044,8347788000,8348268000,54fc6f490bf3028a61bbb10af8109deb1ca2474a512faae61d08a0b2b553164d,0,0,a7d9b5104f6fdb7ca780470a151026fdace566a5afb8abd302b9ab3bb7fc2251,saved_rule_based,1.77
section_00_source_train_normal_000550,train,source,normal,C,20260909T131430Z-25f6c6cf594720724d1909bb,20260909T131430Z-25f6c6cf594720724d1909bb-dg-4470d4bd5dad-000139,1,none,none,slow,normal-slow-1,rear,normal,clipped/audio_event_clean/normal/20260909T131430Z-25f6c6cf594720724d1909bb-dg-4470d4bd5dad-000139_ch1.wav,3DPrinter/train/section_00_source_train_normal_000550.wav,13d6a17c81d27219813567ee8ab3aa50b20ec6d431e322537d3fa182e13b18ca,960044,8348748000,8349228000,54fc6f490bf3028a61bbb10af8109deb1ca2474a512faae61d08a0b2b553164d,0,0,a7d9b5104f6fdb7ca780470a151026fdace566a5afb8abd302b9ab3bb7fc2251,saved_rule_based,1.77
section_00_source_train_normal_000551,train,source,normal,C,20260909T131430Z-25f6c6cf594720724d1909bb,20260909T131430Z-25f6c6cf594720724d1909bb-dg-4470d4bd5dad-000140,1,none,none,slow,normal-slow-1,rear,normal,clipped/audio_event_clean/normal/20260909T131430Z-25f6c6cf594720724d1909bb-dg-4470d4bd5dad-000140_ch1.wav,3DPrinter/train/section_00_source_train_normal_000551.wav,251d0c603a3c6d6eb88def33ee988e6a7811669b8ec9adac9f41990e6fd5aaca,960044,8349228000,8349708000,54fc6f490bf3028a61bbb10af8109deb1ca2474a512faae61d08a0b2b553164d,0,0,a7d9b5104f6fdb7ca780470a151026fdace566a5afb8abd302b9ab3bb7fc2251,saved_rule_based,1.77
section_00_source_train_normal_000552,train,source,normal,C,20260909T131430Z-25f6c6cf594720724d1909bb,20260909T131430Z-25f6c6cf594720724d1909bb-dg-4470d4bd5dad-000142,1,none,none,slow,normal-slow-1,rear,normal,clipped/audio_event_clean/normal/20260909T131430Z-25f6c6cf594720724d1909bb-dg-4470d4bd5dad-000142_ch1.wav,3DPrinter/train/section_00_source_train_normal_000552.wav,e21b5c2ca151e0f7d0536c355d6e0dbea5176d2e30a6846b1aab2bc3e86451b2,960044,8350188000,8350668000,54fc6f490bf3028a61bbb10af8109deb1ca2474a512faae61d08a0b2b553164d,0,0,a7d9b5104f6fdb7ca780470a151026fdace566a5afb8abd302b9ab3bb7fc2251,saved_rule_based,1.77
section_00_source_train_normal_000553,train,source,normal,C,20260909T131430Z-25f6c6cf594720724d1909bb,20260909T131430Z-25f6c6cf594720724d1909bb-dg-4470d4bd5dad-000143,1,none,none,slow,normal-slow-1,rear,normal,clipped/audio_event_clean/normal/20260909T131430Z-25f6c6cf594720724d1909bb-dg-4470d4bd5dad-000143_ch1.wav,3DPrinter/train/section_00_source_train_normal_000553.wav,9c0ad024ae2ab9fad83e1ff4079c36932d2e7d6af39c0610201ea35e57f1a456,960044,8350668000,8351148000,54fc6f490bf3028a61bbb10af8109deb1ca2474a512faae61d08a0b2b553164d,0,0,a7d9b5104f6fdb7ca780470a151026fdace566a5afb8abd302b9ab3bb7fc2251,saved_rule_based,1.77
section_00_source_train_normal_000554,train,source,normal,C,20260909T131430Z-25f6c6cf594720724d1909bb,20260909T131430Z-25f6c6cf594720724d1909bb-dg-4470d4bd5dad-000144,1,none,none,slow,normal-slow-1,rear,normal,clipped/audio_event_clean/normal/20260909T131430Z-25f6c6cf594720724d1909bb-dg-4470d4bd5dad-000144_ch1.wav,3DPrinter/train/section_00_source_train_normal_000554.wav,592afc8afe12a9d67624ec6971aabe747eb9869e69a0893f2e6851a5df55dd93,960044,8351148000,8351628000,54fc6f490bf3028a61bbb10af8109deb1ca2474a512faae61d08a0b2b553164d,0,0,a7d9b5104f6fdb7ca780470a151026fdace566a5afb8abd302b9ab3bb7fc2251,saved_rule_based,1.77
section_00_source_train_normal_000555,train,source,normal,C,20260909T131430Z-25f6c6cf594720724d1909bb,20260909T131430Z-25f6c6cf594720724d1909bb-dg-4470d4bd5dad-000146,1,none,none,slow,normal-slow-1,rear,normal,clipped/audio_event_clean/normal/20260909T131430Z-25f6c6cf594720724d1909bb-dg-4470d4bd5dad-000146_ch1.wav,3DPrinter/train/section_00_source_train_normal_000555.wav,6d99d4e137daf04c1d5b58aca652da7514361f206f41061dcb4c5d808c99ba8f,960044,8352108000,8352588000,54fc6f490bf3028a61bbb10af8109deb1ca2474a512faae61d08a0b2b553164d,0,0,a7d9b5104f6fdb7ca780470a151026fdace566a5afb8abd302b9ab3bb7fc2251,saved_rule_based,1.77
section_00_source_train_normal_000556,train,source,normal,C,20260909T131430Z-25f6c6cf594720724d1909bb,20260909T131430Z-25f6c6cf594720724d1909bb-dg-4470d4bd5dad-000150,1,none,none,slow,normal-slow-1,rear,normal,clipped/audio_event_clean/normal/20260909T131430Z-25f6c6cf594720724d1909bb-dg-4470d4bd5dad-000150_ch1.wav,3DPrinter/train/section_00_source_train_normal_000556.wav,02e1231679978e51ded9331c2a7b5256c165a2a8e4b8269042bd0bcd9cb36345,960044,8354028000,8354508000,54fc6f490bf3028a61bbb10af8109deb1ca2474a512faae61d08a0b2b553164d,0,0,a7d9b5104f6fdb7ca780470a151026fdace566a5afb8abd302b9ab3bb7fc2251,saved_rule_based,1.77
section_00_source_train_normal_000557,train,source,normal,C,20260909T131430Z-25f6c6cf594720724d1909bb,20260909T131430Z-25f6c6cf594720724d1909bb-dg-4470d4bd5dad-000151,1,none,none,slow,normal-slow-1,rear,normal,clipped/audio_event_clean/normal/20260909T131430Z-25f6c6cf594720724d1909bb-dg-4470d4bd5dad-000151_ch1.wav,3DPrinter/train/section_00_source_train_normal_000557.wav,aa1187697be1da36f4587480d1e38ba566f184577bbd0dfdcf5f35870e61f817,960044,8354508000,8354988000,54fc6f490bf3028a61bbb10af8109deb1ca2474a512faae61d08a0b2b553164d,0,0,a7d9b5104f6fdb7ca780470a151026fdace566a5afb8abd302b9ab3bb7fc2251,saved_rule_based,1.77
section_00_source_train_normal_000558,train,source,normal,C,20260909T131430Z-25f6c6cf594720724d1909bb,20260909T131430Z-25f6c6cf594720724d1909bb-dg-4470d4bd5dad-000152,1,none,none,slow,normal-slow-1,rear,normal,clipped/audio_event_clean/normal/20260909T131430Z-25f6c6cf594720724d1909bb-dg-4470d4bd5dad-000152_ch1.wav,3DPrinter/train/section_00_source_train_normal_000558.wav,db816e1dc318ebc38cd616dfc67c40dcd110183af627a7ea7daafd6719469111,960044,8354988000,8355468000,54fc6f490bf3028a61bbb10af8109deb1ca2474a512faae61d08a0b2b553164d,0,0,a7d9b5104f6fdb7ca780470a151026fdace566a5afb8abd302b9ab3bb7fc2251,saved_rule_based,1.77
section_00_source_train_normal_000559,train,source,normal,C,20260909T131430Z-25f6c6cf594720724d1909bb,20260909T131430Z-25f6c6cf594720724d1909bb-dg-4470d4bd5dad-000155,1,none,none,slow,normal-slow-1,rear,normal,clipped/audio_event_clean/normal/20260909T131430Z-25f6c6cf594720724d1909bb-dg-4470d4bd5dad-000155_ch1.wav,3DPrinter/train/section_00_source_train_normal_000559.wav,8dd78cc54bd34c86f9f9fa2511cfea00804bceefa7af9fc1f6757f7b71080dfa,960044,8356428000,8356908000,54fc6f490bf3028a61bbb10af8109deb1ca2474a512faae61d08a0b2b553164d,0,0,a7d9b5104f6fdb7ca780470a151026fdace566a5afb8abd302b9ab3bb7fc2251,saved_rule_based,1.77
section_00_source_train_normal_000560,train,source,normal,C,20260909T131430Z-25f6c6cf594720724d1909bb,20260909T131430Z-25f6c6cf594720724d1909bb-dg-4470d4bd5dad-000158,1,none,none,slow,normal-slow-1,rear,normal,clipped/audio_event_clean/normal/20260909T131430Z-25f6c6cf594720724d1909bb-dg-4470d4bd5dad-000158_ch1.wav,3DPrinter/train/section_00_source_train_normal_000560.wav,691acf597836e3e1148726b9192ef194df0664138ac6e87de20c4de8e2abc878,960044,8357868000,8358348000,54fc6f490bf3028a61bbb10af8109deb1ca2474a512faae61d08a0b2b553164d,0,0,a7d9b5104f6fdb7ca780470a151026fdace566a5afb8abd302b9ab3bb7fc2251,saved_rule_based,1.77
section_00_source_train_normal_000561,train,source,normal,C,20260909T131430Z-25f6c6cf594720724d1909bb,20260909T131430Z-25f6c6cf594720724d1909bb-dg-4470d4bd5dad-000160,1,none,none,slow,normal-slow-1,rear,normal,clipped/audio_event_clean/normal/20260909T131430Z-25f6c6cf594720724d1909bb-dg-4470d4bd5dad-000160_ch1.wav,3DPrinter/train/section_00_source_train_normal_000561.wav,13f0808dbb5792b95c13a7cabe323be1f75c8c7ff9dc824edc622f1422b0ec01,960044,8358828000,8359308000,54fc6f490bf3028a61bbb10af8109deb1ca2474a512faae61d08a0b2b553164d,0,0,a7d9b5104f6fdb7ca780470a151026fdace566a5afb8abd302b9ab3bb7fc2251,saved_rule_based,1.77
section_00_source_train_normal_000562,train,source,normal,C,20260909T131430Z-25f6c6cf594720724d1909bb,20260909T131430Z-25f6c6cf594720724d1909bb-dg-4470d4bd5dad-000162,1,none,none,slow,normal-slow-1,rear,normal,clipped/audio_event_clean/normal/20260909T131430Z-25f6c6cf594720724d1909bb-dg-4470d4bd5dad-000162_ch1.wav,3DPrinter/train/section_00_source_train_normal_000562.wav,3530851cd8f1f3184c854fa5cc975e816b0ac06a06296b33c760df1a1593c35b,960044,8359788000,8360268000,54fc6f490bf3028a61bbb10af8109deb1ca2474a512faae61d08a0b2b553164d,0,0,a7d9b5104f6fdb7ca780470a151026fdace566a5afb8abd302b9ab3bb7fc2251,saved_rule_based,1.77
section_00_source_train_normal_000563,train,source,normal,C,20260909T131430Z-25f6c6cf594720724d1909bb,20260909T131430Z-25f6c6cf594720724d1909bb-dg-4470d4bd5dad-000172,1,none,none,slow,normal-slow-1,rear,normal,clipped/audio_event_clean/normal/20260909T131430Z-25f6c6cf594720724d1909bb-dg-4470d4bd5dad-000172_ch1.wav,3DPrinter/train/section_00_source_train_normal_000563.wav,db07a75c7f667b1c8374bcba5b05e84c283a67da99630fbad388961967341a55,960044,8364588000,8365068000,54fc6f490bf3028a61bbb10af8109deb1ca2474a512faae61d08a0b2b553164d,0,0,a7d9b5104f6fdb7ca780470a151026fdace566a5afb8abd302b9ab3bb7fc2251,saved_rule_based,1.77
section_00_source_train_normal_000564,train,source,normal,C,20260909T131430Z-25f6c6cf594720724d1909bb,20260909T131430Z-25f6c6cf594720724d1909bb-dg-4470d4bd5dad-000173,1,none,none,slow,normal-slow-1,rear,normal,clipped/audio_event_clean/normal/20260909T131430Z-25f6c6cf594720724d1909bb-dg-4470d4bd5dad-000173_ch1.wav,3DPrinter/train/section_00_source_train_normal_000564.wav,3de4184c6e186a0804e1530a3ee779e3911023dc4733d0e6b0bfe318d793aa6d,960044,8365068000,8365548000,54fc6f490bf3028a61bbb10af8109deb1ca2474a512faae61d08a0b2b553164d,0,0,a7d9b5104f6fdb7ca780470a151026fdace566a5afb8abd302b9ab3bb7fc2251,saved_rule_based,1.77
section_00_source_train_normal_000565,train,source,normal,C,20260909T131430Z-25f6c6cf594720724d1909bb,20260909T131430Z-25f6c6cf594720724d1909bb-dg-4470d4bd5dad-000174,1,none,none,slow,normal-slow-1,rear,normal,clipped/audio_event_clean/normal/20260909T131430Z-25f6c6cf594720724d1909bb-dg-4470d4bd5dad-000174_ch1.wav,3DPrinter/train/section_00_source_train_normal_000565.wav,72c6f2956f58ef06b92411f653cdc16ad65425d739d7ea8b6fac465e95138744,960044,8365548000,8366028000,54fc6f490bf3028a61bbb10af8109deb1ca2474a512faae61d08a0b2b553164d,0,0,a7d9b5104f6fdb7ca780470a151026fdace566a5afb8abd302b9ab3bb7fc2251,saved_rule_based,1.77
section_00_source_train_normal_000566,train,source,normal,C,20260909T131430Z-25f6c6cf594720724d1909bb,20260909T131430Z-25f6c6cf594720724d1909bb-dg-4470d4bd5dad-000175,1,none,none,slow,normal-slow-1,rear,normal,clipped/audio_event_clean/normal/20260909T131430Z-25f6c6cf594720724d1909bb-dg-4470d4bd5dad-000175_ch1.wav,3DPrinter/train/section_00_source_train_normal_000566.wav,42690ce97e6c30d884f4ffcf67de1cb7be92efdc7e4895d701ab66a65d15f1bd,960044,8366028000,8366508000,54fc6f490bf3028a61bbb10af8109deb1ca2474a512faae61d08a0b2b553164d,0,0,a7d9b5104f6fdb7ca780470a151026fdace566a5afb8abd302b9ab3bb7fc2251,saved_rule_based,1.77
section_00_source_train_normal_000567,train,source,normal,C,20260909T131430Z-25f6c6cf594720724d1909bb,20260909T131430Z-25f6c6cf594720724d1909bb-dg-4470d4bd5dad-000178,1,none,none,slow,normal-slow-1,rear,normal,clipped/audio_event_clean/normal/20260909T131430Z-25f6c6cf594720724d1909bb-dg-4470d4bd5dad-000178_ch1.wav,3DPrinter/train/section_00_source_train_normal_000567.wav,9db20cc4b4aa629ba88421c307269eeb28b79b849b7d8549762c354a081e2854,960044,8367468000,8367948000,54fc6f490bf3028a61bbb10af8109deb1ca2474a512faae61d08a0b2b553164d,0,0,a7d9b5104f6fdb7ca780470a151026fdace566a5afb8abd302b9ab3bb7fc2251,saved_rule_based,1.77
section_00_source_train_normal_000568,train,source,normal,C,20260909T131430Z-25f6c6cf594720724d1909bb,20260909T131430Z-25f6c6cf594720724d1909bb-dg-4470d4bd5dad-000179,1,none,none,slow,normal-slow-1,rear,normal,clipped/audio_event_clean/normal/20260909T131430Z-25f6c6cf594720724d1909bb-dg-4470d4bd5dad-000179_ch1.wav,3DPrinter/train/section_00_source_train_normal_000568.wav,2f3b422b817692c1da735e4ce0c07516dcea370be527db6cfbe85d8c516b968f,960044,8367948000,8368428000,54fc6f490bf3028a61bbb10af8109deb1ca2474a512faae61d08a0b2b553164d,0,0,a7d9b5104f6fdb7ca780470a151026fdace566a5afb8abd302b9ab3bb7fc2251,saved_rule_based,1.77
section_00_source_train_normal_000569,train,source,normal,C,20260909T131430Z-25f6c6cf594720724d1909bb,20260909T131430Z-25f6c6cf594720724d1909bb-dg-4470d4bd5dad-000181,1,none,none,slow,normal-slow-1,rear,normal,clipped/audio_event_clean/normal/20260909T131430Z-25f6c6cf594720724d1909bb-dg-4470d4bd5dad-000181_ch1.wav,3DPrinter/train/section_00_source_train_normal_000569.wav,2c9243bfe8816e7d92fb9400e7767baaf0791aa0eb49a9a5af26a83aa874af1f,960044,8368908000,8369388000,54fc6f490bf3028a61bbb10af8109deb1ca2474a512faae61d08a0b2b553164d,0,0,a7d9b5104f6fdb7ca780470a151026fdace566a5afb8abd302b9ab3bb7fc2251,saved_rule_based,1.77
section_00_source_train_normal_000570,train,source,normal,C,20260909T131430Z-25f6c6cf594720724d1909bb,20260909T131430Z-25f6c6cf594720724d1909bb-dg-4470d4bd5dad-000188,1,none,none,slow,normal-slow-1,rear,normal,clipped/audio_event_clean/normal/20260909T131430Z-25f6c6cf594720724d1909bb-dg-4470d4bd5dad-000188_ch1.wav,3DPrinter/train/section_00_source_train_normal_000570.wav,f975f5956dc7e2e3d0cf6fa2a6e84fee915b0d7f08c590757287cd93db4ce71f,960044,8372268000,8372748000,54fc6f490bf3028a61bbb10af8109deb1ca2474a512faae61d08a0b2b553164d,0,0,a7d9b5104f6fdb7ca780470a151026fdace566a5afb8abd302b9ab3bb7fc2251,saved_rule_based,1.77
section_00_source_train_normal_000571,train,source,normal,C,20260909T131430Z-25f6c6cf594720724d1909bb,20260909T131430Z-25f6c6cf594720724d1909bb-dg-4470d4bd5dad-000189,1,none,none,slow,normal-slow-1,rear,normal,clipped/audio_event_clean/normal/20260909T131430Z-25f6c6cf594720724d1909bb-dg-4470d4bd5dad-000189_ch1.wav,3DPrinter/train/section_00_source_train_normal_000571.wav,2f48eda06f10bdc1835dda73bdc366578ed423c33865a873923470f59f057fdd,960044,8372748000,8373228000,54fc6f490bf3028a61bbb10af8109deb1ca2474a512faae61d08a0b2b553164d,0,0,a7d9b5104f6fdb7ca780470a151026fdace566a5afb8abd302b9ab3bb7fc2251,saved_rule_based,1.77
section_00_source_train_normal_000572,train,source,normal,C,20260909T131430Z-25f6c6cf594720724d1909bb,20260909T131430Z-25f6c6cf594720724d1909bb-dg-4470d4bd5dad-000195,1,none,none,slow,normal-slow-1,rear,normal,clipped/audio_event_clean/normal/20260909T131430Z-25f6c6cf594720724d1909bb-dg-4470d4bd5dad-000195_ch1.wav,3DPrinter/train/section_00_source_train_normal_000572.wav,da86061a3ffe3bf59eebef725c64ca29a725470b0d74c7b22d71427cde4a4a24,960044,8375628000,8376108000,54fc6f490bf3028a61bbb10af8109deb1ca2474a512faae61d08a0b2b553164d,0,0,a7d9b5104f6fdb7ca780470a151026fdace566a5afb8abd302b9ab3bb7fc2251,saved_rule_based,1.77
section_00_source_train_normal_000573,train,source,normal,C,20260909T131430Z-25f6c6cf594720724d1909bb,20260909T131430Z-25f6c6cf594720724d1909bb-dg-4470d4bd5dad-000196,1,none,none,slow,normal-slow-1,rear,normal,clipped/audio_event_clean/normal/20260909T131430Z-25f6c6cf594720724d1909bb-dg-4470d4bd5dad-000196_ch1.wav,3DPrinter/train/section_00_source_train_normal_000573.wav,0b278dc1738837b06ffbea96737212c78333fb3160188ff7ecd04204dc1a9a11,960044,8376108000,8376588000,54fc6f490bf3028a61bbb10af8109deb1ca2474a512faae61d08a0b2b553164d,0,0,a7d9b5104f6fdb7ca780470a151026fdace566a5afb8abd302b9ab3bb7fc2251,saved_rule_based,1.77
section_00_source_train_normal_000574,train,source,normal,C,20260909T131430Z-25f6c6cf594720724d1909bb,20260909T131430Z-25f6c6cf594720724d1909bb-dg-4470d4bd5dad-000199,1,none,none,slow,normal-slow-1,rear,normal,clipped/audio_event_clean/normal/20260909T131430Z-25f6c6cf594720724d1909bb-dg-4470d4bd5dad-000199_ch1.wav,3DPrinter/train/section_00_source_train_normal_000574.wav,b6f8c7ed5a0315d24d6a02d671c24e509c9d2f4e5efe569ff1da9e44dedfb4e3,960044,8377548000,8378028000,54fc6f490bf3028a61bbb10af8109deb1ca2474a512faae61d08a0b2b553164d,0,0,a7d9b5104f6fdb7ca780470a151026fdace566a5afb8abd302b9ab3bb7fc2251,saved_rule_based,1.77
section_00_source_train_normal_000575,train,source,normal,C,20260909T131430Z-25f6c6cf594720724d1909bb,20260909T131430Z-25f6c6cf594720724d1909bb-dg-4470d4bd5dad-000200,1,none,none,slow,normal-slow-1,rear,normal,clipped/audio_event_clean/normal/20260909T131430Z-25f6c6cf594720724d1909bb-dg-4470d4bd5dad-000200_ch1.wav,3DPrinter/train/section_00_source_train_normal_000575.wav,701216e4c52659d4ec7c2b761a93d275071adc565e34bb7a9d7c74e0b9b779be,960044,8378028000,8378508000,54fc6f490bf3028a61bbb10af8109deb1ca2474a512faae61d08a0b2b553164d,0,0,a7d9b5104f6fdb7ca780470a151026fdace566a5afb8abd302b9ab3bb7fc2251,saved_rule_based,1.77
section_00_source_train_normal_000576,train,source,normal,C,20260909T131430Z-25f6c6cf594720724d1909bb,20260909T131430Z-25f6c6cf594720724d1909bb-dg-4470d4bd5dad-000201,1,none,none,slow,normal-slow-1,rear,normal,clipped/audio_event_clean/normal/20260909T131430Z-25f6c6cf594720724d1909bb-dg-4470d4bd5dad-000201_ch1.wav,3DPrinter/train/section_00_source_train_normal_000576.wav,f502866cb22aa35f9d33856bec8e5e3209a6a4edf4fb1ba6f6d2d77a152a49c0,960044,8378508000,8378988000,54fc6f490bf3028a61bbb10af8109deb1ca2474a512faae61d08a0b2b553164d,0,0,a7d9b5104f6fdb7ca780470a151026fdace566a5afb8abd302b9ab3bb7fc2251,saved_rule_based,1.77
section_00_source_train_normal_000577,train,source,normal,C,20260909T131430Z-25f6c6cf594720724d1909bb,20260909T131430Z-25f6c6cf594720724d1909bb-dg-4470d4bd5dad-000202,1,none,none,slow,normal-slow-1,rear,normal,clipped/audio_event_clean/normal/20260909T131430Z-25f6c6cf594720724d1909bb-dg-4470d4bd5dad-000202_ch1.wav,3DPrinter/train/section_00_source_train_normal_000577.wav,d7fffa3f1e7d1ac53346f241e998dd32c101d4802e667d0b8596fe971a6fb422,960044,8378988000,8379468000,54fc6f490bf3028a61bbb10af8109deb1ca2474a512faae61d08a0b2b553164d,0,0,a7d9b5104f6fdb7ca780470a151026fdace566a5afb8abd302b9ab3bb7fc2251,saved_rule_based,1.77
section_00_source_train_normal_000578,train,source,normal,C,20260909T131430Z-25f6c6cf594720724d1909bb,20260909T131430Z-25f6c6cf594720724d1909bb-dg-4470d4bd5dad-000203,1,none,none,slow,normal-slow-1,rear,normal,clipped/audio_event_clean/normal/20260909T131430Z-25f6c6cf594720724d1909bb-dg-4470d4bd5dad-000203_ch1.wav,3DPrinter/train/section_00_source_train_normal_000578.wav,ccaf99374e350c968eb774c462ff800e0c0ab09cf72cf4910a1a08d46acd8d28,960044,8379468000,8379948000,54fc6f490bf3028a61bbb10af8109deb1ca2474a512faae61d08a0b2b553164d,0,0,a7d9b5104f6fdb7ca780470a151026fdace566a5afb8abd302b9ab3bb7fc2251,saved_rule_based,1.77
section_00_source_train_normal_000579,train,source,normal,C,20260909T131430Z-25f6c6cf594720724d1909bb,20260909T131430Z-25f6c6cf594720724d1909bb-dg-4470d4bd5dad-000204,1,none,none,slow,normal-slow-1,rear,normal,clipped/audio_event_clean/normal/20260909T131430Z-25f6c6cf594720724d1909bb-dg-4470d4bd5dad-000204_ch1.wav,3DPrinter/train/section_00_source_train_normal_000579.wav,ab9e25394707a2f76a8823d840362a9f6a25f0d086696fa4ea20172c76940244,960044,8379948000,8380428000,54fc6f490bf3028a61bbb10af8109deb1ca2474a512faae61d08a0b2b553164d,0,0,a7d9b5104f6fdb7ca780470a151026fdace566a5afb8abd302b9ab3bb7fc2251,saved_rule_based,1.77
section_00_source_train_normal_000580,train,source,normal,C,20260909T131430Z-25f6c6cf594720724d1909bb,20260909T131430Z-25f6c6cf594720724d1909bb-dg-4470d4bd5dad-000206,1,none,none,slow,normal-slow-1,rear,normal,clipped/audio_event_clean/normal/20260909T131430Z-25f6c6cf594720724d1909bb-dg-4470d4bd5dad-000206_ch1.wav,3DPrinter/train/section_00_source_train_normal_000580.wav,8261c1de3db8a5cba1c164cbb1fb13f269486c0712fe57352c5133289594670d,960044,8380908000,8381388000,54fc6f490bf3028a61bbb10af8109deb1ca2474a512faae61d08a0b2b553164d,0,0,a7d9b5104f6fdb7ca780470a151026fdace566a5afb8abd302b9ab3bb7fc2251,saved_rule_based,1.77
section_00_source_train_normal_000581,train,source,normal,C,20260909T131430Z-25f6c6cf594720724d1909bb,20260909T131430Z-25f6c6cf594720724d1909bb-dg-4470d4bd5dad-000209,1,none,none,slow,normal-slow-1,rear,normal,clipped/audio_event_clean/normal/20260909T131430Z-25f6c6cf594720724d1909bb-dg-4470d4bd5dad-000209_ch1.wav,3DPrinter/train/section_00_source_train_normal_000581.wav,49a3d76edb97feb71172451298037d116744ddb3e10c0c66706d774a66d28993,960044,8382348000,8382828000,54fc6f490bf3028a61bbb10af8109deb1ca2474a512faae61d08a0b2b553164d,0,0,a7d9b5104f6fdb7ca780470a151026fdace566a5afb8abd302b9ab3bb7fc2251,saved_rule_based,1.77
section_00_source_train_normal_000582,train,source,normal,C,20260909T131430Z-25f6c6cf594720724d1909bb,20260909T131430Z-25f6c6cf594720724d1909bb-dg-4470d4bd5dad-000210,1,none,none,slow,normal-slow-1,rear,normal,clipped/audio_event_clean/normal/20260909T131430Z-25f6c6cf594720724d1909bb-dg-4470d4bd5dad-000210_ch1.wav,3DPrinter/train/section_00_source_train_normal_000582.wav,f860e2a1087bb1231afcc80c24ac4d629fab3817810e5c576e93209eaa281675,960044,8382828000,8383308000,54fc6f490bf3028a61bbb10af8109deb1ca2474a512faae61d08a0b2b553164d,0,0,a7d9b5104f6fdb7ca780470a151026fdace566a5afb8abd302b9ab3bb7fc2251,saved_rule_based,1.77
section_00_source_train_normal_000583,train,source,normal,C,20260909T131430Z-25f6c6cf594720724d1909bb,20260909T131430Z-25f6c6cf594720724d1909bb-dg-4470d4bd5dad-000213,1,none,none,slow,normal-slow-1,rear,normal,clipped/audio_event_clean/normal/20260909T131430Z-25f6c6cf594720724d1909bb-dg-4470d4bd5dad-000213_ch1.wav,3DPrinter/train/section_00_source_train_normal_000583.wav,e874634fd2612394fc2779ed2771750fd9ceb48df391ba9473b4dd0f67a2bafa,960044,8384268000,8384748000,54fc6f490bf3028a61bbb10af8109deb1ca2474a512faae61d08a0b2b553164d,0,0,a7d9b5104f6fdb7ca780470a151026fdace566a5afb8abd302b9ab3bb7fc2251,saved_rule_based,1.77
section_00_source_train_normal_000584,train,source,normal,C,20260909T131430Z-25f6c6cf594720724d1909bb,20260909T131430Z-25f6c6cf594720724d1909bb-dg-4470d4bd5dad-000215,1,none,none,slow,normal-slow-1,rear,normal,clipped/audio_event_clean/normal/20260909T131430Z-25f6c6cf594720724d1909bb-dg-4470d4bd5dad-000215_ch1.wav,3DPrinter/train/section_00_source_train_normal_000584.wav,839b111c22d38caefd389e713778cf760db861a852299ec81bb3b219f591ec98,960044,8385228000,8385708000,54fc6f490bf3028a61bbb10af8109deb1ca2474a512faae61d08a0b2b553164d,0,0,a7d9b5104f6fdb7ca780470a151026fdace566a5afb8abd302b9ab3bb7fc2251,saved_rule_based,1.77
section_00_source_train_normal_000585,train,source,normal,C,20260909T131430Z-25f6c6cf594720724d1909bb,20260909T131430Z-25f6c6cf594720724d1909bb-dg-4470d4bd5dad-000217,1,none,none,slow,normal-slow-1,rear,normal,clipped/audio_event_clean/normal/20260909T131430Z-25f6c6cf594720724d1909bb-dg-4470d4bd5dad-000217_ch1.wav,3DPrinter/train/section_00_source_train_normal_000585.wav,df289143efd0de9277efae0ded92a2998fef5cc02e755960776e07c5f166a741,960044,8386188000,8386668000,54fc6f490bf3028a61bbb10af8109deb1ca2474a512faae61d08a0b2b553164d,0,0,a7d9b5104f6fdb7ca780470a151026fdace566a5afb8abd302b9ab3bb7fc2251,saved_rule_based,1.77
section_00_source_train_normal_000586,train,source,normal,C,20260909T131430Z-25f6c6cf594720724d1909bb,20260909T131430Z-25f6c6cf594720724d1909bb-dg-4470d4bd5dad-000219,1,none,none,slow,normal-slow-1,rear,normal,clipped/audio_event_clean/normal/20260909T131430Z-25f6c6cf594720724d1909bb-dg-4470d4bd5dad-000219_ch1.wav,3DPrinter/train/section_00_source_train_normal_000586.wav,7db388b7e2242d36912a95564d9071f5ca8fadbae9a7513e95beed917bf82c41,960044,8387148000,8387628000,54fc6f490bf3028a61bbb10af8109deb1ca2474a512faae61d08a0b2b553164d,0,0,a7d9b5104f6fdb7ca780470a151026fdace566a5afb8abd302b9ab3bb7fc2251,saved_rule_based,1.77
section_00_source_train_normal_000587,train,source,normal,C,20260909T131430Z-25f6c6cf594720724d1909bb,20260909T131430Z-25f6c6cf594720724d1909bb-dg-4470d4bd5dad-000220,1,none,none,slow,normal-slow-1,rear,normal,clipped/audio_event_clean/normal/20260909T131430Z-25f6c6cf594720724d1909bb-dg-4470d4bd5dad-000220_ch1.wav,3DPrinter/train/section_00_source_train_normal_000587.wav,237f007a04c780bbfceb03649e8db1d72ccbb20699d68bb92d78067a37abca3b,960044,8387628000,8388108000,54fc6f490bf3028a61bbb10af8109deb1ca2474a512faae61d08a0b2b553164d,0,0,a7d9b5104f6fdb7ca780470a151026fdace566a5afb8abd302b9ab3bb7fc2251,saved_rule_based,1.77
section_00_source_train_normal_000588,train,source,normal,C,20260909T131430Z-25f6c6cf594720724d1909bb,20260909T131430Z-25f6c6cf594720724d1909bb-dg-4470d4bd5dad-000221,1,none,none,slow,normal-slow-1,rear,normal,clipped/audio_event_clean/normal/20260909T131430Z-25f6c6cf594720724d1909bb-dg-4470d4bd5dad-000221_ch1.wav,3DPrinter/train/section_00_source_train_normal_000588.wav,0959274efe8db72695e7887ae2481000f9d33c3579efacfd104f039a3ee00156,960044,8388108000,8388588000,54fc6f490bf3028a61bbb10af8109deb1ca2474a512faae61d08a0b2b553164d,0,0,a7d9b5104f6fdb7ca780470a151026fdace566a5afb8abd302b9ab3bb7fc2251,saved_rule_based,1.77
section_00_source_train_normal_000589,train,source,normal,C,20260909T131430Z-25f6c6cf594720724d1909bb,20260909T131430Z-25f6c6cf594720724d1909bb-dg-4470d4bd5dad-000225,1,none,none,slow,normal-slow-1,rear,normal,clipped/audio_event_clean/normal/20260909T131430Z-25f6c6cf594720724d1909bb-dg-4470d4bd5dad-000225_ch1.wav,3DPrinter/train/section_00_source_train_normal_000589.wav,e138a733d5965d2bf82a30b96a5c0e45744402fb9ebeedff25b8ee912342ae02,960044,8390028000,8390508000,54fc6f490bf3028a61bbb10af8109deb1ca2474a512faae61d08a0b2b553164d,0,0,a7d9b5104f6fdb7ca780470a151026fdace566a5afb8abd302b9ab3bb7fc2251,saved_rule_based,1.77
section_00_source_train_normal_000590,train,source,normal,C,20260909T131430Z-25f6c6cf594720724d1909bb,20260909T131430Z-25f6c6cf594720724d1909bb-dg-4470d4bd5dad-000226,1,none,none,slow,normal-slow-1,rear,normal,clipped/audio_event_clean/normal/20260909T131430Z-25f6c6cf594720724d1909bb-dg-4470d4bd5dad-000226_ch1.wav,3DPrinter/train/section_00_source_train_normal_000590.wav,b43cefde539a7c193a6792c658f2de08af3686e32812f79a27053a5dee6dd281,960044,8390508000,8390988000,54fc6f490bf3028a61bbb10af8109deb1ca2474a512faae61d08a0b2b553164d,0,0,a7d9b5104f6fdb7ca780470a151026fdace566a5afb8abd302b9ab3bb7fc2251,saved_rule_based,1.77
section_00_source_train_normal_000591,train,source,normal,C,20260909T131430Z-25f6c6cf594720724d1909bb,20260909T131430Z-25f6c6cf594720724d1909bb-dg-4470d4bd5dad-000228,1,none,none,slow,normal-slow-1,rear,normal,clipped/audio_event_clean/normal/20260909T131430Z-25f6c6cf594720724d1909bb-dg-4470d4bd5dad-000228_ch1.wav,3DPrinter/train/section_00_source_train_normal_000591.wav,9d94a5d99990d7a7261b003d5667f4d8765f62ee271ec9273c929105fafa88d8,960044,8391468000,8391948000,54fc6f490bf3028a61bbb10af8109deb1ca2474a512faae61d08a0b2b553164d,0,0,a7d9b5104f6fdb7ca780470a151026fdace566a5afb8abd302b9ab3bb7fc2251,saved_rule_based,1.77
section_00_source_train_normal_000592,train,source,normal,C,20260909T131430Z-25f6c6cf594720724d1909bb,20260909T131430Z-25f6c6cf594720724d1909bb-dg-4470d4bd5dad-000229,1,none,none,slow,normal-slow-1,rear,normal,clipped/audio_event_clean/normal/20260909T131430Z-25f6c6cf594720724d1909bb-dg-4470d4bd5dad-000229_ch1.wav,3DPrinter/train/section_00_source_train_normal_000592.wav,21f19a0f5dd9dd8aad59d74445fb5ac1ce0e4d9308cbe767e35795b39df14104,960044,8391948000,8392428000,54fc6f490bf3028a61bbb10af8109deb1ca2474a512faae61d08a0b2b553164d,0,0,a7d9b5104f6fdb7ca780470a151026fdace566a5afb8abd302b9ab3bb7fc2251,saved_rule_based,1.77
section_00_source_train_normal_000593,train,source,normal,C,20260909T131430Z-25f6c6cf594720724d1909bb,20260909T131430Z-25f6c6cf594720724d1909bb-dg-4470d4bd5dad-000230,1,none,none,slow,normal-slow-1,rear,normal,clipped/audio_event_clean/normal/20260909T131430Z-25f6c6cf594720724d1909bb-dg-4470d4bd5dad-000230_ch1.wav,3DPrinter/train/section_00_source_train_normal_000593.wav,5ed291f8e198cc70a214bfbbe9335bfc2ea948fe6c3c09a5e320bdfd854ea328,960044,8392428000,8392908000,54fc6f490bf3028a61bbb10af8109deb1ca2474a512faae61d08a0b2b553164d,0,0,a7d9b5104f6fdb7ca780470a151026fdace566a5afb8abd302b9ab3bb7fc2251,saved_rule_based,1.77
section_00_source_train_normal_000594,train,source,normal,C,20260909T131430Z-25f6c6cf594720724d1909bb,20260909T131430Z-25f6c6cf594720724d1909bb-dg-4470d4bd5dad-000232,1,none,none,slow,normal-slow-1,rear,normal,clipped/audio_event_clean/normal/20260909T131430Z-25f6c6cf594720724d1909bb-dg-4470d4bd5dad-000232_ch1.wav,3DPrinter/train/section_00_source_train_normal_000594.wav,f4f3658c7b1ba6f3e7163e870249ac1ab6fe5e8a83fa438f022aade17d9d0450,960044,8393388000,8393868000,54fc6f490bf3028a61bbb10af8109deb1ca2474a512faae61d08a0b2b553164d,0,0,a7d9b5104f6fdb7ca780470a151026fdace566a5afb8abd302b9ab3bb7fc2251,saved_rule_based,1.77
section_00_source_train_normal_000595,train,source,normal,C,20260909T131430Z-25f6c6cf594720724d1909bb,20260909T131430Z-25f6c6cf594720724d1909bb-dg-4470d4bd5dad-000237,1,none,none,slow,normal-slow-1,rear,normal,clipped/audio_event_clean/normal/20260909T131430Z-25f6c6cf594720724d1909bb-dg-4470d4bd5dad-000237_ch1.wav,3DPrinter/train/section_00_source_train_normal_000595.wav,e2092bf4b64004d9a27bef52928bba38b1ac57bec62ed3036b03d13654cf22e1,960044,8395788000,8396268000,54fc6f490bf3028a61bbb10af8109deb1ca2474a512faae61d08a0b2b553164d,0,0,a7d9b5104f6fdb7ca780470a151026fdace566a5afb8abd302b9ab3bb7fc2251,saved_rule_based,1.77
section_00_source_train_normal_000596,train,source,normal,C,20260909T131430Z-25f6c6cf594720724d1909bb,20260909T131430Z-25f6c6cf594720724d1909bb-dg-4470d4bd5dad-000239,1,none,none,slow,normal-slow-1,rear,normal,clipped/audio_event_clean/normal/20260909T131430Z-25f6c6cf594720724d1909bb-dg-4470d4bd5dad-000239_ch1.wav,3DPrinter/train/section_00_source_train_normal_000596.wav,db93f6fe00ddb5a08bcca377c550f82e9b96e3fb13b08814321491ac7ca74ebd,960044,8396748000,8397228000,54fc6f490bf3028a61bbb10af8109deb1ca2474a512faae61d08a0b2b553164d,0,0,a7d9b5104f6fdb7ca780470a151026fdace566a5afb8abd302b9ab3bb7fc2251,saved_rule_based,1.77
section_00_source_train_normal_000597,train,source,normal,C,20260909T131430Z-25f6c6cf594720724d1909bb,20260909T131430Z-25f6c6cf594720724d1909bb-dg-4470d4bd5dad-000248,1,none,none,slow,normal-slow-1,rear,normal,clipped/audio_event_clean/normal/20260909T131430Z-25f6c6cf594720724d1909bb-dg-4470d4bd5dad-000248_ch1.wav,3DPrinter/train/section_00_source_train_normal_000597.wav,4984966373d9b595ff9c56032752afaa847bddbce950c0d7050ff5c28cc584ab,960044,8401068000,8401548000,54fc6f490bf3028a61bbb10af8109deb1ca2474a512faae61d08a0b2b553164d,0,0,a7d9b5104f6fdb7ca780470a151026fdace566a5afb8abd302b9ab3bb7fc2251,saved_rule_based,1.77
section_00_source_train_normal_000598,train,source,normal,C,20260909T131430Z-25f6c6cf594720724d1909bb,20260909T131430Z-25f6c6cf594720724d1909bb-dg-4470d4bd5dad-000252,1,none,none,slow,normal-slow-1,rear,normal,clipped/audio_event_clean/normal/20260909T131430Z-25f6c6cf594720724d1909bb-dg-4470d4bd5dad-000252_ch1.wav,3DPrinter/train/section_00_source_train_normal_000598.wav,e29e51ecbb75ee26c7d332d786aea02e5a7d9583c2250ed4425d73d39bf02bf9,960044,8402988000,8403468000,54fc6f490bf3028a61bbb10af8109deb1ca2474a512faae61d08a0b2b553164d,0,0,a7d9b5104f6fdb7ca780470a151026fdace566a5afb8abd302b9ab3bb7fc2251,saved_rule_based,1.77
section_00_source_train_normal_000599,train,source,normal,C,20260909T131430Z-25f6c6cf594720724d1909bb,20260909T131430Z-25f6c6cf594720724d1909bb-dg-4470d4bd5dad-000256,1,none,none,slow,normal-slow-1,rear,normal,clipped/audio_event_clean/normal/20260909T131430Z-25f6c6cf594720724d1909bb-dg-4470d4bd5dad-000256_ch1.wav,3DPrinter/train/section_00_source_train_normal_000599.wav,d13028825294b6fc8c72e61732d23e6b21b4b7ef46f4a39b4bd65d2a17a871ac,960044,8404908000,8405388000,54fc6f490bf3028a61bbb10af8109deb1ca2474a512faae61d08a0b2b553164d,0,0,a7d9b5104f6fdb7ca780470a151026fdace566a5afb8abd302b9ab3bb7fc2251,saved_rule_based,1.77
section_00_source_train_normal_000600,train,source,normal,C,20260909T131430Z-25f6c6cf594720724d1909bb,20260909T131430Z-25f6c6cf594720724d1909bb-dg-4470d4bd5dad-000257,1,none,none,slow,normal-slow-1,rear,normal,clipped/audio_event_clean/normal/20260909T131430Z-25f6c6cf594720724d1909bb-dg-4470d4bd5dad-000257_ch1.wav,3DPrinter/train/section_00_source_train_normal_000600.wav,c202b52d1444c1db4e897d1427d229180f83f45fb0e821e2c8b2e30d7a288456,960044,8405388000,8405868000,54fc6f490bf3028a61bbb10af8109deb1ca2474a512faae61d08a0b2b553164d,0,0,a7d9b5104f6fdb7ca780470a151026fdace566a5afb8abd302b9ab3bb7fc2251,saved_rule_based,1.77
section_00_source_train_normal_000601,train,source,normal,C,20260909T131430Z-25f6c6cf594720724d1909bb,20260909T131430Z-25f6c6cf594720724d1909bb-dg-4470d4bd5dad-000259,1,none,none,slow,normal-slow-1,rear,normal,clipped/audio_event_clean/normal/20260909T131430Z-25f6c6cf594720724d1909bb-dg-4470d4bd5dad-000259_ch1.wav,3DPrinter/train/section_00_source_train_normal_000601.wav,1158e0822c7cbfcc57ee1050bdf74426a1e5db451a9d8497e426a7e64c2e2983,960044,8406348000,8406828000,54fc6f490bf3028a61bbb10af8109deb1ca2474a512faae61d08a0b2b553164d,0,0,a7d9b5104f6fdb7ca780470a151026fdace566a5afb8abd302b9ab3bb7fc2251,saved_rule_based,1.77
section_00_source_train_normal_000602,train,source,normal,C,20260909T131430Z-25f6c6cf594720724d1909bb,20260909T131430Z-25f6c6cf594720724d1909bb-dg-4470d4bd5dad-000260,1,none,none,slow,normal-slow-1,rear,normal,clipped/audio_event_clean/normal/20260909T131430Z-25f6c6cf594720724d1909bb-dg-4470d4bd5dad-000260_ch1.wav,3DPrinter/train/section_00_source_train_normal_000602.wav,f28b77c16619943698461129cc78b322e7abce635c94d0b32985d132f6c702a7,960044,8406828000,8407308000,54fc6f490bf3028a61bbb10af8109deb1ca2474a512faae61d08a0b2b553164d,0,0,a7d9b5104f6fdb7ca780470a151026fdace566a5afb8abd302b9ab3bb7fc2251,saved_rule_based,1.77
section_00_source_train_normal_000603,train,source,normal,C,20260909T131430Z-25f6c6cf594720724d1909bb,20260909T131430Z-25f6c6cf594720724d1909bb-dg-4470d4bd5dad-000261,1,none,none,slow,normal-slow-1,rear,normal,clipped/audio_event_clean/normal/20260909T131430Z-25f6c6cf594720724d1909bb-dg-4470d4bd5dad-000261_ch1.wav,3DPrinter/train/section_00_source_train_normal_000603.wav,ca1a3e1db8717be540bbc8f183da44c3e9a2d49e56c9812b06e990e04582668f,960044,8407308000,8407788000,54fc6f490bf3028a61bbb10af8109deb1ca2474a512faae61d08a0b2b553164d,0,0,a7d9b5104f6fdb7ca780470a151026fdace566a5afb8abd302b9ab3bb7fc2251,saved_rule_based,1.77
section_00_source_train_normal_000604,train,source,normal,C,20260909T131430Z-25f6c6cf594720724d1909bb,20260909T131430Z-25f6c6cf594720724d1909bb-dg-4470d4bd5dad-000264,1,none,none,slow,normal-slow-1,rear,normal,clipped/audio_event_clean/normal/20260909T131430Z-25f6c6cf594720724d1909bb-dg-4470d4bd5dad-000264_ch1.wav,3DPrinter/train/section_00_source_train_normal_000604.wav,dd8e0a82f5913f508d0a5fe4756c063003681969406910eb6063f764c650feed,960044,8408748000,8409228000,54fc6f490bf3028a61bbb10af8109deb1ca2474a512faae61d08a0b2b553164d,0,0,a7d9b5104f6fdb7ca780470a151026fdace566a5afb8abd302b9ab3bb7fc2251,saved_rule_based,1.77
section_00_source_train_normal_000605,train,source,normal,C,20260909T131430Z-25f6c6cf594720724d1909bb,20260909T131430Z-25f6c6cf594720724d1909bb-dg-4470d4bd5dad-000266,1,none,none,slow,normal-slow-1,rear,normal,clipped/audio_event_clean/normal/20260909T131430Z-25f6c6cf594720724d1909bb-dg-4470d4bd5dad-000266_ch1.wav,3DPrinter/train/section_00_source_train_normal_000605.wav,92499210f0d4aae09afb89d1abf1e07938e4f2cacfb0eb85f9d264965eadd2b0,960044,8409708000,8410188000,54fc6f490bf3028a61bbb10af8109deb1ca2474a512faae61d08a0b2b553164d,0,0,a7d9b5104f6fdb7ca780470a151026fdace566a5afb8abd302b9ab3bb7fc2251,saved_rule_based,1.77
section_00_source_train_normal_000606,train,source,normal,C,20260909T131430Z-25f6c6cf594720724d1909bb,20260909T131430Z-25f6c6cf594720724d1909bb-dg-4470d4bd5dad-000267,1,none,none,slow,normal-slow-1,rear,normal,clipped/audio_event_clean/normal/20260909T131430Z-25f6c6cf594720724d1909bb-dg-4470d4bd5dad-000267_ch1.wav,3DPrinter/train/section_00_source_train_normal_000606.wav,68587bb8c92d07685dbc4374a7fd7b1594be2bb99f0fd347325c156085de7276,960044,8410188000,8410668000,54fc6f490bf3028a61bbb10af8109deb1ca2474a512faae61d08a0b2b553164d,0,0,a7d9b5104f6fdb7ca780470a151026fdace566a5afb8abd302b9ab3bb7fc2251,saved_rule_based,1.77
section_00_source_train_normal_000607,train,source,normal,C,20260909T131430Z-25f6c6cf594720724d1909bb,20260909T131430Z-25f6c6cf594720724d1909bb-dg-4470d4bd5dad-000269,1,none,none,slow,normal-slow-1,rear,normal,clipped/audio_event_clean/normal/20260909T131430Z-25f6c6cf594720724d1909bb-dg-4470d4bd5dad-000269_ch1.wav,3DPrinter/train/section_00_source_train_normal_000607.wav,c527229461a1474f9e8d1d09ff4d3bd88738e7b982b8643c5e113b6fc989b20d,960044,8411148000,8411628000,54fc6f490bf3028a61bbb10af8109deb1ca2474a512faae61d08a0b2b553164d,0,0,a7d9b5104f6fdb7ca780470a151026fdace566a5afb8abd302b9ab3bb7fc2251,saved_rule_based,1.77
section_00_source_train_normal_000608,train,source,normal,C,20260909T131430Z-25f6c6cf594720724d1909bb,20260909T131430Z-25f6c6cf594720724d1909bb-dg-4470d4bd5dad-000270,1,none,none,slow,normal-slow-1,rear,normal,clipped/audio_event_clean/normal/20260909T131430Z-25f6c6cf594720724d1909bb-dg-4470d4bd5dad-000270_ch1.wav,3DPrinter/train/section_00_source_train_normal_000608.wav,75e32b2f201dbba080f48d61f37781ea8a8ade98d1112c250754d0793499ca0b,960044,8411628000,8412108000,54fc6f490bf3028a61bbb10af8109deb1ca2474a512faae61d08a0b2b553164d,0,0,a7d9b5104f6fdb7ca780470a151026fdace566a5afb8abd302b9ab3bb7fc2251,saved_rule_based,1.77
section_00_source_train_normal_000609,train,source,normal,C,20260909T131430Z-25f6c6cf594720724d1909bb,20260909T131430Z-25f6c6cf594720724d1909bb-dg-4470d4bd5dad-000271,1,none,none,slow,normal-slow-1,rear,normal,clipped/audio_event_clean/normal/20260909T131430Z-25f6c6cf594720724d1909bb-dg-4470d4bd5dad-000271_ch1.wav,3DPrinter/train/section_00_source_train_normal_000609.wav,e428eb66aa7be59a7d5a44725ff52c099e550d02d0ea21a90e80ea93642cf5cf,960044,8412108000,8412588000,54fc6f490bf3028a61bbb10af8109deb1ca2474a512faae61d08a0b2b553164d,0,0,a7d9b5104f6fdb7ca780470a151026fdace566a5afb8abd302b9ab3bb7fc2251,saved_rule_based,1.77
section_00_source_train_normal_000610,train,source,normal,C,20260909T131430Z-25f6c6cf594720724d1909bb,20260909T131430Z-25f6c6cf594720724d1909bb-dg-4470d4bd5dad-000275,1,none,none,slow,normal-slow-1,rear,normal,clipped/audio_event_clean/normal/20260909T131430Z-25f6c6cf594720724d1909bb-dg-4470d4bd5dad-000275_ch1.wav,3DPrinter/train/section_00_source_train_normal_000610.wav,b13e38105f7f2e5e10bab911540c701ae3e61e254d359f8da8856e561fb65980,960044,8414028000,8414508000,54fc6f490bf3028a61bbb10af8109deb1ca2474a512faae61d08a0b2b553164d,0,0,a7d9b5104f6fdb7ca780470a151026fdace566a5afb8abd302b9ab3bb7fc2251,saved_rule_based,1.77
section_00_source_train_normal_000611,train,source,normal,C,20260909T131430Z-25f6c6cf594720724d1909bb,20260909T131430Z-25f6c6cf594720724d1909bb-dg-4470d4bd5dad-000276,1,none,none,slow,normal-slow-1,rear,normal,clipped/audio_event_clean/normal/20260909T131430Z-25f6c6cf594720724d1909bb-dg-4470d4bd5dad-000276_ch1.wav,3DPrinter/train/section_00_source_train_normal_000611.wav,9a4dba4b1c8fa45ddd8443e416326f65327bd8ea9e2fecf97624e328a113f4dd,960044,8414508000,8414988000,54fc6f490bf3028a61bbb10af8109deb1ca2474a512faae61d08a0b2b553164d,0,0,a7d9b5104f6fdb7ca780470a151026fdace566a5afb8abd302b9ab3bb7fc2251,saved_rule_based,1.77
section_00_source_train_normal_000612,train,source,normal,C,20260909T131430Z-25f6c6cf594720724d1909bb,20260909T131430Z-25f6c6cf594720724d1909bb-dg-4470d4bd5dad-000278,1,none,none,slow,normal-slow-1,rear,normal,clipped/audio_event_clean/normal/20260909T131430Z-25f6c6cf594720724d1909bb-dg-4470d4bd5dad-000278_ch1.wav,3DPrinter/train/section_00_source_train_normal_000612.wav,de571741bb292a3498e9764fa60c4a43f18b4aae71a4fd28acb6a11c897e1c3a,960044,8415468000,8415948000,54fc6f490bf3028a61bbb10af8109deb1ca2474a512faae61d08a0b2b553164d,0,0,a7d9b5104f6fdb7ca780470a151026fdace566a5afb8abd302b9ab3bb7fc2251,saved_rule_based,1.77
section_00_source_train_normal_000613,train,source,normal,C,20260909T131430Z-25f6c6cf594720724d1909bb,20260909T131430Z-25f6c6cf594720724d1909bb-dg-4470d4bd5dad-000280,1,none,none,slow,normal-slow-1,rear,normal,clipped/audio_event_clean/normal/20260909T131430Z-25f6c6cf594720724d1909bb-dg-4470d4bd5dad-000280_ch1.wav,3DPrinter/train/section_00_source_train_normal_000613.wav,88c02a7e736e6f99acc143e7fbbc9a54851435a7c4ea84787cfd39339a81ddfb,960044,8416428000,8416908000,54fc6f490bf3028a61bbb10af8109deb1ca2474a512faae61d08a0b2b553164d,0,0,a7d9b5104f6fdb7ca780470a151026fdace566a5afb8abd302b9ab3bb7fc2251,saved_rule_based,1.77
section_00_source_train_normal_000614,train,source,normal,C,20260909T131430Z-25f6c6cf594720724d1909bb,20260909T131430Z-25f6c6cf594720724d1909bb-dg-4470d4bd5dad-000287,1,none,none,slow,normal-slow-1,rear,normal,clipped/audio_event_clean/normal/20260909T131430Z-25f6c6cf594720724d1909bb-dg-4470d4bd5dad-000287_ch1.wav,3DPrinter/train/section_00_source_train_normal_000614.wav,7a78506102de1276782f075a29d4ca3144d25e24cb1d18e42fbebf57bb8535e4,960044,8419788000,8420268000,54fc6f490bf3028a61bbb10af8109deb1ca2474a512faae61d08a0b2b553164d,0,0,a7d9b5104f6fdb7ca780470a151026fdace566a5afb8abd302b9ab3bb7fc2251,saved_rule_based,1.77
section_00_source_train_normal_000615,train,source,normal,C,20260909T131430Z-25f6c6cf594720724d1909bb,20260909T131430Z-25f6c6cf594720724d1909bb-dg-4470d4bd5dad-000290,1,none,none,slow,normal-slow-1,rear,normal,clipped/audio_event_clean/normal/20260909T131430Z-25f6c6cf594720724d1909bb-dg-4470d4bd5dad-000290_ch1.wav,3DPrinter/train/section_00_source_train_normal_000615.wav,d9f14450a34863799f4aec191cf997f207a383164535ce091013b832b893a390,960044,8421228000,8421708000,54fc6f490bf3028a61bbb10af8109deb1ca2474a512faae61d08a0b2b553164d,0,0,a7d9b5104f6fdb7ca780470a151026fdace566a5afb8abd302b9ab3bb7fc2251,saved_rule_based,1.77
section_00_source_train_normal_000616,train,source,normal,C,20260909T131430Z-25f6c6cf594720724d1909bb,20260909T131430Z-25f6c6cf594720724d1909bb-dg-4470d4bd5dad-000291,1,none,none,slow,normal-slow-1,rear,normal,clipped/audio_event_clean/normal/20260909T131430Z-25f6c6cf594720724d1909bb-dg-4470d4bd5dad-000291_ch1.wav,3DPrinter/train/section_00_source_train_normal_000616.wav,46ca203bd4e37e00d58e3b0c7760022df32b8211abfd9720f99d93f0fbc2525a,960044,8421708000,8422188000,54fc6f490bf3028a61bbb10af8109deb1ca2474a512faae61d08a0b2b553164d,0,0,a7d9b5104f6fdb7ca780470a151026fdace566a5afb8abd302b9ab3bb7fc2251,saved_rule_based,1.77
section_00_source_train_normal_000617,train,source,normal,C,20260909T131430Z-25f6c6cf594720724d1909bb,20260909T131430Z-25f6c6cf594720724d1909bb-dg-4470d4bd5dad-000292,1,none,none,slow,normal-slow-1,rear,normal,clipped/audio_event_clean/normal/20260909T131430Z-25f6c6cf594720724d1909bb-dg-4470d4bd5dad-000292_ch1.wav,3DPrinter/train/section_00_source_train_normal_000617.wav,101195a122db652c5c640147c8604c9a827dd403609b2f57750a565f0dd15fd4,960044,8422188000,8422668000,54fc6f490bf3028a61bbb10af8109deb1ca2474a512faae61d08a0b2b553164d,0,0,a7d9b5104f6fdb7ca780470a151026fdace566a5afb8abd302b9ab3bb7fc2251,saved_rule_based,1.77
section_00_source_train_normal_000618,train,source,normal,C,20260909T131430Z-25f6c6cf594720724d1909bb,20260909T131430Z-25f6c6cf594720724d1909bb-dg-4470d4bd5dad-000294,1,none,none,slow,normal-slow-1,rear,normal,clipped/audio_event_clean/normal/20260909T131430Z-25f6c6cf594720724d1909bb-dg-4470d4bd5dad-000294_ch1.wav,3DPrinter/train/section_00_source_train_normal_000618.wav,b6ddbe87f6e8fc55c043c429f9ac7c8d84a00954270806b4d58a51e2594f07a8,960044,8423148000,8423628000,54fc6f490bf3028a61bbb10af8109deb1ca2474a512faae61d08a0b2b553164d,0,0,a7d9b5104f6fdb7ca780470a151026fdace566a5afb8abd302b9ab3bb7fc2251,saved_rule_based,1.77
section_00_source_train_normal_000619,train,source,normal,C,20260909T131430Z-25f6c6cf594720724d1909bb,20260909T131430Z-25f6c6cf594720724d1909bb-dg-4470d4bd5dad-000297,1,none,none,slow,normal-slow-1,rear,normal,clipped/audio_event_clean/normal/20260909T131430Z-25f6c6cf594720724d1909bb-dg-4470d4bd5dad-000297_ch1.wav,3DPrinter/train/section_00_source_train_normal_000619.wav,ef01f1015994758a57f1a8a41b31cfec20702318442c6857fc5472fa2ef8ffac,960044,8424588000,8425068000,54fc6f490bf3028a61bbb10af8109deb1ca2474a512faae61d08a0b2b553164d,0,0,a7d9b5104f6fdb7ca780470a151026fdace566a5afb8abd302b9ab3bb7fc2251,saved_rule_based,1.77
section_00_source_train_normal_000620,train,source,normal,C,20260909T131430Z-25f6c6cf594720724d1909bb,20260909T131430Z-25f6c6cf594720724d1909bb-dg-4470d4bd5dad-000298,1,none,none,slow,normal-slow-1,rear,normal,clipped/audio_event_clean/normal/20260909T131430Z-25f6c6cf594720724d1909bb-dg-4470d4bd5dad-000298_ch1.wav,3DPrinter/train/section_00_source_train_normal_000620.wav,6fdef21f45e3de072aad171c2fdb1dae272bfcbd43dcdaa72c7e40463678ae74,960044,8425068000,8425548000,54fc6f490bf3028a61bbb10af8109deb1ca2474a512faae61d08a0b2b553164d,0,0,a7d9b5104f6fdb7ca780470a151026fdace566a5afb8abd302b9ab3bb7fc2251,saved_rule_based,1.77
section_00_source_train_normal_000621,train,source,normal,C,20260909T140707Z-fe02ca99d55bb38bd334673f,20260909T140707Z-fe02ca99d55bb38bd334673f-dg-e00d1bd3fd63-000002,1,none,none,slow,normal-slow-2,rear,normal,clipped/audio_event_clean/normal/20260909T140707Z-fe02ca99d55bb38bd334673f-dg-e00d1bd3fd63-000002_ch1.wav,3DPrinter/train/section_00_source_train_normal_000621.wav,1c45ccd91302f79d9ca9442d1c84b4a116c61d5859eab1471a619d2c4b05bba8,960044,8434524000,8435004000,58339b8cf7e0cd6d35bf85d1f1b3b8b7e4e19fc8c98b6b8729be6609d0a9f7a3,0,0,6b17a5b7426e68e9e8d68ea023c1e0be97617d85268fa0275af78e710ba37a99,saved_rule_based,1.63
section_00_source_train_normal_000622,train,source,normal,C,20260909T140707Z-fe02ca99d55bb38bd334673f,20260909T140707Z-fe02ca99d55bb38bd334673f-dg-e00d1bd3fd63-000005,1,none,none,slow,normal-slow-2,rear,normal,clipped/audio_event_clean/normal/20260909T140707Z-fe02ca99d55bb38bd334673f-dg-e00d1bd3fd63-000005_ch1.wav,3DPrinter/train/section_00_source_train_normal_000622.wav,69416a0d7b18ac97f16fa70af4770844d9d54c49c7de37c4e230d81a91cbb14b,960044,8435964000,8436444000,58339b8cf7e0cd6d35bf85d1f1b3b8b7e4e19fc8c98b6b8729be6609d0a9f7a3,0,0,6b17a5b7426e68e9e8d68ea023c1e0be97617d85268fa0275af78e710ba37a99,saved_rule_based,1.63
section_00_source_train_normal_000623,train,source,normal,C,20260909T140707Z-fe02ca99d55bb38bd334673f,20260909T140707Z-fe02ca99d55bb38bd334673f-dg-e00d1bd3fd63-000006,1,none,none,slow,normal-slow-2,rear,normal,clipped/audio_event_clean/normal/20260909T140707Z-fe02ca99d55bb38bd334673f-dg-e00d1bd3fd63-000006_ch1.wav,3DPrinter/train/section_00_source_train_normal_000623.wav,8928e8610e1ee9ca9aa64c17f18bf3e4b0443f32c5de35709001e9b53732c39a,960044,8436444000,8436924000,58339b8cf7e0cd6d35bf85d1f1b3b8b7e4e19fc8c98b6b8729be6609d0a9f7a3,0,0,6b17a5b7426e68e9e8d68ea023c1e0be97617d85268fa0275af78e710ba37a99,saved_rule_based,1.63
section_00_source_train_normal_000624,train,source,normal,C,20260909T140707Z-fe02ca99d55bb38bd334673f,20260909T140707Z-fe02ca99d55bb38bd334673f-dg-e00d1bd3fd63-000007,1,none,none,slow,normal-slow-2,rear,normal,clipped/audio_event_clean/normal/20260909T140707Z-fe02ca99d55bb38bd334673f-dg-e00d1bd3fd63-000007_ch1.wav,3DPrinter/train/section_00_source_train_normal_000624.wav,e8c07a8125622307a76349f30f9445c3fbbb562d06677b56706b48831cec7624,960044,8436924000,8437404000,58339b8cf7e0cd6d35bf85d1f1b3b8b7e4e19fc8c98b6b8729be6609d0a9f7a3,0,0,6b17a5b7426e68e9e8d68ea023c1e0be97617d85268fa0275af78e710ba37a99,saved_rule_based,1.63
section_00_source_train_normal_000625,train,source,normal,C,20260909T140707Z-fe02ca99d55bb38bd334673f,20260909T140707Z-fe02ca99d55bb38bd334673f-dg-e00d1bd3fd63-000008,1,none,none,slow,normal-slow-2,rear,normal,clipped/audio_event_clean/normal/20260909T140707Z-fe02ca99d55bb38bd334673f-dg-e00d1bd3fd63-000008_ch1.wav,3DPrinter/train/section_00_source_train_normal_000625.wav,749a8103a432dcaf7dbc3fe2c652bb8d8e9aecc007b4dd61f8afe01e339e96cd,960044,8437404000,8437884000,58339b8cf7e0cd6d35bf85d1f1b3b8b7e4e19fc8c98b6b8729be6609d0a9f7a3,0,0,6b17a5b7426e68e9e8d68ea023c1e0be97617d85268fa0275af78e710ba37a99,saved_rule_based,1.63
section_00_source_train_normal_000626,train,source,normal,C,20260909T140707Z-fe02ca99d55bb38bd334673f,20260909T140707Z-fe02ca99d55bb38bd334673f-dg-e00d1bd3fd63-000009,1,none,none,slow,normal-slow-2,rear,normal,clipped/audio_event_clean/normal/20260909T140707Z-fe02ca99d55bb38bd334673f-dg-e00d1bd3fd63-000009_ch1.wav,3DPrinter/train/section_00_source_train_normal_000626.wav,649b49af41d84231bc08c21bd8b6139564065577f35bd9545e6de0035acce338,960044,8437884000,8438364000,58339b8cf7e0cd6d35bf85d1f1b3b8b7e4e19fc8c98b6b8729be6609d0a9f7a3,0,0,6b17a5b7426e68e9e8d68ea023c1e0be97617d85268fa0275af78e710ba37a99,saved_rule_based,1.63
section_00_source_train_normal_000627,train,source,normal,C,20260909T140707Z-fe02ca99d55bb38bd334673f,20260909T140707Z-fe02ca99d55bb38bd334673f-dg-e00d1bd3fd63-000011,1,none,none,slow,normal-slow-2,rear,normal,clipped/audio_event_clean/normal/20260909T140707Z-fe02ca99d55bb38bd334673f-dg-e00d1bd3fd63-000011_ch1.wav,3DPrinter/train/section_00_source_train_normal_000627.wav,fffa72c3572fd2b8c4eacf8878460b0204670cdc9766480c20f6414f0d4c88bf,960044,8438844000,8439324000,58339b8cf7e0cd6d35bf85d1f1b3b8b7e4e19fc8c98b6b8729be6609d0a9f7a3,0,0,6b17a5b7426e68e9e8d68ea023c1e0be97617d85268fa0275af78e710ba37a99,saved_rule_based,1.63
section_00_source_train_normal_000628,train,source,normal,C,20260909T140707Z-fe02ca99d55bb38bd334673f,20260909T140707Z-fe02ca99d55bb38bd334673f-dg-e00d1bd3fd63-000017,1,none,none,slow,normal-slow-2,rear,normal,clipped/audio_event_clean/normal/20260909T140707Z-fe02ca99d55bb38bd334673f-dg-e00d1bd3fd63-000017_ch1.wav,3DPrinter/train/section_00_source_train_normal_000628.wav,277794e494f1e37d6da032299708f9e782242900ef0611ded689d4110e935086,960044,8441724000,8442204000,58339b8cf7e0cd6d35bf85d1f1b3b8b7e4e19fc8c98b6b8729be6609d0a9f7a3,0,0,6b17a5b7426e68e9e8d68ea023c1e0be97617d85268fa0275af78e710ba37a99,saved_rule_based,1.63
section_00_source_train_normal_000629,train,source,normal,C,20260909T140707Z-fe02ca99d55bb38bd334673f,20260909T140707Z-fe02ca99d55bb38bd334673f-dg-e00d1bd3fd63-000018,1,none,none,slow,normal-slow-2,rear,normal,clipped/audio_event_clean/normal/20260909T140707Z-fe02ca99d55bb38bd334673f-dg-e00d1bd3fd63-000018_ch1.wav,3DPrinter/train/section_00_source_train_normal_000629.wav,e9a9c01233a13b05ba894cf15e82e2f3925326d3bef27881c9e6f5df342cd307,960044,8442204000,8442684000,58339b8cf7e0cd6d35bf85d1f1b3b8b7e4e19fc8c98b6b8729be6609d0a9f7a3,0,0,6b17a5b7426e68e9e8d68ea023c1e0be97617d85268fa0275af78e710ba37a99,saved_rule_based,1.63
section_00_source_train_normal_000630,train,source,normal,C,20260909T140707Z-fe02ca99d55bb38bd334673f,20260909T140707Z-fe02ca99d55bb38bd334673f-dg-e00d1bd3fd63-000019,1,none,none,slow,normal-slow-2,rear,normal,clipped/audio_event_clean/normal/20260909T140707Z-fe02ca99d55bb38bd334673f-dg-e00d1bd3fd63-000019_ch1.wav,3DPrinter/train/section_00_source_train_normal_000630.wav,195164f4735a7cfb92d5eec9985cddd047113bc09d6db626885e2510c0678e09,960044,8442684000,8443164000,58339b8cf7e0cd6d35bf85d1f1b3b8b7e4e19fc8c98b6b8729be6609d0a9f7a3,0,0,6b17a5b7426e68e9e8d68ea023c1e0be97617d85268fa0275af78e710ba37a99,saved_rule_based,1.63
section_00_source_train_normal_000631,train,source,normal,C,20260909T140707Z-fe02ca99d55bb38bd334673f,20260909T140707Z-fe02ca99d55bb38bd334673f-dg-e00d1bd3fd63-000021,1,none,none,slow,normal-slow-2,rear,normal,clipped/audio_event_clean/normal/20260909T140707Z-fe02ca99d55bb38bd334673f-dg-e00d1bd3fd63-000021_ch1.wav,3DPrinter/train/section_00_source_train_normal_000631.wav,3f544108463ebccd3f14e3bb397f38d52edaab5c33858eac8f181fc0ceeafec9,960044,8443644000,8444124000,58339b8cf7e0cd6d35bf85d1f1b3b8b7e4e19fc8c98b6b8729be6609d0a9f7a3,0,0,6b17a5b7426e68e9e8d68ea023c1e0be97617d85268fa0275af78e710ba37a99,saved_rule_based,1.63
section_00_source_train_normal_000632,train,source,normal,C,20260909T140707Z-fe02ca99d55bb38bd334673f,20260909T140707Z-fe02ca99d55bb38bd334673f-dg-e00d1bd3fd63-000022,1,none,none,slow,normal-slow-2,rear,normal,clipped/audio_event_clean/normal/20260909T140707Z-fe02ca99d55bb38bd334673f-dg-e00d1bd3fd63-000022_ch1.wav,3DPrinter/train/section_00_source_train_normal_000632.wav,9ca68624dc5482b51d6d2fca4d0b22bda12468a1002c32cf0edf809f605ff5df,960044,8444124000,8444604000,58339b8cf7e0cd6d35bf85d1f1b3b8b7e4e19fc8c98b6b8729be6609d0a9f7a3,0,0,6b17a5b7426e68e9e8d68ea023c1e0be97617d85268fa0275af78e710ba37a99,saved_rule_based,1.63
section_00_source_train_normal_000633,train,source,normal,C,20260909T140707Z-fe02ca99d55bb38bd334673f,20260909T140707Z-fe02ca99d55bb38bd334673f-dg-e00d1bd3fd63-000030,1,none,none,slow,normal-slow-2,rear,normal,clipped/audio_event_clean/normal/20260909T140707Z-fe02ca99d55bb38bd334673f-dg-e00d1bd3fd63-000030_ch1.wav,3DPrinter/train/section_00_source_train_normal_000633.wav,2791c3fafb9125ca4e0e3240ab3a715ac90ee232923cd2660fba754485f6c059,960044,8447964000,8448444000,58339b8cf7e0cd6d35bf85d1f1b3b8b7e4e19fc8c98b6b8729be6609d0a9f7a3,0,0,6b17a5b7426e68e9e8d68ea023c1e0be97617d85268fa0275af78e710ba37a99,saved_rule_based,1.63
section_00_source_train_normal_000634,train,source,normal,C,20260909T140707Z-fe02ca99d55bb38bd334673f,20260909T140707Z-fe02ca99d55bb38bd334673f-dg-e00d1bd3fd63-000032,1,none,none,slow,normal-slow-2,rear,normal,clipped/audio_event_clean/normal/20260909T140707Z-fe02ca99d55bb38bd334673f-dg-e00d1bd3fd63-000032_ch1.wav,3DPrinter/train/section_00_source_train_normal_000634.wav,ff753f5fe80acaa45133b754151f74cd6ed9b88e5ce90189a4a1624903281c70,960044,8448924000,8449404000,58339b8cf7e0cd6d35bf85d1f1b3b8b7e4e19fc8c98b6b8729be6609d0a9f7a3,0,0,6b17a5b7426e68e9e8d68ea023c1e0be97617d85268fa0275af78e710ba37a99,saved_rule_based,1.63
section_00_source_train_normal_000635,train,source,normal,C,20260909T140707Z-fe02ca99d55bb38bd334673f,20260909T140707Z-fe02ca99d55bb38bd334673f-dg-e00d1bd3fd63-000033,1,none,none,slow,normal-slow-2,rear,normal,clipped/audio_event_clean/normal/20260909T140707Z-fe02ca99d55bb38bd334673f-dg-e00d1bd3fd63-000033_ch1.wav,3DPrinter/train/section_00_source_train_normal_000635.wav,add52b7a98fac7891ca961bd5821117240254dc43c927f2261ed50449559ca60,960044,8449404000,8449884000,58339b8cf7e0cd6d35bf85d1f1b3b8b7e4e19fc8c98b6b8729be6609d0a9f7a3,0,0,6b17a5b7426e68e9e8d68ea023c1e0be97617d85268fa0275af78e710ba37a99,saved_rule_based,1.63
section_00_source_train_normal_000636,train,source,normal,C,20260909T140707Z-fe02ca99d55bb38bd334673f,20260909T140707Z-fe02ca99d55bb38bd334673f-dg-e00d1bd3fd63-000037,1,none,none,slow,normal-slow-2,rear,normal,clipped/audio_event_clean/normal/20260909T140707Z-fe02ca99d55bb38bd334673f-dg-e00d1bd3fd63-000037_ch1.wav,3DPrinter/train/section_00_source_train_normal_000636.wav,47402588d679298f17cff131f2f673cff8543f92d3c0e5eb80c5bbd2893715be,960044,8451324000,8451804000,58339b8cf7e0cd6d35bf85d1f1b3b8b7e4e19fc8c98b6b8729be6609d0a9f7a3,0,0,6b17a5b7426e68e9e8d68ea023c1e0be97617d85268fa0275af78e710ba37a99,saved_rule_based,1.63
section_00_source_train_normal_000637,train,source,normal,C,20260909T140707Z-fe02ca99d55bb38bd334673f,20260909T140707Z-fe02ca99d55bb38bd334673f-dg-e00d1bd3fd63-000039,1,none,none,slow,normal-slow-2,rear,normal,clipped/audio_event_clean/normal/20260909T140707Z-fe02ca99d55bb38bd334673f-dg-e00d1bd3fd63-000039_ch1.wav,3DPrinter/train/section_00_source_train_normal_000637.wav,6e7bccf2b954a5fc04cfb7fb50cb438538a452042b2c850d2dd96ed766018e04,960044,8452284000,8452764000,58339b8cf7e0cd6d35bf85d1f1b3b8b7e4e19fc8c98b6b8729be6609d0a9f7a3,0,0,6b17a5b7426e68e9e8d68ea023c1e0be97617d85268fa0275af78e710ba37a99,saved_rule_based,1.63
section_00_source_train_normal_000638,train,source,normal,C,20260909T140707Z-fe02ca99d55bb38bd334673f,20260909T140707Z-fe02ca99d55bb38bd334673f-dg-e00d1bd3fd63-000040,1,none,none,slow,normal-slow-2,rear,normal,clipped/audio_event_clean/normal/20260909T140707Z-fe02ca99d55bb38bd334673f-dg-e00d1bd3fd63-000040_ch1.wav,3DPrinter/train/section_00_source_train_normal_000638.wav,89951e533ff9d13cebbbf3ad0bc39239f7506e92f00a52713ccbc0238026135b,960044,8452764000,8453244000,58339b8cf7e0cd6d35bf85d1f1b3b8b7e4e19fc8c98b6b8729be6609d0a9f7a3,0,0,6b17a5b7426e68e9e8d68ea023c1e0be97617d85268fa0275af78e710ba37a99,saved_rule_based,1.63
section_00_source_train_normal_000639,train,source,normal,C,20260909T140707Z-fe02ca99d55bb38bd334673f,20260909T140707Z-fe02ca99d55bb38bd334673f-dg-e00d1bd3fd63-000044,1,none,none,slow,normal-slow-2,rear,normal,clipped/audio_event_clean/normal/20260909T140707Z-fe02ca99d55bb38bd334673f-dg-e00d1bd3fd63-000044_ch1.wav,3DPrinter/train/section_00_source_train_normal_000639.wav,98890bb9ba51c8dcdf56fc90f8b8d957c8d89147403272300503dc281ad1ac5b,960044,8454684000,8455164000,58339b8cf7e0cd6d35bf85d1f1b3b8b7e4e19fc8c98b6b8729be6609d0a9f7a3,0,0,6b17a5b7426e68e9e8d68ea023c1e0be97617d85268fa0275af78e710ba37a99,saved_rule_based,1.63
section_00_source_train_normal_000640,train,source,normal,C,20260909T140707Z-fe02ca99d55bb38bd334673f,20260909T140707Z-fe02ca99d55bb38bd334673f-dg-e00d1bd3fd63-000045,1,none,none,slow,normal-slow-2,rear,normal,clipped/audio_event_clean/normal/20260909T140707Z-fe02ca99d55bb38bd334673f-dg-e00d1bd3fd63-000045_ch1.wav,3DPrinter/train/section_00_source_train_normal_000640.wav,6d338870af177cbc5a3ca3e403a17cb6d33751810b5f3f0dbb17cd93a3d3479c,960044,8455164000,8455644000,58339b8cf7e0cd6d35bf85d1f1b3b8b7e4e19fc8c98b6b8729be6609d0a9f7a3,0,0,6b17a5b7426e68e9e8d68ea023c1e0be97617d85268fa0275af78e710ba37a99,saved_rule_based,1.63
section_00_source_train_normal_000641,train,source,normal,C,20260909T140707Z-fe02ca99d55bb38bd334673f,20260909T140707Z-fe02ca99d55bb38bd334673f-dg-e00d1bd3fd63-000046,1,none,none,slow,normal-slow-2,rear,normal,clipped/audio_event_clean/normal/20260909T140707Z-fe02ca99d55bb38bd334673f-dg-e00d1bd3fd63-000046_ch1.wav,3DPrinter/train/section_00_source_train_normal_000641.wav,2383c85665076dc5488426be16a78430108ab2df8db97136955749b1c06c1b95,960044,8455644000,8456124000,58339b8cf7e0cd6d35bf85d1f1b3b8b7e4e19fc8c98b6b8729be6609d0a9f7a3,0,0,6b17a5b7426e68e9e8d68ea023c1e0be97617d85268fa0275af78e710ba37a99,saved_rule_based,1.63
section_00_source_train_normal_000642,train,source,normal,C,20260909T140707Z-fe02ca99d55bb38bd334673f,20260909T140707Z-fe02ca99d55bb38bd334673f-dg-e00d1bd3fd63-000047,1,none,none,slow,normal-slow-2,rear,normal,clipped/audio_event_clean/normal/20260909T140707Z-fe02ca99d55bb38bd334673f-dg-e00d1bd3fd63-000047_ch1.wav,3DPrinter/train/section_00_source_train_normal_000642.wav,5e2304c632f8338eb10fd44671eb86aacc95e926eb85bc71a8cc222a5fc47e51,960044,8456124000,8456604000,58339b8cf7e0cd6d35bf85d1f1b3b8b7e4e19fc8c98b6b8729be6609d0a9f7a3,0,0,6b17a5b7426e68e9e8d68ea023c1e0be97617d85268fa0275af78e710ba37a99,saved_rule_based,1.63
section_00_source_train_normal_000643,train,source,normal,C,20260909T140707Z-fe02ca99d55bb38bd334673f,20260909T140707Z-fe02ca99d55bb38bd334673f-dg-e00d1bd3fd63-000049,1,none,none,slow,normal-slow-2,rear,normal,clipped/audio_event_clean/normal/20260909T140707Z-fe02ca99d55bb38bd334673f-dg-e00d1bd3fd63-000049_ch1.wav,3DPrinter/train/section_00_source_train_normal_000643.wav,cc27038c5ceb4c38f62295ebc6ebdebd3c95989e3de0f7d42b59ebc67ec16bbe,960044,8457084000,8457564000,58339b8cf7e0cd6d35bf85d1f1b3b8b7e4e19fc8c98b6b8729be6609d0a9f7a3,0,0,6b17a5b7426e68e9e8d68ea023c1e0be97617d85268fa0275af78e710ba37a99,saved_rule_based,1.63
section_00_source_train_normal_000644,train,source,normal,C,20260909T140707Z-fe02ca99d55bb38bd334673f,20260909T140707Z-fe02ca99d55bb38bd334673f-dg-e00d1bd3fd63-000050,1,none,none,slow,normal-slow-2,rear,normal,clipped/audio_event_clean/normal/20260909T140707Z-fe02ca99d55bb38bd334673f-dg-e00d1bd3fd63-000050_ch1.wav,3DPrinter/train/section_00_source_train_normal_000644.wav,c19d99634bad759038232d47826dcfee7c78c57628f6f316f342c6b8d0ceefdf,960044,8457564000,8458044000,58339b8cf7e0cd6d35bf85d1f1b3b8b7e4e19fc8c98b6b8729be6609d0a9f7a3,0,0,6b17a5b7426e68e9e8d68ea023c1e0be97617d85268fa0275af78e710ba37a99,saved_rule_based,1.63
section_00_source_train_normal_000645,train,source,normal,C,20260909T140707Z-fe02ca99d55bb38bd334673f,20260909T140707Z-fe02ca99d55bb38bd334673f-dg-e00d1bd3fd63-000051,1,none,none,slow,normal-slow-2,rear,normal,clipped/audio_event_clean/normal/20260909T140707Z-fe02ca99d55bb38bd334673f-dg-e00d1bd3fd63-000051_ch1.wav,3DPrinter/train/section_00_source_train_normal_000645.wav,dc32d5a7077e94ed1fd03bf76ed39a28d423a1ca86deed4eed69b7fae8d5b391,960044,8458044000,8458524000,58339b8cf7e0cd6d35bf85d1f1b3b8b7e4e19fc8c98b6b8729be6609d0a9f7a3,0,0,6b17a5b7426e68e9e8d68ea023c1e0be97617d85268fa0275af78e710ba37a99,saved_rule_based,1.63
section_00_source_train_normal_000646,train,source,normal,C,20260909T140707Z-fe02ca99d55bb38bd334673f,20260909T140707Z-fe02ca99d55bb38bd334673f-dg-e00d1bd3fd63-000053,1,none,none,slow,normal-slow-2,rear,normal,clipped/audio_event_clean/normal/20260909T140707Z-fe02ca99d55bb38bd334673f-dg-e00d1bd3fd63-000053_ch1.wav,3DPrinter/train/section_00_source_train_normal_000646.wav,7313ef49f8195c55e1897712780ec3c5079db1dce09b517f0ba86fff9fa1efed,960044,8459004000,8459484000,58339b8cf7e0cd6d35bf85d1f1b3b8b7e4e19fc8c98b6b8729be6609d0a9f7a3,0,0,6b17a5b7426e68e9e8d68ea023c1e0be97617d85268fa0275af78e710ba37a99,saved_rule_based,1.63
section_00_source_train_normal_000647,train,source,normal,C,20260909T140707Z-fe02ca99d55bb38bd334673f,20260909T140707Z-fe02ca99d55bb38bd334673f-dg-e00d1bd3fd63-000055,1,none,none,slow,normal-slow-2,rear,normal,clipped/audio_event_clean/normal/20260909T140707Z-fe02ca99d55bb38bd334673f-dg-e00d1bd3fd63-000055_ch1.wav,3DPrinter/train/section_00_source_train_normal_000647.wav,fd4bac2b1856ceba67acdffd528b6b8f6cbcaa1599326cca09e6c1871eab5d52,960044,8459964000,8460444000,58339b8cf7e0cd6d35bf85d1f1b3b8b7e4e19fc8c98b6b8729be6609d0a9f7a3,0,0,6b17a5b7426e68e9e8d68ea023c1e0be97617d85268fa0275af78e710ba37a99,saved_rule_based,1.63
section_00_source_train_normal_000648,train,source,normal,C,20260909T140707Z-fe02ca99d55bb38bd334673f,20260909T140707Z-fe02ca99d55bb38bd334673f-dg-e00d1bd3fd63-000058,1,none,none,slow,normal-slow-2,rear,normal,clipped/audio_event_clean/normal/20260909T140707Z-fe02ca99d55bb38bd334673f-dg-e00d1bd3fd63-000058_ch1.wav,3DPrinter/train/section_00_source_train_normal_000648.wav,07ede5f54c4b710d79e795a5a809de9e2944f92b248b18fb140db084d23d4a77,960044,8461404000,8461884000,58339b8cf7e0cd6d35bf85d1f1b3b8b7e4e19fc8c98b6b8729be6609d0a9f7a3,0,0,6b17a5b7426e68e9e8d68ea023c1e0be97617d85268fa0275af78e710ba37a99,saved_rule_based,1.63
section_00_source_train_normal_000649,train,source,normal,C,20260909T140707Z-fe02ca99d55bb38bd334673f,20260909T140707Z-fe02ca99d55bb38bd334673f-dg-e00d1bd3fd63-000061,1,none,none,slow,normal-slow-2,rear,normal,clipped/audio_event_clean/normal/20260909T140707Z-fe02ca99d55bb38bd334673f-dg-e00d1bd3fd63-000061_ch1.wav,3DPrinter/train/section_00_source_train_normal_000649.wav,a27452f84e1d1d02e50a68d80e043dbe87830e592529cedebac8d626da3770ef,960044,8462844000,8463324000,58339b8cf7e0cd6d35bf85d1f1b3b8b7e4e19fc8c98b6b8729be6609d0a9f7a3,0,0,6b17a5b7426e68e9e8d68ea023c1e0be97617d85268fa0275af78e710ba37a99,saved_rule_based,1.63
section_00_source_train_normal_000650,train,source,normal,C,20260909T140707Z-fe02ca99d55bb38bd334673f,20260909T140707Z-fe02ca99d55bb38bd334673f-dg-e00d1bd3fd63-000062,1,none,none,slow,normal-slow-2,rear,normal,clipped/audio_event_clean/normal/20260909T140707Z-fe02ca99d55bb38bd334673f-dg-e00d1bd3fd63-000062_ch1.wav,3DPrinter/train/section_00_source_train_normal_000650.wav,0ed73102b150efb09770634f47d30e8cb00718c6420b67e8fd7771a2f0dd6b75,960044,8463324000,8463804000,58339b8cf7e0cd6d35bf85d1f1b3b8b7e4e19fc8c98b6b8729be6609d0a9f7a3,0,0,6b17a5b7426e68e9e8d68ea023c1e0be97617d85268fa0275af78e710ba37a99,saved_rule_based,1.63
section_00_source_train_normal_000651,train,source,normal,C,20260909T140707Z-fe02ca99d55bb38bd334673f,20260909T140707Z-fe02ca99d55bb38bd334673f-dg-e00d1bd3fd63-000066,1,none,none,slow,normal-slow-2,rear,normal,clipped/audio_event_clean/normal/20260909T140707Z-fe02ca99d55bb38bd334673f-dg-e00d1bd3fd63-000066_ch1.wav,3DPrinter/train/section_00_source_train_normal_000651.wav,d844a2d39f21a71bb57b174f618d43450e056981415e71d21b302a5852fa85aa,960044,8465244000,8465724000,58339b8cf7e0cd6d35bf85d1f1b3b8b7e4e19fc8c98b6b8729be6609d0a9f7a3,0,0,6b17a5b7426e68e9e8d68ea023c1e0be97617d85268fa0275af78e710ba37a99,saved_rule_based,1.63
section_00_source_train_normal_000652,train,source,normal,C,20260909T140707Z-fe02ca99d55bb38bd334673f,20260909T140707Z-fe02ca99d55bb38bd334673f-dg-e00d1bd3fd63-000068,1,none,none,slow,normal-slow-2,rear,normal,clipped/audio_event_clean/normal/20260909T140707Z-fe02ca99d55bb38bd334673f-dg-e00d1bd3fd63-000068_ch1.wav,3DPrinter/train/section_00_source_train_normal_000652.wav,512146aa09669528f54424108d805ba2c929c3b1b1c418b30ce878bb99c09fcc,960044,8466204000,8466684000,58339b8cf7e0cd6d35bf85d1f1b3b8b7e4e19fc8c98b6b8729be6609d0a9f7a3,0,0,6b17a5b7426e68e9e8d68ea023c1e0be97617d85268fa0275af78e710ba37a99,saved_rule_based,1.63
section_00_source_train_normal_000653,train,source,normal,C,20260909T140707Z-fe02ca99d55bb38bd334673f,20260909T140707Z-fe02ca99d55bb38bd334673f-dg-e00d1bd3fd63-000069,1,none,none,slow,normal-slow-2,rear,normal,clipped/audio_event_clean/normal/20260909T140707Z-fe02ca99d55bb38bd334673f-dg-e00d1bd3fd63-000069_ch1.wav,3DPrinter/train/section_00_source_train_normal_000653.wav,e8d17b6d0464afc3741cce534f383bf7d6fd57f861e9ebf58f613f24ac3f912f,960044,8466684000,8467164000,58339b8cf7e0cd6d35bf85d1f1b3b8b7e4e19fc8c98b6b8729be6609d0a9f7a3,0,0,6b17a5b7426e68e9e8d68ea023c1e0be97617d85268fa0275af78e710ba37a99,saved_rule_based,1.63
section_00_source_train_normal_000654,train,source,normal,C,20260909T140707Z-fe02ca99d55bb38bd334673f,20260909T140707Z-fe02ca99d55bb38bd334673f-dg-e00d1bd3fd63-000070,1,none,none,slow,normal-slow-2,rear,normal,clipped/audio_event_clean/normal/20260909T140707Z-fe02ca99d55bb38bd334673f-dg-e00d1bd3fd63-000070_ch1.wav,3DPrinter/train/section_00_source_train_normal_000654.wav,b64a2258d2676e4f087f438b76c3c4b36b6f01559663839d93e58a4742678136,960044,8467164000,8467644000,58339b8cf7e0cd6d35bf85d1f1b3b8b7e4e19fc8c98b6b8729be6609d0a9f7a3,0,0,6b17a5b7426e68e9e8d68ea023c1e0be97617d85268fa0275af78e710ba37a99,saved_rule_based,1.63
section_00_source_train_normal_000655,train,source,normal,C,20260909T140707Z-fe02ca99d55bb38bd334673f,20260909T140707Z-fe02ca99d55bb38bd334673f-dg-e00d1bd3fd63-000075,1,none,none,slow,normal-slow-2,rear,normal,clipped/audio_event_clean/normal/20260909T140707Z-fe02ca99d55bb38bd334673f-dg-e00d1bd3fd63-000075_ch1.wav,3DPrinter/train/section_00_source_train_normal_000655.wav,a6e928b29f8816bfa7fa4ba2ebc5758f816f0323058a219c6cb77c23f22b37c0,960044,8469564000,8470044000,58339b8cf7e0cd6d35bf85d1f1b3b8b7e4e19fc8c98b6b8729be6609d0a9f7a3,0,0,6b17a5b7426e68e9e8d68ea023c1e0be97617d85268fa0275af78e710ba37a99,saved_rule_based,1.63
section_00_source_train_normal_000656,train,source,normal,C,20260909T140707Z-fe02ca99d55bb38bd334673f,20260909T140707Z-fe02ca99d55bb38bd334673f-dg-e00d1bd3fd63-000077,1,none,none,slow,normal-slow-2,rear,normal,clipped/audio_event_clean/normal/20260909T140707Z-fe02ca99d55bb38bd334673f-dg-e00d1bd3fd63-000077_ch1.wav,3DPrinter/train/section_00_source_train_normal_000656.wav,aaa6268c0b27aa92520c7b3ca34621fbd435d0a789a29948ae56b2468868dcd3,960044,8470524000,8471004000,58339b8cf7e0cd6d35bf85d1f1b3b8b7e4e19fc8c98b6b8729be6609d0a9f7a3,0,0,6b17a5b7426e68e9e8d68ea023c1e0be97617d85268fa0275af78e710ba37a99,saved_rule_based,1.63
section_00_source_train_normal_000657,train,source,normal,C,20260909T140707Z-fe02ca99d55bb38bd334673f,20260909T140707Z-fe02ca99d55bb38bd334673f-dg-e00d1bd3fd63-000078,1,none,none,slow,normal-slow-2,rear,normal,clipped/audio_event_clean/normal/20260909T140707Z-fe02ca99d55bb38bd334673f-dg-e00d1bd3fd63-000078_ch1.wav,3DPrinter/train/section_00_source_train_normal_000657.wav,65c09ccad034f3cc67cb4f69445c1ac3275cb78d5f2e991eec3591a90ba9a05f,960044,8471004000,8471484000,58339b8cf7e0cd6d35bf85d1f1b3b8b7e4e19fc8c98b6b8729be6609d0a9f7a3,0,0,6b17a5b7426e68e9e8d68ea023c1e0be97617d85268fa0275af78e710ba37a99,saved_rule_based,1.63
section_00_source_train_normal_000658,train,source,normal,C,20260909T140707Z-fe02ca99d55bb38bd334673f,20260909T140707Z-fe02ca99d55bb38bd334673f-dg-e00d1bd3fd63-000079,1,none,none,slow,normal-slow-2,rear,normal,clipped/audio_event_clean/normal/20260909T140707Z-fe02ca99d55bb38bd334673f-dg-e00d1bd3fd63-000079_ch1.wav,3DPrinter/train/section_00_source_train_normal_000658.wav,1a2d58ca685fb817068c11fd0942f9a1c995bab4f29df474baba219bc821e2da,960044,8471484000,8471964000,58339b8cf7e0cd6d35bf85d1f1b3b8b7e4e19fc8c98b6b8729be6609d0a9f7a3,0,0,6b17a5b7426e68e9e8d68ea023c1e0be97617d85268fa0275af78e710ba37a99,saved_rule_based,1.63
section_00_source_train_normal_000659,train,source,normal,C,20260909T140707Z-fe02ca99d55bb38bd334673f,20260909T140707Z-fe02ca99d55bb38bd334673f-dg-e00d1bd3fd63-000082,1,none,none,slow,normal-slow-2,rear,normal,clipped/audio_event_clean/normal/20260909T140707Z-fe02ca99d55bb38bd334673f-dg-e00d1bd3fd63-000082_ch1.wav,3DPrinter/train/section_00_source_train_normal_000659.wav,a13a7602ba09981a7484cab0ec6b39fcbae6a33289dbebb0e6e03782ba6c12dd,960044,8472924000,8473404000,58339b8cf7e0cd6d35bf85d1f1b3b8b7e4e19fc8c98b6b8729be6609d0a9f7a3,0,0,6b17a5b7426e68e9e8d68ea023c1e0be97617d85268fa0275af78e710ba37a99,saved_rule_based,1.63
section_00_source_train_normal_000660,train,source,normal,C,20260909T140707Z-fe02ca99d55bb38bd334673f,20260909T140707Z-fe02ca99d55bb38bd334673f-dg-e00d1bd3fd63-000084,1,none,none,slow,normal-slow-2,rear,normal,clipped/audio_event_clean/normal/20260909T140707Z-fe02ca99d55bb38bd334673f-dg-e00d1bd3fd63-000084_ch1.wav,3DPrinter/train/section_00_source_train_normal_000660.wav,dc77b8257d07976b742cfc7ff722f59e8c54f1d943ebbbae39b877b15785d35c,960044,8473884000,8474364000,58339b8cf7e0cd6d35bf85d1f1b3b8b7e4e19fc8c98b6b8729be6609d0a9f7a3,0,0,6b17a5b7426e68e9e8d68ea023c1e0be97617d85268fa0275af78e710ba37a99,saved_rule_based,1.63
section_00_source_train_normal_000661,train,source,normal,C,20260909T140707Z-fe02ca99d55bb38bd334673f,20260909T140707Z-fe02ca99d55bb38bd334673f-dg-e00d1bd3fd63-000085,1,none,none,slow,normal-slow-2,rear,normal,clipped/audio_event_clean/normal/20260909T140707Z-fe02ca99d55bb38bd334673f-dg-e00d1bd3fd63-000085_ch1.wav,3DPrinter/train/section_00_source_train_normal_000661.wav,449237eb9f2f56e8411ec92e5145b87b28612478bb9314d207eb29c5009ed271,960044,8474364000,8474844000,58339b8cf7e0cd6d35bf85d1f1b3b8b7e4e19fc8c98b6b8729be6609d0a9f7a3,0,0,6b17a5b7426e68e9e8d68ea023c1e0be97617d85268fa0275af78e710ba37a99,saved_rule_based,1.63
section_00_source_train_normal_000662,train,source,normal,C,20260909T140707Z-fe02ca99d55bb38bd334673f,20260909T140707Z-fe02ca99d55bb38bd334673f-dg-e00d1bd3fd63-000087,1,none,none,slow,normal-slow-2,rear,normal,clipped/audio_event_clean/normal/20260909T140707Z-fe02ca99d55bb38bd334673f-dg-e00d1bd3fd63-000087_ch1.wav,3DPrinter/train/section_00_source_train_normal_000662.wav,5dab108783361e2606ddcf7c682061d84ff19bdd18b8abef23970dc8be5a1576,960044,8475324000,8475804000,58339b8cf7e0cd6d35bf85d1f1b3b8b7e4e19fc8c98b6b8729be6609d0a9f7a3,0,0,6b17a5b7426e68e9e8d68ea023c1e0be97617d85268fa0275af78e710ba37a99,saved_rule_based,1.63
section_00_source_train_normal_000663,train,source,normal,C,20260909T140707Z-fe02ca99d55bb38bd334673f,20260909T140707Z-fe02ca99d55bb38bd334673f-dg-e00d1bd3fd63-000088,1,none,none,slow,normal-slow-2,rear,normal,clipped/audio_event_clean/normal/20260909T140707Z-fe02ca99d55bb38bd334673f-dg-e00d1bd3fd63-000088_ch1.wav,3DPrinter/train/section_00_source_train_normal_000663.wav,a211209ce339986ad276bea6ec345c4f8b611635a646c3f0886623bb1e3d6eba,960044,8475804000,8476284000,58339b8cf7e0cd6d35bf85d1f1b3b8b7e4e19fc8c98b6b8729be6609d0a9f7a3,0,0,6b17a5b7426e68e9e8d68ea023c1e0be97617d85268fa0275af78e710ba37a99,saved_rule_based,1.63
section_00_source_train_normal_000664,train,source,normal,C,20260909T140707Z-fe02ca99d55bb38bd334673f,20260909T140707Z-fe02ca99d55bb38bd334673f-dg-e00d1bd3fd63-000089,1,none,none,slow,normal-slow-2,rear,normal,clipped/audio_event_clean/normal/20260909T140707Z-fe02ca99d55bb38bd334673f-dg-e00d1bd3fd63-000089_ch1.wav,3DPrinter/train/section_00_source_train_normal_000664.wav,641094f34b324ae08f669e452140dc6d429a5ad0f64cb0a19e258325c236dac8,960044,8476284000,8476764000,58339b8cf7e0cd6d35bf85d1f1b3b8b7e4e19fc8c98b6b8729be6609d0a9f7a3,0,0,6b17a5b7426e68e9e8d68ea023c1e0be97617d85268fa0275af78e710ba37a99,saved_rule_based,1.63
section_00_source_train_normal_000665,train,source,normal,C,20260909T140707Z-fe02ca99d55bb38bd334673f,20260909T140707Z-fe02ca99d55bb38bd334673f-dg-e00d1bd3fd63-000091,1,none,none,slow,normal-slow-2,rear,normal,clipped/audio_event_clean/normal/20260909T140707Z-fe02ca99d55bb38bd334673f-dg-e00d1bd3fd63-000091_ch1.wav,3DPrinter/train/section_00_source_train_normal_000665.wav,5b4692b8ece8ac617cd95dc5e2b2e233ae92f48e6c38dcaf3ec99cecd6a73114,960044,8477244000,8477724000,58339b8cf7e0cd6d35bf85d1f1b3b8b7e4e19fc8c98b6b8729be6609d0a9f7a3,0,0,6b17a5b7426e68e9e8d68ea023c1e0be97617d85268fa0275af78e710ba37a99,saved_rule_based,1.63
section_00_source_train_normal_000666,train,source,normal,C,20260909T140707Z-fe02ca99d55bb38bd334673f,20260909T140707Z-fe02ca99d55bb38bd334673f-dg-e00d1bd3fd63-000098,1,none,none,slow,normal-slow-2,rear,normal,clipped/audio_event_clean/normal/20260909T140707Z-fe02ca99d55bb38bd334673f-dg-e00d1bd3fd63-000098_ch1.wav,3DPrinter/train/section_00_source_train_normal_000666.wav,f5dc7c234d264b0aa5fdda7aaefed3c7b8194ffbda8af759e9fa6dbe9e50a5c2,960044,8480604000,8481084000,58339b8cf7e0cd6d35bf85d1f1b3b8b7e4e19fc8c98b6b8729be6609d0a9f7a3,0,0,6b17a5b7426e68e9e8d68ea023c1e0be97617d85268fa0275af78e710ba37a99,saved_rule_based,1.63
section_00_source_train_normal_000667,train,source,normal,C,20260909T140707Z-fe02ca99d55bb38bd334673f,20260909T140707Z-fe02ca99d55bb38bd334673f-dg-e00d1bd3fd63-000101,1,none,none,slow,normal-slow-2,rear,normal,clipped/audio_event_clean/normal/20260909T140707Z-fe02ca99d55bb38bd334673f-dg-e00d1bd3fd63-000101_ch1.wav,3DPrinter/train/section_00_source_train_normal_000667.wav,f6c024593bc44b49c33125088c13fbee6033c4ed1395f11669fcb0878940222d,960044,8482044000,8482524000,58339b8cf7e0cd6d35bf85d1f1b3b8b7e4e19fc8c98b6b8729be6609d0a9f7a3,0,0,6b17a5b7426e68e9e8d68ea023c1e0be97617d85268fa0275af78e710ba37a99,saved_rule_based,1.63
section_00_source_train_normal_000668,train,source,normal,C,20260909T140707Z-fe02ca99d55bb38bd334673f,20260909T140707Z-fe02ca99d55bb38bd334673f-dg-e00d1bd3fd63-000104,1,none,none,slow,normal-slow-2,rear,normal,clipped/audio_event_clean/normal/20260909T140707Z-fe02ca99d55bb38bd334673f-dg-e00d1bd3fd63-000104_ch1.wav,3DPrinter/train/section_00_source_train_normal_000668.wav,cfde1360311170830090579d81183b2dd01b4ec271bcfff91329292ffdc22c74,960044,8483484000,8483964000,58339b8cf7e0cd6d35bf85d1f1b3b8b7e4e19fc8c98b6b8729be6609d0a9f7a3,0,0,6b17a5b7426e68e9e8d68ea023c1e0be97617d85268fa0275af78e710ba37a99,saved_rule_based,1.63
section_00_source_train_normal_000669,train,source,normal,C,20260909T140707Z-fe02ca99d55bb38bd334673f,20260909T140707Z-fe02ca99d55bb38bd334673f-dg-e00d1bd3fd63-000105,1,none,none,slow,normal-slow-2,rear,normal,clipped/audio_event_clean/normal/20260909T140707Z-fe02ca99d55bb38bd334673f-dg-e00d1bd3fd63-000105_ch1.wav,3DPrinter/train/section_00_source_train_normal_000669.wav,ef5479c9d8688f9ecbae721ae0b5e614aef53fbba25a6f45317a1e3743384751,960044,8483964000,8484444000,58339b8cf7e0cd6d35bf85d1f1b3b8b7e4e19fc8c98b6b8729be6609d0a9f7a3,0,0,6b17a5b7426e68e9e8d68ea023c1e0be97617d85268fa0275af78e710ba37a99,saved_rule_based,1.63
section_00_source_train_normal_000670,train,source,normal,C,20260909T140707Z-fe02ca99d55bb38bd334673f,20260909T140707Z-fe02ca99d55bb38bd334673f-dg-e00d1bd3fd63-000106,1,none,none,slow,normal-slow-2,rear,normal,clipped/audio_event_clean/normal/20260909T140707Z-fe02ca99d55bb38bd334673f-dg-e00d1bd3fd63-000106_ch1.wav,3DPrinter/train/section_00_source_train_normal_000670.wav,27a57ef3f8fc7c253c3420ffaa335f80cada8d09a88d8a85d0f4acf6871a75c2,960044,8484444000,8484924000,58339b8cf7e0cd6d35bf85d1f1b3b8b7e4e19fc8c98b6b8729be6609d0a9f7a3,0,0,6b17a5b7426e68e9e8d68ea023c1e0be97617d85268fa0275af78e710ba37a99,saved_rule_based,1.63
section_00_source_train_normal_000671,train,source,normal,C,20260909T140707Z-fe02ca99d55bb38bd334673f,20260909T140707Z-fe02ca99d55bb38bd334673f-dg-e00d1bd3fd63-000109,1,none,none,slow,normal-slow-2,rear,normal,clipped/audio_event_clean/normal/20260909T140707Z-fe02ca99d55bb38bd334673f-dg-e00d1bd3fd63-000109_ch1.wav,3DPrinter/train/section_00_source_train_normal_000671.wav,f5fa6fd614d3f0ef954d46a0e24941cab16a658031f485de22bd6c4386624dee,960044,8485884000,8486364000,58339b8cf7e0cd6d35bf85d1f1b3b8b7e4e19fc8c98b6b8729be6609d0a9f7a3,0,0,6b17a5b7426e68e9e8d68ea023c1e0be97617d85268fa0275af78e710ba37a99,saved_rule_based,1.63
section_00_source_train_normal_000672,train,source,normal,C,20260909T140707Z-fe02ca99d55bb38bd334673f,20260909T140707Z-fe02ca99d55bb38bd334673f-dg-e00d1bd3fd63-000111,1,none,none,slow,normal-slow-2,rear,normal,clipped/audio_event_clean/normal/20260909T140707Z-fe02ca99d55bb38bd334673f-dg-e00d1bd3fd63-000111_ch1.wav,3DPrinter/train/section_00_source_train_normal_000672.wav,8b7111420c399023bc535f2a10db8cc0df414dde713cd8b53b97be64246e80cd,960044,8486844000,8487324000,58339b8cf7e0cd6d35bf85d1f1b3b8b7e4e19fc8c98b6b8729be6609d0a9f7a3,0,0,6b17a5b7426e68e9e8d68ea023c1e0be97617d85268fa0275af78e710ba37a99,saved_rule_based,1.63
section_00_source_train_normal_000673,train,source,normal,C,20260909T140707Z-fe02ca99d55bb38bd334673f,20260909T140707Z-fe02ca99d55bb38bd334673f-dg-e00d1bd3fd63-000114,1,none,none,slow,normal-slow-2,rear,normal,clipped/audio_event_clean/normal/20260909T140707Z-fe02ca99d55bb38bd334673f-dg-e00d1bd3fd63-000114_ch1.wav,3DPrinter/train/section_00_source_train_normal_000673.wav,fb13406bf8ab3f53c8736044dffe86c76b437fb13b2782c9200b3a316c25fe7e,960044,8488284000,8488764000,58339b8cf7e0cd6d35bf85d1f1b3b8b7e4e19fc8c98b6b8729be6609d0a9f7a3,0,0,6b17a5b7426e68e9e8d68ea023c1e0be97617d85268fa0275af78e710ba37a99,saved_rule_based,1.63
section_00_source_train_normal_000674,train,source,normal,C,20260909T140707Z-fe02ca99d55bb38bd334673f,20260909T140707Z-fe02ca99d55bb38bd334673f-dg-e00d1bd3fd63-000121,1,none,none,slow,normal-slow-2,rear,normal,clipped/audio_event_clean/normal/20260909T140707Z-fe02ca99d55bb38bd334673f-dg-e00d1bd3fd63-000121_ch1.wav,3DPrinter/train/section_00_source_train_normal_000674.wav,a5f905104e6e317fb4cea691a6d6f1c200c002cbe2581a605ad2d12f921c8bd0,960044,8491644000,8492124000,58339b8cf7e0cd6d35bf85d1f1b3b8b7e4e19fc8c98b6b8729be6609d0a9f7a3,0,0,6b17a5b7426e68e9e8d68ea023c1e0be97617d85268fa0275af78e710ba37a99,saved_rule_based,1.63
section_00_source_train_normal_000675,train,source,normal,C,20260909T140707Z-fe02ca99d55bb38bd334673f,20260909T140707Z-fe02ca99d55bb38bd334673f-dg-e00d1bd3fd63-000123,1,none,none,slow,normal-slow-2,rear,normal,clipped/audio_event_clean/normal/20260909T140707Z-fe02ca99d55bb38bd334673f-dg-e00d1bd3fd63-000123_ch1.wav,3DPrinter/train/section_00_source_train_normal_000675.wav,3e437acf71bb11b2fd06512b29dd8f0e23a56c09b3eed97fc6ab94f09ae0a281,960044,8492604000,8493084000,58339b8cf7e0cd6d35bf85d1f1b3b8b7e4e19fc8c98b6b8729be6609d0a9f7a3,0,0,6b17a5b7426e68e9e8d68ea023c1e0be97617d85268fa0275af78e710ba37a99,saved_rule_based,1.63
section_00_source_train_normal_000676,train,source,normal,C,20260909T140707Z-fe02ca99d55bb38bd334673f,20260909T140707Z-fe02ca99d55bb38bd334673f-dg-e00d1bd3fd63-000124,1,none,none,slow,normal-slow-2,rear,normal,clipped/audio_event_clean/normal/20260909T140707Z-fe02ca99d55bb38bd334673f-dg-e00d1bd3fd63-000124_ch1.wav,3DPrinter/train/section_00_source_train_normal_000676.wav,0141ff7e30a1594cec618e5ea64610d19acfdbe78d12372f9a879bed82aa3dd1,960044,8493084000,8493564000,58339b8cf7e0cd6d35bf85d1f1b3b8b7e4e19fc8c98b6b8729be6609d0a9f7a3,0,0,6b17a5b7426e68e9e8d68ea023c1e0be97617d85268fa0275af78e710ba37a99,saved_rule_based,1.63
section_00_source_train_normal_000677,train,source,normal,C,20260909T140707Z-fe02ca99d55bb38bd334673f,20260909T140707Z-fe02ca99d55bb38bd334673f-dg-e00d1bd3fd63-000128,1,none,none,slow,normal-slow-2,rear,normal,clipped/audio_event_clean/normal/20260909T140707Z-fe02ca99d55bb38bd334673f-dg-e00d1bd3fd63-000128_ch1.wav,3DPrinter/train/section_00_source_train_normal_000677.wav,2577ef715aeffec9301049cf5838aaf05cc2b42c6314405170ee95eaf552549a,960044,8495004000,8495484000,58339b8cf7e0cd6d35bf85d1f1b3b8b7e4e19fc8c98b6b8729be6609d0a9f7a3,0,0,6b17a5b7426e68e9e8d68ea023c1e0be97617d85268fa0275af78e710ba37a99,saved_rule_based,1.63
section_00_source_train_normal_000678,train,source,normal,C,20260909T140707Z-fe02ca99d55bb38bd334673f,20260909T140707Z-fe02ca99d55bb38bd334673f-dg-e00d1bd3fd63-000130,1,none,none,slow,normal-slow-2,rear,normal,clipped/audio_event_clean/normal/20260909T140707Z-fe02ca99d55bb38bd334673f-dg-e00d1bd3fd63-000130_ch1.wav,3DPrinter/train/section_00_source_train_normal_000678.wav,79ea9281ea4ac4cdd6ac006dc00740a01aa3c7060435d369393a9d0bd0311ad7,960044,8495964000,8496444000,58339b8cf7e0cd6d35bf85d1f1b3b8b7e4e19fc8c98b6b8729be6609d0a9f7a3,0,0,6b17a5b7426e68e9e8d68ea023c1e0be97617d85268fa0275af78e710ba37a99,saved_rule_based,1.63
section_00_source_train_normal_000679,train,source,normal,C,20260909T140707Z-fe02ca99d55bb38bd334673f,20260909T140707Z-fe02ca99d55bb38bd334673f-dg-e00d1bd3fd63-000132,1,none,none,slow,normal-slow-2,rear,normal,clipped/audio_event_clean/normal/20260909T140707Z-fe02ca99d55bb38bd334673f-dg-e00d1bd3fd63-000132_ch1.wav,3DPrinter/train/section_00_source_train_normal_000679.wav,4d32c57357492501d528090d3268291abd5e0fd0ed601336e5b490015a07a0ca,960044,8496924000,8497404000,58339b8cf7e0cd6d35bf85d1f1b3b8b7e4e19fc8c98b6b8729be6609d0a9f7a3,0,0,6b17a5b7426e68e9e8d68ea023c1e0be97617d85268fa0275af78e710ba37a99,saved_rule_based,1.63
section_00_source_train_normal_000680,train,source,normal,C,20260909T140707Z-fe02ca99d55bb38bd334673f,20260909T140707Z-fe02ca99d55bb38bd334673f-dg-e00d1bd3fd63-000134,1,none,none,slow,normal-slow-2,rear,normal,clipped/audio_event_clean/normal/20260909T140707Z-fe02ca99d55bb38bd334673f-dg-e00d1bd3fd63-000134_ch1.wav,3DPrinter/train/section_00_source_train_normal_000680.wav,798aa5c79248ca096439eefde90a580e918f8fcf4e045c6bbd91cea9d82fbaaa,960044,8497884000,8498364000,58339b8cf7e0cd6d35bf85d1f1b3b8b7e4e19fc8c98b6b8729be6609d0a9f7a3,0,0,6b17a5b7426e68e9e8d68ea023c1e0be97617d85268fa0275af78e710ba37a99,saved_rule_based,1.63
section_00_source_train_normal_000681,train,source,normal,C,20260909T140707Z-fe02ca99d55bb38bd334673f,20260909T140707Z-fe02ca99d55bb38bd334673f-dg-e00d1bd3fd63-000139,1,none,none,slow,normal-slow-2,rear,normal,clipped/audio_event_clean/normal/20260909T140707Z-fe02ca99d55bb38bd334673f-dg-e00d1bd3fd63-000139_ch1.wav,3DPrinter/train/section_00_source_train_normal_000681.wav,bde45840261223ee1d55aa96a6f926809d324ec3bf60fd19b3146970e01bf39e,960044,8500284000,8500764000,58339b8cf7e0cd6d35bf85d1f1b3b8b7e4e19fc8c98b6b8729be6609d0a9f7a3,0,0,6b17a5b7426e68e9e8d68ea023c1e0be97617d85268fa0275af78e710ba37a99,saved_rule_based,1.63
section_00_source_train_normal_000682,train,source,normal,C,20260909T140707Z-fe02ca99d55bb38bd334673f,20260909T140707Z-fe02ca99d55bb38bd334673f-dg-e00d1bd3fd63-000143,1,none,none,slow,normal-slow-2,rear,normal,clipped/audio_event_clean/normal/20260909T140707Z-fe02ca99d55bb38bd334673f-dg-e00d1bd3fd63-000143_ch1.wav,3DPrinter/train/section_00_source_train_normal_000682.wav,dbe88c38352f245c9ade8cf680be9cbc01ab81cadd98e7cd5fa8a9d365b85097,960044,8502204000,8502684000,58339b8cf7e0cd6d35bf85d1f1b3b8b7e4e19fc8c98b6b8729be6609d0a9f7a3,0,0,6b17a5b7426e68e9e8d68ea023c1e0be97617d85268fa0275af78e710ba37a99,saved_rule_based,1.63
section_00_source_train_normal_000683,train,source,normal,C,20260909T140707Z-fe02ca99d55bb38bd334673f,20260909T140707Z-fe02ca99d55bb38bd334673f-dg-e00d1bd3fd63-000144,1,none,none,slow,normal-slow-2,rear,normal,clipped/audio_event_clean/normal/20260909T140707Z-fe02ca99d55bb38bd334673f-dg-e00d1bd3fd63-000144_ch1.wav,3DPrinter/train/section_00_source_train_normal_000683.wav,800cb056223de01705ceefc246698f8e6a2bf2ca48ea030c832518ddad5c7d26,960044,8502684000,8503164000,58339b8cf7e0cd6d35bf85d1f1b3b8b7e4e19fc8c98b6b8729be6609d0a9f7a3,0,0,6b17a5b7426e68e9e8d68ea023c1e0be97617d85268fa0275af78e710ba37a99,saved_rule_based,1.63
section_00_source_train_normal_000684,train,source,normal,C,20260909T140707Z-fe02ca99d55bb38bd334673f,20260909T140707Z-fe02ca99d55bb38bd334673f-dg-e00d1bd3fd63-000149,1,none,none,slow,normal-slow-2,rear,normal,clipped/audio_event_clean/normal/20260909T140707Z-fe02ca99d55bb38bd334673f-dg-e00d1bd3fd63-000149_ch1.wav,3DPrinter/train/section_00_source_train_normal_000684.wav,a58a044eb9119f101c1f65fbdb5001b9a6bcf394ea690ecca775194779e6bc71,960044,8505084000,8505564000,58339b8cf7e0cd6d35bf85d1f1b3b8b7e4e19fc8c98b6b8729be6609d0a9f7a3,0,0,6b17a5b7426e68e9e8d68ea023c1e0be97617d85268fa0275af78e710ba37a99,saved_rule_based,1.63
section_00_source_train_normal_000685,train,source,normal,C,20260909T140707Z-fe02ca99d55bb38bd334673f,20260909T140707Z-fe02ca99d55bb38bd334673f-dg-e00d1bd3fd63-000150,1,none,none,slow,normal-slow-2,rear,normal,clipped/audio_event_clean/normal/20260909T140707Z-fe02ca99d55bb38bd334673f-dg-e00d1bd3fd63-000150_ch1.wav,3DPrinter/train/section_00_source_train_normal_000685.wav,f978c85afba245a4c0b95969562265383ffcd312e94c6ec5a8d2233624eead3b,960044,8505564000,8506044000,58339b8cf7e0cd6d35bf85d1f1b3b8b7e4e19fc8c98b6b8729be6609d0a9f7a3,0,0,6b17a5b7426e68e9e8d68ea023c1e0be97617d85268fa0275af78e710ba37a99,saved_rule_based,1.63
section_00_source_train_normal_000686,train,source,normal,C,20260909T140707Z-fe02ca99d55bb38bd334673f,20260909T140707Z-fe02ca99d55bb38bd334673f-dg-e00d1bd3fd63-000151,1,none,none,slow,normal-slow-2,rear,normal,clipped/audio_event_clean/normal/20260909T140707Z-fe02ca99d55bb38bd334673f-dg-e00d1bd3fd63-000151_ch1.wav,3DPrinter/train/section_00_source_train_normal_000686.wav,089453e0f91c0b9c38ac845da4f46f3c83c0d4a047a258de360cf89b129537f5,960044,8506044000,8506524000,58339b8cf7e0cd6d35bf85d1f1b3b8b7e4e19fc8c98b6b8729be6609d0a9f7a3,0,0,6b17a5b7426e68e9e8d68ea023c1e0be97617d85268fa0275af78e710ba37a99,saved_rule_based,1.63
section_00_source_train_normal_000687,train,source,normal,C,20260909T140707Z-fe02ca99d55bb38bd334673f,20260909T140707Z-fe02ca99d55bb38bd334673f-dg-e00d1bd3fd63-000153,1,none,none,slow,normal-slow-2,rear,normal,clipped/audio_event_clean/normal/20260909T140707Z-fe02ca99d55bb38bd334673f-dg-e00d1bd3fd63-000153_ch1.wav,3DPrinter/train/section_00_source_train_normal_000687.wav,82ca4be0d2ee4f3528cda025ebe461af06bf738fb4709faa9eba1d20ae90689d,960044,8507004000,8507484000,58339b8cf7e0cd6d35bf85d1f1b3b8b7e4e19fc8c98b6b8729be6609d0a9f7a3,0,0,6b17a5b7426e68e9e8d68ea023c1e0be97617d85268fa0275af78e710ba37a99,saved_rule_based,1.63
section_00_source_train_normal_000688,train,source,normal,C,20260909T140707Z-fe02ca99d55bb38bd334673f,20260909T140707Z-fe02ca99d55bb38bd334673f-dg-e00d1bd3fd63-000154,1,none,none,slow,normal-slow-2,rear,normal,clipped/audio_event_clean/normal/20260909T140707Z-fe02ca99d55bb38bd334673f-dg-e00d1bd3fd63-000154_ch1.wav,3DPrinter/train/section_00_source_train_normal_000688.wav,6cce5fe5a5843760984eb6169ba539df5fba57a12f45514fbb6f108cac8eac3e,960044,8507484000,8507964000,58339b8cf7e0cd6d35bf85d1f1b3b8b7e4e19fc8c98b6b8729be6609d0a9f7a3,0,0,6b17a5b7426e68e9e8d68ea023c1e0be97617d85268fa0275af78e710ba37a99,saved_rule_based,1.63
section_00_source_train_normal_000689,train,source,normal,C,20260909T140707Z-fe02ca99d55bb38bd334673f,20260909T140707Z-fe02ca99d55bb38bd334673f-dg-e00d1bd3fd63-000156,1,none,none,slow,normal-slow-2,rear,normal,clipped/audio_event_clean/normal/20260909T140707Z-fe02ca99d55bb38bd334673f-dg-e00d1bd3fd63-000156_ch1.wav,3DPrinter/train/section_00_source_train_normal_000689.wav,0aa2362bdb42d6f837ab311d6ca15f4d684e2421c1f42e9c7220998d18c9a7f9,960044,8508444000,8508924000,58339b8cf7e0cd6d35bf85d1f1b3b8b7e4e19fc8c98b6b8729be6609d0a9f7a3,0,0,6b17a5b7426e68e9e8d68ea023c1e0be97617d85268fa0275af78e710ba37a99,saved_rule_based,1.63
section_00_source_train_normal_000690,train,source,normal,C,20260909T140707Z-fe02ca99d55bb38bd334673f,20260909T140707Z-fe02ca99d55bb38bd334673f-dg-e00d1bd3fd63-000159,1,none,none,slow,normal-slow-2,rear,normal,clipped/audio_event_clean/normal/20260909T140707Z-fe02ca99d55bb38bd334673f-dg-e00d1bd3fd63-000159_ch1.wav,3DPrinter/train/section_00_source_train_normal_000690.wav,6734195843e3683f139772efae13861c0eba74428b80a9afdcc4dfbbae6fa0d6,960044,8509884000,8510364000,58339b8cf7e0cd6d35bf85d1f1b3b8b7e4e19fc8c98b6b8729be6609d0a9f7a3,0,0,6b17a5b7426e68e9e8d68ea023c1e0be97617d85268fa0275af78e710ba37a99,saved_rule_based,1.63
section_00_source_train_normal_000691,train,source,normal,C,20260909T140707Z-fe02ca99d55bb38bd334673f,20260909T140707Z-fe02ca99d55bb38bd334673f-dg-e00d1bd3fd63-000162,1,none,none,slow,normal-slow-2,rear,normal,clipped/audio_event_clean/normal/20260909T140707Z-fe02ca99d55bb38bd334673f-dg-e00d1bd3fd63-000162_ch1.wav,3DPrinter/train/section_00_source_train_normal_000691.wav,d3d5ce28f7bc332df9750a9f574b7fb0a8d712f7c8c7fd4b9e9c46513da64329,960044,8511324000,8511804000,58339b8cf7e0cd6d35bf85d1f1b3b8b7e4e19fc8c98b6b8729be6609d0a9f7a3,0,0,6b17a5b7426e68e9e8d68ea023c1e0be97617d85268fa0275af78e710ba37a99,saved_rule_based,1.63
section_00_source_train_normal_000692,train,source,normal,C,20260909T140707Z-fe02ca99d55bb38bd334673f,20260909T140707Z-fe02ca99d55bb38bd334673f-dg-e00d1bd3fd63-000163,1,none,none,slow,normal-slow-2,rear,normal,clipped/audio_event_clean/normal/20260909T140707Z-fe02ca99d55bb38bd334673f-dg-e00d1bd3fd63-000163_ch1.wav,3DPrinter/train/section_00_source_train_normal_000692.wav,b3a49649256f8368a36ca5195b84661d74152cfdc3c29a329dcafd46fb316c83,960044,8511804000,8512284000,58339b8cf7e0cd6d35bf85d1f1b3b8b7e4e19fc8c98b6b8729be6609d0a9f7a3,0,0,6b17a5b7426e68e9e8d68ea023c1e0be97617d85268fa0275af78e710ba37a99,saved_rule_based,1.63
section_00_source_train_normal_000693,train,source,normal,C,20260909T140707Z-fe02ca99d55bb38bd334673f,20260909T140707Z-fe02ca99d55bb38bd334673f-dg-e00d1bd3fd63-000167,1,none,none,slow,normal-slow-2,rear,normal,clipped/audio_event_clean/normal/20260909T140707Z-fe02ca99d55bb38bd334673f-dg-e00d1bd3fd63-000167_ch1.wav,3DPrinter/train/section_00_source_train_normal_000693.wav,e4901b2c3c4b9aeae5e46a9b809f8239f07997332e16c5be6106cb172836615d,960044,8513724000,8514204000,58339b8cf7e0cd6d35bf85d1f1b3b8b7e4e19fc8c98b6b8729be6609d0a9f7a3,0,0,6b17a5b7426e68e9e8d68ea023c1e0be97617d85268fa0275af78e710ba37a99,saved_rule_based,1.63
section_00_source_train_normal_000694,train,source,normal,C,20260909T140707Z-fe02ca99d55bb38bd334673f,20260909T140707Z-fe02ca99d55bb38bd334673f-dg-e00d1bd3fd63-000169,1,none,none,slow,normal-slow-2,rear,normal,clipped/audio_event_clean/normal/20260909T140707Z-fe02ca99d55bb38bd334673f-dg-e00d1bd3fd63-000169_ch1.wav,3DPrinter/train/section_00_source_train_normal_000694.wav,9fa2ab3e977111e532faca5ff54722549914652d864e83353967b2f680653a4c,960044,8514684000,8515164000,58339b8cf7e0cd6d35bf85d1f1b3b8b7e4e19fc8c98b6b8729be6609d0a9f7a3,0,0,6b17a5b7426e68e9e8d68ea023c1e0be97617d85268fa0275af78e710ba37a99,saved_rule_based,1.63
section_00_source_train_normal_000695,train,source,normal,C,20260909T140707Z-fe02ca99d55bb38bd334673f,20260909T140707Z-fe02ca99d55bb38bd334673f-dg-e00d1bd3fd63-000171,1,none,none,slow,normal-slow-2,rear,normal,clipped/audio_event_clean/normal/20260909T140707Z-fe02ca99d55bb38bd334673f-dg-e00d1bd3fd63-000171_ch1.wav,3DPrinter/train/section_00_source_train_normal_000695.wav,792207f022514d01d6ed1e9b3facd94529305983330dcbadbd895bfe978e1353,960044,8515644000,8516124000,58339b8cf7e0cd6d35bf85d1f1b3b8b7e4e19fc8c98b6b8729be6609d0a9f7a3,0,0,6b17a5b7426e68e9e8d68ea023c1e0be97617d85268fa0275af78e710ba37a99,saved_rule_based,1.63
section_00_source_train_normal_000696,train,source,normal,C,20260909T140707Z-fe02ca99d55bb38bd334673f,20260909T140707Z-fe02ca99d55bb38bd334673f-dg-e00d1bd3fd63-000179,1,none,none,slow,normal-slow-2,rear,normal,clipped/audio_event_clean/normal/20260909T140707Z-fe02ca99d55bb38bd334673f-dg-e00d1bd3fd63-000179_ch1.wav,3DPrinter/train/section_00_source_train_normal_000696.wav,3100b7f4bf52b35a32b7f46a8c3ae86a4cee3786060b62f27acdc784bd5e3324,960044,8519484000,8519964000,58339b8cf7e0cd6d35bf85d1f1b3b8b7e4e19fc8c98b6b8729be6609d0a9f7a3,0,0,6b17a5b7426e68e9e8d68ea023c1e0be97617d85268fa0275af78e710ba37a99,saved_rule_based,1.63
section_00_source_train_normal_000697,train,source,normal,C,20260909T140707Z-fe02ca99d55bb38bd334673f,20260909T140707Z-fe02ca99d55bb38bd334673f-dg-e00d1bd3fd63-000180,1,none,none,slow,normal-slow-2,rear,normal,clipped/audio_event_clean/normal/20260909T140707Z-fe02ca99d55bb38bd334673f-dg-e00d1bd3fd63-000180_ch1.wav,3DPrinter/train/section_00_source_train_normal_000697.wav,9d40992f4051a6c2f74a2d43fa2b682eb26126a07abb1890976e02f2c7582fc5,960044,8519964000,8520444000,58339b8cf7e0cd6d35bf85d1f1b3b8b7e4e19fc8c98b6b8729be6609d0a9f7a3,0,0,6b17a5b7426e68e9e8d68ea023c1e0be97617d85268fa0275af78e710ba37a99,saved_rule_based,1.63
section_00_source_train_normal_000698,train,source,normal,C,20260909T140707Z-fe02ca99d55bb38bd334673f,20260909T140707Z-fe02ca99d55bb38bd334673f-dg-e00d1bd3fd63-000181,1,none,none,slow,normal-slow-2,rear,normal,clipped/audio_event_clean/normal/20260909T140707Z-fe02ca99d55bb38bd334673f-dg-e00d1bd3fd63-000181_ch1.wav,3DPrinter/train/section_00_source_train_normal_000698.wav,57ba4e23d3f87c5fb10fd99418e5205c9c8bf7ed8f787afe08fe8e2fe32b1c88,960044,8520444000,8520924000,58339b8cf7e0cd6d35bf85d1f1b3b8b7e4e19fc8c98b6b8729be6609d0a9f7a3,0,0,6b17a5b7426e68e9e8d68ea023c1e0be97617d85268fa0275af78e710ba37a99,saved_rule_based,1.63
section_00_source_train_normal_000699,train,source,normal,C,20260909T140707Z-fe02ca99d55bb38bd334673f,20260909T140707Z-fe02ca99d55bb38bd334673f-dg-e00d1bd3fd63-000187,1,none,none,slow,normal-slow-2,rear,normal,clipped/audio_event_clean/normal/20260909T140707Z-fe02ca99d55bb38bd334673f-dg-e00d1bd3fd63-000187_ch1.wav,3DPrinter/train/section_00_source_train_normal_000699.wav,abb2c83f1bd689f946709632b36ff2d6219725b667328224e8b3d0613cc6eacc,960044,8523324000,8523804000,58339b8cf7e0cd6d35bf85d1f1b3b8b7e4e19fc8c98b6b8729be6609d0a9f7a3,0,0,6b17a5b7426e68e9e8d68ea023c1e0be97617d85268fa0275af78e710ba37a99,saved_rule_based,1.63
section_00_source_train_normal_000700,train,source,normal,C,20260909T140707Z-fe02ca99d55bb38bd334673f,20260909T140707Z-fe02ca99d55bb38bd334673f-dg-e00d1bd3fd63-000188,1,none,none,slow,normal-slow-2,rear,normal,clipped/audio_event_clean/normal/20260909T140707Z-fe02ca99d55bb38bd334673f-dg-e00d1bd3fd63-000188_ch1.wav,3DPrinter/train/section_00_source_train_normal_000700.wav,e0ae9e76a589a70aa27357b0435ded4f404c636daeba4f5f8628ef9db20cef13,960044,8523804000,8524284000,58339b8cf7e0cd6d35bf85d1f1b3b8b7e4e19fc8c98b6b8729be6609d0a9f7a3,0,0,6b17a5b7426e68e9e8d68ea023c1e0be97617d85268fa0275af78e710ba37a99,saved_rule_based,1.63
section_00_source_train_normal_000701,train,source,normal,C,20260909T140707Z-fe02ca99d55bb38bd334673f,20260909T140707Z-fe02ca99d55bb38bd334673f-dg-e00d1bd3fd63-000190,1,none,none,slow,normal-slow-2,rear,normal,clipped/audio_event_clean/normal/20260909T140707Z-fe02ca99d55bb38bd334673f-dg-e00d1bd3fd63-000190_ch1.wav,3DPrinter/train/section_00_source_train_normal_000701.wav,6c68642a6407923ee077f77b92a91155376b895cb4b8033bbcec697bada9ab69,960044,8524764000,8525244000,58339b8cf7e0cd6d35bf85d1f1b3b8b7e4e19fc8c98b6b8729be6609d0a9f7a3,0,0,6b17a5b7426e68e9e8d68ea023c1e0be97617d85268fa0275af78e710ba37a99,saved_rule_based,1.63
section_00_source_train_normal_000702,train,source,normal,C,20260909T140707Z-fe02ca99d55bb38bd334673f,20260909T140707Z-fe02ca99d55bb38bd334673f-dg-e00d1bd3fd63-000194,1,none,none,slow,normal-slow-2,rear,normal,clipped/audio_event_clean/normal/20260909T140707Z-fe02ca99d55bb38bd334673f-dg-e00d1bd3fd63-000194_ch1.wav,3DPrinter/train/section_00_source_train_normal_000702.wav,debe968e4747a8f9c0a6c1c5682091d9b1906aecbc676e011941fae5abefb4ac,960044,8526684000,8527164000,58339b8cf7e0cd6d35bf85d1f1b3b8b7e4e19fc8c98b6b8729be6609d0a9f7a3,0,0,6b17a5b7426e68e9e8d68ea023c1e0be97617d85268fa0275af78e710ba37a99,saved_rule_based,1.63
section_00_source_train_normal_000703,train,source,normal,C,20260909T140707Z-fe02ca99d55bb38bd334673f,20260909T140707Z-fe02ca99d55bb38bd334673f-dg-e00d1bd3fd63-000196,1,none,none,slow,normal-slow-2,rear,normal,clipped/audio_event_clean/normal/20260909T140707Z-fe02ca99d55bb38bd334673f-dg-e00d1bd3fd63-000196_ch1.wav,3DPrinter/train/section_00_source_train_normal_000703.wav,d76e9c9397b136fad57da24e6dd34ead7c284e92f072ba1ff70a871bdd8c976b,960044,8527644000,8528124000,58339b8cf7e0cd6d35bf85d1f1b3b8b7e4e19fc8c98b6b8729be6609d0a9f7a3,0,0,6b17a5b7426e68e9e8d68ea023c1e0be97617d85268fa0275af78e710ba37a99,saved_rule_based,1.63
section_00_source_train_normal_000704,train,source,normal,C,20260909T140707Z-fe02ca99d55bb38bd334673f,20260909T140707Z-fe02ca99d55bb38bd334673f-dg-e00d1bd3fd63-000198,1,none,none,slow,normal-slow-2,rear,normal,clipped/audio_event_clean/normal/20260909T140707Z-fe02ca99d55bb38bd334673f-dg-e00d1bd3fd63-000198_ch1.wav,3DPrinter/train/section_00_source_train_normal_000704.wav,97a54d20808ba18d43b9dca5a75fc5538d53541d8c370d4da08eda628dd0d455,960044,8528604000,8529084000,58339b8cf7e0cd6d35bf85d1f1b3b8b7e4e19fc8c98b6b8729be6609d0a9f7a3,0,0,6b17a5b7426e68e9e8d68ea023c1e0be97617d85268fa0275af78e710ba37a99,saved_rule_based,1.63
section_00_source_train_normal_000705,train,source,normal,C,20260909T140707Z-fe02ca99d55bb38bd334673f,20260909T140707Z-fe02ca99d55bb38bd334673f-dg-e00d1bd3fd63-000200,1,none,none,slow,normal-slow-2,rear,normal,clipped/audio_event_clean/normal/20260909T140707Z-fe02ca99d55bb38bd334673f-dg-e00d1bd3fd63-000200_ch1.wav,3DPrinter/train/section_00_source_train_normal_000705.wav,2265826599dea55755f4c98657b5ad1ff64d7cfb840d28775df8ec76760f891b,960044,8529564000,8530044000,58339b8cf7e0cd6d35bf85d1f1b3b8b7e4e19fc8c98b6b8729be6609d0a9f7a3,0,0,6b17a5b7426e68e9e8d68ea023c1e0be97617d85268fa0275af78e710ba37a99,saved_rule_based,1.63
section_00_source_train_normal_000706,train,source,normal,C,20260909T140707Z-fe02ca99d55bb38bd334673f,20260909T140707Z-fe02ca99d55bb38bd334673f-dg-e00d1bd3fd63-000204,1,none,none,slow,normal-slow-2,rear,normal,clipped/audio_event_clean/normal/20260909T140707Z-fe02ca99d55bb38bd334673f-dg-e00d1bd3fd63-000204_ch1.wav,3DPrinter/train/section_00_source_train_normal_000706.wav,377d7fdf65d941bc6f06db6bf2ad0c128787b608c9e1d4521c6c389d79f45f6b,960044,8531484000,8531964000,58339b8cf7e0cd6d35bf85d1f1b3b8b7e4e19fc8c98b6b8729be6609d0a9f7a3,0,0,6b17a5b7426e68e9e8d68ea023c1e0be97617d85268fa0275af78e710ba37a99,saved_rule_based,1.63
section_00_source_train_normal_000707,train,source,normal,C,20260909T140707Z-fe02ca99d55bb38bd334673f,20260909T140707Z-fe02ca99d55bb38bd334673f-dg-e00d1bd3fd63-000207,1,none,none,slow,normal-slow-2,rear,normal,clipped/audio_event_clean/normal/20260909T140707Z-fe02ca99d55bb38bd334673f-dg-e00d1bd3fd63-000207_ch1.wav,3DPrinter/train/section_00_source_train_normal_000707.wav,50402584f41739639dd87e00d7dc78c6854f2dc5d9cb70ac90f3dd7bfa74af79,960044,8532924000,8533404000,58339b8cf7e0cd6d35bf85d1f1b3b8b7e4e19fc8c98b6b8729be6609d0a9f7a3,0,0,6b17a5b7426e68e9e8d68ea023c1e0be97617d85268fa0275af78e710ba37a99,saved_rule_based,1.63
section_00_source_train_normal_000708,train,source,normal,C,20260909T140707Z-fe02ca99d55bb38bd334673f,20260909T140707Z-fe02ca99d55bb38bd334673f-dg-e00d1bd3fd63-000211,1,none,none,slow,normal-slow-2,rear,normal,clipped/audio_event_clean/normal/20260909T140707Z-fe02ca99d55bb38bd334673f-dg-e00d1bd3fd63-000211_ch1.wav,3DPrinter/train/section_00_source_train_normal_000708.wav,f2a4e7cdacd7ace5ebfad59bc692a2002d9452313d22775ba00d6edc31fba912,960044,8534844000,8535324000,58339b8cf7e0cd6d35bf85d1f1b3b8b7e4e19fc8c98b6b8729be6609d0a9f7a3,0,0,6b17a5b7426e68e9e8d68ea023c1e0be97617d85268fa0275af78e710ba37a99,saved_rule_based,1.63
section_00_source_train_normal_000709,train,source,normal,C,20260909T140707Z-fe02ca99d55bb38bd334673f,20260909T140707Z-fe02ca99d55bb38bd334673f-dg-e00d1bd3fd63-000212,1,none,none,slow,normal-slow-2,rear,normal,clipped/audio_event_clean/normal/20260909T140707Z-fe02ca99d55bb38bd334673f-dg-e00d1bd3fd63-000212_ch1.wav,3DPrinter/train/section_00_source_train_normal_000709.wav,172a524a32e8814926abb1e0e9ef8973475113e763354c1442268027e991ab2f,960044,8535324000,8535804000,58339b8cf7e0cd6d35bf85d1f1b3b8b7e4e19fc8c98b6b8729be6609d0a9f7a3,0,0,6b17a5b7426e68e9e8d68ea023c1e0be97617d85268fa0275af78e710ba37a99,saved_rule_based,1.63
section_00_source_train_normal_000710,train,source,normal,C,20260909T140707Z-fe02ca99d55bb38bd334673f,20260909T140707Z-fe02ca99d55bb38bd334673f-dg-e00d1bd3fd63-000214,1,none,none,slow,normal-slow-2,rear,normal,clipped/audio_event_clean/normal/20260909T140707Z-fe02ca99d55bb38bd334673f-dg-e00d1bd3fd63-000214_ch1.wav,3DPrinter/train/section_00_source_train_normal_000710.wav,cd4729be499e6744cc58658c2b2146cd92cbcb6f20ba2f2ca924737c4ccdfa29,960044,8536284000,8536764000,58339b8cf7e0cd6d35bf85d1f1b3b8b7e4e19fc8c98b6b8729be6609d0a9f7a3,0,0,6b17a5b7426e68e9e8d68ea023c1e0be97617d85268fa0275af78e710ba37a99,saved_rule_based,1.63
section_00_source_train_normal_000711,train,source,normal,C,20260909T140707Z-fe02ca99d55bb38bd334673f,20260909T140707Z-fe02ca99d55bb38bd334673f-dg-e00d1bd3fd63-000216,1,none,none,slow,normal-slow-2,rear,normal,clipped/audio_event_clean/normal/20260909T140707Z-fe02ca99d55bb38bd334673f-dg-e00d1bd3fd63-000216_ch1.wav,3DPrinter/train/section_00_source_train_normal_000711.wav,238e4e845234190c675437f829bc4ef73de4756321f1ba2c5c20afce2a58de87,960044,8537244000,8537724000,58339b8cf7e0cd6d35bf85d1f1b3b8b7e4e19fc8c98b6b8729be6609d0a9f7a3,0,0,6b17a5b7426e68e9e8d68ea023c1e0be97617d85268fa0275af78e710ba37a99,saved_rule_based,1.63
section_00_source_train_normal_000712,train,source,normal,C,20260909T140707Z-fe02ca99d55bb38bd334673f,20260909T140707Z-fe02ca99d55bb38bd334673f-dg-e00d1bd3fd63-000217,1,none,none,slow,normal-slow-2,rear,normal,clipped/audio_event_clean/normal/20260909T140707Z-fe02ca99d55bb38bd334673f-dg-e00d1bd3fd63-000217_ch1.wav,3DPrinter/train/section_00_source_train_normal_000712.wav,49a5b9e3868f4a17b64bb721ff3b6df2d214795d011a1868220d357dc6d4a474,960044,8537724000,8538204000,58339b8cf7e0cd6d35bf85d1f1b3b8b7e4e19fc8c98b6b8729be6609d0a9f7a3,0,0,6b17a5b7426e68e9e8d68ea023c1e0be97617d85268fa0275af78e710ba37a99,saved_rule_based,1.63
section_00_source_train_normal_000713,train,source,normal,C,20260909T140707Z-fe02ca99d55bb38bd334673f,20260909T140707Z-fe02ca99d55bb38bd334673f-dg-e00d1bd3fd63-000218,1,none,none,slow,normal-slow-2,rear,normal,clipped/audio_event_clean/normal/20260909T140707Z-fe02ca99d55bb38bd334673f-dg-e00d1bd3fd63-000218_ch1.wav,3DPrinter/train/section_00_source_train_normal_000713.wav,88aa518d21164531f5e5bc1df75b1ea1893826030c1c25d6693c62dc7adecfac,960044,8538204000,8538684000,58339b8cf7e0cd6d35bf85d1f1b3b8b7e4e19fc8c98b6b8729be6609d0a9f7a3,0,0,6b17a5b7426e68e9e8d68ea023c1e0be97617d85268fa0275af78e710ba37a99,saved_rule_based,1.63
section_00_source_train_normal_000714,train,source,normal,C,20260909T140707Z-fe02ca99d55bb38bd334673f,20260909T140707Z-fe02ca99d55bb38bd334673f-dg-e00d1bd3fd63-000219,1,none,none,slow,normal-slow-2,rear,normal,clipped/audio_event_clean/normal/20260909T140707Z-fe02ca99d55bb38bd334673f-dg-e00d1bd3fd63-000219_ch1.wav,3DPrinter/train/section_00_source_train_normal_000714.wav,5e223de7e541d4a5ab22943bd1e3a698925d5fbb368279a910e5f59ecdaff126,960044,8538684000,8539164000,58339b8cf7e0cd6d35bf85d1f1b3b8b7e4e19fc8c98b6b8729be6609d0a9f7a3,0,0,6b17a5b7426e68e9e8d68ea023c1e0be97617d85268fa0275af78e710ba37a99,saved_rule_based,1.63
section_00_source_train_normal_000715,train,source,normal,C,20260909T140707Z-fe02ca99d55bb38bd334673f,20260909T140707Z-fe02ca99d55bb38bd334673f-dg-e00d1bd3fd63-000220,1,none,none,slow,normal-slow-2,rear,normal,clipped/audio_event_clean/normal/20260909T140707Z-fe02ca99d55bb38bd334673f-dg-e00d1bd3fd63-000220_ch1.wav,3DPrinter/train/section_00_source_train_normal_000715.wav,1b8d9a7774d6f604a0f2d50fa1fb6ed25d37ef64060a0949a1cd8d595b53af4c,960044,8539164000,8539644000,58339b8cf7e0cd6d35bf85d1f1b3b8b7e4e19fc8c98b6b8729be6609d0a9f7a3,0,0,6b17a5b7426e68e9e8d68ea023c1e0be97617d85268fa0275af78e710ba37a99,saved_rule_based,1.63
section_00_source_train_normal_000716,train,source,normal,C,20260909T140707Z-fe02ca99d55bb38bd334673f,20260909T140707Z-fe02ca99d55bb38bd334673f-dg-e00d1bd3fd63-000222,1,none,none,slow,normal-slow-2,rear,normal,clipped/audio_event_clean/normal/20260909T140707Z-fe02ca99d55bb38bd334673f-dg-e00d1bd3fd63-000222_ch1.wav,3DPrinter/train/section_00_source_train_normal_000716.wav,66f7e3266eaeaf210177f1133c8597b00598edaea1aacabe53a138b8ec346f72,960044,8540124000,8540604000,58339b8cf7e0cd6d35bf85d1f1b3b8b7e4e19fc8c98b6b8729be6609d0a9f7a3,0,0,6b17a5b7426e68e9e8d68ea023c1e0be97617d85268fa0275af78e710ba37a99,saved_rule_based,1.63
section_00_source_train_normal_000717,train,source,normal,C,20260909T140707Z-fe02ca99d55bb38bd334673f,20260909T140707Z-fe02ca99d55bb38bd334673f-dg-e00d1bd3fd63-000223,1,none,none,slow,normal-slow-2,rear,normal,clipped/audio_event_clean/normal/20260909T140707Z-fe02ca99d55bb38bd334673f-dg-e00d1bd3fd63-000223_ch1.wav,3DPrinter/train/section_00_source_train_normal_000717.wav,abc042338b758ded3d90840a6a4218b0e37b1895c7aa24e524da86121c93e149,960044,8540604000,8541084000,58339b8cf7e0cd6d35bf85d1f1b3b8b7e4e19fc8c98b6b8729be6609d0a9f7a3,0,0,6b17a5b7426e68e9e8d68ea023c1e0be97617d85268fa0275af78e710ba37a99,saved_rule_based,1.63
section_00_source_train_normal_000718,train,source,normal,C,20260909T140707Z-fe02ca99d55bb38bd334673f,20260909T140707Z-fe02ca99d55bb38bd334673f-dg-e00d1bd3fd63-000227,1,none,none,slow,normal-slow-2,rear,normal,clipped/audio_event_clean/normal/20260909T140707Z-fe02ca99d55bb38bd334673f-dg-e00d1bd3fd63-000227_ch1.wav,3DPrinter/train/section_00_source_train_normal_000718.wav,f471f621df75b2ab3827b3819b16f77e1d37239a45f8a967550e923d539888a6,960044,8542524000,8543004000,58339b8cf7e0cd6d35bf85d1f1b3b8b7e4e19fc8c98b6b8729be6609d0a9f7a3,0,0,6b17a5b7426e68e9e8d68ea023c1e0be97617d85268fa0275af78e710ba37a99,saved_rule_based,1.63
section_00_source_train_normal_000719,train,source,normal,C,20260909T140707Z-fe02ca99d55bb38bd334673f,20260909T140707Z-fe02ca99d55bb38bd334673f-dg-e00d1bd3fd63-000229,1,none,none,slow,normal-slow-2,rear,normal,clipped/audio_event_clean/normal/20260909T140707Z-fe02ca99d55bb38bd334673f-dg-e00d1bd3fd63-000229_ch1.wav,3DPrinter/train/section_00_source_train_normal_000719.wav,a441807b932d8698f2698a5724a674b21f64deee96ddcfbabf6045e7b95a4f26,960044,8543484000,8543964000,58339b8cf7e0cd6d35bf85d1f1b3b8b7e4e19fc8c98b6b8729be6609d0a9f7a3,0,0,6b17a5b7426e68e9e8d68ea023c1e0be97617d85268fa0275af78e710ba37a99,saved_rule_based,1.63
section_00_source_train_normal_000720,train,source,normal,C,20260909T140707Z-fe02ca99d55bb38bd334673f,20260909T140707Z-fe02ca99d55bb38bd334673f-dg-e00d1bd3fd63-000230,1,none,none,slow,normal-slow-2,rear,normal,clipped/audio_event_clean/normal/20260909T140707Z-fe02ca99d55bb38bd334673f-dg-e00d1bd3fd63-000230_ch1.wav,3DPrinter/train/section_00_source_train_normal_000720.wav,3335f9b65dfaf896dd168cd5df80c59e3af7fca3acb1428f55516f067f4e1643,960044,8543964000,8544444000,58339b8cf7e0cd6d35bf85d1f1b3b8b7e4e19fc8c98b6b8729be6609d0a9f7a3,0,0,6b17a5b7426e68e9e8d68ea023c1e0be97617d85268fa0275af78e710ba37a99,saved_rule_based,1.63
section_00_source_train_normal_000721,train,source,normal,C,20260909T140707Z-fe02ca99d55bb38bd334673f,20260909T140707Z-fe02ca99d55bb38bd334673f-dg-e00d1bd3fd63-000232,1,none,none,slow,normal-slow-2,rear,normal,clipped/audio_event_clean/normal/20260909T140707Z-fe02ca99d55bb38bd334673f-dg-e00d1bd3fd63-000232_ch1.wav,3DPrinter/train/section_00_source_train_normal_000721.wav,402d1828a793bd6260cff37d282da48c049683a82117aca6b2f35ca0c3a03320,960044,8544924000,8545404000,58339b8cf7e0cd6d35bf85d1f1b3b8b7e4e19fc8c98b6b8729be6609d0a9f7a3,0,0,6b17a5b7426e68e9e8d68ea023c1e0be97617d85268fa0275af78e710ba37a99,saved_rule_based,1.63
section_00_source_train_normal_000722,train,source,normal,C,20260909T140707Z-fe02ca99d55bb38bd334673f,20260909T140707Z-fe02ca99d55bb38bd334673f-dg-e00d1bd3fd63-000234,1,none,none,slow,normal-slow-2,rear,normal,clipped/audio_event_clean/normal/20260909T140707Z-fe02ca99d55bb38bd334673f-dg-e00d1bd3fd63-000234_ch1.wav,3DPrinter/train/section_00_source_train_normal_000722.wav,d2500c642fbaf512aab37688e44eb0743a95b458cf0c4b974184ca317e3dfd95,960044,8545884000,8546364000,58339b8cf7e0cd6d35bf85d1f1b3b8b7e4e19fc8c98b6b8729be6609d0a9f7a3,0,0,6b17a5b7426e68e9e8d68ea023c1e0be97617d85268fa0275af78e710ba37a99,saved_rule_based,1.63
section_00_source_train_normal_000723,train,source,normal,C,20260909T140707Z-fe02ca99d55bb38bd334673f,20260909T140707Z-fe02ca99d55bb38bd334673f-dg-e00d1bd3fd63-000235,1,none,none,slow,normal-slow-2,rear,normal,clipped/audio_event_clean/normal/20260909T140707Z-fe02ca99d55bb38bd334673f-dg-e00d1bd3fd63-000235_ch1.wav,3DPrinter/train/section_00_source_train_normal_000723.wav,d0ddd1a0cd8eccf501cf085d9f5b551ec150449391b6d2d1cacce99238880139,960044,8546364000,8546844000,58339b8cf7e0cd6d35bf85d1f1b3b8b7e4e19fc8c98b6b8729be6609d0a9f7a3,0,0,6b17a5b7426e68e9e8d68ea023c1e0be97617d85268fa0275af78e710ba37a99,saved_rule_based,1.63
section_00_source_train_normal_000724,train,source,normal,C,20260909T140707Z-fe02ca99d55bb38bd334673f,20260909T140707Z-fe02ca99d55bb38bd334673f-dg-e00d1bd3fd63-000237,1,none,none,slow,normal-slow-2,rear,normal,clipped/audio_event_clean/normal/20260909T140707Z-fe02ca99d55bb38bd334673f-dg-e00d1bd3fd63-000237_ch1.wav,3DPrinter/train/section_00_source_train_normal_000724.wav,7d446f5e20dbf426c141b386dd26932abc575d1fbaeed040206a7303712a756d,960044,8547324000,8547804000,58339b8cf7e0cd6d35bf85d1f1b3b8b7e4e19fc8c98b6b8729be6609d0a9f7a3,0,0,6b17a5b7426e68e9e8d68ea023c1e0be97617d85268fa0275af78e710ba37a99,saved_rule_based,1.63
section_00_source_train_normal_000725,train,source,normal,C,20260909T140707Z-fe02ca99d55bb38bd334673f,20260909T140707Z-fe02ca99d55bb38bd334673f-dg-e00d1bd3fd63-000239,1,none,none,slow,normal-slow-2,rear,normal,clipped/audio_event_clean/normal/20260909T140707Z-fe02ca99d55bb38bd334673f-dg-e00d1bd3fd63-000239_ch1.wav,3DPrinter/train/section_00_source_train_normal_000725.wav,53d6cd4ecd7d8a078be40eb262fa768a93910a677a3c44560f895755f944cd5a,960044,8548284000,8548764000,58339b8cf7e0cd6d35bf85d1f1b3b8b7e4e19fc8c98b6b8729be6609d0a9f7a3,0,0,6b17a5b7426e68e9e8d68ea023c1e0be97617d85268fa0275af78e710ba37a99,saved_rule_based,1.63
section_00_source_train_normal_000726,train,source,normal,C,20260909T140707Z-fe02ca99d55bb38bd334673f,20260909T140707Z-fe02ca99d55bb38bd334673f-dg-e00d1bd3fd63-000240,1,none,none,slow,normal-slow-2,rear,normal,clipped/audio_event_clean/normal/20260909T140707Z-fe02ca99d55bb38bd334673f-dg-e00d1bd3fd63-000240_ch1.wav,3DPrinter/train/section_00_source_train_normal_000726.wav,c9b677d9871729b029e0f2480952e26353dadc01591def545d4ae95295f184a6,960044,8548764000,8549244000,58339b8cf7e0cd6d35bf85d1f1b3b8b7e4e19fc8c98b6b8729be6609d0a9f7a3,0,0,6b17a5b7426e68e9e8d68ea023c1e0be97617d85268fa0275af78e710ba37a99,saved_rule_based,1.63
section_00_source_train_normal_000727,train,source,normal,C,20260909T140707Z-fe02ca99d55bb38bd334673f,20260909T140707Z-fe02ca99d55bb38bd334673f-dg-e00d1bd3fd63-000249,1,none,none,slow,normal-slow-2,rear,normal,clipped/audio_event_clean/normal/20260909T140707Z-fe02ca99d55bb38bd334673f-dg-e00d1bd3fd63-000249_ch1.wav,3DPrinter/train/section_00_source_train_normal_000727.wav,ec0cbb0be78ebd002f453d2e474cc416aa6df73c69a1511fe4887081f1b7fab8,960044,8553084000,8553564000,58339b8cf7e0cd6d35bf85d1f1b3b8b7e4e19fc8c98b6b8729be6609d0a9f7a3,0,0,6b17a5b7426e68e9e8d68ea023c1e0be97617d85268fa0275af78e710ba37a99,saved_rule_based,1.63
section_00_source_train_normal_000728,train,source,normal,C,20260909T140707Z-fe02ca99d55bb38bd334673f,20260909T140707Z-fe02ca99d55bb38bd334673f-dg-e00d1bd3fd63-000252,1,none,none,slow,normal-slow-2,rear,normal,clipped/audio_event_clean/normal/20260909T140707Z-fe02ca99d55bb38bd334673f-dg-e00d1bd3fd63-000252_ch1.wav,3DPrinter/train/section_00_source_train_normal_000728.wav,555ee2e8894a27862dbdd8ac475a638c2bbfdf6a4ac54f3a2194b71910f078e2,960044,8554524000,8555004000,58339b8cf7e0cd6d35bf85d1f1b3b8b7e4e19fc8c98b6b8729be6609d0a9f7a3,0,0,6b17a5b7426e68e9e8d68ea023c1e0be97617d85268fa0275af78e710ba37a99,saved_rule_based,1.63
section_00_source_train_normal_000729,train,source,normal,C,20260909T140707Z-fe02ca99d55bb38bd334673f,20260909T140707Z-fe02ca99d55bb38bd334673f-dg-e00d1bd3fd63-000255,1,none,none,slow,normal-slow-2,rear,normal,clipped/audio_event_clean/normal/20260909T140707Z-fe02ca99d55bb38bd334673f-dg-e00d1bd3fd63-000255_ch1.wav,3DPrinter/train/section_00_source_train_normal_000729.wav,d1f3dc94347fc5afcbf34a2f30dd36fc0d8475b7f95b0f4aacfea018a53ef7a6,960044,8555964000,8556444000,58339b8cf7e0cd6d35bf85d1f1b3b8b7e4e19fc8c98b6b8729be6609d0a9f7a3,0,0,6b17a5b7426e68e9e8d68ea023c1e0be97617d85268fa0275af78e710ba37a99,saved_rule_based,1.63
section_00_source_train_normal_000730,train,source,normal,C,20260909T140707Z-fe02ca99d55bb38bd334673f,20260909T140707Z-fe02ca99d55bb38bd334673f-dg-e00d1bd3fd63-000262,1,none,none,slow,normal-slow-2,rear,normal,clipped/audio_event_clean/normal/20260909T140707Z-fe02ca99d55bb38bd334673f-dg-e00d1bd3fd63-000262_ch1.wav,3DPrinter/train/section_00_source_train_normal_000730.wav,a8d6cb56aefb44ca289ae12cf7b6b6f849783e78be782b20a9702c9a723f0a7d,960044,8559324000,8559804000,58339b8cf7e0cd6d35bf85d1f1b3b8b7e4e19fc8c98b6b8729be6609d0a9f7a3,0,0,6b17a5b7426e68e9e8d68ea023c1e0be97617d85268fa0275af78e710ba37a99,saved_rule_based,1.63
section_00_source_train_normal_000731,train,source,normal,C,20260909T140707Z-fe02ca99d55bb38bd334673f,20260909T140707Z-fe02ca99d55bb38bd334673f-dg-e00d1bd3fd63-000264,1,none,none,slow,normal-slow-2,rear,normal,clipped/audio_event_clean/normal/20260909T140707Z-fe02ca99d55bb38bd334673f-dg-e00d1bd3fd63-000264_ch1.wav,3DPrinter/train/section_00_source_train_normal_000731.wav,f1c2acdde3ae8a171c07c866a2d17bec15e6bd215baed8dc82e136d71af96f86,960044,8560284000,8560764000,58339b8cf7e0cd6d35bf85d1f1b3b8b7e4e19fc8c98b6b8729be6609d0a9f7a3,0,0,6b17a5b7426e68e9e8d68ea023c1e0be97617d85268fa0275af78e710ba37a99,saved_rule_based,1.63
section_00_source_train_normal_000732,train,source,normal,C,20260909T140707Z-fe02ca99d55bb38bd334673f,20260909T140707Z-fe02ca99d55bb38bd334673f-dg-e00d1bd3fd63-000265,1,none,none,slow,normal-slow-2,rear,normal,clipped/audio_event_clean/normal/20260909T140707Z-fe02ca99d55bb38bd334673f-dg-e00d1bd3fd63-000265_ch1.wav,3DPrinter/train/section_00_source_train_normal_000732.wav,f3ab3265d775eb2406732f52ced61d47529ccc9c376e7c2092eee18e3a4d5e54,960044,8560764000,8561244000,58339b8cf7e0cd6d35bf85d1f1b3b8b7e4e19fc8c98b6b8729be6609d0a9f7a3,0,0,6b17a5b7426e68e9e8d68ea023c1e0be97617d85268fa0275af78e710ba37a99,saved_rule_based,1.63
section_00_source_train_normal_000733,train,source,normal,C,20260909T140707Z-fe02ca99d55bb38bd334673f,20260909T140707Z-fe02ca99d55bb38bd334673f-dg-e00d1bd3fd63-000267,1,none,none,slow,normal-slow-2,rear,normal,clipped/audio_event_clean/normal/20260909T140707Z-fe02ca99d55bb38bd334673f-dg-e00d1bd3fd63-000267_ch1.wav,3DPrinter/train/section_00_source_train_normal_000733.wav,a590b4cfc23796fda8600552e90015b0f5d7dd7b04036d61d28521f278cbf586,960044,8561724000,8562204000,58339b8cf7e0cd6d35bf85d1f1b3b8b7e4e19fc8c98b6b8729be6609d0a9f7a3,0,0,6b17a5b7426e68e9e8d68ea023c1e0be97617d85268fa0275af78e710ba37a99,saved_rule_based,1.63
section_00_source_train_normal_000734,train,source,normal,C,20260909T140707Z-fe02ca99d55bb38bd334673f,20260909T140707Z-fe02ca99d55bb38bd334673f-dg-e00d1bd3fd63-000269,1,none,none,slow,normal-slow-2,rear,normal,clipped/audio_event_clean/normal/20260909T140707Z-fe02ca99d55bb38bd334673f-dg-e00d1bd3fd63-000269_ch1.wav,3DPrinter/train/section_00_source_train_normal_000734.wav,cca6296f90cfc0a0f187c3eefae3323d4839bc70c25e68e3afca773ce6d17e5e,960044,8562684000,8563164000,58339b8cf7e0cd6d35bf85d1f1b3b8b7e4e19fc8c98b6b8729be6609d0a9f7a3,0,0,6b17a5b7426e68e9e8d68ea023c1e0be97617d85268fa0275af78e710ba37a99,saved_rule_based,1.63
section_00_source_train_normal_000735,train,source,normal,C,20260909T140707Z-fe02ca99d55bb38bd334673f,20260909T140707Z-fe02ca99d55bb38bd334673f-dg-e00d1bd3fd63-000274,1,none,none,slow,normal-slow-2,rear,normal,clipped/audio_event_clean/normal/20260909T140707Z-fe02ca99d55bb38bd334673f-dg-e00d1bd3fd63-000274_ch1.wav,3DPrinter/train/section_00_source_train_normal_000735.wav,f8117691f29d0fc6707d2ca090a765a5aeba11764b383716742cd82cebbc9844,960044,8565084000,8565564000,58339b8cf7e0cd6d35bf85d1f1b3b8b7e4e19fc8c98b6b8729be6609d0a9f7a3,0,0,6b17a5b7426e68e9e8d68ea023c1e0be97617d85268fa0275af78e710ba37a99,saved_rule_based,1.63
section_00_source_train_normal_000736,train,source,normal,C,20260909T140707Z-fe02ca99d55bb38bd334673f,20260909T140707Z-fe02ca99d55bb38bd334673f-dg-e00d1bd3fd63-000277,1,none,none,slow,normal-slow-2,rear,normal,clipped/audio_event_clean/normal/20260909T140707Z-fe02ca99d55bb38bd334673f-dg-e00d1bd3fd63-000277_ch1.wav,3DPrinter/train/section_00_source_train_normal_000736.wav,b433a089bb2f4d69d131d81dd16dfcfabc809c0a505194483638d919118be7f3,960044,8566524000,8567004000,58339b8cf7e0cd6d35bf85d1f1b3b8b7e4e19fc8c98b6b8729be6609d0a9f7a3,0,0,6b17a5b7426e68e9e8d68ea023c1e0be97617d85268fa0275af78e710ba37a99,saved_rule_based,1.63
section_00_source_train_normal_000737,train,source,normal,C,20260909T140707Z-fe02ca99d55bb38bd334673f,20260909T140707Z-fe02ca99d55bb38bd334673f-dg-e00d1bd3fd63-000281,1,none,none,slow,normal-slow-2,rear,normal,clipped/audio_event_clean/normal/20260909T140707Z-fe02ca99d55bb38bd334673f-dg-e00d1bd3fd63-000281_ch1.wav,3DPrinter/train/section_00_source_train_normal_000737.wav,c434fcd60cd02dca140559b45e62b17b3ede5e4339f0a671df3871f09c3705b9,960044,8568444000,8568924000,58339b8cf7e0cd6d35bf85d1f1b3b8b7e4e19fc8c98b6b8729be6609d0a9f7a3,0,0,6b17a5b7426e68e9e8d68ea023c1e0be97617d85268fa0275af78e710ba37a99,saved_rule_based,1.63
section_00_source_train_normal_000738,train,source,normal,C,20260909T140707Z-fe02ca99d55bb38bd334673f,20260909T140707Z-fe02ca99d55bb38bd334673f-dg-e00d1bd3fd63-000286,1,none,none,slow,normal-slow-2,rear,normal,clipped/audio_event_clean/normal/20260909T140707Z-fe02ca99d55bb38bd334673f-dg-e00d1bd3fd63-000286_ch1.wav,3DPrinter/train/section_00_source_train_normal_000738.wav,ff77cb78d521f4e908255d64398c2c208124a995eba333b4afe015a349fdad04,960044,8570844000,8571324000,58339b8cf7e0cd6d35bf85d1f1b3b8b7e4e19fc8c98b6b8729be6609d0a9f7a3,0,0,6b17a5b7426e68e9e8d68ea023c1e0be97617d85268fa0275af78e710ba37a99,saved_rule_based,1.63
section_00_source_train_normal_000739,train,source,normal,C,20260909T140707Z-fe02ca99d55bb38bd334673f,20260909T140707Z-fe02ca99d55bb38bd334673f-dg-e00d1bd3fd63-000288,1,none,none,slow,normal-slow-2,rear,normal,clipped/audio_event_clean/normal/20260909T140707Z-fe02ca99d55bb38bd334673f-dg-e00d1bd3fd63-000288_ch1.wav,3DPrinter/train/section_00_source_train_normal_000739.wav,c7d0962c44f119645c3a490275da2dac0118cec67f70c3818d7ab953921ae248,960044,8571804000,8572284000,58339b8cf7e0cd6d35bf85d1f1b3b8b7e4e19fc8c98b6b8729be6609d0a9f7a3,0,0,6b17a5b7426e68e9e8d68ea023c1e0be97617d85268fa0275af78e710ba37a99,saved_rule_based,1.63
section_00_source_train_normal_000740,train,source,normal,C,20260909T140707Z-fe02ca99d55bb38bd334673f,20260909T140707Z-fe02ca99d55bb38bd334673f-dg-e00d1bd3fd63-000292,1,none,none,slow,normal-slow-2,rear,normal,clipped/audio_event_clean/normal/20260909T140707Z-fe02ca99d55bb38bd334673f-dg-e00d1bd3fd63-000292_ch1.wav,3DPrinter/train/section_00_source_train_normal_000740.wav,10ac314355b1f837a40f8aa43788986fff0e39425674da918b0913a5afda0259,960044,8573724000,8574204000,58339b8cf7e0cd6d35bf85d1f1b3b8b7e4e19fc8c98b6b8729be6609d0a9f7a3,0,0,6b17a5b7426e68e9e8d68ea023c1e0be97617d85268fa0275af78e710ba37a99,saved_rule_based,1.63
section_00_source_train_normal_000741,train,source,normal,C,20260909T140707Z-fe02ca99d55bb38bd334673f,20260909T140707Z-fe02ca99d55bb38bd334673f-dg-e00d1bd3fd63-000299,1,none,none,slow,normal-slow-2,rear,normal,clipped/audio_event_clean/normal/20260909T140707Z-fe02ca99d55bb38bd334673f-dg-e00d1bd3fd63-000299_ch1.wav,3DPrinter/train/section_00_source_train_normal_000741.wav,ca5186e0eb35addae8fa81de6eef43b8d18d26133ed8a985454f52136fc3dc6a,960044,8577084000,8577564000,58339b8cf7e0cd6d35bf85d1f1b3b8b7e4e19fc8c98b6b8729be6609d0a9f7a3,0,0,6b17a5b7426e68e9e8d68ea023c1e0be97617d85268fa0275af78e710ba37a99,saved_rule_based,1.63
section_00_source_train_normal_000742,train,source,normal,C,20260909T131430Z-25f6c6cf594720724d1909bb,20260909T131430Z-25f6c6cf594720724d1909bb-dg-4470d4bd5dad-000002,2,none,none,slow,normal-slow-1,left,normal,clipped/audio_event_clean/normal/20260909T131430Z-25f6c6cf594720724d1909bb-dg-4470d4bd5dad-000002_ch2.wav,3DPrinter/train/section_00_source_train_normal_000742.wav,e7c44f7b2ad051e55d5de30842befa63282bb3425f622e69217925d7cbfd0877,960044,8282988000,8283468000,54fc6f490bf3028a61bbb10af8109deb1ca2474a512faae61d08a0b2b553164d,0,0,a7d9b5104f6fdb7ca780470a151026fdace566a5afb8abd302b9ab3bb7fc2251,saved_rule_based,1.77
section_00_source_train_normal_000743,train,source,normal,C,20260909T131430Z-25f6c6cf594720724d1909bb,20260909T131430Z-25f6c6cf594720724d1909bb-dg-4470d4bd5dad-000004,2,none,none,slow,normal-slow-1,left,normal,clipped/audio_event_clean/normal/20260909T131430Z-25f6c6cf594720724d1909bb-dg-4470d4bd5dad-000004_ch2.wav,3DPrinter/train/section_00_source_train_normal_000743.wav,3aa15808c2a249d02d6073d8218d3c2b1904e12d83342240ce9063fb106b784a,960044,8283948000,8284428000,54fc6f490bf3028a61bbb10af8109deb1ca2474a512faae61d08a0b2b553164d,0,0,a7d9b5104f6fdb7ca780470a151026fdace566a5afb8abd302b9ab3bb7fc2251,saved_rule_based,1.77
section_00_source_train_normal_000744,train,source,normal,C,20260909T131430Z-25f6c6cf594720724d1909bb,20260909T131430Z-25f6c6cf594720724d1909bb-dg-4470d4bd5dad-000008,2,none,none,slow,normal-slow-1,left,normal,clipped/audio_event_clean/normal/20260909T131430Z-25f6c6cf594720724d1909bb-dg-4470d4bd5dad-000008_ch2.wav,3DPrinter/train/section_00_source_train_normal_000744.wav,82a843bb2c7c32fb903e07a5682e6ebc23de0a30212cca01eb72dfd1b2d94749,960044,8285868000,8286348000,54fc6f490bf3028a61bbb10af8109deb1ca2474a512faae61d08a0b2b553164d,0,0,a7d9b5104f6fdb7ca780470a151026fdace566a5afb8abd302b9ab3bb7fc2251,saved_rule_based,1.77
section_00_source_train_normal_000745,train,source,normal,C,20260909T131430Z-25f6c6cf594720724d1909bb,20260909T131430Z-25f6c6cf594720724d1909bb-dg-4470d4bd5dad-000010,2,none,none,slow,normal-slow-1,left,normal,clipped/audio_event_clean/normal/20260909T131430Z-25f6c6cf594720724d1909bb-dg-4470d4bd5dad-000010_ch2.wav,3DPrinter/train/section_00_source_train_normal_000745.wav,3276f26c416e1e7d898ec52691b5c9035d2ad119042b483326b324c152db3bc9,960044,8286828000,8287308000,54fc6f490bf3028a61bbb10af8109deb1ca2474a512faae61d08a0b2b553164d,0,0,a7d9b5104f6fdb7ca780470a151026fdace566a5afb8abd302b9ab3bb7fc2251,saved_rule_based,1.77
section_00_source_train_normal_000746,train,source,normal,C,20260909T131430Z-25f6c6cf594720724d1909bb,20260909T131430Z-25f6c6cf594720724d1909bb-dg-4470d4bd5dad-000011,2,none,none,slow,normal-slow-1,left,normal,clipped/audio_event_clean/normal/20260909T131430Z-25f6c6cf594720724d1909bb-dg-4470d4bd5dad-000011_ch2.wav,3DPrinter/train/section_00_source_train_normal_000746.wav,fe8e56200bfc118574c8337dfc77df76ec49ca6012255e42a90d3a5d6908a9e1,960044,8287308000,8287788000,54fc6f490bf3028a61bbb10af8109deb1ca2474a512faae61d08a0b2b553164d,0,0,a7d9b5104f6fdb7ca780470a151026fdace566a5afb8abd302b9ab3bb7fc2251,saved_rule_based,1.77
section_00_source_train_normal_000747,train,source,normal,C,20260909T131430Z-25f6c6cf594720724d1909bb,20260909T131430Z-25f6c6cf594720724d1909bb-dg-4470d4bd5dad-000012,2,none,none,slow,normal-slow-1,left,normal,clipped/audio_event_clean/normal/20260909T131430Z-25f6c6cf594720724d1909bb-dg-4470d4bd5dad-000012_ch2.wav,3DPrinter/train/section_00_source_train_normal_000747.wav,af46671f115a147d74e870bd7a135f361eb8e6397c92f476f06113e1e61cd249,960044,8287788000,8288268000,54fc6f490bf3028a61bbb10af8109deb1ca2474a512faae61d08a0b2b553164d,0,0,a7d9b5104f6fdb7ca780470a151026fdace566a5afb8abd302b9ab3bb7fc2251,saved_rule_based,1.77
section_00_source_train_normal_000748,train,source,normal,C,20260909T131430Z-25f6c6cf594720724d1909bb,20260909T131430Z-25f6c6cf594720724d1909bb-dg-4470d4bd5dad-000015,2,none,none,slow,normal-slow-1,left,normal,clipped/audio_event_clean/normal/20260909T131430Z-25f6c6cf594720724d1909bb-dg-4470d4bd5dad-000015_ch2.wav,3DPrinter/train/section_00_source_train_normal_000748.wav,53f7607d4fc5903b48007f6b5f706382a57dd17574eb1b6d556494414024b31d,960044,8289228000,8289708000,54fc6f490bf3028a61bbb10af8109deb1ca2474a512faae61d08a0b2b553164d,0,0,a7d9b5104f6fdb7ca780470a151026fdace566a5afb8abd302b9ab3bb7fc2251,saved_rule_based,1.77
section_00_source_train_normal_000749,train,source,normal,C,20260909T131430Z-25f6c6cf594720724d1909bb,20260909T131430Z-25f6c6cf594720724d1909bb-dg-4470d4bd5dad-000016,2,none,none,slow,normal-slow-1,left,normal,clipped/audio_event_clean/normal/20260909T131430Z-25f6c6cf594720724d1909bb-dg-4470d4bd5dad-000016_ch2.wav,3DPrinter/train/section_00_source_train_normal_000749.wav,52f60bacea65ab99f340ff540b497b60b06f3ea36675c553575325d14d392273,960044,8289708000,8290188000,54fc6f490bf3028a61bbb10af8109deb1ca2474a512faae61d08a0b2b553164d,0,0,a7d9b5104f6fdb7ca780470a151026fdace566a5afb8abd302b9ab3bb7fc2251,saved_rule_based,1.77
section_00_source_train_normal_000750,train,source,normal,C,20260909T131430Z-25f6c6cf594720724d1909bb,20260909T131430Z-25f6c6cf594720724d1909bb-dg-4470d4bd5dad-000017,2,none,none,slow,normal-slow-1,left,normal,clipped/audio_event_clean/normal/20260909T131430Z-25f6c6cf594720724d1909bb-dg-4470d4bd5dad-000017_ch2.wav,3DPrinter/train/section_00_source_train_normal_000750.wav,507f43ea9b992dc0f45d83cd170166741c86b31f3c428987d81d908fbe35c717,960044,8290188000,8290668000,54fc6f490bf3028a61bbb10af8109deb1ca2474a512faae61d08a0b2b553164d,0,0,a7d9b5104f6fdb7ca780470a151026fdace566a5afb8abd302b9ab3bb7fc2251,saved_rule_based,1.77
section_00_source_train_normal_000751,train,source,normal,C,20260909T131430Z-25f6c6cf594720724d1909bb,20260909T131430Z-25f6c6cf594720724d1909bb-dg-4470d4bd5dad-000019,2,none,none,slow,normal-slow-1,left,normal,clipped/audio_event_clean/normal/20260909T131430Z-25f6c6cf594720724d1909bb-dg-4470d4bd5dad-000019_ch2.wav,3DPrinter/train/section_00_source_train_normal_000751.wav,1296236b0839b7e07cfd584b9766c5871ef9640ec5b482b9029a40e303a83177,960044,8291148000,8291628000,54fc6f490bf3028a61bbb10af8109deb1ca2474a512faae61d08a0b2b553164d,0,0,a7d9b5104f6fdb7ca780470a151026fdace566a5afb8abd302b9ab3bb7fc2251,saved_rule_based,1.77
section_00_source_train_normal_000752,train,source,normal,C,20260909T131430Z-25f6c6cf594720724d1909bb,20260909T131430Z-25f6c6cf594720724d1909bb-dg-4470d4bd5dad-000020,2,none,none,slow,normal-slow-1,left,normal,clipped/audio_event_clean/normal/20260909T131430Z-25f6c6cf594720724d1909bb-dg-4470d4bd5dad-000020_ch2.wav,3DPrinter/train/section_00_source_train_normal_000752.wav,d452a2be1e025c186fc9bea845101e805aa51fdcb26bd060fbc51155d884c65a,960044,8291628000,8292108000,54fc6f490bf3028a61bbb10af8109deb1ca2474a512faae61d08a0b2b553164d,0,0,a7d9b5104f6fdb7ca780470a151026fdace566a5afb8abd302b9ab3bb7fc2251,saved_rule_based,1.77
section_00_source_train_normal_000753,train,source,normal,C,20260909T131430Z-25f6c6cf594720724d1909bb,20260909T131430Z-25f6c6cf594720724d1909bb-dg-4470d4bd5dad-000021,2,none,none,slow,normal-slow-1,left,normal,clipped/audio_event_clean/normal/20260909T131430Z-25f6c6cf594720724d1909bb-dg-4470d4bd5dad-000021_ch2.wav,3DPrinter/train/section_00_source_train_normal_000753.wav,b5ac630f846ebcdc6576a9c5109904e67b7a936c896bab2a794f436d092d986b,960044,8292108000,8292588000,54fc6f490bf3028a61bbb10af8109deb1ca2474a512faae61d08a0b2b553164d,0,0,a7d9b5104f6fdb7ca780470a151026fdace566a5afb8abd302b9ab3bb7fc2251,saved_rule_based,1.77
section_00_source_train_normal_000754,train,source,normal,C,20260909T131430Z-25f6c6cf594720724d1909bb,20260909T131430Z-25f6c6cf594720724d1909bb-dg-4470d4bd5dad-000023,2,none,none,slow,normal-slow-1,left,normal,clipped/audio_event_clean/normal/20260909T131430Z-25f6c6cf594720724d1909bb-dg-4470d4bd5dad-000023_ch2.wav,3DPrinter/train/section_00_source_train_normal_000754.wav,411b36ba43e91f2b803954233fbfb97fa42d71fcd896e8000ac724532b915c13,960044,8293068000,8293548000,54fc6f490bf3028a61bbb10af8109deb1ca2474a512faae61d08a0b2b553164d,0,0,a7d9b5104f6fdb7ca780470a151026fdace566a5afb8abd302b9ab3bb7fc2251,saved_rule_based,1.77
section_00_source_train_normal_000755,train,source,normal,C,20260909T131430Z-25f6c6cf594720724d1909bb,20260909T131430Z-25f6c6cf594720724d1909bb-dg-4470d4bd5dad-000025,2,none,none,slow,normal-slow-1,left,normal,clipped/audio_event_clean/normal/20260909T131430Z-25f6c6cf594720724d1909bb-dg-4470d4bd5dad-000025_ch2.wav,3DPrinter/train/section_00_source_train_normal_000755.wav,afea814dad8d383551da5f1fb73f42786805bb481fbdf60fff664a236c4bdb92,960044,8294028000,8294508000,54fc6f490bf3028a61bbb10af8109deb1ca2474a512faae61d08a0b2b553164d,0,0,a7d9b5104f6fdb7ca780470a151026fdace566a5afb8abd302b9ab3bb7fc2251,saved_rule_based,1.77
section_00_source_train_normal_000756,train,source,normal,C,20260909T131430Z-25f6c6cf594720724d1909bb,20260909T131430Z-25f6c6cf594720724d1909bb-dg-4470d4bd5dad-000028,2,none,none,slow,normal-slow-1,left,normal,clipped/audio_event_clean/normal/20260909T131430Z-25f6c6cf594720724d1909bb-dg-4470d4bd5dad-000028_ch2.wav,3DPrinter/train/section_00_source_train_normal_000756.wav,ff3e159f375c6dba495168974790dd9ae810a87db545b34c90331b02809aeeca,960044,8295468000,8295948000,54fc6f490bf3028a61bbb10af8109deb1ca2474a512faae61d08a0b2b553164d,0,0,a7d9b5104f6fdb7ca780470a151026fdace566a5afb8abd302b9ab3bb7fc2251,saved_rule_based,1.77
section_00_source_train_normal_000757,train,source,normal,C,20260909T131430Z-25f6c6cf594720724d1909bb,20260909T131430Z-25f6c6cf594720724d1909bb-dg-4470d4bd5dad-000033,2,none,none,slow,normal-slow-1,left,normal,clipped/audio_event_clean/normal/20260909T131430Z-25f6c6cf594720724d1909bb-dg-4470d4bd5dad-000033_ch2.wav,3DPrinter/train/section_00_source_train_normal_000757.wav,292db9b253c515a7a093ad7ad16877c19befcfb5da554d069fd081dc7201e79d,960044,8297868000,8298348000,54fc6f490bf3028a61bbb10af8109deb1ca2474a512faae61d08a0b2b553164d,0,0,a7d9b5104f6fdb7ca780470a151026fdace566a5afb8abd302b9ab3bb7fc2251,saved_rule_based,1.77
section_00_source_train_normal_000758,train,source,normal,C,20260909T131430Z-25f6c6cf594720724d1909bb,20260909T131430Z-25f6c6cf594720724d1909bb-dg-4470d4bd5dad-000039,2,none,none,slow,normal-slow-1,left,normal,clipped/audio_event_clean/normal/20260909T131430Z-25f6c6cf594720724d1909bb-dg-4470d4bd5dad-000039_ch2.wav,3DPrinter/train/section_00_source_train_normal_000758.wav,02a3c3554adcf19bfa10bbb6cf8776ee63c2fe2d50d1d19acb50ff750cd377d6,960044,8300748000,8301228000,54fc6f490bf3028a61bbb10af8109deb1ca2474a512faae61d08a0b2b553164d,0,0,a7d9b5104f6fdb7ca780470a151026fdace566a5afb8abd302b9ab3bb7fc2251,saved_rule_based,1.77
section_00_source_train_normal_000759,train,source,normal,C,20260909T131430Z-25f6c6cf594720724d1909bb,20260909T131430Z-25f6c6cf594720724d1909bb-dg-4470d4bd5dad-000040,2,none,none,slow,normal-slow-1,left,normal,clipped/audio_event_clean/normal/20260909T131430Z-25f6c6cf594720724d1909bb-dg-4470d4bd5dad-000040_ch2.wav,3DPrinter/train/section_00_source_train_normal_000759.wav,0d68c0c10625559042c087be0d5d43801a9e08baba8fef312ebd42501c78eaff,960044,8301228000,8301708000,54fc6f490bf3028a61bbb10af8109deb1ca2474a512faae61d08a0b2b553164d,0,0,a7d9b5104f6fdb7ca780470a151026fdace566a5afb8abd302b9ab3bb7fc2251,saved_rule_based,1.77
section_00_source_train_normal_000760,train,source,normal,C,20260909T131430Z-25f6c6cf594720724d1909bb,20260909T131430Z-25f6c6cf594720724d1909bb-dg-4470d4bd5dad-000041,2,none,none,slow,normal-slow-1,left,normal,clipped/audio_event_clean/normal/20260909T131430Z-25f6c6cf594720724d1909bb-dg-4470d4bd5dad-000041_ch2.wav,3DPrinter/train/section_00_source_train_normal_000760.wav,c258835fd5831b25de6dfe335d144acd0eb1f08a383393588897f9f384d34156,960044,8301708000,8302188000,54fc6f490bf3028a61bbb10af8109deb1ca2474a512faae61d08a0b2b553164d,0,0,a7d9b5104f6fdb7ca780470a151026fdace566a5afb8abd302b9ab3bb7fc2251,saved_rule_based,1.77
section_00_source_train_normal_000761,train,source,normal,C,20260909T131430Z-25f6c6cf594720724d1909bb,20260909T131430Z-25f6c6cf594720724d1909bb-dg-4470d4bd5dad-000042,2,none,none,slow,normal-slow-1,left,normal,clipped/audio_event_clean/normal/20260909T131430Z-25f6c6cf594720724d1909bb-dg-4470d4bd5dad-000042_ch2.wav,3DPrinter/train/section_00_source_train_normal_000761.wav,343c6503c7e3bb01e1fe70503bd9f94b32f4f1ec75720b9f3057f7d595fb0453,960044,8302188000,8302668000,54fc6f490bf3028a61bbb10af8109deb1ca2474a512faae61d08a0b2b553164d,0,0,a7d9b5104f6fdb7ca780470a151026fdace566a5afb8abd302b9ab3bb7fc2251,saved_rule_based,1.77
section_00_source_train_normal_000762,train,source,normal,C,20260909T131430Z-25f6c6cf594720724d1909bb,20260909T131430Z-25f6c6cf594720724d1909bb-dg-4470d4bd5dad-000043,2,none,none,slow,normal-slow-1,left,normal,clipped/audio_event_clean/normal/20260909T131430Z-25f6c6cf594720724d1909bb-dg-4470d4bd5dad-000043_ch2.wav,3DPrinter/train/section_00_source_train_normal_000762.wav,97f6f97814a30f9a3c60025818c256fa40f03e427126df77419f2dfd9a4c2b88,960044,8302668000,8303148000,54fc6f490bf3028a61bbb10af8109deb1ca2474a512faae61d08a0b2b553164d,0,0,a7d9b5104f6fdb7ca780470a151026fdace566a5afb8abd302b9ab3bb7fc2251,saved_rule_based,1.77
section_00_source_train_normal_000763,train,source,normal,C,20260909T131430Z-25f6c6cf594720724d1909bb,20260909T131430Z-25f6c6cf594720724d1909bb-dg-4470d4bd5dad-000047,2,none,none,slow,normal-slow-1,left,normal,clipped/audio_event_clean/normal/20260909T131430Z-25f6c6cf594720724d1909bb-dg-4470d4bd5dad-000047_ch2.wav,3DPrinter/train/section_00_source_train_normal_000763.wav,38ac8aab870f441980d42973826d47bc4f79ef4de815424815ca14d71c7870a4,960044,8304588000,8305068000,54fc6f490bf3028a61bbb10af8109deb1ca2474a512faae61d08a0b2b553164d,0,0,a7d9b5104f6fdb7ca780470a151026fdace566a5afb8abd302b9ab3bb7fc2251,saved_rule_based,1.77
section_00_source_train_normal_000764,train,source,normal,C,20260909T131430Z-25f6c6cf594720724d1909bb,20260909T131430Z-25f6c6cf594720724d1909bb-dg-4470d4bd5dad-000050,2,none,none,slow,normal-slow-1,left,normal,clipped/audio_event_clean/normal/20260909T131430Z-25f6c6cf594720724d1909bb-dg-4470d4bd5dad-000050_ch2.wav,3DPrinter/train/section_00_source_train_normal_000764.wav,168da15d76731a332ede1663b2d151e7a2f75cfb26ca9b152bc776ac601123a7,960044,8306028000,8306508000,54fc6f490bf3028a61bbb10af8109deb1ca2474a512faae61d08a0b2b553164d,0,0,a7d9b5104f6fdb7ca780470a151026fdace566a5afb8abd302b9ab3bb7fc2251,saved_rule_based,1.77
section_00_source_train_normal_000765,train,source,normal,C,20260909T131430Z-25f6c6cf594720724d1909bb,20260909T131430Z-25f6c6cf594720724d1909bb-dg-4470d4bd5dad-000051,2,none,none,slow,normal-slow-1,left,normal,clipped/audio_event_clean/normal/20260909T131430Z-25f6c6cf594720724d1909bb-dg-4470d4bd5dad-000051_ch2.wav,3DPrinter/train/section_00_source_train_normal_000765.wav,e121842aac96f752200a81607045ebb56d58f7b79387f8513fe9ce24f2333860,960044,8306508000,8306988000,54fc6f490bf3028a61bbb10af8109deb1ca2474a512faae61d08a0b2b553164d,0,0,a7d9b5104f6fdb7ca780470a151026fdace566a5afb8abd302b9ab3bb7fc2251,saved_rule_based,1.77
section_00_source_train_normal_000766,train,source,normal,C,20260909T131430Z-25f6c6cf594720724d1909bb,20260909T131430Z-25f6c6cf594720724d1909bb-dg-4470d4bd5dad-000052,2,none,none,slow,normal-slow-1,left,normal,clipped/audio_event_clean/normal/20260909T131430Z-25f6c6cf594720724d1909bb-dg-4470d4bd5dad-000052_ch2.wav,3DPrinter/train/section_00_source_train_normal_000766.wav,4f3faee43ed439f3918d886b89e481f0dd3cabd088567347aac1aa5253337c42,960044,8306988000,8307468000,54fc6f490bf3028a61bbb10af8109deb1ca2474a512faae61d08a0b2b553164d,0,0,a7d9b5104f6fdb7ca780470a151026fdace566a5afb8abd302b9ab3bb7fc2251,saved_rule_based,1.77
section_00_source_train_normal_000767,train,source,normal,C,20260909T131430Z-25f6c6cf594720724d1909bb,20260909T131430Z-25f6c6cf594720724d1909bb-dg-4470d4bd5dad-000055,2,none,none,slow,normal-slow-1,left,normal,clipped/audio_event_clean/normal/20260909T131430Z-25f6c6cf594720724d1909bb-dg-4470d4bd5dad-000055_ch2.wav,3DPrinter/train/section_00_source_train_normal_000767.wav,5bc2b298027e5efb4a472896658225fb588a6b502a79fe1a1912dcd0b028c933,960044,8308428000,8308908000,54fc6f490bf3028a61bbb10af8109deb1ca2474a512faae61d08a0b2b553164d,0,0,a7d9b5104f6fdb7ca780470a151026fdace566a5afb8abd302b9ab3bb7fc2251,saved_rule_based,1.77
section_00_source_train_normal_000768,train,source,normal,C,20260909T131430Z-25f6c6cf594720724d1909bb,20260909T131430Z-25f6c6cf594720724d1909bb-dg-4470d4bd5dad-000057,2,none,none,slow,normal-slow-1,left,normal,clipped/audio_event_clean/normal/20260909T131430Z-25f6c6cf594720724d1909bb-dg-4470d4bd5dad-000057_ch2.wav,3DPrinter/train/section_00_source_train_normal_000768.wav,84c9c91f89ad098848bba6bb9cf233b711b4346520e8d9dda7877fec69845faa,960044,8309388000,8309868000,54fc6f490bf3028a61bbb10af8109deb1ca2474a512faae61d08a0b2b553164d,0,0,a7d9b5104f6fdb7ca780470a151026fdace566a5afb8abd302b9ab3bb7fc2251,saved_rule_based,1.77
section_00_source_train_normal_000769,train,source,normal,C,20260909T131430Z-25f6c6cf594720724d1909bb,20260909T131430Z-25f6c6cf594720724d1909bb-dg-4470d4bd5dad-000058,2,none,none,slow,normal-slow-1,left,normal,clipped/audio_event_clean/normal/20260909T131430Z-25f6c6cf594720724d1909bb-dg-4470d4bd5dad-000058_ch2.wav,3DPrinter/train/section_00_source_train_normal_000769.wav,2885214f6c469e588619df7cadbdb6bc4a239643b3f4cc4ca86032d35f5bcd49,960044,8309868000,8310348000,54fc6f490bf3028a61bbb10af8109deb1ca2474a512faae61d08a0b2b553164d,0,0,a7d9b5104f6fdb7ca780470a151026fdace566a5afb8abd302b9ab3bb7fc2251,saved_rule_based,1.77
section_00_source_train_normal_000770,train,source,normal,C,20260909T131430Z-25f6c6cf594720724d1909bb,20260909T131430Z-25f6c6cf594720724d1909bb-dg-4470d4bd5dad-000059,2,none,none,slow,normal-slow-1,left,normal,clipped/audio_event_clean/normal/20260909T131430Z-25f6c6cf594720724d1909bb-dg-4470d4bd5dad-000059_ch2.wav,3DPrinter/train/section_00_source_train_normal_000770.wav,e633a715330b9cda011d65928227ca6e786c944a69c854157459e3e7a6380be1,960044,8310348000,8310828000,54fc6f490bf3028a61bbb10af8109deb1ca2474a512faae61d08a0b2b553164d,0,0,a7d9b5104f6fdb7ca780470a151026fdace566a5afb8abd302b9ab3bb7fc2251,saved_rule_based,1.77
section_00_source_train_normal_000771,train,source,normal,C,20260909T131430Z-25f6c6cf594720724d1909bb,20260909T131430Z-25f6c6cf594720724d1909bb-dg-4470d4bd5dad-000067,2,none,none,slow,normal-slow-1,left,normal,clipped/audio_event_clean/normal/20260909T131430Z-25f6c6cf594720724d1909bb-dg-4470d4bd5dad-000067_ch2.wav,3DPrinter/train/section_00_source_train_normal_000771.wav,7f63bd323491a2a108bd96e7f46c7afb94a7fcfcae7e91dda2ba36ad14a178d4,960044,8314188000,8314668000,54fc6f490bf3028a61bbb10af8109deb1ca2474a512faae61d08a0b2b553164d,0,0,a7d9b5104f6fdb7ca780470a151026fdace566a5afb8abd302b9ab3bb7fc2251,saved_rule_based,1.77
section_00_source_train_normal_000772,train,source,normal,C,20260909T131430Z-25f6c6cf594720724d1909bb,20260909T131430Z-25f6c6cf594720724d1909bb-dg-4470d4bd5dad-000069,2,none,none,slow,normal-slow-1,left,normal,clipped/audio_event_clean/normal/20260909T131430Z-25f6c6cf594720724d1909bb-dg-4470d4bd5dad-000069_ch2.wav,3DPrinter/train/section_00_source_train_normal_000772.wav,8fd7240670390dbfec477072219eb927e2ed873329b972f1dc9fa9f08ddfc070,960044,8315148000,8315628000,54fc6f490bf3028a61bbb10af8109deb1ca2474a512faae61d08a0b2b553164d,0,0,a7d9b5104f6fdb7ca780470a151026fdace566a5afb8abd302b9ab3bb7fc2251,saved_rule_based,1.77
section_00_source_train_normal_000773,train,source,normal,C,20260909T131430Z-25f6c6cf594720724d1909bb,20260909T131430Z-25f6c6cf594720724d1909bb-dg-4470d4bd5dad-000070,2,none,none,slow,normal-slow-1,left,normal,clipped/audio_event_clean/normal/20260909T131430Z-25f6c6cf594720724d1909bb-dg-4470d4bd5dad-000070_ch2.wav,3DPrinter/train/section_00_source_train_normal_000773.wav,dc1b57b06b8a618f8f6942171bed6938997c147005a1ae78ba777589ca7d46a1,960044,8315628000,8316108000,54fc6f490bf3028a61bbb10af8109deb1ca2474a512faae61d08a0b2b553164d,0,0,a7d9b5104f6fdb7ca780470a151026fdace566a5afb8abd302b9ab3bb7fc2251,saved_rule_based,1.77
section_00_source_train_normal_000774,train,source,normal,C,20260909T131430Z-25f6c6cf594720724d1909bb,20260909T131430Z-25f6c6cf594720724d1909bb-dg-4470d4bd5dad-000071,2,none,none,slow,normal-slow-1,left,normal,clipped/audio_event_clean/normal/20260909T131430Z-25f6c6cf594720724d1909bb-dg-4470d4bd5dad-000071_ch2.wav,3DPrinter/train/section_00_source_train_normal_000774.wav,a0377ff91426b56db32d93f91e0aa389ec5407226b80fa080fba3959ed9bd5fe,960044,8316108000,8316588000,54fc6f490bf3028a61bbb10af8109deb1ca2474a512faae61d08a0b2b553164d,0,0,a7d9b5104f6fdb7ca780470a151026fdace566a5afb8abd302b9ab3bb7fc2251,saved_rule_based,1.77
section_00_source_train_normal_000775,train,source,normal,C,20260909T131430Z-25f6c6cf594720724d1909bb,20260909T131430Z-25f6c6cf594720724d1909bb-dg-4470d4bd5dad-000073,2,none,none,slow,normal-slow-1,left,normal,clipped/audio_event_clean/normal/20260909T131430Z-25f6c6cf594720724d1909bb-dg-4470d4bd5dad-000073_ch2.wav,3DPrinter/train/section_00_source_train_normal_000775.wav,17b76dfab388ceb6af022977a785c0c765272b05756282fd85b086304fd5ea66,960044,8317068000,8317548000,54fc6f490bf3028a61bbb10af8109deb1ca2474a512faae61d08a0b2b553164d,0,0,a7d9b5104f6fdb7ca780470a151026fdace566a5afb8abd302b9ab3bb7fc2251,saved_rule_based,1.77
section_00_source_train_normal_000776,train,source,normal,C,20260909T131430Z-25f6c6cf594720724d1909bb,20260909T131430Z-25f6c6cf594720724d1909bb-dg-4470d4bd5dad-000077,2,none,none,slow,normal-slow-1,left,normal,clipped/audio_event_clean/normal/20260909T131430Z-25f6c6cf594720724d1909bb-dg-4470d4bd5dad-000077_ch2.wav,3DPrinter/train/section_00_source_train_normal_000776.wav,aa07fb4b4beb672c6c4dabae231d5563940481cb72247c696556339f06de6835,960044,8318988000,8319468000,54fc6f490bf3028a61bbb10af8109deb1ca2474a512faae61d08a0b2b553164d,0,0,a7d9b5104f6fdb7ca780470a151026fdace566a5afb8abd302b9ab3bb7fc2251,saved_rule_based,1.77
section_00_source_train_normal_000777,train,source,normal,C,20260909T131430Z-25f6c6cf594720724d1909bb,20260909T131430Z-25f6c6cf594720724d1909bb-dg-4470d4bd5dad-000078,2,none,none,slow,normal-slow-1,left,normal,clipped/audio_event_clean/normal/20260909T131430Z-25f6c6cf594720724d1909bb-dg-4470d4bd5dad-000078_ch2.wav,3DPrinter/train/section_00_source_train_normal_000777.wav,866f361ddec4ec615191ff38a0afe1e080468c237bc1d51bc60cedddefa33f5a,960044,8319468000,8319948000,54fc6f490bf3028a61bbb10af8109deb1ca2474a512faae61d08a0b2b553164d,0,0,a7d9b5104f6fdb7ca780470a151026fdace566a5afb8abd302b9ab3bb7fc2251,saved_rule_based,1.77
section_00_source_train_normal_000778,train,source,normal,C,20260909T131430Z-25f6c6cf594720724d1909bb,20260909T131430Z-25f6c6cf594720724d1909bb-dg-4470d4bd5dad-000080,2,none,none,slow,normal-slow-1,left,normal,clipped/audio_event_clean/normal/20260909T131430Z-25f6c6cf594720724d1909bb-dg-4470d4bd5dad-000080_ch2.wav,3DPrinter/train/section_00_source_train_normal_000778.wav,94e5c0d19610962652e1424c0ec8505ef3bb125eb09666328c9b2a1107cefff4,960044,8320428000,8320908000,54fc6f490bf3028a61bbb10af8109deb1ca2474a512faae61d08a0b2b553164d,0,0,a7d9b5104f6fdb7ca780470a151026fdace566a5afb8abd302b9ab3bb7fc2251,saved_rule_based,1.77
section_00_source_train_normal_000779,train,source,normal,C,20260909T131430Z-25f6c6cf594720724d1909bb,20260909T131430Z-25f6c6cf594720724d1909bb-dg-4470d4bd5dad-000081,2,none,none,slow,normal-slow-1,left,normal,clipped/audio_event_clean/normal/20260909T131430Z-25f6c6cf594720724d1909bb-dg-4470d4bd5dad-000081_ch2.wav,3DPrinter/train/section_00_source_train_normal_000779.wav,5f5b390dd823d3458030be826eff49e11131da82b82b63d479e21e8398c28cab,960044,8320908000,8321388000,54fc6f490bf3028a61bbb10af8109deb1ca2474a512faae61d08a0b2b553164d,0,0,a7d9b5104f6fdb7ca780470a151026fdace566a5afb8abd302b9ab3bb7fc2251,saved_rule_based,1.77
section_00_source_train_normal_000780,train,source,normal,C,20260909T131430Z-25f6c6cf594720724d1909bb,20260909T131430Z-25f6c6cf594720724d1909bb-dg-4470d4bd5dad-000082,2,none,none,slow,normal-slow-1,left,normal,clipped/audio_event_clean/normal/20260909T131430Z-25f6c6cf594720724d1909bb-dg-4470d4bd5dad-000082_ch2.wav,3DPrinter/train/section_00_source_train_normal_000780.wav,c6aa14e6cb6140878adef8c07f739d333ccb9c99debc1f63de93f7eda6bc7152,960044,8321388000,8321868000,54fc6f490bf3028a61bbb10af8109deb1ca2474a512faae61d08a0b2b553164d,0,0,a7d9b5104f6fdb7ca780470a151026fdace566a5afb8abd302b9ab3bb7fc2251,saved_rule_based,1.77
section_00_source_train_normal_000781,train,source,normal,C,20260909T131430Z-25f6c6cf594720724d1909bb,20260909T131430Z-25f6c6cf594720724d1909bb-dg-4470d4bd5dad-000083,2,none,none,slow,normal-slow-1,left,normal,clipped/audio_event_clean/normal/20260909T131430Z-25f6c6cf594720724d1909bb-dg-4470d4bd5dad-000083_ch2.wav,3DPrinter/train/section_00_source_train_normal_000781.wav,af3c4af8bf2f42c8445b0b7f3b94b1bce4824b4c044c323ce542c03b9c50d655,960044,8321868000,8322348000,54fc6f490bf3028a61bbb10af8109deb1ca2474a512faae61d08a0b2b553164d,0,0,a7d9b5104f6fdb7ca780470a151026fdace566a5afb8abd302b9ab3bb7fc2251,saved_rule_based,1.77
section_00_source_train_normal_000782,train,source,normal,C,20260909T131430Z-25f6c6cf594720724d1909bb,20260909T131430Z-25f6c6cf594720724d1909bb-dg-4470d4bd5dad-000088,2,none,none,slow,normal-slow-1,left,normal,clipped/audio_event_clean/normal/20260909T131430Z-25f6c6cf594720724d1909bb-dg-4470d4bd5dad-000088_ch2.wav,3DPrinter/train/section_00_source_train_normal_000782.wav,82c381091cedf3b76a42abdfb635e68468e6b94f8ef416d0187b86aa25eb9a9f,960044,8324268000,8324748000,54fc6f490bf3028a61bbb10af8109deb1ca2474a512faae61d08a0b2b553164d,0,0,a7d9b5104f6fdb7ca780470a151026fdace566a5afb8abd302b9ab3bb7fc2251,saved_rule_based,1.77
section_00_source_train_normal_000783,train,source,normal,C,20260909T131430Z-25f6c6cf594720724d1909bb,20260909T131430Z-25f6c6cf594720724d1909bb-dg-4470d4bd5dad-000091,2,none,none,slow,normal-slow-1,left,normal,clipped/audio_event_clean/normal/20260909T131430Z-25f6c6cf594720724d1909bb-dg-4470d4bd5dad-000091_ch2.wav,3DPrinter/train/section_00_source_train_normal_000783.wav,0464a0ac21050575ef22ac03a6a11c51d51dd50bcdfcf5acc290296f659bab36,960044,8325708000,8326188000,54fc6f490bf3028a61bbb10af8109deb1ca2474a512faae61d08a0b2b553164d,0,0,a7d9b5104f6fdb7ca780470a151026fdace566a5afb8abd302b9ab3bb7fc2251,saved_rule_based,1.77
section_00_source_train_normal_000784,train,source,normal,C,20260909T131430Z-25f6c6cf594720724d1909bb,20260909T131430Z-25f6c6cf594720724d1909bb-dg-4470d4bd5dad-000092,2,none,none,slow,normal-slow-1,left,normal,clipped/audio_event_clean/normal/20260909T131430Z-25f6c6cf594720724d1909bb-dg-4470d4bd5dad-000092_ch2.wav,3DPrinter/train/section_00_source_train_normal_000784.wav,8d3fc0a792611e14a324f2c9f411daf3e08e0204be7bb5366206534ef9dec220,960044,8326188000,8326668000,54fc6f490bf3028a61bbb10af8109deb1ca2474a512faae61d08a0b2b553164d,0,0,a7d9b5104f6fdb7ca780470a151026fdace566a5afb8abd302b9ab3bb7fc2251,saved_rule_based,1.77
section_00_source_train_normal_000785,train,source,normal,C,20260909T131430Z-25f6c6cf594720724d1909bb,20260909T131430Z-25f6c6cf594720724d1909bb-dg-4470d4bd5dad-000093,2,none,none,slow,normal-slow-1,left,normal,clipped/audio_event_clean/normal/20260909T131430Z-25f6c6cf594720724d1909bb-dg-4470d4bd5dad-000093_ch2.wav,3DPrinter/train/section_00_source_train_normal_000785.wav,21db48a1931a39d49050eadc7f8704711cf6a03847e07e4b8262559915cf8857,960044,8326668000,8327148000,54fc6f490bf3028a61bbb10af8109deb1ca2474a512faae61d08a0b2b553164d,0,0,a7d9b5104f6fdb7ca780470a151026fdace566a5afb8abd302b9ab3bb7fc2251,saved_rule_based,1.77
section_00_source_train_normal_000786,train,source,normal,C,20260909T131430Z-25f6c6cf594720724d1909bb,20260909T131430Z-25f6c6cf594720724d1909bb-dg-4470d4bd5dad-000095,2,none,none,slow,normal-slow-1,left,normal,clipped/audio_event_clean/normal/20260909T131430Z-25f6c6cf594720724d1909bb-dg-4470d4bd5dad-000095_ch2.wav,3DPrinter/train/section_00_source_train_normal_000786.wav,0235b377eef00acbe4f036816bb3c1797b74008fe4d286e54897a0d8aeed34f1,960044,8327628000,8328108000,54fc6f490bf3028a61bbb10af8109deb1ca2474a512faae61d08a0b2b553164d,0,0,a7d9b5104f6fdb7ca780470a151026fdace566a5afb8abd302b9ab3bb7fc2251,saved_rule_based,1.77
section_00_source_train_normal_000787,train,source,normal,C,20260909T131430Z-25f6c6cf594720724d1909bb,20260909T131430Z-25f6c6cf594720724d1909bb-dg-4470d4bd5dad-000096,2,none,none,slow,normal-slow-1,left,normal,clipped/audio_event_clean/normal/20260909T131430Z-25f6c6cf594720724d1909bb-dg-4470d4bd5dad-000096_ch2.wav,3DPrinter/train/section_00_source_train_normal_000787.wav,ff2308c4a09e579113ed6a545f5cec62888f4569f7ab50fa34411715ff7d8278,960044,8328108000,8328588000,54fc6f490bf3028a61bbb10af8109deb1ca2474a512faae61d08a0b2b553164d,0,0,a7d9b5104f6fdb7ca780470a151026fdace566a5afb8abd302b9ab3bb7fc2251,saved_rule_based,1.77
section_00_source_train_normal_000788,train,source,normal,C,20260909T131430Z-25f6c6cf594720724d1909bb,20260909T131430Z-25f6c6cf594720724d1909bb-dg-4470d4bd5dad-000100,2,none,none,slow,normal-slow-1,left,normal,clipped/audio_event_clean/normal/20260909T131430Z-25f6c6cf594720724d1909bb-dg-4470d4bd5dad-000100_ch2.wav,3DPrinter/train/section_00_source_train_normal_000788.wav,3ffee4b42c2bd03cdc1b8ea20b668b51a8dda64ff1730df663cf561c85f69e3a,960044,8330028000,8330508000,54fc6f490bf3028a61bbb10af8109deb1ca2474a512faae61d08a0b2b553164d,0,0,a7d9b5104f6fdb7ca780470a151026fdace566a5afb8abd302b9ab3bb7fc2251,saved_rule_based,1.77
section_00_source_train_normal_000789,train,source,normal,C,20260909T131430Z-25f6c6cf594720724d1909bb,20260909T131430Z-25f6c6cf594720724d1909bb-dg-4470d4bd5dad-000103,2,none,none,slow,normal-slow-1,left,normal,clipped/audio_event_clean/normal/20260909T131430Z-25f6c6cf594720724d1909bb-dg-4470d4bd5dad-000103_ch2.wav,3DPrinter/train/section_00_source_train_normal_000789.wav,6dbb075238391e6974526b039871fd66f2bf8f1d905742e6f619b5aa8ae68c9a,960044,8331468000,8331948000,54fc6f490bf3028a61bbb10af8109deb1ca2474a512faae61d08a0b2b553164d,0,0,a7d9b5104f6fdb7ca780470a151026fdace566a5afb8abd302b9ab3bb7fc2251,saved_rule_based,1.77
section_00_source_train_normal_000790,train,source,normal,C,20260909T131430Z-25f6c6cf594720724d1909bb,20260909T131430Z-25f6c6cf594720724d1909bb-dg-4470d4bd5dad-000104,2,none,none,slow,normal-slow-1,left,normal,clipped/audio_event_clean/normal/20260909T131430Z-25f6c6cf594720724d1909bb-dg-4470d4bd5dad-000104_ch2.wav,3DPrinter/train/section_00_source_train_normal_000790.wav,d82297b406ab1d6bef675f98423c228f6325c44a8de905b40cf73f03f924bdab,960044,8331948000,8332428000,54fc6f490bf3028a61bbb10af8109deb1ca2474a512faae61d08a0b2b553164d,0,0,a7d9b5104f6fdb7ca780470a151026fdace566a5afb8abd302b9ab3bb7fc2251,saved_rule_based,1.77
section_00_source_train_normal_000791,train,source,normal,C,20260909T131430Z-25f6c6cf594720724d1909bb,20260909T131430Z-25f6c6cf594720724d1909bb-dg-4470d4bd5dad-000105,2,none,none,slow,normal-slow-1,left,normal,clipped/audio_event_clean/normal/20260909T131430Z-25f6c6cf594720724d1909bb-dg-4470d4bd5dad-000105_ch2.wav,3DPrinter/train/section_00_source_train_normal_000791.wav,b8e2c4af7df5b0aa649b256a08e3f124ddc09bd514cc89a22ca633c4634baf7d,960044,8332428000,8332908000,54fc6f490bf3028a61bbb10af8109deb1ca2474a512faae61d08a0b2b553164d,0,0,a7d9b5104f6fdb7ca780470a151026fdace566a5afb8abd302b9ab3bb7fc2251,saved_rule_based,1.77
section_00_source_train_normal_000792,train,source,normal,C,20260909T131430Z-25f6c6cf594720724d1909bb,20260909T131430Z-25f6c6cf594720724d1909bb-dg-4470d4bd5dad-000106,2,none,none,slow,normal-slow-1,left,normal,clipped/audio_event_clean/normal/20260909T131430Z-25f6c6cf594720724d1909bb-dg-4470d4bd5dad-000106_ch2.wav,3DPrinter/train/section_00_source_train_normal_000792.wav,3641ab23f60abb1667ec8598b83e00afc202256de6041a0950467f5c03d74e46,960044,8332908000,8333388000,54fc6f490bf3028a61bbb10af8109deb1ca2474a512faae61d08a0b2b553164d,0,0,a7d9b5104f6fdb7ca780470a151026fdace566a5afb8abd302b9ab3bb7fc2251,saved_rule_based,1.77
section_00_source_train_normal_000793,train,source,normal,C,20260909T131430Z-25f6c6cf594720724d1909bb,20260909T131430Z-25f6c6cf594720724d1909bb-dg-4470d4bd5dad-000108,2,none,none,slow,normal-slow-1,left,normal,clipped/audio_event_clean/normal/20260909T131430Z-25f6c6cf594720724d1909bb-dg-4470d4bd5dad-000108_ch2.wav,3DPrinter/train/section_00_source_train_normal_000793.wav,e7e4977414418820a9009bff9ef0f46e84ca1a45d70c4d55dc0b2bfc8682df58,960044,8333868000,8334348000,54fc6f490bf3028a61bbb10af8109deb1ca2474a512faae61d08a0b2b553164d,0,0,a7d9b5104f6fdb7ca780470a151026fdace566a5afb8abd302b9ab3bb7fc2251,saved_rule_based,1.77
section_00_source_train_normal_000794,train,source,normal,C,20260909T131430Z-25f6c6cf594720724d1909bb,20260909T131430Z-25f6c6cf594720724d1909bb-dg-4470d4bd5dad-000110,2,none,none,slow,normal-slow-1,left,normal,clipped/audio_event_clean/normal/20260909T131430Z-25f6c6cf594720724d1909bb-dg-4470d4bd5dad-000110_ch2.wav,3DPrinter/train/section_00_source_train_normal_000794.wav,8e5d855ab0cd2b3ab3bffa93c89e43cecf046d652fb83d756a2a196b97b53b81,960044,8334828000,8335308000,54fc6f490bf3028a61bbb10af8109deb1ca2474a512faae61d08a0b2b553164d,0,0,a7d9b5104f6fdb7ca780470a151026fdace566a5afb8abd302b9ab3bb7fc2251,saved_rule_based,1.77
section_00_source_train_normal_000795,train,source,normal,C,20260909T131430Z-25f6c6cf594720724d1909bb,20260909T131430Z-25f6c6cf594720724d1909bb-dg-4470d4bd5dad-000115,2,none,none,slow,normal-slow-1,left,normal,clipped/audio_event_clean/normal/20260909T131430Z-25f6c6cf594720724d1909bb-dg-4470d4bd5dad-000115_ch2.wav,3DPrinter/train/section_00_source_train_normal_000795.wav,e5e3fd84d8f9282b99aa6ba34c449c6a0510d8dc03c0bec130d83c1c3e911dea,960044,8337228000,8337708000,54fc6f490bf3028a61bbb10af8109deb1ca2474a512faae61d08a0b2b553164d,0,0,a7d9b5104f6fdb7ca780470a151026fdace566a5afb8abd302b9ab3bb7fc2251,saved_rule_based,1.77
section_00_source_train_normal_000796,train,source,normal,C,20260909T131430Z-25f6c6cf594720724d1909bb,20260909T131430Z-25f6c6cf594720724d1909bb-dg-4470d4bd5dad-000116,2,none,none,slow,normal-slow-1,left,normal,clipped/audio_event_clean/normal/20260909T131430Z-25f6c6cf594720724d1909bb-dg-4470d4bd5dad-000116_ch2.wav,3DPrinter/train/section_00_source_train_normal_000796.wav,19b11c7c542e2d35c967b0a3b6712b165c9cdcc9ccad050bc1523b7ce03ed976,960044,8337708000,8338188000,54fc6f490bf3028a61bbb10af8109deb1ca2474a512faae61d08a0b2b553164d,0,0,a7d9b5104f6fdb7ca780470a151026fdace566a5afb8abd302b9ab3bb7fc2251,saved_rule_based,1.77
section_00_source_train_normal_000797,train,source,normal,C,20260909T131430Z-25f6c6cf594720724d1909bb,20260909T131430Z-25f6c6cf594720724d1909bb-dg-4470d4bd5dad-000122,2,none,none,slow,normal-slow-1,left,normal,clipped/audio_event_clean/normal/20260909T131430Z-25f6c6cf594720724d1909bb-dg-4470d4bd5dad-000122_ch2.wav,3DPrinter/train/section_00_source_train_normal_000797.wav,bcd425d97cfd51ac913e1b47b6392b609d12b99e9938514a0993d313aba4c074,960044,8340588000,8341068000,54fc6f490bf3028a61bbb10af8109deb1ca2474a512faae61d08a0b2b553164d,0,0,a7d9b5104f6fdb7ca780470a151026fdace566a5afb8abd302b9ab3bb7fc2251,saved_rule_based,1.77
section_00_source_train_normal_000798,train,source,normal,C,20260909T131430Z-25f6c6cf594720724d1909bb,20260909T131430Z-25f6c6cf594720724d1909bb-dg-4470d4bd5dad-000124,2,none,none,slow,normal-slow-1,left,normal,clipped/audio_event_clean/normal/20260909T131430Z-25f6c6cf594720724d1909bb-dg-4470d4bd5dad-000124_ch2.wav,3DPrinter/train/section_00_source_train_normal_000798.wav,a0911f28c22b8382234e056236ad5d0a35b8e3c16f5cbd3ab1f7b0b5b2f1dce7,960044,8341548000,8342028000,54fc6f490bf3028a61bbb10af8109deb1ca2474a512faae61d08a0b2b553164d,0,0,a7d9b5104f6fdb7ca780470a151026fdace566a5afb8abd302b9ab3bb7fc2251,saved_rule_based,1.77
section_00_source_train_normal_000799,train,source,normal,C,20260909T131430Z-25f6c6cf594720724d1909bb,20260909T131430Z-25f6c6cf594720724d1909bb-dg-4470d4bd5dad-000129,2,none,none,slow,normal-slow-1,left,normal,clipped/audio_event_clean/normal/20260909T131430Z-25f6c6cf594720724d1909bb-dg-4470d4bd5dad-000129_ch2.wav,3DPrinter/train/section_00_source_train_normal_000799.wav,b2caef7a3d2396b856d77ab309f1ad222de136d9afd0bf5e9b47999c0716f3aa,960044,8343948000,8344428000,54fc6f490bf3028a61bbb10af8109deb1ca2474a512faae61d08a0b2b553164d,0,0,a7d9b5104f6fdb7ca780470a151026fdace566a5afb8abd302b9ab3bb7fc2251,saved_rule_based,1.77
section_00_source_train_normal_000800,train,source,normal,C,20260909T131430Z-25f6c6cf594720724d1909bb,20260909T131430Z-25f6c6cf594720724d1909bb-dg-4470d4bd5dad-000136,2,none,none,slow,normal-slow-1,left,normal,clipped/audio_event_clean/normal/20260909T131430Z-25f6c6cf594720724d1909bb-dg-4470d4bd5dad-000136_ch2.wav,3DPrinter/train/section_00_source_train_normal_000800.wav,751fbf07c7fb28c19ef5a0ac3e733c94d334b44b5a858d72b2929e6643daeb1c,960044,8347308000,8347788000,54fc6f490bf3028a61bbb10af8109deb1ca2474a512faae61d08a0b2b553164d,0,0,a7d9b5104f6fdb7ca780470a151026fdace566a5afb8abd302b9ab3bb7fc2251,saved_rule_based,1.77
section_00_source_train_normal_000801,train,source,normal,C,20260909T131430Z-25f6c6cf594720724d1909bb,20260909T131430Z-25f6c6cf594720724d1909bb-dg-4470d4bd5dad-000137,2,none,none,slow,normal-slow-1,left,normal,clipped/audio_event_clean/normal/20260909T131430Z-25f6c6cf594720724d1909bb-dg-4470d4bd5dad-000137_ch2.wav,3DPrinter/train/section_00_source_train_normal_000801.wav,d51508843ef3a1cc89ddb5809cb827cb2b95dfd4feccefdb528f5f33dc2a1d86,960044,8347788000,8348268000,54fc6f490bf3028a61bbb10af8109deb1ca2474a512faae61d08a0b2b553164d,0,0,a7d9b5104f6fdb7ca780470a151026fdace566a5afb8abd302b9ab3bb7fc2251,saved_rule_based,1.77
section_00_source_train_normal_000802,train,source,normal,C,20260909T131430Z-25f6c6cf594720724d1909bb,20260909T131430Z-25f6c6cf594720724d1909bb-dg-4470d4bd5dad-000139,2,none,none,slow,normal-slow-1,left,normal,clipped/audio_event_clean/normal/20260909T131430Z-25f6c6cf594720724d1909bb-dg-4470d4bd5dad-000139_ch2.wav,3DPrinter/train/section_00_source_train_normal_000802.wav,4ae94db7d7160f1ebcfd8df748f67415226c99882c6b358b093bad3b2028da85,960044,8348748000,8349228000,54fc6f490bf3028a61bbb10af8109deb1ca2474a512faae61d08a0b2b553164d,0,0,a7d9b5104f6fdb7ca780470a151026fdace566a5afb8abd302b9ab3bb7fc2251,saved_rule_based,1.77
section_00_source_train_normal_000803,train,source,normal,C,20260909T131430Z-25f6c6cf594720724d1909bb,20260909T131430Z-25f6c6cf594720724d1909bb-dg-4470d4bd5dad-000140,2,none,none,slow,normal-slow-1,left,normal,clipped/audio_event_clean/normal/20260909T131430Z-25f6c6cf594720724d1909bb-dg-4470d4bd5dad-000140_ch2.wav,3DPrinter/train/section_00_source_train_normal_000803.wav,a9f93997aee6a60cc17b9cc94f8fbfc267ca4896c0195e1d983e8d1f76934f86,960044,8349228000,8349708000,54fc6f490bf3028a61bbb10af8109deb1ca2474a512faae61d08a0b2b553164d,0,0,a7d9b5104f6fdb7ca780470a151026fdace566a5afb8abd302b9ab3bb7fc2251,saved_rule_based,1.77
section_00_source_train_normal_000804,train,source,normal,C,20260909T131430Z-25f6c6cf594720724d1909bb,20260909T131430Z-25f6c6cf594720724d1909bb-dg-4470d4bd5dad-000142,2,none,none,slow,normal-slow-1,left,normal,clipped/audio_event_clean/normal/20260909T131430Z-25f6c6cf594720724d1909bb-dg-4470d4bd5dad-000142_ch2.wav,3DPrinter/train/section_00_source_train_normal_000804.wav,c7e3a40718eb17c3bc4c2ebc2dc0a62bee8f02cf8c8c64326e7af0c9e00f916b,960044,8350188000,8350668000,54fc6f490bf3028a61bbb10af8109deb1ca2474a512faae61d08a0b2b553164d,0,0,a7d9b5104f6fdb7ca780470a151026fdace566a5afb8abd302b9ab3bb7fc2251,saved_rule_based,1.77
section_00_source_train_normal_000805,train,source,normal,C,20260909T131430Z-25f6c6cf594720724d1909bb,20260909T131430Z-25f6c6cf594720724d1909bb-dg-4470d4bd5dad-000144,2,none,none,slow,normal-slow-1,left,normal,clipped/audio_event_clean/normal/20260909T131430Z-25f6c6cf594720724d1909bb-dg-4470d4bd5dad-000144_ch2.wav,3DPrinter/train/section_00_source_train_normal_000805.wav,594e7e92aaef97f72fabd6afda0cf8ad242217ad1eb3d708ee13339c04a2bf6c,960044,8351148000,8351628000,54fc6f490bf3028a61bbb10af8109deb1ca2474a512faae61d08a0b2b553164d,0,0,a7d9b5104f6fdb7ca780470a151026fdace566a5afb8abd302b9ab3bb7fc2251,saved_rule_based,1.77
section_00_source_train_normal_000806,train,source,normal,C,20260909T131430Z-25f6c6cf594720724d1909bb,20260909T131430Z-25f6c6cf594720724d1909bb-dg-4470d4bd5dad-000145,2,none,none,slow,normal-slow-1,left,normal,clipped/audio_event_clean/normal/20260909T131430Z-25f6c6cf594720724d1909bb-dg-4470d4bd5dad-000145_ch2.wav,3DPrinter/train/section_00_source_train_normal_000806.wav,8f5cb7ff98390aa857bce2a864026705647d940b6dc36d081d13c649702a3a44,960044,8351628000,8352108000,54fc6f490bf3028a61bbb10af8109deb1ca2474a512faae61d08a0b2b553164d,0,0,a7d9b5104f6fdb7ca780470a151026fdace566a5afb8abd302b9ab3bb7fc2251,saved_rule_based,1.77
section_00_source_train_normal_000807,train,source,normal,C,20260909T131430Z-25f6c6cf594720724d1909bb,20260909T131430Z-25f6c6cf594720724d1909bb-dg-4470d4bd5dad-000147,2,none,none,slow,normal-slow-1,left,normal,clipped/audio_event_clean/normal/20260909T131430Z-25f6c6cf594720724d1909bb-dg-4470d4bd5dad-000147_ch2.wav,3DPrinter/train/section_00_source_train_normal_000807.wav,851a9a2554871786afaf85dd9b33695b09b668c53890d9e239725886cab9691f,960044,8352588000,8353068000,54fc6f490bf3028a61bbb10af8109deb1ca2474a512faae61d08a0b2b553164d,0,0,a7d9b5104f6fdb7ca780470a151026fdace566a5afb8abd302b9ab3bb7fc2251,saved_rule_based,1.77
section_00_source_train_normal_000808,train,source,normal,C,20260909T131430Z-25f6c6cf594720724d1909bb,20260909T131430Z-25f6c6cf594720724d1909bb-dg-4470d4bd5dad-000155,2,none,none,slow,normal-slow-1,left,normal,clipped/audio_event_clean/normal/20260909T131430Z-25f6c6cf594720724d1909bb-dg-4470d4bd5dad-000155_ch2.wav,3DPrinter/train/section_00_source_train_normal_000808.wav,bf1b329c4eba8e4862fd59977455a74a879ead3d327b9f17bab7787677d73f92,960044,8356428000,8356908000,54fc6f490bf3028a61bbb10af8109deb1ca2474a512faae61d08a0b2b553164d,0,0,a7d9b5104f6fdb7ca780470a151026fdace566a5afb8abd302b9ab3bb7fc2251,saved_rule_based,1.77
section_00_source_train_normal_000809,train,source,normal,C,20260909T131430Z-25f6c6cf594720724d1909bb,20260909T131430Z-25f6c6cf594720724d1909bb-dg-4470d4bd5dad-000159,2,none,none,slow,normal-slow-1,left,normal,clipped/audio_event_clean/normal/20260909T131430Z-25f6c6cf594720724d1909bb-dg-4470d4bd5dad-000159_ch2.wav,3DPrinter/train/section_00_source_train_normal_000809.wav,902d8bbe6517a121c300ed07cc80c5c5094b916f6a2a7f43c228d6392fe5e4a4,960044,8358348000,8358828000,54fc6f490bf3028a61bbb10af8109deb1ca2474a512faae61d08a0b2b553164d,0,0,a7d9b5104f6fdb7ca780470a151026fdace566a5afb8abd302b9ab3bb7fc2251,saved_rule_based,1.77
section_00_source_train_normal_000810,train,source,normal,C,20260909T131430Z-25f6c6cf594720724d1909bb,20260909T131430Z-25f6c6cf594720724d1909bb-dg-4470d4bd5dad-000160,2,none,none,slow,normal-slow-1,left,normal,clipped/audio_event_clean/normal/20260909T131430Z-25f6c6cf594720724d1909bb-dg-4470d4bd5dad-000160_ch2.wav,3DPrinter/train/section_00_source_train_normal_000810.wav,fad92500adf2cb080689de03fa9805729787a2eb0898dffd9eb57d54da02ae23,960044,8358828000,8359308000,54fc6f490bf3028a61bbb10af8109deb1ca2474a512faae61d08a0b2b553164d,0,0,a7d9b5104f6fdb7ca780470a151026fdace566a5afb8abd302b9ab3bb7fc2251,saved_rule_based,1.77
section_00_source_train_normal_000811,train,source,normal,C,20260909T131430Z-25f6c6cf594720724d1909bb,20260909T131430Z-25f6c6cf594720724d1909bb-dg-4470d4bd5dad-000161,2,none,none,slow,normal-slow-1,left,normal,clipped/audio_event_clean/normal/20260909T131430Z-25f6c6cf594720724d1909bb-dg-4470d4bd5dad-000161_ch2.wav,3DPrinter/train/section_00_source_train_normal_000811.wav,692cfb4ea331403f051fe332b72933e3078a809332b83c534b546e508a138c66,960044,8359308000,8359788000,54fc6f490bf3028a61bbb10af8109deb1ca2474a512faae61d08a0b2b553164d,0,0,a7d9b5104f6fdb7ca780470a151026fdace566a5afb8abd302b9ab3bb7fc2251,saved_rule_based,1.77
section_00_source_train_normal_000812,train,source,normal,C,20260909T131430Z-25f6c6cf594720724d1909bb,20260909T131430Z-25f6c6cf594720724d1909bb-dg-4470d4bd5dad-000163,2,none,none,slow,normal-slow-1,left,normal,clipped/audio_event_clean/normal/20260909T131430Z-25f6c6cf594720724d1909bb-dg-4470d4bd5dad-000163_ch2.wav,3DPrinter/train/section_00_source_train_normal_000812.wav,658a964a221e0b629aefa07374a8f265d90e4127eca0a2ae188ec1870db48e5d,960044,8360268000,8360748000,54fc6f490bf3028a61bbb10af8109deb1ca2474a512faae61d08a0b2b553164d,0,0,a7d9b5104f6fdb7ca780470a151026fdace566a5afb8abd302b9ab3bb7fc2251,saved_rule_based,1.77
section_00_source_train_normal_000813,train,source,normal,C,20260909T131430Z-25f6c6cf594720724d1909bb,20260909T131430Z-25f6c6cf594720724d1909bb-dg-4470d4bd5dad-000164,2,none,none,slow,normal-slow-1,left,normal,clipped/audio_event_clean/normal/20260909T131430Z-25f6c6cf594720724d1909bb-dg-4470d4bd5dad-000164_ch2.wav,3DPrinter/train/section_00_source_train_normal_000813.wav,34f2743a3f325abce8ce20ac66f7458f04c09486f0c510184efac971b09efc51,960044,8360748000,8361228000,54fc6f490bf3028a61bbb10af8109deb1ca2474a512faae61d08a0b2b553164d,0,0,a7d9b5104f6fdb7ca780470a151026fdace566a5afb8abd302b9ab3bb7fc2251,saved_rule_based,1.77
section_00_source_train_normal_000814,train,source,normal,C,20260909T131430Z-25f6c6cf594720724d1909bb,20260909T131430Z-25f6c6cf594720724d1909bb-dg-4470d4bd5dad-000171,2,none,none,slow,normal-slow-1,left,normal,clipped/audio_event_clean/normal/20260909T131430Z-25f6c6cf594720724d1909bb-dg-4470d4bd5dad-000171_ch2.wav,3DPrinter/train/section_00_source_train_normal_000814.wav,9e64f189e28e525c1b054a1481f73289dc528f9620815348f6e585a5a8ff32e2,960044,8364108000,8364588000,54fc6f490bf3028a61bbb10af8109deb1ca2474a512faae61d08a0b2b553164d,0,0,a7d9b5104f6fdb7ca780470a151026fdace566a5afb8abd302b9ab3bb7fc2251,saved_rule_based,1.77
section_00_source_train_normal_000815,train,source,normal,C,20260909T131430Z-25f6c6cf594720724d1909bb,20260909T131430Z-25f6c6cf594720724d1909bb-dg-4470d4bd5dad-000172,2,none,none,slow,normal-slow-1,left,normal,clipped/audio_event_clean/normal/20260909T131430Z-25f6c6cf594720724d1909bb-dg-4470d4bd5dad-000172_ch2.wav,3DPrinter/train/section_00_source_train_normal_000815.wav,dbff57c9b112f30de5c283095e374415b182d9936ea3a4b17957de76f39d26ec,960044,8364588000,8365068000,54fc6f490bf3028a61bbb10af8109deb1ca2474a512faae61d08a0b2b553164d,0,0,a7d9b5104f6fdb7ca780470a151026fdace566a5afb8abd302b9ab3bb7fc2251,saved_rule_based,1.77
section_00_source_train_normal_000816,train,source,normal,C,20260909T131430Z-25f6c6cf594720724d1909bb,20260909T131430Z-25f6c6cf594720724d1909bb-dg-4470d4bd5dad-000173,2,none,none,slow,normal-slow-1,left,normal,clipped/audio_event_clean/normal/20260909T131430Z-25f6c6cf594720724d1909bb-dg-4470d4bd5dad-000173_ch2.wav,3DPrinter/train/section_00_source_train_normal_000816.wav,ecef0bfecf6119821f69d34cd65c0b474c6c2bf3f45880dde0b4f129428000d4,960044,8365068000,8365548000,54fc6f490bf3028a61bbb10af8109deb1ca2474a512faae61d08a0b2b553164d,0,0,a7d9b5104f6fdb7ca780470a151026fdace566a5afb8abd302b9ab3bb7fc2251,saved_rule_based,1.77
section_00_source_train_normal_000817,train,source,normal,C,20260909T131430Z-25f6c6cf594720724d1909bb,20260909T131430Z-25f6c6cf594720724d1909bb-dg-4470d4bd5dad-000176,2,none,none,slow,normal-slow-1,left,normal,clipped/audio_event_clean/normal/20260909T131430Z-25f6c6cf594720724d1909bb-dg-4470d4bd5dad-000176_ch2.wav,3DPrinter/train/section_00_source_train_normal_000817.wav,32c0a08726b9c2cfaee74d407bf5d201aa53a36b98aa7c65f5e4747508f0ccea,960044,8366508000,8366988000,54fc6f490bf3028a61bbb10af8109deb1ca2474a512faae61d08a0b2b553164d,0,0,a7d9b5104f6fdb7ca780470a151026fdace566a5afb8abd302b9ab3bb7fc2251,saved_rule_based,1.77
section_00_source_train_normal_000818,train,source,normal,C,20260909T131430Z-25f6c6cf594720724d1909bb,20260909T131430Z-25f6c6cf594720724d1909bb-dg-4470d4bd5dad-000177,2,none,none,slow,normal-slow-1,left,normal,clipped/audio_event_clean/normal/20260909T131430Z-25f6c6cf594720724d1909bb-dg-4470d4bd5dad-000177_ch2.wav,3DPrinter/train/section_00_source_train_normal_000818.wav,9078965f95e8b02d108734fafede8a53bfe8702a2a5e0343311b7cc49b6eb898,960044,8366988000,8367468000,54fc6f490bf3028a61bbb10af8109deb1ca2474a512faae61d08a0b2b553164d,0,0,a7d9b5104f6fdb7ca780470a151026fdace566a5afb8abd302b9ab3bb7fc2251,saved_rule_based,1.77
section_00_source_train_normal_000819,train,source,normal,C,20260909T131430Z-25f6c6cf594720724d1909bb,20260909T131430Z-25f6c6cf594720724d1909bb-dg-4470d4bd5dad-000180,2,none,none,slow,normal-slow-1,left,normal,clipped/audio_event_clean/normal/20260909T131430Z-25f6c6cf594720724d1909bb-dg-4470d4bd5dad-000180_ch2.wav,3DPrinter/train/section_00_source_train_normal_000819.wav,3c6b5d6c4bfbc1cde8b74ac091df8306398bec5587fbc31ab276614641fcc849,960044,8368428000,8368908000,54fc6f490bf3028a61bbb10af8109deb1ca2474a512faae61d08a0b2b553164d,0,0,a7d9b5104f6fdb7ca780470a151026fdace566a5afb8abd302b9ab3bb7fc2251,saved_rule_based,1.77
section_00_source_train_normal_000820,train,source,normal,C,20260909T131430Z-25f6c6cf594720724d1909bb,20260909T131430Z-25f6c6cf594720724d1909bb-dg-4470d4bd5dad-000182,2,none,none,slow,normal-slow-1,left,normal,clipped/audio_event_clean/normal/20260909T131430Z-25f6c6cf594720724d1909bb-dg-4470d4bd5dad-000182_ch2.wav,3DPrinter/train/section_00_source_train_normal_000820.wav,c64086f052509705599fdb4ba9fd06fb40d7f8376c5f62fbc189efdb39ad6107,960044,8369388000,8369868000,54fc6f490bf3028a61bbb10af8109deb1ca2474a512faae61d08a0b2b553164d,0,0,a7d9b5104f6fdb7ca780470a151026fdace566a5afb8abd302b9ab3bb7fc2251,saved_rule_based,1.77
section_00_source_train_normal_000821,train,source,normal,C,20260909T131430Z-25f6c6cf594720724d1909bb,20260909T131430Z-25f6c6cf594720724d1909bb-dg-4470d4bd5dad-000187,2,none,none,slow,normal-slow-1,left,normal,clipped/audio_event_clean/normal/20260909T131430Z-25f6c6cf594720724d1909bb-dg-4470d4bd5dad-000187_ch2.wav,3DPrinter/train/section_00_source_train_normal_000821.wav,09d4743048aa85a88676bfc23761109f8f65457a6c489035cd3801d4a5ac8721,960044,8371788000,8372268000,54fc6f490bf3028a61bbb10af8109deb1ca2474a512faae61d08a0b2b553164d,0,0,a7d9b5104f6fdb7ca780470a151026fdace566a5afb8abd302b9ab3bb7fc2251,saved_rule_based,1.77
section_00_source_train_normal_000822,train,source,normal,C,20260909T131430Z-25f6c6cf594720724d1909bb,20260909T131430Z-25f6c6cf594720724d1909bb-dg-4470d4bd5dad-000189,2,none,none,slow,normal-slow-1,left,normal,clipped/audio_event_clean/normal/20260909T131430Z-25f6c6cf594720724d1909bb-dg-4470d4bd5dad-000189_ch2.wav,3DPrinter/train/section_00_source_train_normal_000822.wav,719e43bbfa3fb438c9c1e595a079f6049bdcf692f282c514f91850ab2502e60f,960044,8372748000,8373228000,54fc6f490bf3028a61bbb10af8109deb1ca2474a512faae61d08a0b2b553164d,0,0,a7d9b5104f6fdb7ca780470a151026fdace566a5afb8abd302b9ab3bb7fc2251,saved_rule_based,1.77
section_00_source_train_normal_000823,train,source,normal,C,20260909T131430Z-25f6c6cf594720724d1909bb,20260909T131430Z-25f6c6cf594720724d1909bb-dg-4470d4bd5dad-000191,2,none,none,slow,normal-slow-1,left,normal,clipped/audio_event_clean/normal/20260909T131430Z-25f6c6cf594720724d1909bb-dg-4470d4bd5dad-000191_ch2.wav,3DPrinter/train/section_00_source_train_normal_000823.wav,7d3a9f603f9cd6a7034ca26f15cf826da4196d59db201fd653809f8dd5b09a5f,960044,8373708000,8374188000,54fc6f490bf3028a61bbb10af8109deb1ca2474a512faae61d08a0b2b553164d,0,0,a7d9b5104f6fdb7ca780470a151026fdace566a5afb8abd302b9ab3bb7fc2251,saved_rule_based,1.77
section_00_source_train_normal_000824,train,source,normal,C,20260909T131430Z-25f6c6cf594720724d1909bb,20260909T131430Z-25f6c6cf594720724d1909bb-dg-4470d4bd5dad-000192,2,none,none,slow,normal-slow-1,left,normal,clipped/audio_event_clean/normal/20260909T131430Z-25f6c6cf594720724d1909bb-dg-4470d4bd5dad-000192_ch2.wav,3DPrinter/train/section_00_source_train_normal_000824.wav,3049adc689c400534584871f59938d22e1de93a3c171593d4bc28b541adba239,960044,8374188000,8374668000,54fc6f490bf3028a61bbb10af8109deb1ca2474a512faae61d08a0b2b553164d,0,0,a7d9b5104f6fdb7ca780470a151026fdace566a5afb8abd302b9ab3bb7fc2251,saved_rule_based,1.77
section_00_source_train_normal_000825,train,source,normal,C,20260909T131430Z-25f6c6cf594720724d1909bb,20260909T131430Z-25f6c6cf594720724d1909bb-dg-4470d4bd5dad-000194,2,none,none,slow,normal-slow-1,left,normal,clipped/audio_event_clean/normal/20260909T131430Z-25f6c6cf594720724d1909bb-dg-4470d4bd5dad-000194_ch2.wav,3DPrinter/train/section_00_source_train_normal_000825.wav,7742ea69a53e8386549120e0b748ec8aad134a9fe94672d9dea5a572e201a782,960044,8375148000,8375628000,54fc6f490bf3028a61bbb10af8109deb1ca2474a512faae61d08a0b2b553164d,0,0,a7d9b5104f6fdb7ca780470a151026fdace566a5afb8abd302b9ab3bb7fc2251,saved_rule_based,1.77
section_00_source_train_normal_000826,train,source,normal,C,20260909T131430Z-25f6c6cf594720724d1909bb,20260909T131430Z-25f6c6cf594720724d1909bb-dg-4470d4bd5dad-000196,2,none,none,slow,normal-slow-1,left,normal,clipped/audio_event_clean/normal/20260909T131430Z-25f6c6cf594720724d1909bb-dg-4470d4bd5dad-000196_ch2.wav,3DPrinter/train/section_00_source_train_normal_000826.wav,6823c423a09f72002e57c88903fb506b0f88099e1d4a8a5330676485ae7c0ada,960044,8376108000,8376588000,54fc6f490bf3028a61bbb10af8109deb1ca2474a512faae61d08a0b2b553164d,0,0,a7d9b5104f6fdb7ca780470a151026fdace566a5afb8abd302b9ab3bb7fc2251,saved_rule_based,1.77
section_00_source_train_normal_000827,train,source,normal,C,20260909T131430Z-25f6c6cf594720724d1909bb,20260909T131430Z-25f6c6cf594720724d1909bb-dg-4470d4bd5dad-000198,2,none,none,slow,normal-slow-1,left,normal,clipped/audio_event_clean/normal/20260909T131430Z-25f6c6cf594720724d1909bb-dg-4470d4bd5dad-000198_ch2.wav,3DPrinter/train/section_00_source_train_normal_000827.wav,cd282c30e707fb41f111a0b6d16b2a482b709271071dd7332fe06f6ff6ad309a,960044,8377068000,8377548000,54fc6f490bf3028a61bbb10af8109deb1ca2474a512faae61d08a0b2b553164d,0,0,a7d9b5104f6fdb7ca780470a151026fdace566a5afb8abd302b9ab3bb7fc2251,saved_rule_based,1.77
section_00_source_train_normal_000828,train,source,normal,C,20260909T131430Z-25f6c6cf594720724d1909bb,20260909T131430Z-25f6c6cf594720724d1909bb-dg-4470d4bd5dad-000199,2,none,none,slow,normal-slow-1,left,normal,clipped/audio_event_clean/normal/20260909T131430Z-25f6c6cf594720724d1909bb-dg-4470d4bd5dad-000199_ch2.wav,3DPrinter/train/section_00_source_train_normal_000828.wav,b8d2eb57f680bbfa5edda16b1db8f98045bef3396237e3cd6a5a2fe2fb4b7c67,960044,8377548000,8378028000,54fc6f490bf3028a61bbb10af8109deb1ca2474a512faae61d08a0b2b553164d,0,0,a7d9b5104f6fdb7ca780470a151026fdace566a5afb8abd302b9ab3bb7fc2251,saved_rule_based,1.77
section_00_source_train_normal_000829,train,source,normal,C,20260909T131430Z-25f6c6cf594720724d1909bb,20260909T131430Z-25f6c6cf594720724d1909bb-dg-4470d4bd5dad-000200,2,none,none,slow,normal-slow-1,left,normal,clipped/audio_event_clean/normal/20260909T131430Z-25f6c6cf594720724d1909bb-dg-4470d4bd5dad-000200_ch2.wav,3DPrinter/train/section_00_source_train_normal_000829.wav,80c6608d1d3ca049915100e159afafa922875cad8f36489a4d8e817ae96c6f18,960044,8378028000,8378508000,54fc6f490bf3028a61bbb10af8109deb1ca2474a512faae61d08a0b2b553164d,0,0,a7d9b5104f6fdb7ca780470a151026fdace566a5afb8abd302b9ab3bb7fc2251,saved_rule_based,1.77
section_00_source_train_normal_000830,train,source,normal,C,20260909T131430Z-25f6c6cf594720724d1909bb,20260909T131430Z-25f6c6cf594720724d1909bb-dg-4470d4bd5dad-000201,2,none,none,slow,normal-slow-1,left,normal,clipped/audio_event_clean/normal/20260909T131430Z-25f6c6cf594720724d1909bb-dg-4470d4bd5dad-000201_ch2.wav,3DPrinter/train/section_00_source_train_normal_000830.wav,14b66614725b89419876335414818d4e51204fe8e1de40d8c2b2825a2c8b4992,960044,8378508000,8378988000,54fc6f490bf3028a61bbb10af8109deb1ca2474a512faae61d08a0b2b553164d,0,0,a7d9b5104f6fdb7ca780470a151026fdace566a5afb8abd302b9ab3bb7fc2251,saved_rule_based,1.77
section_00_source_train_normal_000831,train,source,normal,C,20260909T131430Z-25f6c6cf594720724d1909bb,20260909T131430Z-25f6c6cf594720724d1909bb-dg-4470d4bd5dad-000204,2,none,none,slow,normal-slow-1,left,normal,clipped/audio_event_clean/normal/20260909T131430Z-25f6c6cf594720724d1909bb-dg-4470d4bd5dad-000204_ch2.wav,3DPrinter/train/section_00_source_train_normal_000831.wav,0ceb249a9928e7b2ae890dbc37694f334318b6a0143c3425a3f980000298a764,960044,8379948000,8380428000,54fc6f490bf3028a61bbb10af8109deb1ca2474a512faae61d08a0b2b553164d,0,0,a7d9b5104f6fdb7ca780470a151026fdace566a5afb8abd302b9ab3bb7fc2251,saved_rule_based,1.77
section_00_source_train_normal_000832,train,source,normal,C,20260909T131430Z-25f6c6cf594720724d1909bb,20260909T131430Z-25f6c6cf594720724d1909bb-dg-4470d4bd5dad-000208,2,none,none,slow,normal-slow-1,left,normal,clipped/audio_event_clean/normal/20260909T131430Z-25f6c6cf594720724d1909bb-dg-4470d4bd5dad-000208_ch2.wav,3DPrinter/train/section_00_source_train_normal_000832.wav,29047e43fa84781f7b7cb2f37b0e4266ebd25190cafb1ac8607307e5b3eabf7d,960044,8381868000,8382348000,54fc6f490bf3028a61bbb10af8109deb1ca2474a512faae61d08a0b2b553164d,0,0,a7d9b5104f6fdb7ca780470a151026fdace566a5afb8abd302b9ab3bb7fc2251,saved_rule_based,1.77
section_00_source_train_normal_000833,train,source,normal,C,20260909T131430Z-25f6c6cf594720724d1909bb,20260909T131430Z-25f6c6cf594720724d1909bb-dg-4470d4bd5dad-000209,2,none,none,slow,normal-slow-1,left,normal,clipped/audio_event_clean/normal/20260909T131430Z-25f6c6cf594720724d1909bb-dg-4470d4bd5dad-000209_ch2.wav,3DPrinter/train/section_00_source_train_normal_000833.wav,c0ad66073deeff4b7ba7fcb21150603e0476be748a42e883577c4df587a5b90a,960044,8382348000,8382828000,54fc6f490bf3028a61bbb10af8109deb1ca2474a512faae61d08a0b2b553164d,0,0,a7d9b5104f6fdb7ca780470a151026fdace566a5afb8abd302b9ab3bb7fc2251,saved_rule_based,1.77
section_00_source_train_normal_000834,train,source,normal,C,20260909T131430Z-25f6c6cf594720724d1909bb,20260909T131430Z-25f6c6cf594720724d1909bb-dg-4470d4bd5dad-000210,2,none,none,slow,normal-slow-1,left,normal,clipped/audio_event_clean/normal/20260909T131430Z-25f6c6cf594720724d1909bb-dg-4470d4bd5dad-000210_ch2.wav,3DPrinter/train/section_00_source_train_normal_000834.wav,721fe7d8e8af370a4c65ac4b18d5cc0b9926edc3ca1699804d19e49fe2120162,960044,8382828000,8383308000,54fc6f490bf3028a61bbb10af8109deb1ca2474a512faae61d08a0b2b553164d,0,0,a7d9b5104f6fdb7ca780470a151026fdace566a5afb8abd302b9ab3bb7fc2251,saved_rule_based,1.77
section_00_source_train_normal_000835,train,source,normal,C,20260909T131430Z-25f6c6cf594720724d1909bb,20260909T131430Z-25f6c6cf594720724d1909bb-dg-4470d4bd5dad-000212,2,none,none,slow,normal-slow-1,left,normal,clipped/audio_event_clean/normal/20260909T131430Z-25f6c6cf594720724d1909bb-dg-4470d4bd5dad-000212_ch2.wav,3DPrinter/train/section_00_source_train_normal_000835.wav,5e678a3dd5e9c8c52ddd8b78eaef81d81b6876b88171e5c183378ad44dcb5212,960044,8383788000,8384268000,54fc6f490bf3028a61bbb10af8109deb1ca2474a512faae61d08a0b2b553164d,0,0,a7d9b5104f6fdb7ca780470a151026fdace566a5afb8abd302b9ab3bb7fc2251,saved_rule_based,1.77
section_00_source_train_normal_000836,train,source,normal,C,20260909T131430Z-25f6c6cf594720724d1909bb,20260909T131430Z-25f6c6cf594720724d1909bb-dg-4470d4bd5dad-000213,2,none,none,slow,normal-slow-1,left,normal,clipped/audio_event_clean/normal/20260909T131430Z-25f6c6cf594720724d1909bb-dg-4470d4bd5dad-000213_ch2.wav,3DPrinter/train/section_00_source_train_normal_000836.wav,d5d702202579b0cf349e1fb09655547c2cdfecb26205050a6172d66b820c8ab2,960044,8384268000,8384748000,54fc6f490bf3028a61bbb10af8109deb1ca2474a512faae61d08a0b2b553164d,0,0,a7d9b5104f6fdb7ca780470a151026fdace566a5afb8abd302b9ab3bb7fc2251,saved_rule_based,1.77
section_00_source_train_normal_000837,train,source,normal,C,20260909T131430Z-25f6c6cf594720724d1909bb,20260909T131430Z-25f6c6cf594720724d1909bb-dg-4470d4bd5dad-000214,2,none,none,slow,normal-slow-1,left,normal,clipped/audio_event_clean/normal/20260909T131430Z-25f6c6cf594720724d1909bb-dg-4470d4bd5dad-000214_ch2.wav,3DPrinter/train/section_00_source_train_normal_000837.wav,53f2a5b698e688c963c27c2fb8be295bce8e5624756a2e63f21427e8048d521d,960044,8384748000,8385228000,54fc6f490bf3028a61bbb10af8109deb1ca2474a512faae61d08a0b2b553164d,0,0,a7d9b5104f6fdb7ca780470a151026fdace566a5afb8abd302b9ab3bb7fc2251,saved_rule_based,1.77
section_00_source_train_normal_000838,train,source,normal,C,20260909T131430Z-25f6c6cf594720724d1909bb,20260909T131430Z-25f6c6cf594720724d1909bb-dg-4470d4bd5dad-000217,2,none,none,slow,normal-slow-1,left,normal,clipped/audio_event_clean/normal/20260909T131430Z-25f6c6cf594720724d1909bb-dg-4470d4bd5dad-000217_ch2.wav,3DPrinter/train/section_00_source_train_normal_000838.wav,2eba452166fd9470aafc6944230fc9c6bb1263e5761d839aa98be281efa43db1,960044,8386188000,8386668000,54fc6f490bf3028a61bbb10af8109deb1ca2474a512faae61d08a0b2b553164d,0,0,a7d9b5104f6fdb7ca780470a151026fdace566a5afb8abd302b9ab3bb7fc2251,saved_rule_based,1.77
section_00_source_train_normal_000839,train,source,normal,C,20260909T131430Z-25f6c6cf594720724d1909bb,20260909T131430Z-25f6c6cf594720724d1909bb-dg-4470d4bd5dad-000219,2,none,none,slow,normal-slow-1,left,normal,clipped/audio_event_clean/normal/20260909T131430Z-25f6c6cf594720724d1909bb-dg-4470d4bd5dad-000219_ch2.wav,3DPrinter/train/section_00_source_train_normal_000839.wav,d148321c7cadcf1125a4bd0af32fcfa513cd079d98751e490e8b5d180f6a0ec8,960044,8387148000,8387628000,54fc6f490bf3028a61bbb10af8109deb1ca2474a512faae61d08a0b2b553164d,0,0,a7d9b5104f6fdb7ca780470a151026fdace566a5afb8abd302b9ab3bb7fc2251,saved_rule_based,1.77
section_00_source_train_normal_000840,train,source,normal,C,20260909T131430Z-25f6c6cf594720724d1909bb,20260909T131430Z-25f6c6cf594720724d1909bb-dg-4470d4bd5dad-000223,2,none,none,slow,normal-slow-1,left,normal,clipped/audio_event_clean/normal/20260909T131430Z-25f6c6cf594720724d1909bb-dg-4470d4bd5dad-000223_ch2.wav,3DPrinter/train/section_00_source_train_normal_000840.wav,4b4a9acd6a470d5cd41db80119d697e355197e0dc5be4c749355814e8338e052,960044,8389068000,8389548000,54fc6f490bf3028a61bbb10af8109deb1ca2474a512faae61d08a0b2b553164d,0,0,a7d9b5104f6fdb7ca780470a151026fdace566a5afb8abd302b9ab3bb7fc2251,saved_rule_based,1.77
section_00_source_train_normal_000841,train,source,normal,C,20260909T131430Z-25f6c6cf594720724d1909bb,20260909T131430Z-25f6c6cf594720724d1909bb-dg-4470d4bd5dad-000227,2,none,none,slow,normal-slow-1,left,normal,clipped/audio_event_clean/normal/20260909T131430Z-25f6c6cf594720724d1909bb-dg-4470d4bd5dad-000227_ch2.wav,3DPrinter/train/section_00_source_train_normal_000841.wav,f199d75f80f0d0828bd41f360f570bf15bd8f03aec0e4d0dc18f215768d535e5,960044,8390988000,8391468000,54fc6f490bf3028a61bbb10af8109deb1ca2474a512faae61d08a0b2b553164d,0,0,a7d9b5104f6fdb7ca780470a151026fdace566a5afb8abd302b9ab3bb7fc2251,saved_rule_based,1.77
section_00_source_train_normal_000842,train,source,normal,C,20260909T131430Z-25f6c6cf594720724d1909bb,20260909T131430Z-25f6c6cf594720724d1909bb-dg-4470d4bd5dad-000230,2,none,none,slow,normal-slow-1,left,normal,clipped/audio_event_clean/normal/20260909T131430Z-25f6c6cf594720724d1909bb-dg-4470d4bd5dad-000230_ch2.wav,3DPrinter/train/section_00_source_train_normal_000842.wav,a648bde5e2dad67683e84ea90012953b4e24633a6b72aec11f9a25b896faaa91,960044,8392428000,8392908000,54fc6f490bf3028a61bbb10af8109deb1ca2474a512faae61d08a0b2b553164d,0,0,a7d9b5104f6fdb7ca780470a151026fdace566a5afb8abd302b9ab3bb7fc2251,saved_rule_based,1.77
section_00_source_train_normal_000843,train,source,normal,C,20260909T131430Z-25f6c6cf594720724d1909bb,20260909T131430Z-25f6c6cf594720724d1909bb-dg-4470d4bd5dad-000231,2,none,none,slow,normal-slow-1,left,normal,clipped/audio_event_clean/normal/20260909T131430Z-25f6c6cf594720724d1909bb-dg-4470d4bd5dad-000231_ch2.wav,3DPrinter/train/section_00_source_train_normal_000843.wav,92b9c3642445d8ebe87b6a12e93a5cba3621a102b083a3b02bb08557a024e7ce,960044,8392908000,8393388000,54fc6f490bf3028a61bbb10af8109deb1ca2474a512faae61d08a0b2b553164d,0,0,a7d9b5104f6fdb7ca780470a151026fdace566a5afb8abd302b9ab3bb7fc2251,saved_rule_based,1.77
section_00_source_train_normal_000844,train,source,normal,C,20260909T131430Z-25f6c6cf594720724d1909bb,20260909T131430Z-25f6c6cf594720724d1909bb-dg-4470d4bd5dad-000232,2,none,none,slow,normal-slow-1,left,normal,clipped/audio_event_clean/normal/20260909T131430Z-25f6c6cf594720724d1909bb-dg-4470d4bd5dad-000232_ch2.wav,3DPrinter/train/section_00_source_train_normal_000844.wav,4119acd782a2e556a2d04a1f9bb4eaca1d63e53f05de665a4aca31ff3726b512,960044,8393388000,8393868000,54fc6f490bf3028a61bbb10af8109deb1ca2474a512faae61d08a0b2b553164d,0,0,a7d9b5104f6fdb7ca780470a151026fdace566a5afb8abd302b9ab3bb7fc2251,saved_rule_based,1.77
section_00_source_train_normal_000845,train,source,normal,C,20260909T131430Z-25f6c6cf594720724d1909bb,20260909T131430Z-25f6c6cf594720724d1909bb-dg-4470d4bd5dad-000234,2,none,none,slow,normal-slow-1,left,normal,clipped/audio_event_clean/normal/20260909T131430Z-25f6c6cf594720724d1909bb-dg-4470d4bd5dad-000234_ch2.wav,3DPrinter/train/section_00_source_train_normal_000845.wav,dffacf540ad8b634c69c7e51d0ae81f9e0d465b857194c74b53c3322cf02bf40,960044,8394348000,8394828000,54fc6f490bf3028a61bbb10af8109deb1ca2474a512faae61d08a0b2b553164d,0,0,a7d9b5104f6fdb7ca780470a151026fdace566a5afb8abd302b9ab3bb7fc2251,saved_rule_based,1.77
section_00_source_train_normal_000846,train,source,normal,C,20260909T131430Z-25f6c6cf594720724d1909bb,20260909T131430Z-25f6c6cf594720724d1909bb-dg-4470d4bd5dad-000235,2,none,none,slow,normal-slow-1,left,normal,clipped/audio_event_clean/normal/20260909T131430Z-25f6c6cf594720724d1909bb-dg-4470d4bd5dad-000235_ch2.wav,3DPrinter/train/section_00_source_train_normal_000846.wav,388199f2782e163df80114cafb8ab1f0ab9b7a8ebe77b02eb0f4c84fd4a448e0,960044,8394828000,8395308000,54fc6f490bf3028a61bbb10af8109deb1ca2474a512faae61d08a0b2b553164d,0,0,a7d9b5104f6fdb7ca780470a151026fdace566a5afb8abd302b9ab3bb7fc2251,saved_rule_based,1.77
section_00_source_train_normal_000847,train,source,normal,C,20260909T131430Z-25f6c6cf594720724d1909bb,20260909T131430Z-25f6c6cf594720724d1909bb-dg-4470d4bd5dad-000237,2,none,none,slow,normal-slow-1,left,normal,clipped/audio_event_clean/normal/20260909T131430Z-25f6c6cf594720724d1909bb-dg-4470d4bd5dad-000237_ch2.wav,3DPrinter/train/section_00_source_train_normal_000847.wav,9767402b59f5e0bb6d886baa736fea32090de483a1b0e7df9fd19709469fded8,960044,8395788000,8396268000,54fc6f490bf3028a61bbb10af8109deb1ca2474a512faae61d08a0b2b553164d,0,0,a7d9b5104f6fdb7ca780470a151026fdace566a5afb8abd302b9ab3bb7fc2251,saved_rule_based,1.77
section_00_source_train_normal_000848,train,source,normal,C,20260909T131430Z-25f6c6cf594720724d1909bb,20260909T131430Z-25f6c6cf594720724d1909bb-dg-4470d4bd5dad-000239,2,none,none,slow,normal-slow-1,left,normal,clipped/audio_event_clean/normal/20260909T131430Z-25f6c6cf594720724d1909bb-dg-4470d4bd5dad-000239_ch2.wav,3DPrinter/train/section_00_source_train_normal_000848.wav,927f230a86bd7b5f3d8239af025f2c6842f32d0994330a0c73c3afde464e6f2a,960044,8396748000,8397228000,54fc6f490bf3028a61bbb10af8109deb1ca2474a512faae61d08a0b2b553164d,0,0,a7d9b5104f6fdb7ca780470a151026fdace566a5afb8abd302b9ab3bb7fc2251,saved_rule_based,1.77
section_00_source_train_normal_000849,train,source,normal,C,20260909T131430Z-25f6c6cf594720724d1909bb,20260909T131430Z-25f6c6cf594720724d1909bb-dg-4470d4bd5dad-000240,2,none,none,slow,normal-slow-1,left,normal,clipped/audio_event_clean/normal/20260909T131430Z-25f6c6cf594720724d1909bb-dg-4470d4bd5dad-000240_ch2.wav,3DPrinter/train/section_00_source_train_normal_000849.wav,bc0c8ac8c0e8de28b53a1389f0f7c80bb2091ba3f29cee9bc51fdb2b7acd7430,960044,8397228000,8397708000,54fc6f490bf3028a61bbb10af8109deb1ca2474a512faae61d08a0b2b553164d,0,0,a7d9b5104f6fdb7ca780470a151026fdace566a5afb8abd302b9ab3bb7fc2251,saved_rule_based,1.77
section_00_source_train_normal_000850,train,source,normal,C,20260909T131430Z-25f6c6cf594720724d1909bb,20260909T131430Z-25f6c6cf594720724d1909bb-dg-4470d4bd5dad-000243,2,none,none,slow,normal-slow-1,left,normal,clipped/audio_event_clean/normal/20260909T131430Z-25f6c6cf594720724d1909bb-dg-4470d4bd5dad-000243_ch2.wav,3DPrinter/train/section_00_source_train_normal_000850.wav,da680e4fbfa68ee40d4b7f4daaf669d6414a7ecfb7626ad7d2c43e9dc5950cca,960044,8398668000,8399148000,54fc6f490bf3028a61bbb10af8109deb1ca2474a512faae61d08a0b2b553164d,0,0,a7d9b5104f6fdb7ca780470a151026fdace566a5afb8abd302b9ab3bb7fc2251,saved_rule_based,1.77
section_00_source_train_normal_000851,train,source,normal,C,20260909T131430Z-25f6c6cf594720724d1909bb,20260909T131430Z-25f6c6cf594720724d1909bb-dg-4470d4bd5dad-000245,2,none,none,slow,normal-slow-1,left,normal,clipped/audio_event_clean/normal/20260909T131430Z-25f6c6cf594720724d1909bb-dg-4470d4bd5dad-000245_ch2.wav,3DPrinter/train/section_00_source_train_normal_000851.wav,c7972869d814f3dc07fcfa92ad49176acb5fd888625ea31e8b1da4ee3d828591,960044,8399628000,8400108000,54fc6f490bf3028a61bbb10af8109deb1ca2474a512faae61d08a0b2b553164d,0,0,a7d9b5104f6fdb7ca780470a151026fdace566a5afb8abd302b9ab3bb7fc2251,saved_rule_based,1.77
section_00_source_train_normal_000852,train,source,normal,C,20260909T131430Z-25f6c6cf594720724d1909bb,20260909T131430Z-25f6c6cf594720724d1909bb-dg-4470d4bd5dad-000251,2,none,none,slow,normal-slow-1,left,normal,clipped/audio_event_clean/normal/20260909T131430Z-25f6c6cf594720724d1909bb-dg-4470d4bd5dad-000251_ch2.wav,3DPrinter/train/section_00_source_train_normal_000852.wav,fcae41e57222e2842830a7a752b25df964e2060fa83b19a80527db7e9e2e9598,960044,8402508000,8402988000,54fc6f490bf3028a61bbb10af8109deb1ca2474a512faae61d08a0b2b553164d,0,0,a7d9b5104f6fdb7ca780470a151026fdace566a5afb8abd302b9ab3bb7fc2251,saved_rule_based,1.77
section_00_source_train_normal_000853,train,source,normal,C,20260909T131430Z-25f6c6cf594720724d1909bb,20260909T131430Z-25f6c6cf594720724d1909bb-dg-4470d4bd5dad-000252,2,none,none,slow,normal-slow-1,left,normal,clipped/audio_event_clean/normal/20260909T131430Z-25f6c6cf594720724d1909bb-dg-4470d4bd5dad-000252_ch2.wav,3DPrinter/train/section_00_source_train_normal_000853.wav,daa306a0440d187121da8021af04ea3d13e0cf94fc4a78f4718d62d753c00b0e,960044,8402988000,8403468000,54fc6f490bf3028a61bbb10af8109deb1ca2474a512faae61d08a0b2b553164d,0,0,a7d9b5104f6fdb7ca780470a151026fdace566a5afb8abd302b9ab3bb7fc2251,saved_rule_based,1.77
section_00_source_train_normal_000854,train,source,normal,C,20260909T131430Z-25f6c6cf594720724d1909bb,20260909T131430Z-25f6c6cf594720724d1909bb-dg-4470d4bd5dad-000253,2,none,none,slow,normal-slow-1,left,normal,clipped/audio_event_clean/normal/20260909T131430Z-25f6c6cf594720724d1909bb-dg-4470d4bd5dad-000253_ch2.wav,3DPrinter/train/section_00_source_train_normal_000854.wav,4519603e8c30fb37c7b777978e2137261734548241205d405d01a6f38f70f1c3,960044,8403468000,8403948000,54fc6f490bf3028a61bbb10af8109deb1ca2474a512faae61d08a0b2b553164d,0,0,a7d9b5104f6fdb7ca780470a151026fdace566a5afb8abd302b9ab3bb7fc2251,saved_rule_based,1.77
section_00_source_train_normal_000855,train,source,normal,C,20260909T131430Z-25f6c6cf594720724d1909bb,20260909T131430Z-25f6c6cf594720724d1909bb-dg-4470d4bd5dad-000257,2,none,none,slow,normal-slow-1,left,normal,clipped/audio_event_clean/normal/20260909T131430Z-25f6c6cf594720724d1909bb-dg-4470d4bd5dad-000257_ch2.wav,3DPrinter/train/section_00_source_train_normal_000855.wav,e6b1a4b05095936c5b5bfcb4debc84fa2184e7267997a2eb576fa4ed08ecb693,960044,8405388000,8405868000,54fc6f490bf3028a61bbb10af8109deb1ca2474a512faae61d08a0b2b553164d,0,0,a7d9b5104f6fdb7ca780470a151026fdace566a5afb8abd302b9ab3bb7fc2251,saved_rule_based,1.77
section_00_source_train_normal_000856,train,source,normal,C,20260909T131430Z-25f6c6cf594720724d1909bb,20260909T131430Z-25f6c6cf594720724d1909bb-dg-4470d4bd5dad-000263,2,none,none,slow,normal-slow-1,left,normal,clipped/audio_event_clean/normal/20260909T131430Z-25f6c6cf594720724d1909bb-dg-4470d4bd5dad-000263_ch2.wav,3DPrinter/train/section_00_source_train_normal_000856.wav,0312c03464fa1e422bf4f91342234167e0825bf85a8c41494203905333ba8883,960044,8408268000,8408748000,54fc6f490bf3028a61bbb10af8109deb1ca2474a512faae61d08a0b2b553164d,0,0,a7d9b5104f6fdb7ca780470a151026fdace566a5afb8abd302b9ab3bb7fc2251,saved_rule_based,1.77
section_00_source_train_normal_000857,train,source,normal,C,20260909T131430Z-25f6c6cf594720724d1909bb,20260909T131430Z-25f6c6cf594720724d1909bb-dg-4470d4bd5dad-000265,2,none,none,slow,normal-slow-1,left,normal,clipped/audio_event_clean/normal/20260909T131430Z-25f6c6cf594720724d1909bb-dg-4470d4bd5dad-000265_ch2.wav,3DPrinter/train/section_00_source_train_normal_000857.wav,4455db9ac29230660619caac64fa07f18a5bee8ffc4fb17f87e2f3211f326625,960044,8409228000,8409708000,54fc6f490bf3028a61bbb10af8109deb1ca2474a512faae61d08a0b2b553164d,0,0,a7d9b5104f6fdb7ca780470a151026fdace566a5afb8abd302b9ab3bb7fc2251,saved_rule_based,1.77
section_00_source_train_normal_000858,train,source,normal,C,20260909T131430Z-25f6c6cf594720724d1909bb,20260909T131430Z-25f6c6cf594720724d1909bb-dg-4470d4bd5dad-000268,2,none,none,slow,normal-slow-1,left,normal,clipped/audio_event_clean/normal/20260909T131430Z-25f6c6cf594720724d1909bb-dg-4470d4bd5dad-000268_ch2.wav,3DPrinter/train/section_00_source_train_normal_000858.wav,fed5f21e7d63e8d820b3e4975e3ea5b81326248b94966f99c92ea87ff5be966f,960044,8410668000,8411148000,54fc6f490bf3028a61bbb10af8109deb1ca2474a512faae61d08a0b2b553164d,0,0,a7d9b5104f6fdb7ca780470a151026fdace566a5afb8abd302b9ab3bb7fc2251,saved_rule_based,1.77
section_00_source_train_normal_000859,train,source,normal,C,20260909T131430Z-25f6c6cf594720724d1909bb,20260909T131430Z-25f6c6cf594720724d1909bb-dg-4470d4bd5dad-000269,2,none,none,slow,normal-slow-1,left,normal,clipped/audio_event_clean/normal/20260909T131430Z-25f6c6cf594720724d1909bb-dg-4470d4bd5dad-000269_ch2.wav,3DPrinter/train/section_00_source_train_normal_000859.wav,acdaad3786065abeb57659d9ffdf94a86e1b1bd15b285c8782ba6d0f6f6317e7,960044,8411148000,8411628000,54fc6f490bf3028a61bbb10af8109deb1ca2474a512faae61d08a0b2b553164d,0,0,a7d9b5104f6fdb7ca780470a151026fdace566a5afb8abd302b9ab3bb7fc2251,saved_rule_based,1.77
section_00_source_train_normal_000860,train,source,normal,C,20260909T131430Z-25f6c6cf594720724d1909bb,20260909T131430Z-25f6c6cf594720724d1909bb-dg-4470d4bd5dad-000272,2,none,none,slow,normal-slow-1,left,normal,clipped/audio_event_clean/normal/20260909T131430Z-25f6c6cf594720724d1909bb-dg-4470d4bd5dad-000272_ch2.wav,3DPrinter/train/section_00_source_train_normal_000860.wav,95a445039920789c61398180e9dfae488f7a60266c5147544bbf740390f9813e,960044,8412588000,8413068000,54fc6f490bf3028a61bbb10af8109deb1ca2474a512faae61d08a0b2b553164d,0,0,a7d9b5104f6fdb7ca780470a151026fdace566a5afb8abd302b9ab3bb7fc2251,saved_rule_based,1.77
section_00_source_train_normal_000861,train,source,normal,C,20260909T131430Z-25f6c6cf594720724d1909bb,20260909T131430Z-25f6c6cf594720724d1909bb-dg-4470d4bd5dad-000273,2,none,none,slow,normal-slow-1,left,normal,clipped/audio_event_clean/normal/20260909T131430Z-25f6c6cf594720724d1909bb-dg-4470d4bd5dad-000273_ch2.wav,3DPrinter/train/section_00_source_train_normal_000861.wav,93e7d9a43f360d008b283ee09688cd16ae65b4040abddde2709a4c9c725c5afc,960044,8413068000,8413548000,54fc6f490bf3028a61bbb10af8109deb1ca2474a512faae61d08a0b2b553164d,0,0,a7d9b5104f6fdb7ca780470a151026fdace566a5afb8abd302b9ab3bb7fc2251,saved_rule_based,1.77
section_00_source_train_normal_000862,train,source,normal,C,20260909T131430Z-25f6c6cf594720724d1909bb,20260909T131430Z-25f6c6cf594720724d1909bb-dg-4470d4bd5dad-000277,2,none,none,slow,normal-slow-1,left,normal,clipped/audio_event_clean/normal/20260909T131430Z-25f6c6cf594720724d1909bb-dg-4470d4bd5dad-000277_ch2.wav,3DPrinter/train/section_00_source_train_normal_000862.wav,2941bb0e4597bdd1471f1faa19802f95ec3b3fe1f61ddece70b55ac6eaf7c836,960044,8414988000,8415468000,54fc6f490bf3028a61bbb10af8109deb1ca2474a512faae61d08a0b2b553164d,0,0,a7d9b5104f6fdb7ca780470a151026fdace566a5afb8abd302b9ab3bb7fc2251,saved_rule_based,1.77
section_00_source_train_normal_000863,train,source,normal,C,20260909T131430Z-25f6c6cf594720724d1909bb,20260909T131430Z-25f6c6cf594720724d1909bb-dg-4470d4bd5dad-000280,2,none,none,slow,normal-slow-1,left,normal,clipped/audio_event_clean/normal/20260909T131430Z-25f6c6cf594720724d1909bb-dg-4470d4bd5dad-000280_ch2.wav,3DPrinter/train/section_00_source_train_normal_000863.wav,9a5e8057d67765a3cf49628947add153f86e059ccf9b380f6707a99ab85f0395,960044,8416428000,8416908000,54fc6f490bf3028a61bbb10af8109deb1ca2474a512faae61d08a0b2b553164d,0,0,a7d9b5104f6fdb7ca780470a151026fdace566a5afb8abd302b9ab3bb7fc2251,saved_rule_based,1.77
section_00_source_train_normal_000864,train,source,normal,C,20260909T131430Z-25f6c6cf594720724d1909bb,20260909T131430Z-25f6c6cf594720724d1909bb-dg-4470d4bd5dad-000281,2,none,none,slow,normal-slow-1,left,normal,clipped/audio_event_clean/normal/20260909T131430Z-25f6c6cf594720724d1909bb-dg-4470d4bd5dad-000281_ch2.wav,3DPrinter/train/section_00_source_train_normal_000864.wav,5b0e2476e2c2cf89610fa9e46725bc0b161a80916faf547058967ab6482ae201,960044,8416908000,8417388000,54fc6f490bf3028a61bbb10af8109deb1ca2474a512faae61d08a0b2b553164d,0,0,a7d9b5104f6fdb7ca780470a151026fdace566a5afb8abd302b9ab3bb7fc2251,saved_rule_based,1.77
section_00_source_train_normal_000865,train,source,normal,C,20260909T131430Z-25f6c6cf594720724d1909bb,20260909T131430Z-25f6c6cf594720724d1909bb-dg-4470d4bd5dad-000283,2,none,none,slow,normal-slow-1,left,normal,clipped/audio_event_clean/normal/20260909T131430Z-25f6c6cf594720724d1909bb-dg-4470d4bd5dad-000283_ch2.wav,3DPrinter/train/section_00_source_train_normal_000865.wav,95523ff8bd29fdf67ca27dc4bd899386c23211da0fd38ce54e6cf58d7446d39e,960044,8417868000,8418348000,54fc6f490bf3028a61bbb10af8109deb1ca2474a512faae61d08a0b2b553164d,0,0,a7d9b5104f6fdb7ca780470a151026fdace566a5afb8abd302b9ab3bb7fc2251,saved_rule_based,1.77
section_00_source_train_normal_000866,train,source,normal,C,20260909T131430Z-25f6c6cf594720724d1909bb,20260909T131430Z-25f6c6cf594720724d1909bb-dg-4470d4bd5dad-000285,2,none,none,slow,normal-slow-1,left,normal,clipped/audio_event_clean/normal/20260909T131430Z-25f6c6cf594720724d1909bb-dg-4470d4bd5dad-000285_ch2.wav,3DPrinter/train/section_00_source_train_normal_000866.wav,768fd8a2bb504b3356cfcb7c704495063c960a19426c1e58877d8d9a68960af4,960044,8418828000,8419308000,54fc6f490bf3028a61bbb10af8109deb1ca2474a512faae61d08a0b2b553164d,0,0,a7d9b5104f6fdb7ca780470a151026fdace566a5afb8abd302b9ab3bb7fc2251,saved_rule_based,1.77
section_00_source_train_normal_000867,train,source,normal,C,20260909T131430Z-25f6c6cf594720724d1909bb,20260909T131430Z-25f6c6cf594720724d1909bb-dg-4470d4bd5dad-000288,2,none,none,slow,normal-slow-1,left,normal,clipped/audio_event_clean/normal/20260909T131430Z-25f6c6cf594720724d1909bb-dg-4470d4bd5dad-000288_ch2.wav,3DPrinter/train/section_00_source_train_normal_000867.wav,5917411a5ae570e51f4b62e3183e7b37445978e018ee282e6ad2dcba8d358cd4,960044,8420268000,8420748000,54fc6f490bf3028a61bbb10af8109deb1ca2474a512faae61d08a0b2b553164d,0,0,a7d9b5104f6fdb7ca780470a151026fdace566a5afb8abd302b9ab3bb7fc2251,saved_rule_based,1.77
section_00_source_train_normal_000868,train,source,normal,C,20260909T131430Z-25f6c6cf594720724d1909bb,20260909T131430Z-25f6c6cf594720724d1909bb-dg-4470d4bd5dad-000294,2,none,none,slow,normal-slow-1,left,normal,clipped/audio_event_clean/normal/20260909T131430Z-25f6c6cf594720724d1909bb-dg-4470d4bd5dad-000294_ch2.wav,3DPrinter/train/section_00_source_train_normal_000868.wav,afa2fcf0c0df35366dcfb2076e4b237087635d0534574a42c4fec8ed91389a21,960044,8423148000,8423628000,54fc6f490bf3028a61bbb10af8109deb1ca2474a512faae61d08a0b2b553164d,0,0,a7d9b5104f6fdb7ca780470a151026fdace566a5afb8abd302b9ab3bb7fc2251,saved_rule_based,1.77
section_00_source_train_normal_000869,train,source,normal,C,20260909T131430Z-25f6c6cf594720724d1909bb,20260909T131430Z-25f6c6cf594720724d1909bb-dg-4470d4bd5dad-000295,2,none,none,slow,normal-slow-1,left,normal,clipped/audio_event_clean/normal/20260909T131430Z-25f6c6cf594720724d1909bb-dg-4470d4bd5dad-000295_ch2.wav,3DPrinter/train/section_00_source_train_normal_000869.wav,2d61171903255e4646016670fe831f7d16bba158e5c229762d34fddf241e4769,960044,8423628000,8424108000,54fc6f490bf3028a61bbb10af8109deb1ca2474a512faae61d08a0b2b553164d,0,0,a7d9b5104f6fdb7ca780470a151026fdace566a5afb8abd302b9ab3bb7fc2251,saved_rule_based,1.77
section_00_source_train_normal_000870,train,source,normal,C,20260909T140707Z-fe02ca99d55bb38bd334673f,20260909T140707Z-fe02ca99d55bb38bd334673f-dg-e00d1bd3fd63-000004,2,none,none,slow,normal-slow-2,left,normal,clipped/audio_event_clean/normal/20260909T140707Z-fe02ca99d55bb38bd334673f-dg-e00d1bd3fd63-000004_ch2.wav,3DPrinter/train/section_00_source_train_normal_000870.wav,bba977af0c5d3ba10fd57b573f3d272eaba6b0c3087219326c64856b19b5da25,960044,8435484000,8435964000,58339b8cf7e0cd6d35bf85d1f1b3b8b7e4e19fc8c98b6b8729be6609d0a9f7a3,0,0,6b17a5b7426e68e9e8d68ea023c1e0be97617d85268fa0275af78e710ba37a99,saved_rule_based,1.63
section_00_source_train_normal_000871,train,source,normal,C,20260909T140707Z-fe02ca99d55bb38bd334673f,20260909T140707Z-fe02ca99d55bb38bd334673f-dg-e00d1bd3fd63-000006,2,none,none,slow,normal-slow-2,left,normal,clipped/audio_event_clean/normal/20260909T140707Z-fe02ca99d55bb38bd334673f-dg-e00d1bd3fd63-000006_ch2.wav,3DPrinter/train/section_00_source_train_normal_000871.wav,36412c5427169f77460c2d40e5b1f78468bb5b2f0efade98849d9728c596bcc4,960044,8436444000,8436924000,58339b8cf7e0cd6d35bf85d1f1b3b8b7e4e19fc8c98b6b8729be6609d0a9f7a3,0,0,6b17a5b7426e68e9e8d68ea023c1e0be97617d85268fa0275af78e710ba37a99,saved_rule_based,1.63
section_00_source_train_normal_000872,train,source,normal,C,20260909T140707Z-fe02ca99d55bb38bd334673f,20260909T140707Z-fe02ca99d55bb38bd334673f-dg-e00d1bd3fd63-000010,2,none,none,slow,normal-slow-2,left,normal,clipped/audio_event_clean/normal/20260909T140707Z-fe02ca99d55bb38bd334673f-dg-e00d1bd3fd63-000010_ch2.wav,3DPrinter/train/section_00_source_train_normal_000872.wav,5f85ade5e77c5d4c8b8b0240b7b2a4651cdcd641d743a13d9fe01ae1a9b03657,960044,8438364000,8438844000,58339b8cf7e0cd6d35bf85d1f1b3b8b7e4e19fc8c98b6b8729be6609d0a9f7a3,0,0,6b17a5b7426e68e9e8d68ea023c1e0be97617d85268fa0275af78e710ba37a99,saved_rule_based,1.63
section_00_source_train_normal_000873,train,source,normal,C,20260909T140707Z-fe02ca99d55bb38bd334673f,20260909T140707Z-fe02ca99d55bb38bd334673f-dg-e00d1bd3fd63-000012,2,none,none,slow,normal-slow-2,left,normal,clipped/audio_event_clean/normal/20260909T140707Z-fe02ca99d55bb38bd334673f-dg-e00d1bd3fd63-000012_ch2.wav,3DPrinter/train/section_00_source_train_normal_000873.wav,a8c8f21dec2b03df404442b30eeecf4b3e36e12e73449c9295d2458ededbbf53,960044,8439324000,8439804000,58339b8cf7e0cd6d35bf85d1f1b3b8b7e4e19fc8c98b6b8729be6609d0a9f7a3,0,0,6b17a5b7426e68e9e8d68ea023c1e0be97617d85268fa0275af78e710ba37a99,saved_rule_based,1.63
section_00_source_train_normal_000874,train,source,normal,C,20260909T140707Z-fe02ca99d55bb38bd334673f,20260909T140707Z-fe02ca99d55bb38bd334673f-dg-e00d1bd3fd63-000013,2,none,none,slow,normal-slow-2,left,normal,clipped/audio_event_clean/normal/20260909T140707Z-fe02ca99d55bb38bd334673f-dg-e00d1bd3fd63-000013_ch2.wav,3DPrinter/train/section_00_source_train_normal_000874.wav,f4baf5e5e56d20bf11b8818181998225f3621e45e64f43566368cc0a93ec4c90,960044,8439804000,8440284000,58339b8cf7e0cd6d35bf85d1f1b3b8b7e4e19fc8c98b6b8729be6609d0a9f7a3,0,0,6b17a5b7426e68e9e8d68ea023c1e0be97617d85268fa0275af78e710ba37a99,saved_rule_based,1.63
section_00_source_train_normal_000875,train,source,normal,C,20260909T140707Z-fe02ca99d55bb38bd334673f,20260909T140707Z-fe02ca99d55bb38bd334673f-dg-e00d1bd3fd63-000014,2,none,none,slow,normal-slow-2,left,normal,clipped/audio_event_clean/normal/20260909T140707Z-fe02ca99d55bb38bd334673f-dg-e00d1bd3fd63-000014_ch2.wav,3DPrinter/train/section_00_source_train_normal_000875.wav,b7829884563cead0a6588897a654f521799f186d4e8754727a560def34faee25,960044,8440284000,8440764000,58339b8cf7e0cd6d35bf85d1f1b3b8b7e4e19fc8c98b6b8729be6609d0a9f7a3,0,0,6b17a5b7426e68e9e8d68ea023c1e0be97617d85268fa0275af78e710ba37a99,saved_rule_based,1.63
section_00_source_train_normal_000876,train,source,normal,C,20260909T140707Z-fe02ca99d55bb38bd334673f,20260909T140707Z-fe02ca99d55bb38bd334673f-dg-e00d1bd3fd63-000017,2,none,none,slow,normal-slow-2,left,normal,clipped/audio_event_clean/normal/20260909T140707Z-fe02ca99d55bb38bd334673f-dg-e00d1bd3fd63-000017_ch2.wav,3DPrinter/train/section_00_source_train_normal_000876.wav,fa812134dfae51d88364a27c4d1d86a7836a93870a15a93ac912de8747ce4b30,960044,8441724000,8442204000,58339b8cf7e0cd6d35bf85d1f1b3b8b7e4e19fc8c98b6b8729be6609d0a9f7a3,0,0,6b17a5b7426e68e9e8d68ea023c1e0be97617d85268fa0275af78e710ba37a99,saved_rule_based,1.63
section_00_source_train_normal_000877,train,source,normal,C,20260909T140707Z-fe02ca99d55bb38bd334673f,20260909T140707Z-fe02ca99d55bb38bd334673f-dg-e00d1bd3fd63-000018,2,none,none,slow,normal-slow-2,left,normal,clipped/audio_event_clean/normal/20260909T140707Z-fe02ca99d55bb38bd334673f-dg-e00d1bd3fd63-000018_ch2.wav,3DPrinter/train/section_00_source_train_normal_000877.wav,88c6dacf8989c5688d302308dad70be79aa35d136a674d0e8972fb138dd77636,960044,8442204000,8442684000,58339b8cf7e0cd6d35bf85d1f1b3b8b7e4e19fc8c98b6b8729be6609d0a9f7a3,0,0,6b17a5b7426e68e9e8d68ea023c1e0be97617d85268fa0275af78e710ba37a99,saved_rule_based,1.63
section_00_source_train_normal_000878,train,source,normal,C,20260909T140707Z-fe02ca99d55bb38bd334673f,20260909T140707Z-fe02ca99d55bb38bd334673f-dg-e00d1bd3fd63-000019,2,none,none,slow,normal-slow-2,left,normal,clipped/audio_event_clean/normal/20260909T140707Z-fe02ca99d55bb38bd334673f-dg-e00d1bd3fd63-000019_ch2.wav,3DPrinter/train/section_00_source_train_normal_000878.wav,fecc91960c7bdf9c89d6b63a0e57df1d0bafe5d86ba4b684ac3391f388889fab,960044,8442684000,8443164000,58339b8cf7e0cd6d35bf85d1f1b3b8b7e4e19fc8c98b6b8729be6609d0a9f7a3,0,0,6b17a5b7426e68e9e8d68ea023c1e0be97617d85268fa0275af78e710ba37a99,saved_rule_based,1.63
section_00_source_train_normal_000879,train,source,normal,C,20260909T140707Z-fe02ca99d55bb38bd334673f,20260909T140707Z-fe02ca99d55bb38bd334673f-dg-e00d1bd3fd63-000022,2,none,none,slow,normal-slow-2,left,normal,clipped/audio_event_clean/normal/20260909T140707Z-fe02ca99d55bb38bd334673f-dg-e00d1bd3fd63-000022_ch2.wav,3DPrinter/train/section_00_source_train_normal_000879.wav,ea7e64833a543eb150b0719a6f0b4ba7df5bafcd452a843d2f6f18cf4480dbeb,960044,8444124000,8444604000,58339b8cf7e0cd6d35bf85d1f1b3b8b7e4e19fc8c98b6b8729be6609d0a9f7a3,0,0,6b17a5b7426e68e9e8d68ea023c1e0be97617d85268fa0275af78e710ba37a99,saved_rule_based,1.63
section_00_source_train_normal_000880,train,source,normal,C,20260909T140707Z-fe02ca99d55bb38bd334673f,20260909T140707Z-fe02ca99d55bb38bd334673f-dg-e00d1bd3fd63-000024,2,none,none,slow,normal-slow-2,left,normal,clipped/audio_event_clean/normal/20260909T140707Z-fe02ca99d55bb38bd334673f-dg-e00d1bd3fd63-000024_ch2.wav,3DPrinter/train/section_00_source_train_normal_000880.wav,47e582783fb40a92d10c732d8f97bbc71da2b45214770e01d4baf721b4d07940,960044,8445084000,8445564000,58339b8cf7e0cd6d35bf85d1f1b3b8b7e4e19fc8c98b6b8729be6609d0a9f7a3,0,0,6b17a5b7426e68e9e8d68ea023c1e0be97617d85268fa0275af78e710ba37a99,saved_rule_based,1.63
section_00_source_train_normal_000881,train,source,normal,C,20260909T140707Z-fe02ca99d55bb38bd334673f,20260909T140707Z-fe02ca99d55bb38bd334673f-dg-e00d1bd3fd63-000026,2,none,none,slow,normal-slow-2,left,normal,clipped/audio_event_clean/normal/20260909T140707Z-fe02ca99d55bb38bd334673f-dg-e00d1bd3fd63-000026_ch2.wav,3DPrinter/train/section_00_source_train_normal_000881.wav,5607b6f4fdc23f67a209d7c590b080c04d2cab17cb44c382887dcd55b19d925b,960044,8446044000,8446524000,58339b8cf7e0cd6d35bf85d1f1b3b8b7e4e19fc8c98b6b8729be6609d0a9f7a3,0,0,6b17a5b7426e68e9e8d68ea023c1e0be97617d85268fa0275af78e710ba37a99,saved_rule_based,1.63
section_00_source_train_normal_000882,train,source,normal,C,20260909T140707Z-fe02ca99d55bb38bd334673f,20260909T140707Z-fe02ca99d55bb38bd334673f-dg-e00d1bd3fd63-000027,2,none,none,slow,normal-slow-2,left,normal,clipped/audio_event_clean/normal/20260909T140707Z-fe02ca99d55bb38bd334673f-dg-e00d1bd3fd63-000027_ch2.wav,3DPrinter/train/section_00_source_train_normal_000882.wav,8f5d1e1cda0e8d989bdf013e242ef67a20da762a15df10a420fd43def74914fa,960044,8446524000,8447004000,58339b8cf7e0cd6d35bf85d1f1b3b8b7e4e19fc8c98b6b8729be6609d0a9f7a3,0,0,6b17a5b7426e68e9e8d68ea023c1e0be97617d85268fa0275af78e710ba37a99,saved_rule_based,1.63
section_00_source_train_normal_000883,train,source,normal,C,20260909T140707Z-fe02ca99d55bb38bd334673f,20260909T140707Z-fe02ca99d55bb38bd334673f-dg-e00d1bd3fd63-000033,2,none,none,slow,normal-slow-2,left,normal,clipped/audio_event_clean/normal/20260909T140707Z-fe02ca99d55bb38bd334673f-dg-e00d1bd3fd63-000033_ch2.wav,3DPrinter/train/section_00_source_train_normal_000883.wav,1fa9246bd9280226d9e82d3adf76a336168aea32cd3f0685769348a1319cd0df,960044,8449404000,8449884000,58339b8cf7e0cd6d35bf85d1f1b3b8b7e4e19fc8c98b6b8729be6609d0a9f7a3,0,0,6b17a5b7426e68e9e8d68ea023c1e0be97617d85268fa0275af78e710ba37a99,saved_rule_based,1.63
section_00_source_train_normal_000884,train,source,normal,C,20260909T140707Z-fe02ca99d55bb38bd334673f,20260909T140707Z-fe02ca99d55bb38bd334673f-dg-e00d1bd3fd63-000034,2,none,none,slow,normal-slow-2,left,normal,clipped/audio_event_clean/normal/20260909T140707Z-fe02ca99d55bb38bd334673f-dg-e00d1bd3fd63-000034_ch2.wav,3DPrinter/train/section_00_source_train_normal_000884.wav,f5fa14fd2010e771a4c3aba97f27a4e382d922663252d9a705281f530b25ce64,960044,8449884000,8450364000,58339b8cf7e0cd6d35bf85d1f1b3b8b7e4e19fc8c98b6b8729be6609d0a9f7a3,0,0,6b17a5b7426e68e9e8d68ea023c1e0be97617d85268fa0275af78e710ba37a99,saved_rule_based,1.63
section_00_source_train_normal_000885,train,source,normal,C,20260909T140707Z-fe02ca99d55bb38bd334673f,20260909T140707Z-fe02ca99d55bb38bd334673f-dg-e00d1bd3fd63-000039,2,none,none,slow,normal-slow-2,left,normal,clipped/audio_event_clean/normal/20260909T140707Z-fe02ca99d55bb38bd334673f-dg-e00d1bd3fd63-000039_ch2.wav,3DPrinter/train/section_00_source_train_normal_000885.wav,31789357b883fa7ad7a7578b09ccb7f3b882264479e04d6e8bc3cb492450edb6,960044,8452284000,8452764000,58339b8cf7e0cd6d35bf85d1f1b3b8b7e4e19fc8c98b6b8729be6609d0a9f7a3,0,0,6b17a5b7426e68e9e8d68ea023c1e0be97617d85268fa0275af78e710ba37a99,saved_rule_based,1.63
section_00_source_train_normal_000886,train,source,normal,C,20260909T140707Z-fe02ca99d55bb38bd334673f,20260909T140707Z-fe02ca99d55bb38bd334673f-dg-e00d1bd3fd63-000041,2,none,none,slow,normal-slow-2,left,normal,clipped/audio_event_clean/normal/20260909T140707Z-fe02ca99d55bb38bd334673f-dg-e00d1bd3fd63-000041_ch2.wav,3DPrinter/train/section_00_source_train_normal_000886.wav,6f686fd8fc5bb34daacf65777fff3cac4b2afba3dd65841231aaf5f11d7151ae,960044,8453244000,8453724000,58339b8cf7e0cd6d35bf85d1f1b3b8b7e4e19fc8c98b6b8729be6609d0a9f7a3,0,0,6b17a5b7426e68e9e8d68ea023c1e0be97617d85268fa0275af78e710ba37a99,saved_rule_based,1.63
section_00_source_train_normal_000887,train,source,normal,C,20260909T140707Z-fe02ca99d55bb38bd334673f,20260909T140707Z-fe02ca99d55bb38bd334673f-dg-e00d1bd3fd63-000045,2,none,none,slow,normal-slow-2,left,normal,clipped/audio_event_clean/normal/20260909T140707Z-fe02ca99d55bb38bd334673f-dg-e00d1bd3fd63-000045_ch2.wav,3DPrinter/train/section_00_source_train_normal_000887.wav,8ba2dc34ee94e2f67df2e28c2eef21c721c4ad2846848efa84c13d1845627899,960044,8455164000,8455644000,58339b8cf7e0cd6d35bf85d1f1b3b8b7e4e19fc8c98b6b8729be6609d0a9f7a3,0,0,6b17a5b7426e68e9e8d68ea023c1e0be97617d85268fa0275af78e710ba37a99,saved_rule_based,1.63
section_00_source_train_normal_000888,train,source,normal,C,20260909T140707Z-fe02ca99d55bb38bd334673f,20260909T140707Z-fe02ca99d55bb38bd334673f-dg-e00d1bd3fd63-000054,2,none,none,slow,normal-slow-2,left,normal,clipped/audio_event_clean/normal/20260909T140707Z-fe02ca99d55bb38bd334673f-dg-e00d1bd3fd63-000054_ch2.wav,3DPrinter/train/section_00_source_train_normal_000888.wav,eccf39a7254c5c118bb663d0e310c270385469b50afcddeaec5679d5e15edde6,960044,8459484000,8459964000,58339b8cf7e0cd6d35bf85d1f1b3b8b7e4e19fc8c98b6b8729be6609d0a9f7a3,0,0,6b17a5b7426e68e9e8d68ea023c1e0be97617d85268fa0275af78e710ba37a99,saved_rule_based,1.63
section_00_source_train_normal_000889,train,source,normal,C,20260909T140707Z-fe02ca99d55bb38bd334673f,20260909T140707Z-fe02ca99d55bb38bd334673f-dg-e00d1bd3fd63-000056,2,none,none,slow,normal-slow-2,left,normal,clipped/audio_event_clean/normal/20260909T140707Z-fe02ca99d55bb38bd334673f-dg-e00d1bd3fd63-000056_ch2.wav,3DPrinter/train/section_00_source_train_normal_000889.wav,775e26bfad593f69713b8e0a12b2ac02c0d0501438f686a11a53bfad0298efaf,960044,8460444000,8460924000,58339b8cf7e0cd6d35bf85d1f1b3b8b7e4e19fc8c98b6b8729be6609d0a9f7a3,0,0,6b17a5b7426e68e9e8d68ea023c1e0be97617d85268fa0275af78e710ba37a99,saved_rule_based,1.63
section_00_source_train_normal_000890,train,source,normal,C,20260909T140707Z-fe02ca99d55bb38bd334673f,20260909T140707Z-fe02ca99d55bb38bd334673f-dg-e00d1bd3fd63-000058,2,none,none,slow,normal-slow-2,left,normal,clipped/audio_event_clean/normal/20260909T140707Z-fe02ca99d55bb38bd334673f-dg-e00d1bd3fd63-000058_ch2.wav,3DPrinter/train/section_00_source_train_normal_000890.wav,c3ecfe598d526cb29e9abe8e3e52b319a619c35a661d0262f45bbf9b2d752143,960044,8461404000,8461884000,58339b8cf7e0cd6d35bf85d1f1b3b8b7e4e19fc8c98b6b8729be6609d0a9f7a3,0,0,6b17a5b7426e68e9e8d68ea023c1e0be97617d85268fa0275af78e710ba37a99,saved_rule_based,1.63
section_00_source_train_normal_000891,train,source,normal,C,20260909T140707Z-fe02ca99d55bb38bd334673f,20260909T140707Z-fe02ca99d55bb38bd334673f-dg-e00d1bd3fd63-000059,2,none,none,slow,normal-slow-2,left,normal,clipped/audio_event_clean/normal/20260909T140707Z-fe02ca99d55bb38bd334673f-dg-e00d1bd3fd63-000059_ch2.wav,3DPrinter/train/section_00_source_train_normal_000891.wav,877e489fe31ea1a8c4bd3a91d5254c5823049e9033ed9a70286014ef46e403ec,960044,8461884000,8462364000,58339b8cf7e0cd6d35bf85d1f1b3b8b7e4e19fc8c98b6b8729be6609d0a9f7a3,0,0,6b17a5b7426e68e9e8d68ea023c1e0be97617d85268fa0275af78e710ba37a99,saved_rule_based,1.63
section_00_source_train_normal_000892,train,source,normal,C,20260909T140707Z-fe02ca99d55bb38bd334673f,20260909T140707Z-fe02ca99d55bb38bd334673f-dg-e00d1bd3fd63-000060,2,none,none,slow,normal-slow-2,left,normal,clipped/audio_event_clean/normal/20260909T140707Z-fe02ca99d55bb38bd334673f-dg-e00d1bd3fd63-000060_ch2.wav,3DPrinter/train/section_00_source_train_normal_000892.wav,fea71ae8a29836d22f16c1bbdc96b5e8f84004bbd8669d156dfca157d053b88d,960044,8462364000,8462844000,58339b8cf7e0cd6d35bf85d1f1b3b8b7e4e19fc8c98b6b8729be6609d0a9f7a3,0,0,6b17a5b7426e68e9e8d68ea023c1e0be97617d85268fa0275af78e710ba37a99,saved_rule_based,1.63
section_00_source_train_normal_000893,train,source,normal,C,20260909T140707Z-fe02ca99d55bb38bd334673f,20260909T140707Z-fe02ca99d55bb38bd334673f-dg-e00d1bd3fd63-000061,2,none,none,slow,normal-slow-2,left,normal,clipped/audio_event_clean/normal/20260909T140707Z-fe02ca99d55bb38bd334673f-dg-e00d1bd3fd63-000061_ch2.wav,3DPrinter/train/section_00_source_train_normal_000893.wav,fde3f5505e31414205133b5e876f0f563391c9f0aafa5f027380cbd56cde09e7,960044,8462844000,8463324000,58339b8cf7e0cd6d35bf85d1f1b3b8b7e4e19fc8c98b6b8729be6609d0a9f7a3,0,0,6b17a5b7426e68e9e8d68ea023c1e0be97617d85268fa0275af78e710ba37a99,saved_rule_based,1.63
section_00_source_train_normal_000894,train,source,normal,C,20260909T140707Z-fe02ca99d55bb38bd334673f,20260909T140707Z-fe02ca99d55bb38bd334673f-dg-e00d1bd3fd63-000064,2,none,none,slow,normal-slow-2,left,normal,clipped/audio_event_clean/normal/20260909T140707Z-fe02ca99d55bb38bd334673f-dg-e00d1bd3fd63-000064_ch2.wav,3DPrinter/train/section_00_source_train_normal_000894.wav,34cdf4f73497a346ac995fda2a27d8cd6f282a73b00349adfb7cd124f319685e,960044,8464284000,8464764000,58339b8cf7e0cd6d35bf85d1f1b3b8b7e4e19fc8c98b6b8729be6609d0a9f7a3,0,0,6b17a5b7426e68e9e8d68ea023c1e0be97617d85268fa0275af78e710ba37a99,saved_rule_based,1.63
section_00_source_train_normal_000895,train,source,normal,C,20260909T140707Z-fe02ca99d55bb38bd334673f,20260909T140707Z-fe02ca99d55bb38bd334673f-dg-e00d1bd3fd63-000067,2,none,none,slow,normal-slow-2,left,normal,clipped/audio_event_clean/normal/20260909T140707Z-fe02ca99d55bb38bd334673f-dg-e00d1bd3fd63-000067_ch2.wav,3DPrinter/train/section_00_source_train_normal_000895.wav,17a1565238d8258b42256c91f4c049184ee1fd40a42d3ae9e2d6e0fb6b76fe1b,960044,8465724000,8466204000,58339b8cf7e0cd6d35bf85d1f1b3b8b7e4e19fc8c98b6b8729be6609d0a9f7a3,0,0,6b17a5b7426e68e9e8d68ea023c1e0be97617d85268fa0275af78e710ba37a99,saved_rule_based,1.63
section_00_source_train_normal_000896,train,source,normal,C,20260909T140707Z-fe02ca99d55bb38bd334673f,20260909T140707Z-fe02ca99d55bb38bd334673f-dg-e00d1bd3fd63-000068,2,none,none,slow,normal-slow-2,left,normal,clipped/audio_event_clean/normal/20260909T140707Z-fe02ca99d55bb38bd334673f-dg-e00d1bd3fd63-000068_ch2.wav,3DPrinter/train/section_00_source_train_normal_000896.wav,800afd3b944d878f6a5932fe190079c2096f0d476b505a6e0b7cc8dad9fd9a54,960044,8466204000,8466684000,58339b8cf7e0cd6d35bf85d1f1b3b8b7e4e19fc8c98b6b8729be6609d0a9f7a3,0,0,6b17a5b7426e68e9e8d68ea023c1e0be97617d85268fa0275af78e710ba37a99,saved_rule_based,1.63
section_00_source_train_normal_000897,train,source,normal,C,20260909T140707Z-fe02ca99d55bb38bd334673f,20260909T140707Z-fe02ca99d55bb38bd334673f-dg-e00d1bd3fd63-000072,2,none,none,slow,normal-slow-2,left,normal,clipped/audio_event_clean/normal/20260909T140707Z-fe02ca99d55bb38bd334673f-dg-e00d1bd3fd63-000072_ch2.wav,3DPrinter/train/section_00_source_train_normal_000897.wav,ee8606f1a5d9a82e1ac6327658cf419a679eba3cb36f2ee187b21c1ad2dc41b3,960044,8468124000,8468604000,58339b8cf7e0cd6d35bf85d1f1b3b8b7e4e19fc8c98b6b8729be6609d0a9f7a3,0,0,6b17a5b7426e68e9e8d68ea023c1e0be97617d85268fa0275af78e710ba37a99,saved_rule_based,1.63
section_00_source_train_normal_000898,train,source,normal,C,20260909T140707Z-fe02ca99d55bb38bd334673f,20260909T140707Z-fe02ca99d55bb38bd334673f-dg-e00d1bd3fd63-000075,2,none,none,slow,normal-slow-2,left,normal,clipped/audio_event_clean/normal/20260909T140707Z-fe02ca99d55bb38bd334673f-dg-e00d1bd3fd63-000075_ch2.wav,3DPrinter/train/section_00_source_train_normal_000898.wav,5c2cf6c6153ba87d136041f92874f36488e82cb9be0f3cecec0abf975a023413,960044,8469564000,8470044000,58339b8cf7e0cd6d35bf85d1f1b3b8b7e4e19fc8c98b6b8729be6609d0a9f7a3,0,0,6b17a5b7426e68e9e8d68ea023c1e0be97617d85268fa0275af78e710ba37a99,saved_rule_based,1.63
section_00_source_train_normal_000899,train,source,normal,C,20260909T140707Z-fe02ca99d55bb38bd334673f,20260909T140707Z-fe02ca99d55bb38bd334673f-dg-e00d1bd3fd63-000077,2,none,none,slow,normal-slow-2,left,normal,clipped/audio_event_clean/normal/20260909T140707Z-fe02ca99d55bb38bd334673f-dg-e00d1bd3fd63-000077_ch2.wav,3DPrinter/train/section_00_source_train_normal_000899.wav,dfa83f3c4a3d8ebdc4cb721a4b7a026eec9766103c6c363121541f61a4f8d910,960044,8470524000,8471004000,58339b8cf7e0cd6d35bf85d1f1b3b8b7e4e19fc8c98b6b8729be6609d0a9f7a3,0,0,6b17a5b7426e68e9e8d68ea023c1e0be97617d85268fa0275af78e710ba37a99,saved_rule_based,1.63
section_00_source_train_normal_000900,train,source,normal,C,20260909T140707Z-fe02ca99d55bb38bd334673f,20260909T140707Z-fe02ca99d55bb38bd334673f-dg-e00d1bd3fd63-000078,2,none,none,slow,normal-slow-2,left,normal,clipped/audio_event_clean/normal/20260909T140707Z-fe02ca99d55bb38bd334673f-dg-e00d1bd3fd63-000078_ch2.wav,3DPrinter/train/section_00_source_train_normal_000900.wav,dfef1d2082de8015971d19670c09e08a23b5d2a7afd55ffb9958f6460121f255,960044,8471004000,8471484000,58339b8cf7e0cd6d35bf85d1f1b3b8b7e4e19fc8c98b6b8729be6609d0a9f7a3,0,0,6b17a5b7426e68e9e8d68ea023c1e0be97617d85268fa0275af78e710ba37a99,saved_rule_based,1.63
section_00_source_train_normal_000901,train,source,normal,C,20260909T140707Z-fe02ca99d55bb38bd334673f,20260909T140707Z-fe02ca99d55bb38bd334673f-dg-e00d1bd3fd63-000079,2,none,none,slow,normal-slow-2,left,normal,clipped/audio_event_clean/normal/20260909T140707Z-fe02ca99d55bb38bd334673f-dg-e00d1bd3fd63-000079_ch2.wav,3DPrinter/train/section_00_source_train_normal_000901.wav,2c4a2213d3bef9bd9c9b642b603503ff942437c213fb2cc8c4b0332fa55691a1,960044,8471484000,8471964000,58339b8cf7e0cd6d35bf85d1f1b3b8b7e4e19fc8c98b6b8729be6609d0a9f7a3,0,0,6b17a5b7426e68e9e8d68ea023c1e0be97617d85268fa0275af78e710ba37a99,saved_rule_based,1.63
section_00_source_train_normal_000902,train,source,normal,C,20260909T140707Z-fe02ca99d55bb38bd334673f,20260909T140707Z-fe02ca99d55bb38bd334673f-dg-e00d1bd3fd63-000082,2,none,none,slow,normal-slow-2,left,normal,clipped/audio_event_clean/normal/20260909T140707Z-fe02ca99d55bb38bd334673f-dg-e00d1bd3fd63-000082_ch2.wav,3DPrinter/train/section_00_source_train_normal_000902.wav,32989e05f955ec3ca8f43100464fbd0cd655d6dc665174ad55fb3586451acd3f,960044,8472924000,8473404000,58339b8cf7e0cd6d35bf85d1f1b3b8b7e4e19fc8c98b6b8729be6609d0a9f7a3,0,0,6b17a5b7426e68e9e8d68ea023c1e0be97617d85268fa0275af78e710ba37a99,saved_rule_based,1.63
section_00_source_train_normal_000903,train,source,normal,C,20260909T140707Z-fe02ca99d55bb38bd334673f,20260909T140707Z-fe02ca99d55bb38bd334673f-dg-e00d1bd3fd63-000084,2,none,none,slow,normal-slow-2,left,normal,clipped/audio_event_clean/normal/20260909T140707Z-fe02ca99d55bb38bd334673f-dg-e00d1bd3fd63-000084_ch2.wav,3DPrinter/train/section_00_source_train_normal_000903.wav,029f3faa676aed606232df3505d6a47a48af88eae167158547c011afe9807ff0,960044,8473884000,8474364000,58339b8cf7e0cd6d35bf85d1f1b3b8b7e4e19fc8c98b6b8729be6609d0a9f7a3,0,0,6b17a5b7426e68e9e8d68ea023c1e0be97617d85268fa0275af78e710ba37a99,saved_rule_based,1.63
section_00_source_train_normal_000904,train,source,normal,C,20260909T140707Z-fe02ca99d55bb38bd334673f,20260909T140707Z-fe02ca99d55bb38bd334673f-dg-e00d1bd3fd63-000087,2,none,none,slow,normal-slow-2,left,normal,clipped/audio_event_clean/normal/20260909T140707Z-fe02ca99d55bb38bd334673f-dg-e00d1bd3fd63-000087_ch2.wav,3DPrinter/train/section_00_source_train_normal_000904.wav,e7c44b45614e6ab73d21dd8fe948e686a739e469b9f228b9882666f9c3163018,960044,8475324000,8475804000,58339b8cf7e0cd6d35bf85d1f1b3b8b7e4e19fc8c98b6b8729be6609d0a9f7a3,0,0,6b17a5b7426e68e9e8d68ea023c1e0be97617d85268fa0275af78e710ba37a99,saved_rule_based,1.63
section_00_source_train_normal_000905,train,source,normal,C,20260909T140707Z-fe02ca99d55bb38bd334673f,20260909T140707Z-fe02ca99d55bb38bd334673f-dg-e00d1bd3fd63-000089,2,none,none,slow,normal-slow-2,left,normal,clipped/audio_event_clean/normal/20260909T140707Z-fe02ca99d55bb38bd334673f-dg-e00d1bd3fd63-000089_ch2.wav,3DPrinter/train/section_00_source_train_normal_000905.wav,899c13f39c796dbecad9fbccc6d708dc5af0a40ba9c7eb96024886055b857794,960044,8476284000,8476764000,58339b8cf7e0cd6d35bf85d1f1b3b8b7e4e19fc8c98b6b8729be6609d0a9f7a3,0,0,6b17a5b7426e68e9e8d68ea023c1e0be97617d85268fa0275af78e710ba37a99,saved_rule_based,1.63
section_00_source_train_normal_000906,train,source,normal,C,20260909T140707Z-fe02ca99d55bb38bd334673f,20260909T140707Z-fe02ca99d55bb38bd334673f-dg-e00d1bd3fd63-000090,2,none,none,slow,normal-slow-2,left,normal,clipped/audio_event_clean/normal/20260909T140707Z-fe02ca99d55bb38bd334673f-dg-e00d1bd3fd63-000090_ch2.wav,3DPrinter/train/section_00_source_train_normal_000906.wav,a326e745fa32b98ffd5c9ed650b173448dfe4484c128e3051df29fc236732ea0,960044,8476764000,8477244000,58339b8cf7e0cd6d35bf85d1f1b3b8b7e4e19fc8c98b6b8729be6609d0a9f7a3,0,0,6b17a5b7426e68e9e8d68ea023c1e0be97617d85268fa0275af78e710ba37a99,saved_rule_based,1.63
section_00_source_train_normal_000907,train,source,normal,C,20260909T140707Z-fe02ca99d55bb38bd334673f,20260909T140707Z-fe02ca99d55bb38bd334673f-dg-e00d1bd3fd63-000093,2,none,none,slow,normal-slow-2,left,normal,clipped/audio_event_clean/normal/20260909T140707Z-fe02ca99d55bb38bd334673f-dg-e00d1bd3fd63-000093_ch2.wav,3DPrinter/train/section_00_source_train_normal_000907.wav,7d5e4318166d1e39df6b5fbe686aad34c3e54f8f224652e3337e610658688da4,960044,8478204000,8478684000,58339b8cf7e0cd6d35bf85d1f1b3b8b7e4e19fc8c98b6b8729be6609d0a9f7a3,0,0,6b17a5b7426e68e9e8d68ea023c1e0be97617d85268fa0275af78e710ba37a99,saved_rule_based,1.63
section_00_source_train_normal_000908,train,source,normal,C,20260909T140707Z-fe02ca99d55bb38bd334673f,20260909T140707Z-fe02ca99d55bb38bd334673f-dg-e00d1bd3fd63-000095,2,none,none,slow,normal-slow-2,left,normal,clipped/audio_event_clean/normal/20260909T140707Z-fe02ca99d55bb38bd334673f-dg-e00d1bd3fd63-000095_ch2.wav,3DPrinter/train/section_00_source_train_normal_000908.wav,4d211e855a922596b71d4b8601da3d19713b89c5253bc5236676323b7042eba3,960044,8479164000,8479644000,58339b8cf7e0cd6d35bf85d1f1b3b8b7e4e19fc8c98b6b8729be6609d0a9f7a3,0,0,6b17a5b7426e68e9e8d68ea023c1e0be97617d85268fa0275af78e710ba37a99,saved_rule_based,1.63
section_00_source_train_normal_000909,train,source,normal,C,20260909T140707Z-fe02ca99d55bb38bd334673f,20260909T140707Z-fe02ca99d55bb38bd334673f-dg-e00d1bd3fd63-000100,2,none,none,slow,normal-slow-2,left,normal,clipped/audio_event_clean/normal/20260909T140707Z-fe02ca99d55bb38bd334673f-dg-e00d1bd3fd63-000100_ch2.wav,3DPrinter/train/section_00_source_train_normal_000909.wav,2caf0af79d48b09eed67b5b6ebeb1ed3ca45eac8a814da790b5c91049c424296,960044,8481564000,8482044000,58339b8cf7e0cd6d35bf85d1f1b3b8b7e4e19fc8c98b6b8729be6609d0a9f7a3,0,0,6b17a5b7426e68e9e8d68ea023c1e0be97617d85268fa0275af78e710ba37a99,saved_rule_based,1.63
section_00_source_train_normal_000910,train,source,normal,C,20260909T140707Z-fe02ca99d55bb38bd334673f,20260909T140707Z-fe02ca99d55bb38bd334673f-dg-e00d1bd3fd63-000102,2,none,none,slow,normal-slow-2,left,normal,clipped/audio_event_clean/normal/20260909T140707Z-fe02ca99d55bb38bd334673f-dg-e00d1bd3fd63-000102_ch2.wav,3DPrinter/train/section_00_source_train_normal_000910.wav,09ade2f72727590329a3e1f3ca9de4a9451acd8afc59e1abeca55980eb17b36b,960044,8482524000,8483004000,58339b8cf7e0cd6d35bf85d1f1b3b8b7e4e19fc8c98b6b8729be6609d0a9f7a3,0,0,6b17a5b7426e68e9e8d68ea023c1e0be97617d85268fa0275af78e710ba37a99,saved_rule_based,1.63
section_00_source_train_normal_000911,train,source,normal,C,20260909T140707Z-fe02ca99d55bb38bd334673f,20260909T140707Z-fe02ca99d55bb38bd334673f-dg-e00d1bd3fd63-000107,2,none,none,slow,normal-slow-2,left,normal,clipped/audio_event_clean/normal/20260909T140707Z-fe02ca99d55bb38bd334673f-dg-e00d1bd3fd63-000107_ch2.wav,3DPrinter/train/section_00_source_train_normal_000911.wav,5185ea8ed80a8b850da4a9b44d67a2d95c33ed41a0cbc42d9a63e958036d9db7,960044,8484924000,8485404000,58339b8cf7e0cd6d35bf85d1f1b3b8b7e4e19fc8c98b6b8729be6609d0a9f7a3,0,0,6b17a5b7426e68e9e8d68ea023c1e0be97617d85268fa0275af78e710ba37a99,saved_rule_based,1.63
section_00_source_train_normal_000912,train,source,normal,C,20260909T140707Z-fe02ca99d55bb38bd334673f,20260909T140707Z-fe02ca99d55bb38bd334673f-dg-e00d1bd3fd63-000110,2,none,none,slow,normal-slow-2,left,normal,clipped/audio_event_clean/normal/20260909T140707Z-fe02ca99d55bb38bd334673f-dg-e00d1bd3fd63-000110_ch2.wav,3DPrinter/train/section_00_source_train_normal_000912.wav,6d3f8408424da4dcae52a6b1ba81b4e0ca28197991798d5ce11b31269c90bd9f,960044,8486364000,8486844000,58339b8cf7e0cd6d35bf85d1f1b3b8b7e4e19fc8c98b6b8729be6609d0a9f7a3,0,0,6b17a5b7426e68e9e8d68ea023c1e0be97617d85268fa0275af78e710ba37a99,saved_rule_based,1.63
section_00_source_train_normal_000913,train,source,normal,C,20260909T140707Z-fe02ca99d55bb38bd334673f,20260909T140707Z-fe02ca99d55bb38bd334673f-dg-e00d1bd3fd63-000115,2,none,none,slow,normal-slow-2,left,normal,clipped/audio_event_clean/normal/20260909T140707Z-fe02ca99d55bb38bd334673f-dg-e00d1bd3fd63-000115_ch2.wav,3DPrinter/train/section_00_source_train_normal_000913.wav,81055a9ed72faf8ed1bd80b16a0b5bbeae00008f7cd23dfc0dea425d9d85c7bc,960044,8488764000,8489244000,58339b8cf7e0cd6d35bf85d1f1b3b8b7e4e19fc8c98b6b8729be6609d0a9f7a3,0,0,6b17a5b7426e68e9e8d68ea023c1e0be97617d85268fa0275af78e710ba37a99,saved_rule_based,1.63
section_00_source_train_normal_000914,train,source,normal,C,20260909T140707Z-fe02ca99d55bb38bd334673f,20260909T140707Z-fe02ca99d55bb38bd334673f-dg-e00d1bd3fd63-000119,2,none,none,slow,normal-slow-2,left,normal,clipped/audio_event_clean/normal/20260909T140707Z-fe02ca99d55bb38bd334673f-dg-e00d1bd3fd63-000119_ch2.wav,3DPrinter/train/section_00_source_train_normal_000914.wav,dc19dcea3c6fe79818dc1258f0a9a31e48cc205859ba626c86d44e4ea051c552,960044,8490684000,8491164000,58339b8cf7e0cd6d35bf85d1f1b3b8b7e4e19fc8c98b6b8729be6609d0a9f7a3,0,0,6b17a5b7426e68e9e8d68ea023c1e0be97617d85268fa0275af78e710ba37a99,saved_rule_based,1.63
section_00_source_train_normal_000915,train,source,normal,C,20260909T140707Z-fe02ca99d55bb38bd334673f,20260909T140707Z-fe02ca99d55bb38bd334673f-dg-e00d1bd3fd63-000122,2,none,none,slow,normal-slow-2,left,normal,clipped/audio_event_clean/normal/20260909T140707Z-fe02ca99d55bb38bd334673f-dg-e00d1bd3fd63-000122_ch2.wav,3DPrinter/train/section_00_source_train_normal_000915.wav,4956fbb810f4664fb3a74331ae630e18c7c0a617e5e7fc26f4ba9c3e2f41ac34,960044,8492124000,8492604000,58339b8cf7e0cd6d35bf85d1f1b3b8b7e4e19fc8c98b6b8729be6609d0a9f7a3,0,0,6b17a5b7426e68e9e8d68ea023c1e0be97617d85268fa0275af78e710ba37a99,saved_rule_based,1.63
section_00_source_train_normal_000916,train,source,normal,C,20260909T140707Z-fe02ca99d55bb38bd334673f,20260909T140707Z-fe02ca99d55bb38bd334673f-dg-e00d1bd3fd63-000124,2,none,none,slow,normal-slow-2,left,normal,clipped/audio_event_clean/normal/20260909T140707Z-fe02ca99d55bb38bd334673f-dg-e00d1bd3fd63-000124_ch2.wav,3DPrinter/train/section_00_source_train_normal_000916.wav,01a5ffda38bb8164dbd7cbaf910c946eccf5604607b554ef3c1e4149bdfb88b7,960044,8493084000,8493564000,58339b8cf7e0cd6d35bf85d1f1b3b8b7e4e19fc8c98b6b8729be6609d0a9f7a3,0,0,6b17a5b7426e68e9e8d68ea023c1e0be97617d85268fa0275af78e710ba37a99,saved_rule_based,1.63
section_00_source_train_normal_000917,train,source,normal,C,20260909T140707Z-fe02ca99d55bb38bd334673f,20260909T140707Z-fe02ca99d55bb38bd334673f-dg-e00d1bd3fd63-000125,2,none,none,slow,normal-slow-2,left,normal,clipped/audio_event_clean/normal/20260909T140707Z-fe02ca99d55bb38bd334673f-dg-e00d1bd3fd63-000125_ch2.wav,3DPrinter/train/section_00_source_train_normal_000917.wav,6afbac1789ed360bfba99d6d1a5912853d777001005b54b2c261bc58d07be8fc,960044,8493564000,8494044000,58339b8cf7e0cd6d35bf85d1f1b3b8b7e4e19fc8c98b6b8729be6609d0a9f7a3,0,0,6b17a5b7426e68e9e8d68ea023c1e0be97617d85268fa0275af78e710ba37a99,saved_rule_based,1.63
section_00_source_train_normal_000918,train,source,normal,C,20260909T140707Z-fe02ca99d55bb38bd334673f,20260909T140707Z-fe02ca99d55bb38bd334673f-dg-e00d1bd3fd63-000126,2,none,none,slow,normal-slow-2,left,normal,clipped/audio_event_clean/normal/20260909T140707Z-fe02ca99d55bb38bd334673f-dg-e00d1bd3fd63-000126_ch2.wav,3DPrinter/train/section_00_source_train_normal_000918.wav,403a25c7d01cb8416b2de1549b90adc1ea03e32e9e1abc7e1677a61845a6f914,960044,8494044000,8494524000,58339b8cf7e0cd6d35bf85d1f1b3b8b7e4e19fc8c98b6b8729be6609d0a9f7a3,0,0,6b17a5b7426e68e9e8d68ea023c1e0be97617d85268fa0275af78e710ba37a99,saved_rule_based,1.63
section_00_source_train_normal_000919,train,source,normal,C,20260909T140707Z-fe02ca99d55bb38bd334673f,20260909T140707Z-fe02ca99d55bb38bd334673f-dg-e00d1bd3fd63-000129,2,none,none,slow,normal-slow-2,left,normal,clipped/audio_event_clean/normal/20260909T140707Z-fe02ca99d55bb38bd334673f-dg-e00d1bd3fd63-000129_ch2.wav,3DPrinter/train/section_00_source_train_normal_000919.wav,70095d80c655678ac25de31ee527d85297b0b7a54020bc523f83660a5e5911e9,960044,8495484000,8495964000,58339b8cf7e0cd6d35bf85d1f1b3b8b7e4e19fc8c98b6b8729be6609d0a9f7a3,0,0,6b17a5b7426e68e9e8d68ea023c1e0be97617d85268fa0275af78e710ba37a99,saved_rule_based,1.63
section_00_source_train_normal_000920,train,source,normal,C,20260909T140707Z-fe02ca99d55bb38bd334673f,20260909T140707Z-fe02ca99d55bb38bd334673f-dg-e00d1bd3fd63-000131,2,none,none,slow,normal-slow-2,left,normal,clipped/audio_event_clean/normal/20260909T140707Z-fe02ca99d55bb38bd334673f-dg-e00d1bd3fd63-000131_ch2.wav,3DPrinter/train/section_00_source_train_normal_000920.wav,1052f541c94f1c5a0d3e056a505235970acf23decc91f17c6f375ddae3b09e1d,960044,8496444000,8496924000,58339b8cf7e0cd6d35bf85d1f1b3b8b7e4e19fc8c98b6b8729be6609d0a9f7a3,0,0,6b17a5b7426e68e9e8d68ea023c1e0be97617d85268fa0275af78e710ba37a99,saved_rule_based,1.63
section_00_source_train_normal_000921,train,source,normal,C,20260909T140707Z-fe02ca99d55bb38bd334673f,20260909T140707Z-fe02ca99d55bb38bd334673f-dg-e00d1bd3fd63-000133,2,none,none,slow,normal-slow-2,left,normal,clipped/audio_event_clean/normal/20260909T140707Z-fe02ca99d55bb38bd334673f-dg-e00d1bd3fd63-000133_ch2.wav,3DPrinter/train/section_00_source_train_normal_000921.wav,2232fdc6ad752afb7bce0cc4cda27e56cc7934e1cbaee647062fc798b4c79f71,960044,8497404000,8497884000,58339b8cf7e0cd6d35bf85d1f1b3b8b7e4e19fc8c98b6b8729be6609d0a9f7a3,0,0,6b17a5b7426e68e9e8d68ea023c1e0be97617d85268fa0275af78e710ba37a99,saved_rule_based,1.63
section_00_source_train_normal_000922,train,source,normal,C,20260909T140707Z-fe02ca99d55bb38bd334673f,20260909T140707Z-fe02ca99d55bb38bd334673f-dg-e00d1bd3fd63-000134,2,none,none,slow,normal-slow-2,left,normal,clipped/audio_event_clean/normal/20260909T140707Z-fe02ca99d55bb38bd334673f-dg-e00d1bd3fd63-000134_ch2.wav,3DPrinter/train/section_00_source_train_normal_000922.wav,bb57e04d3f9f33f521f85d5b0001f601a54c9ddc87ec5a9878fbd9d20136c0d5,960044,8497884000,8498364000,58339b8cf7e0cd6d35bf85d1f1b3b8b7e4e19fc8c98b6b8729be6609d0a9f7a3,0,0,6b17a5b7426e68e9e8d68ea023c1e0be97617d85268fa0275af78e710ba37a99,saved_rule_based,1.63
section_00_source_train_normal_000923,train,source,normal,C,20260909T140707Z-fe02ca99d55bb38bd334673f,20260909T140707Z-fe02ca99d55bb38bd334673f-dg-e00d1bd3fd63-000139,2,none,none,slow,normal-slow-2,left,normal,clipped/audio_event_clean/normal/20260909T140707Z-fe02ca99d55bb38bd334673f-dg-e00d1bd3fd63-000139_ch2.wav,3DPrinter/train/section_00_source_train_normal_000923.wav,17837a3907d3ce4fa77080bfcbb6ee9b7ade9b1354d08f5df329d9f3e4f20e5c,960044,8500284000,8500764000,58339b8cf7e0cd6d35bf85d1f1b3b8b7e4e19fc8c98b6b8729be6609d0a9f7a3,0,0,6b17a5b7426e68e9e8d68ea023c1e0be97617d85268fa0275af78e710ba37a99,saved_rule_based,1.63
section_00_source_train_normal_000924,train,source,normal,C,20260909T140707Z-fe02ca99d55bb38bd334673f,20260909T140707Z-fe02ca99d55bb38bd334673f-dg-e00d1bd3fd63-000141,2,none,none,slow,normal-slow-2,left,normal,clipped/audio_event_clean/normal/20260909T140707Z-fe02ca99d55bb38bd334673f-dg-e00d1bd3fd63-000141_ch2.wav,3DPrinter/train/section_00_source_train_normal_000924.wav,6e1205c5b957378706870ee6d584a1d501b903ecfa6c70f87fefdbf069a46336,960044,8501244000,8501724000,58339b8cf7e0cd6d35bf85d1f1b3b8b7e4e19fc8c98b6b8729be6609d0a9f7a3,0,0,6b17a5b7426e68e9e8d68ea023c1e0be97617d85268fa0275af78e710ba37a99,saved_rule_based,1.63
section_00_source_train_normal_000925,train,source,normal,C,20260909T140707Z-fe02ca99d55bb38bd334673f,20260909T140707Z-fe02ca99d55bb38bd334673f-dg-e00d1bd3fd63-000144,2,none,none,slow,normal-slow-2,left,normal,clipped/audio_event_clean/normal/20260909T140707Z-fe02ca99d55bb38bd334673f-dg-e00d1bd3fd63-000144_ch2.wav,3DPrinter/train/section_00_source_train_normal_000925.wav,f73ae775c500560eb2fcc1901ae9e49f72165cf6dda2bef6809f9d8cb89cecbb,960044,8502684000,8503164000,58339b8cf7e0cd6d35bf85d1f1b3b8b7e4e19fc8c98b6b8729be6609d0a9f7a3,0,0,6b17a5b7426e68e9e8d68ea023c1e0be97617d85268fa0275af78e710ba37a99,saved_rule_based,1.63
section_00_source_train_normal_000926,train,source,normal,C,20260909T140707Z-fe02ca99d55bb38bd334673f,20260909T140707Z-fe02ca99d55bb38bd334673f-dg-e00d1bd3fd63-000145,2,none,none,slow,normal-slow-2,left,normal,clipped/audio_event_clean/normal/20260909T140707Z-fe02ca99d55bb38bd334673f-dg-e00d1bd3fd63-000145_ch2.wav,3DPrinter/train/section_00_source_train_normal_000926.wav,d5d7eb236645978e93af4a5826f47cf503457299ee4d311bd1efb4d964ea8ebf,960044,8503164000,8503644000,58339b8cf7e0cd6d35bf85d1f1b3b8b7e4e19fc8c98b6b8729be6609d0a9f7a3,0,0,6b17a5b7426e68e9e8d68ea023c1e0be97617d85268fa0275af78e710ba37a99,saved_rule_based,1.63
section_00_source_train_normal_000927,train,source,normal,C,20260909T140707Z-fe02ca99d55bb38bd334673f,20260909T140707Z-fe02ca99d55bb38bd334673f-dg-e00d1bd3fd63-000146,2,none,none,slow,normal-slow-2,left,normal,clipped/audio_event_clean/normal/20260909T140707Z-fe02ca99d55bb38bd334673f-dg-e00d1bd3fd63-000146_ch2.wav,3DPrinter/train/section_00_source_train_normal_000927.wav,dc3bf639ab1aed17a6a27317700f607849b7f3d080be5be679c639544408c500,960044,8503644000,8504124000,58339b8cf7e0cd6d35bf85d1f1b3b8b7e4e19fc8c98b6b8729be6609d0a9f7a3,0,0,6b17a5b7426e68e9e8d68ea023c1e0be97617d85268fa0275af78e710ba37a99,saved_rule_based,1.63
section_00_source_train_normal_000928,train,source,normal,C,20260909T140707Z-fe02ca99d55bb38bd334673f,20260909T140707Z-fe02ca99d55bb38bd334673f-dg-e00d1bd3fd63-000150,2,none,none,slow,normal-slow-2,left,normal,clipped/audio_event_clean/normal/20260909T140707Z-fe02ca99d55bb38bd334673f-dg-e00d1bd3fd63-000150_ch2.wav,3DPrinter/train/section_00_source_train_normal_000928.wav,2a445487d8f8ad0b96a33c15f7f396162175cad2a553e7688b71d3e1ca9d2a25,960044,8505564000,8506044000,58339b8cf7e0cd6d35bf85d1f1b3b8b7e4e19fc8c98b6b8729be6609d0a9f7a3,0,0,6b17a5b7426e68e9e8d68ea023c1e0be97617d85268fa0275af78e710ba37a99,saved_rule_based,1.63
section_00_source_train_normal_000929,train,source,normal,C,20260909T140707Z-fe02ca99d55bb38bd334673f,20260909T140707Z-fe02ca99d55bb38bd334673f-dg-e00d1bd3fd63-000162,2,none,none,slow,normal-slow-2,left,normal,clipped/audio_event_clean/normal/20260909T140707Z-fe02ca99d55bb38bd334673f-dg-e00d1bd3fd63-000162_ch2.wav,3DPrinter/train/section_00_source_train_normal_000929.wav,8f03a55c82d3af371ae54e4e545330ec1af54b9f287ea79020813d61232c1e65,960044,8511324000,8511804000,58339b8cf7e0cd6d35bf85d1f1b3b8b7e4e19fc8c98b6b8729be6609d0a9f7a3,0,0,6b17a5b7426e68e9e8d68ea023c1e0be97617d85268fa0275af78e710ba37a99,saved_rule_based,1.63
section_00_source_train_normal_000930,train,source,normal,C,20260909T140707Z-fe02ca99d55bb38bd334673f,20260909T140707Z-fe02ca99d55bb38bd334673f-dg-e00d1bd3fd63-000163,2,none,none,slow,normal-slow-2,left,normal,clipped/audio_event_clean/normal/20260909T140707Z-fe02ca99d55bb38bd334673f-dg-e00d1bd3fd63-000163_ch2.wav,3DPrinter/train/section_00_source_train_normal_000930.wav,b836b4b93b2ab72ecbcf3592535857fbd7dffe38fb2b0f2dd69c84cc48124aa5,960044,8511804000,8512284000,58339b8cf7e0cd6d35bf85d1f1b3b8b7e4e19fc8c98b6b8729be6609d0a9f7a3,0,0,6b17a5b7426e68e9e8d68ea023c1e0be97617d85268fa0275af78e710ba37a99,saved_rule_based,1.63
section_00_source_train_normal_000931,train,source,normal,C,20260909T140707Z-fe02ca99d55bb38bd334673f,20260909T140707Z-fe02ca99d55bb38bd334673f-dg-e00d1bd3fd63-000167,2,none,none,slow,normal-slow-2,left,normal,clipped/audio_event_clean/normal/20260909T140707Z-fe02ca99d55bb38bd334673f-dg-e00d1bd3fd63-000167_ch2.wav,3DPrinter/train/section_00_source_train_normal_000931.wav,ddc077ea6812e2436be096ea6bf31d2a092151c826c58d4092f2b4a032d47398,960044,8513724000,8514204000,58339b8cf7e0cd6d35bf85d1f1b3b8b7e4e19fc8c98b6b8729be6609d0a9f7a3,0,0,6b17a5b7426e68e9e8d68ea023c1e0be97617d85268fa0275af78e710ba37a99,saved_rule_based,1.63
section_00_source_train_normal_000932,train,source,normal,C,20260909T140707Z-fe02ca99d55bb38bd334673f,20260909T140707Z-fe02ca99d55bb38bd334673f-dg-e00d1bd3fd63-000168,2,none,none,slow,normal-slow-2,left,normal,clipped/audio_event_clean/normal/20260909T140707Z-fe02ca99d55bb38bd334673f-dg-e00d1bd3fd63-000168_ch2.wav,3DPrinter/train/section_00_source_train_normal_000932.wav,e7f849f1d3d2a65551066add0823b9281111573c7f02163ddf94e8d35c607150,960044,8514204000,8514684000,58339b8cf7e0cd6d35bf85d1f1b3b8b7e4e19fc8c98b6b8729be6609d0a9f7a3,0,0,6b17a5b7426e68e9e8d68ea023c1e0be97617d85268fa0275af78e710ba37a99,saved_rule_based,1.63
section_00_source_train_normal_000933,train,source,normal,C,20260909T140707Z-fe02ca99d55bb38bd334673f,20260909T140707Z-fe02ca99d55bb38bd334673f-dg-e00d1bd3fd63-000171,2,none,none,slow,normal-slow-2,left,normal,clipped/audio_event_clean/normal/20260909T140707Z-fe02ca99d55bb38bd334673f-dg-e00d1bd3fd63-000171_ch2.wav,3DPrinter/train/section_00_source_train_normal_000933.wav,b7106aef4fb4c8063bbb2d12df7ff1069ddebd24cd59cc81c0550f2c533394f2,960044,8515644000,8516124000,58339b8cf7e0cd6d35bf85d1f1b3b8b7e4e19fc8c98b6b8729be6609d0a9f7a3,0,0,6b17a5b7426e68e9e8d68ea023c1e0be97617d85268fa0275af78e710ba37a99,saved_rule_based,1.63
section_00_source_train_normal_000934,train,source,normal,C,20260909T140707Z-fe02ca99d55bb38bd334673f,20260909T140707Z-fe02ca99d55bb38bd334673f-dg-e00d1bd3fd63-000173,2,none,none,slow,normal-slow-2,left,normal,clipped/audio_event_clean/normal/20260909T140707Z-fe02ca99d55bb38bd334673f-dg-e00d1bd3fd63-000173_ch2.wav,3DPrinter/train/section_00_source_train_normal_000934.wav,d204f1cb460772d8b7c74c281a0dbe7ff97a598cd823591e0923f5e21da13945,960044,8516604000,8517084000,58339b8cf7e0cd6d35bf85d1f1b3b8b7e4e19fc8c98b6b8729be6609d0a9f7a3,0,0,6b17a5b7426e68e9e8d68ea023c1e0be97617d85268fa0275af78e710ba37a99,saved_rule_based,1.63
section_00_source_train_normal_000935,train,source,normal,C,20260909T140707Z-fe02ca99d55bb38bd334673f,20260909T140707Z-fe02ca99d55bb38bd334673f-dg-e00d1bd3fd63-000174,2,none,none,slow,normal-slow-2,left,normal,clipped/audio_event_clean/normal/20260909T140707Z-fe02ca99d55bb38bd334673f-dg-e00d1bd3fd63-000174_ch2.wav,3DPrinter/train/section_00_source_train_normal_000935.wav,4ae4bf029773d3ba9ff966e6b3b2cceb15dae91c04ec47a1a1c31e61e09e682b,960044,8517084000,8517564000,58339b8cf7e0cd6d35bf85d1f1b3b8b7e4e19fc8c98b6b8729be6609d0a9f7a3,0,0,6b17a5b7426e68e9e8d68ea023c1e0be97617d85268fa0275af78e710ba37a99,saved_rule_based,1.63
section_00_source_train_normal_000936,train,source,normal,C,20260909T140707Z-fe02ca99d55bb38bd334673f,20260909T140707Z-fe02ca99d55bb38bd334673f-dg-e00d1bd3fd63-000175,2,none,none,slow,normal-slow-2,left,normal,clipped/audio_event_clean/normal/20260909T140707Z-fe02ca99d55bb38bd334673f-dg-e00d1bd3fd63-000175_ch2.wav,3DPrinter/train/section_00_source_train_normal_000936.wav,d595e6060ec7a63c67a59e3386119a2241f5da4042f660c24350271fba8ee417,960044,8517564000,8518044000,58339b8cf7e0cd6d35bf85d1f1b3b8b7e4e19fc8c98b6b8729be6609d0a9f7a3,0,0,6b17a5b7426e68e9e8d68ea023c1e0be97617d85268fa0275af78e710ba37a99,saved_rule_based,1.63
section_00_source_train_normal_000937,train,source,normal,C,20260909T140707Z-fe02ca99d55bb38bd334673f,20260909T140707Z-fe02ca99d55bb38bd334673f-dg-e00d1bd3fd63-000178,2,none,none,slow,normal-slow-2,left,normal,clipped/audio_event_clean/normal/20260909T140707Z-fe02ca99d55bb38bd334673f-dg-e00d1bd3fd63-000178_ch2.wav,3DPrinter/train/section_00_source_train_normal_000937.wav,4f2931fb069e4191c6992364a7294de9c83cad32e11cc310e7056d2ffa6506f1,960044,8519004000,8519484000,58339b8cf7e0cd6d35bf85d1f1b3b8b7e4e19fc8c98b6b8729be6609d0a9f7a3,0,0,6b17a5b7426e68e9e8d68ea023c1e0be97617d85268fa0275af78e710ba37a99,saved_rule_based,1.63
section_00_source_train_normal_000938,train,source,normal,C,20260909T140707Z-fe02ca99d55bb38bd334673f,20260909T140707Z-fe02ca99d55bb38bd334673f-dg-e00d1bd3fd63-000179,2,none,none,slow,normal-slow-2,left,normal,clipped/audio_event_clean/normal/20260909T140707Z-fe02ca99d55bb38bd334673f-dg-e00d1bd3fd63-000179_ch2.wav,3DPrinter/train/section_00_source_train_normal_000938.wav,66a44192c6abcc41ea203c6c3b17c391f3242ae7bbc769763a333e55c2db88ca,960044,8519484000,8519964000,58339b8cf7e0cd6d35bf85d1f1b3b8b7e4e19fc8c98b6b8729be6609d0a9f7a3,0,0,6b17a5b7426e68e9e8d68ea023c1e0be97617d85268fa0275af78e710ba37a99,saved_rule_based,1.63
section_00_source_train_normal_000939,train,source,normal,C,20260909T140707Z-fe02ca99d55bb38bd334673f,20260909T140707Z-fe02ca99d55bb38bd334673f-dg-e00d1bd3fd63-000181,2,none,none,slow,normal-slow-2,left,normal,clipped/audio_event_clean/normal/20260909T140707Z-fe02ca99d55bb38bd334673f-dg-e00d1bd3fd63-000181_ch2.wav,3DPrinter/train/section_00_source_train_normal_000939.wav,bd8d4f475d2091aa8ff70eead9b1c9598ee57c403e75644c048ac71b2840b116,960044,8520444000,8520924000,58339b8cf7e0cd6d35bf85d1f1b3b8b7e4e19fc8c98b6b8729be6609d0a9f7a3,0,0,6b17a5b7426e68e9e8d68ea023c1e0be97617d85268fa0275af78e710ba37a99,saved_rule_based,1.63
section_00_source_train_normal_000940,train,source,normal,C,20260909T140707Z-fe02ca99d55bb38bd334673f,20260909T140707Z-fe02ca99d55bb38bd334673f-dg-e00d1bd3fd63-000182,2,none,none,slow,normal-slow-2,left,normal,clipped/audio_event_clean/normal/20260909T140707Z-fe02ca99d55bb38bd334673f-dg-e00d1bd3fd63-000182_ch2.wav,3DPrinter/train/section_00_source_train_normal_000940.wav,7273d606460eafa81a18d2d768430344f236878ec0b2dc2bb723c42c6025c9dd,960044,8520924000,8521404000,58339b8cf7e0cd6d35bf85d1f1b3b8b7e4e19fc8c98b6b8729be6609d0a9f7a3,0,0,6b17a5b7426e68e9e8d68ea023c1e0be97617d85268fa0275af78e710ba37a99,saved_rule_based,1.63
section_00_source_train_normal_000941,train,source,normal,C,20260909T140707Z-fe02ca99d55bb38bd334673f,20260909T140707Z-fe02ca99d55bb38bd334673f-dg-e00d1bd3fd63-000185,2,none,none,slow,normal-slow-2,left,normal,clipped/audio_event_clean/normal/20260909T140707Z-fe02ca99d55bb38bd334673f-dg-e00d1bd3fd63-000185_ch2.wav,3DPrinter/train/section_00_source_train_normal_000941.wav,13d5fdd01dfe8b7f695356003b74f9bf7bae217249e11e37eae432ed61e33eb6,960044,8522364000,8522844000,58339b8cf7e0cd6d35bf85d1f1b3b8b7e4e19fc8c98b6b8729be6609d0a9f7a3,0,0,6b17a5b7426e68e9e8d68ea023c1e0be97617d85268fa0275af78e710ba37a99,saved_rule_based,1.63
section_00_source_train_normal_000942,train,source,normal,C,20260909T140707Z-fe02ca99d55bb38bd334673f,20260909T140707Z-fe02ca99d55bb38bd334673f-dg-e00d1bd3fd63-000188,2,none,none,slow,normal-slow-2,left,normal,clipped/audio_event_clean/normal/20260909T140707Z-fe02ca99d55bb38bd334673f-dg-e00d1bd3fd63-000188_ch2.wav,3DPrinter/train/section_00_source_train_normal_000942.wav,795cd98e036eae1830a33102ee4271cf889e28fb3265749fdc2a7d8be5a132ba,960044,8523804000,8524284000,58339b8cf7e0cd6d35bf85d1f1b3b8b7e4e19fc8c98b6b8729be6609d0a9f7a3,0,0,6b17a5b7426e68e9e8d68ea023c1e0be97617d85268fa0275af78e710ba37a99,saved_rule_based,1.63
section_00_source_train_normal_000943,train,source,normal,C,20260909T140707Z-fe02ca99d55bb38bd334673f,20260909T140707Z-fe02ca99d55bb38bd334673f-dg-e00d1bd3fd63-000190,2,none,none,slow,normal-slow-2,left,normal,clipped/audio_event_clean/normal/20260909T140707Z-fe02ca99d55bb38bd334673f-dg-e00d1bd3fd63-000190_ch2.wav,3DPrinter/train/section_00_source_train_normal_000943.wav,9f035876e643ee7ec4705328e544e11caa30d2161d5a8f36bf0905f10f061837,960044,8524764000,8525244000,58339b8cf7e0cd6d35bf85d1f1b3b8b7e4e19fc8c98b6b8729be6609d0a9f7a3,0,0,6b17a5b7426e68e9e8d68ea023c1e0be97617d85268fa0275af78e710ba37a99,saved_rule_based,1.63
section_00_source_train_normal_000944,train,source,normal,C,20260909T140707Z-fe02ca99d55bb38bd334673f,20260909T140707Z-fe02ca99d55bb38bd334673f-dg-e00d1bd3fd63-000193,2,none,none,slow,normal-slow-2,left,normal,clipped/audio_event_clean/normal/20260909T140707Z-fe02ca99d55bb38bd334673f-dg-e00d1bd3fd63-000193_ch2.wav,3DPrinter/train/section_00_source_train_normal_000944.wav,ee98af02d17cfcada2a6dc8c94c1ea1423add816848746ecd7e2a4f51124cf82,960044,8526204000,8526684000,58339b8cf7e0cd6d35bf85d1f1b3b8b7e4e19fc8c98b6b8729be6609d0a9f7a3,0,0,6b17a5b7426e68e9e8d68ea023c1e0be97617d85268fa0275af78e710ba37a99,saved_rule_based,1.63
section_00_source_train_normal_000945,train,source,normal,C,20260909T140707Z-fe02ca99d55bb38bd334673f,20260909T140707Z-fe02ca99d55bb38bd334673f-dg-e00d1bd3fd63-000194,2,none,none,slow,normal-slow-2,left,normal,clipped/audio_event_clean/normal/20260909T140707Z-fe02ca99d55bb38bd334673f-dg-e00d1bd3fd63-000194_ch2.wav,3DPrinter/train/section_00_source_train_normal_000945.wav,72d61b0708003c20d05d683359551154fc1c19672373ed31aa2349d9b97506cb,960044,8526684000,8527164000,58339b8cf7e0cd6d35bf85d1f1b3b8b7e4e19fc8c98b6b8729be6609d0a9f7a3,0,0,6b17a5b7426e68e9e8d68ea023c1e0be97617d85268fa0275af78e710ba37a99,saved_rule_based,1.63
section_00_source_train_normal_000946,train,source,normal,C,20260909T140707Z-fe02ca99d55bb38bd334673f,20260909T140707Z-fe02ca99d55bb38bd334673f-dg-e00d1bd3fd63-000195,2,none,none,slow,normal-slow-2,left,normal,clipped/audio_event_clean/normal/20260909T140707Z-fe02ca99d55bb38bd334673f-dg-e00d1bd3fd63-000195_ch2.wav,3DPrinter/train/section_00_source_train_normal_000946.wav,3cb7cf98839a29773e5c175b7f8532587b8fb0e79f6b7cd038a40cdb34525e80,960044,8527164000,8527644000,58339b8cf7e0cd6d35bf85d1f1b3b8b7e4e19fc8c98b6b8729be6609d0a9f7a3,0,0,6b17a5b7426e68e9e8d68ea023c1e0be97617d85268fa0275af78e710ba37a99,saved_rule_based,1.63
section_00_source_train_normal_000947,train,source,normal,C,20260909T140707Z-fe02ca99d55bb38bd334673f,20260909T140707Z-fe02ca99d55bb38bd334673f-dg-e00d1bd3fd63-000198,2,none,none,slow,normal-slow-2,left,normal,clipped/audio_event_clean/normal/20260909T140707Z-fe02ca99d55bb38bd334673f-dg-e00d1bd3fd63-000198_ch2.wav,3DPrinter/train/section_00_source_train_normal_000947.wav,9b695e1c83059d3554ec556c2cafdf4d6c2f6728491a3f7bf51face5bc49e3c9,960044,8528604000,8529084000,58339b8cf7e0cd6d35bf85d1f1b3b8b7e4e19fc8c98b6b8729be6609d0a9f7a3,0,0,6b17a5b7426e68e9e8d68ea023c1e0be97617d85268fa0275af78e710ba37a99,saved_rule_based,1.63
section_00_source_train_normal_000948,train,source,normal,C,20260909T140707Z-fe02ca99d55bb38bd334673f,20260909T140707Z-fe02ca99d55bb38bd334673f-dg-e00d1bd3fd63-000201,2,none,none,slow,normal-slow-2,left,normal,clipped/audio_event_clean/normal/20260909T140707Z-fe02ca99d55bb38bd334673f-dg-e00d1bd3fd63-000201_ch2.wav,3DPrinter/train/section_00_source_train_normal_000948.wav,e666598dfe75b97d72b68cfe5fe7e429ff697d352ce835f8a4b25425e6c48635,960044,8530044000,8530524000,58339b8cf7e0cd6d35bf85d1f1b3b8b7e4e19fc8c98b6b8729be6609d0a9f7a3,0,0,6b17a5b7426e68e9e8d68ea023c1e0be97617d85268fa0275af78e710ba37a99,saved_rule_based,1.63
section_00_source_train_normal_000949,train,source,normal,C,20260909T140707Z-fe02ca99d55bb38bd334673f,20260909T140707Z-fe02ca99d55bb38bd334673f-dg-e00d1bd3fd63-000203,2,none,none,slow,normal-slow-2,left,normal,clipped/audio_event_clean/normal/20260909T140707Z-fe02ca99d55bb38bd334673f-dg-e00d1bd3fd63-000203_ch2.wav,3DPrinter/train/section_00_source_train_normal_000949.wav,86cea4721d2a03ada6c00cd008edcb49a79015a780b499ca35bc28c4d85f4bfe,960044,8531004000,8531484000,58339b8cf7e0cd6d35bf85d1f1b3b8b7e4e19fc8c98b6b8729be6609d0a9f7a3,0,0,6b17a5b7426e68e9e8d68ea023c1e0be97617d85268fa0275af78e710ba37a99,saved_rule_based,1.63
section_00_source_train_normal_000950,train,source,normal,C,20260909T140707Z-fe02ca99d55bb38bd334673f,20260909T140707Z-fe02ca99d55bb38bd334673f-dg-e00d1bd3fd63-000206,2,none,none,slow,normal-slow-2,left,normal,clipped/audio_event_clean/normal/20260909T140707Z-fe02ca99d55bb38bd334673f-dg-e00d1bd3fd63-000206_ch2.wav,3DPrinter/train/section_00_source_train_normal_000950.wav,11c2c92142fb51a32ca60792d4b4d1416260c3fb0fcb3b9a131a9b1eeabe2dfa,960044,8532444000,8532924000,58339b8cf7e0cd6d35bf85d1f1b3b8b7e4e19fc8c98b6b8729be6609d0a9f7a3,0,0,6b17a5b7426e68e9e8d68ea023c1e0be97617d85268fa0275af78e710ba37a99,saved_rule_based,1.63
section_00_source_train_normal_000951,train,source,normal,C,20260909T140707Z-fe02ca99d55bb38bd334673f,20260909T140707Z-fe02ca99d55bb38bd334673f-dg-e00d1bd3fd63-000209,2,none,none,slow,normal-slow-2,left,normal,clipped/audio_event_clean/normal/20260909T140707Z-fe02ca99d55bb38bd334673f-dg-e00d1bd3fd63-000209_ch2.wav,3DPrinter/train/section_00_source_train_normal_000951.wav,ebd3f2c1e877f3bad9a4311bc098d3eceabf86eb10c3a3f7786e2880ef47bca1,960044,8533884000,8534364000,58339b8cf7e0cd6d35bf85d1f1b3b8b7e4e19fc8c98b6b8729be6609d0a9f7a3,0,0,6b17a5b7426e68e9e8d68ea023c1e0be97617d85268fa0275af78e710ba37a99,saved_rule_based,1.63
section_00_source_train_normal_000952,train,source,normal,C,20260909T140707Z-fe02ca99d55bb38bd334673f,20260909T140707Z-fe02ca99d55bb38bd334673f-dg-e00d1bd3fd63-000210,2,none,none,slow,normal-slow-2,left,normal,clipped/audio_event_clean/normal/20260909T140707Z-fe02ca99d55bb38bd334673f-dg-e00d1bd3fd63-000210_ch2.wav,3DPrinter/train/section_00_source_train_normal_000952.wav,23a5ab9bc12e1c9d5fc429b2b831c56f8cf46e7354ba2a0f82c563d2d16603c3,960044,8534364000,8534844000,58339b8cf7e0cd6d35bf85d1f1b3b8b7e4e19fc8c98b6b8729be6609d0a9f7a3,0,0,6b17a5b7426e68e9e8d68ea023c1e0be97617d85268fa0275af78e710ba37a99,saved_rule_based,1.63
section_00_source_train_normal_000953,train,source,normal,C,20260909T140707Z-fe02ca99d55bb38bd334673f,20260909T140707Z-fe02ca99d55bb38bd334673f-dg-e00d1bd3fd63-000221,2,none,none,slow,normal-slow-2,left,normal,clipped/audio_event_clean/normal/20260909T140707Z-fe02ca99d55bb38bd334673f-dg-e00d1bd3fd63-000221_ch2.wav,3DPrinter/train/section_00_source_train_normal_000953.wav,ab3c843cb4fb1a2080408a0a9c77ee9448d409c915bc4d37f5f168d858e71568,960044,8539644000,8540124000,58339b8cf7e0cd6d35bf85d1f1b3b8b7e4e19fc8c98b6b8729be6609d0a9f7a3,0,0,6b17a5b7426e68e9e8d68ea023c1e0be97617d85268fa0275af78e710ba37a99,saved_rule_based,1.63
section_00_source_train_normal_000954,train,source,normal,C,20260909T140707Z-fe02ca99d55bb38bd334673f,20260909T140707Z-fe02ca99d55bb38bd334673f-dg-e00d1bd3fd63-000225,2,none,none,slow,normal-slow-2,left,normal,clipped/audio_event_clean/normal/20260909T140707Z-fe02ca99d55bb38bd334673f-dg-e00d1bd3fd63-000225_ch2.wav,3DPrinter/train/section_00_source_train_normal_000954.wav,2469f0c5d0e6c981e24f1ee9936a37390d202269e1842d9137eb41dd3e14e659,960044,8541564000,8542044000,58339b8cf7e0cd6d35bf85d1f1b3b8b7e4e19fc8c98b6b8729be6609d0a9f7a3,0,0,6b17a5b7426e68e9e8d68ea023c1e0be97617d85268fa0275af78e710ba37a99,saved_rule_based,1.63
section_00_source_train_normal_000955,train,source,normal,C,20260909T140707Z-fe02ca99d55bb38bd334673f,20260909T140707Z-fe02ca99d55bb38bd334673f-dg-e00d1bd3fd63-000226,2,none,none,slow,normal-slow-2,left,normal,clipped/audio_event_clean/normal/20260909T140707Z-fe02ca99d55bb38bd334673f-dg-e00d1bd3fd63-000226_ch2.wav,3DPrinter/train/section_00_source_train_normal_000955.wav,28fd63bdf349897f461c6da8d4c01102a8cb2185080a9887824d71ba54e4fe47,960044,8542044000,8542524000,58339b8cf7e0cd6d35bf85d1f1b3b8b7e4e19fc8c98b6b8729be6609d0a9f7a3,0,0,6b17a5b7426e68e9e8d68ea023c1e0be97617d85268fa0275af78e710ba37a99,saved_rule_based,1.63
section_00_source_train_normal_000956,train,source,normal,C,20260909T140707Z-fe02ca99d55bb38bd334673f,20260909T140707Z-fe02ca99d55bb38bd334673f-dg-e00d1bd3fd63-000227,2,none,none,slow,normal-slow-2,left,normal,clipped/audio_event_clean/normal/20260909T140707Z-fe02ca99d55bb38bd334673f-dg-e00d1bd3fd63-000227_ch2.wav,3DPrinter/train/section_00_source_train_normal_000956.wav,6de2509d10f50c5f7685a42df99ebbc02ac210cd7610cf13078d6ee7c2a2a294,960044,8542524000,8543004000,58339b8cf7e0cd6d35bf85d1f1b3b8b7e4e19fc8c98b6b8729be6609d0a9f7a3,0,0,6b17a5b7426e68e9e8d68ea023c1e0be97617d85268fa0275af78e710ba37a99,saved_rule_based,1.63
section_00_source_train_normal_000957,train,source,normal,C,20260909T140707Z-fe02ca99d55bb38bd334673f,20260909T140707Z-fe02ca99d55bb38bd334673f-dg-e00d1bd3fd63-000228,2,none,none,slow,normal-slow-2,left,normal,clipped/audio_event_clean/normal/20260909T140707Z-fe02ca99d55bb38bd334673f-dg-e00d1bd3fd63-000228_ch2.wav,3DPrinter/train/section_00_source_train_normal_000957.wav,04e0a3b2bc5a70cc294c36cb81cc702d67bb230c983946a5f9659dd06b58376e,960044,8543004000,8543484000,58339b8cf7e0cd6d35bf85d1f1b3b8b7e4e19fc8c98b6b8729be6609d0a9f7a3,0,0,6b17a5b7426e68e9e8d68ea023c1e0be97617d85268fa0275af78e710ba37a99,saved_rule_based,1.63
section_00_source_train_normal_000958,train,source,normal,C,20260909T140707Z-fe02ca99d55bb38bd334673f,20260909T140707Z-fe02ca99d55bb38bd334673f-dg-e00d1bd3fd63-000234,2,none,none,slow,normal-slow-2,left,normal,clipped/audio_event_clean/normal/20260909T140707Z-fe02ca99d55bb38bd334673f-dg-e00d1bd3fd63-000234_ch2.wav,3DPrinter/train/section_00_source_train_normal_000958.wav,d15d3c7f5d373a4946620334170e78c893a6a167d3b828d97489c2a307fb694f,960044,8545884000,8546364000,58339b8cf7e0cd6d35bf85d1f1b3b8b7e4e19fc8c98b6b8729be6609d0a9f7a3,0,0,6b17a5b7426e68e9e8d68ea023c1e0be97617d85268fa0275af78e710ba37a99,saved_rule_based,1.63
section_00_source_train_normal_000959,train,source,normal,C,20260909T140707Z-fe02ca99d55bb38bd334673f,20260909T140707Z-fe02ca99d55bb38bd334673f-dg-e00d1bd3fd63-000235,2,none,none,slow,normal-slow-2,left,normal,clipped/audio_event_clean/normal/20260909T140707Z-fe02ca99d55bb38bd334673f-dg-e00d1bd3fd63-000235_ch2.wav,3DPrinter/train/section_00_source_train_normal_000959.wav,40ff6210c42b902c2e0a436a39161eefe36cf04aa65a96e9733edea1bb0ea68b,960044,8546364000,8546844000,58339b8cf7e0cd6d35bf85d1f1b3b8b7e4e19fc8c98b6b8729be6609d0a9f7a3,0,0,6b17a5b7426e68e9e8d68ea023c1e0be97617d85268fa0275af78e710ba37a99,saved_rule_based,1.63
section_00_source_train_normal_000960,train,source,normal,C,20260909T140707Z-fe02ca99d55bb38bd334673f,20260909T140707Z-fe02ca99d55bb38bd334673f-dg-e00d1bd3fd63-000238,2,none,none,slow,normal-slow-2,left,normal,clipped/audio_event_clean/normal/20260909T140707Z-fe02ca99d55bb38bd334673f-dg-e00d1bd3fd63-000238_ch2.wav,3DPrinter/train/section_00_source_train_normal_000960.wav,c005020ed472a6c7e41f2494d2b5aa52afa0556c77185463e5b0f2dd19c04a6a,960044,8547804000,8548284000,58339b8cf7e0cd6d35bf85d1f1b3b8b7e4e19fc8c98b6b8729be6609d0a9f7a3,0,0,6b17a5b7426e68e9e8d68ea023c1e0be97617d85268fa0275af78e710ba37a99,saved_rule_based,1.63
section_00_source_train_normal_000961,train,source,normal,C,20260909T140707Z-fe02ca99d55bb38bd334673f,20260909T140707Z-fe02ca99d55bb38bd334673f-dg-e00d1bd3fd63-000241,2,none,none,slow,normal-slow-2,left,normal,clipped/audio_event_clean/normal/20260909T140707Z-fe02ca99d55bb38bd334673f-dg-e00d1bd3fd63-000241_ch2.wav,3DPrinter/train/section_00_source_train_normal_000961.wav,57ef3f76a27704c3303fb32b30e5e7e639efe8f12ba0c12a825f02fc6c44d6e1,960044,8549244000,8549724000,58339b8cf7e0cd6d35bf85d1f1b3b8b7e4e19fc8c98b6b8729be6609d0a9f7a3,0,0,6b17a5b7426e68e9e8d68ea023c1e0be97617d85268fa0275af78e710ba37a99,saved_rule_based,1.63
section_00_source_train_normal_000962,train,source,normal,C,20260909T140707Z-fe02ca99d55bb38bd334673f,20260909T140707Z-fe02ca99d55bb38bd334673f-dg-e00d1bd3fd63-000242,2,none,none,slow,normal-slow-2,left,normal,clipped/audio_event_clean/normal/20260909T140707Z-fe02ca99d55bb38bd334673f-dg-e00d1bd3fd63-000242_ch2.wav,3DPrinter/train/section_00_source_train_normal_000962.wav,ce637aa10dfec80ca60b12f747d98660a45aab4912f37a5c9837aa48fd8aab2a,960044,8549724000,8550204000,58339b8cf7e0cd6d35bf85d1f1b3b8b7e4e19fc8c98b6b8729be6609d0a9f7a3,0,0,6b17a5b7426e68e9e8d68ea023c1e0be97617d85268fa0275af78e710ba37a99,saved_rule_based,1.63
section_00_source_train_normal_000963,train,source,normal,C,20260909T140707Z-fe02ca99d55bb38bd334673f,20260909T140707Z-fe02ca99d55bb38bd334673f-dg-e00d1bd3fd63-000249,2,none,none,slow,normal-slow-2,left,normal,clipped/audio_event_clean/normal/20260909T140707Z-fe02ca99d55bb38bd334673f-dg-e00d1bd3fd63-000249_ch2.wav,3DPrinter/train/section_00_source_train_normal_000963.wav,b69bf858e2dc541a8f8b8a270450bc78b2d723d0ed9d7ac8890e8d56cdd92a83,960044,8553084000,8553564000,58339b8cf7e0cd6d35bf85d1f1b3b8b7e4e19fc8c98b6b8729be6609d0a9f7a3,0,0,6b17a5b7426e68e9e8d68ea023c1e0be97617d85268fa0275af78e710ba37a99,saved_rule_based,1.63
section_00_source_train_normal_000964,train,source,normal,C,20260909T140707Z-fe02ca99d55bb38bd334673f,20260909T140707Z-fe02ca99d55bb38bd334673f-dg-e00d1bd3fd63-000250,2,none,none,slow,normal-slow-2,left,normal,clipped/audio_event_clean/normal/20260909T140707Z-fe02ca99d55bb38bd334673f-dg-e00d1bd3fd63-000250_ch2.wav,3DPrinter/train/section_00_source_train_normal_000964.wav,f6bd1ccc8e408279b0a3c8fda894a5ccc5c866bd067e711016258f8a8d326038,960044,8553564000,8554044000,58339b8cf7e0cd6d35bf85d1f1b3b8b7e4e19fc8c98b6b8729be6609d0a9f7a3,0,0,6b17a5b7426e68e9e8d68ea023c1e0be97617d85268fa0275af78e710ba37a99,saved_rule_based,1.63
section_00_source_train_normal_000965,train,source,normal,C,20260909T140707Z-fe02ca99d55bb38bd334673f,20260909T140707Z-fe02ca99d55bb38bd334673f-dg-e00d1bd3fd63-000256,2,none,none,slow,normal-slow-2,left,normal,clipped/audio_event_clean/normal/20260909T140707Z-fe02ca99d55bb38bd334673f-dg-e00d1bd3fd63-000256_ch2.wav,3DPrinter/train/section_00_source_train_normal_000965.wav,5ad584bd496cc485fd62ed634d6769e0bea55469fea9d83f1e7fab20206c7b0c,960044,8556444000,8556924000,58339b8cf7e0cd6d35bf85d1f1b3b8b7e4e19fc8c98b6b8729be6609d0a9f7a3,0,0,6b17a5b7426e68e9e8d68ea023c1e0be97617d85268fa0275af78e710ba37a99,saved_rule_based,1.63
section_00_source_train_normal_000966,train,source,normal,C,20260909T140707Z-fe02ca99d55bb38bd334673f,20260909T140707Z-fe02ca99d55bb38bd334673f-dg-e00d1bd3fd63-000257,2,none,none,slow,normal-slow-2,left,normal,clipped/audio_event_clean/normal/20260909T140707Z-fe02ca99d55bb38bd334673f-dg-e00d1bd3fd63-000257_ch2.wav,3DPrinter/train/section_00_source_train_normal_000966.wav,a6bfed8806b6a3b8dd7fbcc7135e6681878eb8ae1c55da1ac5d8279f90a3c2f9,960044,8556924000,8557404000,58339b8cf7e0cd6d35bf85d1f1b3b8b7e4e19fc8c98b6b8729be6609d0a9f7a3,0,0,6b17a5b7426e68e9e8d68ea023c1e0be97617d85268fa0275af78e710ba37a99,saved_rule_based,1.63
section_00_source_train_normal_000967,train,source,normal,C,20260909T140707Z-fe02ca99d55bb38bd334673f,20260909T140707Z-fe02ca99d55bb38bd334673f-dg-e00d1bd3fd63-000258,2,none,none,slow,normal-slow-2,left,normal,clipped/audio_event_clean/normal/20260909T140707Z-fe02ca99d55bb38bd334673f-dg-e00d1bd3fd63-000258_ch2.wav,3DPrinter/train/section_00_source_train_normal_000967.wav,9ea7e5ac74e5cd80c3db4f398e5a091927d53711091c3bae3861c5c8c88a2956,960044,8557404000,8557884000,58339b8cf7e0cd6d35bf85d1f1b3b8b7e4e19fc8c98b6b8729be6609d0a9f7a3,0,0,6b17a5b7426e68e9e8d68ea023c1e0be97617d85268fa0275af78e710ba37a99,saved_rule_based,1.63
section_00_source_train_normal_000968,train,source,normal,C,20260909T140707Z-fe02ca99d55bb38bd334673f,20260909T140707Z-fe02ca99d55bb38bd334673f-dg-e00d1bd3fd63-000261,2,none,none,slow,normal-slow-2,left,normal,clipped/audio_event_clean/normal/20260909T140707Z-fe02ca99d55bb38bd334673f-dg-e00d1bd3fd63-000261_ch2.wav,3DPrinter/train/section_00_source_train_normal_000968.wav,33898efc13afe6987e8f6aeb0385acce56685e00dad28f9d830ab1ad360fa992,960044,8558844000,8559324000,58339b8cf7e0cd6d35bf85d1f1b3b8b7e4e19fc8c98b6b8729be6609d0a9f7a3,0,0,6b17a5b7426e68e9e8d68ea023c1e0be97617d85268fa0275af78e710ba37a99,saved_rule_based,1.63
section_00_source_train_normal_000969,train,source,normal,C,20260909T140707Z-fe02ca99d55bb38bd334673f,20260909T140707Z-fe02ca99d55bb38bd334673f-dg-e00d1bd3fd63-000263,2,none,none,slow,normal-slow-2,left,normal,clipped/audio_event_clean/normal/20260909T140707Z-fe02ca99d55bb38bd334673f-dg-e00d1bd3fd63-000263_ch2.wav,3DPrinter/train/section_00_source_train_normal_000969.wav,5802d74e3f4a0051d07359701b1400aee672510e48efe0fde6f66c9110d45fed,960044,8559804000,8560284000,58339b8cf7e0cd6d35bf85d1f1b3b8b7e4e19fc8c98b6b8729be6609d0a9f7a3,0,0,6b17a5b7426e68e9e8d68ea023c1e0be97617d85268fa0275af78e710ba37a99,saved_rule_based,1.63
section_00_source_train_normal_000970,train,source,normal,C,20260909T140707Z-fe02ca99d55bb38bd334673f,20260909T140707Z-fe02ca99d55bb38bd334673f-dg-e00d1bd3fd63-000264,2,none,none,slow,normal-slow-2,left,normal,clipped/audio_event_clean/normal/20260909T140707Z-fe02ca99d55bb38bd334673f-dg-e00d1bd3fd63-000264_ch2.wav,3DPrinter/train/section_00_source_train_normal_000970.wav,6874acb105b218f668022c85003a61ec79923018b77069ce593415343164cb35,960044,8560284000,8560764000,58339b8cf7e0cd6d35bf85d1f1b3b8b7e4e19fc8c98b6b8729be6609d0a9f7a3,0,0,6b17a5b7426e68e9e8d68ea023c1e0be97617d85268fa0275af78e710ba37a99,saved_rule_based,1.63
section_00_source_train_normal_000971,train,source,normal,C,20260909T140707Z-fe02ca99d55bb38bd334673f,20260909T140707Z-fe02ca99d55bb38bd334673f-dg-e00d1bd3fd63-000265,2,none,none,slow,normal-slow-2,left,normal,clipped/audio_event_clean/normal/20260909T140707Z-fe02ca99d55bb38bd334673f-dg-e00d1bd3fd63-000265_ch2.wav,3DPrinter/train/section_00_source_train_normal_000971.wav,be8a11a96f654133f80dfcf49f7b814b218575be7dafddbbd74edc1204362998,960044,8560764000,8561244000,58339b8cf7e0cd6d35bf85d1f1b3b8b7e4e19fc8c98b6b8729be6609d0a9f7a3,0,0,6b17a5b7426e68e9e8d68ea023c1e0be97617d85268fa0275af78e710ba37a99,saved_rule_based,1.63
section_00_source_train_normal_000972,train,source,normal,C,20260909T140707Z-fe02ca99d55bb38bd334673f,20260909T140707Z-fe02ca99d55bb38bd334673f-dg-e00d1bd3fd63-000266,2,none,none,slow,normal-slow-2,left,normal,clipped/audio_event_clean/normal/20260909T140707Z-fe02ca99d55bb38bd334673f-dg-e00d1bd3fd63-000266_ch2.wav,3DPrinter/train/section_00_source_train_normal_000972.wav,67015a72830b2bc71977de84fd7bd946fa5f08e5679350ec0da3550584fab44e,960044,8561244000,8561724000,58339b8cf7e0cd6d35bf85d1f1b3b8b7e4e19fc8c98b6b8729be6609d0a9f7a3,0,0,6b17a5b7426e68e9e8d68ea023c1e0be97617d85268fa0275af78e710ba37a99,saved_rule_based,1.63
section_00_source_train_normal_000973,train,source,normal,C,20260909T140707Z-fe02ca99d55bb38bd334673f,20260909T140707Z-fe02ca99d55bb38bd334673f-dg-e00d1bd3fd63-000267,2,none,none,slow,normal-slow-2,left,normal,clipped/audio_event_clean/normal/20260909T140707Z-fe02ca99d55bb38bd334673f-dg-e00d1bd3fd63-000267_ch2.wav,3DPrinter/train/section_00_source_train_normal_000973.wav,1996ed970754aa9f1f72d5793203db2e2b4d9085840747fcbb8ffda637f0315e,960044,8561724000,8562204000,58339b8cf7e0cd6d35bf85d1f1b3b8b7e4e19fc8c98b6b8729be6609d0a9f7a3,0,0,6b17a5b7426e68e9e8d68ea023c1e0be97617d85268fa0275af78e710ba37a99,saved_rule_based,1.63
section_00_source_train_normal_000974,train,source,normal,C,20260909T140707Z-fe02ca99d55bb38bd334673f,20260909T140707Z-fe02ca99d55bb38bd334673f-dg-e00d1bd3fd63-000268,2,none,none,slow,normal-slow-2,left,normal,clipped/audio_event_clean/normal/20260909T140707Z-fe02ca99d55bb38bd334673f-dg-e00d1bd3fd63-000268_ch2.wav,3DPrinter/train/section_00_source_train_normal_000974.wav,ed3eac24154ad77ddd9f7056e60efdb6f297d609fcb24f87019c4a5e18ec00ef,960044,8562204000,8562684000,58339b8cf7e0cd6d35bf85d1f1b3b8b7e4e19fc8c98b6b8729be6609d0a9f7a3,0,0,6b17a5b7426e68e9e8d68ea023c1e0be97617d85268fa0275af78e710ba37a99,saved_rule_based,1.63
section_00_source_train_normal_000975,train,source,normal,C,20260909T140707Z-fe02ca99d55bb38bd334673f,20260909T140707Z-fe02ca99d55bb38bd334673f-dg-e00d1bd3fd63-000270,2,none,none,slow,normal-slow-2,left,normal,clipped/audio_event_clean/normal/20260909T140707Z-fe02ca99d55bb38bd334673f-dg-e00d1bd3fd63-000270_ch2.wav,3DPrinter/train/section_00_source_train_normal_000975.wav,89f92214098f1f054415a84b00771481326a87b1e97ec3c427f97952b8d5f1d6,960044,8563164000,8563644000,58339b8cf7e0cd6d35bf85d1f1b3b8b7e4e19fc8c98b6b8729be6609d0a9f7a3,0,0,6b17a5b7426e68e9e8d68ea023c1e0be97617d85268fa0275af78e710ba37a99,saved_rule_based,1.63
section_00_source_train_normal_000976,train,source,normal,C,20260909T140707Z-fe02ca99d55bb38bd334673f,20260909T140707Z-fe02ca99d55bb38bd334673f-dg-e00d1bd3fd63-000274,2,none,none,slow,normal-slow-2,left,normal,clipped/audio_event_clean/normal/20260909T140707Z-fe02ca99d55bb38bd334673f-dg-e00d1bd3fd63-000274_ch2.wav,3DPrinter/train/section_00_source_train_normal_000976.wav,df34ab7ddfa882460e14695e3d3a9842b02c487da6d9c59c13d776aa1abe3b8c,960044,8565084000,8565564000,58339b8cf7e0cd6d35bf85d1f1b3b8b7e4e19fc8c98b6b8729be6609d0a9f7a3,0,0,6b17a5b7426e68e9e8d68ea023c1e0be97617d85268fa0275af78e710ba37a99,saved_rule_based,1.63
section_00_source_train_normal_000977,train,source,normal,C,20260909T140707Z-fe02ca99d55bb38bd334673f,20260909T140707Z-fe02ca99d55bb38bd334673f-dg-e00d1bd3fd63-000275,2,none,none,slow,normal-slow-2,left,normal,clipped/audio_event_clean/normal/20260909T140707Z-fe02ca99d55bb38bd334673f-dg-e00d1bd3fd63-000275_ch2.wav,3DPrinter/train/section_00_source_train_normal_000977.wav,8372a69872e4a41090ec61ba703cec6cb9d78202812a64259070dbf467a63bc4,960044,8565564000,8566044000,58339b8cf7e0cd6d35bf85d1f1b3b8b7e4e19fc8c98b6b8729be6609d0a9f7a3,0,0,6b17a5b7426e68e9e8d68ea023c1e0be97617d85268fa0275af78e710ba37a99,saved_rule_based,1.63
section_00_source_train_normal_000978,train,source,normal,C,20260909T140707Z-fe02ca99d55bb38bd334673f,20260909T140707Z-fe02ca99d55bb38bd334673f-dg-e00d1bd3fd63-000277,2,none,none,slow,normal-slow-2,left,normal,clipped/audio_event_clean/normal/20260909T140707Z-fe02ca99d55bb38bd334673f-dg-e00d1bd3fd63-000277_ch2.wav,3DPrinter/train/section_00_source_train_normal_000978.wav,b982cfeb8a59cd33b9c9466e09f9a0fb78e090b87ab1d8c4aebb73969cae5a71,960044,8566524000,8567004000,58339b8cf7e0cd6d35bf85d1f1b3b8b7e4e19fc8c98b6b8729be6609d0a9f7a3,0,0,6b17a5b7426e68e9e8d68ea023c1e0be97617d85268fa0275af78e710ba37a99,saved_rule_based,1.63
section_00_source_train_normal_000979,train,source,normal,C,20260909T140707Z-fe02ca99d55bb38bd334673f,20260909T140707Z-fe02ca99d55bb38bd334673f-dg-e00d1bd3fd63-000278,2,none,none,slow,normal-slow-2,left,normal,clipped/audio_event_clean/normal/20260909T140707Z-fe02ca99d55bb38bd334673f-dg-e00d1bd3fd63-000278_ch2.wav,3DPrinter/train/section_00_source_train_normal_000979.wav,e6a854187efd333f8ecd8e098df99869b8567e8ef7580775440c4ec47f18826b,960044,8567004000,8567484000,58339b8cf7e0cd6d35bf85d1f1b3b8b7e4e19fc8c98b6b8729be6609d0a9f7a3,0,0,6b17a5b7426e68e9e8d68ea023c1e0be97617d85268fa0275af78e710ba37a99,saved_rule_based,1.63
section_00_source_train_normal_000980,train,source,normal,C,20260909T140707Z-fe02ca99d55bb38bd334673f,20260909T140707Z-fe02ca99d55bb38bd334673f-dg-e00d1bd3fd63-000281,2,none,none,slow,normal-slow-2,left,normal,clipped/audio_event_clean/normal/20260909T140707Z-fe02ca99d55bb38bd334673f-dg-e00d1bd3fd63-000281_ch2.wav,3DPrinter/train/section_00_source_train_normal_000980.wav,e2f786dc633eec732d59f7c41874453896fbf48663cbf20f1edc58006cb93d65,960044,8568444000,8568924000,58339b8cf7e0cd6d35bf85d1f1b3b8b7e4e19fc8c98b6b8729be6609d0a9f7a3,0,0,6b17a5b7426e68e9e8d68ea023c1e0be97617d85268fa0275af78e710ba37a99,saved_rule_based,1.63
section_00_source_train_normal_000981,train,source,normal,C,20260909T140707Z-fe02ca99d55bb38bd334673f,20260909T140707Z-fe02ca99d55bb38bd334673f-dg-e00d1bd3fd63-000283,2,none,none,slow,normal-slow-2,left,normal,clipped/audio_event_clean/normal/20260909T140707Z-fe02ca99d55bb38bd334673f-dg-e00d1bd3fd63-000283_ch2.wav,3DPrinter/train/section_00_source_train_normal_000981.wav,b1741b06b1101df25fea803a9807b641ec42f18b2c6b40600347d323f6c2b21d,960044,8569404000,8569884000,58339b8cf7e0cd6d35bf85d1f1b3b8b7e4e19fc8c98b6b8729be6609d0a9f7a3,0,0,6b17a5b7426e68e9e8d68ea023c1e0be97617d85268fa0275af78e710ba37a99,saved_rule_based,1.63
section_00_source_train_normal_000982,train,source,normal,C,20260909T140707Z-fe02ca99d55bb38bd334673f,20260909T140707Z-fe02ca99d55bb38bd334673f-dg-e00d1bd3fd63-000284,2,none,none,slow,normal-slow-2,left,normal,clipped/audio_event_clean/normal/20260909T140707Z-fe02ca99d55bb38bd334673f-dg-e00d1bd3fd63-000284_ch2.wav,3DPrinter/train/section_00_source_train_normal_000982.wav,1566373ec2bf2348a78cf5e01d7eb7840a3fa4e65920286d4f6c171f8a11a523,960044,8569884000,8570364000,58339b8cf7e0cd6d35bf85d1f1b3b8b7e4e19fc8c98b6b8729be6609d0a9f7a3,0,0,6b17a5b7426e68e9e8d68ea023c1e0be97617d85268fa0275af78e710ba37a99,saved_rule_based,1.63
section_00_source_train_normal_000983,train,source,normal,C,20260909T140707Z-fe02ca99d55bb38bd334673f,20260909T140707Z-fe02ca99d55bb38bd334673f-dg-e00d1bd3fd63-000285,2,none,none,slow,normal-slow-2,left,normal,clipped/audio_event_clean/normal/20260909T140707Z-fe02ca99d55bb38bd334673f-dg-e00d1bd3fd63-000285_ch2.wav,3DPrinter/train/section_00_source_train_normal_000983.wav,8dab58e6b19f79bd9b4f357a225906d9a4e59cff54babc2feae53d0da842639d,960044,8570364000,8570844000,58339b8cf7e0cd6d35bf85d1f1b3b8b7e4e19fc8c98b6b8729be6609d0a9f7a3,0,0,6b17a5b7426e68e9e8d68ea023c1e0be97617d85268fa0275af78e710ba37a99,saved_rule_based,1.63
section_00_source_train_normal_000984,train,source,normal,C,20260909T140707Z-fe02ca99d55bb38bd334673f,20260909T140707Z-fe02ca99d55bb38bd334673f-dg-e00d1bd3fd63-000286,2,none,none,slow,normal-slow-2,left,normal,clipped/audio_event_clean/normal/20260909T140707Z-fe02ca99d55bb38bd334673f-dg-e00d1bd3fd63-000286_ch2.wav,3DPrinter/train/section_00_source_train_normal_000984.wav,fdd45919c8463379e4d5fc66fc231a82393ee597a531388cbf290c4591141d2d,960044,8570844000,8571324000,58339b8cf7e0cd6d35bf85d1f1b3b8b7e4e19fc8c98b6b8729be6609d0a9f7a3,0,0,6b17a5b7426e68e9e8d68ea023c1e0be97617d85268fa0275af78e710ba37a99,saved_rule_based,1.63
section_00_source_train_normal_000985,train,source,normal,C,20260909T140707Z-fe02ca99d55bb38bd334673f,20260909T140707Z-fe02ca99d55bb38bd334673f-dg-e00d1bd3fd63-000292,2,none,none,slow,normal-slow-2,left,normal,clipped/audio_event_clean/normal/20260909T140707Z-fe02ca99d55bb38bd334673f-dg-e00d1bd3fd63-000292_ch2.wav,3DPrinter/train/section_00_source_train_normal_000985.wav,d7160aec5b213b590ea851e1166207c0c35b329236812e2dc3096c75de4aaea0,960044,8573724000,8574204000,58339b8cf7e0cd6d35bf85d1f1b3b8b7e4e19fc8c98b6b8729be6609d0a9f7a3,0,0,6b17a5b7426e68e9e8d68ea023c1e0be97617d85268fa0275af78e710ba37a99,saved_rule_based,1.63
section_00_source_train_normal_000986,train,source,normal,C,20260909T140707Z-fe02ca99d55bb38bd334673f,20260909T140707Z-fe02ca99d55bb38bd334673f-dg-e00d1bd3fd63-000293,2,none,none,slow,normal-slow-2,left,normal,clipped/audio_event_clean/normal/20260909T140707Z-fe02ca99d55bb38bd334673f-dg-e00d1bd3fd63-000293_ch2.wav,3DPrinter/train/section_00_source_train_normal_000986.wav,9d203de7e111e82cc25d74b5e2cfbc178ef396b4a8aa0b70b6e8630a4f45b0b4,960044,8574204000,8574684000,58339b8cf7e0cd6d35bf85d1f1b3b8b7e4e19fc8c98b6b8729be6609d0a9f7a3,0,0,6b17a5b7426e68e9e8d68ea023c1e0be97617d85268fa0275af78e710ba37a99,saved_rule_based,1.63
section_00_source_train_normal_000987,train,source,normal,C,20260909T140707Z-fe02ca99d55bb38bd334673f,20260909T140707Z-fe02ca99d55bb38bd334673f-dg-e00d1bd3fd63-000296,2,none,none,slow,normal-slow-2,left,normal,clipped/audio_event_clean/normal/20260909T140707Z-fe02ca99d55bb38bd334673f-dg-e00d1bd3fd63-000296_ch2.wav,3DPrinter/train/section_00_source_train_normal_000987.wav,6d412f96c879a2a2342c4066b1dcbf04b9b392b7ea991e6374af61aa24039363,960044,8575644000,8576124000,58339b8cf7e0cd6d35bf85d1f1b3b8b7e4e19fc8c98b6b8729be6609d0a9f7a3,0,0,6b17a5b7426e68e9e8d68ea023c1e0be97617d85268fa0275af78e710ba37a99,saved_rule_based,1.63
section_00_source_train_normal_000988,train,source,normal,C,20260909T140707Z-fe02ca99d55bb38bd334673f,20260909T140707Z-fe02ca99d55bb38bd334673f-dg-e00d1bd3fd63-000298,2,none,none,slow,normal-slow-2,left,normal,clipped/audio_event_clean/normal/20260909T140707Z-fe02ca99d55bb38bd334673f-dg-e00d1bd3fd63-000298_ch2.wav,3DPrinter/train/section_00_source_train_normal_000988.wav,8b4621f1f15c5792e4272ab6712ba796d536aecbf895e3588fb36e4ec9a0d07e,960044,8576604000,8577084000,58339b8cf7e0cd6d35bf85d1f1b3b8b7e4e19fc8c98b6b8729be6609d0a9f7a3,0,0,6b17a5b7426e68e9e8d68ea023c1e0be97617d85268fa0275af78e710ba37a99,saved_rule_based,1.63
section_00_source_train_normal_000989,train,source,normal,C,20260909T140707Z-fe02ca99d55bb38bd334673f,20260909T140707Z-fe02ca99d55bb38bd334673f-dg-e00d1bd3fd63-000299,2,none,none,slow,normal-slow-2,left,normal,clipped/audio_event_clean/normal/20260909T140707Z-fe02ca99d55bb38bd334673f-dg-e00d1bd3fd63-000299_ch2.wav,3DPrinter/train/section_00_source_train_normal_000989.wav,784276981fda7d40145c11617004266fb3ac6dad620d07f9c15fa3de26173b42,960044,8577084000,8577564000,58339b8cf7e0cd6d35bf85d1f1b3b8b7e4e19fc8c98b6b8729be6609d0a9f7a3,0,0,6b17a5b7426e68e9e8d68ea023c1e0be97617d85268fa0275af78e710ba37a99,saved_rule_based,1.63
section_00_target_train_normal_000000,train,target,normal,A,20260901T143912Z-e5d061dfc62c0b36daf92847,20260901T143912Z-e5d061dfc62c0b36daf92847-dg-7740f073a739-000017,3,none,none,fast,normal-fast-1,front,normal,clipped/audio_event_clean/normal/20260901T143912Z-e5d061dfc62c0b36daf92847-dg-7740f073a739-000017_ch3.wav,3DPrinter/train/section_00_target_train_normal_000000.wav,196bbb94fa8cd8cf626896fb7820edea8c7432d9845f00a665ceb150e0dd51bb,960044,11404800,11884800,0bb84adb1499c0cbc90b2a5e374045adfb496a27c91b32d6c9aaf5bb0599b224,0,0,aeb450032c7d5c66d9bb313c64fd807f1610d32e2ed646ec023dea0a1b1334d0,saved_rule_based,0.53
section_00_target_train_normal_000001,train,target,normal,A,20260901T143912Z-e5d061dfc62c0b36daf92847,20260901T143912Z-e5d061dfc62c0b36daf92847-dg-7740f073a739-000099,3,none,none,fast,normal-fast-1,front,normal,clipped/audio_event_clean/normal/20260901T143912Z-e5d061dfc62c0b36daf92847-dg-7740f073a739-000099_ch3.wav,3DPrinter/train/section_00_target_train_normal_000001.wav,be84ccce77c30cca690f865ca8cd42babc1a909575be6ac397a05538df15f709,960044,50764800,51244800,0bb84adb1499c0cbc90b2a5e374045adfb496a27c91b32d6c9aaf5bb0599b224,0,0,aeb450032c7d5c66d9bb313c64fd807f1610d32e2ed646ec023dea0a1b1334d0,saved_rule_based,0.53
section_00_target_train_normal_000002,train,target,normal,A,20260901T143912Z-e5d061dfc62c0b36daf92847,20260901T143912Z-e5d061dfc62c0b36daf92847-dg-7740f073a739-000124,3,none,none,fast,normal-fast-1,front,normal,clipped/audio_event_clean/normal/20260901T143912Z-e5d061dfc62c0b36daf92847-dg-7740f073a739-000124_ch3.wav,3DPrinter/train/section_00_target_train_normal_000002.wav,9e8601516c4f78f95d412f3b7e32a0109b173bdd121da0ab167d7c22e0636d68,960044,62764800,63244800,0bb84adb1499c0cbc90b2a5e374045adfb496a27c91b32d6c9aaf5bb0599b224,0,0,aeb450032c7d5c66d9bb313c64fd807f1610d32e2ed646ec023dea0a1b1334d0,saved_rule_based,0.53
section_00_target_train_normal_000003,train,target,normal,A,20260901T143912Z-e5d061dfc62c0b36daf92847,20260901T143912Z-e5d061dfc62c0b36daf92847-dg-7740f073a739-000176,3,none,none,fast,normal-fast-1,front,normal,clipped/audio_event_clean/normal/20260901T143912Z-e5d061dfc62c0b36daf92847-dg-7740f073a739-000176_ch3.wav,3DPrinter/train/section_00_target_train_normal_000003.wav,4eba38b1e034c589b0670991b64288165c1816e401e1585203395225faaa305a,960044,87724800,88204800,0bb84adb1499c0cbc90b2a5e374045adfb496a27c91b32d6c9aaf5bb0599b224,0,0,aeb450032c7d5c66d9bb313c64fd807f1610d32e2ed646ec023dea0a1b1334d0,saved_rule_based,0.53
section_00_target_train_normal_000004,train,target,normal,A,20260901T143912Z-e5d061dfc62c0b36daf92847,20260901T143912Z-e5d061dfc62c0b36daf92847-dg-7740f073a739-000216,3,none,none,fast,normal-fast-1,front,normal,clipped/audio_event_clean/normal/20260901T143912Z-e5d061dfc62c0b36daf92847-dg-7740f073a739-000216_ch3.wav,3DPrinter/train/section_00_target_train_normal_000004.wav,135188f7c24660c87c76b951ddbbd7c946e0e9b94c4c6578b912f532da980100,960044,106924800,107404800,0bb84adb1499c0cbc90b2a5e374045adfb496a27c91b32d6c9aaf5bb0599b224,0,0,aeb450032c7d5c66d9bb313c64fd807f1610d32e2ed646ec023dea0a1b1334d0,saved_rule_based,0.53
section_00_target_train_normal_000005,train,target,normal,A,20260901T143912Z-e5d061dfc62c0b36daf92847,20260901T143912Z-e5d061dfc62c0b36daf92847-dg-7740f073a739-000075,4,none,none,fast,normal-fast-1,right,normal,clipped/audio_event_clean/normal/20260901T143912Z-e5d061dfc62c0b36daf92847-dg-7740f073a739-000075_ch4.wav,3DPrinter/train/section_00_target_train_normal_000005.wav,33f50bdbbe3b463585d495ed25c340e9e873d5aa6528e277164902c2d4b67dc5,960044,39244800,39724800,0bb84adb1499c0cbc90b2a5e374045adfb496a27c91b32d6c9aaf5bb0599b224,0,0,aeb450032c7d5c66d9bb313c64fd807f1610d32e2ed646ec023dea0a1b1334d0,saved_rule_based,0.53
section_00_target_train_normal_000006,train,target,normal,A,20260901T143912Z-e5d061dfc62c0b36daf92847,20260901T143912Z-e5d061dfc62c0b36daf92847-dg-7740f073a739-000154,4,none,none,fast,normal-fast-1,right,normal,clipped/audio_event_clean/normal/20260901T143912Z-e5d061dfc62c0b36daf92847-dg-7740f073a739-000154_ch4.wav,3DPrinter/train/section_00_target_train_normal_000006.wav,457fcd8153e844550772af3d7d4dc3dabc97c8096fad0d5744161d09d3dab41e,960044,77164800,77644800,0bb84adb1499c0cbc90b2a5e374045adfb496a27c91b32d6c9aaf5bb0599b224,0,0,aeb450032c7d5c66d9bb313c64fd807f1610d32e2ed646ec023dea0a1b1334d0,saved_rule_based,0.53
section_00_target_train_normal_000007,train,target,normal,A,20260901T151827Z-92a6aa2e4849cea633194dd8,20260901T151827Z-92a6aa2e4849cea633194dd8-dg-6d507e8caf75-000037,4,none,none,fast,normal-fast-2,right,normal,clipped/audio_event_clean/normal/20260901T151827Z-92a6aa2e4849cea633194dd8-dg-6d507e8caf75-000037_ch4.wav,3DPrinter/train/section_00_target_train_normal_000007.wav,ff9205d47a43e20986d1aab0308caee605bff208273a042a54f2bc2c96aec785,960044,134056800,134536800,1093b3922e3fdbb3602ac7ccc37f65321b297593ec1fae68d398a2302d77d48d,0,0,501cecdda262cbfa73f7a39568e8741d358d700e4d416ec10bba169547b6849d,saved_rule_based,0.43
section_00_target_train_normal_000008,train,target,normal,A,20260901T151827Z-92a6aa2e4849cea633194dd8,20260901T151827Z-92a6aa2e4849cea633194dd8-dg-6d507e8caf75-000053,4,none,none,fast,normal-fast-2,right,normal,clipped/audio_event_clean/normal/20260901T151827Z-92a6aa2e4849cea633194dd8-dg-6d507e8caf75-000053_ch4.wav,3DPrinter/train/section_00_target_train_normal_000008.wav,13a211fb66ad896dd132aadfab0d41028d8838c9cbc7eac7294fb6c8e9464df3,960044,141736800,142216800,1093b3922e3fdbb3602ac7ccc37f65321b297593ec1fae68d398a2302d77d48d,0,0,501cecdda262cbfa73f7a39568e8741d358d700e4d416ec10bba169547b6849d,saved_rule_based,0.43
section_00_target_train_normal_000009,train,target,normal,A,20260901T151827Z-92a6aa2e4849cea633194dd8,20260901T151827Z-92a6aa2e4849cea633194dd8-dg-6d507e8caf75-000066,4,none,none,fast,normal-fast-2,right,normal,clipped/audio_event_clean/normal/20260901T151827Z-92a6aa2e4849cea633194dd8-dg-6d507e8caf75-000066_ch4.wav,3DPrinter/train/section_00_target_train_normal_000009.wav,c3d81f5c88a6dfc22d1ba9c6130ac0237879edc395920890a19ebf57b9f252c9,960044,147976800,148456800,1093b3922e3fdbb3602ac7ccc37f65321b297593ec1fae68d398a2302d77d48d,0,0,501cecdda262cbfa73f7a39568e8741d358d700e4d416ec10bba169547b6849d,saved_rule_based,0.43
