filename,clip_uid,audio_sha256,domain,label,fault_family,fault_subtype,session_id,channel_id,vectors,MSE,MSE_decision,MAHALA,MAHALA_decision
section_00_test_000000.wav,20260902T113658Z-5cd2a6303f5dae6ce01d87e6-dg-ceeb2f587436-000099,564b5a68ce64f23d77e9aae7a48d001a097cea941e34fb99bdb1c7a49271085b,source,anomaly,belt_tension_abnormal,belt_a,20260902T113658Z-5cd2a6303f5dae6ce01d87e6,1,934,13.172463417053223,0,0.7892002463340759,1
section_00_test_000001.wav,20260902T113658Z-5cd2a6303f5dae6ce01d87e6-dg-ceeb2f587436-000164,0a74709615a65e336084fe2f4b1e66901382bc437ff05b2361f02ea64c9a2f37,source,anomaly,belt_tension_abnormal,belt_a,20260902T113658Z-5cd2a6303f5dae6ce01d87e6,1,934,13.170388221740723,0,0.5292150974273682,1
section_00_test_000002.wav,20260902T113658Z-5cd2a6303f5dae6ce01d87e6-dg-ceeb2f587436-000252,24a08ced24acb9fa971adf8b576420844dbef556d52567b191651988d92943b0,source,anomaly,belt_tension_abnormal,belt_a,20260902T113658Z-5cd2a6303f5dae6ce01d87e6,1,934,13.547721862792969,0,0.7151663303375244,1
section_00_test_000003.wav,20260902T150846Z-1f009e7170a39e476d00295e-dg-3eb00ce080ce-000150,607f219faa0d5e452195b06b2481715d5de486e1960dc7f14db21e06da0f96d0,source,anomaly,belt_tension_abnormal,belt_a_b,20260902T150846Z-1f009e7170a39e476d00295e,1,934,14.419295310974121,0,2.7562310695648193,1
section_00_test_000004.wav,20260902T150846Z-1f009e7170a39e476d00295e-dg-3eb00ce080ce-000263,b197972253d8ab907aff5a57c91e31d35a6e5b644f19661833af846f6468ceb8,source,anomaly,belt_tension_abnormal,belt_a_b,20260902T150846Z-1f009e7170a39e476d00295e,1,934,14.513433456420898,0,1.4182027578353882,1
section_00_test_000005.wav,20260903T030549Z-98b1b9182d11940d83367c1e-dg-6a9b67dfdbaa-000182,aec8fa2257b63c29fc15ea51653ca1737ce18f281d885757ad3ad08a3fbf2286,source,anomaly,belt_tension_abnormal,belt_b,20260903T030549Z-98b1b9182d11940d83367c1e,1,934,13.934925079345703,0,1.732589602470398,1
section_00_test_000006.wav,20260903T030549Z-98b1b9182d11940d83367c1e-dg-6a9b67dfdbaa-000297,6cb007fd20886e856ada134b55ccf21e4543e931262ebfbbadb149d05e347da6,source,anomaly,belt_tension_abnormal,belt_b,20260903T030549Z-98b1b9182d11940d83367c1e,1,934,14.650633811950684,1,1.5848585367202759,1
section_00_test_000007.wav,20260904T023248Z-e4f57cc181c50ce5de5083f0-dg-51a9f718e8e6-000010,944a31ac9e347746d941c9c8d8285b67d49bce847193fe33719c4c65f5a42b50,source,anomaly,extruder_cogging_or_no_extrusion,extruder_cogging_or_no_extrusion,20260904T023248Z-e4f57cc181c50ce5de5083f0,1,934,14.445926666259766,0,5.193332672119141,1
section_00_test_000008.wav,20260904T023248Z-e4f57cc181c50ce5de5083f0-dg-51a9f718e8e6-000038,4817996d8077e00763c9c03dec91629279cf3817aacb86e573f7e7b4e815338a,source,anomaly,extruder_cogging_or_no_extrusion,extruder_cogging_or_no_extrusion,20260904T023248Z-e4f57cc181c50ce5de5083f0,1,934,13.821255683898926,0,1.1939717531204224,1
section_00_test_000009.wav,20260904T023248Z-e4f57cc181c50ce5de5083f0-dg-51a9f718e8e6-000158,b0901c1c964e121d6db10a781b37b3347a2692a47d251f837f201d0b7533cc62,source,anomaly,extruder_cogging_or_no_extrusion,extruder_cogging_or_no_extrusion,20260904T023248Z-e4f57cc181c50ce5de5083f0,1,934,13.540663719177246,0,1.0902987718582153,1
section_00_test_000010.wav,20260904T023248Z-e4f57cc181c50ce5de5083f0-dg-51a9f718e8e6-000192,d70e7030afed691ce399a4abcd797fdf9bea5c3ddfc5784412cbcccb6fc57d45,source,anomaly,extruder_cogging_or_no_extrusion,extruder_cogging_or_no_extrusion,20260904T023248Z-e4f57cc181c50ce5de5083f0,1,934,13.52245044708252,0,1.0876399278640747,1
section_00_test_000011.wav,20260904T023248Z-e4f57cc181c50ce5de5083f0-dg-51a9f718e8e6-000229,09527174eca28557091442b384627e13e3069abfc5e4389ead51e91347fca82a,source,anomaly,extruder_cogging_or_no_extrusion,extruder_cogging_or_no_extrusion,20260904T023248Z-e4f57cc181c50ce5de5083f0,1,934,13.695926666259766,0,1.3912328481674194,1
section_00_test_000012.wav,20260904T023248Z-e4f57cc181c50ce5de5083f0-dg-51a9f718e8e6-000299,0a10ded03141e4b78cf330c5dab5c57f53d398869324b0d3b2f2f24da21283ef,source,anomaly,extruder_cogging_or_no_extrusion,extruder_cogging_or_no_extrusion,20260904T023248Z-e4f57cc181c50ce5de5083f0,1,934,14.124996185302734,0,2.242046594619751,1
section_00_test_000013.wav,20260904T040119Z-4cdc81e466740a74f1f6baac-dg-adac458214dc-000015,a8ed7b33074fca3ab0dc0980c8ee8cb40e5972de08874efc79e2804a12980ff6,source,anomaly,toolhead_collision,collision_x-min,20260904T040119Z-4cdc81e466740a74f1f6baac,1,934,126.72332763671875,1,100.74468994140625,1
section_00_test_000014.wav,20260904T044923Z-90b63b04e5d3d1f66294dc66-dg-99b65841e18e-000060,bb8fcde66a4278e3873b6419d0a69819661c15200712af52280dce9a0cb80ab2,source,anomaly,toolhead_collision,collision_x-max,20260904T044923Z-90b63b04e5d3d1f66294dc66,1,934,155.21942138671875,1,119.76390838623047,1
section_00_test_000015.wav,20260904T044923Z-90b63b04e5d3d1f66294dc66-dg-99b65841e18e-000106,2d211717f2ef68709c913dd9052acdce07e90ff3377bad26054274da3e160138,source,anomaly,toolhead_collision,collision_x-max,20260904T044923Z-90b63b04e5d3d1f66294dc66,1,934,103.31595611572266,1,79.31692504882812,1
section_00_test_000016.wav,20260904T055653Z-74710c8152a4852d848845f9-dg-567e962f781c-000017,aaf9d3f27a4fc802553a61f453f1cfc75f6064110a9fabe4d1ccfb877b96760a,source,anomaly,toolhead_collision,collision_x-min-y-max,20260904T055653Z-74710c8152a4852d848845f9,1,934,139.2121124267578,1,111.81423950195312,1
section_00_test_000017.wav,20260904T055653Z-74710c8152a4852d848845f9-dg-567e962f781c-000036,ab5f6f190a617ddd5bef623836c4169c8be58023832be4af676e6fffa00ce254,source,anomaly,toolhead_collision,collision_x-min-y-max,20260904T055653Z-74710c8152a4852d848845f9,1,934,128.8245849609375,1,112.84541320800781,1
section_00_test_000018.wav,20260904T062654Z-d44184f7882d19b2cb3afc01-dg-07f766054aed-000094,0c9b420ec4949799187ee0210389f91290bb20a2eba28475a6389f3c27af2ccf,source,anomaly,toolhead_collision,collision_x-max-y-max,20260904T062654Z-d44184f7882d19b2cb3afc01,1,934,189.89410400390625,1,154.86961364746094,1
section_00_test_000019.wav,20260904T091528Z-44bec438009cc4b39c102f7f-dg-31ef0e17064a-000054,69847a996edd2849371d68fcef9d82d818d4183a185b51a8191a01a10d4a7555,source,anomaly,cooling_fan_fault,cooling_fan_fault,20260904T091528Z-44bec438009cc4b39c102f7f,1,934,15.765044212341309,1,2.3202717304229736,1
section_00_test_000020.wav,20260904T091528Z-44bec438009cc4b39c102f7f-dg-31ef0e17064a-000071,3c6b2bca3232de14253da7f2c813f7f5a433202105e760be12dfae18cdc69942,source,anomaly,cooling_fan_fault,cooling_fan_fault,20260904T091528Z-44bec438009cc4b39c102f7f,1,934,16.593141555786133,1,4.326865196228027,1
section_00_test_000021.wav,20260904T091528Z-44bec438009cc4b39c102f7f-dg-31ef0e17064a-000076,7d35498cc1ad21aef9e3e6c68064c960a1f25623c19c7cb5bdaac103e469b348,source,anomaly,cooling_fan_fault,cooling_fan_fault,20260904T091528Z-44bec438009cc4b39c102f7f,1,934,15.366695404052734,1,3.7629480361938477,1
section_00_test_000022.wav,20260904T091528Z-44bec438009cc4b39c102f7f-dg-31ef0e17064a-000127,49467807595528d3e79745809d7f367528ecf1872d74886351245738ad464f68,source,anomaly,cooling_fan_fault,cooling_fan_fault,20260904T091528Z-44bec438009cc4b39c102f7f,1,934,16.934040069580078,1,3.587702512741089,1
section_00_test_000023.wav,20260904T091528Z-44bec438009cc4b39c102f7f-dg-31ef0e17064a-000269,079c46ad8463738b9a4839efbc57b1f0994fcbd86fd81024861d740f156c6891,source,anomaly,cooling_fan_fault,cooling_fan_fault,20260904T091528Z-44bec438009cc4b39c102f7f,1,934,17.245059967041016,1,2.737333059310913,1
section_00_test_000024.wav,20260904T091528Z-44bec438009cc4b39c102f7f-dg-31ef0e17064a-000293,eb9ac6a8ae48ab7ce2fdc697fa4fd45de7a9d3c4cbd8acb1f5277f00d93045f6,source,anomaly,cooling_fan_fault,cooling_fan_fault,20260904T091528Z-44bec438009cc4b39c102f7f,1,934,17.46087074279785,1,2.7692415714263916,1
section_00_test_000025.wav,20260902T113658Z-5cd2a6303f5dae6ce01d87e6-dg-ceeb2f587436-000051,bd273bf0179e4f3fd45b757b8f0e6cdbf4939be5a583b4237a602e5cabd2c083,source,anomaly,belt_tension_abnormal,belt_a,20260902T113658Z-5cd2a6303f5dae6ce01d87e6,3,934,13.426850318908691,0,1.4663299322128296,1
section_00_test_000026.wav,20260902T113658Z-5cd2a6303f5dae6ce01d87e6-dg-ceeb2f587436-000188,e3fb05900c652166b0bb82c7da9b1bad2aab7f6ccc1dd36d0691dc81b03f464a,source,anomaly,belt_tension_abnormal,belt_a,20260902T113658Z-5cd2a6303f5dae6ce01d87e6,3,934,12.668722152709961,0,0.3658618927001953,1
section_00_test_000027.wav,20260902T150846Z-1f009e7170a39e476d00295e-dg-3eb00ce080ce-000212,ff021f224f2553e19408a7359e25488476f591d526b3154e70ec5bfa0351d3b4,source,anomaly,belt_tension_abnormal,belt_a_b,20260902T150846Z-1f009e7170a39e476d00295e,3,934,13.48039722442627,0,1.6125587224960327,1
section_00_test_000028.wav,20260902T150846Z-1f009e7170a39e476d00295e-dg-3eb00ce080ce-000231,693f7e49ac9793cd0d08631e6c5c45deba13303d91542cb03b6200afce8b76fc,source,anomaly,belt_tension_abnormal,belt_a_b,20260902T150846Z-1f009e7170a39e476d00295e,3,934,13.572765350341797,0,1.5055750608444214,1
section_00_test_000029.wav,20260903T030549Z-98b1b9182d11940d83367c1e-dg-6a9b67dfdbaa-000027,4c8fba38af219780a799bacb957a8d5a717ade731fef55c92c0f6a7d07dbb635,source,anomaly,belt_tension_abnormal,belt_b,20260903T030549Z-98b1b9182d11940d83367c1e,3,934,13.77844524383545,0,1.3902982473373413,1
section_00_test_000030.wav,20260903T030549Z-98b1b9182d11940d83367c1e-dg-6a9b67dfdbaa-000247,87c12e533b4821aca4cb0b6bdd2d595335815c7ddd60ed50af53b04ff26d0bc0,source,anomaly,belt_tension_abnormal,belt_b,20260903T030549Z-98b1b9182d11940d83367c1e,3,934,14.475089073181152,0,4.67595100402832,1
section_00_test_000031.wav,20260904T023248Z-e4f57cc181c50ce5de5083f0-dg-51a9f718e8e6-000141,c87984c6da2eb566f95536444f9286e29b8be2889e3df4734f36b85a155e71d1,source,anomaly,extruder_cogging_or_no_extrusion,extruder_cogging_or_no_extrusion,20260904T023248Z-e4f57cc181c50ce5de5083f0,3,934,13.292577743530273,0,1.767918348312378,1
section_00_test_000032.wav,20260904T023248Z-e4f57cc181c50ce5de5083f0-dg-51a9f718e8e6-000145,8ff8b089cb00b79eddf1afd17c5481a8e63f89553adb458eb26e963d800be021,source,anomaly,extruder_cogging_or_no_extrusion,extruder_cogging_or_no_extrusion,20260904T023248Z-e4f57cc181c50ce5de5083f0,3,934,13.758142471313477,0,1.3221296072006226,1
section_00_test_000033.wav,20260904T023248Z-e4f57cc181c50ce5de5083f0-dg-51a9f718e8e6-000157,03551415cb903fdb9c1f968be21a9e6c3d6b3d44745dc14c3ae4853a06fc3be2,source,anomaly,extruder_cogging_or_no_extrusion,extruder_cogging_or_no_extrusion,20260904T023248Z-e4f57cc181c50ce5de5083f0,3,934,13.613194465637207,0,1.6182689666748047,1
section_00_test_000034.wav,20260904T023248Z-e4f57cc181c50ce5de5083f0-dg-51a9f718e8e6-000197,92146dab7aa9366c46b66d4e4ab740658aefc6a42c447689f82545dabbab6c27,source,anomaly,extruder_cogging_or_no_extrusion,extruder_cogging_or_no_extrusion,20260904T023248Z-e4f57cc181c50ce5de5083f0,3,934,13.671814918518066,0,2.0028607845306396,1
section_00_test_000035.wav,20260904T023248Z-e4f57cc181c50ce5de5083f0-dg-51a9f718e8e6-000267,a79ae17c1aefb33ae7fd79b9928d615bb835861f66316ca0fc7f12d6a13918c3,source,anomaly,extruder_cogging_or_no_extrusion,extruder_cogging_or_no_extrusion,20260904T023248Z-e4f57cc181c50ce5de5083f0,3,934,14.059003829956055,0,1.3776119947433472,1
section_00_test_000036.wav,20260904T023248Z-e4f57cc181c50ce5de5083f0-dg-51a9f718e8e6-000294,a0824567e808d3166a80a15d8d5580d70e502fa785d09039381334e921bf42a1,source,anomaly,extruder_cogging_or_no_extrusion,extruder_cogging_or_no_extrusion,20260904T023248Z-e4f57cc181c50ce5de5083f0,3,934,14.44904613494873,0,2.356003999710083,1
section_00_test_000037.wav,20260904T040119Z-4cdc81e466740a74f1f6baac-dg-adac458214dc-000077,486e5b3ce0ea74e3b17ce07a0f974439177068ea92a856b5bdef9facb7f6c89b,source,anomaly,toolhead_collision,collision_x-min,20260904T040119Z-4cdc81e466740a74f1f6baac,3,934,256.0373229980469,1,201.04869079589844,1
section_00_test_000038.wav,20260904T044923Z-90b63b04e5d3d1f66294dc66-dg-99b65841e18e-000041,4da931344404f2f496fb67ffdd5e48b207cfd783775da23d7c4da6aa3cb8e3f6,source,anomaly,toolhead_collision,collision_x-max,20260904T044923Z-90b63b04e5d3d1f66294dc66,3,934,190.11123657226562,1,163.57138061523438,1
section_00_test_000039.wav,20260904T052346Z-cf82510cb5ad09c24a480a98-dg-1dbc5091a828-000024,59e0636c48617816305cd8d68a1ef4b979ea68f6c8e31536e052d8c67835d16e,source,anomaly,toolhead_collision,collision_y-max,20260904T052346Z-cf82510cb5ad09c24a480a98,3,934,351.9366760253906,1,336.3411560058594,1
section_00_test_000040.wav,20260904T052346Z-cf82510cb5ad09c24a480a98-dg-1dbc5091a828-000112,35e92010016541a4feadbe4695a1eb8e8384e7e28c816afbc11b02d4f91db3de,source,anomaly,toolhead_collision,collision_y-max,20260904T052346Z-cf82510cb5ad09c24a480a98,3,934,160.61851501464844,1,149.46791076660156,1
section_00_test_000041.wav,20260904T055653Z-74710c8152a4852d848845f9-dg-567e962f781c-000075,b297b0f494d3c98469287a31c8a7c7b616f347228a00335f7fb0635c1a36837e,source,anomaly,toolhead_collision,collision_x-min-y-max,20260904T055653Z-74710c8152a4852d848845f9,3,934,168.6094512939453,1,139.84075927734375,1
section_00_test_000042.wav,20260904T062654Z-d44184f7882d19b2cb3afc01-dg-07f766054aed-000073,69e74850b54fe7f73a67ed78be5b6dbac6303785a8cee6c8fd74351b08d80180,source,anomaly,toolhead_collision,collision_x-max-y-max,20260904T062654Z-d44184f7882d19b2cb3afc01,3,934,240.37460327148438,1,192.2298126220703,1
section_00_test_000043.wav,20260904T091528Z-44bec438009cc4b39c102f7f-dg-31ef0e17064a-000023,187ce8795f39b307cc05d43f2ed4ae9c1d2d62613932ca3b10c32b3540699514,source,anomaly,cooling_fan_fault,cooling_fan_fault,20260904T091528Z-44bec438009cc4b39c102f7f,3,934,16.006128311157227,1,2.437729597091675,1
section_00_test_000044.wav,20260904T091528Z-44bec438009cc4b39c102f7f-dg-31ef0e17064a-000086,276d38bc1c06229db746c7bb1074a23d2f8bccf5d33109393b33c6154be5d201,source,anomaly,cooling_fan_fault,cooling_fan_fault,20260904T091528Z-44bec438009cc4b39c102f7f,3,934,15.642495155334473,1,3.958055019378662,1
section_00_test_000045.wav,20260904T091528Z-44bec438009cc4b39c102f7f-dg-31ef0e17064a-000139,0523f1bd758f8d46a08a0d1a693e1f57a4e9dd69841c432ea3366edb02989241,source,anomaly,cooling_fan_fault,cooling_fan_fault,20260904T091528Z-44bec438009cc4b39c102f7f,3,934,15.637137413024902,1,2.967381715774536,1
section_00_test_000046.wav,20260904T091528Z-44bec438009cc4b39c102f7f-dg-31ef0e17064a-000160,2586fd7889f316e9d8b985192efbf3c4ac77d115124bd5477ff479b0149d182c,source,anomaly,cooling_fan_fault,cooling_fan_fault,20260904T091528Z-44bec438009cc4b39c102f7f,3,934,16.031042098999023,1,4.411324977874756,1
section_00_test_000047.wav,20260904T091528Z-44bec438009cc4b39c102f7f-dg-31ef0e17064a-000162,dfbfe74c0e40146fd97c01816cf3ac164f6ead80b01d52575c8f4d177a2dd36b,source,anomaly,cooling_fan_fault,cooling_fan_fault,20260904T091528Z-44bec438009cc4b39c102f7f,3,934,15.84640121459961,1,2.5323846340179443,1
section_00_test_000048.wav,20260904T091528Z-44bec438009cc4b39c102f7f-dg-31ef0e17064a-000183,d12f0c4cefbbd779e6e10594e1a47ef0f38abcdf4ab407359c916a58a9f8b617,source,anomaly,cooling_fan_fault,cooling_fan_fault,20260904T091528Z-44bec438009cc4b39c102f7f,3,934,15.873571395874023,1,2.3935129642486572,1
section_00_test_000049.wav,20260904T091528Z-44bec438009cc4b39c102f7f-dg-31ef0e17064a-000198,be52ea1564d1808ad35e6e9f9839c497f4834cf88be02bf6049f0166896f30d7,source,anomaly,cooling_fan_fault,cooling_fan_fault,20260904T091528Z-44bec438009cc4b39c102f7f,3,934,15.479921340942383,1,2.1422629356384277,1
section_00_test_000050.wav,20260905T050107Z-563e5602acd70612935e3840-dg-d53fa15b5842-000011,97d9bb8f160b89f200200c01fde15870627927a6005593a7dcb4e281b48b8b9f,source,anomaly,belt_tension_abnormal,belt_b,20260905T050107Z-563e5602acd70612935e3840,1,934,13.6666259765625,0,2.1423890590667725,1
section_00_test_000051.wav,20260905T050107Z-563e5602acd70612935e3840-dg-d53fa15b5842-000160,a562f5fd07fe1bb6a09279abe569378d05c5e9f28685213fabe6ddf718327616,source,anomaly,belt_tension_abnormal,belt_b,20260905T050107Z-563e5602acd70612935e3840,1,934,14.034672737121582,0,1.7099953889846802,1
section_00_test_000052.wav,20260905T065117Z-ff4c5a98a32203bfe9f91cab-dg-83942617f0a8-000005,8037ccd82a08ceda0f85c68197125af9a85422fb8bc2fa075d6d8573edefc0cc,source,anomaly,belt_tension_abnormal,belt_a_b,20260905T065117Z-ff4c5a98a32203bfe9f91cab,1,934,14.4013671875,0,2.4986634254455566,1
section_00_test_000053.wav,20260905T065117Z-ff4c5a98a32203bfe9f91cab-dg-83942617f0a8-000143,cc1bf6bc1c7abbe6bc58fd8988e620be866e709dc5e9dfb19a1cbfb5abf9773e,source,anomaly,belt_tension_abnormal,belt_a_b,20260905T065117Z-ff4c5a98a32203bfe9f91cab,1,934,14.385079383850098,0,2.1514604091644287,1
section_00_test_000054.wav,20260905T091955Z-0ec9ac6a2a604ed98ae7628a-dg-46b0b9c346d2-000011,b308b2a1edc3f3c05851877405fff2fd797da08ee26aede3eab07173978251e5,source,anomaly,belt_tension_abnormal,belt_a,20260905T091955Z-0ec9ac6a2a604ed98ae7628a,1,934,13.643561363220215,0,3.2385141849517822,1
section_00_test_000055.wav,20260905T091955Z-0ec9ac6a2a604ed98ae7628a-dg-46b0b9c346d2-000191,dfdb9ea3496528ccbe7aa0104549668c6891848762e363f37715ea24b13cee79,source,anomaly,belt_tension_abnormal,belt_a,20260905T091955Z-0ec9ac6a2a604ed98ae7628a,1,934,13.952459335327148,0,2.1516127586364746,1
section_00_test_000056.wav,20260905T145828Z-e26ab8e484b6efbd52f1acc1-dg-08aae5bf848d-000046,23be777f89a0ef8767987f613e7edafc6097d3f507b15c4479880ddae21b6786,source,anomaly,extruder_cogging_or_no_extrusion,extruder_cogging_or_no_extrusion,20260905T145828Z-e26ab8e484b6efbd52f1acc1,1,934,15.900829315185547,1,3.9191150665283203,1
section_00_test_000057.wav,20260905T145828Z-e26ab8e484b6efbd52f1acc1-dg-08aae5bf848d-000057,fdaea2c96638755fc0454d964fb1e9d2d9d9d9bbf54d1b7d667e6df837f4eb30,source,anomaly,extruder_cogging_or_no_extrusion,extruder_cogging_or_no_extrusion,20260905T145828Z-e26ab8e484b6efbd52f1acc1,1,934,15.271660804748535,1,2.589186191558838,1
section_00_test_000058.wav,20260905T145828Z-e26ab8e484b6efbd52f1acc1-dg-08aae5bf848d-000096,c4ad3da89dff30b0ec3ade5db9b4c66e00527a3da79b23f9bcb96272e634e4ce,source,anomaly,extruder_cogging_or_no_extrusion,extruder_cogging_or_no_extrusion,20260905T145828Z-e26ab8e484b6efbd52f1acc1,1,934,16.293481826782227,1,3.9124398231506348,1
section_00_test_000059.wav,20260905T145828Z-e26ab8e484b6efbd52f1acc1-dg-08aae5bf848d-000136,02abbd7a0ea9799760ae205dc94a4b19d50fc11fceda31bd879c6e1792cb417e,source,anomaly,extruder_cogging_or_no_extrusion,extruder_cogging_or_no_extrusion,20260905T145828Z-e26ab8e484b6efbd52f1acc1,1,934,15.704751014709473,1,3.08971905708313,1
section_00_test_000060.wav,20260905T145828Z-e26ab8e484b6efbd52f1acc1-dg-08aae5bf848d-000211,b99dc260ce735fd16198515dd6a79eed3ad1c35fec9fbe9c18a4fc88ac487c11,source,anomaly,extruder_cogging_or_no_extrusion,extruder_cogging_or_no_extrusion,20260905T145828Z-e26ab8e484b6efbd52f1acc1,1,934,16.12310028076172,1,2.780817985534668,1
section_00_test_000061.wav,20260905T145828Z-e26ab8e484b6efbd52f1acc1-dg-08aae5bf848d-000227,e13c631916b8bdcf0f47c3b52e9c6760a4ae843f2ea877429df056b0648e3813,source,anomaly,extruder_cogging_or_no_extrusion,extruder_cogging_or_no_extrusion,20260905T145828Z-e26ab8e484b6efbd52f1acc1,1,934,16.122455596923828,1,2.919203519821167,1
section_00_test_000062.wav,20260905T145828Z-e26ab8e484b6efbd52f1acc1-dg-08aae5bf848d-000253,c3c3fce1284bf9480420cd6b9bc732c8231e4532d9dc0a576e6ee621a175c284,source,anomaly,extruder_cogging_or_no_extrusion,extruder_cogging_or_no_extrusion,20260905T145828Z-e26ab8e484b6efbd52f1acc1,1,934,16.149629592895508,1,2.7930665016174316,1
section_00_test_000063.wav,20260906T033116Z-0586ff9054959f9204f6cde4-dg-1ed7ad1ed3c8-000017,0537884e9b9f33c263bb6a4933ce1919be598db8c9752ebb1d1fab832a06634d,source,anomaly,toolhead_collision,collision_x-min,20260906T033116Z-0586ff9054959f9204f6cde4,1,934,125.05339813232422,1,108.49433135986328,1
section_00_test_000064.wav,20260906T085412Z-5489b83342d7e2fba29031b6-dg-d0b7d9918dfc-000056,adc7ca805a3930faf6be82c30db99a5605cc1689108db85ce964c782eaf176ba,source,anomaly,toolhead_collision,collision_x-max,20260906T085412Z-5489b83342d7e2fba29031b6,1,934,128.419189453125,1,101.73963165283203,1
section_00_test_000065.wav,20260906T092852Z-b2f259b9c6ca413c5493d6af-dg-2cdedaa876a9-000002,d98dbf0ff72d3974ece806d4493a9e3f1b998537cb15b757fda2f0d26c75b29f,source,anomaly,toolhead_collision,collision_y-max,20260906T092852Z-b2f259b9c6ca413c5493d6af,1,934,109.92676544189453,1,108.9122085571289,1
section_00_test_000066.wav,20260906T092852Z-b2f259b9c6ca413c5493d6af-dg-2cdedaa876a9-000034,42ce949878a9144316c5b4efcde37b4256c6477148e9c0f0c8c5764c1d58b6e9,source,anomaly,toolhead_collision,collision_y-max,20260906T092852Z-b2f259b9c6ca413c5493d6af,1,934,92.15608215332031,1,87.04650115966797,1
section_00_test_000067.wav,20260906T100342Z-59979407ad61cc09639d1b0a-dg-f7f1015b587b-000019,caf816b45b146c1b0356adffe547d27947038a13381d652101f4950b5ece9feb,source,anomaly,toolhead_collision,collision_x-min-y-max,20260906T100342Z-59979407ad61cc09639d1b0a,1,934,119.98876953125,1,87.08811950683594,1
section_00_test_000068.wav,20260906T104126Z-e58f1f7c38bf0a54c280b3ef-dg-8f4af5b2f3d9-000085,97994a855be2c638a8c8d58fd5ebea8b2a82d6cb4c0149db54eff9388b4339ef,source,anomaly,toolhead_collision,collision_x-max-y-max,20260906T104126Z-e58f1f7c38bf0a54c280b3ef,1,934,128.98110961914062,1,102.64649200439453,1
section_00_test_000069.wav,20260906T131853Z-2be35f053fd4b32b11ffc479-dg-47d95fda2175-000021,26ab587c961ba6eed03711df9fbea33085acdb5fc0ee3811e0f4ab4053385fa9,source,anomaly,cooling_fan_fault,cooling_fan_fault,20260906T131853Z-2be35f053fd4b32b11ffc479,1,934,21.110458374023438,1,3.872232675552368,1
section_00_test_000070.wav,20260906T131853Z-2be35f053fd4b32b11ffc479-dg-47d95fda2175-000027,54d0bcb2e8638f3fd135c4d68698e886441eeeea818f27d11ba65deeccca4518,source,anomaly,cooling_fan_fault,cooling_fan_fault,20260906T131853Z-2be35f053fd4b32b11ffc479,1,934,21.16220474243164,1,4.056748390197754,1
section_00_test_000071.wav,20260906T131853Z-2be35f053fd4b32b11ffc479-dg-47d95fda2175-000119,9a148b0e0b6d9e044c7e882e425cb428e0c2330dfef5ae99de50582dac25ceb4,source,anomaly,cooling_fan_fault,cooling_fan_fault,20260906T131853Z-2be35f053fd4b32b11ffc479,1,934,25.14065170288086,1,5.273104190826416,1
section_00_test_000072.wav,20260906T131853Z-2be35f053fd4b32b11ffc479-dg-47d95fda2175-000127,c265285e967149158dd7a6f3eef55acfac5c5aa9dbca520faea4b36e8acb54db,source,anomaly,cooling_fan_fault,cooling_fan_fault,20260906T131853Z-2be35f053fd4b32b11ffc479,1,934,25.39757537841797,1,5.412444591522217,1
section_00_test_000073.wav,20260906T131853Z-2be35f053fd4b32b11ffc479-dg-47d95fda2175-000155,2c58eafc4689e1802a370ba7eb005b0d4ce666939afce687c7bf677964550e01,source,anomaly,cooling_fan_fault,cooling_fan_fault,20260906T131853Z-2be35f053fd4b32b11ffc479,1,934,25.341047286987305,1,5.561368942260742,1
section_00_test_000074.wav,20260906T131853Z-2be35f053fd4b32b11ffc479-dg-47d95fda2175-000157,78177ab50893c9f1582191afc839579d9cc157aa418168a44966cc4e81d3d9eb,source,anomaly,cooling_fan_fault,cooling_fan_fault,20260906T131853Z-2be35f053fd4b32b11ffc479,1,934,24.617887496948242,1,4.640228748321533,1
section_00_test_000075.wav,20260905T050107Z-563e5602acd70612935e3840-dg-d53fa15b5842-000104,711bf9e35bb71a59eb30cb525a682e301064c1356e7ea7c0cfead15438966366,source,anomaly,belt_tension_abnormal,belt_b,20260905T050107Z-563e5602acd70612935e3840,3,934,13.117218017578125,0,0.4650655686855316,1
section_00_test_000076.wav,20260905T050107Z-563e5602acd70612935e3840-dg-d53fa15b5842-000235,d5332382fb692345f48646bea7bb18f6d6286b2c2e85ed229a57713d0e189520,source,anomaly,belt_tension_abnormal,belt_b,20260905T050107Z-563e5602acd70612935e3840,3,934,13.053960800170898,0,0.41038817167282104,1
section_00_test_000077.wav,20260905T065117Z-ff4c5a98a32203bfe9f91cab-dg-83942617f0a8-000037,66a57ee20b1d33d15ca811c52ed1eda63e018f513539323f77ef662fe0edb8d7,source,anomaly,belt_tension_abnormal,belt_a_b,20260905T065117Z-ff4c5a98a32203bfe9f91cab,3,934,13.157870292663574,0,0.6650635004043579,1
section_00_test_000078.wav,20260905T065117Z-ff4c5a98a32203bfe9f91cab-dg-83942617f0a8-000061,290371f34ed94b3d9ce955ae416c16136a15ec12abd96db6be85fc7461db5032,source,anomaly,belt_tension_abnormal,belt_a_b,20260905T065117Z-ff4c5a98a32203bfe9f91cab,3,934,13.156606674194336,0,1.0560402870178223,1
section_00_test_000079.wav,20260905T091955Z-0ec9ac6a2a604ed98ae7628a-dg-46b0b9c346d2-000120,3b5f2ca04163a4a46a4a8619696f424bcf0abc4c873baa6c322053af914601dd,source,anomaly,belt_tension_abnormal,belt_a,20260905T091955Z-0ec9ac6a2a604ed98ae7628a,3,934,12.981465339660645,0,0.6371501684188843,1
section_00_test_000080.wav,20260905T091955Z-0ec9ac6a2a604ed98ae7628a-dg-46b0b9c346d2-000163,0dc24f2c0dab1a44bc8aa836ad8430fec7e39f52f5e946af00963472ebdc7c9a,source,anomaly,belt_tension_abnormal,belt_a,20260905T091955Z-0ec9ac6a2a604ed98ae7628a,3,934,12.719427108764648,0,0.2011430859565735,1
section_00_test_000081.wav,20260905T145828Z-e26ab8e484b6efbd52f1acc1-dg-08aae5bf848d-000029,dc9d6732f505664309c599e399ef831672f0af9131879c4d4fbcc305cf0e1870,source,anomaly,extruder_cogging_or_no_extrusion,extruder_cogging_or_no_extrusion,20260905T145828Z-e26ab8e484b6efbd52f1acc1,3,934,13.907410621643066,0,0.7649248242378235,1
section_00_test_000082.wav,20260905T145828Z-e26ab8e484b6efbd52f1acc1-dg-08aae5bf848d-000041,980667ae1767d20752ac52493dd24b7ed661ba0a5f58e30e27e0e461ab66d112,source,anomaly,extruder_cogging_or_no_extrusion,extruder_cogging_or_no_extrusion,20260905T145828Z-e26ab8e484b6efbd52f1acc1,3,934,14.207925796508789,0,0.9576290845870972,1
section_00_test_000083.wav,20260905T145828Z-e26ab8e484b6efbd52f1acc1-dg-08aae5bf848d-000055,332342b880b1eaefc027624c2d56703bfd1a476b61cfdba05a519158c2f59d85,source,anomaly,extruder_cogging_or_no_extrusion,extruder_cogging_or_no_extrusion,20260905T145828Z-e26ab8e484b6efbd52f1acc1,3,934,14.589420318603516,0,1.1550912857055664,1
section_00_test_000084.wav,20260905T145828Z-e26ab8e484b6efbd52f1acc1-dg-08aae5bf848d-000072,54b26a170ef289be72e588ea6f84abbfb9e75f8b4cd6125392adc86f5a818770,source,anomaly,extruder_cogging_or_no_extrusion,extruder_cogging_or_no_extrusion,20260905T145828Z-e26ab8e484b6efbd52f1acc1,3,934,14.548532485961914,0,0.7888358235359192,1
section_00_test_000085.wav,20260905T145828Z-e26ab8e484b6efbd52f1acc1-dg-08aae5bf848d-000143,dffa464ab6cba721e729898dae3007c56f5ecbf3786585decdfd1cc3994f0148,source,anomaly,extruder_cogging_or_no_extrusion,extruder_cogging_or_no_extrusion,20260905T145828Z-e26ab8e484b6efbd52f1acc1,3,934,14.819360733032227,1,0.9838269948959351,1
section_00_test_000086.wav,20260905T145828Z-e26ab8e484b6efbd52f1acc1-dg-08aae5bf848d-000254,eaab5b4748d605738f0a5be4c846382ef2f9785a8b7e14ff784a270ec6537a28,source,anomaly,extruder_cogging_or_no_extrusion,extruder_cogging_or_no_extrusion,20260905T145828Z-e26ab8e484b6efbd52f1acc1,3,934,15.783674240112305,1,1.0566326379776,1
section_00_test_000087.wav,20260906T033116Z-0586ff9054959f9204f6cde4-dg-1ed7ad1ed3c8-000040,4988fdb9ed74eb4cf88b70a1fdebe5dca06f35b98e74c06c0b9d589318198182,source,anomaly,toolhead_collision,collision_x-min,20260906T033116Z-0586ff9054959f9204f6cde4,3,934,439.771728515625,1,372.5380859375,1
section_00_test_000088.wav,20260906T033116Z-0586ff9054959f9204f6cde4-dg-1ed7ad1ed3c8-000133,7a00780155073b247ba2650cea9779fcf37f37041c607a6624535a14bd459773,source,anomaly,toolhead_collision,collision_x-min,20260906T033116Z-0586ff9054959f9204f6cde4,3,934,419.51171875,1,374.93121337890625,1
section_00_test_000089.wav,20260906T085412Z-5489b83342d7e2fba29031b6-dg-d0b7d9918dfc-000083,7b0edceeec0c90d22e21aa41d7e5ecf2ba5596bb67005976bdbe860b30da8ff0,source,anomaly,toolhead_collision,collision_x-max,20260906T085412Z-5489b83342d7e2fba29031b6,3,934,487.2074890136719,1,427.2427673339844,1
section_00_test_000090.wav,20260906T092852Z-b2f259b9c6ca413c5493d6af-dg-2cdedaa876a9-000080,36214262f72f204af391e45ab0b1d16d01afdd076d04e95804d0aaddc7f4cd35,source,anomaly,toolhead_collision,collision_y-max,20260906T092852Z-b2f259b9c6ca413c5493d6af,3,934,224.7669677734375,1,209.09385681152344,1
section_00_test_000091.wav,20260906T100342Z-59979407ad61cc09639d1b0a-dg-f7f1015b587b-000082,26639fe576e625dc262d0c1e54ec2de597560f2de96fc31b254124d075801103,source,anomaly,toolhead_collision,collision_x-min-y-max,20260906T100342Z-59979407ad61cc09639d1b0a,3,934,450.1065368652344,1,366.6372375488281,1
section_00_test_000092.wav,20260906T104126Z-e58f1f7c38bf0a54c280b3ef-dg-8f4af5b2f3d9-000007,300806612773be5835c83355d8d29895f136c58c3bc05aa38f16164d9294f36e,source,anomaly,toolhead_collision,collision_x-max-y-max,20260906T104126Z-e58f1f7c38bf0a54c280b3ef,3,934,386.3446350097656,1,324.5943908691406,1
section_00_test_000093.wav,20260906T104126Z-e58f1f7c38bf0a54c280b3ef-dg-8f4af5b2f3d9-000055,a547a590b18de58a8cba04e41f93e81c60485d25f216c0f5f1a26af530d990ef,source,anomaly,toolhead_collision,collision_x-max-y-max,20260906T104126Z-e58f1f7c38bf0a54c280b3ef,3,934,450.4414978027344,1,377.4178771972656,1
section_00_test_000094.wav,20260906T131853Z-2be35f053fd4b32b11ffc479-dg-47d95fda2175-000052,42dfc1411d25985010142ffafbeb93d520cc7cd837338f7c4d80eefcf2d454b1,source,anomaly,cooling_fan_fault,cooling_fan_fault,20260906T131853Z-2be35f053fd4b32b11ffc479,3,934,15.665748596191406,1,3.4357244968414307,1
section_00_test_000095.wav,20260906T131853Z-2be35f053fd4b32b11ffc479-dg-47d95fda2175-000067,8323c90e6309994ed404351e556f73f4dd02137612ebc7afb1b20c2120ef1bff,source,anomaly,cooling_fan_fault,cooling_fan_fault,20260906T131853Z-2be35f053fd4b32b11ffc479,3,934,16.481029510498047,1,4.032809257507324,1
section_00_test_000096.wav,20260906T131853Z-2be35f053fd4b32b11ffc479-dg-47d95fda2175-000075,41b3065cd9034b500df243e3bb19ead2929d6ec82eb940f55b534433c6b7b96a,source,anomaly,cooling_fan_fault,cooling_fan_fault,20260906T131853Z-2be35f053fd4b32b11ffc479,3,934,16.607656478881836,1,3.7181878089904785,1
section_00_test_000097.wav,20260906T131853Z-2be35f053fd4b32b11ffc479-dg-47d95fda2175-000174,576628f0fd1595c612900d2b88be20f77a4ef9237423cccbe2191b7db1b73896,source,anomaly,cooling_fan_fault,cooling_fan_fault,20260906T131853Z-2be35f053fd4b32b11ffc479,3,934,16.580238342285156,1,2.8528339862823486,1
section_00_test_000098.wav,20260906T131853Z-2be35f053fd4b32b11ffc479-dg-47d95fda2175-000228,020db5dde58ccd778d8796deecea28fb6addc508f796457d72603c1da5b89756,source,anomaly,cooling_fan_fault,cooling_fan_fault,20260906T131853Z-2be35f053fd4b32b11ffc479,3,934,15.960893630981445,1,2.5603277683258057,1
section_00_test_000099.wav,20260906T131853Z-2be35f053fd4b32b11ffc479-dg-47d95fda2175-000271,ccb28c4969bc3cf10e570cf9da7bfa9340a01a0b112475401998d9d741e3cde9,source,anomaly,cooling_fan_fault,cooling_fan_fault,20260906T131853Z-2be35f053fd4b32b11ffc479,3,934,16.716794967651367,1,2.8398642539978027,1
section_00_test_000100.wav,20260901T121731Z-020668b2ab27545a85760cd4-dg-6acd63300299-000004,e7ce50ff4253d4bedf96b32339e2c5bb569c72d5f6a98790e7d0e5433fcaa44e,source,normal,none,none,20260901T121731Z-020668b2ab27545a85760cd4,1,934,14.662367820739746,1,5.880987644195557,1
section_00_test_000101.wav,20260901T121731Z-020668b2ab27545a85760cd4-dg-6acd63300299-000017,a2a5e8123ef4a4094d97235b40e6cf6e49b72778279012335c2e762f1a21ca51,source,normal,none,none,20260901T121731Z-020668b2ab27545a85760cd4,1,934,14.171353340148926,0,1.3406412601470947,1
section_00_test_000102.wav,20260901T121731Z-020668b2ab27545a85760cd4-dg-6acd63300299-000022,c07a7f25243ea2ff589152df2e759146b952f744486dc1333235d6467fafee00,source,normal,none,none,20260901T121731Z-020668b2ab27545a85760cd4,1,934,13.945295333862305,0,2.215404987335205,1
section_00_test_000103.wav,20260901T121731Z-020668b2ab27545a85760cd4-dg-6acd63300299-000023,2417a5c1cd0fae756c3adcee045f123db0ac4cb1d3a64d8aa539c4c61ff42db1,source,normal,none,none,20260901T121731Z-020668b2ab27545a85760cd4,1,934,13.657659530639648,0,1.199283480644226,1
section_00_test_000104.wav,20260901T121731Z-020668b2ab27545a85760cd4-dg-6acd63300299-000033,7e95a6e7254e4640ae26785bd63d56d0b1fe53812ab81e90ea970e32c8152301,source,normal,none,none,20260901T121731Z-020668b2ab27545a85760cd4,1,934,13.532488822937012,0,1.1852813959121704,1
section_00_test_000105.wav,20260901T121731Z-020668b2ab27545a85760cd4-dg-6acd63300299-000041,62146f2228c87537735a943c042a33a93148b182f59ae9b294f902a37c291e57,source,normal,none,none,20260901T121731Z-020668b2ab27545a85760cd4,1,934,14.142077445983887,0,2.6356749534606934,1
section_00_test_000106.wav,20260901T121731Z-020668b2ab27545a85760cd4-dg-6acd63300299-000047,1b7e7e0c5db5d124087ef560fe9e3265e0906568ea9c9c63406e53d451c0a2a0,source,normal,none,none,20260901T121731Z-020668b2ab27545a85760cd4,1,934,13.645967483520508,0,1.4973888397216797,1
section_00_test_000107.wav,20260901T121731Z-020668b2ab27545a85760cd4-dg-6acd63300299-000065,6dc119408b04dbdf7c2228a678ec1db0ad573699c3c8990fbcec50f7be13d94e,source,normal,none,none,20260901T121731Z-020668b2ab27545a85760cd4,1,934,13.645315170288086,0,1.1786885261535645,1
section_00_test_000108.wav,20260901T121731Z-020668b2ab27545a85760cd4-dg-6acd63300299-000104,c6f3836ab69aaa5fb564ed0a5f6bddf453dadf320765d3d3377a0b30b3294216,source,normal,none,none,20260901T121731Z-020668b2ab27545a85760cd4,1,934,13.251806259155273,0,0.6574429869651794,1
section_00_test_000109.wav,20260901T121731Z-020668b2ab27545a85760cd4-dg-6acd63300299-000116,b1c948a8126be0793c37c120106e99e371d2c73f3f3482f4abafb2ba14f65c8d,source,normal,none,none,20260901T121731Z-020668b2ab27545a85760cd4,1,934,13.093901634216309,0,0.3721774220466614,1
section_00_test_000110.wav,20260901T121731Z-020668b2ab27545a85760cd4-dg-6acd63300299-000127,439c1dc46c755b0ac1184c835e3916a5eab1899f6fdb84a105b0f8bc439b8dd1,source,normal,none,none,20260901T121731Z-020668b2ab27545a85760cd4,1,934,13.77927303314209,0,2.7356860637664795,1
section_00_test_000111.wav,20260901T121731Z-020668b2ab27545a85760cd4-dg-6acd63300299-000132,7770dfccecaded9cb7b24c5fd3877c57a6aa2e6ba5e69753a326232bda1e5204,source,normal,none,none,20260901T121731Z-020668b2ab27545a85760cd4,1,934,13.244461059570312,0,0.8718289732933044,1
section_00_test_000112.wav,20260901T121731Z-020668b2ab27545a85760cd4-dg-6acd63300299-000137,19567da012129c05e9a251e3d41c901fbaffd705a9f2dcf2aa9d4910a40994c3,source,normal,none,none,20260901T121731Z-020668b2ab27545a85760cd4,1,934,13.777141571044922,0,2.377405881881714,1
section_00_test_000113.wav,20260901T121731Z-020668b2ab27545a85760cd4-dg-6acd63300299-000149,485c4eaa9ae40312904eeeaa4799a653c5cb4f3fb8858bd8a0c40bcbf6546e3c,source,normal,none,none,20260901T121731Z-020668b2ab27545a85760cd4,1,934,13.175200462341309,0,0.6772317886352539,1
section_00_test_000114.wav,20260901T121731Z-020668b2ab27545a85760cd4-dg-6acd63300299-000158,9ac3b24127c0e669820ad51ed744395c01811dd5cd8dfaf46aba839b57e8c0b0,source,normal,none,none,20260901T121731Z-020668b2ab27545a85760cd4,1,934,13.795867919921875,0,1.724395513534546,1
section_00_test_000115.wav,20260901T121731Z-020668b2ab27545a85760cd4-dg-6acd63300299-000165,0a5117e264a8b30c323e9b48b9be6a29533bb7639243d1514794a61a3a175603,source,normal,none,none,20260901T121731Z-020668b2ab27545a85760cd4,1,934,13.382028579711914,0,0.5916439294815063,1
section_00_test_000116.wav,20260901T121731Z-020668b2ab27545a85760cd4-dg-6acd63300299-000167,24d7dca95bf1b96c5705580d7d706dae2994ee2e692ccdafdf802d9f5ccb67d5,source,normal,none,none,20260901T121731Z-020668b2ab27545a85760cd4,1,934,13.955182075500488,0,2.8032360076904297,1
section_00_test_000117.wav,20260901T121731Z-020668b2ab27545a85760cd4-dg-6acd63300299-000174,425c210190b0bfa3d04ba878540b3782b582c7246d4d4bc679353ecd18212ffb,source,normal,none,none,20260901T121731Z-020668b2ab27545a85760cd4,1,934,13.055459976196289,0,0.40458446741104126,1
section_00_test_000118.wav,20260901T121731Z-020668b2ab27545a85760cd4-dg-6acd63300299-000198,5307ea803b64c5fbc83b3a4411f8b5d1c6922aec6eef3ed647b81e1cb986ef61,source,normal,none,none,20260901T121731Z-020668b2ab27545a85760cd4,1,934,13.683048248291016,0,0.9026204943656921,1
section_00_test_000119.wav,20260901T121731Z-020668b2ab27545a85760cd4-dg-6acd63300299-000208,d9c21482e0558927ff9500c79c7e1c7b949172337fde7da7aaf5d6da6aa5e24f,source,normal,none,none,20260901T121731Z-020668b2ab27545a85760cd4,1,934,13.263786315917969,0,0.5001537203788757,1
section_00_test_000120.wav,20260901T121731Z-020668b2ab27545a85760cd4-dg-6acd63300299-000212,2d8d05787037438b061a639bda4e42ad0c54f5b0834d64ed0c37b04e202d906c,source,normal,none,none,20260901T121731Z-020668b2ab27545a85760cd4,1,934,14.639227867126465,1,5.000457763671875,1
section_00_test_000121.wav,20260901T121731Z-020668b2ab27545a85760cd4-dg-6acd63300299-000229,020bf6a8f6e247bb6f21648ca0a645fbe5e39d10ad9591f84e6818c98f75a39a,source,normal,none,none,20260901T121731Z-020668b2ab27545a85760cd4,1,934,13.888314247131348,0,1.870937705039978,1
section_00_test_000122.wav,20260901T121731Z-020668b2ab27545a85760cd4-dg-6acd63300299-000255,c98e5cc581f049eaef1333b427ce799d85f23f4c0440a8785d8886a8564acc34,source,normal,none,none,20260901T121731Z-020668b2ab27545a85760cd4,1,934,13.325509071350098,0,0.3697534203529358,1
section_00_test_000123.wav,20260901T121731Z-020668b2ab27545a85760cd4-dg-6acd63300299-000270,6445b3956344c2d7f605fc309102e2612c7434d445dfcbda169bc923ce2ad99a,source,normal,none,none,20260901T121731Z-020668b2ab27545a85760cd4,1,934,13.3277587890625,0,0.8679111003875732,1
section_00_test_000124.wav,20260901T121731Z-020668b2ab27545a85760cd4-dg-6acd63300299-000312,f7894e197d6951415ec57c120b851c4a8c8f8f9f4f3a47429e2e78e25ee27be7,source,normal,none,none,20260901T121731Z-020668b2ab27545a85760cd4,1,934,13.616740226745605,0,0.9837497472763062,1
section_00_test_000125.wav,20260901T121731Z-020668b2ab27545a85760cd4-dg-6acd63300299-000002,8443b51ac63a20f75f7bfdcfb82cec5bf4313a8fa844a0003309692edaa7a731,source,normal,none,none,20260901T121731Z-020668b2ab27545a85760cd4,3,934,21.65000343322754,1,6.926436424255371,1
section_00_test_000126.wav,20260901T121731Z-020668b2ab27545a85760cd4-dg-6acd63300299-000019,d431945cb08457e82edc830483f4244215c1226609cf952ecc3394dcf44767c3,source,normal,none,none,20260901T121731Z-020668b2ab27545a85760cd4,3,934,12.716670989990234,0,0.9732770323753357,1
section_00_test_000127.wav,20260901T121731Z-020668b2ab27545a85760cd4-dg-6acd63300299-000027,b267d4bcfa9e02c37b74a4c476e968a5628c5c75eb525401a5a8dc576ae733cb,source,normal,none,none,20260901T121731Z-020668b2ab27545a85760cd4,3,934,13.077383041381836,0,1.235620141029358,1
section_00_test_000128.wav,20260901T121731Z-020668b2ab27545a85760cd4-dg-6acd63300299-000028,912ec84d293396705fb5484f72b8d73634bdd15515267900fadc989e21a8e529,source,normal,none,none,20260901T121731Z-020668b2ab27545a85760cd4,3,934,13.11292839050293,0,1.1947309970855713,1
section_00_test_000129.wav,20260901T121731Z-020668b2ab27545a85760cd4-dg-6acd63300299-000055,950978f5826642a4d4baf9131cfa55998622f376f74746fd2c40d8d9a9d20e40,source,normal,none,none,20260901T121731Z-020668b2ab27545a85760cd4,3,934,13.0598783493042,0,1.2566063404083252,1
section_00_test_000130.wav,20260901T121731Z-020668b2ab27545a85760cd4-dg-6acd63300299-000068,4ed8312eb6ce917928b51a0afdf5ab32bc65947d7af765766af68e11e024954a,source,normal,none,none,20260901T121731Z-020668b2ab27545a85760cd4,3,934,12.976701736450195,0,0.8475828766822815,1
section_00_test_000131.wav,20260901T121731Z-020668b2ab27545a85760cd4-dg-6acd63300299-000084,0f87ce427e582f99bdf1d28c62503f61008c7bc8ae6a4df991cd251188c0e881,source,normal,none,none,20260901T121731Z-020668b2ab27545a85760cd4,3,934,12.82930850982666,0,0.658850371837616,1
section_00_test_000132.wav,20260901T121731Z-020668b2ab27545a85760cd4-dg-6acd63300299-000092,38bb59c9a4a3b10e0faea33d4b55130d940613c6b84752651a221952ac480c6e,source,normal,none,none,20260901T121731Z-020668b2ab27545a85760cd4,3,934,13.232404708862305,0,0.9704797863960266,1
section_00_test_000133.wav,20260901T121731Z-020668b2ab27545a85760cd4-dg-6acd63300299-000108,30d9774dcc4a56de5dc8a1b03e6301fa7ce49385f236c6404daa7aee1ee821c3,source,normal,none,none,20260901T121731Z-020668b2ab27545a85760cd4,3,934,12.718888282775879,0,0.4111288785934448,1
section_00_test_000134.wav,20260901T121731Z-020668b2ab27545a85760cd4-dg-6acd63300299-000123,39d6b98fad2b3562e1177a1ed93b7e0ff4bd54b53a843ec2582df4773ae695eb,source,normal,none,none,20260901T121731Z-020668b2ab27545a85760cd4,3,934,12.506216049194336,0,0.30767953395843506,1
section_00_test_000135.wav,20260901T121731Z-020668b2ab27545a85760cd4-dg-6acd63300299-000125,b0ee26fd622cecd55f93086fd16119faeffc73502493b127cce81d216ca4b769,source,normal,none,none,20260901T121731Z-020668b2ab27545a85760cd4,3,934,12.430572509765625,0,0.21841394901275635,1
section_00_test_000136.wav,20260901T121731Z-020668b2ab27545a85760cd4-dg-6acd63300299-000129,9140f192eb3b2456efe51db07ced7b4eeae34784b733f6d6260e3549c34725b3,source,normal,none,none,20260901T121731Z-020668b2ab27545a85760cd4,3,934,12.780735969543457,0,0.9636944532394409,1
section_00_test_000137.wav,20260901T121731Z-020668b2ab27545a85760cd4-dg-6acd63300299-000155,c5c00cfa279849699d6e5da6f9e066e0366482ab122345b37952c3a488ec832f,source,normal,none,none,20260901T121731Z-020668b2ab27545a85760cd4,3,934,12.826510429382324,0,1.1632827520370483,1
section_00_test_000138.wav,20260901T121731Z-020668b2ab27545a85760cd4-dg-6acd63300299-000159,8444f529abb4bb63e7f4fde1e88f62e7429102c7506abe80ecdf07b66bccd37a,source,normal,none,none,20260901T121731Z-020668b2ab27545a85760cd4,3,934,12.65067195892334,0,0.7508230805397034,1
section_00_test_000139.wav,20260901T121731Z-020668b2ab27545a85760cd4-dg-6acd63300299-000164,2c20572b7366cdcd1366d5b747ff772f60e7bbc521bba6990a00be127e237028,source,normal,none,none,20260901T121731Z-020668b2ab27545a85760cd4,3,934,12.603094100952148,0,0.19904179871082306,1
section_00_test_000140.wav,20260901T121731Z-020668b2ab27545a85760cd4-dg-6acd63300299-000172,e13e4bb126f8911108cdb5c74625717e224cc6ac6994f3178e534dc179fda30c,source,normal,none,none,20260901T121731Z-020668b2ab27545a85760cd4,3,934,12.743547439575195,0,0.42843204736709595,1
section_00_test_000141.wav,20260901T121731Z-020668b2ab27545a85760cd4-dg-6acd63300299-000193,7da9824d7c90c495a12b6a99a5baa5c7a5da2703c1923b6a81fad0f3f4ddd8f5,source,normal,none,none,20260901T121731Z-020668b2ab27545a85760cd4,3,934,12.920352935791016,0,1.474820852279663,1
section_00_test_000142.wav,20260901T121731Z-020668b2ab27545a85760cd4-dg-6acd63300299-000225,0b489a56366d5e6073d84649c488162a10e43c3710be401e20207acd62ff1f98,source,normal,none,none,20260901T121731Z-020668b2ab27545a85760cd4,3,934,12.714194297790527,0,0.37373900413513184,1
section_00_test_000143.wav,20260901T121731Z-020668b2ab27545a85760cd4-dg-6acd63300299-000242,afc5821dfbe22dc57d300b474222faf8c4a83601fe810504c31e3756a914cb38,source,normal,none,none,20260901T121731Z-020668b2ab27545a85760cd4,3,934,12.661730766296387,0,0.32897764444351196,1
section_00_test_000144.wav,20260901T121731Z-020668b2ab27545a85760cd4-dg-6acd63300299-000245,08e9cfed7c54fd25a4fd02ea90e23095597403c659ac1f6f6ccf1659c8e3fe1f,source,normal,none,none,20260901T121731Z-020668b2ab27545a85760cd4,3,934,13.49423599243164,0,2.049313545227051,1
section_00_test_000145.wav,20260901T121731Z-020668b2ab27545a85760cd4-dg-6acd63300299-000259,5af8acb5a5710191764250adab231f289fe5e2489614d040bf67ae535fff2cbe,source,normal,none,none,20260901T121731Z-020668b2ab27545a85760cd4,3,934,12.681798934936523,0,0.4156266748905182,1
section_00_test_000146.wav,20260901T121731Z-020668b2ab27545a85760cd4-dg-6acd63300299-000260,f970addf272d6250f8280e25e3a955aa0746205e88194e2a6ae3a3119ee28cb4,source,normal,none,none,20260901T121731Z-020668b2ab27545a85760cd4,3,934,13.057281494140625,0,0.49646204710006714,1
section_00_test_000147.wav,20260901T121731Z-020668b2ab27545a85760cd4-dg-6acd63300299-000263,3a821b8585f78b3143f3b3faf03d0518c4170418321c9a8af0680807bdebad1c,source,normal,none,none,20260901T121731Z-020668b2ab27545a85760cd4,3,934,12.855992317199707,0,0.5418046116828918,1
section_00_test_000148.wav,20260901T121731Z-020668b2ab27545a85760cd4-dg-6acd63300299-000285,ba8a64243dc8da214f82f84b295782b3edbc17fbe861765de4a3e39c46605787,source,normal,none,none,20260901T121731Z-020668b2ab27545a85760cd4,3,934,12.759912490844727,0,0.2560255825519562,1
section_00_test_000149.wav,20260901T121731Z-020668b2ab27545a85760cd4-dg-6acd63300299-000305,5b39a8fbce94647776671ec450dfa569317447710e959e5121657f45602f3b15,source,normal,none,none,20260901T121731Z-020668b2ab27545a85760cd4,3,934,12.986536026000977,0,0.685198962688446,1
section_00_test_000150.wav,20260904T181815Z-34f9bd77290592aace48ae82-dg-615b3981072d-000004,1fb0be8f891c623dd376838aea16eb57da202336f8a9c19dcba8c4dada9108d7,source,normal,none,none,20260904T181815Z-34f9bd77290592aace48ae82,1,934,13.421345710754395,0,1.5818443298339844,1
section_00_test_000151.wav,20260904T181815Z-34f9bd77290592aace48ae82-dg-615b3981072d-000011,e277f89ecaf0810356ff31b5bc941878f612822417ad94ed494623f9bb048dc9,source,normal,none,none,20260904T181815Z-34f9bd77290592aace48ae82,1,934,13.47268009185791,0,1.4888547658920288,1
section_00_test_000152.wav,20260904T181815Z-34f9bd77290592aace48ae82-dg-615b3981072d-000053,0dd1e3b0f7f12bc0608aec68ae5f98697d8ca0bc11401171b860ac680da014aa,source,normal,none,none,20260904T181815Z-34f9bd77290592aace48ae82,1,934,13.96090030670166,0,0.804168164730072,1
section_00_test_000153.wav,20260904T181815Z-34f9bd77290592aace48ae82-dg-615b3981072d-000058,f7df4c8054c721cff581a0f9ce45ab7a9d3bc9f069b4fb22fbba054e5f1ff9e5,source,normal,none,none,20260904T181815Z-34f9bd77290592aace48ae82,1,934,13.711431503295898,0,0.8091527223587036,1
section_00_test_000154.wav,20260904T181815Z-34f9bd77290592aace48ae82-dg-615b3981072d-000069,f4e969dc8f5ca541e4e0d148aaade96bdf9e37ba5e5115f883b80ff78f4a5063,source,normal,none,none,20260904T181815Z-34f9bd77290592aace48ae82,1,934,13.884245872497559,0,0.7274301052093506,1
section_00_test_000155.wav,20260904T181815Z-34f9bd77290592aace48ae82-dg-615b3981072d-000108,95f57ecacbfb676de730e6b39c1b44c7dab78d26e5005af774cdc43043edb31a,source,normal,none,none,20260904T181815Z-34f9bd77290592aace48ae82,1,934,13.95097827911377,0,1.0061757564544678,1
section_00_test_000156.wav,20260904T181815Z-34f9bd77290592aace48ae82-dg-615b3981072d-000142,73f4ea06d76eb91093c798bcd1030df3aceca29f4844e8a29ed83090d32c99c1,source,normal,none,none,20260904T181815Z-34f9bd77290592aace48ae82,1,934,13.569069862365723,0,0.6608301997184753,1
section_00_test_000157.wav,20260904T181815Z-34f9bd77290592aace48ae82-dg-615b3981072d-000156,72fdc6ba9c101d63e70943c918e9bbd171206b11f71e19a281063ec5985b6d07,source,normal,none,none,20260904T181815Z-34f9bd77290592aace48ae82,1,934,14.051390647888184,0,0.8605747222900391,1
section_00_test_000158.wav,20260904T181815Z-34f9bd77290592aace48ae82-dg-615b3981072d-000161,8878bfc36e3892909bc18ac8dc11d7b1e977fd5ec13ef2c3e38ed18175fb1306,source,normal,none,none,20260904T181815Z-34f9bd77290592aace48ae82,1,934,13.872923851013184,0,1.149010419845581,1
section_00_test_000159.wav,20260904T181815Z-34f9bd77290592aace48ae82-dg-615b3981072d-000174,efc1f41c01d6014edcc187791426e020ce945f1d13a9808865b3a5260dcd7739,source,normal,none,none,20260904T181815Z-34f9bd77290592aace48ae82,1,934,13.819954872131348,0,0.5549553036689758,1
section_00_test_000160.wav,20260904T181815Z-34f9bd77290592aace48ae82-dg-615b3981072d-000175,a0ac8dd782c88151c042dbd9d0dd6ae8df1c565d4ce7445c5c50feee1ece16d7,source,normal,none,none,20260904T181815Z-34f9bd77290592aace48ae82,1,934,13.843416213989258,0,0.6313032507896423,1
section_00_test_000161.wav,20260904T181815Z-34f9bd77290592aace48ae82-dg-615b3981072d-000181,a274312c30e9b76b4e3c2278d71ef25d879ea30e4fd68c1c342855a199e8d8b7,source,normal,none,none,20260904T181815Z-34f9bd77290592aace48ae82,1,934,13.746872901916504,0,0.73171067237854,1
section_00_test_000162.wav,20260904T181815Z-34f9bd77290592aace48ae82-dg-615b3981072d-000185,f8495d4ccfd8edc3881e73b769305a613e78fd5932ea4ec86b1986c0039298d0,source,normal,none,none,20260904T181815Z-34f9bd77290592aace48ae82,1,934,13.71353816986084,0,0.6595550179481506,1
section_00_test_000163.wav,20260904T181815Z-34f9bd77290592aace48ae82-dg-615b3981072d-000201,74cfda949064d9cd3b04843325ab57fffb04b6cee9a5c11d6e334ab7aa4e70e3,source,normal,none,none,20260904T181815Z-34f9bd77290592aace48ae82,1,934,13.978439331054688,0,0.7579032778739929,1
section_00_test_000164.wav,20260904T181815Z-34f9bd77290592aace48ae82-dg-615b3981072d-000203,cfdf3a3fceb4f8fb08767bf9a24f81c21527c6a6dd1d556d1158c4d7a69b20f4,source,normal,none,none,20260904T181815Z-34f9bd77290592aace48ae82,1,934,13.996880531311035,0,0.8168438076972961,1
section_00_test_000165.wav,20260904T181815Z-34f9bd77290592aace48ae82-dg-615b3981072d-000207,3143c28f194df216eb317c4ae32c8816f8a5275669c374aa775be8c30e617194,source,normal,none,none,20260904T181815Z-34f9bd77290592aace48ae82,1,934,13.978852272033691,0,0.7319644093513489,1
section_00_test_000166.wav,20260904T181815Z-34f9bd77290592aace48ae82-dg-615b3981072d-000210,336f4a80c4eb0d88b568a35900b321cadc489b2e21ba6620ef794773613276c0,source,normal,none,none,20260904T181815Z-34f9bd77290592aace48ae82,1,934,13.971135139465332,0,0.7683144211769104,1
section_00_test_000167.wav,20260904T181815Z-34f9bd77290592aace48ae82-dg-615b3981072d-000215,bf6a456965ad3baf1d2c417903f40edd68e27feac6c23b0ea540aad86cd2a8ef,source,normal,none,none,20260904T181815Z-34f9bd77290592aace48ae82,1,934,13.683968544006348,0,0.5083759427070618,1
section_00_test_000168.wav,20260904T181815Z-34f9bd77290592aace48ae82-dg-615b3981072d-000230,c007947c7cf7bb45a63f63804ce1ae6ffab25cc2c4d3a10ad0d0df153b12e65b,source,normal,none,none,20260904T181815Z-34f9bd77290592aace48ae82,1,934,14.017315864562988,0,1.3510642051696777,1
section_00_test_000169.wav,20260904T181815Z-34f9bd77290592aace48ae82-dg-615b3981072d-000236,8413012335f5958e91ebdfb28a6887eff123071951eb03a17d442855037e8f54,source,normal,none,none,20260904T181815Z-34f9bd77290592aace48ae82,1,934,13.998589515686035,0,1.1474852561950684,1
section_00_test_000170.wav,20260904T181815Z-34f9bd77290592aace48ae82-dg-615b3981072d-000237,406cc03ee97f546cd51f373768e1d76e6648c2f1f7d2d0463680014d6f1cfe61,source,normal,none,none,20260904T181815Z-34f9bd77290592aace48ae82,1,934,13.934165000915527,0,0.6420049667358398,1
section_00_test_000171.wav,20260904T181815Z-34f9bd77290592aace48ae82-dg-615b3981072d-000242,49973783859099751c001b22dee356c554deea8b47f951c5e79e32447849d5a5,source,normal,none,none,20260904T181815Z-34f9bd77290592aace48ae82,1,934,13.913603782653809,0,0.9254119396209717,1
section_00_test_000172.wav,20260904T181815Z-34f9bd77290592aace48ae82-dg-615b3981072d-000249,51cb7f7fea6143fb86c974d57001672f72ee2e3bae289298a6535b8ef111cd7d,source,normal,none,none,20260904T181815Z-34f9bd77290592aace48ae82,1,934,13.867437362670898,0,0.7179613709449768,1
section_00_test_000173.wav,20260904T181815Z-34f9bd77290592aace48ae82-dg-615b3981072d-000261,471d75331453e0b3d5b2b7ebc669a3aea4f50c135e3424c67bb5f8b3ad9f9449,source,normal,none,none,20260904T181815Z-34f9bd77290592aace48ae82,1,934,14.011762619018555,0,0.6426064372062683,1
section_00_test_000174.wav,20260904T181815Z-34f9bd77290592aace48ae82-dg-615b3981072d-000288,5e07d4254228fbae5147a1ddecab86e2f84da2c9b0867777d6f1a306519c40be,source,normal,none,none,20260904T181815Z-34f9bd77290592aace48ae82,1,934,14.02263069152832,0,1.1621986627578735,1
section_00_test_000175.wav,20260904T181815Z-34f9bd77290592aace48ae82-dg-615b3981072d-000012,682f9ea7a0b8b81a44f071864bb9a8afdc0176933139356dba1070270b275ebf,source,normal,none,none,20260904T181815Z-34f9bd77290592aace48ae82,3,934,12.958170890808105,0,1.222139596939087,1
section_00_test_000176.wav,20260904T181815Z-34f9bd77290592aace48ae82-dg-615b3981072d-000015,d7e2aa98b1d8fe832924a7132cd0718b1471b7fb7f35e0acfb41ff5ba0a6f320,source,normal,none,none,20260904T181815Z-34f9bd77290592aace48ae82,3,934,13.24290657043457,0,1.6116005182266235,1
section_00_test_000177.wav,20260904T181815Z-34f9bd77290592aace48ae82-dg-615b3981072d-000017,61973c8905c28acedd963d11e0b7258464ccb0ddb0b5f31bd9d14b8df1c89c4e,source,normal,none,none,20260904T181815Z-34f9bd77290592aace48ae82,3,934,13.774027824401855,0,0.8697491884231567,1
section_00_test_000178.wav,20260904T181815Z-34f9bd77290592aace48ae82-dg-615b3981072d-000023,ef9efe2715c736731fdc80338f0a44ae4cdc1aa2d0db79f3664a7f5c95ae6063,source,normal,none,none,20260904T181815Z-34f9bd77290592aace48ae82,3,934,13.466365814208984,0,0.6843211650848389,1
section_00_test_000179.wav,20260904T181815Z-34f9bd77290592aace48ae82-dg-615b3981072d-000029,cc9b6c991138ea18af31533df49c4ff403ae3ffb62dceb94efe59c158638fd98,source,normal,none,none,20260904T181815Z-34f9bd77290592aace48ae82,3,934,12.952710151672363,0,0.43919649720191956,1
section_00_test_000180.wav,20260904T181815Z-34f9bd77290592aace48ae82-dg-615b3981072d-000037,c84711d8d887fa9df53e413eac5bad9cc2a35883bc8ba28b32a03362a25fdead,source,normal,none,none,20260904T181815Z-34f9bd77290592aace48ae82,3,934,13.189186096191406,0,0.6054317951202393,1
section_00_test_000181.wav,20260904T181815Z-34f9bd77290592aace48ae82-dg-615b3981072d-000059,824fb937af96d27d13dea32cfed3ab526e1a8f732d8fb8a024db8810dff169e9,source,normal,none,none,20260904T181815Z-34f9bd77290592aace48ae82,3,934,12.851909637451172,0,0.5191611647605896,1
section_00_test_000182.wav,20260904T181815Z-34f9bd77290592aace48ae82-dg-615b3981072d-000095,29f6afc97e3133827030332053de38e3c8029deb0b94cb9a1ea7c001c140c4b8,source,normal,none,none,20260904T181815Z-34f9bd77290592aace48ae82,3,934,12.91532039642334,0,0.6025072336196899,1
section_00_test_000183.wav,20260904T181815Z-34f9bd77290592aace48ae82-dg-615b3981072d-000111,7a5a63f495215d5f9d3312615e8af57ef3ee9c37247f18b3a1f84c9f5782f9c7,source,normal,none,none,20260904T181815Z-34f9bd77290592aace48ae82,3,934,13.147899627685547,0,0.28311941027641296,1
section_00_test_000184.wav,20260904T181815Z-34f9bd77290592aace48ae82-dg-615b3981072d-000120,f5179b81e423b44dbe150dcfd6fb7ffcb7e912bd5d32f95586d00ffc8ff0e2ab,source,normal,none,none,20260904T181815Z-34f9bd77290592aace48ae82,3,934,12.858346939086914,0,0.3656367063522339,1
section_00_test_000185.wav,20260904T181815Z-34f9bd77290592aace48ae82-dg-615b3981072d-000121,5b4504c951e1d172dd3c489f5d1ea2b18d55494586c7af765a567ed6d5684a9d,source,normal,none,none,20260904T181815Z-34f9bd77290592aace48ae82,3,934,13.149483680725098,0,0.23652811348438263,1
section_00_test_000186.wav,20260904T181815Z-34f9bd77290592aace48ae82-dg-615b3981072d-000133,06952df27230228f313209e6dca2d47944ddf94c1d81d4cdb5ac34fd44d7cd1f,source,normal,none,none,20260904T181815Z-34f9bd77290592aace48ae82,3,934,12.956737518310547,0,0.41201165318489075,1
section_00_test_000187.wav,20260904T181815Z-34f9bd77290592aace48ae82-dg-615b3981072d-000153,3656e01bbda5bf5168930e73219f45521e6c8935c7139db1a35079c0de67ccf2,source,normal,none,none,20260904T181815Z-34f9bd77290592aace48ae82,3,934,13.112120628356934,0,0.5292848944664001,1
section_00_test_000188.wav,20260904T181815Z-34f9bd77290592aace48ae82-dg-615b3981072d-000154,616409a5aa1bd36803aa6a1e4968446a6b0c25ff729a2c2f2c63f630cc642d98,source,normal,none,none,20260904T181815Z-34f9bd77290592aace48ae82,3,934,13.040103912353516,0,0.7935976386070251,1
section_00_test_000189.wav,20260904T181815Z-34f9bd77290592aace48ae82-dg-615b3981072d-000171,2f78dea0bd45533015e1e266d39c6fba049c1ab8b8294310c7666e0cf528e0d7,source,normal,none,none,20260904T181815Z-34f9bd77290592aace48ae82,3,934,12.998884201049805,0,0.36631345748901367,1
section_00_test_000190.wav,20260904T181815Z-34f9bd77290592aace48ae82-dg-615b3981072d-000206,a7fc37661876885d01c2ee9c8881e8a3fcf2816d5b8e634d76c27323a08111d9,source,normal,none,none,20260904T181815Z-34f9bd77290592aace48ae82,3,934,13.103035926818848,0,0.1899423599243164,1
section_00_test_000191.wav,20260904T181815Z-34f9bd77290592aace48ae82-dg-615b3981072d-000224,9e4b7c25380b5df8e260979dd4e975c2365aba1b6f836f609035b06b733a99a4,source,normal,none,none,20260904T181815Z-34f9bd77290592aace48ae82,3,934,13.031317710876465,0,0.47104084491729736,1
section_00_test_000192.wav,20260904T181815Z-34f9bd77290592aace48ae82-dg-615b3981072d-000253,b92f9c9674cd8ab29b312f41065eeb15b9a63c52b24f348c034f7b52a2fbc145,source,normal,none,none,20260904T181815Z-34f9bd77290592aace48ae82,3,934,13.287294387817383,0,0.4046046733856201,1
section_00_test_000193.wav,20260904T181815Z-34f9bd77290592aace48ae82-dg-615b3981072d-000255,ec52d810fe8eb929dc4483fb782a85be5724a295c3e72b480ad3094726bf1ce3,source,normal,none,none,20260904T181815Z-34f9bd77290592aace48ae82,3,934,13.397668838500977,0,0.41231295466423035,1
section_00_test_000194.wav,20260904T181815Z-34f9bd77290592aace48ae82-dg-615b3981072d-000256,42f7f105f404ce4cb30ffcc6ea1ff3780f91ceb2b7bc1584d12845e615f083ab,source,normal,none,none,20260904T181815Z-34f9bd77290592aace48ae82,3,934,13.203877449035645,0,0.49400267004966736,1
section_00_test_000195.wav,20260904T181815Z-34f9bd77290592aace48ae82-dg-615b3981072d-000259,dd27429c2520a934a6fe7dbce3ed63d2703b9c528971d0459a5994916ca02bce,source,normal,none,none,20260904T181815Z-34f9bd77290592aace48ae82,3,934,13.075017929077148,0,0.283656507730484,1
section_00_test_000196.wav,20260904T181815Z-34f9bd77290592aace48ae82-dg-615b3981072d-000273,a6bb8085707a1083817f259bf09bab6a980c38fb89a694bb26aaba31d72c312e,source,normal,none,none,20260904T181815Z-34f9bd77290592aace48ae82,3,934,13.41835880279541,0,0.3394288420677185,1
section_00_test_000197.wav,20260904T181815Z-34f9bd77290592aace48ae82-dg-615b3981072d-000282,5c76e5e5cf031e1bb7995d44f759bf09f8b06206e6ff3932b72e7269b5b00fb5,source,normal,none,none,20260904T181815Z-34f9bd77290592aace48ae82,3,934,13.323151588439941,0,0.36728230118751526,1
section_00_test_000198.wav,20260904T181815Z-34f9bd77290592aace48ae82-dg-615b3981072d-000285,2b120ac29cb5e1dec706f414bfb5f1dc08d13a8d4b36ae6b8f44b72239a6c721,source,normal,none,none,20260904T181815Z-34f9bd77290592aace48ae82,3,934,13.594757080078125,0,0.5181108117103577,1
section_00_test_000199.wav,20260904T181815Z-34f9bd77290592aace48ae82-dg-615b3981072d-000299,7d66d643db2dd6f266345ba9684587ee047837af8b31d8757588a24e32eb0cda,source,normal,none,none,20260904T181815Z-34f9bd77290592aace48ae82,3,934,13.531356811523438,0,1.0617225170135498,1
section_00_test_000200.wav,20260911T072024Z-9c2abb50e4c856716bf9acd2-dg-e2ad6c05e474-000026,0a8d09dbfd4d407463e5635923b9e78497aecd445215de44d3e143ae787f1bb2,target,anomaly,belt_tension_abnormal,belt_a,20260911T072024Z-9c2abb50e4c856716bf9acd2,2,934,19.104814529418945,1,1.850661039352417,1
section_00_test_000201.wav,20260911T072024Z-9c2abb50e4c856716bf9acd2-dg-e2ad6c05e474-000070,59b0f235d994476a9d5a7fce3d0cb6d4753cec5436b321019afcac89accd12d0,target,anomaly,belt_tension_abnormal,belt_a,20260911T072024Z-9c2abb50e4c856716bf9acd2,2,934,18.195335388183594,1,0.9555385112762451,1
section_00_test_000202.wav,20260911T072024Z-9c2abb50e4c856716bf9acd2-dg-e2ad6c05e474-000104,e5d30ff83e0447f42b8e65e8df536872157af64a09168a03cb41f44b19e20260,target,anomaly,belt_tension_abnormal,belt_a,20260911T072024Z-9c2abb50e4c856716bf9acd2,2,934,18.221559524536133,1,1.2530643939971924,1
section_00_test_000203.wav,20260911T072024Z-9c2abb50e4c856716bf9acd2-dg-e2ad6c05e474-000122,a0133faf73f7ccefac21d52aa80dfb6746a37079594f5a8e40ead4df0be4b830,target,anomaly,belt_tension_abnormal,belt_a,20260911T072024Z-9c2abb50e4c856716bf9acd2,2,934,18.53553009033203,1,1.8567849397659302,1
section_00_test_000204.wav,20260911T072024Z-9c2abb50e4c856716bf9acd2-dg-e2ad6c05e474-000133,fe2012c03e7ba4aa7f4e161da25822938ee1159bb958c9a8d5b2f74def930446,target,anomaly,belt_tension_abnormal,belt_a,20260911T072024Z-9c2abb50e4c856716bf9acd2,2,934,16.441301345825195,1,1.8149278163909912,1
section_00_test_000205.wav,20260911T100852Z-935bf74e9aedf0b13bd4e62d-dg-6f3fb0a8e2ae-000032,5008132e41195f5e944c35191d37abb092ef23e86925f3cfee48636298d2e2e1,target,anomaly,belt_tension_abnormal,belt_a_b,20260911T100852Z-935bf74e9aedf0b13bd4e62d,2,934,18.98267936706543,1,1.6068741083145142,1
section_00_test_000206.wav,20260911T100852Z-935bf74e9aedf0b13bd4e62d-dg-6f3fb0a8e2ae-000063,e2e7dbb70db191cc7365548c7a306d94471e24c74a3dc47b6f83771f3c6a38e9,target,anomaly,belt_tension_abnormal,belt_a_b,20260911T100852Z-935bf74e9aedf0b13bd4e62d,2,934,19.071819305419922,1,1.0433263778686523,1
section_00_test_000207.wav,20260911T100852Z-935bf74e9aedf0b13bd4e62d-dg-6f3fb0a8e2ae-000120,d48234a6e2c003b4d96234fb73b6597c976f6720075e5b6ce77aa057a59f4b4b,target,anomaly,belt_tension_abnormal,belt_a_b,20260911T100852Z-935bf74e9aedf0b13bd4e62d,2,934,18.59357452392578,1,1.1425457000732422,1
section_00_test_000208.wav,20260911T100852Z-935bf74e9aedf0b13bd4e62d-dg-6f3fb0a8e2ae-000137,9c548a8172b45630ad2072388bde1bfb998581288b8cfbcc71c3db0b23f8b2b2,target,anomaly,belt_tension_abnormal,belt_a_b,20260911T100852Z-935bf74e9aedf0b13bd4e62d,2,934,18.85747528076172,1,1.2637603282928467,1
section_00_test_000209.wav,20260911T120031Z-f1914c9803ce0695cce4e620-dg-7ed01a3e0bad-000007,f987ffdf59331f05b844f3cb59140e8866d0974605ba72a22ece0c5c6a20481f,target,anomaly,belt_tension_abnormal,belt_b,20260911T120031Z-f1914c9803ce0695cce4e620,2,934,21.0738582611084,1,8.303374290466309,1
section_00_test_000210.wav,20260911T120031Z-f1914c9803ce0695cce4e620-dg-7ed01a3e0bad-000035,fe9b47646735ba2012d09156c007b80bc122060806134ed0a88768a6d9c1b31c,target,anomaly,belt_tension_abnormal,belt_b,20260911T120031Z-f1914c9803ce0695cce4e620,2,934,19.90235710144043,1,3.8632757663726807,1
section_00_test_000211.wav,20260911T120031Z-f1914c9803ce0695cce4e620-dg-7ed01a3e0bad-000121,4aa82d31102624257a0f28dfd8b755e0b1ce689e787668545867a4f2797e4f95,target,anomaly,belt_tension_abnormal,belt_b,20260911T120031Z-f1914c9803ce0695cce4e620,2,934,19.683082580566406,1,2.6630496978759766,1
section_00_test_000212.wav,20260911T120031Z-f1914c9803ce0695cce4e620-dg-7ed01a3e0bad-000143,b12e636c62c19e8bf7ca95922984a9f1a2ef455edac040828926e8a8778fa9fe,target,anomaly,belt_tension_abnormal,belt_b,20260911T120031Z-f1914c9803ce0695cce4e620,2,934,20.580739974975586,1,2.695289373397827,1
section_00_test_000213.wav,20260911T161000Z-07d176b0060ac87418627156-dg-36bae53d1250-000008,dba2afffb20af2930dbc92686ea03b30dbc7413997f32ab0f9d03e8bc21ee61b,target,anomaly,extruder_cogging_or_no_extrusion,extruder_cogging_or_no_extrusion,20260911T161000Z-07d176b0060ac87418627156,2,934,26.294984817504883,1,8.530887603759766,1
section_00_test_000214.wav,20260911T161000Z-07d176b0060ac87418627156-dg-36bae53d1250-000012,91bf95e20ccf71094124a5995cda2d15eeb81d7e52217c31856d13101353f22a,target,anomaly,extruder_cogging_or_no_extrusion,extruder_cogging_or_no_extrusion,20260911T161000Z-07d176b0060ac87418627156,2,934,26.453365325927734,1,10.332962036132812,1
section_00_test_000215.wav,20260911T161000Z-07d176b0060ac87418627156-dg-36bae53d1250-000014,856d2366f9af709d922cc5052fdac6fec91783628d3921b78e697605450e630a,target,anomaly,extruder_cogging_or_no_extrusion,extruder_cogging_or_no_extrusion,20260911T161000Z-07d176b0060ac87418627156,2,934,24.63423728942871,1,8.076461791992188,1
section_00_test_000216.wav,20260911T161000Z-07d176b0060ac87418627156-dg-36bae53d1250-000024,4e5149710c86997b095f7104152e633fea9594d558fe7369ed8740c93b7a361d,target,anomaly,extruder_cogging_or_no_extrusion,extruder_cogging_or_no_extrusion,20260911T161000Z-07d176b0060ac87418627156,2,934,24.07596778869629,1,7.488763809204102,1
section_00_test_000217.wav,20260911T161000Z-07d176b0060ac87418627156-dg-36bae53d1250-000045,88e6f0ba3f4e3a065bbc9efade713d99757d08b200295710f587176b5ef3796e,target,anomaly,extruder_cogging_or_no_extrusion,extruder_cogging_or_no_extrusion,20260911T161000Z-07d176b0060ac87418627156,2,934,21.230941772460938,1,5.233034610748291,1
section_00_test_000218.wav,20260911T161000Z-07d176b0060ac87418627156-dg-36bae53d1250-000051,9c18702ed813eb2137dc787aca67e32a285662cb25505f5d5e24ff70bdd75c83,target,anomaly,extruder_cogging_or_no_extrusion,extruder_cogging_or_no_extrusion,20260911T161000Z-07d176b0060ac87418627156,2,934,21.164457321166992,1,4.7708001136779785,1
section_00_test_000219.wav,20260911T161000Z-07d176b0060ac87418627156-dg-36bae53d1250-000064,4d4fdd98a6d66502cfd896403537fe044bf52e2a10c09314ff8a655ec5cd4ff3,target,anomaly,extruder_cogging_or_no_extrusion,extruder_cogging_or_no_extrusion,20260911T161000Z-07d176b0060ac87418627156,2,934,21.46868324279785,1,5.2817230224609375,1
section_00_test_000220.wav,20260911T161000Z-07d176b0060ac87418627156-dg-36bae53d1250-000071,8a7e62fb759530d65bfa91e19c5af0ff65cae994ec63baf8a6403c30f2090b23,target,anomaly,extruder_cogging_or_no_extrusion,extruder_cogging_or_no_extrusion,20260911T161000Z-07d176b0060ac87418627156,2,934,21.949199676513672,1,6.7843852043151855,1
section_00_test_000221.wav,20260911T161000Z-07d176b0060ac87418627156-dg-36bae53d1250-000083,a030b0adbe8318669faaee4f077677e053383b1599c353c0a0dd7bc7aa1fff79,target,anomaly,extruder_cogging_or_no_extrusion,extruder_cogging_or_no_extrusion,20260911T161000Z-07d176b0060ac87418627156,2,934,23.52552604675293,1,7.241428852081299,1
section_00_test_000222.wav,20260911T161000Z-07d176b0060ac87418627156-dg-36bae53d1250-000112,935716c6fed9bb78ecca11d8955aa18c76609d423b6a1db2254ce59dec535338,target,anomaly,extruder_cogging_or_no_extrusion,extruder_cogging_or_no_extrusion,20260911T161000Z-07d176b0060ac87418627156,2,934,23.390840530395508,1,6.864299774169922,1
section_00_test_000223.wav,20260911T161000Z-07d176b0060ac87418627156-dg-36bae53d1250-000116,17ec25537ceb64cca2d7dd999a106b1196a6edead3dd2ceb4c292274694f636d,target,anomaly,extruder_cogging_or_no_extrusion,extruder_cogging_or_no_extrusion,20260911T161000Z-07d176b0060ac87418627156,2,934,22.19873809814453,1,6.0706963539123535,1
section_00_test_000224.wav,20260911T161000Z-07d176b0060ac87418627156-dg-36bae53d1250-000117,c68fddace9bbdd2d15679e520eb43e2caebed249b7ce69ad27f3429c5a3a30c7,target,anomaly,extruder_cogging_or_no_extrusion,extruder_cogging_or_no_extrusion,20260911T161000Z-07d176b0060ac87418627156,2,934,22.258609771728516,1,6.8747944831848145,1
section_00_test_000225.wav,20260911T161000Z-07d176b0060ac87418627156-dg-36bae53d1250-000154,a8dcd880bda4c5a8375eb57a449ecb30cac863b748b6a6806b26aa5f54b9ac10,target,anomaly,extruder_cogging_or_no_extrusion,extruder_cogging_or_no_extrusion,20260911T161000Z-07d176b0060ac87418627156,2,934,18.674081802368164,1,6.3975958824157715,1
section_00_test_000226.wav,20260911T171148Z-2f35c316c47752fe14cf3be7-dg-d53b59c19395-000001,0dbf5b98ff942a172c83249cd46134cc2d0618ead02cb3f607d7a8523182d30d,target,anomaly,toolhead_collision,collision_x-min,20260911T171148Z-2f35c316c47752fe14cf3be7,2,934,136.39337158203125,1,104.28329467773438,1
section_00_test_000227.wav,20260911T171148Z-2f35c316c47752fe14cf3be7-dg-d53b59c19395-000047,4ae54fdb05a411160278421ceb109d53c2b8161b30ea21f045de42d410b31ac0,target,anomaly,toolhead_collision,collision_x-min,20260911T171148Z-2f35c316c47752fe14cf3be7,2,934,160.19747924804688,1,113.80551147460938,1
section_00_test_000228.wav,20260912T015304Z-fbbe3a4a6572e889ec55b10e-dg-b42e26c5441a-000038,ad54e31f6653c46491365a2e3af6d4d59f110bd594ac464c806a8fc54c330bd6,target,anomaly,toolhead_collision,collision_x-max,20260912T015304Z-fbbe3a4a6572e889ec55b10e,2,934,159.34336853027344,1,117.21456146240234,1
section_00_test_000229.wav,20260912T015304Z-fbbe3a4a6572e889ec55b10e-dg-b42e26c5441a-000042,519f93dd9030cc8fb8459a7bf33a142e7da78f395996837fc0beb16b4036a00a,target,anomaly,toolhead_collision,collision_x-max,20260912T015304Z-fbbe3a4a6572e889ec55b10e,2,934,151.2235107421875,1,105.42919921875,1
section_00_test_000230.wav,20260912T015304Z-fbbe3a4a6572e889ec55b10e-dg-b42e26c5441a-000049,5a472125ae017598f56707c0652e74b16118cbeb2cfc096ef415d6043f811d32,target,anomaly,toolhead_collision,collision_x-max,20260912T015304Z-fbbe3a4a6572e889ec55b10e,2,934,174.9450225830078,1,120.00651550292969,1
section_00_test_000231.wav,20260912T021939Z-3278a03374dc31d9acdbbde8-dg-cf9b6ef25b7b-000026,c05a1fab13beca0c35c8fef76549623b1c2f63705a01fc07da42844a0dacdcb4,target,anomaly,toolhead_collision,collision_y-max,20260912T021939Z-3278a03374dc31d9acdbbde8,2,934,153.61886596679688,1,109.19548034667969,1
section_00_test_000232.wav,20260912T021939Z-3278a03374dc31d9acdbbde8-dg-cf9b6ef25b7b-000030,74638653f2a3bbbcca1d78dbe3cd3f2935595deec70d0efa7ad2f6e43ed8246f,target,anomaly,toolhead_collision,collision_y-max,20260912T021939Z-3278a03374dc31d9acdbbde8,2,934,137.38958740234375,1,97.85072326660156,1
section_00_test_000233.wav,20260912T024659Z-af99e7033894c502d0c27f5d-dg-9baf03469be4-000004,e77712df14821bcd6455214127be44cef5e8e77d69f606af44860c798ddd166b,target,anomaly,toolhead_collision,collision_x-min-y-max,20260912T024659Z-af99e7033894c502d0c27f5d,2,934,192.77586364746094,1,106.36614990234375,1
section_00_test_000234.wav,20260912T024659Z-af99e7033894c502d0c27f5d-dg-9baf03469be4-000016,11346950cf06e87a6ffd6c906a0dc3423c8f23fb6a8087b5832d1b2c3aca5bad,target,anomaly,toolhead_collision,collision_x-min-y-max,20260912T024659Z-af99e7033894c502d0c27f5d,2,934,186.77366638183594,1,100.1642837524414,1
section_00_test_000235.wav,20260912T024659Z-af99e7033894c502d0c27f5d-dg-9baf03469be4-000032,7fe7b067b765325f1ec6f4285515a7ddaf2a47a6d9ec03bf55a062be5f878bf1,target,anomaly,toolhead_collision,collision_x-min-y-max,20260912T024659Z-af99e7033894c502d0c27f5d,2,934,163.55752563476562,1,121.47355651855469,1
section_00_test_000236.wav,20260912T031303Z-3cbe457145ec2ba412c9b3d9-dg-7871b96a0ac3-000001,5fce1f6a38e22e2846ae5a4931046fd06b5766c89a083b3d145646d6f17002ee,target,anomaly,toolhead_collision,collision_x-max-y-max,20260912T031303Z-3cbe457145ec2ba412c9b3d9,2,934,141.93939208984375,1,106.10454559326172,1
section_00_test_000237.wav,20260912T031303Z-3cbe457145ec2ba412c9b3d9-dg-7871b96a0ac3-000016,403a10560b28bb6ecf450a6482dc48a7dee8b4144e109512576402f33243cf1f,target,anomaly,toolhead_collision,collision_x-max-y-max,20260912T031303Z-3cbe457145ec2ba412c9b3d9,2,934,160.82984924316406,1,115.35560607910156,1
section_00_test_000238.wav,20260912T052839Z-042f80319ee006111d66c24f-dg-23a3ed72574e-000014,058b5144981f78519be45c1345d2fbefa17bb8b43e220f60f51251fa3e7953a4,target,anomaly,cooling_fan_fault,cooling_fan_fault,20260912T052839Z-042f80319ee006111d66c24f,2,934,20.18532943725586,1,4.1223578453063965,1
section_00_test_000239.wav,20260912T052839Z-042f80319ee006111d66c24f-dg-23a3ed72574e-000034,1b57c9df5025f296372089809b1e88d22f0c304691d76ecff9861fd8a946dc23,target,anomaly,cooling_fan_fault,cooling_fan_fault,20260912T052839Z-042f80319ee006111d66c24f,2,934,20.446130752563477,1,4.021155834197998,1
section_00_test_000240.wav,20260912T052839Z-042f80319ee006111d66c24f-dg-23a3ed72574e-000058,e42aedd67ad6776589648ee99e61a32d7495e2a952f6a2d9a0d0ae50dba1cdc6,target,anomaly,cooling_fan_fault,cooling_fan_fault,20260912T052839Z-042f80319ee006111d66c24f,2,934,19.743545532226562,1,3.4716482162475586,1
section_00_test_000241.wav,20260912T052839Z-042f80319ee006111d66c24f-dg-23a3ed72574e-000059,f9e0c38bb223afbad8250baa0e23088f736fcf3c2b5daaf31247471af964e321,target,anomaly,cooling_fan_fault,cooling_fan_fault,20260912T052839Z-042f80319ee006111d66c24f,2,934,20.275081634521484,1,3.152519941329956,1
section_00_test_000242.wav,20260912T052839Z-042f80319ee006111d66c24f-dg-23a3ed72574e-000064,e1f86843a7ab1ed313ed5786ca9dcc7967f59baf3bc3b6305a0ef73baa269cfe,target,anomaly,cooling_fan_fault,cooling_fan_fault,20260912T052839Z-042f80319ee006111d66c24f,2,934,19.8008975982666,1,3.2235970497131348,1
section_00_test_000243.wav,20260912T052839Z-042f80319ee006111d66c24f-dg-23a3ed72574e-000086,4fd1f7b8f2538b3deb2fb6578560c5b539afe9d1d81968e4a3f902079ef67aa0,target,anomaly,cooling_fan_fault,cooling_fan_fault,20260912T052839Z-042f80319ee006111d66c24f,2,934,20.010828018188477,1,3.201138734817505,1
section_00_test_000244.wav,20260912T052839Z-042f80319ee006111d66c24f-dg-23a3ed72574e-000113,28d9a6ddfb87ea2ecf38b303d6dbd944eba0b03a1f3943235f3b9f59c71d5938,target,anomaly,cooling_fan_fault,cooling_fan_fault,20260912T052839Z-042f80319ee006111d66c24f,2,934,20.275222778320312,1,3.8358089923858643,1
section_00_test_000245.wav,20260912T052839Z-042f80319ee006111d66c24f-dg-23a3ed72574e-000124,933ffd3c6849e95f4d418e0cba4bfbf371ced9c07b7de4fe3a0d089a8166b67a,target,anomaly,cooling_fan_fault,cooling_fan_fault,20260912T052839Z-042f80319ee006111d66c24f,2,934,20.184097290039062,1,3.8522233963012695,1
section_00_test_000246.wav,20260912T052839Z-042f80319ee006111d66c24f-dg-23a3ed72574e-000136,74a9c2ae1f70bf0c3949f5a156081d571726301d81c38d46d0c62c9b41a01ea1,target,anomaly,cooling_fan_fault,cooling_fan_fault,20260912T052839Z-042f80319ee006111d66c24f,2,934,18.516077041625977,1,3.8925282955169678,1
section_00_test_000247.wav,20260912T052839Z-042f80319ee006111d66c24f-dg-23a3ed72574e-000140,0b95f9a09e525a760bad54a12f5b359bfc455a6af5f3a6b3211d9872582a0186,target,anomaly,cooling_fan_fault,cooling_fan_fault,20260912T052839Z-042f80319ee006111d66c24f,2,934,20.501379013061523,1,3.879927635192871,1
section_00_test_000248.wav,20260912T052839Z-042f80319ee006111d66c24f-dg-23a3ed72574e-000154,4a6d812c0ef8d12aaef35a5733774794ca6044ad1851d8269f2c3c4b826395d4,target,anomaly,cooling_fan_fault,cooling_fan_fault,20260912T052839Z-042f80319ee006111d66c24f,2,934,18.881515502929688,1,5.050337314605713,1
section_00_test_000249.wav,20260912T052839Z-042f80319ee006111d66c24f-dg-23a3ed72574e-000159,c4b7d86c57c8fd810f6eef1f4c3e379a5688778d32c7afe1cee45f264d6ef3ae,target,anomaly,cooling_fan_fault,cooling_fan_fault,20260912T052839Z-042f80319ee006111d66c24f,2,934,19.026424407958984,1,5.489624500274658,1
section_00_test_000250.wav,20260911T072024Z-9c2abb50e4c856716bf9acd2-dg-e2ad6c05e474-000068,c71aa8e022553dc5369002e0ed48c273b638bd931ff1664a5740d512db8043b8,target,anomaly,belt_tension_abnormal,belt_a,20260911T072024Z-9c2abb50e4c856716bf9acd2,4,934,17.46646499633789,1,1.131494164466858,1
section_00_test_000251.wav,20260911T072024Z-9c2abb50e4c856716bf9acd2-dg-e2ad6c05e474-000092,d927b80b956ccf8ed1a76ad49c0c97dcc6b2d4e1b75beb922967592dc1402bb0,target,anomaly,belt_tension_abnormal,belt_a,20260911T072024Z-9c2abb50e4c856716bf9acd2,4,934,17.32539939880371,1,1.401413083076477,1
section_00_test_000252.wav,20260911T072024Z-9c2abb50e4c856716bf9acd2-dg-e2ad6c05e474-000096,b6ee99cbbc50c1865b4f2841ce26a6842778ba9783b987cd2202e1b18412ddb8,target,anomaly,belt_tension_abnormal,belt_a,20260911T072024Z-9c2abb50e4c856716bf9acd2,4,934,17.126251220703125,1,1.4235010147094727,1
section_00_test_000253.wav,20260911T072024Z-9c2abb50e4c856716bf9acd2-dg-e2ad6c05e474-000107,90645182c860bb09ee2810bb9f42f1a6bce9f7201611e04b216006a047987449,target,anomaly,belt_tension_abnormal,belt_a,20260911T072024Z-9c2abb50e4c856716bf9acd2,4,934,17.67109489440918,1,1.192055106163025,1
section_00_test_000254.wav,20260911T100852Z-935bf74e9aedf0b13bd4e62d-dg-6f3fb0a8e2ae-000040,3133536768a3644a9aac07614fc0362b8f7d991a6195de0f021cb39dbc57a0ff,target,anomaly,belt_tension_abnormal,belt_a_b,20260911T100852Z-935bf74e9aedf0b13bd4e62d,4,934,20.88018035888672,1,3.6178629398345947,1
section_00_test_000255.wav,20260911T100852Z-935bf74e9aedf0b13bd4e62d-dg-6f3fb0a8e2ae-000074,a84868014707239091088c4bf49029f28cef5605f7e06dfa6724bb3846f82cd7,target,anomaly,belt_tension_abnormal,belt_a_b,20260911T100852Z-935bf74e9aedf0b13bd4e62d,4,934,18.94116973876953,1,2.578425884246826,1
section_00_test_000256.wav,20260911T100852Z-935bf74e9aedf0b13bd4e62d-dg-6f3fb0a8e2ae-000094,820fe1323c353a642a8aaddc1e7e7cac354b40385ab6b101b7256d9d9434d309,target,anomaly,belt_tension_abnormal,belt_a_b,20260911T100852Z-935bf74e9aedf0b13bd4e62d,4,934,18.916919708251953,1,2.7127602100372314,1
section_00_test_000257.wav,20260911T100852Z-935bf74e9aedf0b13bd4e62d-dg-6f3fb0a8e2ae-000105,c1b0e7dcfc1eb796c732b4caffd64715017dfed63ef7b7e33a56ee6c6ef26127,target,anomaly,belt_tension_abnormal,belt_a_b,20260911T100852Z-935bf74e9aedf0b13bd4e62d,4,934,18.014257431030273,1,2.727473020553589,1
section_00_test_000258.wav,20260911T120031Z-f1914c9803ce0695cce4e620-dg-7ed01a3e0bad-000016,8e877e46e74e8f4885a607d05effd57714cc3975daabccb52b0ef27868ad3b3c,target,anomaly,belt_tension_abnormal,belt_b,20260911T120031Z-f1914c9803ce0695cce4e620,4,934,21.17479133605957,1,3.9132144451141357,1
section_00_test_000259.wav,20260911T120031Z-f1914c9803ce0695cce4e620-dg-7ed01a3e0bad-000041,535c11b20cfb99cc691de73093defaef87ae76f57920e1455c549a986a8d856c,target,anomaly,belt_tension_abnormal,belt_b,20260911T120031Z-f1914c9803ce0695cce4e620,4,934,19.9144229888916,1,3.0527970790863037,1
section_00_test_000260.wav,20260911T120031Z-f1914c9803ce0695cce4e620-dg-7ed01a3e0bad-000141,d59d2364272e6b092be25eae3debf4e5b63f240265eaa7f05cb75ae20596ad43,target,anomaly,belt_tension_abnormal,belt_b,20260911T120031Z-f1914c9803ce0695cce4e620,4,934,20.01520347595215,1,2.7395286560058594,1
section_00_test_000261.wav,20260911T120031Z-f1914c9803ce0695cce4e620-dg-7ed01a3e0bad-000157,8629a9226fd24fbaf3f2f98fcc627bbe7faaaca7d145b5f9e9e7cac83d14f035,target,anomaly,belt_tension_abnormal,belt_b,20260911T120031Z-f1914c9803ce0695cce4e620,4,934,20.270008087158203,1,3.896177053451538,1
section_00_test_000262.wav,20260911T161000Z-07d176b0060ac87418627156-dg-36bae53d1250-000001,5b1c5929ea05ef948516bc59c4ccf7f8f3711d09af2927c358e4571d38f990ee,target,anomaly,extruder_cogging_or_no_extrusion,extruder_cogging_or_no_extrusion,20260911T161000Z-07d176b0060ac87418627156,4,934,21.86891746520996,1,8.703460693359375,1
section_00_test_000263.wav,20260911T161000Z-07d176b0060ac87418627156-dg-36bae53d1250-000004,b0feafb205dfadd190a65b9bc731bfb1eea6168d2cf997d451a07191dd1a238a,target,anomaly,extruder_cogging_or_no_extrusion,extruder_cogging_or_no_extrusion,20260911T161000Z-07d176b0060ac87418627156,4,934,22.109987258911133,1,8.078012466430664,1
section_00_test_000264.wav,20260911T161000Z-07d176b0060ac87418627156-dg-36bae53d1250-000030,7bc79ef633f6478ad9d0200439a13fe19519b826b5e4178ffca208eb32383ef0,target,anomaly,extruder_cogging_or_no_extrusion,extruder_cogging_or_no_extrusion,20260911T161000Z-07d176b0060ac87418627156,4,934,21.14826011657715,1,3.4165070056915283,1
section_00_test_000265.wav,20260911T161000Z-07d176b0060ac87418627156-dg-36bae53d1250-000039,f26630517b4d9648073c88eff2445d4979826b44ddb844d2441b6a195def40eb,target,anomaly,extruder_cogging_or_no_extrusion,extruder_cogging_or_no_extrusion,20260911T161000Z-07d176b0060ac87418627156,4,934,20.351503372192383,1,3.3550422191619873,1
section_00_test_000266.wav,20260911T161000Z-07d176b0060ac87418627156-dg-36bae53d1250-000061,b98f520dc831fb774a3155d58943bd211f5bb4aa06d10768c8c1980534488fca,target,anomaly,extruder_cogging_or_no_extrusion,extruder_cogging_or_no_extrusion,20260911T161000Z-07d176b0060ac87418627156,4,934,19.4970645904541,1,3.1304123401641846,1
section_00_test_000267.wav,20260911T161000Z-07d176b0060ac87418627156-dg-36bae53d1250-000074,1b3b8184d68510573060b4ac893b54010499f98c9c426ca5cbc674bea15657a1,target,anomaly,extruder_cogging_or_no_extrusion,extruder_cogging_or_no_extrusion,20260911T161000Z-07d176b0060ac87418627156,4,934,19.418703079223633,1,2.968630075454712,1
section_00_test_000268.wav,20260911T161000Z-07d176b0060ac87418627156-dg-36bae53d1250-000098,648ee150ef3b9f5ee42132499e9f04e622eb6b907cd4d1681a18f6d42846ef6e,target,anomaly,extruder_cogging_or_no_extrusion,extruder_cogging_or_no_extrusion,20260911T161000Z-07d176b0060ac87418627156,4,934,19.88408088684082,1,3.4748740196228027,1
section_00_test_000269.wav,20260911T161000Z-07d176b0060ac87418627156-dg-36bae53d1250-000103,5ff5fff98dfea5d9e1d87a811182cafe20568d4f09743d7456834dc9e568c7d6,target,anomaly,extruder_cogging_or_no_extrusion,extruder_cogging_or_no_extrusion,20260911T161000Z-07d176b0060ac87418627156,4,934,19.62531089782715,1,2.9774131774902344,1
section_00_test_000270.wav,20260911T161000Z-07d176b0060ac87418627156-dg-36bae53d1250-000130,07215774ba8852a88db19f3842100c0d77dfdc36722b78d5aefd079c0ba2c131,target,anomaly,extruder_cogging_or_no_extrusion,extruder_cogging_or_no_extrusion,20260911T161000Z-07d176b0060ac87418627156,4,934,20.0104923248291,1,2.7861483097076416,1
section_00_test_000271.wav,20260911T161000Z-07d176b0060ac87418627156-dg-36bae53d1250-000131,fde931aeae33364fb17e34a15622e4a09ad8dc4b833451919697c8340c51edde,target,anomaly,extruder_cogging_or_no_extrusion,extruder_cogging_or_no_extrusion,20260911T161000Z-07d176b0060ac87418627156,4,934,19.83814239501953,1,2.7905795574188232,1
section_00_test_000272.wav,20260911T161000Z-07d176b0060ac87418627156-dg-36bae53d1250-000136,2d463af8340a12e771ebde6f6399a2442a3c7e15ab47e71b32afb6a148cb1b39,target,anomaly,extruder_cogging_or_no_extrusion,extruder_cogging_or_no_extrusion,20260911T161000Z-07d176b0060ac87418627156,4,934,18.52963638305664,1,3.0577049255371094,1
section_00_test_000273.wav,20260911T161000Z-07d176b0060ac87418627156-dg-36bae53d1250-000150,b1cfa6372bc46e9446be976028dab0de3080c7b9831c6c8bc85f422a1085961c,target,anomaly,extruder_cogging_or_no_extrusion,extruder_cogging_or_no_extrusion,20260911T161000Z-07d176b0060ac87418627156,4,934,21.821834564208984,1,3.564884662628174,1
section_00_test_000274.wav,20260911T171148Z-2f35c316c47752fe14cf3be7-dg-d53b59c19395-000009,5680ad549e2aa14bdadbc647f2c839e38099e8df4a26c638d7ca445c466e336b,target,anomaly,toolhead_collision,collision_x-min,20260911T171148Z-2f35c316c47752fe14cf3be7,4,934,149.17971801757812,1,114.45226287841797,1
section_00_test_000275.wav,20260911T171148Z-2f35c316c47752fe14cf3be7-dg-d53b59c19395-000022,7046a3b6397c2e3a8f18e1562a7317f45a16d2a0ff576537ec41fc6565217343,target,anomaly,toolhead_collision,collision_x-min,20260911T171148Z-2f35c316c47752fe14cf3be7,4,934,150.62701416015625,1,115.25786590576172,1
section_00_test_000276.wav,20260911T171148Z-2f35c316c47752fe14cf3be7-dg-d53b59c19395-000058,6cc5671065df4b5f09e8ea27f1edb93aa8db799538f507d9381f9c6164773041,target,anomaly,toolhead_collision,collision_x-min,20260911T171148Z-2f35c316c47752fe14cf3be7,4,934,156.8551483154297,1,119.2585678100586,1
section_00_test_000277.wav,20260912T015304Z-fbbe3a4a6572e889ec55b10e-dg-b42e26c5441a-000008,4333c7e4c6f07644a5e9de60f56e4986cfa5d957e9843962bf261bb3eedd6d3f,target,anomaly,toolhead_collision,collision_x-max,20260912T015304Z-fbbe3a4a6572e889ec55b10e,4,934,198.00982666015625,1,150.94361877441406,1
section_00_test_000278.wav,20260912T015304Z-fbbe3a4a6572e889ec55b10e-dg-b42e26c5441a-000024,4263ddfd2fed636be31bb4f2609dee2bb222e53b7a468fbdadb6509fb533d40c,target,anomaly,toolhead_collision,collision_x-max,20260912T015304Z-fbbe3a4a6572e889ec55b10e,4,934,218.9100341796875,1,153.8083038330078,1
section_00_test_000279.wav,20260912T021939Z-3278a03374dc31d9acdbbde8-dg-cf9b6ef25b7b-000008,500bce38c0ee553ec03622dc897fc0d4a2e082aa2f3eb2fd4962828de0e63a94,target,anomaly,toolhead_collision,collision_y-max,20260912T021939Z-3278a03374dc31d9acdbbde8,4,934,183.11361694335938,1,139.6018829345703,1
section_00_test_000280.wav,20260912T021939Z-3278a03374dc31d9acdbbde8-dg-cf9b6ef25b7b-000042,de148472a432b8b3157738d62837b02eacca4f267146b0791338594c2563234c,target,anomaly,toolhead_collision,collision_y-max,20260912T021939Z-3278a03374dc31d9acdbbde8,4,934,179.32347106933594,1,129.79913330078125,1
section_00_test_000281.wav,20260912T021939Z-3278a03374dc31d9acdbbde8-dg-cf9b6ef25b7b-000047,1b08eb198d4df62d09ba53b3d928e359aa3d6f9ec7649a64455a78f3c695bde0,target,anomaly,toolhead_collision,collision_y-max,20260912T021939Z-3278a03374dc31d9acdbbde8,4,934,201.83497619628906,1,141.969970703125,1
section_00_test_000282.wav,20260912T024659Z-af99e7033894c502d0c27f5d-dg-9baf03469be4-000013,8a801e679d68dea363dfa9acfb813caece33834f26aec14c904850303817b905,target,anomaly,toolhead_collision,collision_x-min-y-max,20260912T024659Z-af99e7033894c502d0c27f5d,4,934,216.6404571533203,1,162.421875,1
section_00_test_000283.wav,20260912T024659Z-af99e7033894c502d0c27f5d-dg-9baf03469be4-000021,a37f2a8c2149afdf44699323f230e0ba2a627e85113c9b67f8e1364a8dbe04f0,target,anomaly,toolhead_collision,collision_x-min-y-max,20260912T024659Z-af99e7033894c502d0c27f5d,4,934,184.4315643310547,1,101.55531311035156,1
section_00_test_000284.wav,20260912T031303Z-3cbe457145ec2ba412c9b3d9-dg-7871b96a0ac3-000007,aeddf1e3b9b348104ce77cf062860f967f3f098da56b2bade58c767a2ad2a2c2,target,anomaly,toolhead_collision,collision_x-max-y-max,20260912T031303Z-3cbe457145ec2ba412c9b3d9,4,934,191.5078582763672,1,141.89462280273438,1
section_00_test_000285.wav,20260912T031303Z-3cbe457145ec2ba412c9b3d9-dg-7871b96a0ac3-000012,215dc9f69c6057ec7ebd63850b20f662b2baf9a30b101d3638c8d9fa26af0523,target,anomaly,toolhead_collision,collision_x-max-y-max,20260912T031303Z-3cbe457145ec2ba412c9b3d9,4,934,195.18646240234375,1,136.6656494140625,1
section_00_test_000286.wav,20260912T031303Z-3cbe457145ec2ba412c9b3d9-dg-7871b96a0ac3-000030,05b95fa155c6c2cbd7ff7b1ea9216ca0630dbd87c3063acb6cb3242b0cd891a3,target,anomaly,toolhead_collision,collision_x-max-y-max,20260912T031303Z-3cbe457145ec2ba412c9b3d9,4,934,209.1261749267578,1,151.74365234375,1
section_00_test_000287.wav,20260912T052839Z-042f80319ee006111d66c24f-dg-23a3ed72574e-000009,967062453b174664b3724d2207a0abf1a3d92acb5e87007713640f15a66d6c9e,target,anomaly,cooling_fan_fault,cooling_fan_fault,20260912T052839Z-042f80319ee006111d66c24f,4,934,23.527923583984375,1,7.560391902923584,1
section_00_test_000288.wav,20260912T052839Z-042f80319ee006111d66c24f-dg-23a3ed72574e-000017,e1402e4f5d2641b583feb9b86e120a8a2adf0be00c826c473f9a295477727663,target,anomaly,cooling_fan_fault,cooling_fan_fault,20260912T052839Z-042f80319ee006111d66c24f,4,934,22.6702880859375,1,6.976055145263672,1
section_00_test_000289.wav,20260912T052839Z-042f80319ee006111d66c24f-dg-23a3ed72574e-000029,29ae46ed1189d0e89a8463fa8ad1bac46c4599ed99f835615e9f8f288f2ae3c4,target,anomaly,cooling_fan_fault,cooling_fan_fault,20260912T052839Z-042f80319ee006111d66c24f,4,934,22.0634765625,1,5.815247058868408,1
section_00_test_000290.wav,20260912T052839Z-042f80319ee006111d66c24f-dg-23a3ed72574e-000030,ed046e7e2cd28d4d6630359c0b8a83eeb98a6942ec565ced99f81d60d06f0db6,target,anomaly,cooling_fan_fault,cooling_fan_fault,20260912T052839Z-042f80319ee006111d66c24f,4,934,22.438241958618164,1,6.148283958435059,1
section_00_test_000291.wav,20260912T052839Z-042f80319ee006111d66c24f-dg-23a3ed72574e-000032,704af47dca028913e9761cd609c410085d6f6b15d0920579f7076f5bd584f06a,target,anomaly,cooling_fan_fault,cooling_fan_fault,20260912T052839Z-042f80319ee006111d66c24f,4,934,20.809005737304688,1,5.6008734703063965,1
section_00_test_000292.wav,20260912T052839Z-042f80319ee006111d66c24f-dg-23a3ed72574e-000043,edf7761bcd53fbf17fec133fadab07857035040d197401515d220f5d393bae23,target,anomaly,cooling_fan_fault,cooling_fan_fault,20260912T052839Z-042f80319ee006111d66c24f,4,934,22.21503257751465,1,6.252326965332031,1
section_00_test_000293.wav,20260912T052839Z-042f80319ee006111d66c24f-dg-23a3ed72574e-000046,d1c1110c664359ecd040035635ef6a63d9301851ce535acbb30b3b13622b483d,target,anomaly,cooling_fan_fault,cooling_fan_fault,20260912T052839Z-042f80319ee006111d66c24f,4,934,20.226701736450195,1,5.282610893249512,1
section_00_test_000294.wav,20260912T052839Z-042f80319ee006111d66c24f-dg-23a3ed72574e-000057,524329dbc426b0cd5ff693256a9d4e7ff48c420d87918eecf3962f1ccb539aed,target,anomaly,cooling_fan_fault,cooling_fan_fault,20260912T052839Z-042f80319ee006111d66c24f,4,934,20.321369171142578,1,5.087636947631836,1
section_00_test_000295.wav,20260912T052839Z-042f80319ee006111d66c24f-dg-23a3ed72574e-000094,267f73e2475f20703533d5ecb73d45ad15999bdde15be7aa77af10591c471a26,target,anomaly,cooling_fan_fault,cooling_fan_fault,20260912T052839Z-042f80319ee006111d66c24f,4,934,19.735363006591797,1,5.01105260848999,1
section_00_test_000296.wav,20260912T052839Z-042f80319ee006111d66c24f-dg-23a3ed72574e-000125,33c101d044d67f6c0e9037a354201357e996af7789d5ffd438633b2cede25863,target,anomaly,cooling_fan_fault,cooling_fan_fault,20260912T052839Z-042f80319ee006111d66c24f,4,934,21.595468521118164,1,6.202630043029785,1
section_00_test_000297.wav,20260912T052839Z-042f80319ee006111d66c24f-dg-23a3ed72574e-000141,1896d79e70c06f5b3386acfb86312ccb9cbf0a7ac7a90dfe0d5891f17b66b77a,target,anomaly,cooling_fan_fault,cooling_fan_fault,20260912T052839Z-042f80319ee006111d66c24f,4,934,21.351726531982422,1,6.525017261505127,1
section_00_test_000298.wav,20260912T052839Z-042f80319ee006111d66c24f-dg-23a3ed72574e-000143,84cb7652376d7d98e014cb3072d83279b2edaab8afd7b81c358f18762e33457b,target,anomaly,cooling_fan_fault,cooling_fan_fault,20260912T052839Z-042f80319ee006111d66c24f,4,934,22.409034729003906,1,6.75774621963501,1
section_00_test_000299.wav,20260912T052839Z-042f80319ee006111d66c24f-dg-23a3ed72574e-000150,d2ec07f4df70caee5ddbaff09282875760ca1f3649b766ac0b2330ae61ec9fef,target,anomaly,cooling_fan_fault,cooling_fan_fault,20260912T052839Z-042f80319ee006111d66c24f,4,934,22.564899444580078,1,6.77818489074707,1
section_00_test_000300.wav,20260909T171541Z-f9bc216ede1adbf54cfdc857-dg-78793475a9ff-000002,4422151e56b3784581d699d01bef79b0afc78330061646eaebaf1d6aa6cf3114,target,normal,none,none,20260909T171541Z-f9bc216ede1adbf54cfdc857,2,934,19.20001983642578,1,5.026978969573975,1
section_00_test_000301.wav,20260909T171541Z-f9bc216ede1adbf54cfdc857-dg-78793475a9ff-000005,17bcaa7d211fd0f128c45730ce1c4cc299490b2fe6fd5cb2cf4439a5c3c4c55f,target,normal,none,none,20260909T171541Z-f9bc216ede1adbf54cfdc857,2,934,18.91756248474121,1,4.153602600097656,1
section_00_test_000302.wav,20260909T171541Z-f9bc216ede1adbf54cfdc857-dg-78793475a9ff-000006,6cab11bdca6127f671118f6355e9e5ebe62368cfb2f0f4fd9d6672eafe8ba52e,target,normal,none,none,20260909T171541Z-f9bc216ede1adbf54cfdc857,2,934,19.197921752929688,1,4.529151916503906,1
section_00_test_000303.wav,20260909T171541Z-f9bc216ede1adbf54cfdc857-dg-78793475a9ff-000009,6567cdea256606ea759913d803b57a95a2a63a892b8b6760f4b643252aecf385,target,normal,none,none,20260909T171541Z-f9bc216ede1adbf54cfdc857,2,934,16.84517478942871,1,3.2553763389587402,1
section_00_test_000304.wav,20260909T171541Z-f9bc216ede1adbf54cfdc857-dg-78793475a9ff-000010,5861c89c6c7f6c9c001d84c0f700a8f91e06006e04774ebfe41a5dd9418eb828,target,normal,none,none,20260909T171541Z-f9bc216ede1adbf54cfdc857,2,934,17.91464614868164,1,2.1576571464538574,1
section_00_test_000305.wav,20260909T171541Z-f9bc216ede1adbf54cfdc857-dg-78793475a9ff-000016,f862081f155c3b8cfc042ffa78640a9475c735e5562bc36bccf200dff231206a,target,normal,none,none,20260909T171541Z-f9bc216ede1adbf54cfdc857,2,934,18.281848907470703,1,1.8103302717208862,1
section_00_test_000306.wav,20260909T171541Z-f9bc216ede1adbf54cfdc857-dg-78793475a9ff-000022,5e5b273aaaf533a965b3f93dbd40404abc84fb7ef01552e7317c2769a10fdb8d,target,normal,none,none,20260909T171541Z-f9bc216ede1adbf54cfdc857,2,934,18.105955123901367,1,2.1406877040863037,1
section_00_test_000307.wav,20260909T171541Z-f9bc216ede1adbf54cfdc857-dg-78793475a9ff-000023,b835b41d59af1d456a0ce61ff3f145a18057e1033d3b9175b5e5e0004b224369,target,normal,none,none,20260909T171541Z-f9bc216ede1adbf54cfdc857,2,934,17.958948135375977,1,1.1388617753982544,1
section_00_test_000308.wav,20260909T171541Z-f9bc216ede1adbf54cfdc857-dg-78793475a9ff-000025,0d9ccd4d877f1d4e262167931bce6a8e2d5e09181e39b3137ea1b890cc897355,target,normal,none,none,20260909T171541Z-f9bc216ede1adbf54cfdc857,2,934,17.87605094909668,1,1.3565741777420044,1
section_00_test_000309.wav,20260909T171541Z-f9bc216ede1adbf54cfdc857-dg-78793475a9ff-000029,fe1c9e42f558b0d881fbb735d8a58eb1c3e8d44cbf4f5dd55e480326955d2bbf,target,normal,none,none,20260909T171541Z-f9bc216ede1adbf54cfdc857,2,934,17.659278869628906,1,1.2680375576019287,1
section_00_test_000310.wav,20260909T171541Z-f9bc216ede1adbf54cfdc857-dg-78793475a9ff-000038,48e2aa3d84925b0a3d1945ad685572e23e741a6ee1b3db161a66c276799056f4,target,normal,none,none,20260909T171541Z-f9bc216ede1adbf54cfdc857,2,934,17.520503997802734,1,1.0765259265899658,1
section_00_test_000311.wav,20260909T171541Z-f9bc216ede1adbf54cfdc857-dg-78793475a9ff-000039,57370fac33b58b81c6e2d88bbcdd077e10a14c0f1336f13ecd9f88f51a8a0680,target,normal,none,none,20260909T171541Z-f9bc216ede1adbf54cfdc857,2,934,17.727867126464844,1,0.9100003838539124,1
section_00_test_000312.wav,20260909T171541Z-f9bc216ede1adbf54cfdc857-dg-78793475a9ff-000044,d93f16df88c1a54e6e7ee733992aa7e21b49bb15c8c11d7b6fa3b5271bcb571a,target,normal,none,none,20260909T171541Z-f9bc216ede1adbf54cfdc857,2,934,17.711570739746094,1,0.6488533020019531,1
section_00_test_000313.wav,20260909T171541Z-f9bc216ede1adbf54cfdc857-dg-78793475a9ff-000048,06d8d1215babc08880d01ed2b663db5240b74deb442b7acb721dfa13aa3b9be6,target,normal,none,none,20260909T171541Z-f9bc216ede1adbf54cfdc857,2,934,17.787242889404297,1,0.44293665885925293,1
section_00_test_000314.wav,20260909T171541Z-f9bc216ede1adbf54cfdc857-dg-78793475a9ff-000056,d3edfdba1fd9fa46aee982e5d53c103341658861dde2d319598a7ea62d6b5ab1,target,normal,none,none,20260909T171541Z-f9bc216ede1adbf54cfdc857,2,934,18.0979061126709,1,0.5720853805541992,1
section_00_test_000315.wav,20260909T171541Z-f9bc216ede1adbf54cfdc857-dg-78793475a9ff-000057,588541404ecd73e441dab4917b6862d919b3d6bb1ae772325a9d878497284e94,target,normal,none,none,20260909T171541Z-f9bc216ede1adbf54cfdc857,2,934,17.733491897583008,1,1.1002626419067383,1
section_00_test_000316.wav,20260909T171541Z-f9bc216ede1adbf54cfdc857-dg-78793475a9ff-000059,6c8a0d1f9b7c64f1a285694f1206bb47946290e1f50898256da896ad02eddf10,target,normal,none,none,20260909T171541Z-f9bc216ede1adbf54cfdc857,2,934,18.024517059326172,1,0.40149712562561035,1
section_00_test_000317.wav,20260909T171541Z-f9bc216ede1adbf54cfdc857-dg-78793475a9ff-000064,8aa59173f583f4ed31a828c35bd8e25f78707843134b7fac540a22eb6cafcf57,target,normal,none,none,20260909T171541Z-f9bc216ede1adbf54cfdc857,2,934,18.1270751953125,1,0.4767927825450897,1
section_00_test_000318.wav,20260909T171541Z-f9bc216ede1adbf54cfdc857-dg-78793475a9ff-000065,b4266fe1662dc5ba200093f68542d3dcc894bb6f7169bd9362b69133ea9aa8e1,target,normal,none,none,20260909T171541Z-f9bc216ede1adbf54cfdc857,2,934,17.808679580688477,1,0.592396080493927,1
section_00_test_000319.wav,20260909T171541Z-f9bc216ede1adbf54cfdc857-dg-78793475a9ff-000066,86e89feff4ff7558694eb120f4ceb1f6fd41f14528230fbf7f2ddc8235df424d,target,normal,none,none,20260909T171541Z-f9bc216ede1adbf54cfdc857,2,934,17.83407974243164,1,0.47561734914779663,1
section_00_test_000320.wav,20260909T171541Z-f9bc216ede1adbf54cfdc857-dg-78793475a9ff-000072,1b93d239a557fbcd104453cb08e4731a651bfcc25a700b4b2ad3b6060bbd613e,target,normal,none,none,20260909T171541Z-f9bc216ede1adbf54cfdc857,2,934,17.63897132873535,1,0.22548383474349976,1
section_00_test_000321.wav,20260909T171541Z-f9bc216ede1adbf54cfdc857-dg-78793475a9ff-000077,36eb95578bce728517e56ed5eebcaf03092fd775a5bae3d2fd9af4bda5149045,target,normal,none,none,20260909T171541Z-f9bc216ede1adbf54cfdc857,2,934,17.439956665039062,1,0.42471757531166077,1
section_00_test_000322.wav,20260909T171541Z-f9bc216ede1adbf54cfdc857-dg-78793475a9ff-000079,415351ec614206cec0ab964d57066aefa5dd6761177bb2624837151651b3312a,target,normal,none,none,20260909T171541Z-f9bc216ede1adbf54cfdc857,2,934,17.94161033630371,1,0.5961959958076477,1
section_00_test_000323.wav,20260909T171541Z-f9bc216ede1adbf54cfdc857-dg-78793475a9ff-000083,172f0af8a160b5ad8adce6532b2db378e56fa9695eeaf9f32e1612c5b9be0df8,target,normal,none,none,20260909T171541Z-f9bc216ede1adbf54cfdc857,2,934,16.325204849243164,1,0.680374026298523,1
section_00_test_000324.wav,20260909T171541Z-f9bc216ede1adbf54cfdc857-dg-78793475a9ff-000088,18422b42dabd5c268aaa02f973aff25a97ca4a8604744188f2043624d6d151b2,target,normal,none,none,20260909T171541Z-f9bc216ede1adbf54cfdc857,2,934,17.55259132385254,1,0.8625634908676147,1
section_00_test_000325.wav,20260909T171541Z-f9bc216ede1adbf54cfdc857-dg-78793475a9ff-000090,f88bf1f79c2288d5a8e55af9c4c40828792eaf608c458dfe655d1055da4f649f,target,normal,none,none,20260909T171541Z-f9bc216ede1adbf54cfdc857,2,934,17.61892318725586,1,0.3858741521835327,1
section_00_test_000326.wav,20260909T171541Z-f9bc216ede1adbf54cfdc857-dg-78793475a9ff-000094,603a5829a37212aa083494a6788bcb951c958dd7585123ac6b9888075ee2dedc,target,normal,none,none,20260909T171541Z-f9bc216ede1adbf54cfdc857,2,934,17.67194175720215,1,0.4020262360572815,1
section_00_test_000327.wav,20260909T171541Z-f9bc216ede1adbf54cfdc857-dg-78793475a9ff-000099,2909a66fa030a07c6fbef8049cbd1562c40da6ea964b26ce46c2bd69d08aa73b,target,normal,none,none,20260909T171541Z-f9bc216ede1adbf54cfdc857,2,934,17.588241577148438,1,0.3996236026287079,1
section_00_test_000328.wav,20260909T171541Z-f9bc216ede1adbf54cfdc857-dg-78793475a9ff-000103,a10e133533090a79168bc029b7a57dda3dd75cd5a31f961c4b0efd0e73fa653a,target,normal,none,none,20260909T171541Z-f9bc216ede1adbf54cfdc857,2,934,17.769563674926758,1,0.5568223595619202,1
section_00_test_000329.wav,20260909T171541Z-f9bc216ede1adbf54cfdc857-dg-78793475a9ff-000104,adeb72afb2f57e4d7a4ea4bc8d86de12c4bdd6098b0131798a17fbdee5606663,target,normal,none,none,20260909T171541Z-f9bc216ede1adbf54cfdc857,2,934,17.854084014892578,1,0.6774968504905701,1
section_00_test_000330.wav,20260909T171541Z-f9bc216ede1adbf54cfdc857-dg-78793475a9ff-000105,22e9603ace40c9f5d76b42abe85200534443bd463097ccc6667d83f50d65820a,target,normal,none,none,20260909T171541Z-f9bc216ede1adbf54cfdc857,2,934,17.576749801635742,1,0.48482444882392883,1
section_00_test_000331.wav,20260909T171541Z-f9bc216ede1adbf54cfdc857-dg-78793475a9ff-000109,9f6265c223e9f1b8f14b7cb3ce85ec0cd13ba014fcbac10b3b68ddbc74017f44,target,normal,none,none,20260909T171541Z-f9bc216ede1adbf54cfdc857,2,934,18.00332260131836,1,0.48645520210266113,1
section_00_test_000332.wav,20260909T171541Z-f9bc216ede1adbf54cfdc857-dg-78793475a9ff-000114,ba0e9df636c7efb998a61de55437a20dc18017442ab866dbd4e291b42e476df8,target,normal,none,none,20260909T171541Z-f9bc216ede1adbf54cfdc857,2,934,17.967670440673828,1,0.5384626984596252,1
section_00_test_000333.wav,20260909T171541Z-f9bc216ede1adbf54cfdc857-dg-78793475a9ff-000115,93c958ebcb95c22e90e2433356be765829070e1fe59ac3d32563c1f35d1f7453,target,normal,none,none,20260909T171541Z-f9bc216ede1adbf54cfdc857,2,934,18.000911712646484,1,0.6591732501983643,1
section_00_test_000334.wav,20260909T171541Z-f9bc216ede1adbf54cfdc857-dg-78793475a9ff-000119,2daf997ba5fbd2031cc2d3f268d599263cfcc088a1d76ebd39ba3fca882e8f15,target,normal,none,none,20260909T171541Z-f9bc216ede1adbf54cfdc857,2,934,18.217451095581055,1,0.5397400856018066,1
section_00_test_000335.wav,20260909T171541Z-f9bc216ede1adbf54cfdc857-dg-78793475a9ff-000120,d011675df419d6726fd7d5eda77d8ca6ce8d5333f971d111206655dbc74074a0,target,normal,none,none,20260909T171541Z-f9bc216ede1adbf54cfdc857,2,934,17.823095321655273,1,0.7385455369949341,1
section_00_test_000336.wav,20260909T171541Z-f9bc216ede1adbf54cfdc857-dg-78793475a9ff-000122,bd445095e792805289ef772e73c2790c81bb054ac79fb07ef660f42dd7219ab0,target,normal,none,none,20260909T171541Z-f9bc216ede1adbf54cfdc857,2,934,17.877649307250977,1,0.7206254005432129,1
section_00_test_000337.wav,20260909T171541Z-f9bc216ede1adbf54cfdc857-dg-78793475a9ff-000123,f8727edeebcfff398f3fa06fae61843638b6f7cbd1e8bce810b3468a3dbfeff4,target,normal,none,none,20260909T171541Z-f9bc216ede1adbf54cfdc857,2,934,17.594449996948242,1,0.8597299456596375,1
section_00_test_000338.wav,20260909T171541Z-f9bc216ede1adbf54cfdc857-dg-78793475a9ff-000125,a963a8d68806051493b5aabeca71c8ab22f3a69d28b11eaeeea23a26a8791d62,target,normal,none,none,20260909T171541Z-f9bc216ede1adbf54cfdc857,2,934,17.839826583862305,1,0.7672036290168762,1
section_00_test_000339.wav,20260909T171541Z-f9bc216ede1adbf54cfdc857-dg-78793475a9ff-000130,c892d329760775e2c7b62b6f673267e0b2f7590b174b596433c8915e70260f82,target,normal,none,none,20260909T171541Z-f9bc216ede1adbf54cfdc857,2,934,17.80988311767578,1,0.8445050716400146,1
section_00_test_000340.wav,20260909T171541Z-f9bc216ede1adbf54cfdc857-dg-78793475a9ff-000131,676e954c4f53d12fa602f17e78e1a30ec643444d11660eba2af167cd6aeb787f,target,normal,none,none,20260909T171541Z-f9bc216ede1adbf54cfdc857,2,934,18.151002883911133,1,0.877069890499115,1
section_00_test_000341.wav,20260909T171541Z-f9bc216ede1adbf54cfdc857-dg-78793475a9ff-000132,59197b17a449eb6fe5a210db6789892b40f68ba80e68c06dece8644c7400d430,target,normal,none,none,20260909T171541Z-f9bc216ede1adbf54cfdc857,2,934,17.928739547729492,1,0.8616024851799011,1
section_00_test_000342.wav,20260909T171541Z-f9bc216ede1adbf54cfdc857-dg-78793475a9ff-000133,47abf00bda8238de5ba81faf137e805be9fa8ceeeef8a10b9987324a52f7852f,target,normal,none,none,20260909T171541Z-f9bc216ede1adbf54cfdc857,2,934,17.879438400268555,1,0.7621115446090698,1
section_00_test_000343.wav,20260909T171541Z-f9bc216ede1adbf54cfdc857-dg-78793475a9ff-000143,0677fa1139b0785f2d88639459880c79a1aec718ec4df3b7e68cb6ff62ed39f1,target,normal,none,none,20260909T171541Z-f9bc216ede1adbf54cfdc857,2,934,17.677593231201172,1,0.8768810033798218,1
section_00_test_000344.wav,20260909T171541Z-f9bc216ede1adbf54cfdc857-dg-78793475a9ff-000148,744e13540acb4891330dba7e28bd211a104d88b0794675d6a1a0da1946b4bf55,target,normal,none,none,20260909T171541Z-f9bc216ede1adbf54cfdc857,2,934,17.867643356323242,1,0.826603353023529,1
section_00_test_000345.wav,20260909T171541Z-f9bc216ede1adbf54cfdc857-dg-78793475a9ff-000152,c566fa38433e2a1885a889fa8139a4add386cb749c28191d4d784fb350f38df7,target,normal,none,none,20260909T171541Z-f9bc216ede1adbf54cfdc857,2,934,17.81276512145996,1,0.6164930462837219,1
section_00_test_000346.wav,20260909T171541Z-f9bc216ede1adbf54cfdc857-dg-78793475a9ff-000154,ac54513162eec1cffc5dbcaa27d3afe786e5c84fcbd6cc46d8214e1e02555e54,target,normal,none,none,20260909T171541Z-f9bc216ede1adbf54cfdc857,2,934,17.93650245666504,1,0.8739428520202637,1
section_00_test_000347.wav,20260909T171541Z-f9bc216ede1adbf54cfdc857-dg-78793475a9ff-000157,e521899ceb4670009a7d9d2d91595faba3451bcff5cf09dafefc4853646ea49d,target,normal,none,none,20260909T171541Z-f9bc216ede1adbf54cfdc857,2,934,18.474031448364258,1,0.828432023525238,1
section_00_test_000348.wav,20260909T171541Z-f9bc216ede1adbf54cfdc857-dg-78793475a9ff-000161,58272025af7b98d7b4a1bd300e487d337cad6a016c0cd0a8db050a2b5fe1061b,target,normal,none,none,20260909T171541Z-f9bc216ede1adbf54cfdc857,2,934,16.652238845825195,1,0.947564423084259,1
section_00_test_000349.wav,20260909T171541Z-f9bc216ede1adbf54cfdc857-dg-78793475a9ff-000164,6ca5c2fcd48fbe0d2c9175837697fba804d9cafd4eabbf5d1a9ee78e166db895,target,normal,none,none,20260909T171541Z-f9bc216ede1adbf54cfdc857,2,934,15.595775604248047,1,0.8422986268997192,1
section_00_test_000350.wav,20260909T171541Z-f9bc216ede1adbf54cfdc857-dg-78793475a9ff-000001,03e9d4a6a6116f3d3db519ce0bd03363b7624881336cfe6142a5b9813aa1c2b0,target,normal,none,none,20260909T171541Z-f9bc216ede1adbf54cfdc857,4,934,18.999568939208984,1,3.1059517860412598,1
section_00_test_000351.wav,20260909T171541Z-f9bc216ede1adbf54cfdc857-dg-78793475a9ff-000008,4970d75822b1733dfc1adf78c62c5023ec72a45bc2df84b679e4f467ca6bc010,target,normal,none,none,20260909T171541Z-f9bc216ede1adbf54cfdc857,4,934,19.61159324645996,1,1.9267830848693848,1
section_00_test_000352.wav,20260909T171541Z-f9bc216ede1adbf54cfdc857-dg-78793475a9ff-000014,395d8008d3d20a81d2c7fb39fbdc43acb67031725736279623056ad7994b16ac,target,normal,none,none,20260909T171541Z-f9bc216ede1adbf54cfdc857,4,934,17.06621551513672,1,0.9439269304275513,1
section_00_test_000353.wav,20260909T171541Z-f9bc216ede1adbf54cfdc857-dg-78793475a9ff-000017,36e7426563310cfbfe6d5455bec2a03f18a5fbcfae906ef3f81a8aab2df81909,target,normal,none,none,20260909T171541Z-f9bc216ede1adbf54cfdc857,4,934,16.841001510620117,1,0.8697142004966736,1
section_00_test_000354.wav,20260909T171541Z-f9bc216ede1adbf54cfdc857-dg-78793475a9ff-000019,b573f32f94d9e0d4acd6bb1b6c5bb523fa9b302f7f0bfd51f7833205be99c6cb,target,normal,none,none,20260909T171541Z-f9bc216ede1adbf54cfdc857,4,934,16.439172744750977,1,0.9722443222999573,1
section_00_test_000355.wav,20260909T171541Z-f9bc216ede1adbf54cfdc857-dg-78793475a9ff-000020,b1f67f7f1211502904e305640b92f5d67d2e8cf58b952e1eaa3f0abb20f02ae7,target,normal,none,none,20260909T171541Z-f9bc216ede1adbf54cfdc857,4,934,16.934436798095703,1,0.7421570420265198,1
section_00_test_000356.wav,20260909T171541Z-f9bc216ede1adbf54cfdc857-dg-78793475a9ff-000024,5c6836cd3120bc872007d4d81aadb1e703611764ba0a038d6597bc0b654ddbdc,target,normal,none,none,20260909T171541Z-f9bc216ede1adbf54cfdc857,4,934,16.595943450927734,1,0.6512219905853271,1
section_00_test_000357.wav,20260909T171541Z-f9bc216ede1adbf54cfdc857-dg-78793475a9ff-000026,9feb78a1daa2c4a039d6cd7bcd45267b0dba6fc37f71bde1f559bc93148e60fb,target,normal,none,none,20260909T171541Z-f9bc216ede1adbf54cfdc857,4,934,16.745052337646484,1,0.8865932822227478,1
section_00_test_000358.wav,20260909T171541Z-f9bc216ede1adbf54cfdc857-dg-78793475a9ff-000028,c7a694261f719f897c56381e61362b53a0117cde958b26f153f5cf116e9c7cbc,target,normal,none,none,20260909T171541Z-f9bc216ede1adbf54cfdc857,4,934,16.525541305541992,1,0.7242241501808167,1
section_00_test_000359.wav,20260909T171541Z-f9bc216ede1adbf54cfdc857-dg-78793475a9ff-000033,0419e19300d317ccde860b370e3f903c1a7126b9733016af6603822223b4d687,target,normal,none,none,20260909T171541Z-f9bc216ede1adbf54cfdc857,4,934,16.760486602783203,1,0.824968695640564,1
section_00_test_000360.wav,20260909T171541Z-f9bc216ede1adbf54cfdc857-dg-78793475a9ff-000036,79ae9c131cf8b535fa0ab02f6e1b9bb07a413fe55ff10544819c4a595f6aa475,target,normal,none,none,20260909T171541Z-f9bc216ede1adbf54cfdc857,4,934,16.5797061920166,1,1.1096386909484863,1
section_00_test_000361.wav,20260909T171541Z-f9bc216ede1adbf54cfdc857-dg-78793475a9ff-000046,f5990f4d635c3cde9040fb676bda2ac2202b1b2c7891b139339973a51c352fc1,target,normal,none,none,20260909T171541Z-f9bc216ede1adbf54cfdc857,4,934,17.258953094482422,1,0.6637179851531982,1
section_00_test_000362.wav,20260909T171541Z-f9bc216ede1adbf54cfdc857-dg-78793475a9ff-000047,c931f66131b1f7047eb3dca48269fd8348a7449ebbe2c683da750a8290c17473,target,normal,none,none,20260909T171541Z-f9bc216ede1adbf54cfdc857,4,934,17.204864501953125,1,0.776175320148468,1
section_00_test_000363.wav,20260909T171541Z-f9bc216ede1adbf54cfdc857-dg-78793475a9ff-000049,5b7f749a015f3ab846ae56dbe3bd199118b96c41130f245b875fb957975517c6,target,normal,none,none,20260909T171541Z-f9bc216ede1adbf54cfdc857,4,934,16.834264755249023,1,0.6775094866752625,1
section_00_test_000364.wav,20260909T171541Z-f9bc216ede1adbf54cfdc857-dg-78793475a9ff-000050,a2d096d73b8b5bf1aa0ea0013486e4ca96da4131ae148f7445185a495cfde897,target,normal,none,none,20260909T171541Z-f9bc216ede1adbf54cfdc857,4,934,17.071067810058594,1,0.6087107062339783,1
section_00_test_000365.wav,20260909T171541Z-f9bc216ede1adbf54cfdc857-dg-78793475a9ff-000051,7f6c007706c13c0cb79cd6575388047dc0c3a70eedd96b85d90ef24bacdb8f0d,target,normal,none,none,20260909T171541Z-f9bc216ede1adbf54cfdc857,4,934,16.8553524017334,1,0.5688425302505493,1
section_00_test_000366.wav,20260909T171541Z-f9bc216ede1adbf54cfdc857-dg-78793475a9ff-000052,402bb083e72d2f2e787cfc3d4773b9cd715267e5c8703ce4d70077b9bcb6f4a8,target,normal,none,none,20260909T171541Z-f9bc216ede1adbf54cfdc857,4,934,16.659204483032227,1,0.9476596713066101,1
section_00_test_000367.wav,20260909T171541Z-f9bc216ede1adbf54cfdc857-dg-78793475a9ff-000053,a9d50253b0731da4ff03bd5a5bb6cfd11caa3fe0cf0443b363243b6ddffd9cc1,target,normal,none,none,20260909T171541Z-f9bc216ede1adbf54cfdc857,4,934,16.28196144104004,1,0.5750351548194885,1
section_00_test_000368.wav,20260909T171541Z-f9bc216ede1adbf54cfdc857-dg-78793475a9ff-000061,f88a3d72fc7546b36e09527dff03094bb4deac2962ad64c8fa619e68c5caf0fa,target,normal,none,none,20260909T171541Z-f9bc216ede1adbf54cfdc857,4,934,17.073287963867188,1,0.5262811779975891,1
section_00_test_000369.wav,20260909T171541Z-f9bc216ede1adbf54cfdc857-dg-78793475a9ff-000063,19a48cdf07ea578c04f2ded22f7bbfdb7eaa9da64717bccca43af3fa1a6689fc,target,normal,none,none,20260909T171541Z-f9bc216ede1adbf54cfdc857,4,934,16.514381408691406,1,0.7742264270782471,1
section_00_test_000370.wav,20260909T171541Z-f9bc216ede1adbf54cfdc857-dg-78793475a9ff-000067,9e97c3f0f8bbcf13b4dbcbc70c999491a974570768e8a85888514d525e74b6af,target,normal,none,none,20260909T171541Z-f9bc216ede1adbf54cfdc857,4,934,16.888803482055664,1,0.7151990532875061,1
section_00_test_000371.wav,20260909T171541Z-f9bc216ede1adbf54cfdc857-dg-78793475a9ff-000068,9362d6fa19ce135ac5e7bc6a8885d9774f3371462d60511bb6330d315377c134,target,normal,none,none,20260909T171541Z-f9bc216ede1adbf54cfdc857,4,934,17.008853912353516,1,0.6306249499320984,1
section_00_test_000372.wav,20260909T171541Z-f9bc216ede1adbf54cfdc857-dg-78793475a9ff-000070,544f1eaea2d7b267de64af78e20fae04653d292df4f8619e4625a6731145b3ae,target,normal,none,none,20260909T171541Z-f9bc216ede1adbf54cfdc857,4,934,16.72748374938965,1,0.6081591844558716,1
section_00_test_000373.wav,20260909T171541Z-f9bc216ede1adbf54cfdc857-dg-78793475a9ff-000073,2b905a6e5bc7b667cb8be9bf422c9a3b5567ecbd27ea6d109a2eafa373deb0fd,target,normal,none,none,20260909T171541Z-f9bc216ede1adbf54cfdc857,4,934,16.9268741607666,1,0.7247611284255981,1
section_00_test_000374.wav,20260909T171541Z-f9bc216ede1adbf54cfdc857-dg-78793475a9ff-000074,613c1e4f472c2c789a4d4c6911b40bc222038a7b20f2ee99b3e842df13551165,target,normal,none,none,20260909T171541Z-f9bc216ede1adbf54cfdc857,4,934,16.740068435668945,1,0.6399524211883545,1
section_00_test_000375.wav,20260909T171541Z-f9bc216ede1adbf54cfdc857-dg-78793475a9ff-000080,9f07312966af65abf97177b8441c264d165f9fe37db79e64398801eec214b3e5,target,normal,none,none,20260909T171541Z-f9bc216ede1adbf54cfdc857,4,934,17.078857421875,1,0.7737943530082703,1
section_00_test_000376.wav,20260909T171541Z-f9bc216ede1adbf54cfdc857-dg-78793475a9ff-000081,8e93a428bc5dff30f16dea484ca608a012173d2655c9a1f78cb8cac27766be60,target,normal,none,none,20260909T171541Z-f9bc216ede1adbf54cfdc857,4,934,17.473424911499023,1,1.4448747634887695,1
section_00_test_000377.wav,20260909T171541Z-f9bc216ede1adbf54cfdc857-dg-78793475a9ff-000085,8717877a98478f33bbfa04a0c89b4da5495654b181a51b97b4e642411cb533ce,target,normal,none,none,20260909T171541Z-f9bc216ede1adbf54cfdc857,4,934,16.893653869628906,1,0.7586123943328857,1
section_00_test_000378.wav,20260909T171541Z-f9bc216ede1adbf54cfdc857-dg-78793475a9ff-000087,bcc4bba2ae99e6593e7c62c4cb0fc22dbded2f43bdd50742122cec05e3f15779,target,normal,none,none,20260909T171541Z-f9bc216ede1adbf54cfdc857,4,934,16.56578254699707,1,0.7652394771575928,1
section_00_test_000379.wav,20260909T171541Z-f9bc216ede1adbf54cfdc857-dg-78793475a9ff-000092,07e757d804c0e3cdbd6f7167ebc9bba7d1bcebbbf570504f3015067af2883922,target,normal,none,none,20260909T171541Z-f9bc216ede1adbf54cfdc857,4,934,16.588380813598633,1,0.5365456938743591,1
section_00_test_000380.wav,20260909T171541Z-f9bc216ede1adbf54cfdc857-dg-78793475a9ff-000093,1b905da682701fd97355437876bcc4e9cdfa488087f852273e563d3bd2d51111,target,normal,none,none,20260909T171541Z-f9bc216ede1adbf54cfdc857,4,934,16.5307674407959,1,0.5111494660377502,1
section_00_test_000381.wav,20260909T171541Z-f9bc216ede1adbf54cfdc857-dg-78793475a9ff-000096,673b7f0a4087c38c682ad09be1dfb126b7cfc66ba36ce4e553253fae2eb37c28,target,normal,none,none,20260909T171541Z-f9bc216ede1adbf54cfdc857,4,934,16.617834091186523,1,0.7641293406486511,1
section_00_test_000382.wav,20260909T171541Z-f9bc216ede1adbf54cfdc857-dg-78793475a9ff-000098,5bace4e141bdaa2952ff330718b2385353d90f2776fca0f67dcdf8e9597fc2e0,target,normal,none,none,20260909T171541Z-f9bc216ede1adbf54cfdc857,4,934,16.41533088684082,1,0.5310065150260925,1
section_00_test_000383.wav,20260909T171541Z-f9bc216ede1adbf54cfdc857-dg-78793475a9ff-000100,f57f9513d0302e0e467f591f381d06223c3b4730bdd1e29a2d14c082f283d439,target,normal,none,none,20260909T171541Z-f9bc216ede1adbf54cfdc857,4,934,16.702396392822266,1,0.6482537984848022,1
section_00_test_000384.wav,20260909T171541Z-f9bc216ede1adbf54cfdc857-dg-78793475a9ff-000108,bc9040d203b438c9ded1867ae2a84261cb4b6827860f780827dfc6167b3fc491,target,normal,none,none,20260909T171541Z-f9bc216ede1adbf54cfdc857,4,934,16.538471221923828,1,0.5725254416465759,1
section_00_test_000385.wav,20260909T171541Z-f9bc216ede1adbf54cfdc857-dg-78793475a9ff-000110,1d228ed1787c8401129e4941b302c89c7daaf79c21784189be429dc498b0d019,target,normal,none,none,20260909T171541Z-f9bc216ede1adbf54cfdc857,4,934,16.716638565063477,1,0.6856351494789124,1
section_00_test_000386.wav,20260909T171541Z-f9bc216ede1adbf54cfdc857-dg-78793475a9ff-000112,7a5296b7e8927ddb096f3aa4f32f4b0cc36c65a8ba3c6d65f3c545a966b29df3,target,normal,none,none,20260909T171541Z-f9bc216ede1adbf54cfdc857,4,934,16.76279067993164,1,0.7188615202903748,1
section_00_test_000387.wav,20260909T171541Z-f9bc216ede1adbf54cfdc857-dg-78793475a9ff-000121,332868e2fb7f782c6745ea5a78cc95ae4a1742b6dc241501b562cda2549992e8,target,normal,none,none,20260909T171541Z-f9bc216ede1adbf54cfdc857,4,934,16.77186393737793,1,0.6166957020759583,1
section_00_test_000388.wav,20260909T171541Z-f9bc216ede1adbf54cfdc857-dg-78793475a9ff-000126,85cb343945c4e43d04697ad0c9212e6daec210623eaad74794b7c0d304d4dde8,target,normal,none,none,20260909T171541Z-f9bc216ede1adbf54cfdc857,4,934,17.047855377197266,1,0.5770690441131592,1
section_00_test_000389.wav,20260909T171541Z-f9bc216ede1adbf54cfdc857-dg-78793475a9ff-000128,ecc7d0f6c835ad279c06e2e53f52dcc09bb42881e696cd50a0cf42909377cb25,target,normal,none,none,20260909T171541Z-f9bc216ede1adbf54cfdc857,4,934,17.19154167175293,1,0.6491283774375916,1
section_00_test_000390.wav,20260909T171541Z-f9bc216ede1adbf54cfdc857-dg-78793475a9ff-000129,68cb3a13607ebf61e436a2fd3f427a377c50eb1cdd9a6cdcf5c4a91235ccc9f0,target,normal,none,none,20260909T171541Z-f9bc216ede1adbf54cfdc857,4,934,17.07877540588379,1,0.5853452682495117,1
section_00_test_000391.wav,20260909T171541Z-f9bc216ede1adbf54cfdc857-dg-78793475a9ff-000135,c9de5e3a47e1b9c013f533dfb6726faf4afd52fff6fc717a518fb4c3d1c4dcd4,target,normal,none,none,20260909T171541Z-f9bc216ede1adbf54cfdc857,4,934,16.968481063842773,1,0.7001151442527771,1
section_00_test_000392.wav,20260909T171541Z-f9bc216ede1adbf54cfdc857-dg-78793475a9ff-000136,519dc02d8bf5085233f4a65a28265d6ed55b30eae1b8f283ce4840ece9c61925,target,normal,none,none,20260909T171541Z-f9bc216ede1adbf54cfdc857,4,934,17.077178955078125,1,0.49434131383895874,1
section_00_test_000393.wav,20260909T171541Z-f9bc216ede1adbf54cfdc857-dg-78793475a9ff-000141,dca40bff44a2675e12fe1732d2a083f4250c7ff797e5f210ae35302e70406ebb,target,normal,none,none,20260909T171541Z-f9bc216ede1adbf54cfdc857,4,934,16.92826271057129,1,0.6985450983047485,1
section_00_test_000394.wav,20260909T171541Z-f9bc216ede1adbf54cfdc857-dg-78793475a9ff-000145,9f39aaf14962b6cda4f3f6d4923d5593169abf2c149076f6ee246c758b0a99e0,target,normal,none,none,20260909T171541Z-f9bc216ede1adbf54cfdc857,4,934,16.910476684570312,1,0.6657686829566956,1
section_00_test_000395.wav,20260909T171541Z-f9bc216ede1adbf54cfdc857-dg-78793475a9ff-000146,c1b1405b19218422edb29160ce83483e8c93c4f815b662eef1a6d1aea6615521,target,normal,none,none,20260909T171541Z-f9bc216ede1adbf54cfdc857,4,934,17.102249145507812,1,0.5613381862640381,1
section_00_test_000396.wav,20260909T171541Z-f9bc216ede1adbf54cfdc857-dg-78793475a9ff-000155,5af4e39f0c47be6652c1ad75ff8460a64616f43e5b640e5f0bae6d0f906d3615,target,normal,none,none,20260909T171541Z-f9bc216ede1adbf54cfdc857,4,934,16.987791061401367,1,0.6423618197441101,1
section_00_test_000397.wav,20260909T171541Z-f9bc216ede1adbf54cfdc857-dg-78793475a9ff-000156,cb76b36fb790c614eb2ec4525fe62cc30163864b77d98d275265078db89e3ba7,target,normal,none,none,20260909T171541Z-f9bc216ede1adbf54cfdc857,4,934,17.132139205932617,1,0.7454985976219177,1
section_00_test_000398.wav,20260909T171541Z-f9bc216ede1adbf54cfdc857-dg-78793475a9ff-000158,96baef470f9c111c55f6d2b668654f8e9e9e507531454235364e70f996cdaf12,target,normal,none,none,20260909T171541Z-f9bc216ede1adbf54cfdc857,4,934,15.416491508483887,1,0.6631463766098022,1
section_00_test_000399.wav,20260909T171541Z-f9bc216ede1adbf54cfdc857-dg-78793475a9ff-000160,9df119729ada77902b95124444a513511aea262f862d07137d472ca55c2b28e6,target,normal,none,none,20260909T171541Z-f9bc216ede1adbf54cfdc857,4,934,16.163244247436523,1,0.45972704887390137,1
