filename,clip_uid,audio_sha256,domain,label,fault_family,fault_subtype,session_id,channel_id,vectors,MSE,MSE_decision,MAHALA,MAHALA_decision
section_00_test_000000.wav,20260902T123012Z-4cf6ff5d308fab84abd455c2-dg-83bd84d7964d-000076,af35d5263081a183b3ba82697cc488d6fd1477fd9362ca1121617ae3869f4091,source,anomaly,belt_tension_abnormal,belt_a,20260902T123012Z-4cf6ff5d308fab84abd455c2,2,934,15.651556015014648,1,0.824939489364624,1
section_00_test_000001.wav,20260902T123012Z-4cf6ff5d308fab84abd455c2-dg-83bd84d7964d-000100,f442f2de2131bc9d779c02b892c93538379641c3f4d65c58dd9fc94f7076c351,source,anomaly,belt_tension_abnormal,belt_a,20260902T123012Z-4cf6ff5d308fab84abd455c2,2,934,16.038557052612305,1,1.1173795461654663,1
section_00_test_000002.wav,20260902T123012Z-4cf6ff5d308fab84abd455c2-dg-83bd84d7964d-000104,9ad23fd1ea7ebe6c3704b03ab0490212f88b82b8fc8669cd7b87ec3a9cf852bb,source,anomaly,belt_tension_abnormal,belt_a,20260902T123012Z-4cf6ff5d308fab84abd455c2,2,934,15.923791885375977,1,1.1156232357025146,1
section_00_test_000003.wav,20260902T160129Z-7bf957baa43106e95892839f-dg-abd0479e1929-000021,fb71dbfe66630509af355476bacf0b86318aafe89f4c4aeed5854cc448a8a884,source,anomaly,belt_tension_abnormal,belt_a_b,20260902T160129Z-7bf957baa43106e95892839f,2,934,19.650951385498047,1,2.5197019577026367,1
section_00_test_000004.wav,20260902T160129Z-7bf957baa43106e95892839f-dg-abd0479e1929-000048,a0692b5154860d68af8d8728d2971fdf5e49b3b759ecbc2c5d16897076c87c00,source,anomaly,belt_tension_abnormal,belt_a_b,20260902T160129Z-7bf957baa43106e95892839f,2,934,16.426382064819336,1,1.3906688690185547,1
section_00_test_000005.wav,20260903T035843Z-da2337039d4a903e210d8513-dg-a7222c8d5e48-000049,1ca31212a99474febe78673365048529a94a408b5046eba50ea58202464ada0a,source,anomaly,belt_tension_abnormal,belt_b,20260903T035843Z-da2337039d4a903e210d8513,2,934,16.418548583984375,1,1.8760361671447754,1
section_00_test_000006.wav,20260903T035843Z-da2337039d4a903e210d8513-dg-a7222c8d5e48-000081,fa198b1860872c9ae97ea558cf0d6c58be96b790eca2d6384803b69a163afc6a,source,anomaly,belt_tension_abnormal,belt_b,20260903T035843Z-da2337039d4a903e210d8513,2,934,15.29850959777832,1,1.642356514930725,1
section_00_test_000007.wav,20260904T005200Z-3ad8dce5db7644aaf167f162-dg-17c600513d9e-000018,7fb75314cde5dd819a6576308b02e12a7ae6829763165c36c720ec6e82f13c7d,source,anomaly,extruder_cogging_or_no_extrusion,extruder_cogging_or_no_extrusion,20260904T005200Z-3ad8dce5db7644aaf167f162,2,934,20.612213134765625,1,3.3636655807495117,1
section_00_test_000008.wav,20260904T005200Z-3ad8dce5db7644aaf167f162-dg-17c600513d9e-000052,9145c27132d28cf9cdd1581b69decc0b0e8c7b20d10adfa696b33e0ad7393bd6,source,anomaly,extruder_cogging_or_no_extrusion,extruder_cogging_or_no_extrusion,20260904T005200Z-3ad8dce5db7644aaf167f162,2,934,16.901737213134766,1,1.9805599451065063,1
section_00_test_000009.wav,20260904T005200Z-3ad8dce5db7644aaf167f162-dg-17c600513d9e-000056,ef6882a7694f62ff471ca9a15610d186e13ca99a0f223a420fe28d91bb33f38e,source,anomaly,extruder_cogging_or_no_extrusion,extruder_cogging_or_no_extrusion,20260904T005200Z-3ad8dce5db7644aaf167f162,2,934,16.761938095092773,1,1.5184130668640137,1
section_00_test_000010.wav,20260904T005200Z-3ad8dce5db7644aaf167f162-dg-17c600513d9e-000085,630c1a8f4f84268c862e1b8b4101b98e59367888584401204c3cd499df4f6fbc,source,anomaly,extruder_cogging_or_no_extrusion,extruder_cogging_or_no_extrusion,20260904T005200Z-3ad8dce5db7644aaf167f162,2,934,18.111888885498047,1,1.706580400466919,1
section_00_test_000011.wav,20260904T005200Z-3ad8dce5db7644aaf167f162-dg-17c600513d9e-000110,1f94f154588c9b2d28757c2a6e962f817ecb3c1784c9b34af7360b353d893c91,source,anomaly,extruder_cogging_or_no_extrusion,extruder_cogging_or_no_extrusion,20260904T005200Z-3ad8dce5db7644aaf167f162,2,934,16.329240798950195,1,1.0491416454315186,1
section_00_test_000012.wav,20260904T005200Z-3ad8dce5db7644aaf167f162-dg-17c600513d9e-000137,607407451f626e0f5af6aae3b19d4b4a038565eefbd8e4b13507792997067d85,source,anomaly,extruder_cogging_or_no_extrusion,extruder_cogging_or_no_extrusion,20260904T005200Z-3ad8dce5db7644aaf167f162,2,934,17.93865966796875,1,1.316150188446045,1
section_00_test_000013.wav,20260904T041741Z-98e45a94c78b3bad81b186f9-dg-e4196811230a-000039,7a0c528b0602a1b3a9eb47d8e49af21d936556114207e63fac07e282aab96b3d,source,anomaly,toolhead_collision,collision_x-min,20260904T041741Z-98e45a94c78b3bad81b186f9,2,934,126.9903793334961,1,118.82367706298828,1
section_00_test_000014.wav,20260904T051124Z-78b858c83cc199a82cf05f9a-dg-a34349efc09d-000053,7b35c81ef1545c50cf2e4b1a6ac0ea6ac88344b5454e80674902339c011ebf7e,source,anomaly,toolhead_collision,collision_x-max,20260904T051124Z-78b858c83cc199a82cf05f9a,2,934,162.25863647460938,1,181.63099670410156,1
section_00_test_000015.wav,20260904T054447Z-8072f6f8e5d3c14cc1ccbf80-dg-4dfa4b70d712-000001,1b2ac5a536bae9bb40423982682c84cf220a86649dcbf571101b77a5c0b798f6,source,anomaly,toolhead_collision,collision_y-max,20260904T054447Z-8072f6f8e5d3c14cc1ccbf80,2,934,156.65328979492188,1,165.09703063964844,1
section_00_test_000016.wav,20260904T054447Z-8072f6f8e5d3c14cc1ccbf80-dg-4dfa4b70d712-000022,6f837be2e6ad0a3caeec0ae21c6abaf12593514eac5316bdeedaf677132e0bd8,source,anomaly,toolhead_collision,collision_y-max,20260904T054447Z-8072f6f8e5d3c14cc1ccbf80,2,934,168.8094940185547,1,189.84292602539062,1
section_00_test_000017.wav,20260904T061543Z-b30bb3da9e9de761d2a45c4e-dg-15faaaa17cc1-000020,2abeac45f15fe66fbe0fdcd74cec28d626a06b87bfbe321a4ef6af8b14b04105,source,anomaly,toolhead_collision,collision_x-min-y-max,20260904T061543Z-b30bb3da9e9de761d2a45c4e,2,934,186.62408447265625,1,194.286376953125,1
section_00_test_000018.wav,20260904T065059Z-4724e8d91a9a89e1d78afb78-dg-c1d0d0238e6f-000004,ad8fc248801d1d4f098a18fe13ee62c276ebb4513c5e56aa490779748d4205d9,source,anomaly,toolhead_collision,collision_x-max-y-max,20260904T065059Z-4724e8d91a9a89e1d78afb78,2,934,142.50294494628906,1,166.77590942382812,1
section_00_test_000019.wav,20260904T100827Z-e8ef9c656ea5667a80bdcfa9-dg-83ea56886dfd-000010,71a615b97dca0b722f19861045ea65e68dbaa060dfa20381acab30ece56e0ed5,source,anomaly,cooling_fan_fault,cooling_fan_fault,20260904T100827Z-e8ef9c656ea5667a80bdcfa9,2,934,34.963218688964844,1,16.791776657104492,1
section_00_test_000020.wav,20260904T100827Z-e8ef9c656ea5667a80bdcfa9-dg-83ea56886dfd-000033,4de6d65f49c133a4157425a1acbefc4821c18071d471e54bde103d7580f32886,source,anomaly,cooling_fan_fault,cooling_fan_fault,20260904T100827Z-e8ef9c656ea5667a80bdcfa9,2,934,29.317256927490234,1,9.233026504516602,1
section_00_test_000021.wav,20260904T100827Z-e8ef9c656ea5667a80bdcfa9-dg-83ea56886dfd-000053,39d1df3573a6e5efe56bf33cd554461613493579f7ba1c1fed0883c325c32e7f,source,anomaly,cooling_fan_fault,cooling_fan_fault,20260904T100827Z-e8ef9c656ea5667a80bdcfa9,2,934,25.8708553314209,1,8.5326566696167,1
section_00_test_000022.wav,20260904T100827Z-e8ef9c656ea5667a80bdcfa9-dg-83ea56886dfd-000074,cac4ff7bd3c0e04ac99fce4a073598731cfdc0043ddcc4d7f850e65c594e6215,source,anomaly,cooling_fan_fault,cooling_fan_fault,20260904T100827Z-e8ef9c656ea5667a80bdcfa9,2,934,26.14120101928711,1,7.928493022918701,1
section_00_test_000023.wav,20260904T100827Z-e8ef9c656ea5667a80bdcfa9-dg-83ea56886dfd-000113,74a0711211c2520b9def895e2a3a5789ff521a3b8b35cdb8c7bda1ebaa69328f,source,anomaly,cooling_fan_fault,cooling_fan_fault,20260904T100827Z-e8ef9c656ea5667a80bdcfa9,2,934,25.346452713012695,1,7.693032264709473,1
section_00_test_000024.wav,20260904T100827Z-e8ef9c656ea5667a80bdcfa9-dg-83ea56886dfd-000151,0a6fffefabd2b42310381b7f1903e2c04b6640e1733f18a4c9e1fa7b361b493c,source,anomaly,cooling_fan_fault,cooling_fan_fault,20260904T100827Z-e8ef9c656ea5667a80bdcfa9,2,934,37.72795867919922,1,12.52062702178955,1
section_00_test_000025.wav,20260902T123012Z-4cf6ff5d308fab84abd455c2-dg-83bd84d7964d-000091,39d5c5284582ea31623333e71aebb6f1d017d5eefa4ff16fdea9e7a05ac7e053,source,anomaly,belt_tension_abnormal,belt_a,20260902T123012Z-4cf6ff5d308fab84abd455c2,4,934,16.171613693237305,1,0.8783590793609619,1
section_00_test_000026.wav,20260902T123012Z-4cf6ff5d308fab84abd455c2-dg-83bd84d7964d-000114,c3c30f0527d557014aa9169dae5eff85374ed767eea6b18410dfc3691a6b9c04,source,anomaly,belt_tension_abnormal,belt_a,20260902T123012Z-4cf6ff5d308fab84abd455c2,4,934,15.73377799987793,1,0.8072028160095215,1
section_00_test_000027.wav,20260902T160129Z-7bf957baa43106e95892839f-dg-abd0479e1929-000015,2eecd915ec27649c162c80ed5ec088c97affd8b61e6570226354c30ccd39c96d,source,anomaly,belt_tension_abnormal,belt_a_b,20260902T160129Z-7bf957baa43106e95892839f,4,934,25.968332290649414,1,7.228632926940918,1
section_00_test_000028.wav,20260902T160129Z-7bf957baa43106e95892839f-dg-abd0479e1929-000056,e1248cf5ae57793ef4bd145506b26015b4b14511445b4abae0cf0403d02a143f,source,anomaly,belt_tension_abnormal,belt_a_b,20260902T160129Z-7bf957baa43106e95892839f,4,934,17.065513610839844,1,2.3234713077545166,1
section_00_test_000029.wav,20260903T035843Z-da2337039d4a903e210d8513-dg-a7222c8d5e48-000111,06569ddc86359a12341b8581fd8561d7e972caf9d62677ab7471935c02ead400,source,anomaly,belt_tension_abnormal,belt_b,20260903T035843Z-da2337039d4a903e210d8513,4,934,18.162994384765625,1,3.548191547393799,1
section_00_test_000030.wav,20260903T035843Z-da2337039d4a903e210d8513-dg-a7222c8d5e48-000116,af10cf208551250856903ffcbd26a380085fa9cb759be2955a28dc3d51572681,source,anomaly,belt_tension_abnormal,belt_b,20260903T035843Z-da2337039d4a903e210d8513,4,934,19.292593002319336,1,4.767882823944092,1
section_00_test_000031.wav,20260904T005200Z-3ad8dce5db7644aaf167f162-dg-17c600513d9e-000028,af3fb33918c9ecad4297a472fbb4f4abe644d6b5215433f431b0c8b2f85f411a,source,anomaly,extruder_cogging_or_no_extrusion,extruder_cogging_or_no_extrusion,20260904T005200Z-3ad8dce5db7644aaf167f162,4,934,22.12510871887207,1,4.518131256103516,1
section_00_test_000032.wav,20260904T005200Z-3ad8dce5db7644aaf167f162-dg-17c600513d9e-000069,b458c1da34de2f3e80895cefd4969362abefd75d3d289a4d2e98063a4076b2ef,source,anomaly,extruder_cogging_or_no_extrusion,extruder_cogging_or_no_extrusion,20260904T005200Z-3ad8dce5db7644aaf167f162,4,934,17.97705078125,1,2.4406416416168213,1
section_00_test_000033.wav,20260904T005200Z-3ad8dce5db7644aaf167f162-dg-17c600513d9e-000106,372f84fdb2df974fe6f54f87b1223edb8d9238b0a5bb6e96b9c59a12acfb1c3f,source,anomaly,extruder_cogging_or_no_extrusion,extruder_cogging_or_no_extrusion,20260904T005200Z-3ad8dce5db7644aaf167f162,4,934,17.962636947631836,1,2.2812106609344482,1
section_00_test_000034.wav,20260904T005200Z-3ad8dce5db7644aaf167f162-dg-17c600513d9e-000109,2ea2df2636068623a393dee0967961ffb657f8175ab4b0a642e82d59a8c5358e,source,anomaly,extruder_cogging_or_no_extrusion,extruder_cogging_or_no_extrusion,20260904T005200Z-3ad8dce5db7644aaf167f162,4,934,18.136302947998047,1,5.302633762359619,1
section_00_test_000035.wav,20260904T005200Z-3ad8dce5db7644aaf167f162-dg-17c600513d9e-000114,422532f4f61f2942276b9e0fcc0fabcd929e1dfe4f027d06627ece5f0d5ea4df,source,anomaly,extruder_cogging_or_no_extrusion,extruder_cogging_or_no_extrusion,20260904T005200Z-3ad8dce5db7644aaf167f162,4,934,18.930021286010742,1,5.013925552368164,1
section_00_test_000036.wav,20260904T005200Z-3ad8dce5db7644aaf167f162-dg-17c600513d9e-000131,6b6085cd2d8165d2e78941796d1aecaf2b19d73df91aba1699fa562a837114e7,source,anomaly,extruder_cogging_or_no_extrusion,extruder_cogging_or_no_extrusion,20260904T005200Z-3ad8dce5db7644aaf167f162,4,934,21.486894607543945,1,3.1774415969848633,1
section_00_test_000037.wav,20260904T041741Z-98e45a94c78b3bad81b186f9-dg-e4196811230a-000027,10b3056cfc2f37495d711b92f4bb256f2df48fcd0309d253d6c81e5b14cc62c5,source,anomaly,toolhead_collision,collision_x-min,20260904T041741Z-98e45a94c78b3bad81b186f9,4,934,98.32001495361328,1,111.02700805664062,1
section_00_test_000038.wav,20260904T051124Z-78b858c83cc199a82cf05f9a-dg-a34349efc09d-000013,f884d5bb916be9cf924a148f5a69fd39a9c984c2212055690509a8b2fc13e90b,source,anomaly,toolhead_collision,collision_x-max,20260904T051124Z-78b858c83cc199a82cf05f9a,4,934,109.94110107421875,1,109.73558807373047,1
section_00_test_000039.wav,20260904T051124Z-78b858c83cc199a82cf05f9a-dg-a34349efc09d-000056,d66c55364186ac185dd78ce4ee37e3e46755038665ec2ea2dc0f67cbb738bb23,source,anomaly,toolhead_collision,collision_x-max,20260904T051124Z-78b858c83cc199a82cf05f9a,4,934,117.87361145019531,1,109.379150390625,1
section_00_test_000040.wav,20260904T061543Z-b30bb3da9e9de761d2a45c4e-dg-15faaaa17cc1-000003,764de9db0b98bcba895d51e13fc5298b2dbca7c6344392573f28f187fd15bd10,source,anomaly,toolhead_collision,collision_x-min-y-max,20260904T061543Z-b30bb3da9e9de761d2a45c4e,4,934,105.05952453613281,1,122.2618179321289,1
section_00_test_000041.wav,20260904T061543Z-b30bb3da9e9de761d2a45c4e-dg-15faaaa17cc1-000044,0a32b1de69d301c9d01747ff7b77940387c550dbfb995bbb6ffbe39012413d47,source,anomaly,toolhead_collision,collision_x-min-y-max,20260904T061543Z-b30bb3da9e9de761d2a45c4e,4,934,109.24991607666016,1,96.11942291259766,1
section_00_test_000042.wav,20260904T065059Z-4724e8d91a9a89e1d78afb78-dg-c1d0d0238e6f-000001,d36f7a4600c69ffffa9632aabb26986980708708bf93b786c06f22dcb5564e59,source,anomaly,toolhead_collision,collision_x-max-y-max,20260904T065059Z-4724e8d91a9a89e1d78afb78,4,934,88.35710906982422,1,94.4554672241211,1
section_00_test_000043.wav,20260904T100827Z-e8ef9c656ea5667a80bdcfa9-dg-83ea56886dfd-000012,83088ac99aee1b79478a2dcda077c39288225446eef1957d33fa1090fe60c43b,source,anomaly,cooling_fan_fault,cooling_fan_fault,20260904T100827Z-e8ef9c656ea5667a80bdcfa9,4,934,26.289567947387695,1,8.030282020568848,1
section_00_test_000044.wav,20260904T100827Z-e8ef9c656ea5667a80bdcfa9-dg-83ea56886dfd-000062,efeaae6c287090eee565d3e05eaf143c301cb403c7c9b2c2b984c6a15ddb57ee,source,anomaly,cooling_fan_fault,cooling_fan_fault,20260904T100827Z-e8ef9c656ea5667a80bdcfa9,4,934,18.463428497314453,1,2.445612907409668,1
section_00_test_000045.wav,20260904T100827Z-e8ef9c656ea5667a80bdcfa9-dg-83ea56886dfd-000072,bd0acc5ec671d9b194286a64f1b6a4bb7dc95358453af6c7760d4645388544f9,source,anomaly,cooling_fan_fault,cooling_fan_fault,20260904T100827Z-e8ef9c656ea5667a80bdcfa9,4,934,20.193269729614258,1,2.6590378284454346,1
section_00_test_000046.wav,20260904T100827Z-e8ef9c656ea5667a80bdcfa9-dg-83ea56886dfd-000095,4667bd44f22a49446c688fe29a404de3ea39ae6052759ad526bd44610acb718a,source,anomaly,cooling_fan_fault,cooling_fan_fault,20260904T100827Z-e8ef9c656ea5667a80bdcfa9,4,934,19.014949798583984,1,3.176445960998535,1
section_00_test_000047.wav,20260904T100827Z-e8ef9c656ea5667a80bdcfa9-dg-83ea56886dfd-000108,f4ebc725779306861b57bbb4966b8d1f20a2d26da5aaabec9a321c386d3e82e7,source,anomaly,cooling_fan_fault,cooling_fan_fault,20260904T100827Z-e8ef9c656ea5667a80bdcfa9,4,934,20.098711013793945,1,2.8161027431488037,1
section_00_test_000048.wav,20260904T100827Z-e8ef9c656ea5667a80bdcfa9-dg-83ea56886dfd-000131,4ebaf106784d80527f40021c53a154dec052ffebf72727e193ffb0b72e66294f,source,anomaly,cooling_fan_fault,cooling_fan_fault,20260904T100827Z-e8ef9c656ea5667a80bdcfa9,4,934,23.11933135986328,1,2.684718370437622,1
section_00_test_000049.wav,20260904T100827Z-e8ef9c656ea5667a80bdcfa9-dg-83ea56886dfd-000164,0813ff8ff7a78e293e24e78e8c3310a5deaba5650c9200af0cf81decfcb5bdf1,source,anomaly,cooling_fan_fault,cooling_fan_fault,20260904T100827Z-e8ef9c656ea5667a80bdcfa9,4,934,23.015798568725586,1,4.9216227531433105,1
section_00_test_000050.wav,20260911T072024Z-9c2abb50e4c856716bf9acd2-dg-e2ad6c05e474-000128,05169484a057838476ae90e41015729173666eab5383bae3bc83ecdee8be13ef,source,anomaly,belt_tension_abnormal,belt_a,20260911T072024Z-9c2abb50e4c856716bf9acd2,2,934,16.6107120513916,1,1.632263422012329,1
section_00_test_000051.wav,20260911T072024Z-9c2abb50e4c856716bf9acd2-dg-e2ad6c05e474-000130,e23847390072e6b4b3f2f9b1c1c1bbada2b9f722f4639da429d311aabb1a465d,source,anomaly,belt_tension_abnormal,belt_a,20260911T072024Z-9c2abb50e4c856716bf9acd2,2,934,16.711820602416992,1,1.6047708988189697,1
section_00_test_000052.wav,20260911T100852Z-935bf74e9aedf0b13bd4e62d-dg-6f3fb0a8e2ae-000040,26070540f85e78a61f88db74dad6eac2c40fb360d40bf8dd60f0ede240ce851a,source,anomaly,belt_tension_abnormal,belt_a_b,20260911T100852Z-935bf74e9aedf0b13bd4e62d,2,934,16.72838020324707,1,1.5375202894210815,1
section_00_test_000053.wav,20260911T100852Z-935bf74e9aedf0b13bd4e62d-dg-6f3fb0a8e2ae-000141,f46ba01a149c945965655944a476dc0518a46d1b0936dcf02a5e19f411aba16c,source,anomaly,belt_tension_abnormal,belt_a_b,20260911T100852Z-935bf74e9aedf0b13bd4e62d,2,934,16.73587989807129,1,1.1704157590866089,1
section_00_test_000054.wav,20260911T120031Z-f1914c9803ce0695cce4e620-dg-7ed01a3e0bad-000016,8c7be51d5ae7bba754e14b5ebe3aa684b777e3319b8929afe20c9e6a3c9a311d,source,anomaly,belt_tension_abnormal,belt_b,20260911T120031Z-f1914c9803ce0695cce4e620,2,934,18.99610137939453,1,3.864671468734741,1
section_00_test_000055.wav,20260911T120031Z-f1914c9803ce0695cce4e620-dg-7ed01a3e0bad-000123,cfc404ca81b5df0d77edf86a7b35f2ed7c2f3ac4ea7061ded34e4df0ce452ef1,source,anomaly,belt_tension_abnormal,belt_b,20260911T120031Z-f1914c9803ce0695cce4e620,2,934,17.432594299316406,1,2.5293383598327637,1
section_00_test_000056.wav,20260911T161000Z-07d176b0060ac87418627156-dg-36bae53d1250-000006,fbba9b32046d658f61f70513191eac25548ec360f415bf410276852c13565253,source,anomaly,extruder_cogging_or_no_extrusion,extruder_cogging_or_no_extrusion,20260911T161000Z-07d176b0060ac87418627156,2,934,22.889284133911133,1,13.420034408569336,1
section_00_test_000057.wav,20260911T161000Z-07d176b0060ac87418627156-dg-36bae53d1250-000014,856d2366f9af709d922cc5052fdac6fec91783628d3921b78e697605450e630a,source,anomaly,extruder_cogging_or_no_extrusion,extruder_cogging_or_no_extrusion,20260911T161000Z-07d176b0060ac87418627156,2,934,21.226789474487305,1,7.289474964141846,1
section_00_test_000058.wav,20260911T161000Z-07d176b0060ac87418627156-dg-36bae53d1250-000023,3ad700640c68a0708ede2dfa4844cc15903a419bdf6dcf43fb4e885cbfe48184,source,anomaly,extruder_cogging_or_no_extrusion,extruder_cogging_or_no_extrusion,20260911T161000Z-07d176b0060ac87418627156,2,934,20.5709171295166,1,5.788791179656982,1
section_00_test_000059.wav,20260911T161000Z-07d176b0060ac87418627156-dg-36bae53d1250-000039,bad5d80ac89582144f8345634ebec9bb608099d91149d743868f6a0dc0a3d84c,source,anomaly,extruder_cogging_or_no_extrusion,extruder_cogging_or_no_extrusion,20260911T161000Z-07d176b0060ac87418627156,2,934,20.241561889648438,1,5.769773483276367,1
section_00_test_000060.wav,20260911T161000Z-07d176b0060ac87418627156-dg-36bae53d1250-000083,a030b0adbe8318669faaee4f077677e053383b1599c353c0a0dd7bc7aa1fff79,source,anomaly,extruder_cogging_or_no_extrusion,extruder_cogging_or_no_extrusion,20260911T161000Z-07d176b0060ac87418627156,2,934,21.420597076416016,1,6.961838245391846,1
section_00_test_000061.wav,20260911T161000Z-07d176b0060ac87418627156-dg-36bae53d1250-000087,25b2920f7deceb4edfcc36db5cf6409ca1e6c5c5932b82eca93cb8695a5497aa,source,anomaly,extruder_cogging_or_no_extrusion,extruder_cogging_or_no_extrusion,20260911T161000Z-07d176b0060ac87418627156,2,934,21.10717010498047,1,6.173018455505371,1
section_00_test_000062.wav,20260911T161000Z-07d176b0060ac87418627156-dg-36bae53d1250-000107,e75a03f02caf26ca1465ec9ffb6a7a0f281ce65a5473b95076ddee830da3b41f,source,anomaly,extruder_cogging_or_no_extrusion,extruder_cogging_or_no_extrusion,20260911T161000Z-07d176b0060ac87418627156,2,934,21.18164825439453,1,6.714487552642822,1
section_00_test_000063.wav,20260911T171148Z-2f35c316c47752fe14cf3be7-dg-d53b59c19395-000027,6b6095b73df576b60665543ca864bc356cf12ce9b1f8180fd558386e3bba50e2,source,anomaly,toolhead_collision,collision_x-min,20260911T171148Z-2f35c316c47752fe14cf3be7,2,934,142.00234985351562,1,142.51416015625,1
section_00_test_000064.wav,20260912T015304Z-fbbe3a4a6572e889ec55b10e-dg-b42e26c5441a-000035,8b4e0f136792c32f117d3ca5cb6206ea5a80d8c13b8fc7868a0d590f74f68a14,source,anomaly,toolhead_collision,collision_x-max,20260912T015304Z-fbbe3a4a6572e889ec55b10e,2,934,159.6861114501953,1,142.81533813476562,1
section_00_test_000065.wav,20260912T021939Z-3278a03374dc31d9acdbbde8-dg-cf9b6ef25b7b-000042,54149b5d13442ab99c9a06b1b7ef574a30a7b20229e74dbba5a5cfbb46b61635,source,anomaly,toolhead_collision,collision_y-max,20260912T021939Z-3278a03374dc31d9acdbbde8,2,934,146.50103759765625,1,137.64393615722656,1
section_00_test_000066.wav,20260912T024659Z-af99e7033894c502d0c27f5d-dg-9baf03469be4-000009,110dab6fe5608cb077ad6da486cd0b165a40732e32f29e34e8c731cb2b9de876,source,anomaly,toolhead_collision,collision_x-min-y-max,20260912T024659Z-af99e7033894c502d0c27f5d,2,934,163.49041748046875,1,107.12039947509766,1
section_00_test_000067.wav,20260912T031303Z-3cbe457145ec2ba412c9b3d9-dg-7871b96a0ac3-000001,5fce1f6a38e22e2846ae5a4931046fd06b5766c89a083b3d145646d6f17002ee,source,anomaly,toolhead_collision,collision_x-max-y-max,20260912T031303Z-3cbe457145ec2ba412c9b3d9,2,934,135.48867797851562,1,127.32637786865234,1
section_00_test_000068.wav,20260912T031303Z-3cbe457145ec2ba412c9b3d9-dg-7871b96a0ac3-000027,5b1214a46085b561d6e4d5d97cace74ecb74a2af60511274e880a369bfbbd434,source,anomaly,toolhead_collision,collision_x-max-y-max,20260912T031303Z-3cbe457145ec2ba412c9b3d9,2,934,157.25025939941406,1,142.34422302246094,1
section_00_test_000069.wav,20260912T052839Z-042f80319ee006111d66c24f-dg-23a3ed72574e-000020,d3bf60b7c1d0692a5d7c0e434ba89567aed43be6415b58463ce19c69a6e163e1,source,anomaly,cooling_fan_fault,cooling_fan_fault,20260912T052839Z-042f80319ee006111d66c24f,2,934,18.455677032470703,1,4.128815174102783,1
section_00_test_000070.wav,20260912T052839Z-042f80319ee006111d66c24f-dg-23a3ed72574e-000021,ee37da3814a9987f6de6c018b4af28f207df590eebec0e703be78a70b050b5a6,source,anomaly,cooling_fan_fault,cooling_fan_fault,20260912T052839Z-042f80319ee006111d66c24f,2,934,18.848506927490234,1,4.583991527557373,1
section_00_test_000071.wav,20260912T052839Z-042f80319ee006111d66c24f-dg-23a3ed72574e-000072,14c478627d02ddd499303b316c9d122c52c4503f43bde44813e7a7bde3b30c5d,source,anomaly,cooling_fan_fault,cooling_fan_fault,20260912T052839Z-042f80319ee006111d66c24f,2,934,18.18359375,1,4.1352128982543945,1
section_00_test_000072.wav,20260912T052839Z-042f80319ee006111d66c24f-dg-23a3ed72574e-000110,c8578ab52b21d62193ab6b3e4e113b1b1b0896004beed5948614cc3d066de805,source,anomaly,cooling_fan_fault,cooling_fan_fault,20260912T052839Z-042f80319ee006111d66c24f,2,934,18.011066436767578,1,4.5997114181518555,1
section_00_test_000073.wav,20260912T052839Z-042f80319ee006111d66c24f-dg-23a3ed72574e-000152,d402a70393030b1cbd2aaecbbb230c1322cd06dd7021e0d46ca2e9a6eafdec6e,source,anomaly,cooling_fan_fault,cooling_fan_fault,20260912T052839Z-042f80319ee006111d66c24f,2,934,17.504121780395508,1,3.702620506286621,1
section_00_test_000074.wav,20260912T052839Z-042f80319ee006111d66c24f-dg-23a3ed72574e-000158,87bbdf2691c04f99a0d53fbfc2d5794e2acdf4d6492094d4e275a56cf7e1ba18,source,anomaly,cooling_fan_fault,cooling_fan_fault,20260912T052839Z-042f80319ee006111d66c24f,2,934,17.033313751220703,1,4.242092132568359,1
section_00_test_000075.wav,20260911T072024Z-9c2abb50e4c856716bf9acd2-dg-e2ad6c05e474-000116,5691a824d9395a8365df53ac4ad344b7a0573013271182a9dc86ef0de0cc5854,source,anomaly,belt_tension_abnormal,belt_a,20260911T072024Z-9c2abb50e4c856716bf9acd2,4,934,15.874534606933594,1,0.9744479656219482,1
section_00_test_000076.wav,20260911T072024Z-9c2abb50e4c856716bf9acd2-dg-e2ad6c05e474-000123,2c429e53d4e11c27126e94e01445d71c846668612c80826e120c9b6774518c1b,source,anomaly,belt_tension_abnormal,belt_a,20260911T072024Z-9c2abb50e4c856716bf9acd2,4,934,16.362499237060547,1,0.946993887424469,1
section_00_test_000077.wav,20260911T100852Z-935bf74e9aedf0b13bd4e62d-dg-6f3fb0a8e2ae-000021,4cf9e6246ff1b2bef3b40745fa7e844700579f1590270ed1a9137a8c1ed3f44b,source,anomaly,belt_tension_abnormal,belt_a_b,20260911T100852Z-935bf74e9aedf0b13bd4e62d,4,934,17.033884048461914,1,2.325839042663574,1
section_00_test_000078.wav,20260911T100852Z-935bf74e9aedf0b13bd4e62d-dg-6f3fb0a8e2ae-000092,3e17c3fcd197895967d67d96c78870cd7325d13a532a1f9ce5487f0c1229bd25,source,anomaly,belt_tension_abnormal,belt_a_b,20260911T100852Z-935bf74e9aedf0b13bd4e62d,4,934,16.443147659301758,1,1.986093282699585,1
section_00_test_000079.wav,20260911T120031Z-f1914c9803ce0695cce4e620-dg-7ed01a3e0bad-000022,f5be1fb5f8226be615006a809585394031cdc41178622e199a9ea1d3c48fcd59,source,anomaly,belt_tension_abnormal,belt_b,20260911T120031Z-f1914c9803ce0695cce4e620,4,934,16.967418670654297,1,2.4973723888397217,1
section_00_test_000080.wav,20260911T120031Z-f1914c9803ce0695cce4e620-dg-7ed01a3e0bad-000050,1d47e175769076be29f3ae1b9ad4c5ad126af6142f4e2d0bf5c3dde202228258,source,anomaly,belt_tension_abnormal,belt_b,20260911T120031Z-f1914c9803ce0695cce4e620,4,934,17.00299644470215,1,2.2426018714904785,1
section_00_test_000081.wav,20260911T161000Z-07d176b0060ac87418627156-dg-36bae53d1250-000008,58adab35369a960abda55a6b99a460b73d429b473cb001b0607cc97e7674e7e3,source,anomaly,extruder_cogging_or_no_extrusion,extruder_cogging_or_no_extrusion,20260911T161000Z-07d176b0060ac87418627156,4,934,20.15875816345215,1,4.669750213623047,1
section_00_test_000082.wav,20260911T161000Z-07d176b0060ac87418627156-dg-36bae53d1250-000011,66abcd7c4d9118431c4f043b1a7f8b932f65fa7ddc582950c6bc0a49dcd2e20c,source,anomaly,extruder_cogging_or_no_extrusion,extruder_cogging_or_no_extrusion,20260911T161000Z-07d176b0060ac87418627156,4,934,18.06403923034668,1,3.895936965942383,1
section_00_test_000083.wav,20260911T161000Z-07d176b0060ac87418627156-dg-36bae53d1250-000030,7bc79ef633f6478ad9d0200439a13fe19519b826b5e4178ffca208eb32383ef0,source,anomaly,extruder_cogging_or_no_extrusion,extruder_cogging_or_no_extrusion,20260911T161000Z-07d176b0060ac87418627156,4,934,17.670230865478516,1,2.7407474517822266,1
section_00_test_000084.wav,20260911T161000Z-07d176b0060ac87418627156-dg-36bae53d1250-000038,d376a4ebeca4a90e5f05836921528a4bf9fca51fce4431aef932d87b6fa802d8,source,anomaly,extruder_cogging_or_no_extrusion,extruder_cogging_or_no_extrusion,20260911T161000Z-07d176b0060ac87418627156,4,934,17.102859497070312,1,2.702716588973999,1
section_00_test_000085.wav,20260911T161000Z-07d176b0060ac87418627156-dg-36bae53d1250-000040,df38a5aa61a6ece0c6d757f4b0bc532407108da8c92252b8e39736bf7f84e742,source,anomaly,extruder_cogging_or_no_extrusion,extruder_cogging_or_no_extrusion,20260911T161000Z-07d176b0060ac87418627156,4,934,17.25578498840332,1,2.7632594108581543,1
section_00_test_000086.wav,20260911T161000Z-07d176b0060ac87418627156-dg-36bae53d1250-000136,2d463af8340a12e771ebde6f6399a2442a3c7e15ab47e71b32afb6a148cb1b39,source,anomaly,extruder_cogging_or_no_extrusion,extruder_cogging_or_no_extrusion,20260911T161000Z-07d176b0060ac87418627156,4,934,16.800920486450195,1,2.574741840362549,1
section_00_test_000087.wav,20260911T171148Z-2f35c316c47752fe14cf3be7-dg-d53b59c19395-000006,dc6f889f7d012ed806374a2da77f2429b96c4aa9d1a9f602369902395e6df0be,source,anomaly,toolhead_collision,collision_x-min,20260911T171148Z-2f35c316c47752fe14cf3be7,4,934,134.06761169433594,1,145.89544677734375,1
section_00_test_000088.wav,20260911T171148Z-2f35c316c47752fe14cf3be7-dg-d53b59c19395-000058,6cc5671065df4b5f09e8ea27f1edb93aa8db799538f507d9381f9c6164773041,source,anomaly,toolhead_collision,collision_x-min,20260911T171148Z-2f35c316c47752fe14cf3be7,4,934,148.0109100341797,1,154.33555603027344,1
section_00_test_000089.wav,20260912T015304Z-fbbe3a4a6572e889ec55b10e-dg-b42e26c5441a-000003,5c113989502efb4844f12899beda81fa8b048b89e8d09845c431b5e3bd94a571,source,anomaly,toolhead_collision,collision_x-max,20260912T015304Z-fbbe3a4a6572e889ec55b10e,4,934,182.04421997070312,1,158.31321716308594,1
section_00_test_000090.wav,20260912T021939Z-3278a03374dc31d9acdbbde8-dg-cf9b6ef25b7b-000017,d49150ed72c489d64cbeea91ba8ef0229f9267af49c36d9a524753634b4c46c3,source,anomaly,toolhead_collision,collision_y-max,20260912T021939Z-3278a03374dc31d9acdbbde8,4,934,180.7314453125,1,162.57421875,1
section_00_test_000091.wav,20260912T021939Z-3278a03374dc31d9acdbbde8-dg-cf9b6ef25b7b-000033,63f15339bcedf31ab8cc6481728fa09bf04ab8310829c42cf804ff2adbd30618,source,anomaly,toolhead_collision,collision_y-max,20260912T021939Z-3278a03374dc31d9acdbbde8,4,934,166.915771484375,1,150.28573608398438,1
section_00_test_000092.wav,20260912T024659Z-af99e7033894c502d0c27f5d-dg-9baf03469be4-000013,8a801e679d68dea363dfa9acfb813caece33834f26aec14c904850303817b905,source,anomaly,toolhead_collision,collision_x-min-y-max,20260912T024659Z-af99e7033894c502d0c27f5d,4,934,158.23289489746094,1,159.62657165527344,1
section_00_test_000093.wav,20260912T031303Z-3cbe457145ec2ba412c9b3d9-dg-7871b96a0ac3-000034,45ae193fc576ee2863cfb1170aae3c4d39b827d71b59b65cbe999bcf424b8cb8,source,anomaly,toolhead_collision,collision_x-max-y-max,20260912T031303Z-3cbe457145ec2ba412c9b3d9,4,934,180.6374969482422,1,167.7545623779297,1
section_00_test_000094.wav,20260912T052839Z-042f80319ee006111d66c24f-dg-23a3ed72574e-000023,572bfb8d7c218d32f8f07bc84c2c590bd99f1a86d56b5d0d28a8eea51b599e8e,source,anomaly,cooling_fan_fault,cooling_fan_fault,20260912T052839Z-042f80319ee006111d66c24f,4,934,18.22579002380371,1,3.5189356803894043,1
section_00_test_000095.wav,20260912T052839Z-042f80319ee006111d66c24f-dg-23a3ed72574e-000045,0b836ed23da2fbb9f8f5a17f83b139fc75f26d3178156d15dac5b45be932b64b,source,anomaly,cooling_fan_fault,cooling_fan_fault,20260912T052839Z-042f80319ee006111d66c24f,4,934,18.76361083984375,1,3.9517934322357178,1
section_00_test_000096.wav,20260912T052839Z-042f80319ee006111d66c24f-dg-23a3ed72574e-000054,4b1d034da364e5c0a003a480a5d7de15a88c875cdcb7a500e45cca0d9ec7c5ed,source,anomaly,cooling_fan_fault,cooling_fan_fault,20260912T052839Z-042f80319ee006111d66c24f,4,934,19.090593338012695,1,4.1711015701293945,1
section_00_test_000097.wav,20260912T052839Z-042f80319ee006111d66c24f-dg-23a3ed72574e-000084,7e324ff23b38e451575e3e72b945e43422e15495e13b66d86b1f69fbd65a5759,source,anomaly,cooling_fan_fault,cooling_fan_fault,20260912T052839Z-042f80319ee006111d66c24f,4,934,18.955942153930664,1,3.9561479091644287,1
section_00_test_000098.wav,20260912T052839Z-042f80319ee006111d66c24f-dg-23a3ed72574e-000130,05d38430aed0959bc7f633f2472e410a00299c897e039fc72d94d86f1eae47bc,source,anomaly,cooling_fan_fault,cooling_fan_fault,20260912T052839Z-042f80319ee006111d66c24f,4,934,19.189456939697266,1,4.740013122558594,1
section_00_test_000099.wav,20260912T052839Z-042f80319ee006111d66c24f-dg-23a3ed72574e-000132,935a768508fdff1688e44f69035ee065b8a077b24d7d0102875b289e78da474f,source,anomaly,cooling_fan_fault,cooling_fan_fault,20260912T052839Z-042f80319ee006111d66c24f,4,934,19.330503463745117,1,5.21386194229126,1
section_00_test_000100.wav,20260901T155741Z-0df85415b97c4d70844c7d69-dg-7ef4e3096b6f-000017,cba5ce8a9227f0a98eab7c7d75791c9603a6550f41c07c698ce0096a1de1890a,source,normal,none,none,20260901T155741Z-0df85415b97c4d70844c7d69,2,934,13.245615005493164,0,0.5454699397087097,1
section_00_test_000101.wav,20260901T155741Z-0df85415b97c4d70844c7d69-dg-7ef4e3096b6f-000027,25b6ddafc74dc1463b4b101d225faaacec17d3eeb467ca2144c6e34a42c3e45b,source,normal,none,none,20260901T155741Z-0df85415b97c4d70844c7d69,2,934,13.707695960998535,0,0.7943029403686523,1
section_00_test_000102.wav,20260901T155741Z-0df85415b97c4d70844c7d69-dg-7ef4e3096b6f-000030,e81d3d2a5dbfe05374d239c884cf4133c4ad6ed82f22a57ad432da6e8efe84b5,source,normal,none,none,20260901T155741Z-0df85415b97c4d70844c7d69,2,934,13.9752836227417,0,0.9087996482849121,1
section_00_test_000103.wav,20260901T155741Z-0df85415b97c4d70844c7d69-dg-7ef4e3096b6f-000044,d07d70f1ae8cb114699c588891c45f9bf2b9c141bb0024ea4a6823b792b85803,source,normal,none,none,20260901T155741Z-0df85415b97c4d70844c7d69,2,934,13.851720809936523,0,0.8482276201248169,1
section_00_test_000104.wav,20260901T155741Z-0df85415b97c4d70844c7d69-dg-7ef4e3096b6f-000051,603f1912d7b6ce14abbd55e357bf7e59a53a4429a0c426e947d3bc73854cb88d,source,normal,none,none,20260901T155741Z-0df85415b97c4d70844c7d69,2,934,13.818490982055664,0,0.5532016158103943,1
section_00_test_000105.wav,20260901T155741Z-0df85415b97c4d70844c7d69-dg-7ef4e3096b6f-000053,36ad837748ce4592304dade501941bebdcb60b4a10648e39fa114b281a3d46e0,source,normal,none,none,20260901T155741Z-0df85415b97c4d70844c7d69,2,934,14.02656078338623,0,1.4015488624572754,1
section_00_test_000106.wav,20260901T155741Z-0df85415b97c4d70844c7d69-dg-7ef4e3096b6f-000060,a19e1262fa924b2471ab43444d85111808574008cb4415f62d1e31e0a6ff08f6,source,normal,none,none,20260901T155741Z-0df85415b97c4d70844c7d69,2,934,13.585807800292969,0,1.0806092023849487,1
section_00_test_000107.wav,20260901T155741Z-0df85415b97c4d70844c7d69-dg-7ef4e3096b6f-000061,d3db2c884f66355fdc370a59b7ea381fe3fe5ce00078b7dbd751dfa34b30751c,source,normal,none,none,20260901T155741Z-0df85415b97c4d70844c7d69,2,934,13.945183753967285,0,1.1459068059921265,1
section_00_test_000108.wav,20260901T155741Z-0df85415b97c4d70844c7d69-dg-7ef4e3096b6f-000070,c7352a325f2e9faca4e149cfda0931b37003840412f503a541298984344f71f9,source,normal,none,none,20260901T155741Z-0df85415b97c4d70844c7d69,2,934,14.063545227050781,0,0.5000913739204407,1
section_00_test_000109.wav,20260901T155741Z-0df85415b97c4d70844c7d69-dg-7ef4e3096b6f-000076,0ca2c610bb0c6a29f1b56bc035f49415cb19d3ca9d01cc23438500136c897778,source,normal,none,none,20260901T155741Z-0df85415b97c4d70844c7d69,2,934,13.745071411132812,0,0.46025604009628296,1
section_00_test_000110.wav,20260901T155741Z-0df85415b97c4d70844c7d69-dg-7ef4e3096b6f-000084,5d39b32e7ece769c6609e6de925a022406bc64067fa3e85520b092bfe49fa86c,source,normal,none,none,20260901T155741Z-0df85415b97c4d70844c7d69,2,934,13.806950569152832,0,0.46821078658103943,1
section_00_test_000111.wav,20260901T155741Z-0df85415b97c4d70844c7d69-dg-7ef4e3096b6f-000105,e1fc3cd366478275de6e0db7c0d22653dd5761c13a2100070c1af689e65e29cc,source,normal,none,none,20260901T155741Z-0df85415b97c4d70844c7d69,2,934,13.779765129089355,0,0.8037790060043335,1
section_00_test_000112.wav,20260901T155741Z-0df85415b97c4d70844c7d69-dg-7ef4e3096b6f-000112,5b90018087112d3288058e45d4a6104101161d4ac905bffa993129d528a77747,source,normal,none,none,20260901T155741Z-0df85415b97c4d70844c7d69,2,934,13.670863151550293,0,0.4523286819458008,1
section_00_test_000113.wav,20260901T155741Z-0df85415b97c4d70844c7d69-dg-7ef4e3096b6f-000113,a3a2d81f2159041f67c44ea4a8807ad449e86f50b66786db1270a82537bad29e,source,normal,none,none,20260901T155741Z-0df85415b97c4d70844c7d69,2,934,13.657038688659668,0,0.6350967884063721,1
section_00_test_000114.wav,20260901T155741Z-0df85415b97c4d70844c7d69-dg-7ef4e3096b6f-000128,8ec73fe49d4911bc9038652285daa62ff2110de512cf0e4397d23c30ce8f4991,source,normal,none,none,20260901T155741Z-0df85415b97c4d70844c7d69,2,934,13.75214958190918,0,0.9534161686897278,1
section_00_test_000115.wav,20260901T155741Z-0df85415b97c4d70844c7d69-dg-7ef4e3096b6f-000152,eaa8c676584861e8097957ffe652a976a5b9362ec94cd068084e6e8b6ab6c178,source,normal,none,none,20260901T155741Z-0df85415b97c4d70844c7d69,2,934,13.679636001586914,0,0.6308597326278687,1
section_00_test_000116.wav,20260901T155741Z-0df85415b97c4d70844c7d69-dg-7ef4e3096b6f-000166,1589a8f8fb8225bac511dfe56e0f45ec1fd1114610aa0dd47dfc85da5e307fd7,source,normal,none,none,20260901T155741Z-0df85415b97c4d70844c7d69,2,934,13.287680625915527,0,0.37313035130500793,1
section_00_test_000117.wav,20260901T155741Z-0df85415b97c4d70844c7d69-dg-7ef4e3096b6f-000169,c8b6bf86e7e36079bb99cd7a5366412f315e451a0e862a7e44c2ba948e376697,source,normal,none,none,20260901T155741Z-0df85415b97c4d70844c7d69,2,934,13.478828430175781,0,0.6912611722946167,1
section_00_test_000118.wav,20260901T155741Z-0df85415b97c4d70844c7d69-dg-7ef4e3096b6f-000172,dfb574f3acc98d7b38b093f8b190c0b5f4c7b7621cf547ba39e75eba1fe4327a,source,normal,none,none,20260901T155741Z-0df85415b97c4d70844c7d69,2,934,13.497309684753418,0,0.34366339445114136,1
section_00_test_000119.wav,20260901T155741Z-0df85415b97c4d70844c7d69-dg-7ef4e3096b6f-000192,01007a088966127a2f1b2de3e900c3719921a16d02874a6319e9d0046d068e18,source,normal,none,none,20260901T155741Z-0df85415b97c4d70844c7d69,2,934,13.4336519241333,0,0.6548042297363281,1
section_00_test_000120.wav,20260901T155741Z-0df85415b97c4d70844c7d69-dg-7ef4e3096b6f-000194,cf0b54ef8b73bd9631e14f32754581b6fb510f704ca93bf0a54b871b9be58660,source,normal,none,none,20260901T155741Z-0df85415b97c4d70844c7d69,2,934,13.23804759979248,0,0.3531018793582916,1
section_00_test_000121.wav,20260901T155741Z-0df85415b97c4d70844c7d69-dg-7ef4e3096b6f-000201,b6a8debb2b3469166bbda06739b8e0be0e24fa1109c17c87887f0eebba9ec14f,source,normal,none,none,20260901T155741Z-0df85415b97c4d70844c7d69,2,934,13.642143249511719,0,0.8436213135719299,1
section_00_test_000122.wav,20260901T155741Z-0df85415b97c4d70844c7d69-dg-7ef4e3096b6f-000203,a82ef0d5261ee681e4ccbe59a0c5e8e09d079e43d5a951b8f4ebafb11dc8b9bb,source,normal,none,none,20260901T155741Z-0df85415b97c4d70844c7d69,2,934,13.565102577209473,0,0.3411036431789398,1
section_00_test_000123.wav,20260901T155741Z-0df85415b97c4d70844c7d69-dg-7ef4e3096b6f-000210,d583415eafffd9f07aa58ae8f011ce008602add50e62670b594d55682a1f3317,source,normal,none,none,20260901T155741Z-0df85415b97c4d70844c7d69,2,934,13.510969161987305,0,0.8345978260040283,1
section_00_test_000124.wav,20260901T155741Z-0df85415b97c4d70844c7d69-dg-7ef4e3096b6f-000213,dcef8d29c31d091b22754636976f8fc5d3a9a47238bedfb79c3aa2c2f77510d2,source,normal,none,none,20260901T155741Z-0df85415b97c4d70844c7d69,2,934,13.402132987976074,0,0.4789673686027527,1
section_00_test_000125.wav,20260901T155741Z-0df85415b97c4d70844c7d69-dg-7ef4e3096b6f-000011,3dc2062b2df23d549333daa8f2d7f8aad8e5e253d384194bede438e8291618d3,source,normal,none,none,20260901T155741Z-0df85415b97c4d70844c7d69,4,934,13.020641326904297,0,0.7974281311035156,1
section_00_test_000126.wav,20260901T155741Z-0df85415b97c4d70844c7d69-dg-7ef4e3096b6f-000018,a0a9a8728380c95f588f5246b53bd05d68db9e00624e84bb7801f0fdf20d0d65,source,normal,none,none,20260901T155741Z-0df85415b97c4d70844c7d69,4,934,13.316665649414062,0,0.42250147461891174,1
section_00_test_000127.wav,20260901T155741Z-0df85415b97c4d70844c7d69-dg-7ef4e3096b6f-000026,3c803f45e3173a3054ffa93140111093b5a57fd68e5de1057cba0299dabeb5ad,source,normal,none,none,20260901T155741Z-0df85415b97c4d70844c7d69,4,934,13.405177116394043,0,0.7327499985694885,1
section_00_test_000128.wav,20260901T155741Z-0df85415b97c4d70844c7d69-dg-7ef4e3096b6f-000031,cf3f03a65b757f5bfe7a23c73762ce012f77276c7a687c742aca725d8db58bb2,source,normal,none,none,20260901T155741Z-0df85415b97c4d70844c7d69,4,934,13.542179107666016,0,0.8584702610969543,1
section_00_test_000129.wav,20260901T155741Z-0df85415b97c4d70844c7d69-dg-7ef4e3096b6f-000035,379ae30acb14270a9049365cb55ead86f0e85d9d5c668ac97e086cc6b2a172e6,source,normal,none,none,20260901T155741Z-0df85415b97c4d70844c7d69,4,934,13.06225872039795,0,0.46230316162109375,1
section_00_test_000130.wav,20260901T155741Z-0df85415b97c4d70844c7d69-dg-7ef4e3096b6f-000052,5e7f563ec2e88da65bf721211328ce32e4489b801fbac4082eae2042fc371f47,source,normal,none,none,20260901T155741Z-0df85415b97c4d70844c7d69,4,934,13.280086517333984,0,0.4297129809856415,1
section_00_test_000131.wav,20260901T155741Z-0df85415b97c4d70844c7d69-dg-7ef4e3096b6f-000059,fbd7e7f8e01163cb16ff61ea9356e092e1915bbea2fec540635f0f174c6cce84,source,normal,none,none,20260901T155741Z-0df85415b97c4d70844c7d69,4,934,13.449021339416504,0,1.1231868267059326,1
section_00_test_000132.wav,20260901T155741Z-0df85415b97c4d70844c7d69-dg-7ef4e3096b6f-000063,65bf1b97fb386792142c307b708962ddb5c945b26407086246e8b9fa960bed41,source,normal,none,none,20260901T155741Z-0df85415b97c4d70844c7d69,4,934,13.466970443725586,0,0.8029991984367371,1
section_00_test_000133.wav,20260901T155741Z-0df85415b97c4d70844c7d69-dg-7ef4e3096b6f-000072,acf5b84918801e189b97874f0b860f512f4bd492f179f605640c0d116e992e00,source,normal,none,none,20260901T155741Z-0df85415b97c4d70844c7d69,4,934,13.63032054901123,0,1.1023106575012207,1
section_00_test_000134.wav,20260901T155741Z-0df85415b97c4d70844c7d69-dg-7ef4e3096b6f-000081,8a4dd4d30972d47fa1228439c3f8541ea8f511b0fbeec00a09855b7c692a37d3,source,normal,none,none,20260901T155741Z-0df85415b97c4d70844c7d69,4,934,13.311883926391602,0,0.7421595454216003,1
section_00_test_000135.wav,20260901T155741Z-0df85415b97c4d70844c7d69-dg-7ef4e3096b6f-000087,332f675edfc2c6cd45f5a7999a24936d18008b98fef727af147be209b6b6aeb7,source,normal,none,none,20260901T155741Z-0df85415b97c4d70844c7d69,4,934,13.551674842834473,0,0.4912271499633789,1
section_00_test_000136.wav,20260901T155741Z-0df85415b97c4d70844c7d69-dg-7ef4e3096b6f-000093,5f54c2ddd3296f6ba0aa888e44d600ecbd3b6fbc7f748d18f6fbc7a05a5354ff,source,normal,none,none,20260901T155741Z-0df85415b97c4d70844c7d69,4,934,13.500349998474121,0,0.43241527676582336,1
section_00_test_000137.wav,20260901T155741Z-0df85415b97c4d70844c7d69-dg-7ef4e3096b6f-000097,b950a981d15f54cc562e3df094edda402e222ae52dc079dd6ec8321c5c59d549,source,normal,none,none,20260901T155741Z-0df85415b97c4d70844c7d69,4,934,13.365464210510254,0,0.6370844841003418,1
section_00_test_000138.wav,20260901T155741Z-0df85415b97c4d70844c7d69-dg-7ef4e3096b6f-000110,8cba124dcd3c2e0d9804d983e192c9dfa23fccb8256bef747e05606e3c9401e1,source,normal,none,none,20260901T155741Z-0df85415b97c4d70844c7d69,4,934,13.307558059692383,0,0.47103723883628845,1
section_00_test_000139.wav,20260901T155741Z-0df85415b97c4d70844c7d69-dg-7ef4e3096b6f-000115,fa3d4bf7af7a04eb20045fcddd829663432cca8db60c6e8cfb943f92da745ffd,source,normal,none,none,20260901T155741Z-0df85415b97c4d70844c7d69,4,934,13.50070858001709,0,0.6402029991149902,1
section_00_test_000140.wav,20260901T155741Z-0df85415b97c4d70844c7d69-dg-7ef4e3096b6f-000124,4917b3ec0cdc99a34de83b1df29f8701000ed4f1e2ddc54efa8db1663e3fc8bd,source,normal,none,none,20260901T155741Z-0df85415b97c4d70844c7d69,4,934,13.107748985290527,0,0.4436487853527069,1
section_00_test_000141.wav,20260901T155741Z-0df85415b97c4d70844c7d69-dg-7ef4e3096b6f-000131,fc9c5ed422c97c0bf5bc1aa9efee303e065d9fe7e5f629771adf55cefede58e2,source,normal,none,none,20260901T155741Z-0df85415b97c4d70844c7d69,4,934,13.294327735900879,0,0.29364559054374695,1
section_00_test_000142.wav,20260901T155741Z-0df85415b97c4d70844c7d69-dg-7ef4e3096b6f-000133,c146e76747206b9f612748699b4b34ab4143a234cca135300a8dfd747453240e,source,normal,none,none,20260901T155741Z-0df85415b97c4d70844c7d69,4,934,13.69743537902832,0,0.48391154408454895,1
section_00_test_000143.wav,20260901T155741Z-0df85415b97c4d70844c7d69-dg-7ef4e3096b6f-000136,6ba0a6a2cafaf0e56ad0afcbfa5cf3e57143f08f89e970cd8c9bbe42407de801,source,normal,none,none,20260901T155741Z-0df85415b97c4d70844c7d69,4,934,13.405864715576172,0,0.651161789894104,1
section_00_test_000144.wav,20260901T155741Z-0df85415b97c4d70844c7d69-dg-7ef4e3096b6f-000143,2b72565628dbf3316715753752ea131465de5a14695cdf3d2c5b1ecc2ec4326d,source,normal,none,none,20260901T155741Z-0df85415b97c4d70844c7d69,4,934,13.351290702819824,0,0.47740307450294495,1
section_00_test_000145.wav,20260901T155741Z-0df85415b97c4d70844c7d69-dg-7ef4e3096b6f-000145,01b6e87146460473e4618583b4742008783b7455232f989d87cb7dd7afff18b6,source,normal,none,none,20260901T155741Z-0df85415b97c4d70844c7d69,4,934,13.568949699401855,0,0.5309407114982605,1
section_00_test_000146.wav,20260901T155741Z-0df85415b97c4d70844c7d69-dg-7ef4e3096b6f-000153,502f98027037120b066573339d0aa1705163952c49810f0f04ca513dd7f5a23c,source,normal,none,none,20260901T155741Z-0df85415b97c4d70844c7d69,4,934,13.6581392288208,0,0.5304134488105774,1
section_00_test_000147.wav,20260901T155741Z-0df85415b97c4d70844c7d69-dg-7ef4e3096b6f-000160,6294fbe99eac352368b781f0ae5f25554d443f6a5fa0a9c947d9f59b0d1380a7,source,normal,none,none,20260901T155741Z-0df85415b97c4d70844c7d69,4,934,13.668198585510254,0,0.5509145855903625,1
section_00_test_000148.wav,20260901T155741Z-0df85415b97c4d70844c7d69-dg-7ef4e3096b6f-000161,ac38f7dce0403aa1466a3e4fb4294071d20eb2fa6bff48f56bc3d6872fb3fc9a,source,normal,none,none,20260901T155741Z-0df85415b97c4d70844c7d69,4,934,13.396317481994629,0,0.45475128293037415,1
section_00_test_000149.wav,20260901T155741Z-0df85415b97c4d70844c7d69-dg-7ef4e3096b6f-000174,e761160ebacbcf7bda16f37c5d75e68959860363034cd211b475f996cf1cedc5,source,normal,none,none,20260901T155741Z-0df85415b97c4d70844c7d69,4,934,13.219413757324219,0,0.8414764404296875,1
section_00_test_000150.wav,20260909T171541Z-f9bc216ede1adbf54cfdc857-dg-78793475a9ff-000003,1cc95bffcde5703673be6cb1cad0245c3ac7a3d49bb860f120a3994f05732368,source,normal,none,none,20260909T171541Z-f9bc216ede1adbf54cfdc857,2,934,17.722444534301758,1,4.399727821350098,1
section_00_test_000151.wav,20260909T171541Z-f9bc216ede1adbf54cfdc857-dg-78793475a9ff-000004,3568454d8992969094fa085be888344e93ae616b0ce771ad35cc897fe1a20889,source,normal,none,none,20260909T171541Z-f9bc216ede1adbf54cfdc857,2,934,17.952720642089844,1,4.308493614196777,1
section_00_test_000152.wav,20260909T171541Z-f9bc216ede1adbf54cfdc857-dg-78793475a9ff-000018,26d56b23bc93882040b13ee83d4d1cd0258641c0767e59b1fd867614af7fb5a0,source,normal,none,none,20260909T171541Z-f9bc216ede1adbf54cfdc857,2,934,15.294499397277832,1,0.360709547996521,1
section_00_test_000153.wav,20260909T171541Z-f9bc216ede1adbf54cfdc857-dg-78793475a9ff-000021,f94fb2a3c48528f4163b5d590ae11553b568457c57aa0fa92123fb1b8c277bc6,source,normal,none,none,20260909T171541Z-f9bc216ede1adbf54cfdc857,2,934,15.094528198242188,1,0.3587389886379242,1
section_00_test_000154.wav,20260909T171541Z-f9bc216ede1adbf54cfdc857-dg-78793475a9ff-000025,0d9ccd4d877f1d4e262167931bce6a8e2d5e09181e39b3137ea1b890cc897355,source,normal,none,none,20260909T171541Z-f9bc216ede1adbf54cfdc857,2,934,15.008946418762207,1,0.2975775897502899,1
section_00_test_000155.wav,20260909T171541Z-f9bc216ede1adbf54cfdc857-dg-78793475a9ff-000027,320106adc642a859eb8cac48a71590c3422ef2cc4b9d3271b5a61e6bfabd3235,source,normal,none,none,20260909T171541Z-f9bc216ede1adbf54cfdc857,2,934,15.149073600769043,1,0.3227030336856842,1
section_00_test_000156.wav,20260909T171541Z-f9bc216ede1adbf54cfdc857-dg-78793475a9ff-000033,9bbf8325ba7c8b8679da93040ea74feb9fa30d740781845c42b431381e4f40eb,source,normal,none,none,20260909T171541Z-f9bc216ede1adbf54cfdc857,2,934,15.144735336303711,1,0.28264760971069336,1
section_00_test_000157.wav,20260909T171541Z-f9bc216ede1adbf54cfdc857-dg-78793475a9ff-000039,57370fac33b58b81c6e2d88bbcdd077e10a14c0f1336f13ecd9f88f51a8a0680,source,normal,none,none,20260909T171541Z-f9bc216ede1adbf54cfdc857,2,934,14.938992500305176,1,0.18953000009059906,1
section_00_test_000158.wav,20260909T171541Z-f9bc216ede1adbf54cfdc857-dg-78793475a9ff-000050,2bbcdc8add79b44b7f4f49c5640e89c7621c2f36d7516121e1108437f282bcfe,source,normal,none,none,20260909T171541Z-f9bc216ede1adbf54cfdc857,2,934,15.3594970703125,1,0.3087628185749054,1
section_00_test_000159.wav,20260909T171541Z-f9bc216ede1adbf54cfdc857-dg-78793475a9ff-000057,588541404ecd73e441dab4917b6862d919b3d6bb1ae772325a9d878497284e94,source,normal,none,none,20260909T171541Z-f9bc216ede1adbf54cfdc857,2,934,15.077484130859375,1,0.719279408454895,1
section_00_test_000160.wav,20260909T171541Z-f9bc216ede1adbf54cfdc857-dg-78793475a9ff-000065,b4266fe1662dc5ba200093f68542d3dcc894bb6f7169bd9362b69133ea9aa8e1,source,normal,none,none,20260909T171541Z-f9bc216ede1adbf54cfdc857,2,934,15.355714797973633,1,0.3903760313987732,1
section_00_test_000161.wav,20260909T171541Z-f9bc216ede1adbf54cfdc857-dg-78793475a9ff-000068,639caca9c65d674138daaadc08a3d7e66ff244efd32ee13ef0f74c2c5673cd77,source,normal,none,none,20260909T171541Z-f9bc216ede1adbf54cfdc857,2,934,15.341691970825195,1,0.269864559173584,1
section_00_test_000162.wav,20260909T171541Z-f9bc216ede1adbf54cfdc857-dg-78793475a9ff-000082,02409c8d12fac7a49be1f4b92fe3b918a43819ca316179538460b768412bf816,source,normal,none,none,20260909T171541Z-f9bc216ede1adbf54cfdc857,2,934,14.502641677856445,1,1.0486892461776733,1
section_00_test_000163.wav,20260909T171541Z-f9bc216ede1adbf54cfdc857-dg-78793475a9ff-000096,041c6183146a9f37d275de53551c13bfd66888f21eaa337248ffcfedb1db2fff,source,normal,none,none,20260909T171541Z-f9bc216ede1adbf54cfdc857,2,934,14.962179183959961,1,0.22586065530776978,1
section_00_test_000164.wav,20260909T171541Z-f9bc216ede1adbf54cfdc857-dg-78793475a9ff-000100,3e72c2a30bb3f863fa97734db2c836bedec091d8fe265a6458477afd3ed1ac6f,source,normal,none,none,20260909T171541Z-f9bc216ede1adbf54cfdc857,2,934,15.114975929260254,1,0.25133606791496277,1
section_00_test_000165.wav,20260909T171541Z-f9bc216ede1adbf54cfdc857-dg-78793475a9ff-000103,a10e133533090a79168bc029b7a57dda3dd75cd5a31f961c4b0efd0e73fa653a,source,normal,none,none,20260909T171541Z-f9bc216ede1adbf54cfdc857,2,934,15.280145645141602,1,0.23382402956485748,1
section_00_test_000166.wav,20260909T171541Z-f9bc216ede1adbf54cfdc857-dg-78793475a9ff-000112,4ad52ba72670c9578ee505b0fcb439bf4e53f954f687e8b9917c23813e7e0516,source,normal,none,none,20260909T171541Z-f9bc216ede1adbf54cfdc857,2,934,14.978814125061035,1,0.33452844619750977,1
section_00_test_000167.wav,20260909T171541Z-f9bc216ede1adbf54cfdc857-dg-78793475a9ff-000117,e7dc29b9e801152f00dd13f7cec50e3e67c5ef94eef872e40f81ff89a30f3844,source,normal,none,none,20260909T171541Z-f9bc216ede1adbf54cfdc857,2,934,15.127082824707031,1,0.29787203669548035,1
section_00_test_000168.wav,20260909T171541Z-f9bc216ede1adbf54cfdc857-dg-78793475a9ff-000120,d011675df419d6726fd7d5eda77d8ca6ce8d5333f971d111206655dbc74074a0,source,normal,none,none,20260909T171541Z-f9bc216ede1adbf54cfdc857,2,934,15.236431121826172,1,0.2715902328491211,1
section_00_test_000169.wav,20260909T171541Z-f9bc216ede1adbf54cfdc857-dg-78793475a9ff-000133,47abf00bda8238de5ba81faf137e805be9fa8ceeeef8a10b9987324a52f7852f,source,normal,none,none,20260909T171541Z-f9bc216ede1adbf54cfdc857,2,934,14.810483932495117,1,0.26836854219436646,1
section_00_test_000170.wav,20260909T171541Z-f9bc216ede1adbf54cfdc857-dg-78793475a9ff-000136,611934c37be5e2f2dea0b25d871237700a98f065e249f7c97e4237577e8737a6,source,normal,none,none,20260909T171541Z-f9bc216ede1adbf54cfdc857,2,934,14.718133926391602,1,0.36063718795776367,1
section_00_test_000171.wav,20260909T171541Z-f9bc216ede1adbf54cfdc857-dg-78793475a9ff-000137,8915eacec16fbdd9dc27371024e8e862edcfece4caf4ed4bbca8a11f10a74edc,source,normal,none,none,20260909T171541Z-f9bc216ede1adbf54cfdc857,2,934,14.795909881591797,1,0.5758126974105835,1
section_00_test_000172.wav,20260909T171541Z-f9bc216ede1adbf54cfdc857-dg-78793475a9ff-000138,d080c0fa221d9d90f1c6ef39a831dcfab8e519041e0c35371261638dfb79bb4d,source,normal,none,none,20260909T171541Z-f9bc216ede1adbf54cfdc857,2,934,14.862536430358887,1,0.2964310944080353,1
section_00_test_000173.wav,20260909T171541Z-f9bc216ede1adbf54cfdc857-dg-78793475a9ff-000139,6993d41293f605c207414b09ecb2a1b84b36012668c0b3018f0c3701b0055dd7,source,normal,none,none,20260909T171541Z-f9bc216ede1adbf54cfdc857,2,934,15.100204467773438,1,0.31874969601631165,1
section_00_test_000174.wav,20260909T171541Z-f9bc216ede1adbf54cfdc857-dg-78793475a9ff-000154,ac54513162eec1cffc5dbcaa27d3afe786e5c84fcbd6cc46d8214e1e02555e54,source,normal,none,none,20260909T171541Z-f9bc216ede1adbf54cfdc857,2,934,15.056286811828613,1,0.3995800316333771,1
section_00_test_000175.wav,20260909T171541Z-f9bc216ede1adbf54cfdc857-dg-78793475a9ff-000007,3ff8b1250c487be62a99f060bdc49e8fbe7a925202ab90cb225ede4dac51c516,source,normal,none,none,20260909T171541Z-f9bc216ede1adbf54cfdc857,4,934,18.79227066040039,1,4.628449440002441,1
section_00_test_000176.wav,20260909T171541Z-f9bc216ede1adbf54cfdc857-dg-78793475a9ff-000014,395d8008d3d20a81d2c7fb39fbdc43acb67031725736279623056ad7994b16ac,source,normal,none,none,20260909T171541Z-f9bc216ede1adbf54cfdc857,4,934,14.984514236450195,1,0.43987196683883667,1
section_00_test_000177.wav,20260909T171541Z-f9bc216ede1adbf54cfdc857-dg-78793475a9ff-000015,1372879daa41b6c621d37b06ac8cdbabc1b0c71836d6f557055082543cb1668b,source,normal,none,none,20260909T171541Z-f9bc216ede1adbf54cfdc857,4,934,15.056380271911621,1,0.3455145061016083,1
section_00_test_000178.wav,20260909T171541Z-f9bc216ede1adbf54cfdc857-dg-78793475a9ff-000043,61941780d293fc6e18d554f53dab7752af68b5bc21e13b34f6c5212c6fecd0d8,source,normal,none,none,20260909T171541Z-f9bc216ede1adbf54cfdc857,4,934,14.930082321166992,1,0.49288561940193176,1
section_00_test_000179.wav,20260909T171541Z-f9bc216ede1adbf54cfdc857-dg-78793475a9ff-000056,a0f5bdf1f4edb954aa27429ce697e26744b38bf1495dbac884459d6e50f4030e,source,normal,none,none,20260909T171541Z-f9bc216ede1adbf54cfdc857,4,934,15.109344482421875,1,0.228833869099617,1
section_00_test_000180.wav,20260909T171541Z-f9bc216ede1adbf54cfdc857-dg-78793475a9ff-000060,6455b0a5255ef341c57dba241a060e5d23fda971dec8aee35733de95e6bd1596,source,normal,none,none,20260909T171541Z-f9bc216ede1adbf54cfdc857,4,934,14.849735260009766,1,0.2602981626987457,1
section_00_test_000181.wav,20260909T171541Z-f9bc216ede1adbf54cfdc857-dg-78793475a9ff-000066,2b14429f733f564d547d5380326faf9b714dc015a990b3ad43aafdb1c9290941,source,normal,none,none,20260909T171541Z-f9bc216ede1adbf54cfdc857,4,934,15.111160278320312,1,0.2499849647283554,1
section_00_test_000182.wav,20260909T171541Z-f9bc216ede1adbf54cfdc857-dg-78793475a9ff-000074,613c1e4f472c2c789a4d4c6911b40bc222038a7b20f2ee99b3e842df13551165,source,normal,none,none,20260909T171541Z-f9bc216ede1adbf54cfdc857,4,934,15.074407577514648,1,0.31218603253364563,1
section_00_test_000183.wav,20260909T171541Z-f9bc216ede1adbf54cfdc857-dg-78793475a9ff-000079,d1c48b4ee4e002499893390f2583098e59b5466b44e8924e0bcbe30d7e409ded,source,normal,none,none,20260909T171541Z-f9bc216ede1adbf54cfdc857,4,934,15.279495239257812,1,0.39943474531173706,1
section_00_test_000184.wav,20260909T171541Z-f9bc216ede1adbf54cfdc857-dg-78793475a9ff-000084,4105e51f501f9fc584be2dbf9aba3aefb8f21cab6887db6a31992b3bd25598fc,source,normal,none,none,20260909T171541Z-f9bc216ede1adbf54cfdc857,4,934,15.097527503967285,1,0.45675957202911377,1
section_00_test_000185.wav,20260909T171541Z-f9bc216ede1adbf54cfdc857-dg-78793475a9ff-000088,d1854acc2dafc6c1d16747a801b78a5e36b567aad06d629a489f9d5efe816c80,source,normal,none,none,20260909T171541Z-f9bc216ede1adbf54cfdc857,4,934,15.221431732177734,1,0.47030362486839294,1
section_00_test_000186.wav,20260909T171541Z-f9bc216ede1adbf54cfdc857-dg-78793475a9ff-000090,f0498fed7090fb7be1d9bf97f37de0aabc7d4050554bf50c44744b0d73aebfa0,source,normal,none,none,20260909T171541Z-f9bc216ede1adbf54cfdc857,4,934,15.179215431213379,1,0.2640379071235657,1
section_00_test_000187.wav,20260909T171541Z-f9bc216ede1adbf54cfdc857-dg-78793475a9ff-000097,2698896eee1274369be1b783fd42c26cc98572b06d055be19ed62061d7901542,source,normal,none,none,20260909T171541Z-f9bc216ede1adbf54cfdc857,4,934,14.973800659179688,1,0.45514777302742004,1
section_00_test_000188.wav,20260909T171541Z-f9bc216ede1adbf54cfdc857-dg-78793475a9ff-000098,5bace4e141bdaa2952ff330718b2385353d90f2776fca0f67dcdf8e9597fc2e0,source,normal,none,none,20260909T171541Z-f9bc216ede1adbf54cfdc857,4,934,14.834098815917969,1,0.2402210384607315,1
section_00_test_000189.wav,20260909T171541Z-f9bc216ede1adbf54cfdc857-dg-78793475a9ff-000106,f2324ead7e528aa15a41fb8997d4391e5e9cc9d696360011c0fe1b15e5e16ebe,source,normal,none,none,20260909T171541Z-f9bc216ede1adbf54cfdc857,4,934,15.1218900680542,1,0.2483973205089569,1
section_00_test_000190.wav,20260909T171541Z-f9bc216ede1adbf54cfdc857-dg-78793475a9ff-000109,0b2c738bece1fa2acd5a439a2504d115ff516fd65d313cb366f42caed2f84268,source,normal,none,none,20260909T171541Z-f9bc216ede1adbf54cfdc857,4,934,15.012981414794922,1,0.2178773432970047,1
section_00_test_000191.wav,20260909T171541Z-f9bc216ede1adbf54cfdc857-dg-78793475a9ff-000113,9ff191487f3c50885cfb3955f4ec432ec6181b4e94c60465615991462dcc2cfb,source,normal,none,none,20260909T171541Z-f9bc216ede1adbf54cfdc857,4,934,14.909475326538086,1,0.23038126528263092,1
section_00_test_000192.wav,20260909T171541Z-f9bc216ede1adbf54cfdc857-dg-78793475a9ff-000121,332868e2fb7f782c6745ea5a78cc95ae4a1742b6dc241501b562cda2549992e8,source,normal,none,none,20260909T171541Z-f9bc216ede1adbf54cfdc857,4,934,15.108392715454102,1,0.28569403290748596,1
section_00_test_000193.wav,20260909T171541Z-f9bc216ede1adbf54cfdc857-dg-78793475a9ff-000125,a8613340495e26455ea7cdb0eb2f236001d7f2d5038ee19b6a33e937bfba099a,source,normal,none,none,20260909T171541Z-f9bc216ede1adbf54cfdc857,4,934,14.911556243896484,1,0.2732326090335846,1
section_00_test_000194.wav,20260909T171541Z-f9bc216ede1adbf54cfdc857-dg-78793475a9ff-000128,ecc7d0f6c835ad279c06e2e53f52dcc09bb42881e696cd50a0cf42909377cb25,source,normal,none,none,20260909T171541Z-f9bc216ede1adbf54cfdc857,4,934,14.89260196685791,1,0.26351141929626465,1
section_00_test_000195.wav,20260909T171541Z-f9bc216ede1adbf54cfdc857-dg-78793475a9ff-000131,eb58ffd5196e05806dbda998ac844b563c041bdee767fa910ec31a237db8c013,source,normal,none,none,20260909T171541Z-f9bc216ede1adbf54cfdc857,4,934,14.763042449951172,1,0.2611093521118164,1
section_00_test_000196.wav,20260909T171541Z-f9bc216ede1adbf54cfdc857-dg-78793475a9ff-000144,187a5deb12d2522b30867956a001f11ac78218b70ad5a38433da36c9351b58b3,source,normal,none,none,20260909T171541Z-f9bc216ede1adbf54cfdc857,4,934,14.592787742614746,1,0.3496946394443512,1
section_00_test_000197.wav,20260909T171541Z-f9bc216ede1adbf54cfdc857-dg-78793475a9ff-000146,c1b1405b19218422edb29160ce83483e8c93c4f815b662eef1a6d1aea6615521,source,normal,none,none,20260909T171541Z-f9bc216ede1adbf54cfdc857,4,934,14.693653106689453,1,0.29268330335617065,1
section_00_test_000198.wav,20260909T171541Z-f9bc216ede1adbf54cfdc857-dg-78793475a9ff-000150,829e839a68758cd902ef812017f93eb3300d52b243b330f559043e85b65e2357,source,normal,none,none,20260909T171541Z-f9bc216ede1adbf54cfdc857,4,934,14.75631046295166,1,0.34805604815483093,1
section_00_test_000199.wav,20260909T171541Z-f9bc216ede1adbf54cfdc857-dg-78793475a9ff-000151,a24306514bc9d90ccd3a264c1ea904e158417af7f4910db0be02f34fc00662af,source,normal,none,none,20260909T171541Z-f9bc216ede1adbf54cfdc857,4,934,15.04782485961914,1,0.31896698474884033,1
section_00_test_000200.wav,20260905T050107Z-563e5602acd70612935e3840-dg-d53fa15b5842-000067,4c3e459b19723ff20bbcb7a793d8dac9ce2c2658406a359038a5a9a4840d3029,target,anomaly,belt_tension_abnormal,belt_b,20260905T050107Z-563e5602acd70612935e3840,1,934,15.368614196777344,1,2.152313709259033,1
section_00_test_000201.wav,20260905T050107Z-563e5602acd70612935e3840-dg-d53fa15b5842-000183,c0833b1405b9c1718de85e40ce9a3701b7e2a2200b3afcfad417aa0a4c0ba89f,target,anomaly,belt_tension_abnormal,belt_b,20260905T050107Z-563e5602acd70612935e3840,1,934,15.286287307739258,1,2.083045482635498,1
section_00_test_000202.wav,20260905T050107Z-563e5602acd70612935e3840-dg-d53fa15b5842-000187,29063671e6280efa2b61aac8c1c8bcd29e73e638a29e4b99d8081a5edcb189d8,target,anomaly,belt_tension_abnormal,belt_b,20260905T050107Z-563e5602acd70612935e3840,1,934,15.094348907470703,1,1.8267134428024292,1
section_00_test_000203.wav,20260905T050107Z-563e5602acd70612935e3840-dg-d53fa15b5842-000231,fca3498f5dec4ca82ac5858c0e1e82cb0fee11078a3c9c89b365412fa5fd20e2,target,anomaly,belt_tension_abnormal,belt_b,20260905T050107Z-563e5602acd70612935e3840,1,934,15.811883926391602,1,2.063791036605835,1
section_00_test_000204.wav,20260905T065117Z-ff4c5a98a32203bfe9f91cab-dg-83942617f0a8-000004,8c30191396744cbd4b3aa5b9eda7926622f369d690c77991244985c58fd35f7f,target,anomaly,belt_tension_abnormal,belt_a_b,20260905T065117Z-ff4c5a98a32203bfe9f91cab,1,934,16.398090362548828,1,4.925086975097656,1
section_00_test_000205.wav,20260905T065117Z-ff4c5a98a32203bfe9f91cab-dg-83942617f0a8-000051,f7becd84fa74757838846c4220618b4d31c08bacd61f7e2510e27f4b12dcb3da,target,anomaly,belt_tension_abnormal,belt_a_b,20260905T065117Z-ff4c5a98a32203bfe9f91cab,1,934,16.716047286987305,1,3.45797061920166,1
section_00_test_000206.wav,20260905T065117Z-ff4c5a98a32203bfe9f91cab-dg-83942617f0a8-000218,765ba04f30f4084f2d26412128c1647a206f8e07ba65ea224643fdef271c0414,target,anomaly,belt_tension_abnormal,belt_a_b,20260905T065117Z-ff4c5a98a32203bfe9f91cab,1,934,15.493030548095703,1,2.26312255859375,1
section_00_test_000207.wav,20260905T065117Z-ff4c5a98a32203bfe9f91cab-dg-83942617f0a8-000291,39ad47b13d28de5a28a6535576fc7d572f90c13401ef17361181f8a37df6fff3,target,anomaly,belt_tension_abnormal,belt_a_b,20260905T065117Z-ff4c5a98a32203bfe9f91cab,1,934,18.874326705932617,1,3.933868408203125,1
section_00_test_000208.wav,20260905T091955Z-0ec9ac6a2a604ed98ae7628a-dg-46b0b9c346d2-000131,6ac768f56e5d1c6bb9c70caa92b7fa8dfcdb7870fcab3ca9bd4487ea04ae84b1,target,anomaly,belt_tension_abnormal,belt_a,20260905T091955Z-0ec9ac6a2a604ed98ae7628a,1,934,15.264327049255371,1,2.6747565269470215,1
section_00_test_000209.wav,20260905T091955Z-0ec9ac6a2a604ed98ae7628a-dg-46b0b9c346d2-000141,de91f37d10519427cea660a85e820b9a6c7a3900b7891d3d2ddc8c27f0f314bd,target,anomaly,belt_tension_abnormal,belt_a,20260905T091955Z-0ec9ac6a2a604ed98ae7628a,1,934,14.986196517944336,1,2.4141318798065186,1
section_00_test_000210.wav,20260905T091955Z-0ec9ac6a2a604ed98ae7628a-dg-46b0b9c346d2-000145,a15304f6e172596d961e16c4dc873aead962b688e6a92651e2df52f1ab86cebd,target,anomaly,belt_tension_abnormal,belt_a,20260905T091955Z-0ec9ac6a2a604ed98ae7628a,1,934,15.179543495178223,1,2.381493091583252,1
section_00_test_000211.wav,20260905T091955Z-0ec9ac6a2a604ed98ae7628a-dg-46b0b9c346d2-000257,17a4f8108ab7611d2119a9cc0edfbf38317a13731f13bba3456caa134b544095,target,anomaly,belt_tension_abnormal,belt_a,20260905T091955Z-0ec9ac6a2a604ed98ae7628a,1,934,15.936310768127441,1,2.7787258625030518,1
section_00_test_000212.wav,20260905T091955Z-0ec9ac6a2a604ed98ae7628a-dg-46b0b9c346d2-000274,7b78ba2610101d5d9b4bf1ec39d5a2551823396e259266de8722cd11dd37c15b,target,anomaly,belt_tension_abnormal,belt_a,20260905T091955Z-0ec9ac6a2a604ed98ae7628a,1,934,16.21964454650879,1,3.074306011199951,1
section_00_test_000213.wav,20260905T145828Z-e26ab8e484b6efbd52f1acc1-dg-08aae5bf848d-000007,575e024aa85c7048ac9146b723b84c5e3c3719ee980e3ec25108e2863a4c3382,target,anomaly,extruder_cogging_or_no_extrusion,extruder_cogging_or_no_extrusion,20260905T145828Z-e26ab8e484b6efbd52f1acc1,1,934,18.038188934326172,1,9.647467613220215,1
section_00_test_000214.wav,20260905T145828Z-e26ab8e484b6efbd52f1acc1-dg-08aae5bf848d-000016,3de277c323e0b3dc3a37c77fd4de97a85942ac865f2e5032adc63f7fda2af266,target,anomaly,extruder_cogging_or_no_extrusion,extruder_cogging_or_no_extrusion,20260905T145828Z-e26ab8e484b6efbd52f1acc1,1,934,17.160003662109375,1,4.442329406738281,1
section_00_test_000215.wav,20260905T145828Z-e26ab8e484b6efbd52f1acc1-dg-08aae5bf848d-000099,fa6ec232d70fbe0cfe40044c67a2b280ed6ffd49c5290495e1f2087cd51acb69,target,anomaly,extruder_cogging_or_no_extrusion,extruder_cogging_or_no_extrusion,20260905T145828Z-e26ab8e484b6efbd52f1acc1,1,934,18.163530349731445,1,4.74611234664917,1
section_00_test_000216.wav,20260905T145828Z-e26ab8e484b6efbd52f1acc1-dg-08aae5bf848d-000133,db7ca314e64a6ceed8db6cb482f5fcf8b34023c64cc5d80a8ec0d36473bbe963,target,anomaly,extruder_cogging_or_no_extrusion,extruder_cogging_or_no_extrusion,20260905T145828Z-e26ab8e484b6efbd52f1acc1,1,934,16.934810638427734,1,3.5206053256988525,1
section_00_test_000217.wav,20260905T145828Z-e26ab8e484b6efbd52f1acc1-dg-08aae5bf848d-000137,1a5862254c3d57e6bd8b1f7853e0bcc945f765c711a5edbf619af6f92ef914d0,target,anomaly,extruder_cogging_or_no_extrusion,extruder_cogging_or_no_extrusion,20260905T145828Z-e26ab8e484b6efbd52f1acc1,1,934,16.9786434173584,1,4.004672050476074,1
section_00_test_000218.wav,20260905T145828Z-e26ab8e484b6efbd52f1acc1-dg-08aae5bf848d-000174,3a2759b8408b2043c18b30d2dca89db192d5c8737e801ebee48498c729896f38,target,anomaly,extruder_cogging_or_no_extrusion,extruder_cogging_or_no_extrusion,20260905T145828Z-e26ab8e484b6efbd52f1acc1,1,934,17.13758659362793,1,4.162420272827148,1
section_00_test_000219.wav,20260905T145828Z-e26ab8e484b6efbd52f1acc1-dg-08aae5bf848d-000204,3157905b55d0ee4b7bbd1b468becc0bac00c50e3ddd5029e2ecde4a90881f27a,target,anomaly,extruder_cogging_or_no_extrusion,extruder_cogging_or_no_extrusion,20260905T145828Z-e26ab8e484b6efbd52f1acc1,1,934,17.178325653076172,1,5.850351333618164,1
section_00_test_000220.wav,20260905T145828Z-e26ab8e484b6efbd52f1acc1-dg-08aae5bf848d-000222,f2b13b3dc4ed9cfddf6ed51dec4c2c1cc431aa4ecb41c83a8f4d714dab904902,target,anomaly,extruder_cogging_or_no_extrusion,extruder_cogging_or_no_extrusion,20260905T145828Z-e26ab8e484b6efbd52f1acc1,1,934,17.194820404052734,1,5.803747177124023,1
section_00_test_000221.wav,20260905T145828Z-e26ab8e484b6efbd52f1acc1-dg-08aae5bf848d-000249,1a7b2b2029db2b268c0d0280e2b32aff029723645579ee01363d6c8c2c85ec1d,target,anomaly,extruder_cogging_or_no_extrusion,extruder_cogging_or_no_extrusion,20260905T145828Z-e26ab8e484b6efbd52f1acc1,1,934,18.142417907714844,1,3.327394962310791,1
section_00_test_000222.wav,20260905T145828Z-e26ab8e484b6efbd52f1acc1-dg-08aae5bf848d-000266,786c9a3b40a1d84d09af0e0041abaec541b05679fa980de8ede6bf2450308e66,target,anomaly,extruder_cogging_or_no_extrusion,extruder_cogging_or_no_extrusion,20260905T145828Z-e26ab8e484b6efbd52f1acc1,1,934,18.27810287475586,1,3.7103679180145264,1
section_00_test_000223.wav,20260905T145828Z-e26ab8e484b6efbd52f1acc1-dg-08aae5bf848d-000270,147ade52d5c1d735a96b1f285291190f04ead9816c1387c234683d9160594863,target,anomaly,extruder_cogging_or_no_extrusion,extruder_cogging_or_no_extrusion,20260905T145828Z-e26ab8e484b6efbd52f1acc1,1,934,19.272985458374023,1,6.00260066986084,1
section_00_test_000224.wav,20260905T145828Z-e26ab8e484b6efbd52f1acc1-dg-08aae5bf848d-000275,df95bea86afc4bae751a260b286d9878989f8e5b2bd52e386bac8b52926b6b30,target,anomaly,extruder_cogging_or_no_extrusion,extruder_cogging_or_no_extrusion,20260905T145828Z-e26ab8e484b6efbd52f1acc1,1,934,19.115602493286133,1,5.803544044494629,1
section_00_test_000225.wav,20260905T145828Z-e26ab8e484b6efbd52f1acc1-dg-08aae5bf848d-000278,a9511003b42f15390bd6eacbd58e707ee037b4245ae0c57f788e8e5aa971ddc8,target,anomaly,extruder_cogging_or_no_extrusion,extruder_cogging_or_no_extrusion,20260905T145828Z-e26ab8e484b6efbd52f1acc1,1,934,19.186094284057617,1,3.8436386585235596,1
section_00_test_000226.wav,20260906T033116Z-0586ff9054959f9204f6cde4-dg-1ed7ad1ed3c8-000005,9583582eb80d8e47e858eba0bf5d91812123be292656025668cfdee563a5e0d0,target,anomaly,toolhead_collision,collision_x-min,20260906T033116Z-0586ff9054959f9204f6cde4,1,934,98.95634460449219,1,95.51078033447266,1
section_00_test_000227.wav,20260906T033116Z-0586ff9054959f9204f6cde4-dg-1ed7ad1ed3c8-000051,ae72823192e86172878e70415423c82ca0e46b1b98d42d6593f2f7c6c5a292a9,target,anomaly,toolhead_collision,collision_x-min,20260906T033116Z-0586ff9054959f9204f6cde4,1,934,102.51561737060547,1,101.45589447021484,1
section_00_test_000228.wav,20260906T085412Z-5489b83342d7e2fba29031b6-dg-d0b7d9918dfc-000007,033838a5a5f549f11983283b190cd9b0a455a57bbe9425412452a5f2748e7c23,target,anomaly,toolhead_collision,collision_x-max,20260906T085412Z-5489b83342d7e2fba29031b6,1,934,105.86200714111328,1,94.20001220703125,1
section_00_test_000229.wav,20260906T085412Z-5489b83342d7e2fba29031b6-dg-d0b7d9918dfc-000100,e6aef054870719333bf38de2fd6885a45491a218ef9aae3dc14640bbdf9726ae,target,anomaly,toolhead_collision,collision_x-max,20260906T085412Z-5489b83342d7e2fba29031b6,1,934,124.06588745117188,1,121.17401123046875,1
section_00_test_000230.wav,20260906T092852Z-b2f259b9c6ca413c5493d6af-dg-2cdedaa876a9-000074,3e3d4bb6788049b3cd613b87fad752db23b4dbd9f4913de6dad5b10d0bc17fa0,target,anomaly,toolhead_collision,collision_y-max,20260906T092852Z-b2f259b9c6ca413c5493d6af,1,934,94.00375366210938,1,97.81951904296875,1
section_00_test_000231.wav,20260906T092852Z-b2f259b9c6ca413c5493d6af-dg-2cdedaa876a9-000082,a9481654871474ccec470943cd19d0ed19fd71104e4ed11adc79e1b74ab7bb9f,target,anomaly,toolhead_collision,collision_y-max,20260906T092852Z-b2f259b9c6ca413c5493d6af,1,934,98.577880859375,1,106.53463745117188,1
section_00_test_000232.wav,20260906T092852Z-b2f259b9c6ca413c5493d6af-dg-2cdedaa876a9-000111,24e1737bda2b16a59e5f7e3a86bdb62567eb4c05d3b04af4e4038e7fea39ed9a,target,anomaly,toolhead_collision,collision_y-max,20260906T092852Z-b2f259b9c6ca413c5493d6af,1,934,95.49858856201172,1,108.96556091308594,1
section_00_test_000233.wav,20260906T100342Z-59979407ad61cc09639d1b0a-dg-f7f1015b587b-000061,cb5ba2947df46943f3fb0ece9204c2d553b913ddee57d4c6ce7f774b07e13a16,target,anomaly,toolhead_collision,collision_x-min-y-max,20260906T100342Z-59979407ad61cc09639d1b0a,1,934,126.5120620727539,1,126.87714385986328,1
section_00_test_000234.wav,20260906T100342Z-59979407ad61cc09639d1b0a-dg-f7f1015b587b-000109,bc7e25e3be9c6bb32718eeab46ca7c35d4db451c2e4e0435e5b0b5969f718dc8,target,anomaly,toolhead_collision,collision_x-min-y-max,20260906T100342Z-59979407ad61cc09639d1b0a,1,934,113.23388671875,1,82.41313171386719,1
section_00_test_000235.wav,20260906T104126Z-e58f1f7c38bf0a54c280b3ef-dg-8f4af5b2f3d9-000058,e1d93b39743109695ac5419d18f3de306126fccfdba2cacd2ff0561603b82a7c,target,anomaly,toolhead_collision,collision_x-max-y-max,20260906T104126Z-e58f1f7c38bf0a54c280b3ef,1,934,126.23763275146484,1,122.28863525390625,1
section_00_test_000236.wav,20260906T104126Z-e58f1f7c38bf0a54c280b3ef-dg-8f4af5b2f3d9-000078,3d4d6aa113c068f0539785ea989bd530d29891d0062d325e884d9b2ee936d358,target,anomaly,toolhead_collision,collision_x-max-y-max,20260906T104126Z-e58f1f7c38bf0a54c280b3ef,1,934,126.34681701660156,1,114.0767822265625,1
section_00_test_000237.wav,20260906T104126Z-e58f1f7c38bf0a54c280b3ef-dg-8f4af5b2f3d9-000091,3b616d8c8b30812a2b5afd7ad4ba65273b8958c331a4fde13297874e8a689a5f,target,anomaly,toolhead_collision,collision_x-max-y-max,20260906T104126Z-e58f1f7c38bf0a54c280b3ef,1,934,131.52125549316406,1,120.09491729736328,1
section_00_test_000238.wav,20260906T131853Z-2be35f053fd4b32b11ffc479-dg-47d95fda2175-000017,f36165df7ca11a6c7880016f92fb2fd0c7477dbc498305f92009bd59741cd933,target,anomaly,cooling_fan_fault,cooling_fan_fault,20260906T131853Z-2be35f053fd4b32b11ffc479,1,934,25.337291717529297,1,8.958824157714844,1
section_00_test_000239.wav,20260906T131853Z-2be35f053fd4b32b11ffc479-dg-47d95fda2175-000024,fe70cdea1e11dd189c9327c6d1dc1bbd4d2116974ec51167def2323dba4dbc71,target,anomaly,cooling_fan_fault,cooling_fan_fault,20260906T131853Z-2be35f053fd4b32b11ffc479,1,934,23.612672805786133,1,8.438693046569824,1
section_00_test_000240.wav,20260906T131853Z-2be35f053fd4b32b11ffc479-dg-47d95fda2175-000039,30eba29073a53aa9ad7193ea5ffda779022da35f8d5ec6bcf1d6b0b7fc2b1a14,target,anomaly,cooling_fan_fault,cooling_fan_fault,20260906T131853Z-2be35f053fd4b32b11ffc479,1,934,24.8608341217041,1,9.491596221923828,1
section_00_test_000241.wav,20260906T131853Z-2be35f053fd4b32b11ffc479-dg-47d95fda2175-000074,335b4d1e9ae41ce1fca8cfc7abf28ef4ab797b1b960009fdaf5c718248f69c11,target,anomaly,cooling_fan_fault,cooling_fan_fault,20260906T131853Z-2be35f053fd4b32b11ffc479,1,934,25.034208297729492,1,9.59056568145752,1
section_00_test_000242.wav,20260906T131853Z-2be35f053fd4b32b11ffc479-dg-47d95fda2175-000104,70f0333ebc69a68d5ce81aa621bc421bb4c386ff52c07022bd1c798d2d562d61,target,anomaly,cooling_fan_fault,cooling_fan_fault,20260906T131853Z-2be35f053fd4b32b11ffc479,1,934,25.304027557373047,1,9.352781295776367,1
section_00_test_000243.wav,20260906T131853Z-2be35f053fd4b32b11ffc479-dg-47d95fda2175-000108,c787afca5cfd8f4a1a2d449c45b6ef2763cf48598d508b74a984ace3a112dea4,target,anomaly,cooling_fan_fault,cooling_fan_fault,20260906T131853Z-2be35f053fd4b32b11ffc479,1,934,28.263105392456055,1,11.499009132385254,1
section_00_test_000244.wav,20260906T131853Z-2be35f053fd4b32b11ffc479-dg-47d95fda2175-000129,c1d07b345a6c795cf554c1fd292ad289967c65b4c6023a5c5188b3502c978bc9,target,anomaly,cooling_fan_fault,cooling_fan_fault,20260906T131853Z-2be35f053fd4b32b11ffc479,1,934,26.5778865814209,1,10.05669116973877,1
section_00_test_000245.wav,20260906T131853Z-2be35f053fd4b32b11ffc479-dg-47d95fda2175-000132,5b92df78ad72145ac69cbbafd04f1d9609b89489b1b23e16f3e0071e5e205e4b,target,anomaly,cooling_fan_fault,cooling_fan_fault,20260906T131853Z-2be35f053fd4b32b11ffc479,1,934,26.223711013793945,1,10.216621398925781,1
section_00_test_000246.wav,20260906T131853Z-2be35f053fd4b32b11ffc479-dg-47d95fda2175-000133,cfd5fcddd4f1105be36a168766e0e7524ff861e6529ad918239faa875f309cce,target,anomaly,cooling_fan_fault,cooling_fan_fault,20260906T131853Z-2be35f053fd4b32b11ffc479,1,934,27.38381576538086,1,11.198099136352539,1
section_00_test_000247.wav,20260906T131853Z-2be35f053fd4b32b11ffc479-dg-47d95fda2175-000161,cf8600f21993c0baf4931eac71895174742cbc2c6570c05dacd0cfe808461fde,target,anomaly,cooling_fan_fault,cooling_fan_fault,20260906T131853Z-2be35f053fd4b32b11ffc479,1,934,25.765302658081055,1,10.016009330749512,1
section_00_test_000248.wav,20260906T131853Z-2be35f053fd4b32b11ffc479-dg-47d95fda2175-000170,c0367cdc7e0334df8177621fa62073059f216fb0d12aed954f03d00acee94dd7,target,anomaly,cooling_fan_fault,cooling_fan_fault,20260906T131853Z-2be35f053fd4b32b11ffc479,1,934,27.191944122314453,1,10.38664722442627,1
section_00_test_000249.wav,20260906T131853Z-2be35f053fd4b32b11ffc479-dg-47d95fda2175-000181,509adf15bee5b3d086345b572de4cbb18e54496721664e546fb4089f54bd4e50,target,anomaly,cooling_fan_fault,cooling_fan_fault,20260906T131853Z-2be35f053fd4b32b11ffc479,1,934,26.564332962036133,1,10.38679027557373,1
section_00_test_000250.wav,20260905T050107Z-563e5602acd70612935e3840-dg-d53fa15b5842-000092,2085aba46e6133c6f03b25b7d8f879b77d3fc45c20c55d2c0702474c89f82d54,target,anomaly,belt_tension_abnormal,belt_b,20260905T050107Z-563e5602acd70612935e3840,3,934,14.11526870727539,0,1.0243561267852783,1
section_00_test_000251.wav,20260905T050107Z-563e5602acd70612935e3840-dg-d53fa15b5842-000232,b136232a74c20b3853f845a388a2de5bc0566d49f4b5ecfcaeaea56faeded27c,target,anomaly,belt_tension_abnormal,belt_b,20260905T050107Z-563e5602acd70612935e3840,3,934,14.926311492919922,1,1.5043575763702393,1
section_00_test_000252.wav,20260905T050107Z-563e5602acd70612935e3840-dg-d53fa15b5842-000235,d5332382fb692345f48646bea7bb18f6d6286b2c2e85ed229a57713d0e189520,target,anomaly,belt_tension_abnormal,belt_b,20260905T050107Z-563e5602acd70612935e3840,3,934,15.1892728805542,1,1.7066940069198608,1
section_00_test_000253.wav,20260905T050107Z-563e5602acd70612935e3840-dg-d53fa15b5842-000255,55f5241154733fe4e48ee9d6ba5920bd7902834060494b0c9ace4e1d0bc98364,target,anomaly,belt_tension_abnormal,belt_b,20260905T050107Z-563e5602acd70612935e3840,3,934,15.06888198852539,1,2.342900276184082,1
section_00_test_000254.wav,20260905T065117Z-ff4c5a98a32203bfe9f91cab-dg-83942617f0a8-000003,a7b58284a965ed2f55dc5eb4b088508c137f2423439765d7a7808ce757886516,target,anomaly,belt_tension_abnormal,belt_a_b,20260905T065117Z-ff4c5a98a32203bfe9f91cab,3,934,19.149532318115234,1,2.4794418811798096,1
section_00_test_000255.wav,20260905T065117Z-ff4c5a98a32203bfe9f91cab-dg-83942617f0a8-000100,8aa666799ca2b91c2f5dc317c1323375241c3cac8d8712d7fdb4a5ded5852c41,target,anomaly,belt_tension_abnormal,belt_a_b,20260905T065117Z-ff4c5a98a32203bfe9f91cab,3,934,14.140314102172852,0,1.2880806922912598,1
section_00_test_000256.wav,20260905T065117Z-ff4c5a98a32203bfe9f91cab-dg-83942617f0a8-000177,3b9ffc580ca17d16cb42e5c5f1fefa4a618e6337b05d29b3fb0eec163483bdc9,target,anomaly,belt_tension_abnormal,belt_a_b,20260905T065117Z-ff4c5a98a32203bfe9f91cab,3,934,14.24847412109375,0,0.8228808641433716,1
section_00_test_000257.wav,20260905T065117Z-ff4c5a98a32203bfe9f91cab-dg-83942617f0a8-000178,97a681daa8989c7d06e40702c1344a846068ad56029ac52ce00be4e1cebe445c,target,anomaly,belt_tension_abnormal,belt_a_b,20260905T065117Z-ff4c5a98a32203bfe9f91cab,3,934,14.094841003417969,0,0.71958988904953,1
section_00_test_000258.wav,20260905T091955Z-0ec9ac6a2a604ed98ae7628a-dg-46b0b9c346d2-000022,20effca33dd2dcacc19ac1933faed358a775ca28090564b7584d6d73c420de15,target,anomaly,belt_tension_abnormal,belt_a,20260905T091955Z-0ec9ac6a2a604ed98ae7628a,3,934,17.442201614379883,1,2.992262363433838,1
section_00_test_000259.wav,20260905T091955Z-0ec9ac6a2a604ed98ae7628a-dg-46b0b9c346d2-000081,0de9344c50504ef41d651de58bad0f8c22b9793913b50a65025d57e1370ce5d0,target,anomaly,belt_tension_abnormal,belt_a,20260905T091955Z-0ec9ac6a2a604ed98ae7628a,3,934,14.771615982055664,1,2.0412769317626953,1
section_00_test_000260.wav,20260905T091955Z-0ec9ac6a2a604ed98ae7628a-dg-46b0b9c346d2-000207,e72f78e45d4c03dab53c302720d4f4ac3e847271f9bd4d224e82477ed1985cee,target,anomaly,belt_tension_abnormal,belt_a,20260905T091955Z-0ec9ac6a2a604ed98ae7628a,3,934,14.360636711120605,1,1.1602482795715332,1
section_00_test_000261.wav,20260905T091955Z-0ec9ac6a2a604ed98ae7628a-dg-46b0b9c346d2-000286,8dcaf7551589547546b09718d7e9162e49e9cbc589076ae4d22d9ae77e0b1bec,target,anomaly,belt_tension_abnormal,belt_a,20260905T091955Z-0ec9ac6a2a604ed98ae7628a,3,934,16.25582504272461,1,2.459256649017334,1
section_00_test_000262.wav,20260905T145828Z-e26ab8e484b6efbd52f1acc1-dg-08aae5bf848d-000015,b9332dd6a9317599411e7d2e45668728ae5dff7caac9803bfa080e5a30f95462,target,anomaly,extruder_cogging_or_no_extrusion,extruder_cogging_or_no_extrusion,20260905T145828Z-e26ab8e484b6efbd52f1acc1,3,934,15.587851524353027,1,2.9821271896362305,1
section_00_test_000263.wav,20260905T145828Z-e26ab8e484b6efbd52f1acc1-dg-08aae5bf848d-000030,8a3c5ada39ee6804beb0942e5a034aa89f19243ae724bb668c02f02ec2b3d9c8,target,anomaly,extruder_cogging_or_no_extrusion,extruder_cogging_or_no_extrusion,20260905T145828Z-e26ab8e484b6efbd52f1acc1,3,934,15.987442970275879,1,2.353539228439331,1
section_00_test_000264.wav,20260905T145828Z-e26ab8e484b6efbd52f1acc1-dg-08aae5bf848d-000032,804116c170642a637219d3282994ed131f57710c3204a77d04cf77b3e4994025,target,anomaly,extruder_cogging_or_no_extrusion,extruder_cogging_or_no_extrusion,20260905T145828Z-e26ab8e484b6efbd52f1acc1,3,934,16.02903938293457,1,2.5033626556396484,1
section_00_test_000265.wav,20260905T145828Z-e26ab8e484b6efbd52f1acc1-dg-08aae5bf848d-000033,eb4452640020867c80ba47bc053d3ce7c119ce2dfb26980f7ff76780cf696dcd,target,anomaly,extruder_cogging_or_no_extrusion,extruder_cogging_or_no_extrusion,20260905T145828Z-e26ab8e484b6efbd52f1acc1,3,934,16.032506942749023,1,2.8773930072784424,1
section_00_test_000266.wav,20260905T145828Z-e26ab8e484b6efbd52f1acc1-dg-08aae5bf848d-000062,f936e7c317de675d947d2365bc8a360fbc496e1cfcb6e70966b2e5f65f4ccf34,target,anomaly,extruder_cogging_or_no_extrusion,extruder_cogging_or_no_extrusion,20260905T145828Z-e26ab8e484b6efbd52f1acc1,3,934,16.384658813476562,1,2.8051137924194336,1
section_00_test_000267.wav,20260905T145828Z-e26ab8e484b6efbd52f1acc1-dg-08aae5bf848d-000067,dcaf41cecba5b461d3dfdcd88bbddf4fc939c8a21bb997b0147324315bfed00f,target,anomaly,extruder_cogging_or_no_extrusion,extruder_cogging_or_no_extrusion,20260905T145828Z-e26ab8e484b6efbd52f1acc1,3,934,17.533857345581055,1,3.940174102783203,1
section_00_test_000268.wav,20260905T145828Z-e26ab8e484b6efbd52f1acc1-dg-08aae5bf848d-000120,1681c2c6dbc4a1751c78e59ff094c391a1685e6ce4609926cbd3a3b963b9cc19,target,anomaly,extruder_cogging_or_no_extrusion,extruder_cogging_or_no_extrusion,20260905T145828Z-e26ab8e484b6efbd52f1acc1,3,934,16.31208610534668,1,2.0264337062835693,1
section_00_test_000269.wav,20260905T145828Z-e26ab8e484b6efbd52f1acc1-dg-08aae5bf848d-000160,70cb6c7eea57cba6ff025367bd112ac532cad789a3b7dca2e2781ef5e4b344ca,target,anomaly,extruder_cogging_or_no_extrusion,extruder_cogging_or_no_extrusion,20260905T145828Z-e26ab8e484b6efbd52f1acc1,3,934,16.89451026916504,1,2.155202865600586,1
section_00_test_000270.wav,20260905T145828Z-e26ab8e484b6efbd52f1acc1-dg-08aae5bf848d-000163,ca4ce306d0e410c79af2ac2a1056930fc30ee28ac65c27733336e0f66c783cb8,target,anomaly,extruder_cogging_or_no_extrusion,extruder_cogging_or_no_extrusion,20260905T145828Z-e26ab8e484b6efbd52f1acc1,3,934,16.5806884765625,1,2.7464797496795654,1
section_00_test_000271.wav,20260905T145828Z-e26ab8e484b6efbd52f1acc1-dg-08aae5bf848d-000264,db383f39349c0a91edfa8743a6f6bc0b18a13c37ac69ff16e0bc4103256e7307,target,anomaly,extruder_cogging_or_no_extrusion,extruder_cogging_or_no_extrusion,20260905T145828Z-e26ab8e484b6efbd52f1acc1,3,934,18.4128475189209,1,3.997519016265869,1
section_00_test_000272.wav,20260905T145828Z-e26ab8e484b6efbd52f1acc1-dg-08aae5bf848d-000290,e85c0085bd703b358a031f77495deffb7c75c0481eb770622ce46c8d60933e5d,target,anomaly,extruder_cogging_or_no_extrusion,extruder_cogging_or_no_extrusion,20260905T145828Z-e26ab8e484b6efbd52f1acc1,3,934,19.46059226989746,1,5.4314165115356445,1
section_00_test_000273.wav,20260905T145828Z-e26ab8e484b6efbd52f1acc1-dg-08aae5bf848d-000300,f4459875e47ed0db0dee4a6b66c6d0960f38c8ef73d84f3038ee5b882a6dd0ae,target,anomaly,extruder_cogging_or_no_extrusion,extruder_cogging_or_no_extrusion,20260905T145828Z-e26ab8e484b6efbd52f1acc1,3,934,17.874969482421875,1,3.9709370136260986,1
section_00_test_000274.wav,20260906T033116Z-0586ff9054959f9204f6cde4-dg-1ed7ad1ed3c8-000001,352f12bc65c6abf76a99d63798d9a75bcaad5ea42f69f710c8701906e7aaab19,target,anomaly,toolhead_collision,collision_x-min,20260906T033116Z-0586ff9054959f9204f6cde4,3,934,199.15203857421875,1,218.26409912109375,1
section_00_test_000275.wav,20260906T033116Z-0586ff9054959f9204f6cde4-dg-1ed7ad1ed3c8-000009,8d31476143507e5c4648fb60086bfa8037f670687dca7caa1ebd8311f2310ddd,target,anomaly,toolhead_collision,collision_x-min,20260906T033116Z-0586ff9054959f9204f6cde4,3,934,197.46502685546875,1,216.71807861328125,1
section_00_test_000276.wav,20260906T033116Z-0586ff9054959f9204f6cde4-dg-1ed7ad1ed3c8-000013,33233cb0ea6a3e8b963f2ad3fa5dc571111f6aa1152ef619424583f66bf05a29,target,anomaly,toolhead_collision,collision_x-min,20260906T033116Z-0586ff9054959f9204f6cde4,3,934,203.06124877929688,1,225.94094848632812,1
section_00_test_000277.wav,20260906T085412Z-5489b83342d7e2fba29031b6-dg-d0b7d9918dfc-000011,d7fb3d402b23fb8f11933f5917ec3c4eba65ca40d46016bcb4fc917d3104fd25,target,anomaly,toolhead_collision,collision_x-max,20260906T085412Z-5489b83342d7e2fba29031b6,3,934,199.7616729736328,1,195.11318969726562,1
section_00_test_000278.wav,20260906T085412Z-5489b83342d7e2fba29031b6-dg-d0b7d9918dfc-000032,99f293c73437aaf1014fcc437e6852d37df7f68269d32e96dfd63ae5050fa487,target,anomaly,toolhead_collision,collision_x-max,20260906T085412Z-5489b83342d7e2fba29031b6,3,934,195.83895874023438,1,195.74917602539062,1
section_00_test_000279.wav,20260906T085412Z-5489b83342d7e2fba29031b6-dg-d0b7d9918dfc-000035,fc59c7835446206231c9845d516e80a2538bd7bf1be4d4f43eaae93ff72bfd40,target,anomaly,toolhead_collision,collision_x-max,20260906T085412Z-5489b83342d7e2fba29031b6,3,934,206.96705627441406,1,230.2008819580078,1
section_00_test_000280.wav,20260906T092852Z-b2f259b9c6ca413c5493d6af-dg-2cdedaa876a9-000029,5771bbeed8a05452e104873bb28970c5f07e03532beb072b9325912d05f616e9,target,anomaly,toolhead_collision,collision_y-max,20260906T092852Z-b2f259b9c6ca413c5493d6af,3,934,176.43344116210938,1,196.6103057861328,1
section_00_test_000281.wav,20260906T092852Z-b2f259b9c6ca413c5493d6af-dg-2cdedaa876a9-000058,58df0a4920d3407d51c1cbcc2794ebbdcd10710936d2e137029e2e2e78e6d02b,target,anomaly,toolhead_collision,collision_y-max,20260906T092852Z-b2f259b9c6ca413c5493d6af,3,934,182.38766479492188,1,207.173583984375,1
section_00_test_000282.wav,20260906T100342Z-59979407ad61cc09639d1b0a-dg-f7f1015b587b-000005,43f6ed649bd83408c35de0112f23fbcb08921132c342cd83be8920d0654e0033,target,anomaly,toolhead_collision,collision_x-min-y-max,20260906T100342Z-59979407ad61cc09639d1b0a,3,934,201.6621856689453,1,215.1083526611328,1
section_00_test_000283.wav,20260906T100342Z-59979407ad61cc09639d1b0a-dg-f7f1015b587b-000064,c8376cdfef7639bffde15bf47dfe3c31848285632510df5d31abea73941e49ff,target,anomaly,toolhead_collision,collision_x-min-y-max,20260906T100342Z-59979407ad61cc09639d1b0a,3,934,188.04708862304688,1,202.69888305664062,1
section_00_test_000284.wav,20260906T100342Z-59979407ad61cc09639d1b0a-dg-f7f1015b587b-000123,8a11274402c8fbbf5f09b5dc5804ad051d5e46539aa6888e1aeecd1236b4baa0,target,anomaly,toolhead_collision,collision_x-min-y-max,20260906T100342Z-59979407ad61cc09639d1b0a,3,934,224.2400360107422,1,242.24526977539062,1
section_00_test_000285.wav,20260906T104126Z-e58f1f7c38bf0a54c280b3ef-dg-8f4af5b2f3d9-000034,a9e6b0165edae0ce47eb51fcea40ea800584586bb3fa0e1d353cf1d7d9b15572,target,anomaly,toolhead_collision,collision_x-max-y-max,20260906T104126Z-e58f1f7c38bf0a54c280b3ef,3,934,208.8299102783203,1,230.568115234375,1
section_00_test_000286.wav,20260906T104126Z-e58f1f7c38bf0a54c280b3ef-dg-8f4af5b2f3d9-000055,a547a590b18de58a8cba04e41f93e81c60485d25f216c0f5f1a26af530d990ef,target,anomaly,toolhead_collision,collision_x-max-y-max,20260906T104126Z-e58f1f7c38bf0a54c280b3ef,3,934,215.06398010253906,1,233.5211944580078,1
section_00_test_000287.wav,20260906T131853Z-2be35f053fd4b32b11ffc479-dg-47d95fda2175-000049,4868bbf6619bcc7b6b14415418af2694734058c97c70a22d20a30b6b7078e392,target,anomaly,cooling_fan_fault,cooling_fan_fault,20260906T131853Z-2be35f053fd4b32b11ffc479,3,934,19.359331130981445,1,7.131206512451172,1
section_00_test_000288.wav,20260906T131853Z-2be35f053fd4b32b11ffc479-dg-47d95fda2175-000059,2936a6ee6a0847b775fb76369cb284d9ba22943e2e43715ebe453f2ed82670a3,target,anomaly,cooling_fan_fault,cooling_fan_fault,20260906T131853Z-2be35f053fd4b32b11ffc479,3,934,19.052387237548828,1,6.382745265960693,1
section_00_test_000289.wav,20260906T131853Z-2be35f053fd4b32b11ffc479-dg-47d95fda2175-000080,c77ecafb1844a503c7c78960aa3fbc8b0b0646ae25384786444acb3306363410,target,anomaly,cooling_fan_fault,cooling_fan_fault,20260906T131853Z-2be35f053fd4b32b11ffc479,3,934,21.107547760009766,1,8.002803802490234,1
section_00_test_000290.wav,20260906T131853Z-2be35f053fd4b32b11ffc479-dg-47d95fda2175-000085,9db33669d0efc40151b14a2672430fd061d0cc330f99cf9e28b2358646d96a77,target,anomaly,cooling_fan_fault,cooling_fan_fault,20260906T131853Z-2be35f053fd4b32b11ffc479,3,934,19.548696517944336,1,6.969143390655518,1
section_00_test_000291.wav,20260906T131853Z-2be35f053fd4b32b11ffc479-dg-47d95fda2175-000174,576628f0fd1595c612900d2b88be20f77a4ef9237423cccbe2191b7db1b73896,target,anomaly,cooling_fan_fault,cooling_fan_fault,20260906T131853Z-2be35f053fd4b32b11ffc479,3,934,19.405128479003906,1,5.584567546844482,1
section_00_test_000292.wav,20260906T131853Z-2be35f053fd4b32b11ffc479-dg-47d95fda2175-000180,56f08394fd1f75fbdeaea6994247d838f8bccbefdd1b745d9d6ad2af3d21bac5,target,anomaly,cooling_fan_fault,cooling_fan_fault,20260906T131853Z-2be35f053fd4b32b11ffc479,3,934,20.0001163482666,1,5.948048114776611,1
section_00_test_000293.wav,20260906T131853Z-2be35f053fd4b32b11ffc479-dg-47d95fda2175-000201,65f310b0f1759f7c44dabca3d65b99ea21738ab5aa5d6359cfea5c275191c219,target,anomaly,cooling_fan_fault,cooling_fan_fault,20260906T131853Z-2be35f053fd4b32b11ffc479,3,934,18.6981201171875,1,5.738429069519043,1
section_00_test_000294.wav,20260906T131853Z-2be35f053fd4b32b11ffc479-dg-47d95fda2175-000237,95b50f3185c7c88ead5085fe051608b85b4a831af26751fb340253361890b0eb,target,anomaly,cooling_fan_fault,cooling_fan_fault,20260906T131853Z-2be35f053fd4b32b11ffc479,3,934,20.641958236694336,1,7.092130661010742,1
section_00_test_000295.wav,20260906T131853Z-2be35f053fd4b32b11ffc479-dg-47d95fda2175-000247,011f9d428aa41fc977b73b24f2c6211eced3c4268141aa20861cf160b8803e0d,target,anomaly,cooling_fan_fault,cooling_fan_fault,20260906T131853Z-2be35f053fd4b32b11ffc479,3,934,19.27732276916504,1,5.849597930908203,1
section_00_test_000296.wav,20260906T131853Z-2be35f053fd4b32b11ffc479-dg-47d95fda2175-000250,e630ed3a72843f8470e76623af5e5f84bc65c05136c84f8d44eef3aac33824dc,target,anomaly,cooling_fan_fault,cooling_fan_fault,20260906T131853Z-2be35f053fd4b32b11ffc479,3,934,18.381567001342773,1,5.535442352294922,1
section_00_test_000297.wav,20260906T131853Z-2be35f053fd4b32b11ffc479-dg-47d95fda2175-000264,8b24b7c823f13b543184a33bbbc64acfab6bcc314860222b3d5b71fc1eceee09,target,anomaly,cooling_fan_fault,cooling_fan_fault,20260906T131853Z-2be35f053fd4b32b11ffc479,3,934,19.728696823120117,1,6.478371620178223,1
section_00_test_000298.wav,20260906T131853Z-2be35f053fd4b32b11ffc479-dg-47d95fda2175-000277,d1b430006139a855cc4fc5795598204b5ded0f301e088d51c61acfba3743e7e9,target,anomaly,cooling_fan_fault,cooling_fan_fault,20260906T131853Z-2be35f053fd4b32b11ffc479,3,934,19.01642608642578,1,5.703433036804199,1
section_00_test_000299.wav,20260906T131853Z-2be35f053fd4b32b11ffc479-dg-47d95fda2175-000283,bd63c6a0c3c5134cabd3d715e38741fdd0a1aca35e06c82c1ede053ab20fba28,target,anomaly,cooling_fan_fault,cooling_fan_fault,20260906T131853Z-2be35f053fd4b32b11ffc479,3,934,19.400224685668945,1,6.042429447174072,1
section_00_test_000300.wav,20260904T181815Z-34f9bd77290592aace48ae82-dg-615b3981072d-000011,e277f89ecaf0810356ff31b5bc941878f612822417ad94ed494623f9bb048dc9,target,normal,none,none,20260904T181815Z-34f9bd77290592aace48ae82,1,934,15.42362117767334,1,4.4983415603637695,1
section_00_test_000301.wav,20260904T181815Z-34f9bd77290592aace48ae82-dg-615b3981072d-000012,706984202105c4c1cc3ec8e83e9f7aba5cc6c2d654ccc30e20d67ee31899e97b,target,normal,none,none,20260904T181815Z-34f9bd77290592aace48ae82,1,934,13.614102363586426,0,1.5652847290039062,1
section_00_test_000302.wav,20260904T181815Z-34f9bd77290592aace48ae82-dg-615b3981072d-000013,0767413d8590d978507d1852f7f69055f85cf4f42a39cbc6978e4f5f10e00c10,target,normal,none,none,20260904T181815Z-34f9bd77290592aace48ae82,1,934,14.049652099609375,0,0.9837360382080078,1
section_00_test_000303.wav,20260904T181815Z-34f9bd77290592aace48ae82-dg-615b3981072d-000018,8f66358d00b96f4cf7ca77827d8a088ae2827675863f49522dc5bf9d9264d40b,target,normal,none,none,20260904T181815Z-34f9bd77290592aace48ae82,1,934,16.344205856323242,1,3.1127121448516846,1
section_00_test_000304.wav,20260904T181815Z-34f9bd77290592aace48ae82-dg-615b3981072d-000024,cc727c368205e773b7ea8e608cd05739b1fb15afdab98fe8bc4225b988d340c2,target,normal,none,none,20260904T181815Z-34f9bd77290592aace48ae82,1,934,16.9604549407959,1,2.297506093978882,1
section_00_test_000305.wav,20260904T181815Z-34f9bd77290592aace48ae82-dg-615b3981072d-000031,dee8061823212c4fe7187c9fad1c034d1ce2b4865dcf8828bb6c56dcfc3d4aa6,target,normal,none,none,20260904T181815Z-34f9bd77290592aace48ae82,1,934,16.91904640197754,1,2.4158802032470703,1
section_00_test_000306.wav,20260904T181815Z-34f9bd77290592aace48ae82-dg-615b3981072d-000035,c2797ebcbc3c8d58e3b895f19e6080490d8d8713627c83920e6a436a9dd9bcfc,target,normal,none,none,20260904T181815Z-34f9bd77290592aace48ae82,1,934,15.223448753356934,1,2.132683277130127,1
section_00_test_000307.wav,20260904T181815Z-34f9bd77290592aace48ae82-dg-615b3981072d-000047,3b92e89d7fc22c8cd3c47727637711621d3cb8cc0a90562dce55c2d271460453,target,normal,none,none,20260904T181815Z-34f9bd77290592aace48ae82,1,934,16.14742088317871,1,1.9223846197128296,1
section_00_test_000308.wav,20260904T181815Z-34f9bd77290592aace48ae82-dg-615b3981072d-000051,4c10dcfc306fbd3deb6fe11812cbaf55e2495505dfda2f7e402c40c591e88812,target,normal,none,none,20260904T181815Z-34f9bd77290592aace48ae82,1,934,16.123863220214844,1,1.803297758102417,1
section_00_test_000309.wav,20260904T181815Z-34f9bd77290592aace48ae82-dg-615b3981072d-000052,9ee08125aabb39c3a7869e04b741e338a7781b9be6274f90499d838d3f47b931,target,normal,none,none,20260904T181815Z-34f9bd77290592aace48ae82,1,934,16.090675354003906,1,2.0215401649475098,1
section_00_test_000310.wav,20260904T181815Z-34f9bd77290592aace48ae82-dg-615b3981072d-000053,0dd1e3b0f7f12bc0608aec68ae5f98697d8ca0bc11401171b860ac680da014aa,target,normal,none,none,20260904T181815Z-34f9bd77290592aace48ae82,1,934,16.01681900024414,1,1.8080675601959229,1
section_00_test_000311.wav,20260904T181815Z-34f9bd77290592aace48ae82-dg-615b3981072d-000060,0cb4e3cc86d33718625e5b4b0bc22c0daa9a888e6a4add59b7fee00617c335b2,target,normal,none,none,20260904T181815Z-34f9bd77290592aace48ae82,1,934,16.004634857177734,1,1.6641271114349365,1
section_00_test_000312.wav,20260904T181815Z-34f9bd77290592aace48ae82-dg-615b3981072d-000063,9d2f13e902c281d3991c53650780e52422d9897b9fa31b44fbe27c8426eeb607,target,normal,none,none,20260904T181815Z-34f9bd77290592aace48ae82,1,934,15.787046432495117,1,1.9625359773635864,1
section_00_test_000313.wav,20260904T181815Z-34f9bd77290592aace48ae82-dg-615b3981072d-000064,d8e012f8da55d394cfdd49bd5ed9912f502588ff25628357ed2391e1d63e0e1b,target,normal,none,none,20260904T181815Z-34f9bd77290592aace48ae82,1,934,15.766891479492188,1,1.8072456121444702,1
section_00_test_000314.wav,20260904T181815Z-34f9bd77290592aace48ae82-dg-615b3981072d-000073,1cd8dacbfa48ba828e1be4cf1b233e95a98e0b1c151eb9c8b712d2c24a874f50,target,normal,none,none,20260904T181815Z-34f9bd77290592aace48ae82,1,934,15.58467960357666,1,1.3858853578567505,1
section_00_test_000315.wav,20260904T181815Z-34f9bd77290592aace48ae82-dg-615b3981072d-000081,fa76ed8922bd374f7ff26be3f15246a2916f8ce920f36c385d0b6d28d10b1747,target,normal,none,none,20260904T181815Z-34f9bd77290592aace48ae82,1,934,14.57677173614502,1,1.4531067609786987,1
section_00_test_000316.wav,20260904T181815Z-34f9bd77290592aace48ae82-dg-615b3981072d-000084,1e65629aaaff71bb5957d5bcd2fc9d91ebbdc1d90fafa7be5b32f3cb8ee1932f,target,normal,none,none,20260904T181815Z-34f9bd77290592aace48ae82,1,934,15.52719497680664,1,1.7764859199523926,1
section_00_test_000317.wav,20260904T181815Z-34f9bd77290592aace48ae82-dg-615b3981072d-000088,baaf48ad8e67ca587dd4d65b2efe1530a86785db0974c64e11323d6ded061133,target,normal,none,none,20260904T181815Z-34f9bd77290592aace48ae82,1,934,14.875083923339844,1,1.3856029510498047,1
section_00_test_000318.wav,20260904T181815Z-34f9bd77290592aace48ae82-dg-615b3981072d-000101,71daad7cf04e6e3fa6e0e54cb4a01ae03d5b5a15f8582c87416bcf08f3d1db32,target,normal,none,none,20260904T181815Z-34f9bd77290592aace48ae82,1,934,15.607662200927734,1,1.8088856935501099,1
section_00_test_000319.wav,20260904T181815Z-34f9bd77290592aace48ae82-dg-615b3981072d-000103,1ce0ca2d27b9c6078073c2921ae35e530b459abc6942d3956bd4592267484054,target,normal,none,none,20260904T181815Z-34f9bd77290592aace48ae82,1,934,14.936126708984375,1,1.0185699462890625,1
section_00_test_000320.wav,20260904T181815Z-34f9bd77290592aace48ae82-dg-615b3981072d-000111,df4354dd90ce938235f4e83b78327a2c81c0b74dad540af799d606dd1928be92,target,normal,none,none,20260904T181815Z-34f9bd77290592aace48ae82,1,934,15.321632385253906,1,1.5148742198944092,1
section_00_test_000321.wav,20260904T181815Z-34f9bd77290592aace48ae82-dg-615b3981072d-000115,be5a088828f0338e9197e9c53f0ba18ed9aff6adab67777fb0a020864d9be3c0,target,normal,none,none,20260904T181815Z-34f9bd77290592aace48ae82,1,934,14.90063762664795,1,0.8792984485626221,1
section_00_test_000322.wav,20260904T181815Z-34f9bd77290592aace48ae82-dg-615b3981072d-000118,7780757448356f838503912a3bc03dfd4c6fa2cf5472c4ee0856477ec18e88a5,target,normal,none,none,20260904T181815Z-34f9bd77290592aace48ae82,1,934,14.914843559265137,1,1.2067168951034546,1
section_00_test_000323.wav,20260904T181815Z-34f9bd77290592aace48ae82-dg-615b3981072d-000133,887e1a1d38c81e88a3b08bc63f243ff6e27e2c1b645a953644044b542bdc2e01,target,normal,none,none,20260904T181815Z-34f9bd77290592aace48ae82,1,934,15.018730163574219,1,0.7919914126396179,1
section_00_test_000324.wav,20260904T181815Z-34f9bd77290592aace48ae82-dg-615b3981072d-000154,89edfe78ea2690351b68dbc3ab0dc94ceaa1c4298d653794ce2e9c93991fe195,target,normal,none,none,20260904T181815Z-34f9bd77290592aace48ae82,1,934,14.776174545288086,1,0.7489615082740784,1
section_00_test_000325.wav,20260904T181815Z-34f9bd77290592aace48ae82-dg-615b3981072d-000169,4367961b0e6031dc6436263edfbf1966b4dd87a6762ffbf31955afe217c864a3,target,normal,none,none,20260904T181815Z-34f9bd77290592aace48ae82,1,934,15.103715896606445,1,1.101699709892273,1
section_00_test_000326.wav,20260904T181815Z-34f9bd77290592aace48ae82-dg-615b3981072d-000170,3aa7e846017c4dac89a1a18431d169cc33b37a670d7712fe3a1aff2e218ce163,target,normal,none,none,20260904T181815Z-34f9bd77290592aace48ae82,1,934,14.80872917175293,1,1.2091679573059082,1
section_00_test_000327.wav,20260904T181815Z-34f9bd77290592aace48ae82-dg-615b3981072d-000171,34c0cd8e0bd1df0cb49d021de02621dd875a3ac8bb48a6a93b6d609263770c76,target,normal,none,none,20260904T181815Z-34f9bd77290592aace48ae82,1,934,14.785144805908203,1,0.5851780772209167,1
section_00_test_000328.wav,20260904T181815Z-34f9bd77290592aace48ae82-dg-615b3981072d-000182,8044decec35f29dbbc7e25573c4910f0c5a9c9819721293ed9c3569de757bc8a,target,normal,none,none,20260904T181815Z-34f9bd77290592aace48ae82,1,934,14.746315956115723,1,0.6518515348434448,1
section_00_test_000329.wav,20260904T181815Z-34f9bd77290592aace48ae82-dg-615b3981072d-000183,47ee70d808a22e6b155c479b3f61de7790eb51b5329bf42ed65e0a4538dba50e,target,normal,none,none,20260904T181815Z-34f9bd77290592aace48ae82,1,934,14.945670127868652,1,0.6716088056564331,1
section_00_test_000330.wav,20260904T181815Z-34f9bd77290592aace48ae82-dg-615b3981072d-000190,f32bf4a9b1a2ed76645de9e205f45f1aa6b55e39362fc0acbf5f66e13d2a9a1e,target,normal,none,none,20260904T181815Z-34f9bd77290592aace48ae82,1,934,15.127867698669434,1,0.6439785957336426,1
section_00_test_000331.wav,20260904T181815Z-34f9bd77290592aace48ae82-dg-615b3981072d-000193,ef80899727849e5e091ea51aa8c540e475943c5e7d9eeecb35b7de44d212f88d,target,normal,none,none,20260904T181815Z-34f9bd77290592aace48ae82,1,934,14.772512435913086,1,0.7425528168678284,1
section_00_test_000332.wav,20260904T181815Z-34f9bd77290592aace48ae82-dg-615b3981072d-000199,3097e4bad72cafa5fb2c0be6c3b317a42408fc513abfaf1864e06525ddca5904,target,normal,none,none,20260904T181815Z-34f9bd77290592aace48ae82,1,934,14.921653747558594,1,0.7293325662612915,1
section_00_test_000333.wav,20260904T181815Z-34f9bd77290592aace48ae82-dg-615b3981072d-000203,cfdf3a3fceb4f8fb08767bf9a24f81c21527c6a6dd1d556d1158c4d7a69b20f4,target,normal,none,none,20260904T181815Z-34f9bd77290592aace48ae82,1,934,15.213417053222656,1,0.908147931098938,1
section_00_test_000334.wav,20260904T181815Z-34f9bd77290592aace48ae82-dg-615b3981072d-000207,3143c28f194df216eb317c4ae32c8816f8a5275669c374aa775be8c30e617194,target,normal,none,none,20260904T181815Z-34f9bd77290592aace48ae82,1,934,15.11415958404541,1,0.875558614730835,1
section_00_test_000335.wav,20260904T181815Z-34f9bd77290592aace48ae82-dg-615b3981072d-000229,8125581cd1607b4434b5466f47d70ecad192565c841d5bc8c21e76d39c1b4f6d,target,normal,none,none,20260904T181815Z-34f9bd77290592aace48ae82,1,934,15.740434646606445,1,1.6125305891036987,1
section_00_test_000336.wav,20260904T181815Z-34f9bd77290592aace48ae82-dg-615b3981072d-000239,0b25c5d94559a63e8149c97644a97f612020e2aa46d34a064dd55628fcd15073,target,normal,none,none,20260904T181815Z-34f9bd77290592aace48ae82,1,934,15.848745346069336,1,1.045646071434021,1
section_00_test_000337.wav,20260904T181815Z-34f9bd77290592aace48ae82-dg-615b3981072d-000251,4ef9f2d5863633692475ff98a358865a75621de6d7d55e997082c0de85a6fa01,target,normal,none,none,20260904T181815Z-34f9bd77290592aace48ae82,1,934,15.229990005493164,1,1.8493245840072632,1
section_00_test_000338.wav,20260904T181815Z-34f9bd77290592aace48ae82-dg-615b3981072d-000252,3fd260b493fafecdefec61d0f48a2dadab6f9c6d9170bf4199d410bb8f103e6d,target,normal,none,none,20260904T181815Z-34f9bd77290592aace48ae82,1,934,15.523574829101562,1,1.0190620422363281,1
section_00_test_000339.wav,20260904T181815Z-34f9bd77290592aace48ae82-dg-615b3981072d-000257,b9e0714955568bc2780bba842dd074ee44f3d0553e18545ebcd277f08120c17b,target,normal,none,none,20260904T181815Z-34f9bd77290592aace48ae82,1,934,15.523845672607422,1,1.3113560676574707,1
section_00_test_000340.wav,20260904T181815Z-34f9bd77290592aace48ae82-dg-615b3981072d-000262,caf3c4aec04f925b494c812692210eb39342d42e36953d462d851aa70b67b037,target,normal,none,none,20260904T181815Z-34f9bd77290592aace48ae82,1,934,16.036977767944336,1,1.1862099170684814,1
section_00_test_000341.wav,20260904T181815Z-34f9bd77290592aace48ae82-dg-615b3981072d-000263,3969dd72cb81506edd8938c10e22ebffd57a6303da5f62177c7fb7c98eaa2159,target,normal,none,none,20260904T181815Z-34f9bd77290592aace48ae82,1,934,16.12746238708496,1,1.4432421922683716,1
section_00_test_000342.wav,20260904T181815Z-34f9bd77290592aace48ae82-dg-615b3981072d-000269,656f24a618993d162fc06632f0aa2fbf08063bd5a49e7c574eff9affba80ee63,target,normal,none,none,20260904T181815Z-34f9bd77290592aace48ae82,1,934,16.31502914428711,1,1.4153087139129639,1
section_00_test_000343.wav,20260904T181815Z-34f9bd77290592aace48ae82-dg-615b3981072d-000274,ed94f5a80af2a674155ce15c0160b910c4b056fc5d921bd9e875a4291b65f94a,target,normal,none,none,20260904T181815Z-34f9bd77290592aace48ae82,1,934,15.672103881835938,1,1.4122037887573242,1
section_00_test_000344.wav,20260904T181815Z-34f9bd77290592aace48ae82-dg-615b3981072d-000283,d98cfc0151f85c1dddff3ffbdd66e138ac4587e6584d83e52fe359e8583b3598,target,normal,none,none,20260904T181815Z-34f9bd77290592aace48ae82,1,934,17.00442123413086,1,1.540415644645691,1
section_00_test_000345.wav,20260904T181815Z-34f9bd77290592aace48ae82-dg-615b3981072d-000285,c04081cd5719abb657d6c3b23e65cd59eb8505110fde0d82449abf81b5a0571d,target,normal,none,none,20260904T181815Z-34f9bd77290592aace48ae82,1,934,17.348636627197266,1,2.434095859527588,1
section_00_test_000346.wav,20260904T181815Z-34f9bd77290592aace48ae82-dg-615b3981072d-000288,5e07d4254228fbae5147a1ddecab86e2f84da2c9b0867777d6f1a306519c40be,target,normal,none,none,20260904T181815Z-34f9bd77290592aace48ae82,1,934,17.041040420532227,1,3.5397489070892334,1
section_00_test_000347.wav,20260904T181815Z-34f9bd77290592aace48ae82-dg-615b3981072d-000291,f83e3338457d8321f0e6abf263d1d56ca913bb550391e03c49e29550902cb5ee,target,normal,none,none,20260904T181815Z-34f9bd77290592aace48ae82,1,934,17.853471755981445,1,2.0160973072052,1
section_00_test_000348.wav,20260904T181815Z-34f9bd77290592aace48ae82-dg-615b3981072d-000299,15f59432338cf9f5b7997b1ebd07dd2a1b6f161b7d1f1678af2ddfdecdd47d96,target,normal,none,none,20260904T181815Z-34f9bd77290592aace48ae82,1,934,17.778146743774414,1,3.733506679534912,1
section_00_test_000349.wav,20260904T181815Z-34f9bd77290592aace48ae82-dg-615b3981072d-000300,c79f2e415d24605a8a617d2c62ca255220f22552e9a5131ce57563ceb6c31d99,target,normal,none,none,20260904T181815Z-34f9bd77290592aace48ae82,1,934,16.667545318603516,1,3.1297008991241455,1
section_00_test_000350.wav,20260904T181815Z-34f9bd77290592aace48ae82-dg-615b3981072d-000006,2fb0a5b96899699176f79964ac0ab7189c9c07cd498caff761010e06e51c22f1,target,normal,none,none,20260904T181815Z-34f9bd77290592aace48ae82,3,934,13.94520092010498,0,1.5578871965408325,1
section_00_test_000351.wav,20260904T181815Z-34f9bd77290592aace48ae82-dg-615b3981072d-000007,e789951c165dd41e8bb1cbf62b9f750b07f7b36cdf020ffbed025603f0dee3bd,target,normal,none,none,20260904T181815Z-34f9bd77290592aace48ae82,3,934,13.342267990112305,0,1.914905071258545,1
section_00_test_000352.wav,20260904T181815Z-34f9bd77290592aace48ae82-dg-615b3981072d-000009,39014733d2e1c844b7ba5462ecb8ece4e2ad1f5fdf2d5797c27d553bfa371a73,target,normal,none,none,20260904T181815Z-34f9bd77290592aace48ae82,3,934,14.43272876739502,1,3.353909730911255,1
section_00_test_000353.wav,20260904T181815Z-34f9bd77290592aace48ae82-dg-615b3981072d-000010,31293b87ce328bd6ad717c593f2caa92ab700b881d05c014d6bcbfdd0c583b11,target,normal,none,none,20260904T181815Z-34f9bd77290592aace48ae82,3,934,14.11710262298584,0,1.9737741947174072,1
section_00_test_000354.wav,20260904T181815Z-34f9bd77290592aace48ae82-dg-615b3981072d-000028,88731fb613db66733232bc3cc07d92fb2c4b1dce1c2100e2c6b4773b0d5c12e5,target,normal,none,none,20260904T181815Z-34f9bd77290592aace48ae82,3,934,15.724198341369629,1,2.4760427474975586,1
section_00_test_000355.wav,20260904T181815Z-34f9bd77290592aace48ae82-dg-615b3981072d-000041,45f866dbe8a8fdd85a698c6a854bae699dbcb2a12aeb8c40a2d011db083da6d6,target,normal,none,none,20260904T181815Z-34f9bd77290592aace48ae82,3,934,15.123395919799805,1,2.1385791301727295,1
section_00_test_000356.wav,20260904T181815Z-34f9bd77290592aace48ae82-dg-615b3981072d-000045,1cc565f01fc4abaecefc1420d6f4852214320a35ab9177efb37aa8b5a2cb9c93,target,normal,none,none,20260904T181815Z-34f9bd77290592aace48ae82,3,934,15.074542045593262,1,2.0449891090393066,1
section_00_test_000357.wav,20260904T181815Z-34f9bd77290592aace48ae82-dg-615b3981072d-000046,eedd1332e7d593406c20be6c3523a35e2e38b871459bd12ca2c4c636cba40055,target,normal,none,none,20260904T181815Z-34f9bd77290592aace48ae82,3,934,15.590568542480469,1,2.729581117630005,1
section_00_test_000358.wav,20260904T181815Z-34f9bd77290592aace48ae82-dg-615b3981072d-000048,310f214465e3b981dae7e50b66f6da0c09624064f20a9f8b20642b7540a403d4,target,normal,none,none,20260904T181815Z-34f9bd77290592aace48ae82,3,934,14.976122856140137,1,1.8439842462539673,1
section_00_test_000359.wav,20260904T181815Z-34f9bd77290592aace48ae82-dg-615b3981072d-000049,88566afca1715ab8a4757ac03e41d6e5d976567c8918020d03a71344fc54ab4b,target,normal,none,none,20260904T181815Z-34f9bd77290592aace48ae82,3,934,14.770964622497559,1,1.7249921560287476,1
section_00_test_000360.wav,20260904T181815Z-34f9bd77290592aace48ae82-dg-615b3981072d-000050,5b3656321e9e15d9309ebf8608c482a510e38a77a7bf52a1a6e84c185fe893b5,target,normal,none,none,20260904T181815Z-34f9bd77290592aace48ae82,3,934,15.124794006347656,1,2.0144340991973877,1
section_00_test_000361.wav,20260904T181815Z-34f9bd77290592aace48ae82-dg-615b3981072d-000059,824fb937af96d27d13dea32cfed3ab526e1a8f732d8fb8a024db8810dff169e9,target,normal,none,none,20260904T181815Z-34f9bd77290592aace48ae82,3,934,14.772448539733887,1,2.287325143814087,1
section_00_test_000362.wav,20260904T181815Z-34f9bd77290592aace48ae82-dg-615b3981072d-000065,b14c83fa3ccc9ee81a4b70e89a53ae3ae2de3cffd9d70610497fd534fb4d82a2,target,normal,none,none,20260904T181815Z-34f9bd77290592aace48ae82,3,934,15.715411186218262,1,2.239671230316162,1
section_00_test_000363.wav,20260904T181815Z-34f9bd77290592aace48ae82-dg-615b3981072d-000083,d537bf9e7006536ea9e1a9f8e038395945c17243a304df4153f8bfe5f4700024,target,normal,none,none,20260904T181815Z-34f9bd77290592aace48ae82,3,934,14.44987964630127,1,1.0850586891174316,1
section_00_test_000364.wav,20260904T181815Z-34f9bd77290592aace48ae82-dg-615b3981072d-000097,e7decacae3d156928b7ca04d54fb06c2f89d8366ebc3509e1d6f734feb382ffa,target,normal,none,none,20260904T181815Z-34f9bd77290592aace48ae82,3,934,14.137404441833496,0,1.1810144186019897,1
section_00_test_000365.wav,20260904T181815Z-34f9bd77290592aace48ae82-dg-615b3981072d-000100,558a672fee8084ddca0355c2a18da3b4308c00d6c73b0db82190e3f05b71796f,target,normal,none,none,20260904T181815Z-34f9bd77290592aace48ae82,3,934,14.048285484313965,0,1.0966131687164307,1
section_00_test_000366.wav,20260904T181815Z-34f9bd77290592aace48ae82-dg-615b3981072d-000106,7aa79833bcd0dd7f7082d3ba11563a06fdf93481723e486f8d958e4959d4f12e,target,normal,none,none,20260904T181815Z-34f9bd77290592aace48ae82,3,934,14.087921142578125,0,1.1696527004241943,1
section_00_test_000367.wav,20260904T181815Z-34f9bd77290592aace48ae82-dg-615b3981072d-000107,95aaee8c0a5eb9248c9b92d30acd0f6d52ec625cad923553e08b605061d07076,target,normal,none,none,20260904T181815Z-34f9bd77290592aace48ae82,3,934,14.42496109008789,1,1.231103777885437,1
section_00_test_000368.wav,20260904T181815Z-34f9bd77290592aace48ae82-dg-615b3981072d-000120,f5179b81e423b44dbe150dcfd6fb7ffcb7e912bd5d32f95586d00ffc8ff0e2ab,target,normal,none,none,20260904T181815Z-34f9bd77290592aace48ae82,3,934,13.770973205566406,0,0.9025196433067322,1
section_00_test_000369.wav,20260904T181815Z-34f9bd77290592aace48ae82-dg-615b3981072d-000134,4e490c415d8e4c855625375c08526412540d10d2dfd11e194ccdea35b93b8a22,target,normal,none,none,20260904T181815Z-34f9bd77290592aace48ae82,3,934,14.225568771362305,0,0.9126282930374146,1
section_00_test_000370.wav,20260904T181815Z-34f9bd77290592aace48ae82-dg-615b3981072d-000135,dc428b5b06108db58af4e68bb6adac0026ed7a30805279abe628872c5c598333,target,normal,none,none,20260904T181815Z-34f9bd77290592aace48ae82,3,934,13.994647979736328,0,0.8328703045845032,1
section_00_test_000371.wav,20260904T181815Z-34f9bd77290592aace48ae82-dg-615b3981072d-000137,e02c8dde09c0b0da591d6adca6ca7509bcd5fcfd1f67cbddb1dd6f2c638a6703,target,normal,none,none,20260904T181815Z-34f9bd77290592aace48ae82,3,934,14.2510986328125,0,1.0025142431259155,1
section_00_test_000372.wav,20260904T181815Z-34f9bd77290592aace48ae82-dg-615b3981072d-000146,35ed546ac700a09967d36d5f40ee2bbb0ead362956f1b5efefc4e756c4c2d468,target,normal,none,none,20260904T181815Z-34f9bd77290592aace48ae82,3,934,14.272523880004883,0,1.0140470266342163,1
section_00_test_000373.wav,20260904T181815Z-34f9bd77290592aace48ae82-dg-615b3981072d-000147,a4f74717495cb09de3cea51870c894f401fe4216cdde0b6fac58037f4b1cc9f3,target,normal,none,none,20260904T181815Z-34f9bd77290592aace48ae82,3,934,14.640347480773926,1,1.0766080617904663,1
section_00_test_000374.wav,20260904T181815Z-34f9bd77290592aace48ae82-dg-615b3981072d-000150,8b714e6c820c17daaa3a5cd1380e9357f40198b1a901a99c7498a241f0837398,target,normal,none,none,20260904T181815Z-34f9bd77290592aace48ae82,3,934,14.476296424865723,1,1.543103575706482,1
section_00_test_000375.wav,20260904T181815Z-34f9bd77290592aace48ae82-dg-615b3981072d-000152,0cf052f3b6a4b546741654e91b3794069ce8335f1e538dc13967da2bc7789d76,target,normal,none,none,20260904T181815Z-34f9bd77290592aace48ae82,3,934,14.383883476257324,1,1.522447943687439,1
section_00_test_000376.wav,20260904T181815Z-34f9bd77290592aace48ae82-dg-615b3981072d-000157,01d20b016da7c6807a3110bc5aede96a4934844042c851f58e0eadc6438ab76a,target,normal,none,none,20260904T181815Z-34f9bd77290592aace48ae82,3,934,13.998649597167969,0,0.9073362350463867,1
section_00_test_000377.wav,20260904T181815Z-34f9bd77290592aace48ae82-dg-615b3981072d-000160,8887b89d75da9f48de0264c1de92919f4c11d16d74cc0b7e6513b293f45d5cab,target,normal,none,none,20260904T181815Z-34f9bd77290592aace48ae82,3,934,14.326705932617188,0,1.1463170051574707,1
section_00_test_000378.wav,20260904T181815Z-34f9bd77290592aace48ae82-dg-615b3981072d-000163,3d14f32fb31e71ced4cdb86b4c76c5216acddc5b765d8d9b792e82d04d3b311f,target,normal,none,none,20260904T181815Z-34f9bd77290592aace48ae82,3,934,14.239740371704102,0,0.8105705976486206,1
section_00_test_000379.wav,20260904T181815Z-34f9bd77290592aace48ae82-dg-615b3981072d-000165,fae400d732c2093d75d01d167ba38dd12992a9412007831319f2f4bd38a3e3dc,target,normal,none,none,20260904T181815Z-34f9bd77290592aace48ae82,3,934,14.228330612182617,0,0.8761162757873535,1
section_00_test_000380.wav,20260904T181815Z-34f9bd77290592aace48ae82-dg-615b3981072d-000166,a209e43040983f7a85446d26dd0739a15cc80c934bfb466f27cdfb4d88ccc6c6,target,normal,none,none,20260904T181815Z-34f9bd77290592aace48ae82,3,934,13.969144821166992,0,0.742884635925293,1
section_00_test_000381.wav,20260904T181815Z-34f9bd77290592aace48ae82-dg-615b3981072d-000167,c3d73e3da4bb425ae021f7e68029f752ca9442a468c6f652c95d4e4d7526d060,target,normal,none,none,20260904T181815Z-34f9bd77290592aace48ae82,3,934,14.013579368591309,0,0.9982618689537048,1
section_00_test_000382.wav,20260904T181815Z-34f9bd77290592aace48ae82-dg-615b3981072d-000178,e78ff51a203e9db07126fe6ac68b73b018925b0697dbe3c18e60f1b9fa099bae,target,normal,none,none,20260904T181815Z-34f9bd77290592aace48ae82,3,934,14.23994255065918,0,1.1496788263320923,1
section_00_test_000383.wav,20260904T181815Z-34f9bd77290592aace48ae82-dg-615b3981072d-000192,8eeac16562978c66a67b6039ba14be496afc1ac65b070e034ae84606ba13e229,target,normal,none,none,20260904T181815Z-34f9bd77290592aace48ae82,3,934,14.335065841674805,0,0.778768002986908,1
section_00_test_000384.wav,20260904T181815Z-34f9bd77290592aace48ae82-dg-615b3981072d-000205,69807297e492d3bcc23b7f295061af426a41d9b84817b31fd9ff957ed0385fc0,target,normal,none,none,20260904T181815Z-34f9bd77290592aace48ae82,3,934,14.229361534118652,0,1.1633670330047607,1
section_00_test_000385.wav,20260904T181815Z-34f9bd77290592aace48ae82-dg-615b3981072d-000211,3623fe9dac4b2731e136da3ef627398e4f0743d12e59d1b78088a34a5cfe6c4c,target,normal,none,none,20260904T181815Z-34f9bd77290592aace48ae82,3,934,14.466731071472168,1,1.3114086389541626,1
section_00_test_000386.wav,20260904T181815Z-34f9bd77290592aace48ae82-dg-615b3981072d-000220,e3c5914501e31b1ea7bfa6ab81a99d10c3a54093eb65efc1d93c8a72876b7b0f,target,normal,none,none,20260904T181815Z-34f9bd77290592aace48ae82,3,934,14.700425148010254,1,1.5484586954116821,1
section_00_test_000387.wav,20260904T181815Z-34f9bd77290592aace48ae82-dg-615b3981072d-000227,1fb8519980f50328d0887af3b6a60f97581bbb73e5d6a53a8545345e55a75174,target,normal,none,none,20260904T181815Z-34f9bd77290592aace48ae82,3,934,15.338404655456543,1,1.8733024597167969,1
section_00_test_000388.wav,20260904T181815Z-34f9bd77290592aace48ae82-dg-615b3981072d-000234,32805b1c0c79da03a6379fe156c0203d8ae7fee887bcda72e02a101fd6dd9037,target,normal,none,none,20260904T181815Z-34f9bd77290592aace48ae82,3,934,15.41552448272705,1,2.073429584503174,1
section_00_test_000389.wav,20260904T181815Z-34f9bd77290592aace48ae82-dg-615b3981072d-000235,2eee292a870d1292cd13cbb97ef7293794cbb88810de0852aa6bc047e594bf51,target,normal,none,none,20260904T181815Z-34f9bd77290592aace48ae82,3,934,15.574884414672852,1,2.19427227973938,1
section_00_test_000390.wav,20260904T181815Z-34f9bd77290592aace48ae82-dg-615b3981072d-000236,9ccb01cb0fa17648d03eb2b2cf2ea816d9e585b91a47b8d7a926dc868842b746,target,normal,none,none,20260904T181815Z-34f9bd77290592aace48ae82,3,934,15.151625633239746,1,2.147113800048828,1
section_00_test_000391.wav,20260904T181815Z-34f9bd77290592aace48ae82-dg-615b3981072d-000243,e32cbc6f79b08e816d228077df2c19b02f459f0c8dae6a32e1cff4903ff4f1a1,target,normal,none,none,20260904T181815Z-34f9bd77290592aace48ae82,3,934,15.409255981445312,1,2.417476177215576,1
section_00_test_000392.wav,20260904T181815Z-34f9bd77290592aace48ae82-dg-615b3981072d-000249,95f2cc0bad81dc75230b10923a60ba4f1bd92bae6823580f1a132b5d6b3bab35,target,normal,none,none,20260904T181815Z-34f9bd77290592aace48ae82,3,934,15.561964988708496,1,2.2723989486694336,1
section_00_test_000393.wav,20260904T181815Z-34f9bd77290592aace48ae82-dg-615b3981072d-000250,b1fd1654f574cdf6b87c0378e69e382e055d71f5a7a8b0c993de497d81ac4be0,target,normal,none,none,20260904T181815Z-34f9bd77290592aace48ae82,3,934,14.988099098205566,1,2.3317902088165283,1
section_00_test_000394.wav,20260904T181815Z-34f9bd77290592aace48ae82-dg-615b3981072d-000270,0b220852eea6012555e70b5fff595764e41cdbce9ea21dac96e8e90f794fb2e4,target,normal,none,none,20260904T181815Z-34f9bd77290592aace48ae82,3,934,15.978057861328125,1,2.96924090385437,1
section_00_test_000395.wav,20260904T181815Z-34f9bd77290592aace48ae82-dg-615b3981072d-000275,631877a062965016eac829843f3d30bf6318d71774e20793bcc61c84ebbf0f1e,target,normal,none,none,20260904T181815Z-34f9bd77290592aace48ae82,3,934,15.988003730773926,1,2.708693742752075,1
section_00_test_000396.wav,20260904T181815Z-34f9bd77290592aace48ae82-dg-615b3981072d-000282,5c76e5e5cf031e1bb7995d44f759bf09f8b06206e6ff3932b72e7269b5b00fb5,target,normal,none,none,20260904T181815Z-34f9bd77290592aace48ae82,3,934,16.325096130371094,1,2.4187240600585938,1
section_00_test_000397.wav,20260904T181815Z-34f9bd77290592aace48ae82-dg-615b3981072d-000289,910a9926f0512f2eb536c7ca397f22d2252b0e39f265e808e6c1778bf4fc9f7c,target,normal,none,none,20260904T181815Z-34f9bd77290592aace48ae82,3,934,16.026147842407227,1,3.5719106197357178,1
section_00_test_000398.wav,20260904T181815Z-34f9bd77290592aace48ae82-dg-615b3981072d-000293,29dc8a4551f9c16345afc6dbc3ceb1b94e75233b93f264741b9ed1e15e4aa895,target,normal,none,none,20260904T181815Z-34f9bd77290592aace48ae82,3,934,16.309772491455078,1,3.8762638568878174,1
section_00_test_000399.wav,20260904T181815Z-34f9bd77290592aace48ae82-dg-615b3981072d-000298,e2bfb0a33a15840824924f4ad31b2e94cad456346a321202bb19380829ed1aae,target,normal,none,none,20260904T181815Z-34f9bd77290592aace48ae82,3,934,16.813465118408203,1,3.2130231857299805,1
