filename,clip_uid,audio_sha256,domain,label,fault_family,fault_subtype,session_id,channel_id,vectors,MSE,MSE_decision,MAHALA,MAHALA_decision
section_00_test_000000.wav,20260905T050107Z-563e5602acd70612935e3840-dg-d53fa15b5842-000120,40737f978683346cbf1b05a15686572ca9f28604682b56f9840acd95a085d53a,source,anomaly,belt_tension_abnormal,belt_b,20260905T050107Z-563e5602acd70612935e3840,1,934,14.261984825134277,0,1.8684906959533691,1
section_00_test_000001.wav,20260905T050107Z-563e5602acd70612935e3840-dg-d53fa15b5842-000272,e1965e24d6680d9987652ea4a68e77e096037952b5a4b5dc13b641904ea6e59c,source,anomaly,belt_tension_abnormal,belt_b,20260905T050107Z-563e5602acd70612935e3840,1,934,14.842820167541504,1,2.013390302658081,1
section_00_test_000002.wav,20260905T065117Z-ff4c5a98a32203bfe9f91cab-dg-83942617f0a8-000247,7a94574ca54a85ec75bb75ca5eedec368b9a4be8c93953334642206ca47e4120,source,anomaly,belt_tension_abnormal,belt_a_b,20260905T065117Z-ff4c5a98a32203bfe9f91cab,1,934,14.568114280700684,1,2.2085814476013184,1
section_00_test_000003.wav,20260905T065117Z-ff4c5a98a32203bfe9f91cab-dg-83942617f0a8-000267,26b98095ffdd6f96144680747a956e1ec6876b8755fb212840583c90720fc4de,source,anomaly,belt_tension_abnormal,belt_a_b,20260905T065117Z-ff4c5a98a32203bfe9f91cab,1,934,15.054488182067871,1,2.237598180770874,1
section_00_test_000004.wav,20260905T091955Z-0ec9ac6a2a604ed98ae7628a-dg-46b0b9c346d2-000075,89a987758d0e50ec596c4213f98501e9ad27daa60165398f9ec812034bfd0091,source,anomaly,belt_tension_abnormal,belt_a,20260905T091955Z-0ec9ac6a2a604ed98ae7628a,1,934,15.516993522644043,1,2.360673189163208,1
section_00_test_000005.wav,20260905T091955Z-0ec9ac6a2a604ed98ae7628a-dg-46b0b9c346d2-000083,e3e8d308c44121ed14827c09c5ed457707ff4127bbf8fa17f856dc97affae8b8,source,anomaly,belt_tension_abnormal,belt_a,20260905T091955Z-0ec9ac6a2a604ed98ae7628a,1,934,15.664527893066406,1,2.7273130416870117,1
section_00_test_000006.wav,20260905T091955Z-0ec9ac6a2a604ed98ae7628a-dg-46b0b9c346d2-000156,58e86eff4ecb2f7fb59470b83edf6712adb3717a10b07f65ed08be44a760c9d4,source,anomaly,belt_tension_abnormal,belt_a,20260905T091955Z-0ec9ac6a2a604ed98ae7628a,1,934,14.612890243530273,1,2.516547203063965,1
section_00_test_000007.wav,20260905T145828Z-e26ab8e484b6efbd52f1acc1-dg-08aae5bf848d-000009,b01460a8966659074b7b3ef11a4495953d21408d670b359ba54d013e5c18ed5c,source,anomaly,extruder_cogging_or_no_extrusion,extruder_cogging_or_no_extrusion,20260905T145828Z-e26ab8e484b6efbd52f1acc1,1,934,14.429095268249512,1,4.369571685791016,1
section_00_test_000008.wav,20260905T145828Z-e26ab8e484b6efbd52f1acc1-dg-08aae5bf848d-000067,e074fa986bdaaa59b426f02e7dc4f6d372174076cc8956a53ad1071cae8f5239,source,anomaly,extruder_cogging_or_no_extrusion,extruder_cogging_or_no_extrusion,20260905T145828Z-e26ab8e484b6efbd52f1acc1,1,934,15.980207443237305,1,2.8708062171936035,1
section_00_test_000009.wav,20260905T145828Z-e26ab8e484b6efbd52f1acc1-dg-08aae5bf848d-000171,f6ff56251f02e3d9c0a923db98a0fccab75283fa00b8ac589b7258ea997d156e,source,anomaly,extruder_cogging_or_no_extrusion,extruder_cogging_or_no_extrusion,20260905T145828Z-e26ab8e484b6efbd52f1acc1,1,934,16.224245071411133,1,3.4538064002990723,1
section_00_test_000010.wav,20260905T145828Z-e26ab8e484b6efbd52f1acc1-dg-08aae5bf848d-000198,0fd35c9d16c7198979ed327695a6e160b8acc656b34ff63db63c40e1f9a0fadc,source,anomaly,extruder_cogging_or_no_extrusion,extruder_cogging_or_no_extrusion,20260905T145828Z-e26ab8e484b6efbd52f1acc1,1,934,16.082494735717773,1,3.405047655105591,1
section_00_test_000011.wav,20260905T145828Z-e26ab8e484b6efbd52f1acc1-dg-08aae5bf848d-000235,5d343347196ba5216e2b8ae871a17b3ae2e36f7ab7a55c308237f16cc9c63a43,source,anomaly,extruder_cogging_or_no_extrusion,extruder_cogging_or_no_extrusion,20260905T145828Z-e26ab8e484b6efbd52f1acc1,1,934,16.468408584594727,1,3.1124587059020996,1
section_00_test_000012.wav,20260905T145828Z-e26ab8e484b6efbd52f1acc1-dg-08aae5bf848d-000299,fca62d7d52349842bd54b18f271342a413937399fd4ac1abdd6f29a062cd2eda,source,anomaly,extruder_cogging_or_no_extrusion,extruder_cogging_or_no_extrusion,20260905T145828Z-e26ab8e484b6efbd52f1acc1,1,934,16.18213653564453,1,3.9596121311187744,1
section_00_test_000013.wav,20260906T033116Z-0586ff9054959f9204f6cde4-dg-1ed7ad1ed3c8-000078,7f98fc4b5aa72e67bd35b51f4339a56a8a3f8511dba2eb2df0fd8175d871b430,source,anomaly,toolhead_collision,collision_x-min,20260906T033116Z-0586ff9054959f9204f6cde4,1,934,96.18994140625,1,81.4888687133789,1
section_00_test_000014.wav,20260906T085412Z-5489b83342d7e2fba29031b6-dg-d0b7d9918dfc-000014,f8a065b18c49107da82087cdbb0dbe8e5e7c0f040989f8caaed78c9a450b6ec9,source,anomaly,toolhead_collision,collision_x-max,20260906T085412Z-5489b83342d7e2fba29031b6,1,934,106.37578582763672,1,88.39036560058594,1
section_00_test_000015.wav,20260906T092852Z-b2f259b9c6ca413c5493d6af-dg-2cdedaa876a9-000055,cc559c2b3c44371a4b3b4b560e26b4006b5535920b8e770577e1c4a4e6f37a55,source,anomaly,toolhead_collision,collision_y-max,20260906T092852Z-b2f259b9c6ca413c5493d6af,1,934,84.46438598632812,1,80.99209594726562,1
section_00_test_000016.wav,20260906T092852Z-b2f259b9c6ca413c5493d6af-dg-2cdedaa876a9-000116,b6a10b3293cb98f558d4ef3eaa1af1c96089e4fff692e08f397f02da591ea268,source,anomaly,toolhead_collision,collision_y-max,20260906T092852Z-b2f259b9c6ca413c5493d6af,1,934,91.46837615966797,1,89.63866424560547,1
section_00_test_000017.wav,20260906T100342Z-59979407ad61cc09639d1b0a-dg-f7f1015b587b-000005,310143dde7f12a2f3cea41e69b0c3a190386493c2ad0dece762c7cc1444db0c5,source,anomaly,toolhead_collision,collision_x-min-y-max,20260906T100342Z-59979407ad61cc09639d1b0a,1,934,105.75041198730469,1,87.72480010986328,1
section_00_test_000018.wav,20260906T104126Z-e58f1f7c38bf0a54c280b3ef-dg-8f4af5b2f3d9-000013,8c873ce5e76afa86628edb85de5701cbfdbce75f96d020cea01d57c4a07de640,source,anomaly,toolhead_collision,collision_x-max-y-max,20260906T104126Z-e58f1f7c38bf0a54c280b3ef,1,934,103.92941284179688,1,97.52830505371094,1
section_00_test_000019.wav,20260906T131853Z-2be35f053fd4b32b11ffc479-dg-47d95fda2175-000036,d71928593877386f6bae257298c09de20a8554a51d402880f9d2d524e5cc9087,source,anomaly,cooling_fan_fault,cooling_fan_fault,20260906T131853Z-2be35f053fd4b32b11ffc479,1,934,19.407251358032227,1,6.7835917472839355,1
section_00_test_000020.wav,20260906T131853Z-2be35f053fd4b32b11ffc479-dg-47d95fda2175-000043,c9e941910f14ee8fde2f3314c202125734cf5e954e17bf13b83f0f6a063da372,source,anomaly,cooling_fan_fault,cooling_fan_fault,20260906T131853Z-2be35f053fd4b32b11ffc479,1,934,19.56532859802246,1,7.180776596069336,1
section_00_test_000021.wav,20260906T131853Z-2be35f053fd4b32b11ffc479-dg-47d95fda2175-000071,4bd43ad29f0ed8bae8e49f4b9e5f1692dc88a476c601fcf5cfcb9fb83d2d4119,source,anomaly,cooling_fan_fault,cooling_fan_fault,20260906T131853Z-2be35f053fd4b32b11ffc479,1,934,19.814496994018555,1,7.322403430938721,1
section_00_test_000022.wav,20260906T131853Z-2be35f053fd4b32b11ffc479-dg-47d95fda2175-000141,058d4acb44349303fdb0be9e03f596f941022f75e18f760bc0805abdab3941cb,source,anomaly,cooling_fan_fault,cooling_fan_fault,20260906T131853Z-2be35f053fd4b32b11ffc479,1,934,20.081205368041992,1,8.190557479858398,1
section_00_test_000023.wav,20260906T131853Z-2be35f053fd4b32b11ffc479-dg-47d95fda2175-000153,111fc2bb93bc262ee2caf29086473881ff5eb05dc6813abfdacca1f3590701ac,source,anomaly,cooling_fan_fault,cooling_fan_fault,20260906T131853Z-2be35f053fd4b32b11ffc479,1,934,19.864349365234375,1,8.779041290283203,1
section_00_test_000024.wav,20260906T131853Z-2be35f053fd4b32b11ffc479-dg-47d95fda2175-000195,67ea63b439a842f570d0b9fdbb9a2ff01c083cd2840c96622767f9b1cc6646f7,source,anomaly,cooling_fan_fault,cooling_fan_fault,20260906T131853Z-2be35f053fd4b32b11ffc479,1,934,20.132461547851562,1,8.803816795349121,1
section_00_test_000025.wav,20260905T050107Z-563e5602acd70612935e3840-dg-d53fa15b5842-000039,9c57efc0fc19e25b3a2a1068a4323dff62e6606306ce0308416c438e92d06ffe,source,anomaly,belt_tension_abnormal,belt_b,20260905T050107Z-563e5602acd70612935e3840,2,934,13.829337120056152,0,1.197619080543518,1
section_00_test_000026.wav,20260905T050107Z-563e5602acd70612935e3840-dg-d53fa15b5842-000282,5b380431dd09739201ea761fe632d0055b4c01d3584c9526419046e16f60a9bf,source,anomaly,belt_tension_abnormal,belt_b,20260905T050107Z-563e5602acd70612935e3840,2,934,13.863595008850098,0,1.1516244411468506,1
section_00_test_000027.wav,20260905T065117Z-ff4c5a98a32203bfe9f91cab-dg-83942617f0a8-000023,43273ebd7944188a1dc2067e4da296179f7c675267898440014451e74c1db498,source,anomaly,belt_tension_abnormal,belt_a_b,20260905T065117Z-ff4c5a98a32203bfe9f91cab,2,934,14.5589599609375,1,1.6781691312789917,1
section_00_test_000028.wav,20260905T065117Z-ff4c5a98a32203bfe9f91cab-dg-83942617f0a8-000155,e9f8c0340de8e224b699175fbb0e5defc5f4143261e746590f2b66ae9f5cac25,source,anomaly,belt_tension_abnormal,belt_a_b,20260905T065117Z-ff4c5a98a32203bfe9f91cab,2,934,14.093512535095215,0,1.3774851560592651,1
section_00_test_000029.wav,20260905T091955Z-0ec9ac6a2a604ed98ae7628a-dg-46b0b9c346d2-000078,cb133f7fccd21a9f9607b715a4c4729e1431af98c94de76e32177d5b6987f827,source,anomaly,belt_tension_abnormal,belt_a,20260905T091955Z-0ec9ac6a2a604ed98ae7628a,2,934,15.123698234558105,1,1.2083929777145386,1
section_00_test_000030.wav,20260905T091955Z-0ec9ac6a2a604ed98ae7628a-dg-46b0b9c346d2-000273,e45bcbf71753892293ab1c4ca466c485058b1a919f8c3a560ea0c3302934d0bd,source,anomaly,belt_tension_abnormal,belt_a,20260905T091955Z-0ec9ac6a2a604ed98ae7628a,2,934,13.846376419067383,0,0.6194900274276733,1
section_00_test_000031.wav,20260905T145828Z-e26ab8e484b6efbd52f1acc1-dg-08aae5bf848d-000007,18d6b820ef3c92ac7f83cdc7ce5465743b5793b27bb1423b5f7b43db3792f7c3,source,anomaly,extruder_cogging_or_no_extrusion,extruder_cogging_or_no_extrusion,20260905T145828Z-e26ab8e484b6efbd52f1acc1,2,934,23.6550235748291,1,11.236753463745117,1
section_00_test_000032.wav,20260905T145828Z-e26ab8e484b6efbd52f1acc1-dg-08aae5bf848d-000033,09fd0a5842a36805631753a49ff424d3ebfad3f36c3a45a6b447a8aee5e2a003,source,anomaly,extruder_cogging_or_no_extrusion,extruder_cogging_or_no_extrusion,20260905T145828Z-e26ab8e484b6efbd52f1acc1,2,934,20.311931610107422,1,4.09984016418457,1
section_00_test_000033.wav,20260905T145828Z-e26ab8e484b6efbd52f1acc1-dg-08aae5bf848d-000097,74892726726b1781cb5d5999c11f6ff1868c32fb91059b3f0a63b135e1081636,source,anomaly,extruder_cogging_or_no_extrusion,extruder_cogging_or_no_extrusion,20260905T145828Z-e26ab8e484b6efbd52f1acc1,2,934,21.275188446044922,1,3.6795573234558105,1
section_00_test_000034.wav,20260905T145828Z-e26ab8e484b6efbd52f1acc1-dg-08aae5bf848d-000107,32619cf7b4b65def3bd68b10139f563a255617473f3cf189d7a515ecb5c2fdfc,source,anomaly,extruder_cogging_or_no_extrusion,extruder_cogging_or_no_extrusion,20260905T145828Z-e26ab8e484b6efbd52f1acc1,2,934,21.330503463745117,1,3.7244873046875,1
section_00_test_000035.wav,20260905T145828Z-e26ab8e484b6efbd52f1acc1-dg-08aae5bf848d-000217,bf702a2dfb664c17b1cf0d241551f693809e584ca20c2c18e47f51f9ad91052c,source,anomaly,extruder_cogging_or_no_extrusion,extruder_cogging_or_no_extrusion,20260905T145828Z-e26ab8e484b6efbd52f1acc1,2,934,21.568248748779297,1,4.590388774871826,1
section_00_test_000036.wav,20260905T145828Z-e26ab8e484b6efbd52f1acc1-dg-08aae5bf848d-000260,86eae2397f9301b568a35137f5d81b36fefe8e1ef26f16c113837f51137ff3ba,source,anomaly,extruder_cogging_or_no_extrusion,extruder_cogging_or_no_extrusion,20260905T145828Z-e26ab8e484b6efbd52f1acc1,2,934,23.069852828979492,1,4.72432279586792,1
section_00_test_000037.wav,20260906T033116Z-0586ff9054959f9204f6cde4-dg-1ed7ad1ed3c8-000129,008290dabe29d34f49abaaa1a8cf65e3285c52e6177dba3c1b3021fa9311826a,source,anomaly,toolhead_collision,collision_x-min,20260906T033116Z-0586ff9054959f9204f6cde4,2,934,193.55274963378906,1,180.80650329589844,1
section_00_test_000038.wav,20260906T085412Z-5489b83342d7e2fba29031b6-dg-d0b7d9918dfc-000089,f7038ea443cc83fb2b260b63784e6a3458b3ba39d688bc0860ffbf4c5507df0e,source,anomaly,toolhead_collision,collision_x-max,20260906T085412Z-5489b83342d7e2fba29031b6,2,934,163.7836456298828,1,156.47933959960938,1
section_00_test_000039.wav,20260906T092852Z-b2f259b9c6ca413c5493d6af-dg-2cdedaa876a9-000014,11beca36c70e62ab86777112f5a57d84e5cbfa148935771d934ac484ae18e3ae,source,anomaly,toolhead_collision,collision_y-max,20260906T092852Z-b2f259b9c6ca413c5493d6af,2,934,170.3350067138672,1,142.54217529296875,1
section_00_test_000040.wav,20260906T100342Z-59979407ad61cc09639d1b0a-dg-f7f1015b587b-000043,5bffb0d0eddd063a80facfe16c990fad536e6b3a78052a609272fa4bdccf5972,source,anomaly,toolhead_collision,collision_x-min-y-max,20260906T100342Z-59979407ad61cc09639d1b0a,2,934,226.9613800048828,1,196.8063507080078,1
section_00_test_000041.wav,20260906T100342Z-59979407ad61cc09639d1b0a-dg-f7f1015b587b-000046,61b06507e5f9691ba9a04e2feaebd4df12298cb46ba7b9e1131c1f8f59c0bb82,source,anomaly,toolhead_collision,collision_x-min-y-max,20260906T100342Z-59979407ad61cc09639d1b0a,2,934,182.9661407470703,1,160.72097778320312,1
section_00_test_000042.wav,20260906T104126Z-e58f1f7c38bf0a54c280b3ef-dg-8f4af5b2f3d9-000091,64bc0f310bde7e7568f21bdf62ff88ac59b2412cb0183052a417b7724d31242e,source,anomaly,toolhead_collision,collision_x-max-y-max,20260906T104126Z-e58f1f7c38bf0a54c280b3ef,2,934,202.68614196777344,1,193.0274658203125,1
section_00_test_000043.wav,20260906T131853Z-2be35f053fd4b32b11ffc479-dg-47d95fda2175-000037,947d0e282230816f2e60dee3247b048ad5a1415246f27627b377edb8537b98ed,source,anomaly,cooling_fan_fault,cooling_fan_fault,20260906T131853Z-2be35f053fd4b32b11ffc479,2,934,24.839155197143555,1,9.393643379211426,1
section_00_test_000044.wav,20260906T131853Z-2be35f053fd4b32b11ffc479-dg-47d95fda2175-000050,b21e43595535a7d63742f90b605eeaeda22937882be16c36ab96c0d126244d49,source,anomaly,cooling_fan_fault,cooling_fan_fault,20260906T131853Z-2be35f053fd4b32b11ffc479,2,934,23.822019577026367,1,9.35000228881836,1
section_00_test_000045.wav,20260906T131853Z-2be35f053fd4b32b11ffc479-dg-47d95fda2175-000092,64eb8385cde2f47e5715aed079c5240fd30763a126fa7a07130bb6ee3d76b171,source,anomaly,cooling_fan_fault,cooling_fan_fault,20260906T131853Z-2be35f053fd4b32b11ffc479,2,934,23.33120346069336,1,9.113948822021484,1
section_00_test_000046.wav,20260906T131853Z-2be35f053fd4b32b11ffc479-dg-47d95fda2175-000096,68aa82c1831322707342931fe6d0e9c6d5b9c26e797ce5d77cc27b0db54a200c,source,anomaly,cooling_fan_fault,cooling_fan_fault,20260906T131853Z-2be35f053fd4b32b11ffc479,2,934,24.650495529174805,1,9.839287757873535,1
section_00_test_000047.wav,20260906T131853Z-2be35f053fd4b32b11ffc479-dg-47d95fda2175-000219,c0a339878d1c05420822554fa417b0300f295fe63cbfa7d2ea65c9310f5409b8,source,anomaly,cooling_fan_fault,cooling_fan_fault,20260906T131853Z-2be35f053fd4b32b11ffc479,2,934,21.503524780273438,1,7.803042888641357,1
section_00_test_000048.wav,20260906T131853Z-2be35f053fd4b32b11ffc479-dg-47d95fda2175-000259,1097adb84f4a411235ef64359419a90d234edbdf00cd40800da626a809075c6e,source,anomaly,cooling_fan_fault,cooling_fan_fault,20260906T131853Z-2be35f053fd4b32b11ffc479,2,934,23.894023895263672,1,7.4348249435424805,1
section_00_test_000049.wav,20260906T131853Z-2be35f053fd4b32b11ffc479-dg-47d95fda2175-000296,d8490a9008cd99d2c61f4266ea2710f0d702ab3d77e44ef37501373d9dbe659f,source,anomaly,cooling_fan_fault,cooling_fan_fault,20260906T131853Z-2be35f053fd4b32b11ffc479,2,934,22.856966018676758,1,8.791666030883789,1
section_00_test_000050.wav,20260911T062746Z-8628c833dd8d1af4d084e0c9-dg-38420dcd27ea-000027,00429786e769da69a904bbf6fbac2e525385beb46812a35b15ccbac10455a482,source,anomaly,belt_tension_abnormal,belt_a,20260911T062746Z-8628c833dd8d1af4d084e0c9,1,934,17.24376678466797,1,2.114069700241089,1
section_00_test_000051.wav,20260911T062746Z-8628c833dd8d1af4d084e0c9-dg-38420dcd27ea-000259,2941540f57340beeb13b232d3b89914576c5deee935db5b14a10e11874175d7c,source,anomaly,belt_tension_abnormal,belt_a,20260911T062746Z-8628c833dd8d1af4d084e0c9,1,934,16.40060043334961,1,1.472574234008789,1
section_00_test_000052.wav,20260911T084310Z-12b191ec07a70cae009d66fe-dg-37e2d4edf3f8-000040,09564c1c063ffb19c4da36408332235f1da2bfba051d114de904caf4453348f4,source,anomaly,belt_tension_abnormal,belt_a_b,20260911T084310Z-12b191ec07a70cae009d66fe,1,934,16.05381202697754,1,1.9139161109924316,1
section_00_test_000053.wav,20260911T084310Z-12b191ec07a70cae009d66fe-dg-37e2d4edf3f8-000177,557297f9e3874fe02d6576af696ea463e31e4dc0ace8da21a94b590dae17e400,source,anomaly,belt_tension_abnormal,belt_a_b,20260911T084310Z-12b191ec07a70cae009d66fe,1,934,16.236478805541992,1,2.0721023082733154,1
section_00_test_000054.wav,20260911T110745Z-ba9a2e722e22d755dab3a21e-dg-c0c817cb1014-000130,357f643d4d7f9caa6c97399377089ff974fee0c39502cac9e80910371d68d8dd,source,anomaly,belt_tension_abnormal,belt_b,20260911T110745Z-ba9a2e722e22d755dab3a21e,1,934,16.196121215820312,1,1.5074396133422852,1
section_00_test_000055.wav,20260911T110745Z-ba9a2e722e22d755dab3a21e-dg-c0c817cb1014-000238,baaa2ccc809882b1d16dea626796643d0b6b87fbe9583909bd54134e7888a323,source,anomaly,belt_tension_abnormal,belt_b,20260911T110745Z-ba9a2e722e22d755dab3a21e,1,934,16.40886116027832,1,1.3041573762893677,1
section_00_test_000056.wav,20260911T140107Z-6298938e045830bd5d5cd47e-dg-0e9ff36dc3a9-000019,99ac108cc74a51bd08906b953b63ed127cf7ebdee1f83f68cfcb72d8a90bff08,source,anomaly,extruder_cogging_or_no_extrusion,extruder_cogging_or_no_extrusion,20260911T140107Z-6298938e045830bd5d5cd47e,1,934,17.026094436645508,1,2.2611629962921143,1
section_00_test_000057.wav,20260911T140107Z-6298938e045830bd5d5cd47e-dg-0e9ff36dc3a9-000091,a1dcb87b7b1953484303cd318f490e7430b5d7097b0374f882e2b354be0f4884,source,anomaly,extruder_cogging_or_no_extrusion,extruder_cogging_or_no_extrusion,20260911T140107Z-6298938e045830bd5d5cd47e,1,934,16.196151733398438,1,1.6159512996673584,1
section_00_test_000058.wav,20260911T140107Z-6298938e045830bd5d5cd47e-dg-0e9ff36dc3a9-000095,b74f3e8fbe813e1f735b2b755fd9cc892a4edc1aa08c9f9a52f22e1b2c0b47c1,source,anomaly,extruder_cogging_or_no_extrusion,extruder_cogging_or_no_extrusion,20260911T140107Z-6298938e045830bd5d5cd47e,1,934,15.709282875061035,1,1.353115200996399,1
section_00_test_000059.wav,20260911T140107Z-6298938e045830bd5d5cd47e-dg-0e9ff36dc3a9-000127,71ce442b4114a372bef86b61f26a06be5f3215e8cafb31de5b126f28ba93cfb2,source,anomaly,extruder_cogging_or_no_extrusion,extruder_cogging_or_no_extrusion,20260911T140107Z-6298938e045830bd5d5cd47e,1,934,16.201190948486328,1,1.6729551553726196,1
section_00_test_000060.wav,20260911T140107Z-6298938e045830bd5d5cd47e-dg-0e9ff36dc3a9-000149,fc6b156bd872538bcdc6947b9549fee1f853806aa4024da9ad2c6a877e32da9f,source,anomaly,extruder_cogging_or_no_extrusion,extruder_cogging_or_no_extrusion,20260911T140107Z-6298938e045830bd5d5cd47e,1,934,15.880805015563965,1,1.547141194343567,1
section_00_test_000061.wav,20260911T140107Z-6298938e045830bd5d5cd47e-dg-0e9ff36dc3a9-000186,92c1942ce3d4cdc4449db956c5ed9d105db2a46d6cca218b83e7c0e264753d28,source,anomaly,extruder_cogging_or_no_extrusion,extruder_cogging_or_no_extrusion,20260911T140107Z-6298938e045830bd5d5cd47e,1,934,15.653024673461914,1,1.7437535524368286,1
section_00_test_000062.wav,20260911T140107Z-6298938e045830bd5d5cd47e-dg-0e9ff36dc3a9-000276,0bf3e0bac19c596520fe4c94f4e68dd8edc8c5d00d8f683b4737348373e92f5f,source,anomaly,extruder_cogging_or_no_extrusion,extruder_cogging_or_no_extrusion,20260911T140107Z-6298938e045830bd5d5cd47e,1,934,15.939735412597656,1,1.3143200874328613,1
section_00_test_000063.wav,20260911T165222Z-52ae5fbc5cbc2cd2c442f9c2-dg-4b6a06cbb6af-000068,4f87dec2cd2d62918b5e12a8b384a6705dd49eaa654ea58ef7c85bff54478ea5,source,anomaly,toolhead_collision,collision_x-min,20260911T165222Z-52ae5fbc5cbc2cd2c442f9c2,1,934,67.11263275146484,1,48.165367126464844,1
section_00_test_000064.wav,20260911T172304Z-2ba88f76f291cbb44adf3b0a-dg-e71158ea9c2c-000025,896618dcce33924efbd71021ec7e2dd212ee0a41c3643b79c9b698f5581a08e3,source,anomaly,toolhead_collision,collision_x-max,20260911T172304Z-2ba88f76f291cbb44adf3b0a,1,934,88.05426025390625,1,63.57887268066406,1
section_00_test_000065.wav,20260911T172304Z-2ba88f76f291cbb44adf3b0a-dg-e71158ea9c2c-000041,0644abd641f54889bdd22b93cef1c59ad978d0c7197a56b40294f66c8076285d,source,anomaly,toolhead_collision,collision_x-max,20260911T172304Z-2ba88f76f291cbb44adf3b0a,1,934,76.54669189453125,1,56.873870849609375,1
section_00_test_000066.wav,20260912T022921Z-13b9fd89ab71ceab842df5c5-dg-bf09190422fb-000019,a740cfddef20392732f56d8a33f7e64ad41d56a4d1113eacd7a84c7c785b4e2f,source,anomaly,toolhead_collision,collision_x-min-y-max,20260912T022921Z-13b9fd89ab71ceab842df5c5,1,934,74.73674774169922,1,32.32249069213867,1
section_00_test_000067.wav,20260912T022921Z-13b9fd89ab71ceab842df5c5-dg-bf09190422fb-000057,bd79ffb6fa350dec0eeb39a8f0e31d6cc922fb37a75fb848db7b6ed8d23634b0,source,anomaly,toolhead_collision,collision_x-min-y-max,20260912T022921Z-13b9fd89ab71ceab842df5c5,1,934,74.48403930664062,1,28.650554656982422,1
section_00_test_000068.wav,20260912T025715Z-516e5f8a1225a2abd3aebedf-dg-107d413f7aaf-000057,7f66fa19b633718064340cddf79073d6c44fdf1331b2f64da5c8bb5a51aba551,source,anomaly,toolhead_collision,collision_x-max-y-max,20260912T025715Z-516e5f8a1225a2abd3aebedf,1,934,62.08784103393555,1,38.615116119384766,1
section_00_test_000069.wav,20260912T043600Z-3f30361c55ead842e9f4f398-dg-870a9a90406b-000074,279673b609c9a9f800497467ae306a4050e4096ed5f056e1f185e4aa95fc6d51,source,anomaly,cooling_fan_fault,cooling_fan_fault,20260912T043600Z-3f30361c55ead842e9f4f398,1,934,16.525259017944336,1,2.2183284759521484,1
section_00_test_000070.wav,20260912T043600Z-3f30361c55ead842e9f4f398-dg-870a9a90406b-000153,1e47a43e0c2041d56b5929dff4eef988db6aa9fddd52b62248a446ebb2a4af62,source,anomaly,cooling_fan_fault,cooling_fan_fault,20260912T043600Z-3f30361c55ead842e9f4f398,1,934,17.009023666381836,1,2.9329066276550293,1
section_00_test_000071.wav,20260912T043600Z-3f30361c55ead842e9f4f398-dg-870a9a90406b-000188,c7b13dbda6ad59f0149d54eb472a6fee51050f41cbd0714386a2daf1ae4255d3,source,anomaly,cooling_fan_fault,cooling_fan_fault,20260912T043600Z-3f30361c55ead842e9f4f398,1,934,16.898035049438477,1,2.8720381259918213,1
section_00_test_000072.wav,20260912T043600Z-3f30361c55ead842e9f4f398-dg-870a9a90406b-000236,571a3e6f0f42818db07407e748cbf2f057d794cf197f18f5742cefd83babcdca,source,anomaly,cooling_fan_fault,cooling_fan_fault,20260912T043600Z-3f30361c55ead842e9f4f398,1,934,16.904193878173828,1,2.9685587882995605,1
section_00_test_000073.wav,20260912T043600Z-3f30361c55ead842e9f4f398-dg-870a9a90406b-000267,841e693ff88e3d970c44dee6c4f7e34aa80cccecd5726f470e1b2a8c4a9ab9bb,source,anomaly,cooling_fan_fault,cooling_fan_fault,20260912T043600Z-3f30361c55ead842e9f4f398,1,934,16.71164321899414,1,3.0830767154693604,1
section_00_test_000074.wav,20260912T043600Z-3f30361c55ead842e9f4f398-dg-870a9a90406b-000298,4ed63dbd2c6da11d82d579bb431a727c44b30699c61819e3e669ff7c0518dd44,source,anomaly,cooling_fan_fault,cooling_fan_fault,20260912T043600Z-3f30361c55ead842e9f4f398,1,934,16.377107620239258,1,3.045109748840332,1
section_00_test_000075.wav,20260911T062746Z-8628c833dd8d1af4d084e0c9-dg-38420dcd27ea-000238,2560151c059ed09cf03382054649edcdd02470789aef57e168c0060ad972d2a6,source,anomaly,belt_tension_abnormal,belt_a,20260911T062746Z-8628c833dd8d1af4d084e0c9,2,934,15.8593111038208,1,2.287135362625122,1
section_00_test_000076.wav,20260911T062746Z-8628c833dd8d1af4d084e0c9-dg-38420dcd27ea-000257,8273a31e4a2506ce37d2c05796a1b5f4f51ce9494bdcf83c4118ae5b0e34683b,source,anomaly,belt_tension_abnormal,belt_a,20260911T062746Z-8628c833dd8d1af4d084e0c9,2,934,16.362882614135742,1,2.907792329788208,1
section_00_test_000077.wav,20260911T084310Z-12b191ec07a70cae009d66fe-dg-37e2d4edf3f8-000031,e807c949bff7fb48564963e4c9694ad8ddbe23d03d9430b083fac78d834965cd,source,anomaly,belt_tension_abnormal,belt_a_b,20260911T084310Z-12b191ec07a70cae009d66fe,2,934,26.611909866333008,1,22.785152435302734,1
section_00_test_000078.wav,20260911T084310Z-12b191ec07a70cae009d66fe-dg-37e2d4edf3f8-000053,36215e1b50127b194a7aa0d006bec31049322efe545493b5146c751eab0b2667,source,anomaly,belt_tension_abnormal,belt_a_b,20260911T084310Z-12b191ec07a70cae009d66fe,2,934,25.87630844116211,1,14.829312324523926,1
section_00_test_000079.wav,20260911T110745Z-ba9a2e722e22d755dab3a21e-dg-c0c817cb1014-000175,83ae562f701c730c159d05a68fde16cdf5f267f6dd7b87af35a9ce7617b6ee78,source,anomaly,belt_tension_abnormal,belt_b,20260911T110745Z-ba9a2e722e22d755dab3a21e,2,934,16.469356536865234,1,4.029167175292969,1
section_00_test_000080.wav,20260911T110745Z-ba9a2e722e22d755dab3a21e-dg-c0c817cb1014-000290,305a248a590f3d2e5b5edc717511b5c57d47b2119f7ad289bf6c05c74403f3bf,source,anomaly,belt_tension_abnormal,belt_b,20260911T110745Z-ba9a2e722e22d755dab3a21e,2,934,16.836261749267578,1,4.158480644226074,1
section_00_test_000081.wav,20260911T140107Z-6298938e045830bd5d5cd47e-dg-0e9ff36dc3a9-000015,eacdc4b15105b9336b65433a3f4d29bda7e31b6a37d40202c901e4a2db4445a1,source,anomaly,extruder_cogging_or_no_extrusion,extruder_cogging_or_no_extrusion,20260911T140107Z-6298938e045830bd5d5cd47e,2,934,17.256635665893555,1,4.191644191741943,1
section_00_test_000082.wav,20260911T140107Z-6298938e045830bd5d5cd47e-dg-0e9ff36dc3a9-000057,7c329866f1dd0cb9eb5e8d426c07c54a55302bac72e33437b396e06f53dd98ed,source,anomaly,extruder_cogging_or_no_extrusion,extruder_cogging_or_no_extrusion,20260911T140107Z-6298938e045830bd5d5cd47e,2,934,15.59476089477539,1,2.4017815589904785,1
section_00_test_000083.wav,20260911T140107Z-6298938e045830bd5d5cd47e-dg-0e9ff36dc3a9-000109,4f4dd2381ac8b5183714a137b8f711041f1a5ce6fb1e7bc931d0c7789fdcf25e,source,anomaly,extruder_cogging_or_no_extrusion,extruder_cogging_or_no_extrusion,20260911T140107Z-6298938e045830bd5d5cd47e,2,934,15.999073028564453,1,3.312001943588257,1
section_00_test_000084.wav,20260911T140107Z-6298938e045830bd5d5cd47e-dg-0e9ff36dc3a9-000212,132720661d16eea73570590ffc99e6f40aebdacc31f61e039f8cc9eaea715344,source,anomaly,extruder_cogging_or_no_extrusion,extruder_cogging_or_no_extrusion,20260911T140107Z-6298938e045830bd5d5cd47e,2,934,15.79685115814209,1,3.026060104370117,1
section_00_test_000085.wav,20260911T140107Z-6298938e045830bd5d5cd47e-dg-0e9ff36dc3a9-000225,866b34794a9fdaa10bd4c6edb3fc3ee3bb870243f3d0cd7805da9502ae19f973,source,anomaly,extruder_cogging_or_no_extrusion,extruder_cogging_or_no_extrusion,20260911T140107Z-6298938e045830bd5d5cd47e,2,934,16.348636627197266,1,3.1395018100738525,1
section_00_test_000086.wav,20260911T140107Z-6298938e045830bd5d5cd47e-dg-0e9ff36dc3a9-000297,4618dd5ac79052a3d4eb5394aaa46cec0b02add3d4844fa2f0ab91df3250a1e6,source,anomaly,extruder_cogging_or_no_extrusion,extruder_cogging_or_no_extrusion,20260911T140107Z-6298938e045830bd5d5cd47e,2,934,16.715734481811523,1,3.6409671306610107,1
section_00_test_000087.wav,20260911T165222Z-52ae5fbc5cbc2cd2c442f9c2-dg-4b6a06cbb6af-000009,b85f6436c5bfd1db547c7c6dbaff8f9c2cccbabcc21344a3c2546568acd94fbf,source,anomaly,toolhead_collision,collision_x-min,20260911T165222Z-52ae5fbc5cbc2cd2c442f9c2,2,934,117.26619720458984,1,97.44053649902344,1
section_00_test_000088.wav,20260911T165222Z-52ae5fbc5cbc2cd2c442f9c2-dg-4b6a06cbb6af-000030,cd0299ad52606a8ee370668e408fab1ea800c1a8d493a08111d67aff4aca2c2a,source,anomaly,toolhead_collision,collision_x-min,20260911T165222Z-52ae5fbc5cbc2cd2c442f9c2,2,934,122.49474334716797,1,101.56219482421875,1
section_00_test_000089.wav,20260911T172304Z-2ba88f76f291cbb44adf3b0a-dg-e71158ea9c2c-000029,28c4f8b00d94546f4bd3b9e89b0671546df2fcca664ffba04b794e4c36bfc83e,source,anomaly,toolhead_collision,collision_x-max,20260911T172304Z-2ba88f76f291cbb44adf3b0a,2,934,128.20953369140625,1,107.14282989501953,1
section_00_test_000090.wav,20260912T020242Z-f2af5fcf08f2181fba701f11-dg-d724e59517af-000082,53cfac655fff9eba4c0876e1d5e4955b8380510ae5c29b54f7d4195f39f2575b,source,anomaly,toolhead_collision,collision_y-max,20260912T020242Z-f2af5fcf08f2181fba701f11,2,934,135.20486450195312,1,111.33960723876953,1
section_00_test_000091.wav,20260912T020242Z-f2af5fcf08f2181fba701f11-dg-d724e59517af-000089,d82989324e35accbd6362a5922e9c767ffd5a857bc02f56784d869dae9f19c06,source,anomaly,toolhead_collision,collision_y-max,20260912T020242Z-f2af5fcf08f2181fba701f11,2,934,142.6410675048828,1,119.12126922607422,1
section_00_test_000092.wav,20260912T025715Z-516e5f8a1225a2abd3aebedf-dg-107d413f7aaf-000005,ec302d41d54a8a1732b839a90abf887a69befe8b6905cafa0fbffebeb3baffee,source,anomaly,toolhead_collision,collision_x-max-y-max,20260912T025715Z-516e5f8a1225a2abd3aebedf,2,934,122.06180572509766,1,104.12505340576172,1
section_00_test_000093.wav,20260912T025715Z-516e5f8a1225a2abd3aebedf-dg-107d413f7aaf-000059,9b108f93e3125336ebea20b81c5db943356977e7d66478f3da13315861bf68ec,source,anomaly,toolhead_collision,collision_x-max-y-max,20260912T025715Z-516e5f8a1225a2abd3aebedf,2,934,143.5992431640625,1,125.78277587890625,1
section_00_test_000094.wav,20260912T043600Z-3f30361c55ead842e9f4f398-dg-870a9a90406b-000020,2cb0d40a20c8a828a186a653639da39b155cd5a2f20cce2d0fb39396f96f0ab9,source,anomaly,cooling_fan_fault,cooling_fan_fault,20260912T043600Z-3f30361c55ead842e9f4f398,2,934,16.377717971801758,1,2.7058441638946533,1
section_00_test_000095.wav,20260912T043600Z-3f30361c55ead842e9f4f398-dg-870a9a90406b-000066,de7a4e41d6fd217244622db9ee11e9869257cd2363079ed6a0f7ef51bdba118e,source,anomaly,cooling_fan_fault,cooling_fan_fault,20260912T043600Z-3f30361c55ead842e9f4f398,2,934,16.896392822265625,1,3.4977216720581055,1
section_00_test_000096.wav,20260912T043600Z-3f30361c55ead842e9f4f398-dg-870a9a90406b-000082,aa0f9894046795a78ac593a0ca0cf9cfad9847cf5a75912ca295e987cc5a61fe,source,anomaly,cooling_fan_fault,cooling_fan_fault,20260912T043600Z-3f30361c55ead842e9f4f398,2,934,17.319381713867188,1,3.895155668258667,1
section_00_test_000097.wav,20260912T043600Z-3f30361c55ead842e9f4f398-dg-870a9a90406b-000148,8d6fec9bca0a3d7c1f4f42615486a2d4859822df3384f38b92de413f7d0dace8,source,anomaly,cooling_fan_fault,cooling_fan_fault,20260912T043600Z-3f30361c55ead842e9f4f398,2,934,18.79187774658203,1,5.374720096588135,1
section_00_test_000098.wav,20260912T043600Z-3f30361c55ead842e9f4f398-dg-870a9a90406b-000221,02b861c50cb8e7f449a03410fb5516e2c0e0a992a07e3c1e4902705ee66a3d38,source,anomaly,cooling_fan_fault,cooling_fan_fault,20260912T043600Z-3f30361c55ead842e9f4f398,2,934,17.706104278564453,1,4.979390621185303,1
section_00_test_000099.wav,20260912T043600Z-3f30361c55ead842e9f4f398-dg-870a9a90406b-000257,d4589e0f52a82086edf92794b5870911cfc8a0bed0a9b242bcff69794555742d,source,anomaly,cooling_fan_fault,cooling_fan_fault,20260912T043600Z-3f30361c55ead842e9f4f398,2,934,17.64308738708496,1,4.690632343292236,1
section_00_test_000100.wav,20260904T181815Z-34f9bd77290592aace48ae82-dg-615b3981072d-000007,a9e5071a8003df709128a33cbf81c9eaf097b4ee8b0e28797f9087a81747d250,source,normal,none,none,20260904T181815Z-34f9bd77290592aace48ae82,1,934,13.334344863891602,0,1.6064766645431519,1
section_00_test_000101.wav,20260904T181815Z-34f9bd77290592aace48ae82-dg-615b3981072d-000014,29fc7ff6d7e959eb71f215ba9872256bec109fcaa4a9b7b850d7e8dd776a6c58,source,normal,none,none,20260904T181815Z-34f9bd77290592aace48ae82,1,934,14.93567943572998,1,1.5606971979141235,1
section_00_test_000102.wav,20260904T181815Z-34f9bd77290592aace48ae82-dg-615b3981072d-000019,af3c619b35620e9610ee23b5273c1f05f5d4af8e53f38fff0f654510a16bed37,source,normal,none,none,20260904T181815Z-34f9bd77290592aace48ae82,1,934,14.386226654052734,1,1.4180989265441895,1
section_00_test_000103.wav,20260904T181815Z-34f9bd77290592aace48ae82-dg-615b3981072d-000023,907132f9e61bf47cfa9c6143c89f1725af0df6888d511d9794b17407aa03a320,source,normal,none,none,20260904T181815Z-34f9bd77290592aace48ae82,1,934,14.46390151977539,1,0.9434956908226013,1
section_00_test_000104.wav,20260904T181815Z-34f9bd77290592aace48ae82-dg-615b3981072d-000025,a6bf7dde5a3dd7f27b57e345e47c163f4153a30ae8840a0018bba92da688b68d,source,normal,none,none,20260904T181815Z-34f9bd77290592aace48ae82,1,934,14.176712989807129,0,0.9905700087547302,1
section_00_test_000105.wav,20260904T181815Z-34f9bd77290592aace48ae82-dg-615b3981072d-000106,1491d6659a3511e0e62110ef42514340a3339e5a79244508416d39ce4a33c04f,source,normal,none,none,20260904T181815Z-34f9bd77290592aace48ae82,1,934,13.686091423034668,0,0.8702729940414429,1
section_00_test_000106.wav,20260904T181815Z-34f9bd77290592aace48ae82-dg-615b3981072d-000114,66c4411e4d8ffb3eb11236eeb671378e17262640c065ed335207527d03f2417f,source,normal,none,none,20260904T181815Z-34f9bd77290592aace48ae82,1,934,13.816710472106934,0,1.2090978622436523,1
section_00_test_000107.wav,20260904T181815Z-34f9bd77290592aace48ae82-dg-615b3981072d-000118,7780757448356f838503912a3bc03dfd4c6fa2cf5472c4ee0856477ec18e88a5,source,normal,none,none,20260904T181815Z-34f9bd77290592aace48ae82,1,934,13.973979949951172,0,1.073728322982788,1
section_00_test_000108.wav,20260904T181815Z-34f9bd77290592aace48ae82-dg-615b3981072d-000129,8cfcbe9febe184eb74469e814ed67a83d9ba46849e5e8501e9071f0b105df95f,source,normal,none,none,20260904T181815Z-34f9bd77290592aace48ae82,1,934,13.950214385986328,0,0.9333800077438354,1
section_00_test_000109.wav,20260904T181815Z-34f9bd77290592aace48ae82-dg-615b3981072d-000134,eab8a1f86dc29623bdd801afa14aae2f051e4f44c1dc70fe109909aa49c6b7fa,source,normal,none,none,20260904T181815Z-34f9bd77290592aace48ae82,1,934,13.87946891784668,0,0.8246385455131531,1
section_00_test_000110.wav,20260904T181815Z-34f9bd77290592aace48ae82-dg-615b3981072d-000149,f4dbdf46e43784dd41b1c50a1fec6fad47bacedb352a3886cecd5b00a525d35c,source,normal,none,none,20260904T181815Z-34f9bd77290592aace48ae82,1,934,14.035593032836914,0,0.8628084063529968,1
section_00_test_000111.wav,20260904T181815Z-34f9bd77290592aace48ae82-dg-615b3981072d-000150,7633a784ad050e7e791095c2b32093887342d1f076e8244c0ff7d3d388a8b08f,source,normal,none,none,20260904T181815Z-34f9bd77290592aace48ae82,1,934,13.716377258300781,0,1.004105567932129,1
section_00_test_000112.wav,20260904T181815Z-34f9bd77290592aace48ae82-dg-615b3981072d-000155,1fea551f8ad311bc9a6040aed8c7068c493226858b7778412a48ca09ac61cb25,source,normal,none,none,20260904T181815Z-34f9bd77290592aace48ae82,1,934,13.965534210205078,0,1.025132417678833,1
section_00_test_000113.wav,20260904T181815Z-34f9bd77290592aace48ae82-dg-615b3981072d-000159,347a633bdde9fc11c3bfd054f9641caeea6fa8defbc3f6e049909cf26d3397a6,source,normal,none,none,20260904T181815Z-34f9bd77290592aace48ae82,1,934,13.895890235900879,0,0.8657207489013672,1
section_00_test_000114.wav,20260904T181815Z-34f9bd77290592aace48ae82-dg-615b3981072d-000160,aeac5fc703aaff01e96fcc1b8f02da6a800a59060eb44a55196572c91ca51320,source,normal,none,none,20260904T181815Z-34f9bd77290592aace48ae82,1,934,13.759170532226562,0,0.9737578630447388,1
section_00_test_000115.wav,20260904T181815Z-34f9bd77290592aace48ae82-dg-615b3981072d-000183,47ee70d808a22e6b155c479b3f61de7790eb51b5329bf42ed65e0a4538dba50e,source,normal,none,none,20260904T181815Z-34f9bd77290592aace48ae82,1,934,14.17341423034668,0,1.0109567642211914,1
section_00_test_000116.wav,20260904T181815Z-34f9bd77290592aace48ae82-dg-615b3981072d-000184,0a752a5df9277cc7aa389beb26ac413b8a7588bda5d489a1871bda2f5370d93e,source,normal,none,none,20260904T181815Z-34f9bd77290592aace48ae82,1,934,13.944077491760254,0,0.8422032594680786,1
section_00_test_000117.wav,20260904T181815Z-34f9bd77290592aace48ae82-dg-615b3981072d-000185,f8495d4ccfd8edc3881e73b769305a613e78fd5932ea4ec86b1986c0039298d0,source,normal,none,none,20260904T181815Z-34f9bd77290592aace48ae82,1,934,13.927619934082031,0,0.853508472442627,1
section_00_test_000118.wav,20260904T181815Z-34f9bd77290592aace48ae82-dg-615b3981072d-000190,f32bf4a9b1a2ed76645de9e205f45f1aa6b55e39362fc0acbf5f66e13d2a9a1e,source,normal,none,none,20260904T181815Z-34f9bd77290592aace48ae82,1,934,14.313231468200684,1,0.8629770874977112,1
section_00_test_000119.wav,20260904T181815Z-34f9bd77290592aace48ae82-dg-615b3981072d-000192,1497edbc3fd6c626552186d2737bbdcca0eff70c3382fc11a5a428a006ab48f9,source,normal,none,none,20260904T181815Z-34f9bd77290592aace48ae82,1,934,14.030227661132812,0,0.8548629283905029,1
section_00_test_000120.wav,20260904T181815Z-34f9bd77290592aace48ae82-dg-615b3981072d-000217,3c3758a8445bac7d4f6c5acdd3f763e298e02edf10006c5da38192a911b1182a,source,normal,none,none,20260904T181815Z-34f9bd77290592aace48ae82,1,934,13.95283317565918,0,0.8902243375778198,1
section_00_test_000121.wav,20260904T181815Z-34f9bd77290592aace48ae82-dg-615b3981072d-000225,b88d2a532f2beaf56199a80de4f580549e26b58578da503e2a3598164a18ec82,source,normal,none,none,20260904T181815Z-34f9bd77290592aace48ae82,1,934,14.160502433776855,0,0.9092100858688354,1
section_00_test_000122.wav,20260904T181815Z-34f9bd77290592aace48ae82-dg-615b3981072d-000231,9b91aa039283394fd9ac3697e4b11d4e39324b5d1803c65ed77d386e1c00d467,source,normal,none,none,20260904T181815Z-34f9bd77290592aace48ae82,1,934,14.13278865814209,0,0.7767378687858582,1
section_00_test_000123.wav,20260904T181815Z-34f9bd77290592aace48ae82-dg-615b3981072d-000242,49973783859099751c001b22dee356c554deea8b47f951c5e79e32447849d5a5,source,normal,none,none,20260904T181815Z-34f9bd77290592aace48ae82,1,934,14.146392822265625,0,1.0444743633270264,1
section_00_test_000124.wav,20260904T181815Z-34f9bd77290592aace48ae82-dg-615b3981072d-000284,4c0828a59988ca4001c88934bf25f12f11353c541e46c4805449693597c147ec,source,normal,none,none,20260904T181815Z-34f9bd77290592aace48ae82,1,934,14.042773246765137,0,0.6951684951782227,1
section_00_test_000125.wav,20260904T181815Z-34f9bd77290592aace48ae82-dg-615b3981072d-000018,7586e1034134c5026fd8d53d3ba3f0161afcfda55b5a7095f4f73409dc166b76,source,normal,none,none,20260904T181815Z-34f9bd77290592aace48ae82,2,934,14.328904151916504,1,2.753469944000244,1
section_00_test_000126.wav,20260904T181815Z-34f9bd77290592aace48ae82-dg-615b3981072d-000039,ed547232f765eaa66e4dff36be3c2fb7ba6f541887b812c1653500e0598b552f,source,normal,none,none,20260904T181815Z-34f9bd77290592aace48ae82,2,934,13.686711311340332,0,1.0550434589385986,1
section_00_test_000127.wav,20260904T181815Z-34f9bd77290592aace48ae82-dg-615b3981072d-000049,ac09d23c4afcdeac6325a96052d7e1d5ced91f7c57077ecfa81ee2b932efb0b3,source,normal,none,none,20260904T181815Z-34f9bd77290592aace48ae82,2,934,13.733816146850586,0,1.0350803136825562,1
section_00_test_000128.wav,20260904T181815Z-34f9bd77290592aace48ae82-dg-615b3981072d-000064,1af9c150f823e1ff904f6ce2638c9ad636291c6c8ac87bfa46e1453ccc092ae1,source,normal,none,none,20260904T181815Z-34f9bd77290592aace48ae82,2,934,13.59191608428955,0,1.0978864431381226,1
section_00_test_000129.wav,20260904T181815Z-34f9bd77290592aace48ae82-dg-615b3981072d-000067,4c7577b9d7cc831b9d2bd6f0d7e94fea85659e41d0f23da22f1d801703b2fb57,source,normal,none,none,20260904T181815Z-34f9bd77290592aace48ae82,2,934,13.944478988647461,0,1.0945887565612793,1
section_00_test_000130.wav,20260904T181815Z-34f9bd77290592aace48ae82-dg-615b3981072d-000077,2c037cbcc1fcabbba6d2ee3fac9400bcce09a4c8a4f303142f2b608e814ba65d,source,normal,none,none,20260904T181815Z-34f9bd77290592aace48ae82,2,934,14.102325439453125,0,1.1083749532699585,1
section_00_test_000131.wav,20260904T181815Z-34f9bd77290592aace48ae82-dg-615b3981072d-000078,f658f97abff9f7d14d3124252b47453f0cc82bbcaef3613187a5081fd457bb80,source,normal,none,none,20260904T181815Z-34f9bd77290592aace48ae82,2,934,13.75171184539795,0,0.6116210222244263,1
section_00_test_000132.wav,20260904T181815Z-34f9bd77290592aace48ae82-dg-615b3981072d-000080,220c7b0c60a80ac6665d521251daa83104d093b5667659570d1ba57c6abd426b,source,normal,none,none,20260904T181815Z-34f9bd77290592aace48ae82,2,934,13.591771125793457,0,0.7669662833213806,1
section_00_test_000133.wav,20260904T181815Z-34f9bd77290592aace48ae82-dg-615b3981072d-000082,78b1545ffacaa3a02a89c8bf5c5d2237f56c5759e6f38c77071085514fb9e14d,source,normal,none,none,20260904T181815Z-34f9bd77290592aace48ae82,2,934,13.685781478881836,0,0.7504681348800659,1
section_00_test_000134.wav,20260904T181815Z-34f9bd77290592aace48ae82-dg-615b3981072d-000099,54a31776ec544bacbb1d5f7d152f477b2853b08346a40ea86314a604a06fa4c5,source,normal,none,none,20260904T181815Z-34f9bd77290592aace48ae82,2,934,13.842695236206055,0,0.98957359790802,1
section_00_test_000135.wav,20260904T181815Z-34f9bd77290592aace48ae82-dg-615b3981072d-000128,3813d9768a8b7313927c15c1291cacab22133cd19b892ef72b79adc4b41edc0c,source,normal,none,none,20260904T181815Z-34f9bd77290592aace48ae82,2,934,13.807263374328613,0,0.646817684173584,1
section_00_test_000136.wav,20260904T181815Z-34f9bd77290592aace48ae82-dg-615b3981072d-000130,b73cba79a048baa022533e2ecc29d73451b070d5d05b83b76f316b4ffa99bfe6,source,normal,none,none,20260904T181815Z-34f9bd77290592aace48ae82,2,934,13.59428882598877,0,0.5046800374984741,1
section_00_test_000137.wav,20260904T181815Z-34f9bd77290592aace48ae82-dg-615b3981072d-000136,56e534be02dc7a6ff6a39e7cb154b614800e33999fcc0f8ee1ecce36beeb9b4b,source,normal,none,none,20260904T181815Z-34f9bd77290592aace48ae82,2,934,14.039652824401855,0,0.7047333121299744,1
section_00_test_000138.wav,20260904T181815Z-34f9bd77290592aace48ae82-dg-615b3981072d-000141,1317b638cec56f0614e490b5fbaf3553ce06d4fe476b5afbef00d6c49d24d4e7,source,normal,none,none,20260904T181815Z-34f9bd77290592aace48ae82,2,934,13.770469665527344,0,0.8006256222724915,1
section_00_test_000139.wav,20260904T181815Z-34f9bd77290592aace48ae82-dg-615b3981072d-000161,a603a43b274e34df87a79a238fcceba3ecb97f9d4d33f057e4697229ad4099e6,source,normal,none,none,20260904T181815Z-34f9bd77290592aace48ae82,2,934,13.884742736816406,0,0.6960616111755371,1
section_00_test_000140.wav,20260904T181815Z-34f9bd77290592aace48ae82-dg-615b3981072d-000162,8a1dd2ff62637c0c73bd5dbe807711a4a5de786a1a6686d7bc651bb5469dc5e1,source,normal,none,none,20260904T181815Z-34f9bd77290592aace48ae82,2,934,13.585946083068848,0,0.8085134625434875,1
section_00_test_000141.wav,20260904T181815Z-34f9bd77290592aace48ae82-dg-615b3981072d-000163,93146da3ae6fb263a435391c8d7f201b539046e45a8f912df547fcb2bd0e35ba,source,normal,none,none,20260904T181815Z-34f9bd77290592aace48ae82,2,934,13.77131462097168,0,0.8198211193084717,1
section_00_test_000142.wav,20260904T181815Z-34f9bd77290592aace48ae82-dg-615b3981072d-000208,e2042702f178be9ee5a1451583f3e8f1aa2731f116a5a7c4d8c150724c47ae2d,source,normal,none,none,20260904T181815Z-34f9bd77290592aace48ae82,2,934,13.638290405273438,0,0.5363667011260986,1
section_00_test_000143.wav,20260904T181815Z-34f9bd77290592aace48ae82-dg-615b3981072d-000222,a82e7b5655cbafd01dcb0346da7e66eb0febde4af082d10ffbf6c8453910c4b1,source,normal,none,none,20260904T181815Z-34f9bd77290592aace48ae82,2,934,13.795454025268555,0,0.8137519955635071,1
section_00_test_000144.wav,20260904T181815Z-34f9bd77290592aace48ae82-dg-615b3981072d-000238,09350d31098d6fcd0407ef07e0dc544c34e4fcc8783cd115accb650f26784069,source,normal,none,none,20260904T181815Z-34f9bd77290592aace48ae82,2,934,13.733969688415527,0,0.4487822353839874,1
section_00_test_000145.wav,20260904T181815Z-34f9bd77290592aace48ae82-dg-615b3981072d-000252,c4debe8e89f19805fb83119a7f5327aee8055269eb15b786d1aea439628b78d6,source,normal,none,none,20260904T181815Z-34f9bd77290592aace48ae82,2,934,13.744894027709961,0,0.4879433810710907,1
section_00_test_000146.wav,20260904T181815Z-34f9bd77290592aace48ae82-dg-615b3981072d-000259,509431a9bb17768c64c7a2c1669d66a588e030be979dd245e747941323a6a9e8,source,normal,none,none,20260904T181815Z-34f9bd77290592aace48ae82,2,934,13.780515670776367,0,0.5398356318473816,1
section_00_test_000147.wav,20260904T181815Z-34f9bd77290592aace48ae82-dg-615b3981072d-000276,3451d6a767ceeac398f52dbfc4312dad09751c66f55bbb5c8ff6e1de41e6cc11,source,normal,none,none,20260904T181815Z-34f9bd77290592aace48ae82,2,934,13.745559692382812,0,0.3470306992530823,1
section_00_test_000148.wav,20260904T181815Z-34f9bd77290592aace48ae82-dg-615b3981072d-000292,75df19156dad6a4d394e60e8bd6eb11b131de30dca6c5ef41607be4bf4477fc9,source,normal,none,none,20260904T181815Z-34f9bd77290592aace48ae82,2,934,14.404610633850098,1,1.2108962535858154,1
section_00_test_000149.wav,20260904T181815Z-34f9bd77290592aace48ae82-dg-615b3981072d-000298,ef7f148372c922acb5365a51f65caf493d55d17d1b881da7edff5eec9f16ce6b,source,normal,none,none,20260904T181815Z-34f9bd77290592aace48ae82,2,934,14.327360153198242,1,1.095924735069275,1
section_00_test_000150.wav,20260909T145949Z-a60e6ebf0acc12120ff2ec2c-dg-1f7b83085d3e-000003,a55a51be73de017963d23dc1841beaba7dfd2ad0cbcfa63dfa3a0dfd39249c5f,source,normal,none,none,20260909T145949Z-a60e6ebf0acc12120ff2ec2c,1,934,16.420175552368164,1,3.108607053756714,1
section_00_test_000151.wav,20260909T145949Z-a60e6ebf0acc12120ff2ec2c-dg-1f7b83085d3e-000014,564899ad83a3ca5b673e301862c58ce84964c6c0a3b63768a031068b1a2750a2,source,normal,none,none,20260909T145949Z-a60e6ebf0acc12120ff2ec2c,1,934,16.282865524291992,1,2.13692045211792,1
section_00_test_000152.wav,20260909T145949Z-a60e6ebf0acc12120ff2ec2c-dg-1f7b83085d3e-000029,62799e6e3d5f4741af9ab808c1f03624440ec3622aa7af74848ab3b67148327a,source,normal,none,none,20260909T145949Z-a60e6ebf0acc12120ff2ec2c,1,934,15.204660415649414,1,0.9086714386940002,1
section_00_test_000153.wav,20260909T145949Z-a60e6ebf0acc12120ff2ec2c-dg-1f7b83085d3e-000034,ae89e196ce53ec5808b9d56cfe839a5f5eb837526ca319cfe1021b99d0b8cb74,source,normal,none,none,20260909T145949Z-a60e6ebf0acc12120ff2ec2c,1,934,15.294241905212402,1,0.6872767210006714,1
section_00_test_000154.wav,20260909T145949Z-a60e6ebf0acc12120ff2ec2c-dg-1f7b83085d3e-000060,985b16de5bcdcdd3af7bf833cd2c01a00ba218876dfd5a758aec0586882b2805,source,normal,none,none,20260909T145949Z-a60e6ebf0acc12120ff2ec2c,1,934,15.123578071594238,1,0.4717567563056946,1
section_00_test_000155.wav,20260909T145949Z-a60e6ebf0acc12120ff2ec2c-dg-1f7b83085d3e-000070,9f5df695bb026fd713cfd0a77788d581d8dcac6424267a3ccf5163632531945e,source,normal,none,none,20260909T145949Z-a60e6ebf0acc12120ff2ec2c,1,934,15.45743465423584,1,0.49016740918159485,1
section_00_test_000156.wav,20260909T145949Z-a60e6ebf0acc12120ff2ec2c-dg-1f7b83085d3e-000076,00c7cc61c8c399aa03a4130623f00944450a6aef598359d750d738d9638df50e,source,normal,none,none,20260909T145949Z-a60e6ebf0acc12120ff2ec2c,1,934,15.902676582336426,1,0.7324140071868896,1
section_00_test_000157.wav,20260909T145949Z-a60e6ebf0acc12120ff2ec2c-dg-1f7b83085d3e-000128,f71956a237194b7dfcc4d0003a59c73fd912b8f538bc6012dd76a378cfa2a96f,source,normal,none,none,20260909T145949Z-a60e6ebf0acc12120ff2ec2c,1,934,15.62643051147461,1,0.5111702084541321,1
section_00_test_000158.wav,20260909T145949Z-a60e6ebf0acc12120ff2ec2c-dg-1f7b83085d3e-000136,b620331a4024945e4c1693a734f97927c8e1eb592e018cdab2ff8bdd68005392,source,normal,none,none,20260909T145949Z-a60e6ebf0acc12120ff2ec2c,1,934,15.617932319641113,1,0.7366400361061096,1
section_00_test_000159.wav,20260909T145949Z-a60e6ebf0acc12120ff2ec2c-dg-1f7b83085d3e-000174,105e80bbf8e7b247db8fee0bd2267849880e184bf64ecd473c44963ddd214355,source,normal,none,none,20260909T145949Z-a60e6ebf0acc12120ff2ec2c,1,934,15.603745460510254,1,0.42296260595321655,1
section_00_test_000160.wav,20260909T145949Z-a60e6ebf0acc12120ff2ec2c-dg-1f7b83085d3e-000186,b9090318adbb0069cfa6b1ad501e5a0f249b976c38df71efa9d6340632976476,source,normal,none,none,20260909T145949Z-a60e6ebf0acc12120ff2ec2c,1,934,15.508538246154785,1,0.5064879059791565,1
section_00_test_000161.wav,20260909T145949Z-a60e6ebf0acc12120ff2ec2c-dg-1f7b83085d3e-000190,5f476751ac4e57f7c6c97c98c5771c9fe7b13b1e412e401a90479d9233a48b0f,source,normal,none,none,20260909T145949Z-a60e6ebf0acc12120ff2ec2c,1,934,15.544687271118164,1,0.8366541266441345,1
section_00_test_000162.wav,20260909T145949Z-a60e6ebf0acc12120ff2ec2c-dg-1f7b83085d3e-000191,c7876c42ef61632b1c6ffa824a4c167da527b56ae16b9c29bdf9136cef062f56,source,normal,none,none,20260909T145949Z-a60e6ebf0acc12120ff2ec2c,1,934,15.645750999450684,1,0.649433970451355,1
section_00_test_000163.wav,20260909T145949Z-a60e6ebf0acc12120ff2ec2c-dg-1f7b83085d3e-000197,2f997546faf85b67b2a520dd75a301ec955f7e62e41a949d4a253c3e9563580f,source,normal,none,none,20260909T145949Z-a60e6ebf0acc12120ff2ec2c,1,934,15.507603645324707,1,0.48992037773132324,1
section_00_test_000164.wav,20260909T145949Z-a60e6ebf0acc12120ff2ec2c-dg-1f7b83085d3e-000198,21c23aceaa137cf10f5c3e3b23a930ec89117ca9dcbd9f3e8b33a6d3cf062cdc,source,normal,none,none,20260909T145949Z-a60e6ebf0acc12120ff2ec2c,1,934,15.266304016113281,1,1.0051132440567017,1
section_00_test_000165.wav,20260909T145949Z-a60e6ebf0acc12120ff2ec2c-dg-1f7b83085d3e-000205,643d1e66c528441b2f53bd2b1ef02aac4e21b359719af3f34e3c5af625f1c1bd,source,normal,none,none,20260909T145949Z-a60e6ebf0acc12120ff2ec2c,1,934,15.385558128356934,1,0.7948516607284546,1
section_00_test_000166.wav,20260909T145949Z-a60e6ebf0acc12120ff2ec2c-dg-1f7b83085d3e-000207,761fb32064639f9361e31f15ac08381fbc05eff1f8bf32a41aa3f1c8ebcd8d3e,source,normal,none,none,20260909T145949Z-a60e6ebf0acc12120ff2ec2c,1,934,15.487605094909668,1,0.6330938339233398,1
section_00_test_000167.wav,20260909T145949Z-a60e6ebf0acc12120ff2ec2c-dg-1f7b83085d3e-000212,94c0ae75939316746d5c49cd48f106b730f5034252897ca88a5b4652fcb5d0fe,source,normal,none,none,20260909T145949Z-a60e6ebf0acc12120ff2ec2c,1,934,15.2003812789917,1,0.4980330169200897,1
section_00_test_000168.wav,20260909T145949Z-a60e6ebf0acc12120ff2ec2c-dg-1f7b83085d3e-000216,fc271e09a0dbb48fe74f92e7c1ea3fa8a1751357a775bfac0362b1218a7768b3,source,normal,none,none,20260909T145949Z-a60e6ebf0acc12120ff2ec2c,1,934,15.339431762695312,1,0.8062976598739624,1
section_00_test_000169.wav,20260909T145949Z-a60e6ebf0acc12120ff2ec2c-dg-1f7b83085d3e-000221,ea42fe7365cededa3d53ded764521e06c136611af492630ec9461ec1ea1790bf,source,normal,none,none,20260909T145949Z-a60e6ebf0acc12120ff2ec2c,1,934,15.413800239562988,1,0.6581878662109375,1
section_00_test_000170.wav,20260909T145949Z-a60e6ebf0acc12120ff2ec2c-dg-1f7b83085d3e-000242,95245e384f4765d0765ab5403b177687e992f71aa86b9443ca74da7bb7c48a91,source,normal,none,none,20260909T145949Z-a60e6ebf0acc12120ff2ec2c,1,934,15.312899589538574,1,0.7338505387306213,1
section_00_test_000171.wav,20260909T145949Z-a60e6ebf0acc12120ff2ec2c-dg-1f7b83085d3e-000279,e09cc1c01a6bc2f9f4720308f9d178167a615de224039627781340e1ad489bac,source,normal,none,none,20260909T145949Z-a60e6ebf0acc12120ff2ec2c,1,934,15.3419771194458,1,0.6764041781425476,1
section_00_test_000172.wav,20260909T145949Z-a60e6ebf0acc12120ff2ec2c-dg-1f7b83085d3e-000280,719460783d34d6ca086559f1d50a0ac1b8b9f05518d56d8eefa9cec0c21d5e2a,source,normal,none,none,20260909T145949Z-a60e6ebf0acc12120ff2ec2c,1,934,15.357190132141113,1,0.7459484934806824,1
section_00_test_000173.wav,20260909T145949Z-a60e6ebf0acc12120ff2ec2c-dg-1f7b83085d3e-000294,9528cf44fb3e7bc75270425df4bc88294aa42960c6e080d64d2ba558dd3f4fb0,source,normal,none,none,20260909T145949Z-a60e6ebf0acc12120ff2ec2c,1,934,15.081232070922852,1,1.1104031801223755,1
section_00_test_000174.wav,20260909T145949Z-a60e6ebf0acc12120ff2ec2c-dg-1f7b83085d3e-000299,b7fd528c2566dc5879ea0814e4fc6d19d14f3ad96de868f1ede4205244e49608,source,normal,none,none,20260909T145949Z-a60e6ebf0acc12120ff2ec2c,1,934,14.696697235107422,1,0.7461323142051697,1
section_00_test_000175.wav,20260909T145949Z-a60e6ebf0acc12120ff2ec2c-dg-1f7b83085d3e-000016,2d0da4a04f33c8de13196f87be775800131df5c130a0946520221a3141a6f470,source,normal,none,none,20260909T145949Z-a60e6ebf0acc12120ff2ec2c,2,934,14.490863800048828,1,0.8341330289840698,1
section_00_test_000176.wav,20260909T145949Z-a60e6ebf0acc12120ff2ec2c-dg-1f7b83085d3e-000017,9293fb5eac2510aec30b36f4306e4e438c59a9c69df9d5aff6b22ce11f31dfee,source,normal,none,none,20260909T145949Z-a60e6ebf0acc12120ff2ec2c,2,934,14.238256454467773,0,1.1436713933944702,1
section_00_test_000177.wav,20260909T145949Z-a60e6ebf0acc12120ff2ec2c-dg-1f7b83085d3e-000021,d188dd910cbee181764c1600254b907d95702bf8624713c7c0f363549e5ba9cb,source,normal,none,none,20260909T145949Z-a60e6ebf0acc12120ff2ec2c,2,934,15.073025703430176,1,0.9249951839447021,1
section_00_test_000178.wav,20260909T145949Z-a60e6ebf0acc12120ff2ec2c-dg-1f7b83085d3e-000027,712439e4a54f0d798d70304384559f90f5a5cb7ab0d1b48da68e3d8c1968c188,source,normal,none,none,20260909T145949Z-a60e6ebf0acc12120ff2ec2c,2,934,14.552547454833984,1,0.9544817209243774,1
section_00_test_000179.wav,20260909T145949Z-a60e6ebf0acc12120ff2ec2c-dg-1f7b83085d3e-000032,36e250f84084cdf91f684efee49cb2f491321f7ba83af8911d85ac8fb061c0b7,source,normal,none,none,20260909T145949Z-a60e6ebf0acc12120ff2ec2c,2,934,14.504528999328613,1,0.575600802898407,1
section_00_test_000180.wav,20260909T145949Z-a60e6ebf0acc12120ff2ec2c-dg-1f7b83085d3e-000059,1f006399bbddc6673d4c0577d0d902617877e33e6e3b4b3eafb734fd061b38a5,source,normal,none,none,20260909T145949Z-a60e6ebf0acc12120ff2ec2c,2,934,14.484991073608398,1,1.1158490180969238,1
section_00_test_000181.wav,20260909T145949Z-a60e6ebf0acc12120ff2ec2c-dg-1f7b83085d3e-000063,411d3b57df4d02994b4178e83b61674835be540ce5246951dcf64a5d4f84e19b,source,normal,none,none,20260909T145949Z-a60e6ebf0acc12120ff2ec2c,2,934,15.112706184387207,1,0.8350313901901245,1
section_00_test_000182.wav,20260909T145949Z-a60e6ebf0acc12120ff2ec2c-dg-1f7b83085d3e-000094,5f8c05ac3c81d4251179ca23b8f08ea0f9c689644d1c9fe0d8339b2c7d9c53de,source,normal,none,none,20260909T145949Z-a60e6ebf0acc12120ff2ec2c,2,934,14.783282279968262,1,0.8038550615310669,1
section_00_test_000183.wav,20260909T145949Z-a60e6ebf0acc12120ff2ec2c-dg-1f7b83085d3e-000097,6f19064ad40f50eea53a0ddb53faad4bfa3b7e0dbbd64ac469808cb26b267081,source,normal,none,none,20260909T145949Z-a60e6ebf0acc12120ff2ec2c,2,934,14.7305908203125,1,0.4960729479789734,1
section_00_test_000184.wav,20260909T145949Z-a60e6ebf0acc12120ff2ec2c-dg-1f7b83085d3e-000100,95032d93e05900e253b538230ca41d6903b69d3aee6619f82c70411c47683106,source,normal,none,none,20260909T145949Z-a60e6ebf0acc12120ff2ec2c,2,934,14.981559753417969,1,1.1933743953704834,1
section_00_test_000185.wav,20260909T145949Z-a60e6ebf0acc12120ff2ec2c-dg-1f7b83085d3e-000103,66820635fbdb74541cc3f912584db873b40de64772a7503423ce330aece511e2,source,normal,none,none,20260909T145949Z-a60e6ebf0acc12120ff2ec2c,2,934,14.507176399230957,1,0.8037596344947815,1
section_00_test_000186.wav,20260909T145949Z-a60e6ebf0acc12120ff2ec2c-dg-1f7b83085d3e-000108,e9d0d107a257e5e5331e61f9e59b98f544c224ff8fbdb30357a3670b1597512c,source,normal,none,none,20260909T145949Z-a60e6ebf0acc12120ff2ec2c,2,934,14.731524467468262,1,0.8639246225357056,1
section_00_test_000187.wav,20260909T145949Z-a60e6ebf0acc12120ff2ec2c-dg-1f7b83085d3e-000114,f333d14e71b4b28dc5db8f2116085906395a91c4b489a27f27631eb4c1b72022,source,normal,none,none,20260909T145949Z-a60e6ebf0acc12120ff2ec2c,2,934,14.589801788330078,1,0.7794201374053955,1
section_00_test_000188.wav,20260909T145949Z-a60e6ebf0acc12120ff2ec2c-dg-1f7b83085d3e-000115,632d581d835b5ccf35c0c7efbcba13ec3652c297c03d63903661092d53bfd06e,source,normal,none,none,20260909T145949Z-a60e6ebf0acc12120ff2ec2c,2,934,14.77923583984375,1,0.6997591853141785,1
section_00_test_000189.wav,20260909T145949Z-a60e6ebf0acc12120ff2ec2c-dg-1f7b83085d3e-000126,db3ca258131097ac8d856a192d3d234027a90013204a364f33c5e28d65470f0d,source,normal,none,none,20260909T145949Z-a60e6ebf0acc12120ff2ec2c,2,934,14.872515678405762,1,0.556803286075592,1
section_00_test_000190.wav,20260909T145949Z-a60e6ebf0acc12120ff2ec2c-dg-1f7b83085d3e-000144,22452371a607280c2a3790cc05c4a628a52f32fc439956a12e4ab764938023a2,source,normal,none,none,20260909T145949Z-a60e6ebf0acc12120ff2ec2c,2,934,15.028106689453125,1,1.0143630504608154,1
section_00_test_000191.wav,20260909T145949Z-a60e6ebf0acc12120ff2ec2c-dg-1f7b83085d3e-000146,0e40257c202efe266f42c142a8f05a9ba47c09166af64737f23462e007e4ef5a,source,normal,none,none,20260909T145949Z-a60e6ebf0acc12120ff2ec2c,2,934,14.701194763183594,1,0.5401616096496582,1
section_00_test_000192.wav,20260909T145949Z-a60e6ebf0acc12120ff2ec2c-dg-1f7b83085d3e-000177,85389f2c63aa6feb952534f56dbaa840cce9f0646ce44221a9dc130c52887740,source,normal,none,none,20260909T145949Z-a60e6ebf0acc12120ff2ec2c,2,934,14.739720344543457,1,0.6311998963356018,1
section_00_test_000193.wav,20260909T145949Z-a60e6ebf0acc12120ff2ec2c-dg-1f7b83085d3e-000211,de9beef76b498973e9bf01c868e6c008223a8ab6fc834468a66c5c3d389f4b22,source,normal,none,none,20260909T145949Z-a60e6ebf0acc12120ff2ec2c,2,934,15.084744453430176,1,1.075095772743225,1
section_00_test_000194.wav,20260909T145949Z-a60e6ebf0acc12120ff2ec2c-dg-1f7b83085d3e-000225,d2399c91bfa5808043ca7e6fe284ba0df883d7afb67018a3824e566b9d004d90,source,normal,none,none,20260909T145949Z-a60e6ebf0acc12120ff2ec2c,2,934,14.554585456848145,1,0.6277830004692078,1
section_00_test_000195.wav,20260909T145949Z-a60e6ebf0acc12120ff2ec2c-dg-1f7b83085d3e-000246,9ef5adf79f92a14c100f4e0ec6bfecc74f0f72b76e5709d02d7ce0c50cbc6e24,source,normal,none,none,20260909T145949Z-a60e6ebf0acc12120ff2ec2c,2,934,14.654858589172363,1,0.5949336886405945,1
section_00_test_000196.wav,20260909T145949Z-a60e6ebf0acc12120ff2ec2c-dg-1f7b83085d3e-000262,4cff97da19f02ed1d87a125e90b43b5d8f91723481688750f9cda61dd0fcc4a3,source,normal,none,none,20260909T145949Z-a60e6ebf0acc12120ff2ec2c,2,934,14.902525901794434,1,0.6891369819641113,1
section_00_test_000197.wav,20260909T145949Z-a60e6ebf0acc12120ff2ec2c-dg-1f7b83085d3e-000284,e15b2c288045a8b445156ad31d060afd3e426b4081fa17d7d91ee22abe6e042b,source,normal,none,none,20260909T145949Z-a60e6ebf0acc12120ff2ec2c,2,934,14.688667297363281,1,0.53814297914505,1
section_00_test_000198.wav,20260909T145949Z-a60e6ebf0acc12120ff2ec2c-dg-1f7b83085d3e-000289,40ef670335936e0a4bfb57a8a6ce6e7d10192657cfeecbf0d86a16a76638f69e,source,normal,none,none,20260909T145949Z-a60e6ebf0acc12120ff2ec2c,2,934,15.069852828979492,1,1.4117729663848877,1
section_00_test_000199.wav,20260909T145949Z-a60e6ebf0acc12120ff2ec2c-dg-1f7b83085d3e-000298,2355cb1024ff6501f3255e0f3dc00e076096065545d63fc80ecff035a4b388ff,source,normal,none,none,20260909T145949Z-a60e6ebf0acc12120ff2ec2c,2,934,14.116819381713867,0,0.8799698948860168,1
section_00_test_000200.wav,20260902T123012Z-4cf6ff5d308fab84abd455c2-dg-83bd84d7964d-000047,d0689e6600ec9b8d2488e5aa93ceae31e343052fde77d4d22061974b5eda72d3,target,anomaly,belt_tension_abnormal,belt_a,20260902T123012Z-4cf6ff5d308fab84abd455c2,3,934,15.250946998596191,1,2.461552619934082,1
section_00_test_000201.wav,20260902T123012Z-4cf6ff5d308fab84abd455c2-dg-83bd84d7964d-000051,18237e903fbc0595e978dd7edf4ac803c0e54c93f99a1ecac36d8a62544084c4,target,anomaly,belt_tension_abnormal,belt_a,20260902T123012Z-4cf6ff5d308fab84abd455c2,3,934,15.183135032653809,1,1.6479003429412842,1
section_00_test_000202.wav,20260902T123012Z-4cf6ff5d308fab84abd455c2-dg-83bd84d7964d-000088,66077277177145e18a792df8d5ee68963b5681f576d9ef2ad516849d4cc86660,target,anomaly,belt_tension_abnormal,belt_a,20260902T123012Z-4cf6ff5d308fab84abd455c2,3,934,15.447726249694824,1,1.5397111177444458,1
section_00_test_000203.wav,20260902T123012Z-4cf6ff5d308fab84abd455c2-dg-83bd84d7964d-000097,31968f2cad3cf6478c0efdb1fa3e69c0ddddc6bdb6d9400a6f839e667ba17525,target,anomaly,belt_tension_abnormal,belt_a,20260902T123012Z-4cf6ff5d308fab84abd455c2,3,934,15.146864891052246,1,1.2283693552017212,1
section_00_test_000204.wav,20260902T123012Z-4cf6ff5d308fab84abd455c2-dg-83bd84d7964d-000114,23aff5c9994b256de3062f99990dccdba11d60c0c85ad1d7affd6bf0899e7d6d,target,anomaly,belt_tension_abnormal,belt_a,20260902T123012Z-4cf6ff5d308fab84abd455c2,3,934,15.537039756774902,1,2.3409862518310547,1
section_00_test_000205.wav,20260902T160129Z-7bf957baa43106e95892839f-dg-abd0479e1929-000035,4a72eda5d7bbaacac184d26e4e8ef9b55d006c74e7bf9d266921368a531114c7,target,anomaly,belt_tension_abnormal,belt_a_b,20260902T160129Z-7bf957baa43106e95892839f,3,934,16.753395080566406,1,2.7308948040008545,1
section_00_test_000206.wav,20260902T160129Z-7bf957baa43106e95892839f-dg-abd0479e1929-000075,e9362bf20c39725221ffc77851956a0bd3302e3892922589804285aa0e2d0a11,target,anomaly,belt_tension_abnormal,belt_a_b,20260902T160129Z-7bf957baa43106e95892839f,3,934,15.580243110656738,1,1.935893177986145,1
section_00_test_000207.wav,20260902T160129Z-7bf957baa43106e95892839f-dg-abd0479e1929-000085,ab7e0adbbca9b8afe86753a1c29be378df6bedfce94e3d7ae604f9139d9c0642,target,anomaly,belt_tension_abnormal,belt_a_b,20260902T160129Z-7bf957baa43106e95892839f,3,934,16.27306365966797,1,2.951479434967041,1
section_00_test_000208.wav,20260902T160129Z-7bf957baa43106e95892839f-dg-abd0479e1929-000098,5e23f497c050ab27cb76e1b32400e161bc694193a400cb5883e7d61a35ede8fd,target,anomaly,belt_tension_abnormal,belt_a_b,20260902T160129Z-7bf957baa43106e95892839f,3,934,15.558963775634766,1,2.488412857055664,1
section_00_test_000209.wav,20260903T035843Z-da2337039d4a903e210d8513-dg-a7222c8d5e48-000068,a6f7e8cb4ab7304ab21ca36422e4dc7bcaf5a912d8cf29b79880460b97e67ad7,target,anomaly,belt_tension_abnormal,belt_b,20260903T035843Z-da2337039d4a903e210d8513,3,934,16.150922775268555,1,2.925969362258911,1
section_00_test_000210.wav,20260903T035843Z-da2337039d4a903e210d8513-dg-a7222c8d5e48-000074,ed31576db26d7ea1dc32726f655e69d38db13ae924cd51a3d84f0f03a4f1cd8d,target,anomaly,belt_tension_abnormal,belt_b,20260903T035843Z-da2337039d4a903e210d8513,3,934,15.551562309265137,1,2.37099552154541,1
section_00_test_000211.wav,20260903T035843Z-da2337039d4a903e210d8513-dg-a7222c8d5e48-000091,3c55c0367bb30e2ac79ca7f09ac405d1701ae4ebb89390dc9f99a578ba5bb029,target,anomaly,belt_tension_abnormal,belt_b,20260903T035843Z-da2337039d4a903e210d8513,3,934,15.949748992919922,1,4.060092926025391,1
section_00_test_000212.wav,20260903T035843Z-da2337039d4a903e210d8513-dg-a7222c8d5e48-000107,a164ed5647e1e17d989b0c3924eda0c59be058021693de4455cc98dce6c424db,target,anomaly,belt_tension_abnormal,belt_b,20260903T035843Z-da2337039d4a903e210d8513,3,934,15.241491317749023,1,2.259368658065796,1
section_00_test_000213.wav,20260904T005200Z-3ad8dce5db7644aaf167f162-dg-17c600513d9e-000003,505d00efe798043de8d525152263a3a78fdae05711412bd5a8bcb127f98e9135,target,anomaly,extruder_cogging_or_no_extrusion,extruder_cogging_or_no_extrusion,20260904T005200Z-3ad8dce5db7644aaf167f162,3,934,24.25533103942871,1,16.500755310058594,1
section_00_test_000214.wav,20260904T005200Z-3ad8dce5db7644aaf167f162-dg-17c600513d9e-000033,6d61e285fc070255e88afabf7f11b685491dc5662ad8cad268c7548357a37d58,target,anomaly,extruder_cogging_or_no_extrusion,extruder_cogging_or_no_extrusion,20260904T005200Z-3ad8dce5db7644aaf167f162,3,934,16.83631134033203,1,2.667019844055176,1
section_00_test_000215.wav,20260904T005200Z-3ad8dce5db7644aaf167f162-dg-17c600513d9e-000062,5eee8b8d51d4b7955ec0a0a905f780f9e70c32e8e7f6dfd9a10ddb82359564c2,target,anomaly,extruder_cogging_or_no_extrusion,extruder_cogging_or_no_extrusion,20260904T005200Z-3ad8dce5db7644aaf167f162,3,934,16.232080459594727,1,5.045045375823975,1
section_00_test_000216.wav,20260904T005200Z-3ad8dce5db7644aaf167f162-dg-17c600513d9e-000073,2a8ff55345d14950fe4369bff74bc43ff6f980c0012b48b3fa3e6d42ec63ac58,target,anomaly,extruder_cogging_or_no_extrusion,extruder_cogging_or_no_extrusion,20260904T005200Z-3ad8dce5db7644aaf167f162,3,934,15.297966957092285,1,2.41028094291687,1
section_00_test_000217.wav,20260904T005200Z-3ad8dce5db7644aaf167f162-dg-17c600513d9e-000082,3e97e96d20d756c192fe01c37fdebeabd93ffaf1679d4c27846b660de17ee6b2,target,anomaly,extruder_cogging_or_no_extrusion,extruder_cogging_or_no_extrusion,20260904T005200Z-3ad8dce5db7644aaf167f162,3,934,14.913406372070312,1,3.6364848613739014,1
section_00_test_000218.wav,20260904T005200Z-3ad8dce5db7644aaf167f162-dg-17c600513d9e-000089,35f5e5554cf27b40171ab9b6492961900b9690e4dd9d6156d44058ff4c584a70,target,anomaly,extruder_cogging_or_no_extrusion,extruder_cogging_or_no_extrusion,20260904T005200Z-3ad8dce5db7644aaf167f162,3,934,15.061901092529297,1,2.349001169204712,1
section_00_test_000219.wav,20260904T005200Z-3ad8dce5db7644aaf167f162-dg-17c600513d9e-000093,a28472c0d3195ed816528131f0e00ee7f5663b6d0011db69b8076be6998f43ad,target,anomaly,extruder_cogging_or_no_extrusion,extruder_cogging_or_no_extrusion,20260904T005200Z-3ad8dce5db7644aaf167f162,3,934,15.432994842529297,1,1.9157140254974365,1
section_00_test_000220.wav,20260904T005200Z-3ad8dce5db7644aaf167f162-dg-17c600513d9e-000100,417c1e477516fa7d0e9964c1582ae0b5930954671c7c56066455b673e4ef861d,target,anomaly,extruder_cogging_or_no_extrusion,extruder_cogging_or_no_extrusion,20260904T005200Z-3ad8dce5db7644aaf167f162,3,934,15.701495170593262,1,3.2345664501190186,1
section_00_test_000221.wav,20260904T005200Z-3ad8dce5db7644aaf167f162-dg-17c600513d9e-000111,fe532d3a51a484a5ac6f66eff1d9da5fa4d7849c41e6f8455a1e4463eeea1541,target,anomaly,extruder_cogging_or_no_extrusion,extruder_cogging_or_no_extrusion,20260904T005200Z-3ad8dce5db7644aaf167f162,3,934,15.551340103149414,1,2.0658199787139893,1
section_00_test_000222.wav,20260904T005200Z-3ad8dce5db7644aaf167f162-dg-17c600513d9e-000121,893ccf5b395fd701c904b3a0fb2dac604ceab8bdf34c40e709de58edd83eaf9e,target,anomaly,extruder_cogging_or_no_extrusion,extruder_cogging_or_no_extrusion,20260904T005200Z-3ad8dce5db7644aaf167f162,3,934,15.426726341247559,1,3.006019353866577,1
section_00_test_000223.wav,20260904T005200Z-3ad8dce5db7644aaf167f162-dg-17c600513d9e-000148,7aec15e5038fe5a1a17e87a72c1fcdfe32f9cea351844836a104747fe7e5a55a,target,anomaly,extruder_cogging_or_no_extrusion,extruder_cogging_or_no_extrusion,20260904T005200Z-3ad8dce5db7644aaf167f162,3,934,18.231414794921875,1,3.394233465194702,1
section_00_test_000224.wav,20260904T005200Z-3ad8dce5db7644aaf167f162-dg-17c600513d9e-000161,d96eede419a77aa0d1737e9da4d29b05e7b358b8042208b0cb07549cdc5d2d4d,target,anomaly,extruder_cogging_or_no_extrusion,extruder_cogging_or_no_extrusion,20260904T005200Z-3ad8dce5db7644aaf167f162,3,934,15.734589576721191,1,5.45454216003418,1
section_00_test_000225.wav,20260904T005200Z-3ad8dce5db7644aaf167f162-dg-17c600513d9e-000163,1ccab2eb3c03bbe17cd6d2e43671ce97d2a7c775d05f5cac3c97a27d733d8978,target,anomaly,extruder_cogging_or_no_extrusion,extruder_cogging_or_no_extrusion,20260904T005200Z-3ad8dce5db7644aaf167f162,3,934,20.108348846435547,1,3.7505123615264893,1
section_00_test_000226.wav,20260904T041741Z-98e45a94c78b3bad81b186f9-dg-e4196811230a-000032,64ed9fdbaf809fe400aedf3bc6410c8cdd38322b8849c2fa6de9eb3c570e1b07,target,anomaly,toolhead_collision,collision_x-min,20260904T041741Z-98e45a94c78b3bad81b186f9,3,934,180.93814086914062,1,178.8134307861328,1
section_00_test_000227.wav,20260904T041741Z-98e45a94c78b3bad81b186f9-dg-e4196811230a-000039,c7b844589eb1ba57ccc2be1f6cc8c1d357727cf2ccc848066bbf043d3c850c8f,target,anomaly,toolhead_collision,collision_x-min,20260904T041741Z-98e45a94c78b3bad81b186f9,3,934,107.53545379638672,1,102.0716552734375,1
section_00_test_000228.wav,20260904T051124Z-78b858c83cc199a82cf05f9a-dg-a34349efc09d-000016,9acf7cc0fdf6c008e8cc24b6e543b4e60318d97cf315c92174de959eac0fa86c,target,anomaly,toolhead_collision,collision_x-max,20260904T051124Z-78b858c83cc199a82cf05f9a,3,934,190.9702606201172,1,216.0811767578125,1
section_00_test_000229.wav,20260904T051124Z-78b858c83cc199a82cf05f9a-dg-a34349efc09d-000028,432024223aefcdfc819cb2146bcf3306e274f2774412c2f92324373bf20c7d11,target,anomaly,toolhead_collision,collision_x-max,20260904T051124Z-78b858c83cc199a82cf05f9a,3,934,158.99777221679688,1,171.69248962402344,1
section_00_test_000230.wav,20260904T054447Z-8072f6f8e5d3c14cc1ccbf80-dg-4dfa4b70d712-000018,5037d6437d8ac262ac3974e2aee0adcd469a6188d9fe804231978cb97f2fd87d,target,anomaly,toolhead_collision,collision_y-max,20260904T054447Z-8072f6f8e5d3c14cc1ccbf80,3,934,215.6989288330078,1,238.04656982421875,1
section_00_test_000231.wav,20260904T054447Z-8072f6f8e5d3c14cc1ccbf80-dg-4dfa4b70d712-000033,2cdc1510df0e3033540227e758fe306447f1b4ae06c3d63ee85b2c8692eefc9a,target,anomaly,toolhead_collision,collision_y-max,20260904T054447Z-8072f6f8e5d3c14cc1ccbf80,3,934,202.63528442382812,1,219.07110595703125,1
section_00_test_000232.wav,20260904T054447Z-8072f6f8e5d3c14cc1ccbf80-dg-4dfa4b70d712-000051,decabd96496de60c27898ea4d05fbe186539c42c6f18593c66924f00f65a686f,target,anomaly,toolhead_collision,collision_y-max,20260904T054447Z-8072f6f8e5d3c14cc1ccbf80,3,934,190.70614624023438,1,196.19190979003906,1
section_00_test_000233.wav,20260904T061543Z-b30bb3da9e9de761d2a45c4e-dg-15faaaa17cc1-000033,adcb1ce3e668d3d676a6c2b9219ef0d6110e850ca81681f92ac21953bc00a449,target,anomaly,toolhead_collision,collision_x-min-y-max,20260904T061543Z-b30bb3da9e9de761d2a45c4e,3,934,127.11515045166016,1,111.90673065185547,1
section_00_test_000234.wav,20260904T061543Z-b30bb3da9e9de761d2a45c4e-dg-15faaaa17cc1-000036,97f850155cb619c81d188ba0e44887937edb61902c0d3b9c86c0f1c023a64a7a,target,anomaly,toolhead_collision,collision_x-min-y-max,20260904T061543Z-b30bb3da9e9de761d2a45c4e,3,934,203.7793731689453,1,200.89404296875,1
section_00_test_000235.wav,20260904T065059Z-4724e8d91a9a89e1d78afb78-dg-c1d0d0238e6f-000045,e6996adc618014d2773aeb00b849f791cc203145d37a87c08f681d3c176d14d7,target,anomaly,toolhead_collision,collision_x-max-y-max,20260904T065059Z-4724e8d91a9a89e1d78afb78,3,934,193.81216430664062,1,199.3411102294922,1
section_00_test_000236.wav,20260904T065059Z-4724e8d91a9a89e1d78afb78-dg-c1d0d0238e6f-000048,c177edc9981c326e7bb022260aaaede8719629b7c262e5dbde22f69adce5aec2,target,anomaly,toolhead_collision,collision_x-max-y-max,20260904T065059Z-4724e8d91a9a89e1d78afb78,3,934,129.25794982910156,1,118.11326599121094,1
section_00_test_000237.wav,20260904T065059Z-4724e8d91a9a89e1d78afb78-dg-c1d0d0238e6f-000055,14280097dd316e45187c3290948043f7983f17c86881f43cb1589e91624bf9b0,target,anomaly,toolhead_collision,collision_x-max-y-max,20260904T065059Z-4724e8d91a9a89e1d78afb78,3,934,140.9196014404297,1,129.96621704101562,1
section_00_test_000238.wav,20260904T100827Z-e8ef9c656ea5667a80bdcfa9-dg-83ea56886dfd-000009,7c2cf5dcb5ba26d4e3d198c7bdc42e6160cd0ece7db8f1d224c787473aa3b766,target,anomaly,cooling_fan_fault,cooling_fan_fault,20260904T100827Z-e8ef9c656ea5667a80bdcfa9,3,934,17.479673385620117,1,3.8876397609710693,1
section_00_test_000239.wav,20260904T100827Z-e8ef9c656ea5667a80bdcfa9-dg-83ea56886dfd-000017,d9e32f454d576c7dae2b7e361be26e83cb7ba5e1c06e57338eb69bfd48eb012e,target,anomaly,cooling_fan_fault,cooling_fan_fault,20260904T100827Z-e8ef9c656ea5667a80bdcfa9,3,934,18.97475242614746,1,4.43904972076416,1
section_00_test_000240.wav,20260904T100827Z-e8ef9c656ea5667a80bdcfa9-dg-83ea56886dfd-000038,28bf7a6b64a113cf4edd1d8d401417bab283395434d093d30eac761aba138e3d,target,anomaly,cooling_fan_fault,cooling_fan_fault,20260904T100827Z-e8ef9c656ea5667a80bdcfa9,3,934,16.68936538696289,1,2.5186500549316406,1
section_00_test_000241.wav,20260904T100827Z-e8ef9c656ea5667a80bdcfa9-dg-83ea56886dfd-000055,32bb88eee4a34e0b7872a6c05cd7091f21e7b59a3142c26579b3597adcf63d6f,target,anomaly,cooling_fan_fault,cooling_fan_fault,20260904T100827Z-e8ef9c656ea5667a80bdcfa9,3,934,16.316165924072266,1,2.5902278423309326,1
section_00_test_000242.wav,20260904T100827Z-e8ef9c656ea5667a80bdcfa9-dg-83ea56886dfd-000062,36cf4d46e29a738ff4490babd0ed73cf8630bd62dad4ee4c0b18d28a5c017d92,target,anomaly,cooling_fan_fault,cooling_fan_fault,20260904T100827Z-e8ef9c656ea5667a80bdcfa9,3,934,16.199796676635742,1,2.5271172523498535,1
section_00_test_000243.wav,20260904T100827Z-e8ef9c656ea5667a80bdcfa9-dg-83ea56886dfd-000063,a1d852b838c39a8ab6480f8c688caf25ce16c21eff540348f454124e02e4113b,target,anomaly,cooling_fan_fault,cooling_fan_fault,20260904T100827Z-e8ef9c656ea5667a80bdcfa9,3,934,16.571077346801758,1,2.87469744682312,1
section_00_test_000244.wav,20260904T100827Z-e8ef9c656ea5667a80bdcfa9-dg-83ea56886dfd-000086,3d4d730512405045cc78671f6ff51be0229bce2cd7d95a710524bc4509387b0b,target,anomaly,cooling_fan_fault,cooling_fan_fault,20260904T100827Z-e8ef9c656ea5667a80bdcfa9,3,934,16.410438537597656,1,3.0088155269622803,1
section_00_test_000245.wav,20260904T100827Z-e8ef9c656ea5667a80bdcfa9-dg-83ea56886dfd-000094,b67e82980e8898e8cc3a704dbb07bd08a52e90db7f60b6075d6169bbc4637eeb,target,anomaly,cooling_fan_fault,cooling_fan_fault,20260904T100827Z-e8ef9c656ea5667a80bdcfa9,3,934,16.13570785522461,1,2.5727391242980957,1
section_00_test_000246.wav,20260904T100827Z-e8ef9c656ea5667a80bdcfa9-dg-83ea56886dfd-000102,4e1d9b813507eb35d5d08c9c4ee843ed219a8ab84b562907e541fd45bed75774,target,anomaly,cooling_fan_fault,cooling_fan_fault,20260904T100827Z-e8ef9c656ea5667a80bdcfa9,3,934,16.41407012939453,1,2.406815767288208,1
section_00_test_000247.wav,20260904T100827Z-e8ef9c656ea5667a80bdcfa9-dg-83ea56886dfd-000111,fbcd89c0f3049a2843731299395f3c66e6e1160217a421c530a5ae611b432212,target,anomaly,cooling_fan_fault,cooling_fan_fault,20260904T100827Z-e8ef9c656ea5667a80bdcfa9,3,934,17.03150177001953,1,2.6076557636260986,1
section_00_test_000248.wav,20260904T100827Z-e8ef9c656ea5667a80bdcfa9-dg-83ea56886dfd-000122,6c2927c042f51bd07efc2a0e213d5f1eebd09d106a91ff92bbbc4cdfc1fc4446,target,anomaly,cooling_fan_fault,cooling_fan_fault,20260904T100827Z-e8ef9c656ea5667a80bdcfa9,3,934,16.317394256591797,1,3.12044358253479,1
section_00_test_000249.wav,20260904T100827Z-e8ef9c656ea5667a80bdcfa9-dg-83ea56886dfd-000148,b595bb8edfda79ffd00f806d27df7ce6a03ac392bc4f3722056ed7aa6791ea93,target,anomaly,cooling_fan_fault,cooling_fan_fault,20260904T100827Z-e8ef9c656ea5667a80bdcfa9,3,934,19.481782913208008,1,2.882305860519409,1
section_00_test_000250.wav,20260902T123012Z-4cf6ff5d308fab84abd455c2-dg-83bd84d7964d-000045,c5e301dc23742ee3fcea4f0f640c7ac6697be9ea2bc14cbd3334dd428f0f9c1b,target,anomaly,belt_tension_abnormal,belt_a,20260902T123012Z-4cf6ff5d308fab84abd455c2,4,934,18.648210525512695,1,1.593991994857788,1
section_00_test_000251.wav,20260902T123012Z-4cf6ff5d308fab84abd455c2-dg-83bd84d7964d-000074,cf7d98ca8459fe7daf84ca96a7f8b946a060c390d71c66b6b4d73980a44c8125,target,anomaly,belt_tension_abnormal,belt_a,20260902T123012Z-4cf6ff5d308fab84abd455c2,4,934,16.934892654418945,1,1.1497764587402344,1
section_00_test_000252.wav,20260902T123012Z-4cf6ff5d308fab84abd455c2-dg-83bd84d7964d-000160,a459d64ca250c1ec5b3955283e801240a4ce2fcc72f3715818695ec7f918583a,target,anomaly,belt_tension_abnormal,belt_a,20260902T123012Z-4cf6ff5d308fab84abd455c2,4,934,18.488994598388672,1,2.945495367050171,1
section_00_test_000253.wav,20260902T123012Z-4cf6ff5d308fab84abd455c2-dg-83bd84d7964d-000162,40ffee2e1bb648e189e1ddd7f90460a436605a59a138ab8080ff9cad87cd58a7,target,anomaly,belt_tension_abnormal,belt_a,20260902T123012Z-4cf6ff5d308fab84abd455c2,4,934,23.032243728637695,1,4.89544153213501,1
section_00_test_000254.wav,20260902T160129Z-7bf957baa43106e95892839f-dg-abd0479e1929-000015,2eecd915ec27649c162c80ed5ec088c97affd8b61e6570226354c30ccd39c96d,target,anomaly,belt_tension_abnormal,belt_a_b,20260902T160129Z-7bf957baa43106e95892839f,4,934,24.07964324951172,1,4.819311618804932,1
section_00_test_000255.wav,20260902T160129Z-7bf957baa43106e95892839f-dg-abd0479e1929-000084,59a1006ade284df311b13d74a248918bedb01234ef12772b1feda481d642652c,target,anomaly,belt_tension_abnormal,belt_a_b,20260902T160129Z-7bf957baa43106e95892839f,4,934,16.705957412719727,1,2.5267391204833984,1
section_00_test_000256.wav,20260902T160129Z-7bf957baa43106e95892839f-dg-abd0479e1929-000088,b577b670bf8501fbfee432cf7acb5b3ea1193e953cde4419b74821707e106c67,target,anomaly,belt_tension_abnormal,belt_a_b,20260902T160129Z-7bf957baa43106e95892839f,4,934,18.217464447021484,1,2.428636312484741,1
section_00_test_000257.wav,20260902T160129Z-7bf957baa43106e95892839f-dg-abd0479e1929-000119,257e48c8fd99b331411a3cd7ff10cc4c5496977d05292fd117ce929624fd53bd,target,anomaly,belt_tension_abnormal,belt_a_b,20260902T160129Z-7bf957baa43106e95892839f,4,934,18.764232635498047,1,2.589691400527954,1
section_00_test_000258.wav,20260903T035843Z-da2337039d4a903e210d8513-dg-a7222c8d5e48-000015,aa18d838cb846c020a2d0f9af2788bad193ecd61debccbd434d9464462b60e7c,target,anomaly,belt_tension_abnormal,belt_b,20260903T035843Z-da2337039d4a903e210d8513,4,934,22.823894500732422,1,4.082023620605469,1
section_00_test_000259.wav,20260903T035843Z-da2337039d4a903e210d8513-dg-a7222c8d5e48-000033,68b38d1ac02eafca10d74116c8ea0a45c065187ed3ee226ea7c314e75e0d854a,target,anomaly,belt_tension_abnormal,belt_b,20260903T035843Z-da2337039d4a903e210d8513,4,934,19.773029327392578,1,2.7207930088043213,1
section_00_test_000260.wav,20260903T035843Z-da2337039d4a903e210d8513-dg-a7222c8d5e48-000059,f92ff597fb0644f1bdcff593d676eeb8fee6503bce57c257e27b5f77c307d912,target,anomaly,belt_tension_abnormal,belt_b,20260903T035843Z-da2337039d4a903e210d8513,4,934,18.027841567993164,1,2.9246559143066406,1
section_00_test_000261.wav,20260903T035843Z-da2337039d4a903e210d8513-dg-a7222c8d5e48-000115,ea626d4f5028d9e9d28b908ce6d104990ec4432dc9854387f09e3408fd925c29,target,anomaly,belt_tension_abnormal,belt_b,20260903T035843Z-da2337039d4a903e210d8513,4,934,19.157289505004883,1,3.5918400287628174,1
section_00_test_000262.wav,20260904T005200Z-3ad8dce5db7644aaf167f162-dg-17c600513d9e-000001,3b7926cd9869d0c02c818c9256fb10537fcc07189b8b6d569ae356a3727931d6,target,anomaly,extruder_cogging_or_no_extrusion,extruder_cogging_or_no_extrusion,20260904T005200Z-3ad8dce5db7644aaf167f162,4,934,28.29090690612793,1,18.72439193725586,1
section_00_test_000263.wav,20260904T005200Z-3ad8dce5db7644aaf167f162-dg-17c600513d9e-000015,9abe846b1db87ecc6d77b2eb63e3b3010150ebcfbe449a54de0833edbb755751,target,anomaly,extruder_cogging_or_no_extrusion,extruder_cogging_or_no_extrusion,20260904T005200Z-3ad8dce5db7644aaf167f162,4,934,24.50387191772461,1,5.287233352661133,1
section_00_test_000264.wav,20260904T005200Z-3ad8dce5db7644aaf167f162-dg-17c600513d9e-000047,923ee9b462d99c123c006f60a32d8f1d36f1a90dfba934d18f2708c29d59f43a,target,anomaly,extruder_cogging_or_no_extrusion,extruder_cogging_or_no_extrusion,20260904T005200Z-3ad8dce5db7644aaf167f162,4,934,19.186927795410156,1,5.393479824066162,1
section_00_test_000265.wav,20260904T005200Z-3ad8dce5db7644aaf167f162-dg-17c600513d9e-000049,99df707fb2a8621a033c02ef7105a5837c705d3e2fafecf59c2f61746832fe48,target,anomaly,extruder_cogging_or_no_extrusion,extruder_cogging_or_no_extrusion,20260904T005200Z-3ad8dce5db7644aaf167f162,4,934,18.806039810180664,1,3.4189529418945312,1
section_00_test_000266.wav,20260904T005200Z-3ad8dce5db7644aaf167f162-dg-17c600513d9e-000052,43682c2b41cf80a2cab09e70b5eec5d7fd567fd04f3339f5f2bd68634b4d94b4,target,anomaly,extruder_cogging_or_no_extrusion,extruder_cogging_or_no_extrusion,20260904T005200Z-3ad8dce5db7644aaf167f162,4,934,19.24968910217285,1,5.764040946960449,1
section_00_test_000267.wav,20260904T005200Z-3ad8dce5db7644aaf167f162-dg-17c600513d9e-000058,b3f9798b8c9cf7921e4dd0e87ea87412457a6aceff516e17685067a577dccbf7,target,anomaly,extruder_cogging_or_no_extrusion,extruder_cogging_or_no_extrusion,20260904T005200Z-3ad8dce5db7644aaf167f162,4,934,18.312891006469727,1,3.7988147735595703,1
section_00_test_000268.wav,20260904T005200Z-3ad8dce5db7644aaf167f162-dg-17c600513d9e-000070,e28f986a9137082c707716241731043b7078ec5016e1a8d3360ac8236e5a47f5,target,anomaly,extruder_cogging_or_no_extrusion,extruder_cogging_or_no_extrusion,20260904T005200Z-3ad8dce5db7644aaf167f162,4,934,18.557634353637695,1,2.4311444759368896,1
section_00_test_000269.wav,20260904T005200Z-3ad8dce5db7644aaf167f162-dg-17c600513d9e-000092,e3c9190f60130f557c77b6eb780806bcae607ff0b1f0e529f703f1d739198fd8,target,anomaly,extruder_cogging_or_no_extrusion,extruder_cogging_or_no_extrusion,20260904T005200Z-3ad8dce5db7644aaf167f162,4,934,18.88223648071289,1,2.838102340698242,1
section_00_test_000270.wav,20260904T005200Z-3ad8dce5db7644aaf167f162-dg-17c600513d9e-000129,fa5af93fd53193c2bc5a9ede68678b48ee779470e3e2c075677829217d448a64,target,anomaly,extruder_cogging_or_no_extrusion,extruder_cogging_or_no_extrusion,20260904T005200Z-3ad8dce5db7644aaf167f162,4,934,22.040729522705078,1,4.1268792152404785,1
section_00_test_000271.wav,20260904T005200Z-3ad8dce5db7644aaf167f162-dg-17c600513d9e-000133,3be0a23a45aec3efb5cbcb0dc6f6afb688ba62318d5ecb47a20bb9720e301db7,target,anomaly,extruder_cogging_or_no_extrusion,extruder_cogging_or_no_extrusion,20260904T005200Z-3ad8dce5db7644aaf167f162,4,934,22.200218200683594,1,3.0914371013641357,1
section_00_test_000272.wav,20260904T005200Z-3ad8dce5db7644aaf167f162-dg-17c600513d9e-000142,f1aa2cfaa3f48f63c9ae9a3154e0d2d4f830c96c99843e272ff92a1af658b4cf,target,anomaly,extruder_cogging_or_no_extrusion,extruder_cogging_or_no_extrusion,20260904T005200Z-3ad8dce5db7644aaf167f162,4,934,18.925678253173828,1,2.8845198154449463,1
section_00_test_000273.wav,20260904T005200Z-3ad8dce5db7644aaf167f162-dg-17c600513d9e-000160,76bd4ada94fe1b0f54d8e18d27bb4076ba7a0ff6fcb9d6b3cef4ad3cb2195203,target,anomaly,extruder_cogging_or_no_extrusion,extruder_cogging_or_no_extrusion,20260904T005200Z-3ad8dce5db7644aaf167f162,4,934,20.598594665527344,1,6.707957744598389,1
section_00_test_000274.wav,20260904T041741Z-98e45a94c78b3bad81b186f9-dg-e4196811230a-000012,fc215b7a7ed6388da5bc6ebd7dddf371c29978a108eabc324991bd19250b5870,target,anomaly,toolhead_collision,collision_x-min,20260904T041741Z-98e45a94c78b3bad81b186f9,4,934,106.99382781982422,1,94.21392822265625,1
section_00_test_000275.wav,20260904T041741Z-98e45a94c78b3bad81b186f9-dg-e4196811230a-000014,edd64135af192423f061325b8a3379ffdaec3d004b575344e1cae05a98520646,target,anomaly,toolhead_collision,collision_x-min,20260904T041741Z-98e45a94c78b3bad81b186f9,4,934,128.697021484375,1,125.99959564208984,1
section_00_test_000276.wav,20260904T041741Z-98e45a94c78b3bad81b186f9-dg-e4196811230a-000037,27fb2fc2506409cc32f39b180fd4a83bcda21cac91546e9c8a6d5f9ea0a0e16a,target,anomaly,toolhead_collision,collision_x-min,20260904T041741Z-98e45a94c78b3bad81b186f9,4,934,127.69158172607422,1,130.0206298828125,1
section_00_test_000277.wav,20260904T051124Z-78b858c83cc199a82cf05f9a-dg-a34349efc09d-000013,f884d5bb916be9cf924a148f5a69fd39a9c984c2212055690509a8b2fc13e90b,target,anomaly,toolhead_collision,collision_x-max,20260904T051124Z-78b858c83cc199a82cf05f9a,4,934,105.18377685546875,1,89.88138580322266,1
section_00_test_000278.wav,20260904T051124Z-78b858c83cc199a82cf05f9a-dg-a34349efc09d-000034,a84fb3c4225f0a9c9b67a9023470b624143f3336af5b5c000231cf05ace7a729,target,anomaly,toolhead_collision,collision_x-max,20260904T051124Z-78b858c83cc199a82cf05f9a,4,934,120.60514068603516,1,92.52738189697266,1
section_00_test_000279.wav,20260904T051124Z-78b858c83cc199a82cf05f9a-dg-a34349efc09d-000056,d66c55364186ac185dd78ce4ee37e3e46755038665ec2ea2dc0f67cbb738bb23,target,anomaly,toolhead_collision,collision_x-max,20260904T051124Z-78b858c83cc199a82cf05f9a,4,934,109.90071868896484,1,100.4903793334961,1
section_00_test_000280.wav,20260904T054447Z-8072f6f8e5d3c14cc1ccbf80-dg-4dfa4b70d712-000045,c21b1ffc53d7f5fdf06772f0f913582ebd335fba31748fb6db90885762db2b19,target,anomaly,toolhead_collision,collision_y-max,20260904T054447Z-8072f6f8e5d3c14cc1ccbf80,4,934,150.45274353027344,1,139.00848388671875,1
section_00_test_000281.wav,20260904T054447Z-8072f6f8e5d3c14cc1ccbf80-dg-4dfa4b70d712-000060,80249c35dba43c711d084695c374388969e5576d6f5c009fb068e3f0efe00140,target,anomaly,toolhead_collision,collision_y-max,20260904T054447Z-8072f6f8e5d3c14cc1ccbf80,4,934,99.05374908447266,1,84.39032745361328,1
section_00_test_000282.wav,20260904T061543Z-b30bb3da9e9de761d2a45c4e-dg-15faaaa17cc1-000004,bd01c8ed4a34821b406b05fc718084113e1d1f81797e21e68fa9a36526dc29de,target,anomaly,toolhead_collision,collision_x-min-y-max,20260904T061543Z-b30bb3da9e9de761d2a45c4e,4,934,145.3785400390625,1,141.92002868652344,1
section_00_test_000283.wav,20260904T061543Z-b30bb3da9e9de761d2a45c4e-dg-15faaaa17cc1-000022,c65c41f236b0783643d44cc10dcedafd697f9c09d8cf1dd2fd847a69014d99ef,target,anomaly,toolhead_collision,collision_x-min-y-max,20260904T061543Z-b30bb3da9e9de761d2a45c4e,4,934,112.6319580078125,1,103.0756607055664,1
section_00_test_000284.wav,20260904T061543Z-b30bb3da9e9de761d2a45c4e-dg-15faaaa17cc1-000057,6af627c90690a561a8d696a66ece471c3ed0768687a31816dfcdc43759ac3a2d,target,anomaly,toolhead_collision,collision_x-min-y-max,20260904T061543Z-b30bb3da9e9de761d2a45c4e,4,934,131.6275177001953,1,123.68739318847656,1
section_00_test_000285.wav,20260904T065059Z-4724e8d91a9a89e1d78afb78-dg-c1d0d0238e6f-000001,d36f7a4600c69ffffa9632aabb26986980708708bf93b786c06f22dcb5564e59,target,anomaly,toolhead_collision,collision_x-max-y-max,20260904T065059Z-4724e8d91a9a89e1d78afb78,4,934,89.23326110839844,1,70.63053894042969,1
section_00_test_000286.wav,20260904T065059Z-4724e8d91a9a89e1d78afb78-dg-c1d0d0238e6f-000018,f2512ee0c7d384f147d9d57f6956e0d77174996feb54859c528ce7b734c9dcbc,target,anomaly,toolhead_collision,collision_x-max-y-max,20260904T065059Z-4724e8d91a9a89e1d78afb78,4,934,128.46018981933594,1,114.62342071533203,1
section_00_test_000287.wav,20260904T100827Z-e8ef9c656ea5667a80bdcfa9-dg-83ea56886dfd-000041,3fb7413f8c416d06eb6340e13915a85345d5755ea2dc8c113684f2fea577e8ff,target,anomaly,cooling_fan_fault,cooling_fan_fault,20260904T100827Z-e8ef9c656ea5667a80bdcfa9,4,934,20.330652236938477,1,4.563712120056152,1
section_00_test_000288.wav,20260904T100827Z-e8ef9c656ea5667a80bdcfa9-dg-83ea56886dfd-000048,aa98a9fb5c424190a934e89019f068568cf168ece46ec1d19835bcd7afcebf0e,target,anomaly,cooling_fan_fault,cooling_fan_fault,20260904T100827Z-e8ef9c656ea5667a80bdcfa9,4,934,19.361650466918945,1,3.105806827545166,1
section_00_test_000289.wav,20260904T100827Z-e8ef9c656ea5667a80bdcfa9-dg-83ea56886dfd-000057,df47d1d1b62ca8fd78eb615407a96ad94f8efe7eeab1fb01d5ac38bbcf849ac0,target,anomaly,cooling_fan_fault,cooling_fan_fault,20260904T100827Z-e8ef9c656ea5667a80bdcfa9,4,934,19.394515991210938,1,2.5040111541748047,1
section_00_test_000290.wav,20260904T100827Z-e8ef9c656ea5667a80bdcfa9-dg-83ea56886dfd-000058,423ebeeed8a24445f6b26ea99bdbee4a5c069ccaa5baa95c9cfb515b7c752875,target,anomaly,cooling_fan_fault,cooling_fan_fault,20260904T100827Z-e8ef9c656ea5667a80bdcfa9,4,934,19.5717716217041,1,3.1717708110809326,1
section_00_test_000291.wav,20260904T100827Z-e8ef9c656ea5667a80bdcfa9-dg-83ea56886dfd-000090,7d14e4e1fbb2978d479e1fc2e3ee28030ac8c04b8fe8fc36d19736372efd5010,target,anomaly,cooling_fan_fault,cooling_fan_fault,20260904T100827Z-e8ef9c656ea5667a80bdcfa9,4,934,19.2808895111084,1,2.6839776039123535,1
section_00_test_000292.wav,20260904T100827Z-e8ef9c656ea5667a80bdcfa9-dg-83ea56886dfd-000091,2714bbfc0f43b25e22afa72248c114e34569d2720353cd226328d1c4ce1fd686,target,anomaly,cooling_fan_fault,cooling_fan_fault,20260904T100827Z-e8ef9c656ea5667a80bdcfa9,4,934,19.339508056640625,1,2.7467989921569824,1
section_00_test_000293.wav,20260904T100827Z-e8ef9c656ea5667a80bdcfa9-dg-83ea56886dfd-000093,c685075b2761d906c13a38d235d0c21a82d0c8dd37b4387d91c5ceaf36a6d9cb,target,anomaly,cooling_fan_fault,cooling_fan_fault,20260904T100827Z-e8ef9c656ea5667a80bdcfa9,4,934,19.242149353027344,1,3.28017520904541,1
section_00_test_000294.wav,20260904T100827Z-e8ef9c656ea5667a80bdcfa9-dg-83ea56886dfd-000115,eb14cb5171920b5cb77487711352abbb1523efb0afb5474b6deccff040e44697,target,anomaly,cooling_fan_fault,cooling_fan_fault,20260904T100827Z-e8ef9c656ea5667a80bdcfa9,4,934,19.49911880493164,1,2.577643394470215,1
section_00_test_000295.wav,20260904T100827Z-e8ef9c656ea5667a80bdcfa9-dg-83ea56886dfd-000127,fa15e45f3a44ce959a41aa3dc3e299656c18719486c61a04ed079528ace4b48c,target,anomaly,cooling_fan_fault,cooling_fan_fault,20260904T100827Z-e8ef9c656ea5667a80bdcfa9,4,934,21.308908462524414,1,3.4131832122802734,1
section_00_test_000296.wav,20260904T100827Z-e8ef9c656ea5667a80bdcfa9-dg-83ea56886dfd-000134,4b073540b7adfb35dac9b4e90ce59e746f8486dd6d6d90acabf2ef638e77a17a,target,anomaly,cooling_fan_fault,cooling_fan_fault,20260904T100827Z-e8ef9c656ea5667a80bdcfa9,4,934,21.94152069091797,1,3.7690649032592773,1
section_00_test_000297.wav,20260904T100827Z-e8ef9c656ea5667a80bdcfa9-dg-83ea56886dfd-000135,9cc2402d0fc34cb28fa8f6f8aaceeab68a949f04358cbd2b82386481cb1d95c0,target,anomaly,cooling_fan_fault,cooling_fan_fault,20260904T100827Z-e8ef9c656ea5667a80bdcfa9,4,934,21.860727310180664,1,2.859384536743164,1
section_00_test_000298.wav,20260904T100827Z-e8ef9c656ea5667a80bdcfa9-dg-83ea56886dfd-000143,f8e9e6a5b8679c6ccd705e76a0841d6119179481093923fa94c55293fcf92d92,target,anomaly,cooling_fan_fault,cooling_fan_fault,20260904T100827Z-e8ef9c656ea5667a80bdcfa9,4,934,19.09622573852539,1,2.956761598587036,1
section_00_test_000299.wav,20260904T100827Z-e8ef9c656ea5667a80bdcfa9-dg-83ea56886dfd-000153,0eb81c4f6c8c21d37c273202c73c7c9b2912b7da22ed832f5e0cf9d779027ef5,target,anomaly,cooling_fan_fault,cooling_fan_fault,20260904T100827Z-e8ef9c656ea5667a80bdcfa9,4,934,24.898696899414062,1,5.248874187469482,1
section_00_test_000300.wav,20260901T155741Z-0df85415b97c4d70844c7d69-dg-7ef4e3096b6f-000006,bf3de21a43b010470db73970f0303d43098860498094c7bd416839a61e20b60f,target,normal,none,none,20260901T155741Z-0df85415b97c4d70844c7d69,3,934,23.072633743286133,1,13.440428733825684,1
section_00_test_000301.wav,20260901T155741Z-0df85415b97c4d70844c7d69-dg-7ef4e3096b6f-000016,9a87ac1b9d76f044b12f6080d83ce181f86e0f3d6b07ce5e567e4dc691904ff5,target,normal,none,none,20260901T155741Z-0df85415b97c4d70844c7d69,3,934,13.76317024230957,0,1.4557820558547974,1
section_00_test_000302.wav,20260901T155741Z-0df85415b97c4d70844c7d69-dg-7ef4e3096b6f-000018,2031c8dc198ae91cf4faae45db6083bb8b88f3ede5181cd156c87f6a90094c95,target,normal,none,none,20260901T155741Z-0df85415b97c4d70844c7d69,3,934,13.861716270446777,0,1.1263223886489868,1
section_00_test_000303.wav,20260901T155741Z-0df85415b97c4d70844c7d69-dg-7ef4e3096b6f-000019,90ec58d7b2c4d04c4f94843e26f07b79aadd697a79e95a1c7cc5cdfb55cd823e,target,normal,none,none,20260901T155741Z-0df85415b97c4d70844c7d69,3,934,13.748574256896973,0,1.9934108257293701,1
section_00_test_000304.wav,20260901T155741Z-0df85415b97c4d70844c7d69-dg-7ef4e3096b6f-000023,36c59f1d327e8ae1669b70ed3ce64580e990d7aad3b95a3a1b50030ef5389181,target,normal,none,none,20260901T155741Z-0df85415b97c4d70844c7d69,3,934,13.888408660888672,0,1.2037039995193481,1
section_00_test_000305.wav,20260901T155741Z-0df85415b97c4d70844c7d69-dg-7ef4e3096b6f-000025,bafcc4c9b0c62b96a742e9b94021ffb5f935dbfc6363f3576f3cd2cb981e91fc,target,normal,none,none,20260901T155741Z-0df85415b97c4d70844c7d69,3,934,14.072745323181152,0,1.7456111907958984,1
section_00_test_000306.wav,20260901T155741Z-0df85415b97c4d70844c7d69-dg-7ef4e3096b6f-000028,b66b21732db78b57c3b5ec1752ab51405b28751ef6cd478b10749a09d7c47009,target,normal,none,none,20260901T155741Z-0df85415b97c4d70844c7d69,3,934,13.968450546264648,0,1.6686573028564453,1
section_00_test_000307.wav,20260901T155741Z-0df85415b97c4d70844c7d69-dg-7ef4e3096b6f-000029,b28a4f0d1bb61db964d8598530a83562f77d3e6ac6c05616e9268821bb31a309,target,normal,none,none,20260901T155741Z-0df85415b97c4d70844c7d69,3,934,13.982595443725586,0,1.2850754261016846,1
section_00_test_000308.wav,20260901T155741Z-0df85415b97c4d70844c7d69-dg-7ef4e3096b6f-000031,3638641c5179c8d91d4fd7d902c356043d2fdae157e254f20cf7b09145ee9a3d,target,normal,none,none,20260901T155741Z-0df85415b97c4d70844c7d69,3,934,13.80905532836914,0,1.3967936038970947,1
section_00_test_000309.wav,20260901T155741Z-0df85415b97c4d70844c7d69-dg-7ef4e3096b6f-000036,b69fe2586caef974fb03223d338925ba45c912b5b63518894f432d53b695587f,target,normal,none,none,20260901T155741Z-0df85415b97c4d70844c7d69,3,934,13.96318531036377,0,1.468502402305603,1
section_00_test_000310.wav,20260901T155741Z-0df85415b97c4d70844c7d69-dg-7ef4e3096b6f-000038,090061ce56404a96a5b604582a066a13412c6628fca87ddf401dad82f2f88ce6,target,normal,none,none,20260901T155741Z-0df85415b97c4d70844c7d69,3,934,14.413592338562012,1,2.7973427772521973,1
section_00_test_000311.wav,20260901T155741Z-0df85415b97c4d70844c7d69-dg-7ef4e3096b6f-000039,26448d40a359e81a672f63c465e26d26f5d00e1ff20353a5b0ab8f0d16062c59,target,normal,none,none,20260901T155741Z-0df85415b97c4d70844c7d69,3,934,13.936135292053223,0,1.5782047510147095,1
section_00_test_000312.wav,20260901T155741Z-0df85415b97c4d70844c7d69-dg-7ef4e3096b6f-000043,aa4334f86de3096662e74b030455f279837a3e4ffeb824210a288de0e5921f8f,target,normal,none,none,20260901T155741Z-0df85415b97c4d70844c7d69,3,934,14.315472602844238,1,2.192439556121826,1
section_00_test_000313.wav,20260901T155741Z-0df85415b97c4d70844c7d69-dg-7ef4e3096b6f-000060,bd21c09c1f56170979501fc6daef37061d161659d5c9c9b38d5e4aa557125c99,target,normal,none,none,20260901T155741Z-0df85415b97c4d70844c7d69,3,934,13.735261917114258,0,1.9675912857055664,1
section_00_test_000314.wav,20260901T155741Z-0df85415b97c4d70844c7d69-dg-7ef4e3096b6f-000061,f2bea76c2635c5205683fd61ef1ecb27fc27b80d2b1a7d837dbec96b6f198816,target,normal,none,none,20260901T155741Z-0df85415b97c4d70844c7d69,3,934,13.812469482421875,0,2.1441726684570312,1
section_00_test_000315.wav,20260901T155741Z-0df85415b97c4d70844c7d69-dg-7ef4e3096b6f-000065,546c190f62e8ecceaa09ab5f94ec3eabc2b114d122c7d5d4629501e6db3c2e47,target,normal,none,none,20260901T155741Z-0df85415b97c4d70844c7d69,3,934,14.136967658996582,0,2.102201461791992,1
section_00_test_000316.wav,20260901T155741Z-0df85415b97c4d70844c7d69-dg-7ef4e3096b6f-000066,0c11c78e1b9a2dc50f06e691010b522bd6c30852970fba91614ae657dc4a95da,target,normal,none,none,20260901T155741Z-0df85415b97c4d70844c7d69,3,934,14.020923614501953,0,1.539176106452942,1
section_00_test_000317.wav,20260901T155741Z-0df85415b97c4d70844c7d69-dg-7ef4e3096b6f-000076,6c3904d7777b4fe1c65de3d42b1b32aaae0db9d1e9221c311e7c1995289996e7,target,normal,none,none,20260901T155741Z-0df85415b97c4d70844c7d69,3,934,14.034177780151367,0,1.4183356761932373,1
section_00_test_000318.wav,20260901T155741Z-0df85415b97c4d70844c7d69-dg-7ef4e3096b6f-000094,5b75b9f7640e0d23222bad7e44186f84fd32f837dc56259bd37b3b08c394e669,target,normal,none,none,20260901T155741Z-0df85415b97c4d70844c7d69,3,934,13.81535530090332,0,1.480538010597229,1
section_00_test_000319.wav,20260901T155741Z-0df85415b97c4d70844c7d69-dg-7ef4e3096b6f-000096,675258809c5c8889f16317c01722102fcc7ad364ca8ceafcb29f546090c651d8,target,normal,none,none,20260901T155741Z-0df85415b97c4d70844c7d69,3,934,13.53907299041748,0,1.1511985063552856,1
section_00_test_000320.wav,20260901T155741Z-0df85415b97c4d70844c7d69-dg-7ef4e3096b6f-000101,aa5d0534911629a4d00bbb9c91d82901058836b776259719f3bf2976c396cc8e,target,normal,none,none,20260901T155741Z-0df85415b97c4d70844c7d69,3,934,13.626062393188477,0,1.0054206848144531,1
section_00_test_000321.wav,20260901T155741Z-0df85415b97c4d70844c7d69-dg-7ef4e3096b6f-000102,20536735b5b48c6ee2dca78046b306c34846863d25d975dc3e0d1b994b15eeb5,target,normal,none,none,20260901T155741Z-0df85415b97c4d70844c7d69,3,934,13.589977264404297,0,0.8890379071235657,1
section_00_test_000322.wav,20260901T155741Z-0df85415b97c4d70844c7d69-dg-7ef4e3096b6f-000110,93fdffa3561e124d175a3c9165ccad479ee4683b34fe7a1588286d32bd57ce48,target,normal,none,none,20260901T155741Z-0df85415b97c4d70844c7d69,3,934,13.683084487915039,0,0.9355730414390564,1
section_00_test_000323.wav,20260901T155741Z-0df85415b97c4d70844c7d69-dg-7ef4e3096b6f-000113,23bf47af718d2ae50aca6c6db5cbccaa37554a30d5f193b926758f240d8c7eb9,target,normal,none,none,20260901T155741Z-0df85415b97c4d70844c7d69,3,934,13.789446830749512,0,1.1523431539535522,1
section_00_test_000324.wav,20260901T155741Z-0df85415b97c4d70844c7d69-dg-7ef4e3096b6f-000116,40b40b67ad0118c16325d111370ebc3dd0623505917cb6e7e25ddf0ed0c538d9,target,normal,none,none,20260901T155741Z-0df85415b97c4d70844c7d69,3,934,13.954168319702148,0,0.9632450938224792,1
section_00_test_000325.wav,20260901T155741Z-0df85415b97c4d70844c7d69-dg-7ef4e3096b6f-000120,bc9713809d6a67cdbb0cbb559d56455ae9bf14822a38d3750d94c422a6fe2534,target,normal,none,none,20260901T155741Z-0df85415b97c4d70844c7d69,3,934,13.967113494873047,0,1.1486412286758423,1
section_00_test_000326.wav,20260901T155741Z-0df85415b97c4d70844c7d69-dg-7ef4e3096b6f-000125,f75f8caa05e74096a060a7159e011b4fc333b69c793fd60d98f17e7269a52935,target,normal,none,none,20260901T155741Z-0df85415b97c4d70844c7d69,3,934,14.010680198669434,0,1.162260890007019,1
section_00_test_000327.wav,20260901T155741Z-0df85415b97c4d70844c7d69-dg-7ef4e3096b6f-000129,70029f00130ba06bffc4201fc1ad3d71b3e835010c3c635c11b130a5ae12ff62,target,normal,none,none,20260901T155741Z-0df85415b97c4d70844c7d69,3,934,13.832783699035645,0,1.196895956993103,1
section_00_test_000328.wav,20260901T155741Z-0df85415b97c4d70844c7d69-dg-7ef4e3096b6f-000130,28c489643bd9141d6670faa1f8d9cdd35a892a7a205a9f2fea961e837c8f38ee,target,normal,none,none,20260901T155741Z-0df85415b97c4d70844c7d69,3,934,13.565032958984375,0,1.163761854171753,1
section_00_test_000329.wav,20260901T155741Z-0df85415b97c4d70844c7d69-dg-7ef4e3096b6f-000133,7980c180c524c2ae5a506c346538b709638c681e1a2eb140f2632cffaeea0cfb,target,normal,none,none,20260901T155741Z-0df85415b97c4d70844c7d69,3,934,13.893644332885742,0,1.3966376781463623,1
section_00_test_000330.wav,20260901T155741Z-0df85415b97c4d70844c7d69-dg-7ef4e3096b6f-000135,bee5128aaae71ede29f50a3f3c62bc9be36814b9615015d52430a028d0dcb6db,target,normal,none,none,20260901T155741Z-0df85415b97c4d70844c7d69,3,934,13.848516464233398,0,1.333908200263977,1
section_00_test_000331.wav,20260901T155741Z-0df85415b97c4d70844c7d69-dg-7ef4e3096b6f-000137,da269f137fd54831cf29b5bd9786e807a92d74ec5448857b015737551034d1cd,target,normal,none,none,20260901T155741Z-0df85415b97c4d70844c7d69,3,934,13.914114952087402,0,1.4934511184692383,1
section_00_test_000332.wav,20260901T155741Z-0df85415b97c4d70844c7d69-dg-7ef4e3096b6f-000142,a5b7d3a3e7eb6b9a056b4bab24adf1848ebbd0e711d6c0e5aef9539a5d8781ba,target,normal,none,none,20260901T155741Z-0df85415b97c4d70844c7d69,3,934,13.874878883361816,0,1.4806976318359375,1
section_00_test_000333.wav,20260901T155741Z-0df85415b97c4d70844c7d69-dg-7ef4e3096b6f-000148,7a489b7241a75f10298bfb905350af62a331ea8cba94eceafc56f8cbe2ead815,target,normal,none,none,20260901T155741Z-0df85415b97c4d70844c7d69,3,934,13.92289924621582,0,1.3567588329315186,1
section_00_test_000334.wav,20260901T155741Z-0df85415b97c4d70844c7d69-dg-7ef4e3096b6f-000152,691510308879c41a498af3222f7d5f76b158057fcf635462b3eaa817db54742a,target,normal,none,none,20260901T155741Z-0df85415b97c4d70844c7d69,3,934,14.306051254272461,1,2.4030449390411377,1
section_00_test_000335.wav,20260901T155741Z-0df85415b97c4d70844c7d69-dg-7ef4e3096b6f-000153,ce491909d4c2f1f79ab1f3eaa33aafa2d44eca040425ce3d16bb8f112ce105c7,target,normal,none,none,20260901T155741Z-0df85415b97c4d70844c7d69,3,934,14.001421928405762,0,1.3475879430770874,1
section_00_test_000336.wav,20260901T155741Z-0df85415b97c4d70844c7d69-dg-7ef4e3096b6f-000157,14e373fbda15015128ad6b47100a8494e1fa536a4d33fa40fd6c910a3721a728,target,normal,none,none,20260901T155741Z-0df85415b97c4d70844c7d69,3,934,13.835078239440918,0,1.2871859073638916,1
section_00_test_000337.wav,20260901T155741Z-0df85415b97c4d70844c7d69-dg-7ef4e3096b6f-000161,3929c514bf6e7c7cb23093beea7fa1e83e173251c2718ba52f9229f78a9ce931,target,normal,none,none,20260901T155741Z-0df85415b97c4d70844c7d69,3,934,13.883363723754883,0,1.3346521854400635,1
section_00_test_000338.wav,20260901T155741Z-0df85415b97c4d70844c7d69-dg-7ef4e3096b6f-000170,5806ae77446aa15adb436a30bf58e1f66d8f09264d84dbee138c5b0558b94860,target,normal,none,none,20260901T155741Z-0df85415b97c4d70844c7d69,3,934,13.656373977661133,0,1.1782175302505493,1
section_00_test_000339.wav,20260901T155741Z-0df85415b97c4d70844c7d69-dg-7ef4e3096b6f-000171,47ac0b068bf7e8b452b266997bcb1c52ae1a8b696e55de5af1983be6db85cd54,target,normal,none,none,20260901T155741Z-0df85415b97c4d70844c7d69,3,934,13.765608787536621,0,1.0812095403671265,1
section_00_test_000340.wav,20260901T155741Z-0df85415b97c4d70844c7d69-dg-7ef4e3096b6f-000173,a281adf5583e1fca32024c49bad882475ed306ee8ccbd712c4c03d988bb023b5,target,normal,none,none,20260901T155741Z-0df85415b97c4d70844c7d69,3,934,13.843950271606445,0,1.9118937253952026,1
section_00_test_000341.wav,20260901T155741Z-0df85415b97c4d70844c7d69-dg-7ef4e3096b6f-000178,25aee18c2d8685aa09c3e0b5104a59e2544a9add45e15bea8d86d80b163810d8,target,normal,none,none,20260901T155741Z-0df85415b97c4d70844c7d69,3,934,13.838713645935059,0,2.3967795372009277,1
section_00_test_000342.wav,20260901T155741Z-0df85415b97c4d70844c7d69-dg-7ef4e3096b6f-000185,1c9f614e3479e24f086192b61b864241131d3f40f9f78fb947f650eca598c4ad,target,normal,none,none,20260901T155741Z-0df85415b97c4d70844c7d69,3,934,13.977911949157715,0,1.529686689376831,1
section_00_test_000343.wav,20260901T155741Z-0df85415b97c4d70844c7d69-dg-7ef4e3096b6f-000188,15c6756d5294d5de7363e670f154af7e9a693ced1b14336bc55666cae17486c7,target,normal,none,none,20260901T155741Z-0df85415b97c4d70844c7d69,3,934,13.662671089172363,0,1.1983160972595215,1
section_00_test_000344.wav,20260901T155741Z-0df85415b97c4d70844c7d69-dg-7ef4e3096b6f-000191,e341cbaa30ec67a84165fd8f0a3a61cfb5bc6a76ea2254bcf25cc694b4fc5fc9,target,normal,none,none,20260901T155741Z-0df85415b97c4d70844c7d69,3,934,14.349807739257812,1,2.4688704013824463,1
section_00_test_000345.wav,20260901T155741Z-0df85415b97c4d70844c7d69-dg-7ef4e3096b6f-000195,56f2eee64fd5e50e08e70674f8127f8315c2413b8409b72ceff4038315784f6d,target,normal,none,none,20260901T155741Z-0df85415b97c4d70844c7d69,3,934,14.10459041595459,0,1.0844444036483765,1
section_00_test_000346.wav,20260901T155741Z-0df85415b97c4d70844c7d69-dg-7ef4e3096b6f-000199,cdc53de51dcdd86e91ec6d9edd4b898db8c5b4c00ba83540593cd919986cb479,target,normal,none,none,20260901T155741Z-0df85415b97c4d70844c7d69,3,934,14.065567970275879,0,1.198257565498352,1
section_00_test_000347.wav,20260901T155741Z-0df85415b97c4d70844c7d69-dg-7ef4e3096b6f-000207,3ce0f9e23413b965843c64e07461aaf496d0380a681a30a1bc7af98a175bfea4,target,normal,none,none,20260901T155741Z-0df85415b97c4d70844c7d69,3,934,13.763721466064453,0,1.177091360092163,1
section_00_test_000348.wav,20260901T155741Z-0df85415b97c4d70844c7d69-dg-7ef4e3096b6f-000219,67816e65212611ac103199058fb208ba8de93c8a3e15b48109e0b36c7636b4d6,target,normal,none,none,20260901T155741Z-0df85415b97c4d70844c7d69,3,934,14.22592830657959,0,2.3046891689300537,1
section_00_test_000349.wav,20260901T155741Z-0df85415b97c4d70844c7d69-dg-7ef4e3096b6f-000220,f1528af21413ee194adbb84307a7daab924ad58ce18feec59f11301b0b9f062b,target,normal,none,none,20260901T155741Z-0df85415b97c4d70844c7d69,3,934,13.886853218078613,0,1.9666774272918701,1
section_00_test_000350.wav,20260901T155741Z-0df85415b97c4d70844c7d69-dg-7ef4e3096b6f-000001,218cdc61933f3a2ef29586b4e80d4af0c9e93afea29d72b45dee7537eeac1d7a,target,normal,none,none,20260901T155741Z-0df85415b97c4d70844c7d69,4,934,25.553054809570312,1,16.349884033203125,1
section_00_test_000351.wav,20260901T155741Z-0df85415b97c4d70844c7d69-dg-7ef4e3096b6f-000002,a6f6b54ae277cf8b6911e7f2b869ab585ab743ff70081cea6c7aa9ee37cc1499,target,normal,none,none,20260901T155741Z-0df85415b97c4d70844c7d69,4,934,26.241554260253906,1,15.607787132263184,1
section_00_test_000352.wav,20260901T155741Z-0df85415b97c4d70844c7d69-dg-7ef4e3096b6f-000008,d6785e8fce69de5aeab8d319bd0f664e1a522fcba354362d094650db841dbd40,target,normal,none,none,20260901T155741Z-0df85415b97c4d70844c7d69,4,934,18.595701217651367,1,3.459851026535034,1
section_00_test_000353.wav,20260901T155741Z-0df85415b97c4d70844c7d69-dg-7ef4e3096b6f-000011,3dc2062b2df23d549333daa8f2d7f8aad8e5e253d384194bede438e8291618d3,target,normal,none,none,20260901T155741Z-0df85415b97c4d70844c7d69,4,934,14.210171699523926,0,1.6155503988265991,1
section_00_test_000354.wav,20260901T155741Z-0df85415b97c4d70844c7d69-dg-7ef4e3096b6f-000012,680b77af455661b2d0edbe2116c3eb11aba5a20715e436eaa7c561bf8e42a1c9,target,normal,none,none,20260901T155741Z-0df85415b97c4d70844c7d69,4,934,14.009468078613281,0,2.841442108154297,1
section_00_test_000355.wav,20260901T155741Z-0df85415b97c4d70844c7d69-dg-7ef4e3096b6f-000013,0c1c0b192e1798acdcd5d5b95141a47962435943d1ccb710f2f1e1c918fce7a5,target,normal,none,none,20260901T155741Z-0df85415b97c4d70844c7d69,4,934,13.780547142028809,0,2.310837745666504,1
section_00_test_000356.wav,20260901T155741Z-0df85415b97c4d70844c7d69-dg-7ef4e3096b6f-000024,52ad3b121afa52fb8fabfe1bdbb8d6926312b66d72ef71665d0ed791cbe09bc6,target,normal,none,none,20260901T155741Z-0df85415b97c4d70844c7d69,4,934,14.041553497314453,0,1.6465630531311035,1
section_00_test_000357.wav,20260901T155741Z-0df85415b97c4d70844c7d69-dg-7ef4e3096b6f-000042,134743b88219b4930411a6d5a0b364b4ba487430f1173e720c8ad24abb493ae9,target,normal,none,none,20260901T155741Z-0df85415b97c4d70844c7d69,4,934,13.922587394714355,0,0.4978336691856384,1
section_00_test_000358.wav,20260901T155741Z-0df85415b97c4d70844c7d69-dg-7ef4e3096b6f-000046,3b2dc4c44c89ed17463eead2bce4a8627241cbfbbd03cbda914054d4bc8ba9f9,target,normal,none,none,20260901T155741Z-0df85415b97c4d70844c7d69,4,934,13.797653198242188,0,0.6785106658935547,1
section_00_test_000359.wav,20260901T155741Z-0df85415b97c4d70844c7d69-dg-7ef4e3096b6f-000047,ed414f1ed9c79a2cb00652aa5fa537c27540cced52abf7639a579f8a81c6cd6b,target,normal,none,none,20260901T155741Z-0df85415b97c4d70844c7d69,4,934,13.957284927368164,0,0.5443561673164368,1
section_00_test_000360.wav,20260901T155741Z-0df85415b97c4d70844c7d69-dg-7ef4e3096b6f-000051,8087f11f57f350f01c9e382fac588c0294e95cfb03dcc6df01b27e24beed859e,target,normal,none,none,20260901T155741Z-0df85415b97c4d70844c7d69,4,934,14.085857391357422,0,0.6180670261383057,1
section_00_test_000361.wav,20260901T155741Z-0df85415b97c4d70844c7d69-dg-7ef4e3096b6f-000052,5e7f563ec2e88da65bf721211328ce32e4489b801fbac4082eae2042fc371f47,target,normal,none,none,20260901T155741Z-0df85415b97c4d70844c7d69,4,934,13.916540145874023,0,0.5777477622032166,1
section_00_test_000362.wav,20260901T155741Z-0df85415b97c4d70844c7d69-dg-7ef4e3096b6f-000059,fbd7e7f8e01163cb16ff61ea9356e092e1915bbea2fec540635f0f174c6cce84,target,normal,none,none,20260901T155741Z-0df85415b97c4d70844c7d69,4,934,14.017261505126953,0,0.8701460361480713,1
section_00_test_000363.wav,20260901T155741Z-0df85415b97c4d70844c7d69-dg-7ef4e3096b6f-000063,65bf1b97fb386792142c307b708962ddb5c945b26407086246e8b9fa960bed41,target,normal,none,none,20260901T155741Z-0df85415b97c4d70844c7d69,4,934,14.039485931396484,0,1.172135829925537,1
section_00_test_000364.wav,20260901T155741Z-0df85415b97c4d70844c7d69-dg-7ef4e3096b6f-000071,874d5bcfcc27f4ee610f5a41436a15df5f885cfbe493b32eb6eeb455eaf4eadd,target,normal,none,none,20260901T155741Z-0df85415b97c4d70844c7d69,4,934,13.9166898727417,0,0.7072320580482483,1
section_00_test_000365.wav,20260901T155741Z-0df85415b97c4d70844c7d69-dg-7ef4e3096b6f-000075,c84d6369c779362e0cc6e9b1e13b5f1db07496007f9cdf32979d1a8d2f47d553,target,normal,none,none,20260901T155741Z-0df85415b97c4d70844c7d69,4,934,14.258577346801758,0,2.849214553833008,1
section_00_test_000366.wav,20260901T155741Z-0df85415b97c4d70844c7d69-dg-7ef4e3096b6f-000078,c849ce9d29d07a0dc169331e9126d7aac4d051c8dad40d12d1c77922c95bd330,target,normal,none,none,20260901T155741Z-0df85415b97c4d70844c7d69,4,934,13.819448471069336,0,0.7618662118911743,1
section_00_test_000367.wav,20260901T155741Z-0df85415b97c4d70844c7d69-dg-7ef4e3096b6f-000080,89b9666eef3f0cfa9a76aaa4bde904d21b207de1ef5c60ba82a3c68cf4a52966,target,normal,none,none,20260901T155741Z-0df85415b97c4d70844c7d69,4,934,14.151283264160156,0,0.9978395104408264,1
section_00_test_000368.wav,20260901T155741Z-0df85415b97c4d70844c7d69-dg-7ef4e3096b6f-000090,19078eb46911b4d4213d5652b9cc36193bf91d0058854282c0da7644806753bf,target,normal,none,none,20260901T155741Z-0df85415b97c4d70844c7d69,4,934,13.671174049377441,0,0.8488095998764038,1
section_00_test_000369.wav,20260901T155741Z-0df85415b97c4d70844c7d69-dg-7ef4e3096b6f-000095,d6d03fb8d96ccc781804bc6fe289e75c31a360cf25a28f84b86f3edeb91d3d8f,target,normal,none,none,20260901T155741Z-0df85415b97c4d70844c7d69,4,934,13.935745239257812,0,0.8857980370521545,1
section_00_test_000370.wav,20260901T155741Z-0df85415b97c4d70844c7d69-dg-7ef4e3096b6f-000099,778d0e3e64c433d8c9debce43cab93fd5e13bb933d790d4c41f1e9bd4672ddb5,target,normal,none,none,20260901T155741Z-0df85415b97c4d70844c7d69,4,934,14.13781452178955,0,0.8545076847076416,1
section_00_test_000371.wav,20260901T155741Z-0df85415b97c4d70844c7d69-dg-7ef4e3096b6f-000100,16f5863389b82a52bcff11716fb5fdd369db5768e14e3e84f0924aea43d88a46,target,normal,none,none,20260901T155741Z-0df85415b97c4d70844c7d69,4,934,14.178057670593262,0,1.6028965711593628,1
section_00_test_000372.wav,20260901T155741Z-0df85415b97c4d70844c7d69-dg-7ef4e3096b6f-000106,dd3aff4636cd9ce585e930d98a813fd89a984faf93c33b571d782ab9a62e336d,target,normal,none,none,20260901T155741Z-0df85415b97c4d70844c7d69,4,934,14.017744064331055,0,1.2106788158416748,1
section_00_test_000373.wav,20260901T155741Z-0df85415b97c4d70844c7d69-dg-7ef4e3096b6f-000109,46d331dc22307a6f6af97df3c1d77b13f65dc286444a3670dd1ffcb5b2dbbe31,target,normal,none,none,20260901T155741Z-0df85415b97c4d70844c7d69,4,934,13.689239501953125,0,1.4486353397369385,1
section_00_test_000374.wav,20260901T155741Z-0df85415b97c4d70844c7d69-dg-7ef4e3096b6f-000112,86c7d087261fcb6c6bc009ddf5467702ba0ef82daae2d2139cc1458f0fc47fc1,target,normal,none,none,20260901T155741Z-0df85415b97c4d70844c7d69,4,934,14.586871147155762,1,0.9528502225875854,1
section_00_test_000375.wav,20260901T155741Z-0df85415b97c4d70844c7d69-dg-7ef4e3096b6f-000115,fa3d4bf7af7a04eb20045fcddd829663432cca8db60c6e8cfb943f92da745ffd,target,normal,none,none,20260901T155741Z-0df85415b97c4d70844c7d69,4,934,14.32793140411377,1,1.3091914653778076,1
section_00_test_000376.wav,20260901T155741Z-0df85415b97c4d70844c7d69-dg-7ef4e3096b6f-000118,f571fc094c121def1af43e578732a0dfa74ddb045fdc7fee3b207a11b2aa32d0,target,normal,none,none,20260901T155741Z-0df85415b97c4d70844c7d69,4,934,14.370685577392578,1,1.2437349557876587,1
section_00_test_000377.wav,20260901T155741Z-0df85415b97c4d70844c7d69-dg-7ef4e3096b6f-000122,3574ef39a0faec9b2f1701281ac07e1814cd47a2136b1aa7f58a16165f2528e0,target,normal,none,none,20260901T155741Z-0df85415b97c4d70844c7d69,4,934,13.76374626159668,0,0.6847897171974182,1
section_00_test_000378.wav,20260901T155741Z-0df85415b97c4d70844c7d69-dg-7ef4e3096b6f-000124,4917b3ec0cdc99a34de83b1df29f8701000ed4f1e2ddc54efa8db1663e3fc8bd,target,normal,none,none,20260901T155741Z-0df85415b97c4d70844c7d69,4,934,14.106842041015625,0,1.0529206991195679,1
section_00_test_000379.wav,20260901T155741Z-0df85415b97c4d70844c7d69-dg-7ef4e3096b6f-000132,b6d44690fcca18c18c723ba41015ac384aa4ac2d55e601d4e93a9d552399baea,target,normal,none,none,20260901T155741Z-0df85415b97c4d70844c7d69,4,934,14.123356819152832,0,0.9654645919799805,1
section_00_test_000380.wav,20260901T155741Z-0df85415b97c4d70844c7d69-dg-7ef4e3096b6f-000136,6ba0a6a2cafaf0e56ad0afcbfa5cf3e57143f08f89e970cd8c9bbe42407de801,target,normal,none,none,20260901T155741Z-0df85415b97c4d70844c7d69,4,934,14.26036548614502,0,0.9884463548660278,1
section_00_test_000381.wav,20260901T155741Z-0df85415b97c4d70844c7d69-dg-7ef4e3096b6f-000138,4ee75c4872383841e2cf427f3d98151e3057ef31b55dcfd79bff19c551e7015e,target,normal,none,none,20260901T155741Z-0df85415b97c4d70844c7d69,4,934,14.553050994873047,1,1.0376667976379395,1
section_00_test_000382.wav,20260901T155741Z-0df85415b97c4d70844c7d69-dg-7ef4e3096b6f-000139,537776d22bfdaf974a74e974e28ec27f4f1e5aa2a08d10057a8babea4ae57b51,target,normal,none,none,20260901T155741Z-0df85415b97c4d70844c7d69,4,934,14.214859008789062,0,1.347575068473816,1
section_00_test_000383.wav,20260901T155741Z-0df85415b97c4d70844c7d69-dg-7ef4e3096b6f-000144,9dc3928a40009198ff9dbc9bec71c0e74ae865885ea4f16637bff9156705b627,target,normal,none,none,20260901T155741Z-0df85415b97c4d70844c7d69,4,934,14.805336952209473,1,1.4213814735412598,1
section_00_test_000384.wav,20260901T155741Z-0df85415b97c4d70844c7d69-dg-7ef4e3096b6f-000145,01b6e87146460473e4618583b4742008783b7455232f989d87cb7dd7afff18b6,target,normal,none,none,20260901T155741Z-0df85415b97c4d70844c7d69,4,934,14.441113471984863,1,1.0966767072677612,1
section_00_test_000385.wav,20260901T155741Z-0df85415b97c4d70844c7d69-dg-7ef4e3096b6f-000164,4b0becdfd833a327be438ec4935f9a90d15655b18c157c8cb725b9cedc5f1d4c,target,normal,none,none,20260901T155741Z-0df85415b97c4d70844c7d69,4,934,14.478973388671875,1,1.3805315494537354,1
section_00_test_000386.wav,20260901T155741Z-0df85415b97c4d70844c7d69-dg-7ef4e3096b6f-000165,bdbc1d11a31d0833f6f027ff1d77482bd777a324dfa092ef08a951953dd0d99d,target,normal,none,none,20260901T155741Z-0df85415b97c4d70844c7d69,4,934,14.374567985534668,1,0.9243550896644592,1
section_00_test_000387.wav,20260901T155741Z-0df85415b97c4d70844c7d69-dg-7ef4e3096b6f-000167,bed63eeec81636aff23bbe7e668db6837866df3f502e6f8dc71291451f645e69,target,normal,none,none,20260901T155741Z-0df85415b97c4d70844c7d69,4,934,14.507040023803711,1,0.965573251247406,1
section_00_test_000388.wav,20260901T155741Z-0df85415b97c4d70844c7d69-dg-7ef4e3096b6f-000172,a7f101a6cc30e3e9276f6150f8377889a1a3e0649a4366f4581893cc04e0d121,target,normal,none,none,20260901T155741Z-0df85415b97c4d70844c7d69,4,934,14.981999397277832,1,1.2114083766937256,1
section_00_test_000389.wav,20260901T155741Z-0df85415b97c4d70844c7d69-dg-7ef4e3096b6f-000186,07d849e1173a13fd0e02ceb47dfbc5c9a54075248fabef5499cebcb868b87fc7,target,normal,none,none,20260901T155741Z-0df85415b97c4d70844c7d69,4,934,14.405082702636719,1,1.0704022645950317,1
section_00_test_000390.wav,20260901T155741Z-0df85415b97c4d70844c7d69-dg-7ef4e3096b6f-000190,bd0482e3679b86a9824800fbb92405df58a2e546ba03656107f91137322fe497,target,normal,none,none,20260901T155741Z-0df85415b97c4d70844c7d69,4,934,14.832621574401855,1,1.326010823249817,1
section_00_test_000391.wav,20260901T155741Z-0df85415b97c4d70844c7d69-dg-7ef4e3096b6f-000194,1579380d8d42dae1604f86ed63f94273e4417b475a4429bb8d80952aae76c6e0,target,normal,none,none,20260901T155741Z-0df85415b97c4d70844c7d69,4,934,14.901844024658203,1,1.3322691917419434,1
section_00_test_000392.wav,20260901T155741Z-0df85415b97c4d70844c7d69-dg-7ef4e3096b6f-000196,db1094587b338f7cb5dd5a825ef059ab15f185ed5be07f5852f405dd0aa071dd,target,normal,none,none,20260901T155741Z-0df85415b97c4d70844c7d69,4,934,14.560216903686523,1,1.1300524473190308,1
section_00_test_000393.wav,20260901T155741Z-0df85415b97c4d70844c7d69-dg-7ef4e3096b6f-000204,a11ce7a6f037d25345f6f9379c446e9638e29d4003cfa1f94a1e84eb275cf92b,target,normal,none,none,20260901T155741Z-0df85415b97c4d70844c7d69,4,934,14.765138626098633,1,1.5167161226272583,1
section_00_test_000394.wav,20260901T155741Z-0df85415b97c4d70844c7d69-dg-7ef4e3096b6f-000208,d46e919136f1d99542b1fd7b75e8f25e65c8b4aefd7b075867eed871a4c8f70c,target,normal,none,none,20260901T155741Z-0df85415b97c4d70844c7d69,4,934,14.74953842163086,1,1.5414124727249146,1
section_00_test_000395.wav,20260901T155741Z-0df85415b97c4d70844c7d69-dg-7ef4e3096b6f-000210,8c73e6fb33b7dd3d135ca8df39ca74566147e9b44df7174c1a9e41c8b74bcf18,target,normal,none,none,20260901T155741Z-0df85415b97c4d70844c7d69,4,934,14.53857421875,1,1.634617567062378,1
section_00_test_000396.wav,20260901T155741Z-0df85415b97c4d70844c7d69-dg-7ef4e3096b6f-000211,ba075398652fdc2fa4f5b2d5949ad5f0409a77dd886487db09656dcef5bd4ed6,target,normal,none,none,20260901T155741Z-0df85415b97c4d70844c7d69,4,934,15.087432861328125,1,2.196521520614624,1
section_00_test_000397.wav,20260901T155741Z-0df85415b97c4d70844c7d69-dg-7ef4e3096b6f-000213,18e7e1842fc0e9dd38300389e475f993cc24fd7684b5bb8e06ad7ca2c5071083,target,normal,none,none,20260901T155741Z-0df85415b97c4d70844c7d69,4,934,15.640128135681152,1,2.2173867225646973,1
section_00_test_000398.wav,20260901T155741Z-0df85415b97c4d70844c7d69-dg-7ef4e3096b6f-000215,6eb094858c0c5a82749d22f7cf720d1b08b55e50440d29456962f6324f73ed30,target,normal,none,none,20260901T155741Z-0df85415b97c4d70844c7d69,4,934,15.531007766723633,1,2.6699564456939697,1
section_00_test_000399.wav,20260901T155741Z-0df85415b97c4d70844c7d69-dg-7ef4e3096b6f-000217,f29fccafd0562e6945b92cf51a0bd7af7cd7af6ce02e3e6213d4f7862f5d3e6b,target,normal,none,none,20260901T155741Z-0df85415b97c4d70844c7d69,4,934,15.29970932006836,1,3.055269241333008,1
