sample_id,partition,domain,label,printer_id,session_id,clip_uid,channel_id,fault_family,fault_subtype,speed_profile,collection_slot,microphone_position,condition,audio_path,destination_audio_path,mono_wav_sha256,bytes,start_source_frame,end_source_frame_exclusive,source_interleaved_wav_sha256,fault_overlap_sec,fault_overlap_ratio,anchor_revision,anchor_source,delta_seconds
section_00_test_000000,test,source,anomaly,A,20260902T113658Z-5cd2a6303f5dae6ce01d87e6,20260902T113658Z-5cd2a6303f5dae6ce01d87e6-dg-ceeb2f587436-000099,1,belt_tension_abnormal,belt_a,slow,belt-a-low-v1-slow,rear,soft-anomaly,clipped/audio_event_clean/anomaly/20260902T113658Z-5cd2a6303f5dae6ce01d87e6-dg-ceeb2f587436-000099_ch1.wav,3DPrinter/test/section_00_test_000000.wav,564b5a68ce64f23d77e9aae7a48d001a097cea941e34fb99bdb1c7a49271085b,960044,52476000,52956000,7d1c6f3d36f032ab0037a369c6c69592f2e4d0d0111596836e4e72c6d906f01b,10.0,1.0,8fee36bc6d37c163a1d523508a9549c72deda41703d22f9a5fb470c35e6ab2eb,saved_rule_based,0.45
section_00_test_000001,test,source,anomaly,A,20260902T113658Z-5cd2a6303f5dae6ce01d87e6,20260902T113658Z-5cd2a6303f5dae6ce01d87e6-dg-ceeb2f587436-000164,1,belt_tension_abnormal,belt_a,slow,belt-a-low-v1-slow,rear,soft-anomaly,clipped/audio_event_clean/anomaly/20260902T113658Z-5cd2a6303f5dae6ce01d87e6-dg-ceeb2f587436-000164_ch1.wav,3DPrinter/test/section_00_test_000001.wav,0a74709615a65e336084fe2f4b1e66901382bc437ff05b2361f02ea64c9a2f37,960044,83676000,84156000,7d1c6f3d36f032ab0037a369c6c69592f2e4d0d0111596836e4e72c6d906f01b,10.0,1.0,8fee36bc6d37c163a1d523508a9549c72deda41703d22f9a5fb470c35e6ab2eb,saved_rule_based,0.45
section_00_test_000002,test,source,anomaly,A,20260902T113658Z-5cd2a6303f5dae6ce01d87e6,20260902T113658Z-5cd2a6303f5dae6ce01d87e6-dg-ceeb2f587436-000252,1,belt_tension_abnormal,belt_a,slow,belt-a-low-v1-slow,rear,soft-anomaly,clipped/audio_event_clean/anomaly/20260902T113658Z-5cd2a6303f5dae6ce01d87e6-dg-ceeb2f587436-000252_ch1.wav,3DPrinter/test/section_00_test_000002.wav,24a08ced24acb9fa971adf8b576420844dbef556d52567b191651988d92943b0,960044,125916000,126396000,7d1c6f3d36f032ab0037a369c6c69592f2e4d0d0111596836e4e72c6d906f01b,3.7,0.37,8fee36bc6d37c163a1d523508a9549c72deda41703d22f9a5fb470c35e6ab2eb,saved_rule_based,0.45
section_00_test_000003,test,source,anomaly,A,20260902T150846Z-1f009e7170a39e476d00295e,20260902T150846Z-1f009e7170a39e476d00295e-dg-3eb00ce080ce-000150,1,belt_tension_abnormal,belt_a_b,slow,belt-ab-low-v1-slow,rear,soft-anomaly,clipped/audio_event_clean/anomaly/20260902T150846Z-1f009e7170a39e476d00295e-dg-3eb00ce080ce-000150_ch1.wav,3DPrinter/test/section_00_test_000003.wav,607f219faa0d5e452195b06b2481715d5de486e1960dc7f14db21e06da0f96d0,960044,77536800,78016800,21dd23656ac82a6da017ad579fe0cbbc3357e73799889a4ccfd32609da453ec5,10.0,1.0,4043d6c10ead7a04b9a26957193a0e553b8ebe481baeaba2da2dd971f7bdb2d2,saved_rule_based,0.53
section_00_test_000004,test,source,anomaly,A,20260902T150846Z-1f009e7170a39e476d00295e,20260902T150846Z-1f009e7170a39e476d00295e-dg-3eb00ce080ce-000263,1,belt_tension_abnormal,belt_a_b,slow,belt-ab-low-v1-slow,rear,soft-anomaly,clipped/audio_event_clean/anomaly/20260902T150846Z-1f009e7170a39e476d00295e-dg-3eb00ce080ce-000263_ch1.wav,3DPrinter/test/section_00_test_000004.wav,b197972253d8ab907aff5a57c91e31d35a6e5b644f19661833af846f6468ceb8,960044,131776800,132256800,21dd23656ac82a6da017ad579fe0cbbc3357e73799889a4ccfd32609da453ec5,9.02,0.902,4043d6c10ead7a04b9a26957193a0e553b8ebe481baeaba2da2dd971f7bdb2d2,saved_rule_based,0.53
section_00_test_000005,test,source,anomaly,A,20260903T030549Z-98b1b9182d11940d83367c1e,20260903T030549Z-98b1b9182d11940d83367c1e-dg-6a9b67dfdbaa-000182,1,belt_tension_abnormal,belt_b,slow,belt-b-low-v1-slow,rear,soft-anomaly,clipped/audio_event_clean/anomaly/20260903T030549Z-98b1b9182d11940d83367c1e-dg-6a9b67dfdbaa-000182_ch1.wav,3DPrinter/test/section_00_test_000005.wav,aec8fa2257b63c29fc15ea51653ca1737ce18f281d885757ad3ad08a3fbf2286,960044,2158020000,2158500000,6f27cbbaba64bdec4488c313c8dc46325cd5aa8d188c8f65d6514494d2809a58,10.0,1.0,0f367f6f945b931435357fa94eeeba4ee07fc86099122c02093ae2b7b1ade0c5,saved_rule_based,0.37
section_00_test_000006,test,source,anomaly,A,20260903T030549Z-98b1b9182d11940d83367c1e,20260903T030549Z-98b1b9182d11940d83367c1e-dg-6a9b67dfdbaa-000297,1,belt_tension_abnormal,belt_b,slow,belt-b-low-v1-slow,rear,soft-anomaly,clipped/audio_event_clean/anomaly/20260903T030549Z-98b1b9182d11940d83367c1e-dg-6a9b67dfdbaa-000297_ch1.wav,3DPrinter/test/section_00_test_000006.wav,6cb007fd20886e856ada134b55ccf21e4543e931262ebfbbadb149d05e347da6,960044,2213220000,2213700000,6f27cbbaba64bdec4488c313c8dc46325cd5aa8d188c8f65d6514494d2809a58,3.13,0.313,0f367f6f945b931435357fa94eeeba4ee07fc86099122c02093ae2b7b1ade0c5,saved_rule_based,0.37
section_00_test_000007,test,source,anomaly,A,20260904T023248Z-e4f57cc181c50ce5de5083f0,20260904T023248Z-e4f57cc181c50ce5de5083f0-dg-51a9f718e8e6-000010,1,extruder_cogging_or_no_extrusion,extruder_cogging_or_no_extrusion,slow,extruder-cogging-slow,rear,hard-anomaly,clipped/audio_event_clean/anomaly/20260904T023248Z-e4f57cc181c50ce5de5083f0-dg-51a9f718e8e6-000010_ch1.wav,3DPrinter/test/section_00_test_000007.wav,944a31ac9e347746d941c9c8d8285b67d49bce847193fe33719c4c65f5a42b50,960044,28872000,29352000,2b69a62bce15ae678c6958457824f42210e0513ba72cf9a2c14c8920bd8d939b,10.0,1.0,10e7b0d86882ec514c9aad6d8d5cb308f5039ec1c47db4874abfcfb640df24f3,saved_rule_based,0.43
section_00_test_000008,test,source,anomaly,A,20260904T023248Z-e4f57cc181c50ce5de5083f0,20260904T023248Z-e4f57cc181c50ce5de5083f0-dg-51a9f718e8e6-000038,1,extruder_cogging_or_no_extrusion,extruder_cogging_or_no_extrusion,slow,extruder-cogging-slow,rear,hard-anomaly,clipped/audio_event_clean/anomaly/20260904T023248Z-e4f57cc181c50ce5de5083f0-dg-51a9f718e8e6-000038_ch1.wav,3DPrinter/test/section_00_test_000008.wav,4817996d8077e00763c9c03dec91629279cf3817aacb86e573f7e7b4e815338a,960044,42312000,42792000,2b69a62bce15ae678c6958457824f42210e0513ba72cf9a2c14c8920bd8d939b,9.75,0.975,10e7b0d86882ec514c9aad6d8d5cb308f5039ec1c47db4874abfcfb640df24f3,saved_rule_based,0.43
section_00_test_000009,test,source,anomaly,A,20260904T023248Z-e4f57cc181c50ce5de5083f0,20260904T023248Z-e4f57cc181c50ce5de5083f0-dg-51a9f718e8e6-000158,1,extruder_cogging_or_no_extrusion,extruder_cogging_or_no_extrusion,slow,extruder-cogging-slow,rear,hard-anomaly,clipped/audio_event_clean/anomaly/20260904T023248Z-e4f57cc181c50ce5de5083f0-dg-51a9f718e8e6-000158_ch1.wav,3DPrinter/test/section_00_test_000009.wav,b0901c1c964e121d6db10a781b37b3347a2692a47d251f837f201d0b7533cc62,960044,99912000,100392000,2b69a62bce15ae678c6958457824f42210e0513ba72cf9a2c14c8920bd8d939b,9.0,0.9,10e7b0d86882ec514c9aad6d8d5cb308f5039ec1c47db4874abfcfb640df24f3,saved_rule_based,0.43
section_00_test_000010,test,source,anomaly,A,20260904T023248Z-e4f57cc181c50ce5de5083f0,20260904T023248Z-e4f57cc181c50ce5de5083f0-dg-51a9f718e8e6-000192,1,extruder_cogging_or_no_extrusion,extruder_cogging_or_no_extrusion,slow,extruder-cogging-slow,rear,hard-anomaly,clipped/audio_event_clean/anomaly/20260904T023248Z-e4f57cc181c50ce5de5083f0-dg-51a9f718e8e6-000192_ch1.wav,3DPrinter/test/section_00_test_000010.wav,d70e7030afed691ce399a4abcd797fdf9bea5c3ddfc5784412cbcccb6fc57d45,960044,116232000,116712000,2b69a62bce15ae678c6958457824f42210e0513ba72cf9a2c14c8920bd8d939b,10.0,1.0,10e7b0d86882ec514c9aad6d8d5cb308f5039ec1c47db4874abfcfb640df24f3,saved_rule_based,0.43
section_00_test_000011,test,source,anomaly,A,20260904T023248Z-e4f57cc181c50ce5de5083f0,20260904T023248Z-e4f57cc181c50ce5de5083f0-dg-51a9f718e8e6-000229,1,extruder_cogging_or_no_extrusion,extruder_cogging_or_no_extrusion,slow,extruder-cogging-slow,rear,hard-anomaly,clipped/audio_event_clean/anomaly/20260904T023248Z-e4f57cc181c50ce5de5083f0-dg-51a9f718e8e6-000229_ch1.wav,3DPrinter/test/section_00_test_000011.wav,09527174eca28557091442b384627e13e3069abfc5e4389ead51e91347fca82a,960044,133992000,134472000,2b69a62bce15ae678c6958457824f42210e0513ba72cf9a2c14c8920bd8d939b,9.0,0.9,10e7b0d86882ec514c9aad6d8d5cb308f5039ec1c47db4874abfcfb640df24f3,saved_rule_based,0.43
section_00_test_000012,test,source,anomaly,A,20260904T023248Z-e4f57cc181c50ce5de5083f0,20260904T023248Z-e4f57cc181c50ce5de5083f0-dg-51a9f718e8e6-000299,1,extruder_cogging_or_no_extrusion,extruder_cogging_or_no_extrusion,slow,extruder-cogging-slow,rear,hard-anomaly,clipped/audio_event_clean/anomaly/20260904T023248Z-e4f57cc181c50ce5de5083f0-dg-51a9f718e8e6-000299_ch1.wav,3DPrinter/test/section_00_test_000012.wav,0a10ded03141e4b78cf330c5dab5c57f53d398869324b0d3b2f2f24da21283ef,960044,167592000,168072000,2b69a62bce15ae678c6958457824f42210e0513ba72cf9a2c14c8920bd8d939b,9.5,0.95,10e7b0d86882ec514c9aad6d8d5cb308f5039ec1c47db4874abfcfb640df24f3,saved_rule_based,0.43
section_00_test_000013,test,source,anomaly,A,20260904T040119Z-4cdc81e466740a74f1f6baac,20260904T040119Z-4cdc81e466740a74f1f6baac-dg-adac458214dc-000015,1,toolhead_collision,collision_x-min,slow,toolhead-collision-x-min-slow,rear,hard-anomaly,clipped/audio_event_clean/anomaly/20260904T040119Z-4cdc81e466740a74f1f6baac-dg-adac458214dc-000015_ch1.wav,3DPrinter/test/section_00_test_000013.wav,a8ed7b33074fca3ab0dc0980c8ee8cb40e5972de08874efc79e2804a12980ff6,960044,286192800,286672800,7d694037690d5175f323e8b2ca905a7cb88663b4c2be7009f5ef4df1ca6d71a3,1.74,0.174,,frozen_r3_collision,1.14
section_00_test_000014,test,source,anomaly,A,20260904T044923Z-90b63b04e5d3d1f66294dc66,20260904T044923Z-90b63b04e5d3d1f66294dc66-dg-99b65841e18e-000060,1,toolhead_collision,collision_x-max,slow,toolhead-collision-x-max-slow,rear,hard-anomaly,clipped/audio_event_clean/anomaly/20260904T044923Z-90b63b04e5d3d1f66294dc66-dg-99b65841e18e-000060_ch1.wav,3DPrinter/test/section_00_test_000014.wav,bb8fcde66a4278e3873b6419d0a69819661c15200712af52280dce9a0cb80ab2,960044,32536800,33016800,3a963473e2728453bc231457a966c5c576dcb10972f2106cebe364a4e88ae80e,1.82,0.182,,frozen_r3_collision,1.26
section_00_test_000015,test,source,anomaly,A,20260904T044923Z-90b63b04e5d3d1f66294dc66,20260904T044923Z-90b63b04e5d3d1f66294dc66-dg-99b65841e18e-000106,1,toolhead_collision,collision_x-max,slow,toolhead-collision-x-max-slow,rear,hard-anomaly,clipped/audio_event_clean/anomaly/20260904T044923Z-90b63b04e5d3d1f66294dc66-dg-99b65841e18e-000106_ch1.wav,3DPrinter/test/section_00_test_000015.wav,2d211717f2ef68709c913dd9052acdce07e90ff3377bad26054274da3e160138,960044,54616800,55096800,3a963473e2728453bc231457a966c5c576dcb10972f2106cebe364a4e88ae80e,0.55,0.055,,frozen_r3_collision,1.26
section_00_test_000016,test,source,anomaly,A,20260904T055653Z-74710c8152a4852d848845f9,20260904T055653Z-74710c8152a4852d848845f9-dg-567e962f781c-000017,1,toolhead_collision,collision_x-min-y-max,slow,toolhead-collision-x-min-y-max-slow,rear,hard-anomaly,clipped/audio_event_clean/anomaly/20260904T055653Z-74710c8152a4852d848845f9-dg-567e962f781c-000017_ch1.wav,3DPrinter/test/section_00_test_000016.wav,aaf9d3f27a4fc802553a61f453f1cfc75f6064110a9fabe4d1ccfb877b96760a,960044,206296800,206776800,e03d896e858bff252166ee040b0bdaa9bf000adc51ee90193aa4cfdaf3009b7d,2.52,0.252,,frozen_r3_collision,1.06
section_00_test_000017,test,source,anomaly,A,20260904T055653Z-74710c8152a4852d848845f9,20260904T055653Z-74710c8152a4852d848845f9-dg-567e962f781c-000036,1,toolhead_collision,collision_x-min-y-max,slow,toolhead-collision-x-min-y-max-slow,rear,hard-anomaly,clipped/audio_event_clean/anomaly/20260904T055653Z-74710c8152a4852d848845f9-dg-567e962f781c-000036_ch1.wav,3DPrinter/test/section_00_test_000017.wav,ab5f6f190a617ddd5bef623836c4169c8be58023832be4af676e6fffa00ce254,960044,215416800,215896800,e03d896e858bff252166ee040b0bdaa9bf000adc51ee90193aa4cfdaf3009b7d,0.9657916666666667,0.09657916666666666,,frozen_r3_collision,1.06
section_00_test_000018,test,source,anomaly,A,20260904T062654Z-d44184f7882d19b2cb3afc01,20260904T062654Z-d44184f7882d19b2cb3afc01-dg-07f766054aed-000094,1,toolhead_collision,collision_x-max-y-max,slow,toolhead-collision-x-max-y-max-slow,rear,hard-anomaly,clipped/audio_event_clean/anomaly/20260904T062654Z-d44184f7882d19b2cb3afc01-dg-07f766054aed-000094_ch1.wav,3DPrinter/test/section_00_test_000018.wav,0c9b420ec4949799187ee0210389f91290bb20a2eba28475a6389f3c27af2ccf,960044,329668800,330148800,0f94e02441173447eae7c5c689a439394d864f13f8548b3a48c191bc896e195f,1.28,0.128,,frozen_r3_collision,1.16
section_00_test_000019,test,source,anomaly,A,20260904T091528Z-44bec438009cc4b39c102f7f,20260904T091528Z-44bec438009cc4b39c102f7f-dg-31ef0e17064a-000054,1,cooling_fan_fault,cooling_fan_fault,slow,fan-blade-damage-bilateral-v3-slow,rear,hard-anomaly,clipped/audio_event_clean/anomaly/20260904T091528Z-44bec438009cc4b39c102f7f-dg-31ef0e17064a-000054_ch1.wav,3DPrinter/test/section_00_test_000019.wav,69847a996edd2849371d68fcef9d82d818d4183a185b51a8191a01a10d4a7555,960044,795952800,796432800,ebf73b178cf19b81d954538ac0f6ab947777a0451e3ae1bcd1701129968b07b2,10.0,1.0,6ffd13c8e1dd06392bd57a21a5ed75971878ee84347a06c4e7f13d5a6d1edca4,saved_rule_based,0.49
section_00_test_000020,test,source,anomaly,A,20260904T091528Z-44bec438009cc4b39c102f7f,20260904T091528Z-44bec438009cc4b39c102f7f-dg-31ef0e17064a-000071,1,cooling_fan_fault,cooling_fan_fault,slow,fan-blade-damage-bilateral-v3-slow,rear,hard-anomaly,clipped/audio_event_clean/anomaly/20260904T091528Z-44bec438009cc4b39c102f7f-dg-31ef0e17064a-000071_ch1.wav,3DPrinter/test/section_00_test_000020.wav,3c6b2bca3232de14253da7f2c813f7f5a433202105e760be12dfae18cdc69942,960044,804112800,804592800,ebf73b178cf19b81d954538ac0f6ab947777a0451e3ae1bcd1701129968b07b2,10.0,1.0,6ffd13c8e1dd06392bd57a21a5ed75971878ee84347a06c4e7f13d5a6d1edca4,saved_rule_based,0.49
section_00_test_000021,test,source,anomaly,A,20260904T091528Z-44bec438009cc4b39c102f7f,20260904T091528Z-44bec438009cc4b39c102f7f-dg-31ef0e17064a-000076,1,cooling_fan_fault,cooling_fan_fault,slow,fan-blade-damage-bilateral-v3-slow,rear,hard-anomaly,clipped/audio_event_clean/anomaly/20260904T091528Z-44bec438009cc4b39c102f7f-dg-31ef0e17064a-000076_ch1.wav,3DPrinter/test/section_00_test_000021.wav,7d35498cc1ad21aef9e3e6c68064c960a1f25623c19c7cb5bdaac103e469b348,960044,806512800,806992800,ebf73b178cf19b81d954538ac0f6ab947777a0451e3ae1bcd1701129968b07b2,10.0,1.0,6ffd13c8e1dd06392bd57a21a5ed75971878ee84347a06c4e7f13d5a6d1edca4,saved_rule_based,0.49
section_00_test_000022,test,source,anomaly,A,20260904T091528Z-44bec438009cc4b39c102f7f,20260904T091528Z-44bec438009cc4b39c102f7f-dg-31ef0e17064a-000127,1,cooling_fan_fault,cooling_fan_fault,slow,fan-blade-damage-bilateral-v3-slow,rear,hard-anomaly,clipped/audio_event_clean/anomaly/20260904T091528Z-44bec438009cc4b39c102f7f-dg-31ef0e17064a-000127_ch1.wav,3DPrinter/test/section_00_test_000022.wav,49467807595528d3e79745809d7f367528ecf1872d74886351245738ad464f68,960044,830992800,831472800,ebf73b178cf19b81d954538ac0f6ab947777a0451e3ae1bcd1701129968b07b2,10.0,1.0,6ffd13c8e1dd06392bd57a21a5ed75971878ee84347a06c4e7f13d5a6d1edca4,saved_rule_based,0.49
section_00_test_000023,test,source,anomaly,A,20260904T091528Z-44bec438009cc4b39c102f7f,20260904T091528Z-44bec438009cc4b39c102f7f-dg-31ef0e17064a-000269,1,cooling_fan_fault,cooling_fan_fault,slow,fan-blade-damage-bilateral-v3-slow,rear,hard-anomaly,clipped/audio_event_clean/anomaly/20260904T091528Z-44bec438009cc4b39c102f7f-dg-31ef0e17064a-000269_ch1.wav,3DPrinter/test/section_00_test_000023.wav,079c46ad8463738b9a4839efbc57b1f0994fcbd86fd81024861d740f156c6891,960044,899152800,899632800,ebf73b178cf19b81d954538ac0f6ab947777a0451e3ae1bcd1701129968b07b2,10.0,1.0,6ffd13c8e1dd06392bd57a21a5ed75971878ee84347a06c4e7f13d5a6d1edca4,saved_rule_based,0.49
section_00_test_000024,test,source,anomaly,A,20260904T091528Z-44bec438009cc4b39c102f7f,20260904T091528Z-44bec438009cc4b39c102f7f-dg-31ef0e17064a-000293,1,cooling_fan_fault,cooling_fan_fault,slow,fan-blade-damage-bilateral-v3-slow,rear,hard-anomaly,clipped/audio_event_clean/anomaly/20260904T091528Z-44bec438009cc4b39c102f7f-dg-31ef0e17064a-000293_ch1.wav,3DPrinter/test/section_00_test_000024.wav,eb9ac6a8ae48ab7ce2fdc697fa4fd45de7a9d3c4cbd8acb1f5277f00d93045f6,960044,910672800,911152800,ebf73b178cf19b81d954538ac0f6ab947777a0451e3ae1bcd1701129968b07b2,10.0,1.0,6ffd13c8e1dd06392bd57a21a5ed75971878ee84347a06c4e7f13d5a6d1edca4,saved_rule_based,0.49
section_00_test_000025,test,source,anomaly,A,20260902T113658Z-5cd2a6303f5dae6ce01d87e6,20260902T113658Z-5cd2a6303f5dae6ce01d87e6-dg-ceeb2f587436-000051,3,belt_tension_abnormal,belt_a,slow,belt-a-low-v1-slow,front,soft-anomaly,clipped/audio_event_clean/anomaly/20260902T113658Z-5cd2a6303f5dae6ce01d87e6-dg-ceeb2f587436-000051_ch3.wav,3DPrinter/test/section_00_test_000025.wav,bd273bf0179e4f3fd45b757b8f0e6cdbf4939be5a583b4237a602e5cabd2c083,960044,29436000,29916000,7d1c6f3d36f032ab0037a369c6c69592f2e4d0d0111596836e4e72c6d906f01b,8.85,0.885,8fee36bc6d37c163a1d523508a9549c72deda41703d22f9a5fb470c35e6ab2eb,saved_rule_based,0.45
section_00_test_000026,test,source,anomaly,A,20260902T113658Z-5cd2a6303f5dae6ce01d87e6,20260902T113658Z-5cd2a6303f5dae6ce01d87e6-dg-ceeb2f587436-000188,3,belt_tension_abnormal,belt_a,slow,belt-a-low-v1-slow,front,soft-anomaly,clipped/audio_event_clean/anomaly/20260902T113658Z-5cd2a6303f5dae6ce01d87e6-dg-ceeb2f587436-000188_ch3.wav,3DPrinter/test/section_00_test_000026.wav,e3fb05900c652166b0bb82c7da9b1bad2aab7f6ccc1dd36d0691dc81b03f464a,960044,95196000,95676000,7d1c6f3d36f032ab0037a369c6c69592f2e4d0d0111596836e4e72c6d906f01b,6.95,0.695,8fee36bc6d37c163a1d523508a9549c72deda41703d22f9a5fb470c35e6ab2eb,saved_rule_based,0.45
section_00_test_000027,test,source,anomaly,A,20260902T150846Z-1f009e7170a39e476d00295e,20260902T150846Z-1f009e7170a39e476d00295e-dg-3eb00ce080ce-000212,3,belt_tension_abnormal,belt_a_b,slow,belt-ab-low-v1-slow,front,soft-anomaly,clipped/audio_event_clean/anomaly/20260902T150846Z-1f009e7170a39e476d00295e-dg-3eb00ce080ce-000212_ch3.wav,3DPrinter/test/section_00_test_000027.wav,ff021f224f2553e19408a7359e25488476f591d526b3154e70ec5bfa0351d3b4,960044,107296800,107776800,21dd23656ac82a6da017ad579fe0cbbc3357e73799889a4ccfd32609da453ec5,10.0,1.0,4043d6c10ead7a04b9a26957193a0e553b8ebe481baeaba2da2dd971f7bdb2d2,saved_rule_based,0.53
section_00_test_000028,test,source,anomaly,A,20260902T150846Z-1f009e7170a39e476d00295e,20260902T150846Z-1f009e7170a39e476d00295e-dg-3eb00ce080ce-000231,3,belt_tension_abnormal,belt_a_b,slow,belt-ab-low-v1-slow,front,soft-anomaly,clipped/audio_event_clean/anomaly/20260902T150846Z-1f009e7170a39e476d00295e-dg-3eb00ce080ce-000231_ch3.wav,3DPrinter/test/section_00_test_000028.wav,693f7e49ac9793cd0d08631e6c5c45deba13303d91542cb03b6200afce8b76fc,960044,116416800,116896800,21dd23656ac82a6da017ad579fe0cbbc3357e73799889a4ccfd32609da453ec5,10.0,1.0,4043d6c10ead7a04b9a26957193a0e553b8ebe481baeaba2da2dd971f7bdb2d2,saved_rule_based,0.53
section_00_test_000029,test,source,anomaly,A,20260903T030549Z-98b1b9182d11940d83367c1e,20260903T030549Z-98b1b9182d11940d83367c1e-dg-6a9b67dfdbaa-000027,3,belt_tension_abnormal,belt_b,slow,belt-b-low-v1-slow,front,soft-anomaly,clipped/audio_event_clean/anomaly/20260903T030549Z-98b1b9182d11940d83367c1e-dg-6a9b67dfdbaa-000027_ch3.wav,3DPrinter/test/section_00_test_000029.wav,4c8fba38af219780a799bacb957a8d5a717ade731fef55c92c0f6a7d07dbb635,960044,2083620000,2084100000,6f27cbbaba64bdec4488c313c8dc46325cd5aa8d188c8f65d6514494d2809a58,5.32,0.532,0f367f6f945b931435357fa94eeeba4ee07fc86099122c02093ae2b7b1ade0c5,saved_rule_based,0.37
section_00_test_000030,test,source,anomaly,A,20260903T030549Z-98b1b9182d11940d83367c1e,20260903T030549Z-98b1b9182d11940d83367c1e-dg-6a9b67dfdbaa-000247,3,belt_tension_abnormal,belt_b,slow,belt-b-low-v1-slow,front,soft-anomaly,clipped/audio_event_clean/anomaly/20260903T030549Z-98b1b9182d11940d83367c1e-dg-6a9b67dfdbaa-000247_ch3.wav,3DPrinter/test/section_00_test_000030.wav,87c12e533b4821aca4cb0b6bdd2d595335815c7ddd60ed50af53b04ff26d0bc0,960044,2189220000,2189700000,6f27cbbaba64bdec4488c313c8dc46325cd5aa8d188c8f65d6514494d2809a58,10.0,1.0,0f367f6f945b931435357fa94eeeba4ee07fc86099122c02093ae2b7b1ade0c5,saved_rule_based,0.37
section_00_test_000031,test,source,anomaly,A,20260904T023248Z-e4f57cc181c50ce5de5083f0,20260904T023248Z-e4f57cc181c50ce5de5083f0-dg-51a9f718e8e6-000141,3,extruder_cogging_or_no_extrusion,extruder_cogging_or_no_extrusion,slow,extruder-cogging-slow,front,hard-anomaly,clipped/audio_event_clean/anomaly/20260904T023248Z-e4f57cc181c50ce5de5083f0-dg-51a9f718e8e6-000141_ch3.wav,3DPrinter/test/section_00_test_000031.wav,c87984c6da2eb566f95536444f9286e29b8be2889e3df4734f36b85a155e71d1,960044,91752000,92232000,2b69a62bce15ae678c6958457824f42210e0513ba72cf9a2c14c8920bd8d939b,9.75,0.975,10e7b0d86882ec514c9aad6d8d5cb308f5039ec1c47db4874abfcfb640df24f3,saved_rule_based,0.43
section_00_test_000032,test,source,anomaly,A,20260904T023248Z-e4f57cc181c50ce5de5083f0,20260904T023248Z-e4f57cc181c50ce5de5083f0-dg-51a9f718e8e6-000145,3,extruder_cogging_or_no_extrusion,extruder_cogging_or_no_extrusion,slow,extruder-cogging-slow,front,hard-anomaly,clipped/audio_event_clean/anomaly/20260904T023248Z-e4f57cc181c50ce5de5083f0-dg-51a9f718e8e6-000145_ch3.wav,3DPrinter/test/section_00_test_000032.wav,8ff8b089cb00b79eddf1afd17c5481a8e63f89553adb458eb26e963d800be021,960044,93672000,94152000,2b69a62bce15ae678c6958457824f42210e0513ba72cf9a2c14c8920bd8d939b,9.25,0.925,10e7b0d86882ec514c9aad6d8d5cb308f5039ec1c47db4874abfcfb640df24f3,saved_rule_based,0.43
section_00_test_000033,test,source,anomaly,A,20260904T023248Z-e4f57cc181c50ce5de5083f0,20260904T023248Z-e4f57cc181c50ce5de5083f0-dg-51a9f718e8e6-000157,3,extruder_cogging_or_no_extrusion,extruder_cogging_or_no_extrusion,slow,extruder-cogging-slow,front,hard-anomaly,clipped/audio_event_clean/anomaly/20260904T023248Z-e4f57cc181c50ce5de5083f0-dg-51a9f718e8e6-000157_ch3.wav,3DPrinter/test/section_00_test_000033.wav,03551415cb903fdb9c1f968be21a9e6c3d6b3d44745dc14c3ae4853a06fc3be2,960044,99432000,99912000,2b69a62bce15ae678c6958457824f42210e0513ba72cf9a2c14c8920bd8d939b,10.0,1.0,10e7b0d86882ec514c9aad6d8d5cb308f5039ec1c47db4874abfcfb640df24f3,saved_rule_based,0.43
section_00_test_000034,test,source,anomaly,A,20260904T023248Z-e4f57cc181c50ce5de5083f0,20260904T023248Z-e4f57cc181c50ce5de5083f0-dg-51a9f718e8e6-000197,3,extruder_cogging_or_no_extrusion,extruder_cogging_or_no_extrusion,slow,extruder-cogging-slow,front,hard-anomaly,clipped/audio_event_clean/anomaly/20260904T023248Z-e4f57cc181c50ce5de5083f0-dg-51a9f718e8e6-000197_ch3.wav,3DPrinter/test/section_00_test_000034.wav,92146dab7aa9366c46b66d4e4ab740658aefc6a42c447689f82545dabbab6c27,960044,118632000,119112000,2b69a62bce15ae678c6958457824f42210e0513ba72cf9a2c14c8920bd8d939b,10.0,1.0,10e7b0d86882ec514c9aad6d8d5cb308f5039ec1c47db4874abfcfb640df24f3,saved_rule_based,0.43
section_00_test_000035,test,source,anomaly,A,20260904T023248Z-e4f57cc181c50ce5de5083f0,20260904T023248Z-e4f57cc181c50ce5de5083f0-dg-51a9f718e8e6-000267,3,extruder_cogging_or_no_extrusion,extruder_cogging_or_no_extrusion,slow,extruder-cogging-slow,front,hard-anomaly,clipped/audio_event_clean/anomaly/20260904T023248Z-e4f57cc181c50ce5de5083f0-dg-51a9f718e8e6-000267_ch3.wav,3DPrinter/test/section_00_test_000035.wav,a79ae17c1aefb33ae7fd79b9928d615bb835861f66316ca0fc7f12d6a13918c3,960044,152232000,152712000,2b69a62bce15ae678c6958457824f42210e0513ba72cf9a2c14c8920bd8d939b,9.5,0.95,10e7b0d86882ec514c9aad6d8d5cb308f5039ec1c47db4874abfcfb640df24f3,saved_rule_based,0.43
section_00_test_000036,test,source,anomaly,A,20260904T023248Z-e4f57cc181c50ce5de5083f0,20260904T023248Z-e4f57cc181c50ce5de5083f0-dg-51a9f718e8e6-000294,3,extruder_cogging_or_no_extrusion,extruder_cogging_or_no_extrusion,slow,extruder-cogging-slow,front,hard-anomaly,clipped/audio_event_clean/anomaly/20260904T023248Z-e4f57cc181c50ce5de5083f0-dg-51a9f718e8e6-000294_ch3.wav,3DPrinter/test/section_00_test_000036.wav,a0824567e808d3166a80a15d8d5580d70e502fa785d09039381334e921bf42a1,960044,165192000,165672000,2b69a62bce15ae678c6958457824f42210e0513ba72cf9a2c14c8920bd8d939b,10.0,1.0,10e7b0d86882ec514c9aad6d8d5cb308f5039ec1c47db4874abfcfb640df24f3,saved_rule_based,0.43
section_00_test_000037,test,source,anomaly,A,20260904T040119Z-4cdc81e466740a74f1f6baac,20260904T040119Z-4cdc81e466740a74f1f6baac-dg-adac458214dc-000077,3,toolhead_collision,collision_x-min,slow,toolhead-collision-x-min-slow,front,hard-anomaly,clipped/audio_event_clean/anomaly/20260904T040119Z-4cdc81e466740a74f1f6baac-dg-adac458214dc-000077_ch3.wav,3DPrinter/test/section_00_test_000037.wav,486e5b3ce0ea74e3b17ce07a0f974439177068ea92a856b5bdef9facb7f6c89b,960044,315952800,316432800,7d694037690d5175f323e8b2ca905a7cb88663b4c2be7009f5ef4df1ca6d71a3,2.04,0.204,,frozen_r3_collision,1.14
section_00_test_000038,test,source,anomaly,A,20260904T044923Z-90b63b04e5d3d1f66294dc66,20260904T044923Z-90b63b04e5d3d1f66294dc66-dg-99b65841e18e-000041,3,toolhead_collision,collision_x-max,slow,toolhead-collision-x-max-slow,front,hard-anomaly,clipped/audio_event_clean/anomaly/20260904T044923Z-90b63b04e5d3d1f66294dc66-dg-99b65841e18e-000041_ch3.wav,3DPrinter/test/section_00_test_000038.wav,4da931344404f2f496fb67ffdd5e48b207cfd783775da23d7c4da6aa3cb8e3f6,960044,23416800,23896800,3a963473e2728453bc231457a966c5c576dcb10972f2106cebe364a4e88ae80e,1.48,0.148,,frozen_r3_collision,1.26
section_00_test_000039,test,source,anomaly,A,20260904T052346Z-cf82510cb5ad09c24a480a98,20260904T052346Z-cf82510cb5ad09c24a480a98-dg-1dbc5091a828-000024,3,toolhead_collision,collision_y-max,slow,toolhead-collision-y-max-slow,front,hard-anomaly,clipped/audio_event_clean/anomaly/20260904T052346Z-cf82510cb5ad09c24a480a98-dg-1dbc5091a828-000024_ch3.wav,3DPrinter/test/section_00_test_000039.wav,59e0636c48617816305cd8d68a1ef4b979ea68f6c8e31536e052d8c67835d16e,960044,114256800,114736800,5d3b7933c72f2f74ee84439a6b12535b73567756741ae434c65a2e05e4e05c94,0.5,0.05,,frozen_r3_collision,1.28
section_00_test_000040,test,source,anomaly,A,20260904T052346Z-cf82510cb5ad09c24a480a98,20260904T052346Z-cf82510cb5ad09c24a480a98-dg-1dbc5091a828-000112,3,toolhead_collision,collision_y-max,slow,toolhead-collision-y-max-slow,front,hard-anomaly,clipped/audio_event_clean/anomaly/20260904T052346Z-cf82510cb5ad09c24a480a98-dg-1dbc5091a828-000112_ch3.wav,3DPrinter/test/section_00_test_000040.wav,35e92010016541a4feadbe4695a1eb8e8384e7e28c816afbc11b02d4f91db3de,960044,156496800,156976800,5d3b7933c72f2f74ee84439a6b12535b73567756741ae434c65a2e05e4e05c94,0.54,0.054,,frozen_r3_collision,1.28
section_00_test_000041,test,source,anomaly,A,20260904T055653Z-74710c8152a4852d848845f9,20260904T055653Z-74710c8152a4852d848845f9-dg-567e962f781c-000075,3,toolhead_collision,collision_x-min-y-max,slow,toolhead-collision-x-min-y-max-slow,front,hard-anomaly,clipped/audio_event_clean/anomaly/20260904T055653Z-74710c8152a4852d848845f9-dg-567e962f781c-000075_ch3.wav,3DPrinter/test/section_00_test_000041.wav,b297b0f494d3c98469287a31c8a7c7b616f347228a00335f7fb0635c1a36837e,960044,234136800,234616800,e03d896e858bff252166ee040b0bdaa9bf000adc51ee90193aa4cfdaf3009b7d,2.74,0.274,,frozen_r3_collision,1.06
section_00_test_000042,test,source,anomaly,A,20260904T062654Z-d44184f7882d19b2cb3afc01,20260904T062654Z-d44184f7882d19b2cb3afc01-dg-07f766054aed-000073,3,toolhead_collision,collision_x-max-y-max,slow,toolhead-collision-x-max-y-max-slow,front,hard-anomaly,clipped/audio_event_clean/anomaly/20260904T062654Z-d44184f7882d19b2cb3afc01-dg-07f766054aed-000073_ch3.wav,3DPrinter/test/section_00_test_000042.wav,69e74850b54fe7f73a67ed78be5b6dbac6303785a8cee6c8fd74351b08d80180,960044,319588800,320068800,0f94e02441173447eae7c5c689a439394d864f13f8548b3a48c191bc896e195f,1.04,0.104,,frozen_r3_collision,1.16
section_00_test_000043,test,source,anomaly,A,20260904T091528Z-44bec438009cc4b39c102f7f,20260904T091528Z-44bec438009cc4b39c102f7f-dg-31ef0e17064a-000023,3,cooling_fan_fault,cooling_fan_fault,slow,fan-blade-damage-bilateral-v3-slow,front,hard-anomaly,clipped/audio_event_clean/anomaly/20260904T091528Z-44bec438009cc4b39c102f7f-dg-31ef0e17064a-000023_ch3.wav,3DPrinter/test/section_00_test_000043.wav,187ce8795f39b307cc05d43f2ed4ae9c1d2d62613932ca3b10c32b3540699514,960044,781072800,781552800,ebf73b178cf19b81d954538ac0f6ab947777a0451e3ae1bcd1701129968b07b2,10.0,1.0,6ffd13c8e1dd06392bd57a21a5ed75971878ee84347a06c4e7f13d5a6d1edca4,saved_rule_based,0.49
section_00_test_000044,test,source,anomaly,A,20260904T091528Z-44bec438009cc4b39c102f7f,20260904T091528Z-44bec438009cc4b39c102f7f-dg-31ef0e17064a-000086,3,cooling_fan_fault,cooling_fan_fault,slow,fan-blade-damage-bilateral-v3-slow,front,hard-anomaly,clipped/audio_event_clean/anomaly/20260904T091528Z-44bec438009cc4b39c102f7f-dg-31ef0e17064a-000086_ch3.wav,3DPrinter/test/section_00_test_000044.wav,276d38bc1c06229db746c7bb1074a23d2f8bccf5d33109393b33c6154be5d201,960044,811312800,811792800,ebf73b178cf19b81d954538ac0f6ab947777a0451e3ae1bcd1701129968b07b2,10.0,1.0,6ffd13c8e1dd06392bd57a21a5ed75971878ee84347a06c4e7f13d5a6d1edca4,saved_rule_based,0.49
section_00_test_000045,test,source,anomaly,A,20260904T091528Z-44bec438009cc4b39c102f7f,20260904T091528Z-44bec438009cc4b39c102f7f-dg-31ef0e17064a-000139,3,cooling_fan_fault,cooling_fan_fault,slow,fan-blade-damage-bilateral-v3-slow,front,hard-anomaly,clipped/audio_event_clean/anomaly/20260904T091528Z-44bec438009cc4b39c102f7f-dg-31ef0e17064a-000139_ch3.wav,3DPrinter/test/section_00_test_000045.wav,0523f1bd758f8d46a08a0d1a693e1f57a4e9dd69841c432ea3366edb02989241,960044,836752800,837232800,ebf73b178cf19b81d954538ac0f6ab947777a0451e3ae1bcd1701129968b07b2,10.0,1.0,6ffd13c8e1dd06392bd57a21a5ed75971878ee84347a06c4e7f13d5a6d1edca4,saved_rule_based,0.49
section_00_test_000046,test,source,anomaly,A,20260904T091528Z-44bec438009cc4b39c102f7f,20260904T091528Z-44bec438009cc4b39c102f7f-dg-31ef0e17064a-000160,3,cooling_fan_fault,cooling_fan_fault,slow,fan-blade-damage-bilateral-v3-slow,front,hard-anomaly,clipped/audio_event_clean/anomaly/20260904T091528Z-44bec438009cc4b39c102f7f-dg-31ef0e17064a-000160_ch3.wav,3DPrinter/test/section_00_test_000046.wav,2586fd7889f316e9d8b985192efbf3c4ac77d115124bd5477ff479b0149d182c,960044,846832800,847312800,ebf73b178cf19b81d954538ac0f6ab947777a0451e3ae1bcd1701129968b07b2,10.0,1.0,6ffd13c8e1dd06392bd57a21a5ed75971878ee84347a06c4e7f13d5a6d1edca4,saved_rule_based,0.49
section_00_test_000047,test,source,anomaly,A,20260904T091528Z-44bec438009cc4b39c102f7f,20260904T091528Z-44bec438009cc4b39c102f7f-dg-31ef0e17064a-000162,3,cooling_fan_fault,cooling_fan_fault,slow,fan-blade-damage-bilateral-v3-slow,front,hard-anomaly,clipped/audio_event_clean/anomaly/20260904T091528Z-44bec438009cc4b39c102f7f-dg-31ef0e17064a-000162_ch3.wav,3DPrinter/test/section_00_test_000047.wav,dfbfe74c0e40146fd97c01816cf3ac164f6ead80b01d52575c8f4d177a2dd36b,960044,847792800,848272800,ebf73b178cf19b81d954538ac0f6ab947777a0451e3ae1bcd1701129968b07b2,10.0,1.0,6ffd13c8e1dd06392bd57a21a5ed75971878ee84347a06c4e7f13d5a6d1edca4,saved_rule_based,0.49
section_00_test_000048,test,source,anomaly,A,20260904T091528Z-44bec438009cc4b39c102f7f,20260904T091528Z-44bec438009cc4b39c102f7f-dg-31ef0e17064a-000183,3,cooling_fan_fault,cooling_fan_fault,slow,fan-blade-damage-bilateral-v3-slow,front,hard-anomaly,clipped/audio_event_clean/anomaly/20260904T091528Z-44bec438009cc4b39c102f7f-dg-31ef0e17064a-000183_ch3.wav,3DPrinter/test/section_00_test_000048.wav,d12f0c4cefbbd779e6e10594e1a47ef0f38abcdf4ab407359c916a58a9f8b617,960044,857872800,858352800,ebf73b178cf19b81d954538ac0f6ab947777a0451e3ae1bcd1701129968b07b2,10.0,1.0,6ffd13c8e1dd06392bd57a21a5ed75971878ee84347a06c4e7f13d5a6d1edca4,saved_rule_based,0.49
section_00_test_000049,test,source,anomaly,A,20260904T091528Z-44bec438009cc4b39c102f7f,20260904T091528Z-44bec438009cc4b39c102f7f-dg-31ef0e17064a-000198,3,cooling_fan_fault,cooling_fan_fault,slow,fan-blade-damage-bilateral-v3-slow,front,hard-anomaly,clipped/audio_event_clean/anomaly/20260904T091528Z-44bec438009cc4b39c102f7f-dg-31ef0e17064a-000198_ch3.wav,3DPrinter/test/section_00_test_000049.wav,be52ea1564d1808ad35e6e9f9839c497f4834cf88be02bf6049f0166896f30d7,960044,865072800,865552800,ebf73b178cf19b81d954538ac0f6ab947777a0451e3ae1bcd1701129968b07b2,10.0,1.0,6ffd13c8e1dd06392bd57a21a5ed75971878ee84347a06c4e7f13d5a6d1edca4,saved_rule_based,0.49
section_00_test_000050,test,source,anomaly,B,20260905T050107Z-563e5602acd70612935e3840,20260905T050107Z-563e5602acd70612935e3840-dg-d53fa15b5842-000011,1,belt_tension_abnormal,belt_b,slow,belt-b-low-v1-slow,rear,soft-anomaly,clipped/audio_event_clean/anomaly/20260905T050107Z-563e5602acd70612935e3840-dg-d53fa15b5842-000011_ch1.wav,3DPrinter/test/section_00_test_000050.wav,97d9bb8f160b89f200200c01fde15870627927a6005593a7dcb4e281b48b8b9f,960044,2471104800,2471584800,8668aa0bfb3d6867cca43d22dae55085000d4bdbe2635e63e9dd69323e2c09a3,5.54,0.554,a26a9ffe4e7a0b59045eb8f7f1313cd165b9ca438023de304162e35158cd3f27,saved_rule_based,1.69
section_00_test_000051,test,source,anomaly,B,20260905T050107Z-563e5602acd70612935e3840,20260905T050107Z-563e5602acd70612935e3840-dg-d53fa15b5842-000160,1,belt_tension_abnormal,belt_b,slow,belt-b-low-v1-slow,rear,soft-anomaly,clipped/audio_event_clean/anomaly/20260905T050107Z-563e5602acd70612935e3840-dg-d53fa15b5842-000160_ch1.wav,3DPrinter/test/section_00_test_000051.wav,a562f5fd07fe1bb6a09279abe569378d05c5e9f28685213fabe6ddf718327616,960044,2542624800,2543104800,8668aa0bfb3d6867cca43d22dae55085000d4bdbe2635e63e9dd69323e2c09a3,10.0,1.0,a26a9ffe4e7a0b59045eb8f7f1313cd165b9ca438023de304162e35158cd3f27,saved_rule_based,1.69
section_00_test_000052,test,source,anomaly,B,20260905T065117Z-ff4c5a98a32203bfe9f91cab,20260905T065117Z-ff4c5a98a32203bfe9f91cab-dg-83942617f0a8-000005,1,belt_tension_abnormal,belt_a_b,slow,belt-ab-low-v1-slow,rear,soft-anomaly,clipped/audio_event_clean/anomaly/20260905T065117Z-ff4c5a98a32203bfe9f91cab-dg-83942617f0a8-000005_ch1.wav,3DPrinter/test/section_00_test_000052.wav,8037ccd82a08ceda0f85c68197125af9a85422fb8bc2fa075d6d8573edefc0cc,960044,2785512000,2785992000,92de93e0cbea87c2f48d37c5741755f781726b98528c47ada12d4bd51bbccff6,10.0,1.0,d2262272fd8b566f5255c759d9b8842f189ef0913408fc9e392ff2be6ee50e06,saved_rule_based,1.63
section_00_test_000053,test,source,anomaly,B,20260905T065117Z-ff4c5a98a32203bfe9f91cab,20260905T065117Z-ff4c5a98a32203bfe9f91cab-dg-83942617f0a8-000143,1,belt_tension_abnormal,belt_a_b,slow,belt-ab-low-v1-slow,rear,soft-anomaly,clipped/audio_event_clean/anomaly/20260905T065117Z-ff4c5a98a32203bfe9f91cab-dg-83942617f0a8-000143_ch1.wav,3DPrinter/test/section_00_test_000053.wav,cc1bf6bc1c7abbe6bc58fd8988e620be866e709dc5e9dfb19a1cbfb5abf9773e,960044,2851752000,2852232000,92de93e0cbea87c2f48d37c5741755f781726b98528c47ada12d4bd51bbccff6,10.0,1.0,d2262272fd8b566f5255c759d9b8842f189ef0913408fc9e392ff2be6ee50e06,saved_rule_based,1.63
section_00_test_000054,test,source,anomaly,B,20260905T091955Z-0ec9ac6a2a604ed98ae7628a,20260905T091955Z-0ec9ac6a2a604ed98ae7628a-dg-46b0b9c346d2-000011,1,belt_tension_abnormal,belt_a,slow,belt-a-low-v1-slow,rear,soft-anomaly,clipped/audio_event_clean/anomaly/20260905T091955Z-0ec9ac6a2a604ed98ae7628a-dg-46b0b9c346d2-000011_ch1.wav,3DPrinter/test/section_00_test_000054.wav,b308b2a1edc3f3c05851877405fff2fd797da08ee26aede3eab07173978251e5,960044,3216444000,3216924000,91abdd0ae8a047464f949cb0288f4b77142533d1976a73382cb1212cfff5df8b,3.41,0.341,e0ea696df7f60e9e7345b296c5b0d45ffc22c519fc11ccf17c73186eb5eac7a8,saved_rule_based,1.83
section_00_test_000055,test,source,anomaly,B,20260905T091955Z-0ec9ac6a2a604ed98ae7628a,20260905T091955Z-0ec9ac6a2a604ed98ae7628a-dg-46b0b9c346d2-000191,1,belt_tension_abnormal,belt_a,slow,belt-a-low-v1-slow,rear,soft-anomaly,clipped/audio_event_clean/anomaly/20260905T091955Z-0ec9ac6a2a604ed98ae7628a-dg-46b0b9c346d2-000191_ch1.wav,3DPrinter/test/section_00_test_000055.wav,dfdb9ea3496528ccbe7aa0104549668c6891848762e363f37715ea24b13cee79,960044,3302844000,3303324000,91abdd0ae8a047464f949cb0288f4b77142533d1976a73382cb1212cfff5df8b,8.91,0.891,e0ea696df7f60e9e7345b296c5b0d45ffc22c519fc11ccf17c73186eb5eac7a8,saved_rule_based,1.83
section_00_test_000056,test,source,anomaly,B,20260905T145828Z-e26ab8e484b6efbd52f1acc1,20260905T145828Z-e26ab8e484b6efbd52f1acc1-dg-08aae5bf848d-000046,1,extruder_cogging_or_no_extrusion,extruder_cogging_or_no_extrusion,slow,extruder-cogging-slow,rear,hard-anomaly,clipped/audio_event_clean/anomaly/20260905T145828Z-e26ab8e484b6efbd52f1acc1-dg-08aae5bf848d-000046_ch1.wav,3DPrinter/test/section_00_test_000056.wav,23be777f89a0ef8767987f613e7edafc6097d3f507b15c4479880ddae21b6786,960044,73684800,74164800,52277bad1e5ac7b5327875b6e72a00464afd2a6691dc9b79d3a887f8faf520fd,9.75,0.975,36e531064a1b0477e34241318d4a9aeca7b2d8e75be7dc6299b26a87ed820e0c,saved_rule_based,1.75
section_00_test_000057,test,source,anomaly,B,20260905T145828Z-e26ab8e484b6efbd52f1acc1,20260905T145828Z-e26ab8e484b6efbd52f1acc1-dg-08aae5bf848d-000057,1,extruder_cogging_or_no_extrusion,extruder_cogging_or_no_extrusion,slow,extruder-cogging-slow,rear,hard-anomaly,clipped/audio_event_clean/anomaly/20260905T145828Z-e26ab8e484b6efbd52f1acc1-dg-08aae5bf848d-000057_ch1.wav,3DPrinter/test/section_00_test_000057.wav,fdaea2c96638755fc0454d964fb1e9d2d9d9d9bbf54d1b7d667e6df837f4eb30,960044,78964800,79444800,52277bad1e5ac7b5327875b6e72a00464afd2a6691dc9b79d3a887f8faf520fd,9.75,0.975,36e531064a1b0477e34241318d4a9aeca7b2d8e75be7dc6299b26a87ed820e0c,saved_rule_based,1.75
section_00_test_000058,test,source,anomaly,B,20260905T145828Z-e26ab8e484b6efbd52f1acc1,20260905T145828Z-e26ab8e484b6efbd52f1acc1-dg-08aae5bf848d-000096,1,extruder_cogging_or_no_extrusion,extruder_cogging_or_no_extrusion,slow,extruder-cogging-slow,rear,hard-anomaly,clipped/audio_event_clean/anomaly/20260905T145828Z-e26ab8e484b6efbd52f1acc1-dg-08aae5bf848d-000096_ch1.wav,3DPrinter/test/section_00_test_000058.wav,c4ad3da89dff30b0ec3ade5db9b4c66e00527a3da79b23f9bcb96272e634e4ce,960044,97684800,98164800,52277bad1e5ac7b5327875b6e72a00464afd2a6691dc9b79d3a887f8faf520fd,9.75,0.975,36e531064a1b0477e34241318d4a9aeca7b2d8e75be7dc6299b26a87ed820e0c,saved_rule_based,1.75
section_00_test_000059,test,source,anomaly,B,20260905T145828Z-e26ab8e484b6efbd52f1acc1,20260905T145828Z-e26ab8e484b6efbd52f1acc1-dg-08aae5bf848d-000136,1,extruder_cogging_or_no_extrusion,extruder_cogging_or_no_extrusion,slow,extruder-cogging-slow,rear,hard-anomaly,clipped/audio_event_clean/anomaly/20260905T145828Z-e26ab8e484b6efbd52f1acc1-dg-08aae5bf848d-000136_ch1.wav,3DPrinter/test/section_00_test_000059.wav,02abbd7a0ea9799760ae205dc94a4b19d50fc11fceda31bd879c6e1792cb417e,960044,116884800,117364800,52277bad1e5ac7b5327875b6e72a00464afd2a6691dc9b79d3a887f8faf520fd,9.5,0.95,36e531064a1b0477e34241318d4a9aeca7b2d8e75be7dc6299b26a87ed820e0c,saved_rule_based,1.75
section_00_test_000060,test,source,anomaly,B,20260905T145828Z-e26ab8e484b6efbd52f1acc1,20260905T145828Z-e26ab8e484b6efbd52f1acc1-dg-08aae5bf848d-000211,1,extruder_cogging_or_no_extrusion,extruder_cogging_or_no_extrusion,slow,extruder-cogging-slow,rear,hard-anomaly,clipped/audio_event_clean/anomaly/20260905T145828Z-e26ab8e484b6efbd52f1acc1-dg-08aae5bf848d-000211_ch1.wav,3DPrinter/test/section_00_test_000060.wav,b99dc260ce735fd16198515dd6a79eed3ad1c35fec9fbe9c18a4fc88ac487c11,960044,152884800,153364800,52277bad1e5ac7b5327875b6e72a00464afd2a6691dc9b79d3a887f8faf520fd,10.0,1.0,36e531064a1b0477e34241318d4a9aeca7b2d8e75be7dc6299b26a87ed820e0c,saved_rule_based,1.75
section_00_test_000061,test,source,anomaly,B,20260905T145828Z-e26ab8e484b6efbd52f1acc1,20260905T145828Z-e26ab8e484b6efbd52f1acc1-dg-08aae5bf848d-000227,1,extruder_cogging_or_no_extrusion,extruder_cogging_or_no_extrusion,slow,extruder-cogging-slow,rear,hard-anomaly,clipped/audio_event_clean/anomaly/20260905T145828Z-e26ab8e484b6efbd52f1acc1-dg-08aae5bf848d-000227_ch1.wav,3DPrinter/test/section_00_test_000061.wav,e13c631916b8bdcf0f47c3b52e9c6760a4ae843f2ea877429df056b0648e3813,960044,160564800,161044800,52277bad1e5ac7b5327875b6e72a00464afd2a6691dc9b79d3a887f8faf520fd,9.75,0.975,36e531064a1b0477e34241318d4a9aeca7b2d8e75be7dc6299b26a87ed820e0c,saved_rule_based,1.75
section_00_test_000062,test,source,anomaly,B,20260905T145828Z-e26ab8e484b6efbd52f1acc1,20260905T145828Z-e26ab8e484b6efbd52f1acc1-dg-08aae5bf848d-000253,1,extruder_cogging_or_no_extrusion,extruder_cogging_or_no_extrusion,slow,extruder-cogging-slow,rear,hard-anomaly,clipped/audio_event_clean/anomaly/20260905T145828Z-e26ab8e484b6efbd52f1acc1-dg-08aae5bf848d-000253_ch1.wav,3DPrinter/test/section_00_test_000062.wav,c3c3fce1284bf9480420cd6b9bc732c8231e4532d9dc0a576e6ee621a175c284,960044,173044800,173524800,52277bad1e5ac7b5327875b6e72a00464afd2a6691dc9b79d3a887f8faf520fd,9.5,0.95,36e531064a1b0477e34241318d4a9aeca7b2d8e75be7dc6299b26a87ed820e0c,saved_rule_based,1.75
section_00_test_000063,test,source,anomaly,B,20260906T033116Z-0586ff9054959f9204f6cde4,20260906T033116Z-0586ff9054959f9204f6cde4-dg-1ed7ad1ed3c8-000017,1,toolhead_collision,collision_x-min,slow,toolhead-collision-x-min-slow,rear,hard-anomaly,clipped/audio_event_clean/anomaly/20260906T033116Z-0586ff9054959f9204f6cde4-dg-1ed7ad1ed3c8-000017_ch1.wav,3DPrinter/test/section_00_test_000063.wav,0537884e9b9f33c263bb6a4933ce1919be598db8c9752ebb1d1fab832a06634d,960044,169900800,170380800,0f5a84926688b1f8599ab09210196cc5e71cc64db14a109aaa93e9bcdc9e5d7c,1.18,0.118,,frozen_r3_collision,1.22
section_00_test_000064,test,source,anomaly,B,20260906T085412Z-5489b83342d7e2fba29031b6,20260906T085412Z-5489b83342d7e2fba29031b6-dg-d0b7d9918dfc-000056,1,toolhead_collision,collision_x-max,slow,toolhead-collision-x-max-slow,rear,hard-anomaly,clipped/audio_event_clean/anomaly/20260906T085412Z-5489b83342d7e2fba29031b6-dg-d0b7d9918dfc-000056_ch1.wav,3DPrinter/test/section_00_test_000064.wav,adc7ca805a3930faf6be82c30db99a5605cc1689108db85ce964c782eaf176ba,960044,30264000,30744000,d4603091e9aebe603cc5958042ece4f7ce2b8c2a1bcb6912717434fda78ec4d8,1.03,0.103,,frozen_r3_collision,1.32
section_00_test_000065,test,source,anomaly,B,20260906T092852Z-b2f259b9c6ca413c5493d6af,20260906T092852Z-b2f259b9c6ca413c5493d6af-dg-2cdedaa876a9-000002,1,toolhead_collision,collision_y-max,slow,toolhead-collision-y-max-slow,rear,hard-anomaly,clipped/audio_event_clean/anomaly/20260906T092852Z-b2f259b9c6ca413c5493d6af-dg-2cdedaa876a9-000002_ch1.wav,3DPrinter/test/section_00_test_000065.wav,d98dbf0ff72d3974ece806d4493a9e3f1b998537cb15b757fda2f0d26c75b29f,960044,104160000,104640000,77ddbd112a5c4308e6b7eef10c7a20145275937e64c84617a0e231a6a615e7ca,0.2,0.02,,frozen_r3_collision,1.08
section_00_test_000066,test,source,anomaly,B,20260906T092852Z-b2f259b9c6ca413c5493d6af,20260906T092852Z-b2f259b9c6ca413c5493d6af-dg-2cdedaa876a9-000034,1,toolhead_collision,collision_y-max,slow,toolhead-collision-y-max-slow,rear,hard-anomaly,clipped/audio_event_clean/anomaly/20260906T092852Z-b2f259b9c6ca413c5493d6af-dg-2cdedaa876a9-000034_ch1.wav,3DPrinter/test/section_00_test_000066.wav,42ce949878a9144316c5b4efcde37b4256c6477148e9c0f0c8c5764c1d58b6e9,960044,119520000,120000000,77ddbd112a5c4308e6b7eef10c7a20145275937e64c84617a0e231a6a615e7ca,0.68,0.068,,frozen_r3_collision,1.08
section_00_test_000067,test,source,anomaly,B,20260906T100342Z-59979407ad61cc09639d1b0a,20260906T100342Z-59979407ad61cc09639d1b0a-dg-f7f1015b587b-000019,1,toolhead_collision,collision_x-min-y-max,slow,toolhead-collision-x-min-y-max-slow,rear,hard-anomaly,clipped/audio_event_clean/anomaly/20260906T100342Z-59979407ad61cc09639d1b0a-dg-f7f1015b587b-000019_ch1.wav,3DPrinter/test/section_00_test_000067.wav,caf816b45b146c1b0356adffe547d27947038a13381d652101f4950b5ece9feb,960044,212688000,213168000,659285aa2877af9a750eb6af026e998dd64f5c7f4dc16f38ef34401468fa6272,0.62,0.062,,frozen_r3_collision,1.14
section_00_test_000068,test,source,anomaly,B,20260906T104126Z-e58f1f7c38bf0a54c280b3ef,20260906T104126Z-e58f1f7c38bf0a54c280b3ef-dg-8f4af5b2f3d9-000085,1,toolhead_collision,collision_x-max-y-max,slow,toolhead-collision-x-max-y-max-slow,rear,hard-anomaly,clipped/audio_event_clean/anomaly/20260906T104126Z-e58f1f7c38bf0a54c280b3ef-dg-8f4af5b2f3d9-000085_ch1.wav,3DPrinter/test/section_00_test_000068.wav,97994a855be2c638a8c8d58fd5ebea8b2a82d6cb4c0149db54eff9388b4339ef,960044,353040000,353520000,a2e2fd632b2f9ca0d734a2053f8e6b935974a4d69a884eabb1483cb89d96c714,0.2,0.02,,frozen_r3_collision,1.18
section_00_test_000069,test,source,anomaly,B,20260906T131853Z-2be35f053fd4b32b11ffc479,20260906T131853Z-2be35f053fd4b32b11ffc479-dg-47d95fda2175-000021,1,cooling_fan_fault,cooling_fan_fault,slow,fan-blade-damage-bilateral-v3-slow,rear,hard-anomaly,clipped/audio_event_clean/anomaly/20260906T131853Z-2be35f053fd4b32b11ffc479-dg-47d95fda2175-000021_ch1.wav,3DPrinter/test/section_00_test_000069.wav,26ab587c961ba6eed03711df9fbea33085acdb5fc0ee3811e0f4ab4053385fa9,960044,775432800,775912800,5939a5ad0927967b708777b329cfc571ba80f5ce4b131cd52563992c58869a1a,10.0,1.0,2e9f198250bbf8f72b0e404a1a5728955812c4451cf2a290897a82f836380df8,saved_rule_based,1.73
section_00_test_000070,test,source,anomaly,B,20260906T131853Z-2be35f053fd4b32b11ffc479,20260906T131853Z-2be35f053fd4b32b11ffc479-dg-47d95fda2175-000027,1,cooling_fan_fault,cooling_fan_fault,slow,fan-blade-damage-bilateral-v3-slow,rear,hard-anomaly,clipped/audio_event_clean/anomaly/20260906T131853Z-2be35f053fd4b32b11ffc479-dg-47d95fda2175-000027_ch1.wav,3DPrinter/test/section_00_test_000070.wav,54d0bcb2e8638f3fd135c4d68698e886441eeeea818f27d11ba65deeccca4518,960044,778312800,778792800,5939a5ad0927967b708777b329cfc571ba80f5ce4b131cd52563992c58869a1a,10.0,1.0,2e9f198250bbf8f72b0e404a1a5728955812c4451cf2a290897a82f836380df8,saved_rule_based,1.73
section_00_test_000071,test,source,anomaly,B,20260906T131853Z-2be35f053fd4b32b11ffc479,20260906T131853Z-2be35f053fd4b32b11ffc479-dg-47d95fda2175-000119,1,cooling_fan_fault,cooling_fan_fault,slow,fan-blade-damage-bilateral-v3-slow,rear,hard-anomaly,clipped/audio_event_clean/anomaly/20260906T131853Z-2be35f053fd4b32b11ffc479-dg-47d95fda2175-000119_ch1.wav,3DPrinter/test/section_00_test_000071.wav,9a148b0e0b6d9e044c7e882e425cb428e0c2330dfef5ae99de50582dac25ceb4,960044,822472800,822952800,5939a5ad0927967b708777b329cfc571ba80f5ce4b131cd52563992c58869a1a,10.0,1.0,2e9f198250bbf8f72b0e404a1a5728955812c4451cf2a290897a82f836380df8,saved_rule_based,1.73
section_00_test_000072,test,source,anomaly,B,20260906T131853Z-2be35f053fd4b32b11ffc479,20260906T131853Z-2be35f053fd4b32b11ffc479-dg-47d95fda2175-000127,1,cooling_fan_fault,cooling_fan_fault,slow,fan-blade-damage-bilateral-v3-slow,rear,hard-anomaly,clipped/audio_event_clean/anomaly/20260906T131853Z-2be35f053fd4b32b11ffc479-dg-47d95fda2175-000127_ch1.wav,3DPrinter/test/section_00_test_000072.wav,c265285e967149158dd7a6f3eef55acfac5c5aa9dbca520faea4b36e8acb54db,960044,826312800,826792800,5939a5ad0927967b708777b329cfc571ba80f5ce4b131cd52563992c58869a1a,10.0,1.0,2e9f198250bbf8f72b0e404a1a5728955812c4451cf2a290897a82f836380df8,saved_rule_based,1.73
section_00_test_000073,test,source,anomaly,B,20260906T131853Z-2be35f053fd4b32b11ffc479,20260906T131853Z-2be35f053fd4b32b11ffc479-dg-47d95fda2175-000155,1,cooling_fan_fault,cooling_fan_fault,slow,fan-blade-damage-bilateral-v3-slow,rear,hard-anomaly,clipped/audio_event_clean/anomaly/20260906T131853Z-2be35f053fd4b32b11ffc479-dg-47d95fda2175-000155_ch1.wav,3DPrinter/test/section_00_test_000073.wav,2c58eafc4689e1802a370ba7eb005b0d4ce666939afce687c7bf677964550e01,960044,839752800,840232800,5939a5ad0927967b708777b329cfc571ba80f5ce4b131cd52563992c58869a1a,10.0,1.0,2e9f198250bbf8f72b0e404a1a5728955812c4451cf2a290897a82f836380df8,saved_rule_based,1.73
section_00_test_000074,test,source,anomaly,B,20260906T131853Z-2be35f053fd4b32b11ffc479,20260906T131853Z-2be35f053fd4b32b11ffc479-dg-47d95fda2175-000157,1,cooling_fan_fault,cooling_fan_fault,slow,fan-blade-damage-bilateral-v3-slow,rear,hard-anomaly,clipped/audio_event_clean/anomaly/20260906T131853Z-2be35f053fd4b32b11ffc479-dg-47d95fda2175-000157_ch1.wav,3DPrinter/test/section_00_test_000074.wav,78177ab50893c9f1582191afc839579d9cc157aa418168a44966cc4e81d3d9eb,960044,840712800,841192800,5939a5ad0927967b708777b329cfc571ba80f5ce4b131cd52563992c58869a1a,10.0,1.0,2e9f198250bbf8f72b0e404a1a5728955812c4451cf2a290897a82f836380df8,saved_rule_based,1.73
section_00_test_000075,test,source,anomaly,B,20260905T050107Z-563e5602acd70612935e3840,20260905T050107Z-563e5602acd70612935e3840-dg-d53fa15b5842-000104,3,belt_tension_abnormal,belt_b,slow,belt-b-low-v1-slow,front,soft-anomaly,clipped/audio_event_clean/anomaly/20260905T050107Z-563e5602acd70612935e3840-dg-d53fa15b5842-000104_ch3.wav,3DPrinter/test/section_00_test_000075.wav,711bf9e35bb71a59eb30cb525a682e301064c1356e7ea7c0cfead15438966366,960044,2515744800,2516224800,8668aa0bfb3d6867cca43d22dae55085000d4bdbe2635e63e9dd69323e2c09a3,10.0,1.0,a26a9ffe4e7a0b59045eb8f7f1313cd165b9ca438023de304162e35158cd3f27,saved_rule_based,1.69
section_00_test_000076,test,source,anomaly,B,20260905T050107Z-563e5602acd70612935e3840,20260905T050107Z-563e5602acd70612935e3840-dg-d53fa15b5842-000235,3,belt_tension_abnormal,belt_b,slow,belt-b-low-v1-slow,front,soft-anomaly,clipped/audio_event_clean/anomaly/20260905T050107Z-563e5602acd70612935e3840-dg-d53fa15b5842-000235_ch3.wav,3DPrinter/test/section_00_test_000076.wav,d5332382fb692345f48646bea7bb18f6d6286b2c2e85ed229a57713d0e189520,960044,2578624800,2579104800,8668aa0bfb3d6867cca43d22dae55085000d4bdbe2635e63e9dd69323e2c09a3,9.66,0.966,a26a9ffe4e7a0b59045eb8f7f1313cd165b9ca438023de304162e35158cd3f27,saved_rule_based,1.69
section_00_test_000077,test,source,anomaly,B,20260905T065117Z-ff4c5a98a32203bfe9f91cab,20260905T065117Z-ff4c5a98a32203bfe9f91cab-dg-83942617f0a8-000037,3,belt_tension_abnormal,belt_a_b,slow,belt-ab-low-v1-slow,front,soft-anomaly,clipped/audio_event_clean/anomaly/20260905T065117Z-ff4c5a98a32203bfe9f91cab-dg-83942617f0a8-000037_ch3.wav,3DPrinter/test/section_00_test_000077.wav,66a57ee20b1d33d15ca811c52ed1eda63e018f513539323f77ef662fe0edb8d7,960044,2800872000,2801352000,92de93e0cbea87c2f48d37c5741755f781726b98528c47ada12d4bd51bbccff6,6.55,0.655,d2262272fd8b566f5255c759d9b8842f189ef0913408fc9e392ff2be6ee50e06,saved_rule_based,1.63
section_00_test_000078,test,source,anomaly,B,20260905T065117Z-ff4c5a98a32203bfe9f91cab,20260905T065117Z-ff4c5a98a32203bfe9f91cab-dg-83942617f0a8-000061,3,belt_tension_abnormal,belt_a_b,slow,belt-ab-low-v1-slow,front,soft-anomaly,clipped/audio_event_clean/anomaly/20260905T065117Z-ff4c5a98a32203bfe9f91cab-dg-83942617f0a8-000061_ch3.wav,3DPrinter/test/section_00_test_000078.wav,290371f34ed94b3d9ce955ae416c16136a15ec12abd96db6be85fc7461db5032,960044,2812392000,2812872000,92de93e0cbea87c2f48d37c5741755f781726b98528c47ada12d4bd51bbccff6,10.0,1.0,d2262272fd8b566f5255c759d9b8842f189ef0913408fc9e392ff2be6ee50e06,saved_rule_based,1.63
section_00_test_000079,test,source,anomaly,B,20260905T091955Z-0ec9ac6a2a604ed98ae7628a,20260905T091955Z-0ec9ac6a2a604ed98ae7628a-dg-46b0b9c346d2-000120,3,belt_tension_abnormal,belt_a,slow,belt-a-low-v1-slow,front,soft-anomaly,clipped/audio_event_clean/anomaly/20260905T091955Z-0ec9ac6a2a604ed98ae7628a-dg-46b0b9c346d2-000120_ch3.wav,3DPrinter/test/section_00_test_000079.wav,3b5f2ca04163a4a46a4a8619696f424bcf0abc4c873baa6c322053af914601dd,960044,3268764000,3269244000,91abdd0ae8a047464f949cb0288f4b77142533d1976a73382cb1212cfff5df8b,9.5,0.95,e0ea696df7f60e9e7345b296c5b0d45ffc22c519fc11ccf17c73186eb5eac7a8,saved_rule_based,1.83
section_00_test_000080,test,source,anomaly,B,20260905T091955Z-0ec9ac6a2a604ed98ae7628a,20260905T091955Z-0ec9ac6a2a604ed98ae7628a-dg-46b0b9c346d2-000163,3,belt_tension_abnormal,belt_a,slow,belt-a-low-v1-slow,front,soft-anomaly,clipped/audio_event_clean/anomaly/20260905T091955Z-0ec9ac6a2a604ed98ae7628a-dg-46b0b9c346d2-000163_ch3.wav,3DPrinter/test/section_00_test_000080.wav,0dc24f2c0dab1a44bc8aa836ad8430fec7e39f52f5e946af00963472ebdc7c9a,960044,3289404000,3289884000,91abdd0ae8a047464f949cb0288f4b77142533d1976a73382cb1212cfff5df8b,10.0,1.0,e0ea696df7f60e9e7345b296c5b0d45ffc22c519fc11ccf17c73186eb5eac7a8,saved_rule_based,1.83
section_00_test_000081,test,source,anomaly,B,20260905T145828Z-e26ab8e484b6efbd52f1acc1,20260905T145828Z-e26ab8e484b6efbd52f1acc1-dg-08aae5bf848d-000029,3,extruder_cogging_or_no_extrusion,extruder_cogging_or_no_extrusion,slow,extruder-cogging-slow,front,hard-anomaly,clipped/audio_event_clean/anomaly/20260905T145828Z-e26ab8e484b6efbd52f1acc1-dg-08aae5bf848d-000029_ch3.wav,3DPrinter/test/section_00_test_000081.wav,dc9d6732f505664309c599e399ef831672f0af9131879c4d4fbcc305cf0e1870,960044,65524800,66004800,52277bad1e5ac7b5327875b6e72a00464afd2a6691dc9b79d3a887f8faf520fd,9.25,0.925,36e531064a1b0477e34241318d4a9aeca7b2d8e75be7dc6299b26a87ed820e0c,saved_rule_based,1.75
section_00_test_000082,test,source,anomaly,B,20260905T145828Z-e26ab8e484b6efbd52f1acc1,20260905T145828Z-e26ab8e484b6efbd52f1acc1-dg-08aae5bf848d-000041,3,extruder_cogging_or_no_extrusion,extruder_cogging_or_no_extrusion,slow,extruder-cogging-slow,front,hard-anomaly,clipped/audio_event_clean/anomaly/20260905T145828Z-e26ab8e484b6efbd52f1acc1-dg-08aae5bf848d-000041_ch3.wav,3DPrinter/test/section_00_test_000082.wav,980667ae1767d20752ac52493dd24b7ed661ba0a5f58e30e27e0e461ab66d112,960044,71284800,71764800,52277bad1e5ac7b5327875b6e72a00464afd2a6691dc9b79d3a887f8faf520fd,9.75,0.975,36e531064a1b0477e34241318d4a9aeca7b2d8e75be7dc6299b26a87ed820e0c,saved_rule_based,1.75
section_00_test_000083,test,source,anomaly,B,20260905T145828Z-e26ab8e484b6efbd52f1acc1,20260905T145828Z-e26ab8e484b6efbd52f1acc1-dg-08aae5bf848d-000055,3,extruder_cogging_or_no_extrusion,extruder_cogging_or_no_extrusion,slow,extruder-cogging-slow,front,hard-anomaly,clipped/audio_event_clean/anomaly/20260905T145828Z-e26ab8e484b6efbd52f1acc1-dg-08aae5bf848d-000055_ch3.wav,3DPrinter/test/section_00_test_000083.wav,332342b880b1eaefc027624c2d56703bfd1a476b61cfdba05a519158c2f59d85,960044,78004800,78484800,52277bad1e5ac7b5327875b6e72a00464afd2a6691dc9b79d3a887f8faf520fd,9.5,0.95,36e531064a1b0477e34241318d4a9aeca7b2d8e75be7dc6299b26a87ed820e0c,saved_rule_based,1.75
section_00_test_000084,test,source,anomaly,B,20260905T145828Z-e26ab8e484b6efbd52f1acc1,20260905T145828Z-e26ab8e484b6efbd52f1acc1-dg-08aae5bf848d-000072,3,extruder_cogging_or_no_extrusion,extruder_cogging_or_no_extrusion,slow,extruder-cogging-slow,front,hard-anomaly,clipped/audio_event_clean/anomaly/20260905T145828Z-e26ab8e484b6efbd52f1acc1-dg-08aae5bf848d-000072_ch3.wav,3DPrinter/test/section_00_test_000084.wav,54b26a170ef289be72e588ea6f84abbfb9e75f8b4cd6125392adc86f5a818770,960044,86164800,86644800,52277bad1e5ac7b5327875b6e72a00464afd2a6691dc9b79d3a887f8faf520fd,10.0,1.0,36e531064a1b0477e34241318d4a9aeca7b2d8e75be7dc6299b26a87ed820e0c,saved_rule_based,1.75
section_00_test_000085,test,source,anomaly,B,20260905T145828Z-e26ab8e484b6efbd52f1acc1,20260905T145828Z-e26ab8e484b6efbd52f1acc1-dg-08aae5bf848d-000143,3,extruder_cogging_or_no_extrusion,extruder_cogging_or_no_extrusion,slow,extruder-cogging-slow,front,hard-anomaly,clipped/audio_event_clean/anomaly/20260905T145828Z-e26ab8e484b6efbd52f1acc1-dg-08aae5bf848d-000143_ch3.wav,3DPrinter/test/section_00_test_000085.wav,dffa464ab6cba721e729898dae3007c56f5ecbf3786585decdfd1cc3994f0148,960044,120244800,120724800,52277bad1e5ac7b5327875b6e72a00464afd2a6691dc9b79d3a887f8faf520fd,9.75,0.975,36e531064a1b0477e34241318d4a9aeca7b2d8e75be7dc6299b26a87ed820e0c,saved_rule_based,1.75
section_00_test_000086,test,source,anomaly,B,20260905T145828Z-e26ab8e484b6efbd52f1acc1,20260905T145828Z-e26ab8e484b6efbd52f1acc1-dg-08aae5bf848d-000254,3,extruder_cogging_or_no_extrusion,extruder_cogging_or_no_extrusion,slow,extruder-cogging-slow,front,hard-anomaly,clipped/audio_event_clean/anomaly/20260905T145828Z-e26ab8e484b6efbd52f1acc1-dg-08aae5bf848d-000254_ch3.wav,3DPrinter/test/section_00_test_000086.wav,eaab5b4748d605738f0a5be4c846382ef2f9785a8b7e14ff784a270ec6537a28,960044,173524800,174004800,52277bad1e5ac7b5327875b6e72a00464afd2a6691dc9b79d3a887f8faf520fd,9.5,0.95,36e531064a1b0477e34241318d4a9aeca7b2d8e75be7dc6299b26a87ed820e0c,saved_rule_based,1.75
section_00_test_000087,test,source,anomaly,B,20260906T033116Z-0586ff9054959f9204f6cde4,20260906T033116Z-0586ff9054959f9204f6cde4-dg-1ed7ad1ed3c8-000040,3,toolhead_collision,collision_x-min,slow,toolhead-collision-x-min-slow,front,hard-anomaly,clipped/audio_event_clean/anomaly/20260906T033116Z-0586ff9054959f9204f6cde4-dg-1ed7ad1ed3c8-000040_ch3.wav,3DPrinter/test/section_00_test_000087.wav,4988fdb9ed74eb4cf88b70a1fdebe5dca06f35b98e74c06c0b9d589318198182,960044,180940800,181420800,0f5a84926688b1f8599ab09210196cc5e71cc64db14a109aaa93e9bcdc9e5d7c,1.6,0.16,,frozen_r3_collision,1.22
section_00_test_000088,test,source,anomaly,B,20260906T033116Z-0586ff9054959f9204f6cde4,20260906T033116Z-0586ff9054959f9204f6cde4-dg-1ed7ad1ed3c8-000133,3,toolhead_collision,collision_x-min,slow,toolhead-collision-x-min-slow,front,hard-anomaly,clipped/audio_event_clean/anomaly/20260906T033116Z-0586ff9054959f9204f6cde4-dg-1ed7ad1ed3c8-000133_ch3.wav,3DPrinter/test/section_00_test_000088.wav,7a00780155073b247ba2650cea9779fcf37f37041c607a6624535a14bd459773,960044,225580800,226060800,0f5a84926688b1f8599ab09210196cc5e71cc64db14a109aaa93e9bcdc9e5d7c,0.76,0.076,,frozen_r3_collision,1.22
section_00_test_000089,test,source,anomaly,B,20260906T085412Z-5489b83342d7e2fba29031b6,20260906T085412Z-5489b83342d7e2fba29031b6-dg-d0b7d9918dfc-000083,3,toolhead_collision,collision_x-max,slow,toolhead-collision-x-max-slow,front,hard-anomaly,clipped/audio_event_clean/anomaly/20260906T085412Z-5489b83342d7e2fba29031b6-dg-d0b7d9918dfc-000083_ch3.wav,3DPrinter/test/section_00_test_000089.wav,7b0edceeec0c90d22e21aa41d7e5ecf2ba5596bb67005976bdbe860b30da8ff0,960044,43224000,43704000,d4603091e9aebe603cc5958042ece4f7ce2b8c2a1bcb6912717434fda78ec4d8,0.22,0.022,,frozen_r3_collision,1.32
section_00_test_000090,test,source,anomaly,B,20260906T092852Z-b2f259b9c6ca413c5493d6af,20260906T092852Z-b2f259b9c6ca413c5493d6af-dg-2cdedaa876a9-000080,3,toolhead_collision,collision_y-max,slow,toolhead-collision-y-max-slow,front,hard-anomaly,clipped/audio_event_clean/anomaly/20260906T092852Z-b2f259b9c6ca413c5493d6af-dg-2cdedaa876a9-000080_ch3.wav,3DPrinter/test/section_00_test_000090.wav,36214262f72f204af391e45ab0b1d16d01afdd076d04e95804d0aaddc7f4cd35,960044,141600000,142080000,77ddbd112a5c4308e6b7eef10c7a20145275937e64c84617a0e231a6a615e7ca,0.16,0.016,,frozen_r3_collision,1.08
section_00_test_000091,test,source,anomaly,B,20260906T100342Z-59979407ad61cc09639d1b0a,20260906T100342Z-59979407ad61cc09639d1b0a-dg-f7f1015b587b-000082,3,toolhead_collision,collision_x-min-y-max,slow,toolhead-collision-x-min-y-max-slow,front,hard-anomaly,clipped/audio_event_clean/anomaly/20260906T100342Z-59979407ad61cc09639d1b0a-dg-f7f1015b587b-000082_ch3.wav,3DPrinter/test/section_00_test_000091.wav,26639fe576e625dc262d0c1e54ec2de597560f2de96fc31b254124d075801103,960044,242928000,243408000,659285aa2877af9a750eb6af026e998dd64f5c7f4dc16f38ef34401468fa6272,0.92,0.092,,frozen_r3_collision,1.14
section_00_test_000092,test,source,anomaly,B,20260906T104126Z-e58f1f7c38bf0a54c280b3ef,20260906T104126Z-e58f1f7c38bf0a54c280b3ef-dg-8f4af5b2f3d9-000007,3,toolhead_collision,collision_x-max-y-max,slow,toolhead-collision-x-max-y-max-slow,front,hard-anomaly,clipped/audio_event_clean/anomaly/20260906T104126Z-e58f1f7c38bf0a54c280b3ef-dg-8f4af5b2f3d9-000007_ch3.wav,3DPrinter/test/section_00_test_000092.wav,300806612773be5835c83355d8d29895f136c58c3bc05aa38f16164d9294f36e,960044,315600000,316080000,a2e2fd632b2f9ca0d734a2053f8e6b935974a4d69a884eabb1483cb89d96c714,0.14,0.014,,frozen_r3_collision,1.18
section_00_test_000093,test,source,anomaly,B,20260906T104126Z-e58f1f7c38bf0a54c280b3ef,20260906T104126Z-e58f1f7c38bf0a54c280b3ef-dg-8f4af5b2f3d9-000055,3,toolhead_collision,collision_x-max-y-max,slow,toolhead-collision-x-max-y-max-slow,front,hard-anomaly,clipped/audio_event_clean/anomaly/20260906T104126Z-e58f1f7c38bf0a54c280b3ef-dg-8f4af5b2f3d9-000055_ch3.wav,3DPrinter/test/section_00_test_000093.wav,a547a590b18de58a8cba04e41f93e81c60485d25f216c0f5f1a26af530d990ef,960044,338640000,339120000,a2e2fd632b2f9ca0d734a2053f8e6b935974a4d69a884eabb1483cb89d96c714,0.16,0.016,,frozen_r3_collision,1.18
section_00_test_000094,test,source,anomaly,B,20260906T131853Z-2be35f053fd4b32b11ffc479,20260906T131853Z-2be35f053fd4b32b11ffc479-dg-47d95fda2175-000052,3,cooling_fan_fault,cooling_fan_fault,slow,fan-blade-damage-bilateral-v3-slow,front,hard-anomaly,clipped/audio_event_clean/anomaly/20260906T131853Z-2be35f053fd4b32b11ffc479-dg-47d95fda2175-000052_ch3.wav,3DPrinter/test/section_00_test_000094.wav,42dfc1411d25985010142ffafbeb93d520cc7cd837338f7c4d80eefcf2d454b1,960044,790312800,790792800,5939a5ad0927967b708777b329cfc571ba80f5ce4b131cd52563992c58869a1a,10.0,1.0,2e9f198250bbf8f72b0e404a1a5728955812c4451cf2a290897a82f836380df8,saved_rule_based,1.73
section_00_test_000095,test,source,anomaly,B,20260906T131853Z-2be35f053fd4b32b11ffc479,20260906T131853Z-2be35f053fd4b32b11ffc479-dg-47d95fda2175-000067,3,cooling_fan_fault,cooling_fan_fault,slow,fan-blade-damage-bilateral-v3-slow,front,hard-anomaly,clipped/audio_event_clean/anomaly/20260906T131853Z-2be35f053fd4b32b11ffc479-dg-47d95fda2175-000067_ch3.wav,3DPrinter/test/section_00_test_000095.wav,8323c90e6309994ed404351e556f73f4dd02137612ebc7afb1b20c2120ef1bff,960044,797512800,797992800,5939a5ad0927967b708777b329cfc571ba80f5ce4b131cd52563992c58869a1a,10.0,1.0,2e9f198250bbf8f72b0e404a1a5728955812c4451cf2a290897a82f836380df8,saved_rule_based,1.73
section_00_test_000096,test,source,anomaly,B,20260906T131853Z-2be35f053fd4b32b11ffc479,20260906T131853Z-2be35f053fd4b32b11ffc479-dg-47d95fda2175-000075,3,cooling_fan_fault,cooling_fan_fault,slow,fan-blade-damage-bilateral-v3-slow,front,hard-anomaly,clipped/audio_event_clean/anomaly/20260906T131853Z-2be35f053fd4b32b11ffc479-dg-47d95fda2175-000075_ch3.wav,3DPrinter/test/section_00_test_000096.wav,41b3065cd9034b500df243e3bb19ead2929d6ec82eb940f55b534433c6b7b96a,960044,801352800,801832800,5939a5ad0927967b708777b329cfc571ba80f5ce4b131cd52563992c58869a1a,10.0,1.0,2e9f198250bbf8f72b0e404a1a5728955812c4451cf2a290897a82f836380df8,saved_rule_based,1.73
section_00_test_000097,test,source,anomaly,B,20260906T131853Z-2be35f053fd4b32b11ffc479,20260906T131853Z-2be35f053fd4b32b11ffc479-dg-47d95fda2175-000174,3,cooling_fan_fault,cooling_fan_fault,slow,fan-blade-damage-bilateral-v3-slow,front,hard-anomaly,clipped/audio_event_clean/anomaly/20260906T131853Z-2be35f053fd4b32b11ffc479-dg-47d95fda2175-000174_ch3.wav,3DPrinter/test/section_00_test_000097.wav,576628f0fd1595c612900d2b88be20f77a4ef9237423cccbe2191b7db1b73896,960044,848872800,849352800,5939a5ad0927967b708777b329cfc571ba80f5ce4b131cd52563992c58869a1a,10.0,1.0,2e9f198250bbf8f72b0e404a1a5728955812c4451cf2a290897a82f836380df8,saved_rule_based,1.73
section_00_test_000098,test,source,anomaly,B,20260906T131853Z-2be35f053fd4b32b11ffc479,20260906T131853Z-2be35f053fd4b32b11ffc479-dg-47d95fda2175-000228,3,cooling_fan_fault,cooling_fan_fault,slow,fan-blade-damage-bilateral-v3-slow,front,hard-anomaly,clipped/audio_event_clean/anomaly/20260906T131853Z-2be35f053fd4b32b11ffc479-dg-47d95fda2175-000228_ch3.wav,3DPrinter/test/section_00_test_000098.wav,020db5dde58ccd778d8796deecea28fb6addc508f796457d72603c1da5b89756,960044,874792800,875272800,5939a5ad0927967b708777b329cfc571ba80f5ce4b131cd52563992c58869a1a,10.0,1.0,2e9f198250bbf8f72b0e404a1a5728955812c4451cf2a290897a82f836380df8,saved_rule_based,1.73
section_00_test_000099,test,source,anomaly,B,20260906T131853Z-2be35f053fd4b32b11ffc479,20260906T131853Z-2be35f053fd4b32b11ffc479-dg-47d95fda2175-000271,3,cooling_fan_fault,cooling_fan_fault,slow,fan-blade-damage-bilateral-v3-slow,front,hard-anomaly,clipped/audio_event_clean/anomaly/20260906T131853Z-2be35f053fd4b32b11ffc479-dg-47d95fda2175-000271_ch3.wav,3DPrinter/test/section_00_test_000099.wav,ccb28c4969bc3cf10e570cf9da7bfa9340a01a0b112475401998d9d741e3cde9,960044,895432800,895912800,5939a5ad0927967b708777b329cfc571ba80f5ce4b131cd52563992c58869a1a,10.0,1.0,2e9f198250bbf8f72b0e404a1a5728955812c4451cf2a290897a82f836380df8,saved_rule_based,1.73
section_00_test_000100,test,source,normal,A,20260901T121731Z-020668b2ab27545a85760cd4,20260901T121731Z-020668b2ab27545a85760cd4-dg-6acd63300299-000004,1,none,none,slow,normal-slow-3,rear,normal,clipped/audio_event_clean/normal/20260901T121731Z-020668b2ab27545a85760cd4-dg-6acd63300299-000004_ch1.wav,3DPrinter/test/section_00_test_000100.wav,e7ce50ff4253d4bedf96b32339e2c5bb569c72d5f6a98790e7d0e5433fcaa44e,960044,168088800,168568800,5e0576f9dbb0e62b3138658f8f8f6fdc07252b3c854e2dbbce31707bb5e11106,0,0,d0184586161e6d79cd845b0c9903ffeece11cdd4d595aa29a90942340f8dba7e,saved_rule_based,0.51
section_00_test_000101,test,source,normal,A,20260901T121731Z-020668b2ab27545a85760cd4,20260901T121731Z-020668b2ab27545a85760cd4-dg-6acd63300299-000017,1,none,none,slow,normal-slow-3,rear,normal,clipped/audio_event_clean/normal/20260901T121731Z-020668b2ab27545a85760cd4-dg-6acd63300299-000017_ch1.wav,3DPrinter/test/section_00_test_000101.wav,a2a5e8123ef4a4094d97235b40e6cf6e49b72778279012335c2e762f1a21ca51,960044,174328800,174808800,5e0576f9dbb0e62b3138658f8f8f6fdc07252b3c854e2dbbce31707bb5e11106,0,0,d0184586161e6d79cd845b0c9903ffeece11cdd4d595aa29a90942340f8dba7e,saved_rule_based,0.51
section_00_test_000102,test,source,normal,A,20260901T121731Z-020668b2ab27545a85760cd4,20260901T121731Z-020668b2ab27545a85760cd4-dg-6acd63300299-000022,1,none,none,slow,normal-slow-3,rear,normal,clipped/audio_event_clean/normal/20260901T121731Z-020668b2ab27545a85760cd4-dg-6acd63300299-000022_ch1.wav,3DPrinter/test/section_00_test_000102.wav,c07a7f25243ea2ff589152df2e759146b952f744486dc1333235d6467fafee00,960044,176728800,177208800,5e0576f9dbb0e62b3138658f8f8f6fdc07252b3c854e2dbbce31707bb5e11106,0,0,d0184586161e6d79cd845b0c9903ffeece11cdd4d595aa29a90942340f8dba7e,saved_rule_based,0.51
section_00_test_000103,test,source,normal,A,20260901T121731Z-020668b2ab27545a85760cd4,20260901T121731Z-020668b2ab27545a85760cd4-dg-6acd63300299-000023,1,none,none,slow,normal-slow-3,rear,normal,clipped/audio_event_clean/normal/20260901T121731Z-020668b2ab27545a85760cd4-dg-6acd63300299-000023_ch1.wav,3DPrinter/test/section_00_test_000103.wav,2417a5c1cd0fae756c3adcee045f123db0ac4cb1d3a64d8aa539c4c61ff42db1,960044,177208800,177688800,5e0576f9dbb0e62b3138658f8f8f6fdc07252b3c854e2dbbce31707bb5e11106,0,0,d0184586161e6d79cd845b0c9903ffeece11cdd4d595aa29a90942340f8dba7e,saved_rule_based,0.51
section_00_test_000104,test,source,normal,A,20260901T121731Z-020668b2ab27545a85760cd4,20260901T121731Z-020668b2ab27545a85760cd4-dg-6acd63300299-000033,1,none,none,slow,normal-slow-3,rear,normal,clipped/audio_event_clean/normal/20260901T121731Z-020668b2ab27545a85760cd4-dg-6acd63300299-000033_ch1.wav,3DPrinter/test/section_00_test_000104.wav,7e95a6e7254e4640ae26785bd63d56d0b1fe53812ab81e90ea970e32c8152301,960044,182008800,182488800,5e0576f9dbb0e62b3138658f8f8f6fdc07252b3c854e2dbbce31707bb5e11106,0,0,d0184586161e6d79cd845b0c9903ffeece11cdd4d595aa29a90942340f8dba7e,saved_rule_based,0.51
section_00_test_000105,test,source,normal,A,20260901T121731Z-020668b2ab27545a85760cd4,20260901T121731Z-020668b2ab27545a85760cd4-dg-6acd63300299-000041,1,none,none,slow,normal-slow-3,rear,normal,clipped/audio_event_clean/normal/20260901T121731Z-020668b2ab27545a85760cd4-dg-6acd63300299-000041_ch1.wav,3DPrinter/test/section_00_test_000105.wav,62146f2228c87537735a943c042a33a93148b182f59ae9b294f902a37c291e57,960044,185848800,186328800,5e0576f9dbb0e62b3138658f8f8f6fdc07252b3c854e2dbbce31707bb5e11106,0,0,d0184586161e6d79cd845b0c9903ffeece11cdd4d595aa29a90942340f8dba7e,saved_rule_based,0.51
section_00_test_000106,test,source,normal,A,20260901T121731Z-020668b2ab27545a85760cd4,20260901T121731Z-020668b2ab27545a85760cd4-dg-6acd63300299-000047,1,none,none,slow,normal-slow-3,rear,normal,clipped/audio_event_clean/normal/20260901T121731Z-020668b2ab27545a85760cd4-dg-6acd63300299-000047_ch1.wav,3DPrinter/test/section_00_test_000106.wav,1b7e7e0c5db5d124087ef560fe9e3265e0906568ea9c9c63406e53d451c0a2a0,960044,188728800,189208800,5e0576f9dbb0e62b3138658f8f8f6fdc07252b3c854e2dbbce31707bb5e11106,0,0,d0184586161e6d79cd845b0c9903ffeece11cdd4d595aa29a90942340f8dba7e,saved_rule_based,0.51
section_00_test_000107,test,source,normal,A,20260901T121731Z-020668b2ab27545a85760cd4,20260901T121731Z-020668b2ab27545a85760cd4-dg-6acd63300299-000065,1,none,none,slow,normal-slow-3,rear,normal,clipped/audio_event_clean/normal/20260901T121731Z-020668b2ab27545a85760cd4-dg-6acd63300299-000065_ch1.wav,3DPrinter/test/section_00_test_000107.wav,6dc119408b04dbdf7c2228a678ec1db0ad573699c3c8990fbcec50f7be13d94e,960044,197368800,197848800,5e0576f9dbb0e62b3138658f8f8f6fdc07252b3c854e2dbbce31707bb5e11106,0,0,d0184586161e6d79cd845b0c9903ffeece11cdd4d595aa29a90942340f8dba7e,saved_rule_based,0.51
section_00_test_000108,test,source,normal,A,20260901T121731Z-020668b2ab27545a85760cd4,20260901T121731Z-020668b2ab27545a85760cd4-dg-6acd63300299-000104,1,none,none,slow,normal-slow-3,rear,normal,clipped/audio_event_clean/normal/20260901T121731Z-020668b2ab27545a85760cd4-dg-6acd63300299-000104_ch1.wav,3DPrinter/test/section_00_test_000108.wav,c6f3836ab69aaa5fb564ed0a5f6bddf453dadf320765d3d3377a0b30b3294216,960044,216088800,216568800,5e0576f9dbb0e62b3138658f8f8f6fdc07252b3c854e2dbbce31707bb5e11106,0,0,d0184586161e6d79cd845b0c9903ffeece11cdd4d595aa29a90942340f8dba7e,saved_rule_based,0.51
section_00_test_000109,test,source,normal,A,20260901T121731Z-020668b2ab27545a85760cd4,20260901T121731Z-020668b2ab27545a85760cd4-dg-6acd63300299-000116,1,none,none,slow,normal-slow-3,rear,normal,clipped/audio_event_clean/normal/20260901T121731Z-020668b2ab27545a85760cd4-dg-6acd63300299-000116_ch1.wav,3DPrinter/test/section_00_test_000109.wav,b1c948a8126be0793c37c120106e99e371d2c73f3f3482f4abafb2ba14f65c8d,960044,221848800,222328800,5e0576f9dbb0e62b3138658f8f8f6fdc07252b3c854e2dbbce31707bb5e11106,0,0,d0184586161e6d79cd845b0c9903ffeece11cdd4d595aa29a90942340f8dba7e,saved_rule_based,0.51
section_00_test_000110,test,source,normal,A,20260901T121731Z-020668b2ab27545a85760cd4,20260901T121731Z-020668b2ab27545a85760cd4-dg-6acd63300299-000127,1,none,none,slow,normal-slow-3,rear,normal,clipped/audio_event_clean/normal/20260901T121731Z-020668b2ab27545a85760cd4-dg-6acd63300299-000127_ch1.wav,3DPrinter/test/section_00_test_000110.wav,439c1dc46c755b0ac1184c835e3916a5eab1899f6fdb84a105b0f8bc439b8dd1,960044,227128800,227608800,5e0576f9dbb0e62b3138658f8f8f6fdc07252b3c854e2dbbce31707bb5e11106,0,0,d0184586161e6d79cd845b0c9903ffeece11cdd4d595aa29a90942340f8dba7e,saved_rule_based,0.51
section_00_test_000111,test,source,normal,A,20260901T121731Z-020668b2ab27545a85760cd4,20260901T121731Z-020668b2ab27545a85760cd4-dg-6acd63300299-000132,1,none,none,slow,normal-slow-3,rear,normal,clipped/audio_event_clean/normal/20260901T121731Z-020668b2ab27545a85760cd4-dg-6acd63300299-000132_ch1.wav,3DPrinter/test/section_00_test_000111.wav,7770dfccecaded9cb7b24c5fd3877c57a6aa2e6ba5e69753a326232bda1e5204,960044,229528800,230008800,5e0576f9dbb0e62b3138658f8f8f6fdc07252b3c854e2dbbce31707bb5e11106,0,0,d0184586161e6d79cd845b0c9903ffeece11cdd4d595aa29a90942340f8dba7e,saved_rule_based,0.51
section_00_test_000112,test,source,normal,A,20260901T121731Z-020668b2ab27545a85760cd4,20260901T121731Z-020668b2ab27545a85760cd4-dg-6acd63300299-000137,1,none,none,slow,normal-slow-3,rear,normal,clipped/audio_event_clean/normal/20260901T121731Z-020668b2ab27545a85760cd4-dg-6acd63300299-000137_ch1.wav,3DPrinter/test/section_00_test_000112.wav,19567da012129c05e9a251e3d41c901fbaffd705a9f2dcf2aa9d4910a40994c3,960044,231928800,232408800,5e0576f9dbb0e62b3138658f8f8f6fdc07252b3c854e2dbbce31707bb5e11106,0,0,d0184586161e6d79cd845b0c9903ffeece11cdd4d595aa29a90942340f8dba7e,saved_rule_based,0.51
section_00_test_000113,test,source,normal,A,20260901T121731Z-020668b2ab27545a85760cd4,20260901T121731Z-020668b2ab27545a85760cd4-dg-6acd63300299-000149,1,none,none,slow,normal-slow-3,rear,normal,clipped/audio_event_clean/normal/20260901T121731Z-020668b2ab27545a85760cd4-dg-6acd63300299-000149_ch1.wav,3DPrinter/test/section_00_test_000113.wav,485c4eaa9ae40312904eeeaa4799a653c5cb4f3fb8858bd8a0c40bcbf6546e3c,960044,237688800,238168800,5e0576f9dbb0e62b3138658f8f8f6fdc07252b3c854e2dbbce31707bb5e11106,0,0,d0184586161e6d79cd845b0c9903ffeece11cdd4d595aa29a90942340f8dba7e,saved_rule_based,0.51
section_00_test_000114,test,source,normal,A,20260901T121731Z-020668b2ab27545a85760cd4,20260901T121731Z-020668b2ab27545a85760cd4-dg-6acd63300299-000158,1,none,none,slow,normal-slow-3,rear,normal,clipped/audio_event_clean/normal/20260901T121731Z-020668b2ab27545a85760cd4-dg-6acd63300299-000158_ch1.wav,3DPrinter/test/section_00_test_000114.wav,9ac3b24127c0e669820ad51ed744395c01811dd5cd8dfaf46aba839b57e8c0b0,960044,242008800,242488800,5e0576f9dbb0e62b3138658f8f8f6fdc07252b3c854e2dbbce31707bb5e11106,0,0,d0184586161e6d79cd845b0c9903ffeece11cdd4d595aa29a90942340f8dba7e,saved_rule_based,0.51
section_00_test_000115,test,source,normal,A,20260901T121731Z-020668b2ab27545a85760cd4,20260901T121731Z-020668b2ab27545a85760cd4-dg-6acd63300299-000165,1,none,none,slow,normal-slow-3,rear,normal,clipped/audio_event_clean/normal/20260901T121731Z-020668b2ab27545a85760cd4-dg-6acd63300299-000165_ch1.wav,3DPrinter/test/section_00_test_000115.wav,0a5117e264a8b30c323e9b48b9be6a29533bb7639243d1514794a61a3a175603,960044,245368800,245848800,5e0576f9dbb0e62b3138658f8f8f6fdc07252b3c854e2dbbce31707bb5e11106,0,0,d0184586161e6d79cd845b0c9903ffeece11cdd4d595aa29a90942340f8dba7e,saved_rule_based,0.51
section_00_test_000116,test,source,normal,A,20260901T121731Z-020668b2ab27545a85760cd4,20260901T121731Z-020668b2ab27545a85760cd4-dg-6acd63300299-000167,1,none,none,slow,normal-slow-3,rear,normal,clipped/audio_event_clean/normal/20260901T121731Z-020668b2ab27545a85760cd4-dg-6acd63300299-000167_ch1.wav,3DPrinter/test/section_00_test_000116.wav,24d7dca95bf1b96c5705580d7d706dae2994ee2e692ccdafdf802d9f5ccb67d5,960044,246328800,246808800,5e0576f9dbb0e62b3138658f8f8f6fdc07252b3c854e2dbbce31707bb5e11106,0,0,d0184586161e6d79cd845b0c9903ffeece11cdd4d595aa29a90942340f8dba7e,saved_rule_based,0.51
section_00_test_000117,test,source,normal,A,20260901T121731Z-020668b2ab27545a85760cd4,20260901T121731Z-020668b2ab27545a85760cd4-dg-6acd63300299-000174,1,none,none,slow,normal-slow-3,rear,normal,clipped/audio_event_clean/normal/20260901T121731Z-020668b2ab27545a85760cd4-dg-6acd63300299-000174_ch1.wav,3DPrinter/test/section_00_test_000117.wav,425c210190b0bfa3d04ba878540b3782b582c7246d4d4bc679353ecd18212ffb,960044,249688800,250168800,5e0576f9dbb0e62b3138658f8f8f6fdc07252b3c854e2dbbce31707bb5e11106,0,0,d0184586161e6d79cd845b0c9903ffeece11cdd4d595aa29a90942340f8dba7e,saved_rule_based,0.51
section_00_test_000118,test,source,normal,A,20260901T121731Z-020668b2ab27545a85760cd4,20260901T121731Z-020668b2ab27545a85760cd4-dg-6acd63300299-000198,1,none,none,slow,normal-slow-3,rear,normal,clipped/audio_event_clean/normal/20260901T121731Z-020668b2ab27545a85760cd4-dg-6acd63300299-000198_ch1.wav,3DPrinter/test/section_00_test_000118.wav,5307ea803b64c5fbc83b3a4411f8b5d1c6922aec6eef3ed647b81e1cb986ef61,960044,261208800,261688800,5e0576f9dbb0e62b3138658f8f8f6fdc07252b3c854e2dbbce31707bb5e11106,0,0,d0184586161e6d79cd845b0c9903ffeece11cdd4d595aa29a90942340f8dba7e,saved_rule_based,0.51
section_00_test_000119,test,source,normal,A,20260901T121731Z-020668b2ab27545a85760cd4,20260901T121731Z-020668b2ab27545a85760cd4-dg-6acd63300299-000208,1,none,none,slow,normal-slow-3,rear,normal,clipped/audio_event_clean/normal/20260901T121731Z-020668b2ab27545a85760cd4-dg-6acd63300299-000208_ch1.wav,3DPrinter/test/section_00_test_000119.wav,d9c21482e0558927ff9500c79c7e1c7b949172337fde7da7aaf5d6da6aa5e24f,960044,266008800,266488800,5e0576f9dbb0e62b3138658f8f8f6fdc07252b3c854e2dbbce31707bb5e11106,0,0,d0184586161e6d79cd845b0c9903ffeece11cdd4d595aa29a90942340f8dba7e,saved_rule_based,0.51
section_00_test_000120,test,source,normal,A,20260901T121731Z-020668b2ab27545a85760cd4,20260901T121731Z-020668b2ab27545a85760cd4-dg-6acd63300299-000212,1,none,none,slow,normal-slow-3,rear,normal,clipped/audio_event_clean/normal/20260901T121731Z-020668b2ab27545a85760cd4-dg-6acd63300299-000212_ch1.wav,3DPrinter/test/section_00_test_000120.wav,2d8d05787037438b061a639bda4e42ad0c54f5b0834d64ed0c37b04e202d906c,960044,267928800,268408800,5e0576f9dbb0e62b3138658f8f8f6fdc07252b3c854e2dbbce31707bb5e11106,0,0,d0184586161e6d79cd845b0c9903ffeece11cdd4d595aa29a90942340f8dba7e,saved_rule_based,0.51
section_00_test_000121,test,source,normal,A,20260901T121731Z-020668b2ab27545a85760cd4,20260901T121731Z-020668b2ab27545a85760cd4-dg-6acd63300299-000229,1,none,none,slow,normal-slow-3,rear,normal,clipped/audio_event_clean/normal/20260901T121731Z-020668b2ab27545a85760cd4-dg-6acd63300299-000229_ch1.wav,3DPrinter/test/section_00_test_000121.wav,020bf6a8f6e247bb6f21648ca0a645fbe5e39d10ad9591f84e6818c98f75a39a,960044,276088800,276568800,5e0576f9dbb0e62b3138658f8f8f6fdc07252b3c854e2dbbce31707bb5e11106,0,0,d0184586161e6d79cd845b0c9903ffeece11cdd4d595aa29a90942340f8dba7e,saved_rule_based,0.51
section_00_test_000122,test,source,normal,A,20260901T121731Z-020668b2ab27545a85760cd4,20260901T121731Z-020668b2ab27545a85760cd4-dg-6acd63300299-000255,1,none,none,slow,normal-slow-3,rear,normal,clipped/audio_event_clean/normal/20260901T121731Z-020668b2ab27545a85760cd4-dg-6acd63300299-000255_ch1.wav,3DPrinter/test/section_00_test_000122.wav,c98e5cc581f049eaef1333b427ce799d85f23f4c0440a8785d8886a8564acc34,960044,288568800,289048800,5e0576f9dbb0e62b3138658f8f8f6fdc07252b3c854e2dbbce31707bb5e11106,0,0,d0184586161e6d79cd845b0c9903ffeece11cdd4d595aa29a90942340f8dba7e,saved_rule_based,0.51
section_00_test_000123,test,source,normal,A,20260901T121731Z-020668b2ab27545a85760cd4,20260901T121731Z-020668b2ab27545a85760cd4-dg-6acd63300299-000270,1,none,none,slow,normal-slow-3,rear,normal,clipped/audio_event_clean/normal/20260901T121731Z-020668b2ab27545a85760cd4-dg-6acd63300299-000270_ch1.wav,3DPrinter/test/section_00_test_000123.wav,6445b3956344c2d7f605fc309102e2612c7434d445dfcbda169bc923ce2ad99a,960044,295768800,296248800,5e0576f9dbb0e62b3138658f8f8f6fdc07252b3c854e2dbbce31707bb5e11106,0,0,d0184586161e6d79cd845b0c9903ffeece11cdd4d595aa29a90942340f8dba7e,saved_rule_based,0.51
section_00_test_000124,test,source,normal,A,20260901T121731Z-020668b2ab27545a85760cd4,20260901T121731Z-020668b2ab27545a85760cd4-dg-6acd63300299-000312,1,none,none,slow,normal-slow-3,rear,normal,clipped/audio_event_clean/normal/20260901T121731Z-020668b2ab27545a85760cd4-dg-6acd63300299-000312_ch1.wav,3DPrinter/test/section_00_test_000124.wav,f7894e197d6951415ec57c120b851c4a8c8f8f9f4f3a47429e2e78e25ee27be7,960044,315928800,316408800,5e0576f9dbb0e62b3138658f8f8f6fdc07252b3c854e2dbbce31707bb5e11106,0,0,d0184586161e6d79cd845b0c9903ffeece11cdd4d595aa29a90942340f8dba7e,saved_rule_based,0.51
section_00_test_000125,test,source,normal,A,20260901T121731Z-020668b2ab27545a85760cd4,20260901T121731Z-020668b2ab27545a85760cd4-dg-6acd63300299-000002,3,none,none,slow,normal-slow-3,front,normal,clipped/audio_event_clean/normal/20260901T121731Z-020668b2ab27545a85760cd4-dg-6acd63300299-000002_ch3.wav,3DPrinter/test/section_00_test_000125.wav,8443b51ac63a20f75f7bfdcfb82cec5bf4313a8fa844a0003309692edaa7a731,960044,167128800,167608800,5e0576f9dbb0e62b3138658f8f8f6fdc07252b3c854e2dbbce31707bb5e11106,0,0,d0184586161e6d79cd845b0c9903ffeece11cdd4d595aa29a90942340f8dba7e,saved_rule_based,0.51
section_00_test_000126,test,source,normal,A,20260901T121731Z-020668b2ab27545a85760cd4,20260901T121731Z-020668b2ab27545a85760cd4-dg-6acd63300299-000019,3,none,none,slow,normal-slow-3,front,normal,clipped/audio_event_clean/normal/20260901T121731Z-020668b2ab27545a85760cd4-dg-6acd63300299-000019_ch3.wav,3DPrinter/test/section_00_test_000126.wav,d431945cb08457e82edc830483f4244215c1226609cf952ecc3394dcf44767c3,960044,175288800,175768800,5e0576f9dbb0e62b3138658f8f8f6fdc07252b3c854e2dbbce31707bb5e11106,0,0,d0184586161e6d79cd845b0c9903ffeece11cdd4d595aa29a90942340f8dba7e,saved_rule_based,0.51
section_00_test_000127,test,source,normal,A,20260901T121731Z-020668b2ab27545a85760cd4,20260901T121731Z-020668b2ab27545a85760cd4-dg-6acd63300299-000027,3,none,none,slow,normal-slow-3,front,normal,clipped/audio_event_clean/normal/20260901T121731Z-020668b2ab27545a85760cd4-dg-6acd63300299-000027_ch3.wav,3DPrinter/test/section_00_test_000127.wav,b267d4bcfa9e02c37b74a4c476e968a5628c5c75eb525401a5a8dc576ae733cb,960044,179128800,179608800,5e0576f9dbb0e62b3138658f8f8f6fdc07252b3c854e2dbbce31707bb5e11106,0,0,d0184586161e6d79cd845b0c9903ffeece11cdd4d595aa29a90942340f8dba7e,saved_rule_based,0.51
section_00_test_000128,test,source,normal,A,20260901T121731Z-020668b2ab27545a85760cd4,20260901T121731Z-020668b2ab27545a85760cd4-dg-6acd63300299-000028,3,none,none,slow,normal-slow-3,front,normal,clipped/audio_event_clean/normal/20260901T121731Z-020668b2ab27545a85760cd4-dg-6acd63300299-000028_ch3.wav,3DPrinter/test/section_00_test_000128.wav,912ec84d293396705fb5484f72b8d73634bdd15515267900fadc989e21a8e529,960044,179608800,180088800,5e0576f9dbb0e62b3138658f8f8f6fdc07252b3c854e2dbbce31707bb5e11106,0,0,d0184586161e6d79cd845b0c9903ffeece11cdd4d595aa29a90942340f8dba7e,saved_rule_based,0.51
section_00_test_000129,test,source,normal,A,20260901T121731Z-020668b2ab27545a85760cd4,20260901T121731Z-020668b2ab27545a85760cd4-dg-6acd63300299-000055,3,none,none,slow,normal-slow-3,front,normal,clipped/audio_event_clean/normal/20260901T121731Z-020668b2ab27545a85760cd4-dg-6acd63300299-000055_ch3.wav,3DPrinter/test/section_00_test_000129.wav,950978f5826642a4d4baf9131cfa55998622f376f74746fd2c40d8d9a9d20e40,960044,192568800,193048800,5e0576f9dbb0e62b3138658f8f8f6fdc07252b3c854e2dbbce31707bb5e11106,0,0,d0184586161e6d79cd845b0c9903ffeece11cdd4d595aa29a90942340f8dba7e,saved_rule_based,0.51
section_00_test_000130,test,source,normal,A,20260901T121731Z-020668b2ab27545a85760cd4,20260901T121731Z-020668b2ab27545a85760cd4-dg-6acd63300299-000068,3,none,none,slow,normal-slow-3,front,normal,clipped/audio_event_clean/normal/20260901T121731Z-020668b2ab27545a85760cd4-dg-6acd63300299-000068_ch3.wav,3DPrinter/test/section_00_test_000130.wav,4ed8312eb6ce917928b51a0afdf5ab32bc65947d7af765766af68e11e024954a,960044,198808800,199288800,5e0576f9dbb0e62b3138658f8f8f6fdc07252b3c854e2dbbce31707bb5e11106,0,0,d0184586161e6d79cd845b0c9903ffeece11cdd4d595aa29a90942340f8dba7e,saved_rule_based,0.51
section_00_test_000131,test,source,normal,A,20260901T121731Z-020668b2ab27545a85760cd4,20260901T121731Z-020668b2ab27545a85760cd4-dg-6acd63300299-000084,3,none,none,slow,normal-slow-3,front,normal,clipped/audio_event_clean/normal/20260901T121731Z-020668b2ab27545a85760cd4-dg-6acd63300299-000084_ch3.wav,3DPrinter/test/section_00_test_000131.wav,0f87ce427e582f99bdf1d28c62503f61008c7bc8ae6a4df991cd251188c0e881,960044,206488800,206968800,5e0576f9dbb0e62b3138658f8f8f6fdc07252b3c854e2dbbce31707bb5e11106,0,0,d0184586161e6d79cd845b0c9903ffeece11cdd4d595aa29a90942340f8dba7e,saved_rule_based,0.51
section_00_test_000132,test,source,normal,A,20260901T121731Z-020668b2ab27545a85760cd4,20260901T121731Z-020668b2ab27545a85760cd4-dg-6acd63300299-000092,3,none,none,slow,normal-slow-3,front,normal,clipped/audio_event_clean/normal/20260901T121731Z-020668b2ab27545a85760cd4-dg-6acd63300299-000092_ch3.wav,3DPrinter/test/section_00_test_000132.wav,38bb59c9a4a3b10e0faea33d4b55130d940613c6b84752651a221952ac480c6e,960044,210328800,210808800,5e0576f9dbb0e62b3138658f8f8f6fdc07252b3c854e2dbbce31707bb5e11106,0,0,d0184586161e6d79cd845b0c9903ffeece11cdd4d595aa29a90942340f8dba7e,saved_rule_based,0.51
section_00_test_000133,test,source,normal,A,20260901T121731Z-020668b2ab27545a85760cd4,20260901T121731Z-020668b2ab27545a85760cd4-dg-6acd63300299-000108,3,none,none,slow,normal-slow-3,front,normal,clipped/audio_event_clean/normal/20260901T121731Z-020668b2ab27545a85760cd4-dg-6acd63300299-000108_ch3.wav,3DPrinter/test/section_00_test_000133.wav,30d9774dcc4a56de5dc8a1b03e6301fa7ce49385f236c6404daa7aee1ee821c3,960044,218008800,218488800,5e0576f9dbb0e62b3138658f8f8f6fdc07252b3c854e2dbbce31707bb5e11106,0,0,d0184586161e6d79cd845b0c9903ffeece11cdd4d595aa29a90942340f8dba7e,saved_rule_based,0.51
section_00_test_000134,test,source,normal,A,20260901T121731Z-020668b2ab27545a85760cd4,20260901T121731Z-020668b2ab27545a85760cd4-dg-6acd63300299-000123,3,none,none,slow,normal-slow-3,front,normal,clipped/audio_event_clean/normal/20260901T121731Z-020668b2ab27545a85760cd4-dg-6acd63300299-000123_ch3.wav,3DPrinter/test/section_00_test_000134.wav,39d6b98fad2b3562e1177a1ed93b7e0ff4bd54b53a843ec2582df4773ae695eb,960044,225208800,225688800,5e0576f9dbb0e62b3138658f8f8f6fdc07252b3c854e2dbbce31707bb5e11106,0,0,d0184586161e6d79cd845b0c9903ffeece11cdd4d595aa29a90942340f8dba7e,saved_rule_based,0.51
section_00_test_000135,test,source,normal,A,20260901T121731Z-020668b2ab27545a85760cd4,20260901T121731Z-020668b2ab27545a85760cd4-dg-6acd63300299-000125,3,none,none,slow,normal-slow-3,front,normal,clipped/audio_event_clean/normal/20260901T121731Z-020668b2ab27545a85760cd4-dg-6acd63300299-000125_ch3.wav,3DPrinter/test/section_00_test_000135.wav,b0ee26fd622cecd55f93086fd16119faeffc73502493b127cce81d216ca4b769,960044,226168800,226648800,5e0576f9dbb0e62b3138658f8f8f6fdc07252b3c854e2dbbce31707bb5e11106,0,0,d0184586161e6d79cd845b0c9903ffeece11cdd4d595aa29a90942340f8dba7e,saved_rule_based,0.51
section_00_test_000136,test,source,normal,A,20260901T121731Z-020668b2ab27545a85760cd4,20260901T121731Z-020668b2ab27545a85760cd4-dg-6acd63300299-000129,3,none,none,slow,normal-slow-3,front,normal,clipped/audio_event_clean/normal/20260901T121731Z-020668b2ab27545a85760cd4-dg-6acd63300299-000129_ch3.wav,3DPrinter/test/section_00_test_000136.wav,9140f192eb3b2456efe51db07ced7b4eeae34784b733f6d6260e3549c34725b3,960044,228088800,228568800,5e0576f9dbb0e62b3138658f8f8f6fdc07252b3c854e2dbbce31707bb5e11106,0,0,d0184586161e6d79cd845b0c9903ffeece11cdd4d595aa29a90942340f8dba7e,saved_rule_based,0.51
section_00_test_000137,test,source,normal,A,20260901T121731Z-020668b2ab27545a85760cd4,20260901T121731Z-020668b2ab27545a85760cd4-dg-6acd63300299-000155,3,none,none,slow,normal-slow-3,front,normal,clipped/audio_event_clean/normal/20260901T121731Z-020668b2ab27545a85760cd4-dg-6acd63300299-000155_ch3.wav,3DPrinter/test/section_00_test_000137.wav,c5c00cfa279849699d6e5da6f9e066e0366482ab122345b37952c3a488ec832f,960044,240568800,241048800,5e0576f9dbb0e62b3138658f8f8f6fdc07252b3c854e2dbbce31707bb5e11106,0,0,d0184586161e6d79cd845b0c9903ffeece11cdd4d595aa29a90942340f8dba7e,saved_rule_based,0.51
section_00_test_000138,test,source,normal,A,20260901T121731Z-020668b2ab27545a85760cd4,20260901T121731Z-020668b2ab27545a85760cd4-dg-6acd63300299-000159,3,none,none,slow,normal-slow-3,front,normal,clipped/audio_event_clean/normal/20260901T121731Z-020668b2ab27545a85760cd4-dg-6acd63300299-000159_ch3.wav,3DPrinter/test/section_00_test_000138.wav,8444f529abb4bb63e7f4fde1e88f62e7429102c7506abe80ecdf07b66bccd37a,960044,242488800,242968800,5e0576f9dbb0e62b3138658f8f8f6fdc07252b3c854e2dbbce31707bb5e11106,0,0,d0184586161e6d79cd845b0c9903ffeece11cdd4d595aa29a90942340f8dba7e,saved_rule_based,0.51
section_00_test_000139,test,source,normal,A,20260901T121731Z-020668b2ab27545a85760cd4,20260901T121731Z-020668b2ab27545a85760cd4-dg-6acd63300299-000164,3,none,none,slow,normal-slow-3,front,normal,clipped/audio_event_clean/normal/20260901T121731Z-020668b2ab27545a85760cd4-dg-6acd63300299-000164_ch3.wav,3DPrinter/test/section_00_test_000139.wav,2c20572b7366cdcd1366d5b747ff772f60e7bbc521bba6990a00be127e237028,960044,244888800,245368800,5e0576f9dbb0e62b3138658f8f8f6fdc07252b3c854e2dbbce31707bb5e11106,0,0,d0184586161e6d79cd845b0c9903ffeece11cdd4d595aa29a90942340f8dba7e,saved_rule_based,0.51
section_00_test_000140,test,source,normal,A,20260901T121731Z-020668b2ab27545a85760cd4,20260901T121731Z-020668b2ab27545a85760cd4-dg-6acd63300299-000172,3,none,none,slow,normal-slow-3,front,normal,clipped/audio_event_clean/normal/20260901T121731Z-020668b2ab27545a85760cd4-dg-6acd63300299-000172_ch3.wav,3DPrinter/test/section_00_test_000140.wav,e13e4bb126f8911108cdb5c74625717e224cc6ac6994f3178e534dc179fda30c,960044,248728800,249208800,5e0576f9dbb0e62b3138658f8f8f6fdc07252b3c854e2dbbce31707bb5e11106,0,0,d0184586161e6d79cd845b0c9903ffeece11cdd4d595aa29a90942340f8dba7e,saved_rule_based,0.51
section_00_test_000141,test,source,normal,A,20260901T121731Z-020668b2ab27545a85760cd4,20260901T121731Z-020668b2ab27545a85760cd4-dg-6acd63300299-000193,3,none,none,slow,normal-slow-3,front,normal,clipped/audio_event_clean/normal/20260901T121731Z-020668b2ab27545a85760cd4-dg-6acd63300299-000193_ch3.wav,3DPrinter/test/section_00_test_000141.wav,7da9824d7c90c495a12b6a99a5baa5c7a5da2703c1923b6a81fad0f3f4ddd8f5,960044,258808800,259288800,5e0576f9dbb0e62b3138658f8f8f6fdc07252b3c854e2dbbce31707bb5e11106,0,0,d0184586161e6d79cd845b0c9903ffeece11cdd4d595aa29a90942340f8dba7e,saved_rule_based,0.51
section_00_test_000142,test,source,normal,A,20260901T121731Z-020668b2ab27545a85760cd4,20260901T121731Z-020668b2ab27545a85760cd4-dg-6acd63300299-000225,3,none,none,slow,normal-slow-3,front,normal,clipped/audio_event_clean/normal/20260901T121731Z-020668b2ab27545a85760cd4-dg-6acd63300299-000225_ch3.wav,3DPrinter/test/section_00_test_000142.wav,0b489a56366d5e6073d84649c488162a10e43c3710be401e20207acd62ff1f98,960044,274168800,274648800,5e0576f9dbb0e62b3138658f8f8f6fdc07252b3c854e2dbbce31707bb5e11106,0,0,d0184586161e6d79cd845b0c9903ffeece11cdd4d595aa29a90942340f8dba7e,saved_rule_based,0.51
section_00_test_000143,test,source,normal,A,20260901T121731Z-020668b2ab27545a85760cd4,20260901T121731Z-020668b2ab27545a85760cd4-dg-6acd63300299-000242,3,none,none,slow,normal-slow-3,front,normal,clipped/audio_event_clean/normal/20260901T121731Z-020668b2ab27545a85760cd4-dg-6acd63300299-000242_ch3.wav,3DPrinter/test/section_00_test_000143.wav,afc5821dfbe22dc57d300b474222faf8c4a83601fe810504c31e3756a914cb38,960044,282328800,282808800,5e0576f9dbb0e62b3138658f8f8f6fdc07252b3c854e2dbbce31707bb5e11106,0,0,d0184586161e6d79cd845b0c9903ffeece11cdd4d595aa29a90942340f8dba7e,saved_rule_based,0.51
section_00_test_000144,test,source,normal,A,20260901T121731Z-020668b2ab27545a85760cd4,20260901T121731Z-020668b2ab27545a85760cd4-dg-6acd63300299-000245,3,none,none,slow,normal-slow-3,front,normal,clipped/audio_event_clean/normal/20260901T121731Z-020668b2ab27545a85760cd4-dg-6acd63300299-000245_ch3.wav,3DPrinter/test/section_00_test_000144.wav,08e9cfed7c54fd25a4fd02ea90e23095597403c659ac1f6f6ccf1659c8e3fe1f,960044,283768800,284248800,5e0576f9dbb0e62b3138658f8f8f6fdc07252b3c854e2dbbce31707bb5e11106,0,0,d0184586161e6d79cd845b0c9903ffeece11cdd4d595aa29a90942340f8dba7e,saved_rule_based,0.51
section_00_test_000145,test,source,normal,A,20260901T121731Z-020668b2ab27545a85760cd4,20260901T121731Z-020668b2ab27545a85760cd4-dg-6acd63300299-000259,3,none,none,slow,normal-slow-3,front,normal,clipped/audio_event_clean/normal/20260901T121731Z-020668b2ab27545a85760cd4-dg-6acd63300299-000259_ch3.wav,3DPrinter/test/section_00_test_000145.wav,5af8acb5a5710191764250adab231f289fe5e2489614d040bf67ae535fff2cbe,960044,290488800,290968800,5e0576f9dbb0e62b3138658f8f8f6fdc07252b3c854e2dbbce31707bb5e11106,0,0,d0184586161e6d79cd845b0c9903ffeece11cdd4d595aa29a90942340f8dba7e,saved_rule_based,0.51
section_00_test_000146,test,source,normal,A,20260901T121731Z-020668b2ab27545a85760cd4,20260901T121731Z-020668b2ab27545a85760cd4-dg-6acd63300299-000260,3,none,none,slow,normal-slow-3,front,normal,clipped/audio_event_clean/normal/20260901T121731Z-020668b2ab27545a85760cd4-dg-6acd63300299-000260_ch3.wav,3DPrinter/test/section_00_test_000146.wav,f970addf272d6250f8280e25e3a955aa0746205e88194e2a6ae3a3119ee28cb4,960044,290968800,291448800,5e0576f9dbb0e62b3138658f8f8f6fdc07252b3c854e2dbbce31707bb5e11106,0,0,d0184586161e6d79cd845b0c9903ffeece11cdd4d595aa29a90942340f8dba7e,saved_rule_based,0.51
section_00_test_000147,test,source,normal,A,20260901T121731Z-020668b2ab27545a85760cd4,20260901T121731Z-020668b2ab27545a85760cd4-dg-6acd63300299-000263,3,none,none,slow,normal-slow-3,front,normal,clipped/audio_event_clean/normal/20260901T121731Z-020668b2ab27545a85760cd4-dg-6acd63300299-000263_ch3.wav,3DPrinter/test/section_00_test_000147.wav,3a821b8585f78b3143f3b3faf03d0518c4170418321c9a8af0680807bdebad1c,960044,292408800,292888800,5e0576f9dbb0e62b3138658f8f8f6fdc07252b3c854e2dbbce31707bb5e11106,0,0,d0184586161e6d79cd845b0c9903ffeece11cdd4d595aa29a90942340f8dba7e,saved_rule_based,0.51
section_00_test_000148,test,source,normal,A,20260901T121731Z-020668b2ab27545a85760cd4,20260901T121731Z-020668b2ab27545a85760cd4-dg-6acd63300299-000285,3,none,none,slow,normal-slow-3,front,normal,clipped/audio_event_clean/normal/20260901T121731Z-020668b2ab27545a85760cd4-dg-6acd63300299-000285_ch3.wav,3DPrinter/test/section_00_test_000148.wav,ba8a64243dc8da214f82f84b295782b3edbc17fbe861765de4a3e39c46605787,960044,302968800,303448800,5e0576f9dbb0e62b3138658f8f8f6fdc07252b3c854e2dbbce31707bb5e11106,0,0,d0184586161e6d79cd845b0c9903ffeece11cdd4d595aa29a90942340f8dba7e,saved_rule_based,0.51
section_00_test_000149,test,source,normal,A,20260901T121731Z-020668b2ab27545a85760cd4,20260901T121731Z-020668b2ab27545a85760cd4-dg-6acd63300299-000305,3,none,none,slow,normal-slow-3,front,normal,clipped/audio_event_clean/normal/20260901T121731Z-020668b2ab27545a85760cd4-dg-6acd63300299-000305_ch3.wav,3DPrinter/test/section_00_test_000149.wav,5b39a8fbce94647776671ec450dfa569317447710e959e5121657f45602f3b15,960044,312568800,313048800,5e0576f9dbb0e62b3138658f8f8f6fdc07252b3c854e2dbbce31707bb5e11106,0,0,d0184586161e6d79cd845b0c9903ffeece11cdd4d595aa29a90942340f8dba7e,saved_rule_based,0.51
section_00_test_000150,test,source,normal,B,20260904T181815Z-34f9bd77290592aace48ae82,20260904T181815Z-34f9bd77290592aace48ae82-dg-615b3981072d-000004,1,none,none,slow,normal-slow-3,rear,normal,clipped/audio_event_clean/normal/20260904T181815Z-34f9bd77290592aace48ae82-dg-615b3981072d-000004_ch1.wav,3DPrinter/test/section_00_test_000150.wav,1fb0be8f891c623dd376838aea16eb57da202336f8a9c19dcba8c4dada9108d7,960044,616248000,616728000,7403aa2bd6a7fb9d1933ea5c51ea305371179867a308a258dcd214de7b5e6827,0,0,13c869d9ddcbc5da5b8dc1aefd223cd50895e7fff08a9092e764dce76e684c88,saved_rule_based,1.67
section_00_test_000151,test,source,normal,B,20260904T181815Z-34f9bd77290592aace48ae82,20260904T181815Z-34f9bd77290592aace48ae82-dg-615b3981072d-000011,1,none,none,slow,normal-slow-3,rear,normal,clipped/audio_event_clean/normal/20260904T181815Z-34f9bd77290592aace48ae82-dg-615b3981072d-000011_ch1.wav,3DPrinter/test/section_00_test_000151.wav,e277f89ecaf0810356ff31b5bc941878f612822417ad94ed494623f9bb048dc9,960044,619608000,620088000,7403aa2bd6a7fb9d1933ea5c51ea305371179867a308a258dcd214de7b5e6827,0,0,13c869d9ddcbc5da5b8dc1aefd223cd50895e7fff08a9092e764dce76e684c88,saved_rule_based,1.67
section_00_test_000152,test,source,normal,B,20260904T181815Z-34f9bd77290592aace48ae82,20260904T181815Z-34f9bd77290592aace48ae82-dg-615b3981072d-000053,1,none,none,slow,normal-slow-3,rear,normal,clipped/audio_event_clean/normal/20260904T181815Z-34f9bd77290592aace48ae82-dg-615b3981072d-000053_ch1.wav,3DPrinter/test/section_00_test_000152.wav,0dd1e3b0f7f12bc0608aec68ae5f98697d8ca0bc11401171b860ac680da014aa,960044,639768000,640248000,7403aa2bd6a7fb9d1933ea5c51ea305371179867a308a258dcd214de7b5e6827,0,0,13c869d9ddcbc5da5b8dc1aefd223cd50895e7fff08a9092e764dce76e684c88,saved_rule_based,1.67
section_00_test_000153,test,source,normal,B,20260904T181815Z-34f9bd77290592aace48ae82,20260904T181815Z-34f9bd77290592aace48ae82-dg-615b3981072d-000058,1,none,none,slow,normal-slow-3,rear,normal,clipped/audio_event_clean/normal/20260904T181815Z-34f9bd77290592aace48ae82-dg-615b3981072d-000058_ch1.wav,3DPrinter/test/section_00_test_000153.wav,f7df4c8054c721cff581a0f9ce45ab7a9d3bc9f069b4fb22fbba054e5f1ff9e5,960044,642168000,642648000,7403aa2bd6a7fb9d1933ea5c51ea305371179867a308a258dcd214de7b5e6827,0,0,13c869d9ddcbc5da5b8dc1aefd223cd50895e7fff08a9092e764dce76e684c88,saved_rule_based,1.67
section_00_test_000154,test,source,normal,B,20260904T181815Z-34f9bd77290592aace48ae82,20260904T181815Z-34f9bd77290592aace48ae82-dg-615b3981072d-000069,1,none,none,slow,normal-slow-3,rear,normal,clipped/audio_event_clean/normal/20260904T181815Z-34f9bd77290592aace48ae82-dg-615b3981072d-000069_ch1.wav,3DPrinter/test/section_00_test_000154.wav,f4e969dc8f5ca541e4e0d148aaade96bdf9e37ba5e5115f883b80ff78f4a5063,960044,647448000,647928000,7403aa2bd6a7fb9d1933ea5c51ea305371179867a308a258dcd214de7b5e6827,0,0,13c869d9ddcbc5da5b8dc1aefd223cd50895e7fff08a9092e764dce76e684c88,saved_rule_based,1.67
section_00_test_000155,test,source,normal,B,20260904T181815Z-34f9bd77290592aace48ae82,20260904T181815Z-34f9bd77290592aace48ae82-dg-615b3981072d-000108,1,none,none,slow,normal-slow-3,rear,normal,clipped/audio_event_clean/normal/20260904T181815Z-34f9bd77290592aace48ae82-dg-615b3981072d-000108_ch1.wav,3DPrinter/test/section_00_test_000155.wav,95f57ecacbfb676de730e6b39c1b44c7dab78d26e5005af774cdc43043edb31a,960044,666168000,666648000,7403aa2bd6a7fb9d1933ea5c51ea305371179867a308a258dcd214de7b5e6827,0,0,13c869d9ddcbc5da5b8dc1aefd223cd50895e7fff08a9092e764dce76e684c88,saved_rule_based,1.67
section_00_test_000156,test,source,normal,B,20260904T181815Z-34f9bd77290592aace48ae82,20260904T181815Z-34f9bd77290592aace48ae82-dg-615b3981072d-000142,1,none,none,slow,normal-slow-3,rear,normal,clipped/audio_event_clean/normal/20260904T181815Z-34f9bd77290592aace48ae82-dg-615b3981072d-000142_ch1.wav,3DPrinter/test/section_00_test_000156.wav,73f4ea06d76eb91093c798bcd1030df3aceca29f4844e8a29ed83090d32c99c1,960044,682488000,682968000,7403aa2bd6a7fb9d1933ea5c51ea305371179867a308a258dcd214de7b5e6827,0,0,13c869d9ddcbc5da5b8dc1aefd223cd50895e7fff08a9092e764dce76e684c88,saved_rule_based,1.67
section_00_test_000157,test,source,normal,B,20260904T181815Z-34f9bd77290592aace48ae82,20260904T181815Z-34f9bd77290592aace48ae82-dg-615b3981072d-000156,1,none,none,slow,normal-slow-3,rear,normal,clipped/audio_event_clean/normal/20260904T181815Z-34f9bd77290592aace48ae82-dg-615b3981072d-000156_ch1.wav,3DPrinter/test/section_00_test_000157.wav,72fdc6ba9c101d63e70943c918e9bbd171206b11f71e19a281063ec5985b6d07,960044,689208000,689688000,7403aa2bd6a7fb9d1933ea5c51ea305371179867a308a258dcd214de7b5e6827,0,0,13c869d9ddcbc5da5b8dc1aefd223cd50895e7fff08a9092e764dce76e684c88,saved_rule_based,1.67
section_00_test_000158,test,source,normal,B,20260904T181815Z-34f9bd77290592aace48ae82,20260904T181815Z-34f9bd77290592aace48ae82-dg-615b3981072d-000161,1,none,none,slow,normal-slow-3,rear,normal,clipped/audio_event_clean/normal/20260904T181815Z-34f9bd77290592aace48ae82-dg-615b3981072d-000161_ch1.wav,3DPrinter/test/section_00_test_000158.wav,8878bfc36e3892909bc18ac8dc11d7b1e977fd5ec13ef2c3e38ed18175fb1306,960044,691608000,692088000,7403aa2bd6a7fb9d1933ea5c51ea305371179867a308a258dcd214de7b5e6827,0,0,13c869d9ddcbc5da5b8dc1aefd223cd50895e7fff08a9092e764dce76e684c88,saved_rule_based,1.67
section_00_test_000159,test,source,normal,B,20260904T181815Z-34f9bd77290592aace48ae82,20260904T181815Z-34f9bd77290592aace48ae82-dg-615b3981072d-000174,1,none,none,slow,normal-slow-3,rear,normal,clipped/audio_event_clean/normal/20260904T181815Z-34f9bd77290592aace48ae82-dg-615b3981072d-000174_ch1.wav,3DPrinter/test/section_00_test_000159.wav,efc1f41c01d6014edcc187791426e020ce945f1d13a9808865b3a5260dcd7739,960044,697848000,698328000,7403aa2bd6a7fb9d1933ea5c51ea305371179867a308a258dcd214de7b5e6827,0,0,13c869d9ddcbc5da5b8dc1aefd223cd50895e7fff08a9092e764dce76e684c88,saved_rule_based,1.67
section_00_test_000160,test,source,normal,B,20260904T181815Z-34f9bd77290592aace48ae82,20260904T181815Z-34f9bd77290592aace48ae82-dg-615b3981072d-000175,1,none,none,slow,normal-slow-3,rear,normal,clipped/audio_event_clean/normal/20260904T181815Z-34f9bd77290592aace48ae82-dg-615b3981072d-000175_ch1.wav,3DPrinter/test/section_00_test_000160.wav,a0ac8dd782c88151c042dbd9d0dd6ae8df1c565d4ce7445c5c50feee1ece16d7,960044,698328000,698808000,7403aa2bd6a7fb9d1933ea5c51ea305371179867a308a258dcd214de7b5e6827,0,0,13c869d9ddcbc5da5b8dc1aefd223cd50895e7fff08a9092e764dce76e684c88,saved_rule_based,1.67
section_00_test_000161,test,source,normal,B,20260904T181815Z-34f9bd77290592aace48ae82,20260904T181815Z-34f9bd77290592aace48ae82-dg-615b3981072d-000181,1,none,none,slow,normal-slow-3,rear,normal,clipped/audio_event_clean/normal/20260904T181815Z-34f9bd77290592aace48ae82-dg-615b3981072d-000181_ch1.wav,3DPrinter/test/section_00_test_000161.wav,a274312c30e9b76b4e3c2278d71ef25d879ea30e4fd68c1c342855a199e8d8b7,960044,701208000,701688000,7403aa2bd6a7fb9d1933ea5c51ea305371179867a308a258dcd214de7b5e6827,0,0,13c869d9ddcbc5da5b8dc1aefd223cd50895e7fff08a9092e764dce76e684c88,saved_rule_based,1.67
section_00_test_000162,test,source,normal,B,20260904T181815Z-34f9bd77290592aace48ae82,20260904T181815Z-34f9bd77290592aace48ae82-dg-615b3981072d-000185,1,none,none,slow,normal-slow-3,rear,normal,clipped/audio_event_clean/normal/20260904T181815Z-34f9bd77290592aace48ae82-dg-615b3981072d-000185_ch1.wav,3DPrinter/test/section_00_test_000162.wav,f8495d4ccfd8edc3881e73b769305a613e78fd5932ea4ec86b1986c0039298d0,960044,703128000,703608000,7403aa2bd6a7fb9d1933ea5c51ea305371179867a308a258dcd214de7b5e6827,0,0,13c869d9ddcbc5da5b8dc1aefd223cd50895e7fff08a9092e764dce76e684c88,saved_rule_based,1.67
section_00_test_000163,test,source,normal,B,20260904T181815Z-34f9bd77290592aace48ae82,20260904T181815Z-34f9bd77290592aace48ae82-dg-615b3981072d-000201,1,none,none,slow,normal-slow-3,rear,normal,clipped/audio_event_clean/normal/20260904T181815Z-34f9bd77290592aace48ae82-dg-615b3981072d-000201_ch1.wav,3DPrinter/test/section_00_test_000163.wav,74cfda949064d9cd3b04843325ab57fffb04b6cee9a5c11d6e334ab7aa4e70e3,960044,710808000,711288000,7403aa2bd6a7fb9d1933ea5c51ea305371179867a308a258dcd214de7b5e6827,0,0,13c869d9ddcbc5da5b8dc1aefd223cd50895e7fff08a9092e764dce76e684c88,saved_rule_based,1.67
section_00_test_000164,test,source,normal,B,20260904T181815Z-34f9bd77290592aace48ae82,20260904T181815Z-34f9bd77290592aace48ae82-dg-615b3981072d-000203,1,none,none,slow,normal-slow-3,rear,normal,clipped/audio_event_clean/normal/20260904T181815Z-34f9bd77290592aace48ae82-dg-615b3981072d-000203_ch1.wav,3DPrinter/test/section_00_test_000164.wav,cfdf3a3fceb4f8fb08767bf9a24f81c21527c6a6dd1d556d1158c4d7a69b20f4,960044,711768000,712248000,7403aa2bd6a7fb9d1933ea5c51ea305371179867a308a258dcd214de7b5e6827,0,0,13c869d9ddcbc5da5b8dc1aefd223cd50895e7fff08a9092e764dce76e684c88,saved_rule_based,1.67
section_00_test_000165,test,source,normal,B,20260904T181815Z-34f9bd77290592aace48ae82,20260904T181815Z-34f9bd77290592aace48ae82-dg-615b3981072d-000207,1,none,none,slow,normal-slow-3,rear,normal,clipped/audio_event_clean/normal/20260904T181815Z-34f9bd77290592aace48ae82-dg-615b3981072d-000207_ch1.wav,3DPrinter/test/section_00_test_000165.wav,3143c28f194df216eb317c4ae32c8816f8a5275669c374aa775be8c30e617194,960044,713688000,714168000,7403aa2bd6a7fb9d1933ea5c51ea305371179867a308a258dcd214de7b5e6827,0,0,13c869d9ddcbc5da5b8dc1aefd223cd50895e7fff08a9092e764dce76e684c88,saved_rule_based,1.67
section_00_test_000166,test,source,normal,B,20260904T181815Z-34f9bd77290592aace48ae82,20260904T181815Z-34f9bd77290592aace48ae82-dg-615b3981072d-000210,1,none,none,slow,normal-slow-3,rear,normal,clipped/audio_event_clean/normal/20260904T181815Z-34f9bd77290592aace48ae82-dg-615b3981072d-000210_ch1.wav,3DPrinter/test/section_00_test_000166.wav,336f4a80c4eb0d88b568a35900b321cadc489b2e21ba6620ef794773613276c0,960044,715128000,715608000,7403aa2bd6a7fb9d1933ea5c51ea305371179867a308a258dcd214de7b5e6827,0,0,13c869d9ddcbc5da5b8dc1aefd223cd50895e7fff08a9092e764dce76e684c88,saved_rule_based,1.67
section_00_test_000167,test,source,normal,B,20260904T181815Z-34f9bd77290592aace48ae82,20260904T181815Z-34f9bd77290592aace48ae82-dg-615b3981072d-000215,1,none,none,slow,normal-slow-3,rear,normal,clipped/audio_event_clean/normal/20260904T181815Z-34f9bd77290592aace48ae82-dg-615b3981072d-000215_ch1.wav,3DPrinter/test/section_00_test_000167.wav,bf6a456965ad3baf1d2c417903f40edd68e27feac6c23b0ea540aad86cd2a8ef,960044,717528000,718008000,7403aa2bd6a7fb9d1933ea5c51ea305371179867a308a258dcd214de7b5e6827,0,0,13c869d9ddcbc5da5b8dc1aefd223cd50895e7fff08a9092e764dce76e684c88,saved_rule_based,1.67
section_00_test_000168,test,source,normal,B,20260904T181815Z-34f9bd77290592aace48ae82,20260904T181815Z-34f9bd77290592aace48ae82-dg-615b3981072d-000230,1,none,none,slow,normal-slow-3,rear,normal,clipped/audio_event_clean/normal/20260904T181815Z-34f9bd77290592aace48ae82-dg-615b3981072d-000230_ch1.wav,3DPrinter/test/section_00_test_000168.wav,c007947c7cf7bb45a63f63804ce1ae6ffab25cc2c4d3a10ad0d0df153b12e65b,960044,724728000,725208000,7403aa2bd6a7fb9d1933ea5c51ea305371179867a308a258dcd214de7b5e6827,0,0,13c869d9ddcbc5da5b8dc1aefd223cd50895e7fff08a9092e764dce76e684c88,saved_rule_based,1.67
section_00_test_000169,test,source,normal,B,20260904T181815Z-34f9bd77290592aace48ae82,20260904T181815Z-34f9bd77290592aace48ae82-dg-615b3981072d-000236,1,none,none,slow,normal-slow-3,rear,normal,clipped/audio_event_clean/normal/20260904T181815Z-34f9bd77290592aace48ae82-dg-615b3981072d-000236_ch1.wav,3DPrinter/test/section_00_test_000169.wav,8413012335f5958e91ebdfb28a6887eff123071951eb03a17d442855037e8f54,960044,727608000,728088000,7403aa2bd6a7fb9d1933ea5c51ea305371179867a308a258dcd214de7b5e6827,0,0,13c869d9ddcbc5da5b8dc1aefd223cd50895e7fff08a9092e764dce76e684c88,saved_rule_based,1.67
section_00_test_000170,test,source,normal,B,20260904T181815Z-34f9bd77290592aace48ae82,20260904T181815Z-34f9bd77290592aace48ae82-dg-615b3981072d-000237,1,none,none,slow,normal-slow-3,rear,normal,clipped/audio_event_clean/normal/20260904T181815Z-34f9bd77290592aace48ae82-dg-615b3981072d-000237_ch1.wav,3DPrinter/test/section_00_test_000170.wav,406cc03ee97f546cd51f373768e1d76e6648c2f1f7d2d0463680014d6f1cfe61,960044,728088000,728568000,7403aa2bd6a7fb9d1933ea5c51ea305371179867a308a258dcd214de7b5e6827,0,0,13c869d9ddcbc5da5b8dc1aefd223cd50895e7fff08a9092e764dce76e684c88,saved_rule_based,1.67
section_00_test_000171,test,source,normal,B,20260904T181815Z-34f9bd77290592aace48ae82,20260904T181815Z-34f9bd77290592aace48ae82-dg-615b3981072d-000242,1,none,none,slow,normal-slow-3,rear,normal,clipped/audio_event_clean/normal/20260904T181815Z-34f9bd77290592aace48ae82-dg-615b3981072d-000242_ch1.wav,3DPrinter/test/section_00_test_000171.wav,49973783859099751c001b22dee356c554deea8b47f951c5e79e32447849d5a5,960044,730488000,730968000,7403aa2bd6a7fb9d1933ea5c51ea305371179867a308a258dcd214de7b5e6827,0,0,13c869d9ddcbc5da5b8dc1aefd223cd50895e7fff08a9092e764dce76e684c88,saved_rule_based,1.67
section_00_test_000172,test,source,normal,B,20260904T181815Z-34f9bd77290592aace48ae82,20260904T181815Z-34f9bd77290592aace48ae82-dg-615b3981072d-000249,1,none,none,slow,normal-slow-3,rear,normal,clipped/audio_event_clean/normal/20260904T181815Z-34f9bd77290592aace48ae82-dg-615b3981072d-000249_ch1.wav,3DPrinter/test/section_00_test_000172.wav,51cb7f7fea6143fb86c974d57001672f72ee2e3bae289298a6535b8ef111cd7d,960044,733848000,734328000,7403aa2bd6a7fb9d1933ea5c51ea305371179867a308a258dcd214de7b5e6827,0,0,13c869d9ddcbc5da5b8dc1aefd223cd50895e7fff08a9092e764dce76e684c88,saved_rule_based,1.67
section_00_test_000173,test,source,normal,B,20260904T181815Z-34f9bd77290592aace48ae82,20260904T181815Z-34f9bd77290592aace48ae82-dg-615b3981072d-000261,1,none,none,slow,normal-slow-3,rear,normal,clipped/audio_event_clean/normal/20260904T181815Z-34f9bd77290592aace48ae82-dg-615b3981072d-000261_ch1.wav,3DPrinter/test/section_00_test_000173.wav,471d75331453e0b3d5b2b7ebc669a3aea4f50c135e3424c67bb5f8b3ad9f9449,960044,739608000,740088000,7403aa2bd6a7fb9d1933ea5c51ea305371179867a308a258dcd214de7b5e6827,0,0,13c869d9ddcbc5da5b8dc1aefd223cd50895e7fff08a9092e764dce76e684c88,saved_rule_based,1.67
section_00_test_000174,test,source,normal,B,20260904T181815Z-34f9bd77290592aace48ae82,20260904T181815Z-34f9bd77290592aace48ae82-dg-615b3981072d-000288,1,none,none,slow,normal-slow-3,rear,normal,clipped/audio_event_clean/normal/20260904T181815Z-34f9bd77290592aace48ae82-dg-615b3981072d-000288_ch1.wav,3DPrinter/test/section_00_test_000174.wav,5e07d4254228fbae5147a1ddecab86e2f84da2c9b0867777d6f1a306519c40be,960044,752568000,753048000,7403aa2bd6a7fb9d1933ea5c51ea305371179867a308a258dcd214de7b5e6827,0,0,13c869d9ddcbc5da5b8dc1aefd223cd50895e7fff08a9092e764dce76e684c88,saved_rule_based,1.67
section_00_test_000175,test,source,normal,B,20260904T181815Z-34f9bd77290592aace48ae82,20260904T181815Z-34f9bd77290592aace48ae82-dg-615b3981072d-000012,3,none,none,slow,normal-slow-3,front,normal,clipped/audio_event_clean/normal/20260904T181815Z-34f9bd77290592aace48ae82-dg-615b3981072d-000012_ch3.wav,3DPrinter/test/section_00_test_000175.wav,682f9ea7a0b8b81a44f071864bb9a8afdc0176933139356dba1070270b275ebf,960044,620088000,620568000,7403aa2bd6a7fb9d1933ea5c51ea305371179867a308a258dcd214de7b5e6827,0,0,13c869d9ddcbc5da5b8dc1aefd223cd50895e7fff08a9092e764dce76e684c88,saved_rule_based,1.67
section_00_test_000176,test,source,normal,B,20260904T181815Z-34f9bd77290592aace48ae82,20260904T181815Z-34f9bd77290592aace48ae82-dg-615b3981072d-000015,3,none,none,slow,normal-slow-3,front,normal,clipped/audio_event_clean/normal/20260904T181815Z-34f9bd77290592aace48ae82-dg-615b3981072d-000015_ch3.wav,3DPrinter/test/section_00_test_000176.wav,d7e2aa98b1d8fe832924a7132cd0718b1471b7fb7f35e0acfb41ff5ba0a6f320,960044,621528000,622008000,7403aa2bd6a7fb9d1933ea5c51ea305371179867a308a258dcd214de7b5e6827,0,0,13c869d9ddcbc5da5b8dc1aefd223cd50895e7fff08a9092e764dce76e684c88,saved_rule_based,1.67
section_00_test_000177,test,source,normal,B,20260904T181815Z-34f9bd77290592aace48ae82,20260904T181815Z-34f9bd77290592aace48ae82-dg-615b3981072d-000017,3,none,none,slow,normal-slow-3,front,normal,clipped/audio_event_clean/normal/20260904T181815Z-34f9bd77290592aace48ae82-dg-615b3981072d-000017_ch3.wav,3DPrinter/test/section_00_test_000177.wav,61973c8905c28acedd963d11e0b7258464ccb0ddb0b5f31bd9d14b8df1c89c4e,960044,622488000,622968000,7403aa2bd6a7fb9d1933ea5c51ea305371179867a308a258dcd214de7b5e6827,0,0,13c869d9ddcbc5da5b8dc1aefd223cd50895e7fff08a9092e764dce76e684c88,saved_rule_based,1.67
section_00_test_000178,test,source,normal,B,20260904T181815Z-34f9bd77290592aace48ae82,20260904T181815Z-34f9bd77290592aace48ae82-dg-615b3981072d-000023,3,none,none,slow,normal-slow-3,front,normal,clipped/audio_event_clean/normal/20260904T181815Z-34f9bd77290592aace48ae82-dg-615b3981072d-000023_ch3.wav,3DPrinter/test/section_00_test_000178.wav,ef9efe2715c736731fdc80338f0a44ae4cdc1aa2d0db79f3664a7f5c95ae6063,960044,625368000,625848000,7403aa2bd6a7fb9d1933ea5c51ea305371179867a308a258dcd214de7b5e6827,0,0,13c869d9ddcbc5da5b8dc1aefd223cd50895e7fff08a9092e764dce76e684c88,saved_rule_based,1.67
section_00_test_000179,test,source,normal,B,20260904T181815Z-34f9bd77290592aace48ae82,20260904T181815Z-34f9bd77290592aace48ae82-dg-615b3981072d-000029,3,none,none,slow,normal-slow-3,front,normal,clipped/audio_event_clean/normal/20260904T181815Z-34f9bd77290592aace48ae82-dg-615b3981072d-000029_ch3.wav,3DPrinter/test/section_00_test_000179.wav,cc9b6c991138ea18af31533df49c4ff403ae3ffb62dceb94efe59c158638fd98,960044,628248000,628728000,7403aa2bd6a7fb9d1933ea5c51ea305371179867a308a258dcd214de7b5e6827,0,0,13c869d9ddcbc5da5b8dc1aefd223cd50895e7fff08a9092e764dce76e684c88,saved_rule_based,1.67
section_00_test_000180,test,source,normal,B,20260904T181815Z-34f9bd77290592aace48ae82,20260904T181815Z-34f9bd77290592aace48ae82-dg-615b3981072d-000037,3,none,none,slow,normal-slow-3,front,normal,clipped/audio_event_clean/normal/20260904T181815Z-34f9bd77290592aace48ae82-dg-615b3981072d-000037_ch3.wav,3DPrinter/test/section_00_test_000180.wav,c84711d8d887fa9df53e413eac5bad9cc2a35883bc8ba28b32a03362a25fdead,960044,632088000,632568000,7403aa2bd6a7fb9d1933ea5c51ea305371179867a308a258dcd214de7b5e6827,0,0,13c869d9ddcbc5da5b8dc1aefd223cd50895e7fff08a9092e764dce76e684c88,saved_rule_based,1.67
section_00_test_000181,test,source,normal,B,20260904T181815Z-34f9bd77290592aace48ae82,20260904T181815Z-34f9bd77290592aace48ae82-dg-615b3981072d-000059,3,none,none,slow,normal-slow-3,front,normal,clipped/audio_event_clean/normal/20260904T181815Z-34f9bd77290592aace48ae82-dg-615b3981072d-000059_ch3.wav,3DPrinter/test/section_00_test_000181.wav,824fb937af96d27d13dea32cfed3ab526e1a8f732d8fb8a024db8810dff169e9,960044,642648000,643128000,7403aa2bd6a7fb9d1933ea5c51ea305371179867a308a258dcd214de7b5e6827,0,0,13c869d9ddcbc5da5b8dc1aefd223cd50895e7fff08a9092e764dce76e684c88,saved_rule_based,1.67
section_00_test_000182,test,source,normal,B,20260904T181815Z-34f9bd77290592aace48ae82,20260904T181815Z-34f9bd77290592aace48ae82-dg-615b3981072d-000095,3,none,none,slow,normal-slow-3,front,normal,clipped/audio_event_clean/normal/20260904T181815Z-34f9bd77290592aace48ae82-dg-615b3981072d-000095_ch3.wav,3DPrinter/test/section_00_test_000182.wav,29f6afc97e3133827030332053de38e3c8029deb0b94cb9a1ea7c001c140c4b8,960044,659928000,660408000,7403aa2bd6a7fb9d1933ea5c51ea305371179867a308a258dcd214de7b5e6827,0,0,13c869d9ddcbc5da5b8dc1aefd223cd50895e7fff08a9092e764dce76e684c88,saved_rule_based,1.67
section_00_test_000183,test,source,normal,B,20260904T181815Z-34f9bd77290592aace48ae82,20260904T181815Z-34f9bd77290592aace48ae82-dg-615b3981072d-000111,3,none,none,slow,normal-slow-3,front,normal,clipped/audio_event_clean/normal/20260904T181815Z-34f9bd77290592aace48ae82-dg-615b3981072d-000111_ch3.wav,3DPrinter/test/section_00_test_000183.wav,7a5a63f495215d5f9d3312615e8af57ef3ee9c37247f18b3a1f84c9f5782f9c7,960044,667608000,668088000,7403aa2bd6a7fb9d1933ea5c51ea305371179867a308a258dcd214de7b5e6827,0,0,13c869d9ddcbc5da5b8dc1aefd223cd50895e7fff08a9092e764dce76e684c88,saved_rule_based,1.67
section_00_test_000184,test,source,normal,B,20260904T181815Z-34f9bd77290592aace48ae82,20260904T181815Z-34f9bd77290592aace48ae82-dg-615b3981072d-000120,3,none,none,slow,normal-slow-3,front,normal,clipped/audio_event_clean/normal/20260904T181815Z-34f9bd77290592aace48ae82-dg-615b3981072d-000120_ch3.wav,3DPrinter/test/section_00_test_000184.wav,f5179b81e423b44dbe150dcfd6fb7ffcb7e912bd5d32f95586d00ffc8ff0e2ab,960044,671928000,672408000,7403aa2bd6a7fb9d1933ea5c51ea305371179867a308a258dcd214de7b5e6827,0,0,13c869d9ddcbc5da5b8dc1aefd223cd50895e7fff08a9092e764dce76e684c88,saved_rule_based,1.67
section_00_test_000185,test,source,normal,B,20260904T181815Z-34f9bd77290592aace48ae82,20260904T181815Z-34f9bd77290592aace48ae82-dg-615b3981072d-000121,3,none,none,slow,normal-slow-3,front,normal,clipped/audio_event_clean/normal/20260904T181815Z-34f9bd77290592aace48ae82-dg-615b3981072d-000121_ch3.wav,3DPrinter/test/section_00_test_000185.wav,5b4504c951e1d172dd3c489f5d1ea2b18d55494586c7af765a567ed6d5684a9d,960044,672408000,672888000,7403aa2bd6a7fb9d1933ea5c51ea305371179867a308a258dcd214de7b5e6827,0,0,13c869d9ddcbc5da5b8dc1aefd223cd50895e7fff08a9092e764dce76e684c88,saved_rule_based,1.67
section_00_test_000186,test,source,normal,B,20260904T181815Z-34f9bd77290592aace48ae82,20260904T181815Z-34f9bd77290592aace48ae82-dg-615b3981072d-000133,3,none,none,slow,normal-slow-3,front,normal,clipped/audio_event_clean/normal/20260904T181815Z-34f9bd77290592aace48ae82-dg-615b3981072d-000133_ch3.wav,3DPrinter/test/section_00_test_000186.wav,06952df27230228f313209e6dca2d47944ddf94c1d81d4cdb5ac34fd44d7cd1f,960044,678168000,678648000,7403aa2bd6a7fb9d1933ea5c51ea305371179867a308a258dcd214de7b5e6827,0,0,13c869d9ddcbc5da5b8dc1aefd223cd50895e7fff08a9092e764dce76e684c88,saved_rule_based,1.67
section_00_test_000187,test,source,normal,B,20260904T181815Z-34f9bd77290592aace48ae82,20260904T181815Z-34f9bd77290592aace48ae82-dg-615b3981072d-000153,3,none,none,slow,normal-slow-3,front,normal,clipped/audio_event_clean/normal/20260904T181815Z-34f9bd77290592aace48ae82-dg-615b3981072d-000153_ch3.wav,3DPrinter/test/section_00_test_000187.wav,3656e01bbda5bf5168930e73219f45521e6c8935c7139db1a35079c0de67ccf2,960044,687768000,688248000,7403aa2bd6a7fb9d1933ea5c51ea305371179867a308a258dcd214de7b5e6827,0,0,13c869d9ddcbc5da5b8dc1aefd223cd50895e7fff08a9092e764dce76e684c88,saved_rule_based,1.67
section_00_test_000188,test,source,normal,B,20260904T181815Z-34f9bd77290592aace48ae82,20260904T181815Z-34f9bd77290592aace48ae82-dg-615b3981072d-000154,3,none,none,slow,normal-slow-3,front,normal,clipped/audio_event_clean/normal/20260904T181815Z-34f9bd77290592aace48ae82-dg-615b3981072d-000154_ch3.wav,3DPrinter/test/section_00_test_000188.wav,616409a5aa1bd36803aa6a1e4968446a6b0c25ff729a2c2f2c63f630cc642d98,960044,688248000,688728000,7403aa2bd6a7fb9d1933ea5c51ea305371179867a308a258dcd214de7b5e6827,0,0,13c869d9ddcbc5da5b8dc1aefd223cd50895e7fff08a9092e764dce76e684c88,saved_rule_based,1.67
section_00_test_000189,test,source,normal,B,20260904T181815Z-34f9bd77290592aace48ae82,20260904T181815Z-34f9bd77290592aace48ae82-dg-615b3981072d-000171,3,none,none,slow,normal-slow-3,front,normal,clipped/audio_event_clean/normal/20260904T181815Z-34f9bd77290592aace48ae82-dg-615b3981072d-000171_ch3.wav,3DPrinter/test/section_00_test_000189.wav,2f78dea0bd45533015e1e266d39c6fba049c1ab8b8294310c7666e0cf528e0d7,960044,696408000,696888000,7403aa2bd6a7fb9d1933ea5c51ea305371179867a308a258dcd214de7b5e6827,0,0,13c869d9ddcbc5da5b8dc1aefd223cd50895e7fff08a9092e764dce76e684c88,saved_rule_based,1.67
section_00_test_000190,test,source,normal,B,20260904T181815Z-34f9bd77290592aace48ae82,20260904T181815Z-34f9bd77290592aace48ae82-dg-615b3981072d-000206,3,none,none,slow,normal-slow-3,front,normal,clipped/audio_event_clean/normal/20260904T181815Z-34f9bd77290592aace48ae82-dg-615b3981072d-000206_ch3.wav,3DPrinter/test/section_00_test_000190.wav,a7fc37661876885d01c2ee9c8881e8a3fcf2816d5b8e634d76c27323a08111d9,960044,713208000,713688000,7403aa2bd6a7fb9d1933ea5c51ea305371179867a308a258dcd214de7b5e6827,0,0,13c869d9ddcbc5da5b8dc1aefd223cd50895e7fff08a9092e764dce76e684c88,saved_rule_based,1.67
section_00_test_000191,test,source,normal,B,20260904T181815Z-34f9bd77290592aace48ae82,20260904T181815Z-34f9bd77290592aace48ae82-dg-615b3981072d-000224,3,none,none,slow,normal-slow-3,front,normal,clipped/audio_event_clean/normal/20260904T181815Z-34f9bd77290592aace48ae82-dg-615b3981072d-000224_ch3.wav,3DPrinter/test/section_00_test_000191.wav,9e4b7c25380b5df8e260979dd4e975c2365aba1b6f836f609035b06b733a99a4,960044,721848000,722328000,7403aa2bd6a7fb9d1933ea5c51ea305371179867a308a258dcd214de7b5e6827,0,0,13c869d9ddcbc5da5b8dc1aefd223cd50895e7fff08a9092e764dce76e684c88,saved_rule_based,1.67
section_00_test_000192,test,source,normal,B,20260904T181815Z-34f9bd77290592aace48ae82,20260904T181815Z-34f9bd77290592aace48ae82-dg-615b3981072d-000253,3,none,none,slow,normal-slow-3,front,normal,clipped/audio_event_clean/normal/20260904T181815Z-34f9bd77290592aace48ae82-dg-615b3981072d-000253_ch3.wav,3DPrinter/test/section_00_test_000192.wav,b92f9c9674cd8ab29b312f41065eeb15b9a63c52b24f348c034f7b52a2fbc145,960044,735768000,736248000,7403aa2bd6a7fb9d1933ea5c51ea305371179867a308a258dcd214de7b5e6827,0,0,13c869d9ddcbc5da5b8dc1aefd223cd50895e7fff08a9092e764dce76e684c88,saved_rule_based,1.67
section_00_test_000193,test,source,normal,B,20260904T181815Z-34f9bd77290592aace48ae82,20260904T181815Z-34f9bd77290592aace48ae82-dg-615b3981072d-000255,3,none,none,slow,normal-slow-3,front,normal,clipped/audio_event_clean/normal/20260904T181815Z-34f9bd77290592aace48ae82-dg-615b3981072d-000255_ch3.wav,3DPrinter/test/section_00_test_000193.wav,ec52d810fe8eb929dc4483fb782a85be5724a295c3e72b480ad3094726bf1ce3,960044,736728000,737208000,7403aa2bd6a7fb9d1933ea5c51ea305371179867a308a258dcd214de7b5e6827,0,0,13c869d9ddcbc5da5b8dc1aefd223cd50895e7fff08a9092e764dce76e684c88,saved_rule_based,1.67
section_00_test_000194,test,source,normal,B,20260904T181815Z-34f9bd77290592aace48ae82,20260904T181815Z-34f9bd77290592aace48ae82-dg-615b3981072d-000256,3,none,none,slow,normal-slow-3,front,normal,clipped/audio_event_clean/normal/20260904T181815Z-34f9bd77290592aace48ae82-dg-615b3981072d-000256_ch3.wav,3DPrinter/test/section_00_test_000194.wav,42f7f105f404ce4cb30ffcc6ea1ff3780f91ceb2b7bc1584d12845e615f083ab,960044,737208000,737688000,7403aa2bd6a7fb9d1933ea5c51ea305371179867a308a258dcd214de7b5e6827,0,0,13c869d9ddcbc5da5b8dc1aefd223cd50895e7fff08a9092e764dce76e684c88,saved_rule_based,1.67
section_00_test_000195,test,source,normal,B,20260904T181815Z-34f9bd77290592aace48ae82,20260904T181815Z-34f9bd77290592aace48ae82-dg-615b3981072d-000259,3,none,none,slow,normal-slow-3,front,normal,clipped/audio_event_clean/normal/20260904T181815Z-34f9bd77290592aace48ae82-dg-615b3981072d-000259_ch3.wav,3DPrinter/test/section_00_test_000195.wav,dd27429c2520a934a6fe7dbce3ed63d2703b9c528971d0459a5994916ca02bce,960044,738648000,739128000,7403aa2bd6a7fb9d1933ea5c51ea305371179867a308a258dcd214de7b5e6827,0,0,13c869d9ddcbc5da5b8dc1aefd223cd50895e7fff08a9092e764dce76e684c88,saved_rule_based,1.67
section_00_test_000196,test,source,normal,B,20260904T181815Z-34f9bd77290592aace48ae82,20260904T181815Z-34f9bd77290592aace48ae82-dg-615b3981072d-000273,3,none,none,slow,normal-slow-3,front,normal,clipped/audio_event_clean/normal/20260904T181815Z-34f9bd77290592aace48ae82-dg-615b3981072d-000273_ch3.wav,3DPrinter/test/section_00_test_000196.wav,a6bb8085707a1083817f259bf09bab6a980c38fb89a694bb26aaba31d72c312e,960044,745368000,745848000,7403aa2bd6a7fb9d1933ea5c51ea305371179867a308a258dcd214de7b5e6827,0,0,13c869d9ddcbc5da5b8dc1aefd223cd50895e7fff08a9092e764dce76e684c88,saved_rule_based,1.67
section_00_test_000197,test,source,normal,B,20260904T181815Z-34f9bd77290592aace48ae82,20260904T181815Z-34f9bd77290592aace48ae82-dg-615b3981072d-000282,3,none,none,slow,normal-slow-3,front,normal,clipped/audio_event_clean/normal/20260904T181815Z-34f9bd77290592aace48ae82-dg-615b3981072d-000282_ch3.wav,3DPrinter/test/section_00_test_000197.wav,5c76e5e5cf031e1bb7995d44f759bf09f8b06206e6ff3932b72e7269b5b00fb5,960044,749688000,750168000,7403aa2bd6a7fb9d1933ea5c51ea305371179867a308a258dcd214de7b5e6827,0,0,13c869d9ddcbc5da5b8dc1aefd223cd50895e7fff08a9092e764dce76e684c88,saved_rule_based,1.67
section_00_test_000198,test,source,normal,B,20260904T181815Z-34f9bd77290592aace48ae82,20260904T181815Z-34f9bd77290592aace48ae82-dg-615b3981072d-000285,3,none,none,slow,normal-slow-3,front,normal,clipped/audio_event_clean/normal/20260904T181815Z-34f9bd77290592aace48ae82-dg-615b3981072d-000285_ch3.wav,3DPrinter/test/section_00_test_000198.wav,2b120ac29cb5e1dec706f414bfb5f1dc08d13a8d4b36ae6b8f44b72239a6c721,960044,751128000,751608000,7403aa2bd6a7fb9d1933ea5c51ea305371179867a308a258dcd214de7b5e6827,0,0,13c869d9ddcbc5da5b8dc1aefd223cd50895e7fff08a9092e764dce76e684c88,saved_rule_based,1.67
section_00_test_000199,test,source,normal,B,20260904T181815Z-34f9bd77290592aace48ae82,20260904T181815Z-34f9bd77290592aace48ae82-dg-615b3981072d-000299,3,none,none,slow,normal-slow-3,front,normal,clipped/audio_event_clean/normal/20260904T181815Z-34f9bd77290592aace48ae82-dg-615b3981072d-000299_ch3.wav,3DPrinter/test/section_00_test_000199.wav,7d66d643db2dd6f266345ba9684587ee047837af8b31d8757588a24e32eb0cda,960044,757848000,758328000,7403aa2bd6a7fb9d1933ea5c51ea305371179867a308a258dcd214de7b5e6827,0,0,13c869d9ddcbc5da5b8dc1aefd223cd50895e7fff08a9092e764dce76e684c88,saved_rule_based,1.67
section_00_test_000200,test,target,anomaly,C,20260911T072024Z-9c2abb50e4c856716bf9acd2,20260911T072024Z-9c2abb50e4c856716bf9acd2-dg-e2ad6c05e474-000026,2,belt_tension_abnormal,belt_a,fast,belt-a-low-v1-fast,left,soft-anomaly,clipped/audio_event_clean/anomaly/20260911T072024Z-9c2abb50e4c856716bf9acd2-dg-e2ad6c05e474-000026_ch2.wav,3DPrinter/test/section_00_test_000200.wav,0a8d09dbfd4d407463e5635923b9e78497aecd445215de44d3e143ae787f1bb2,960044,15569100000,15569580000,b68c90dd62231eb8852866c842bbfa6456e88cffb8027dd2de1d318e30744b8e,4.53,0.453,e85dc8c54b83a881a09c494624b7a15bd16cb5ee020e961f75b3409958289810,saved_rule_based,1.41
section_00_test_000201,test,target,anomaly,C,20260911T072024Z-9c2abb50e4c856716bf9acd2,20260911T072024Z-9c2abb50e4c856716bf9acd2-dg-e2ad6c05e474-000070,2,belt_tension_abnormal,belt_a,fast,belt-a-low-v1-fast,left,soft-anomaly,clipped/audio_event_clean/anomaly/20260911T072024Z-9c2abb50e4c856716bf9acd2-dg-e2ad6c05e474-000070_ch2.wav,3DPrinter/test/section_00_test_000201.wav,59b0f235d994476a9d5a7fce3d0cb6d4753cec5436b321019afcac89accd12d0,960044,15590220000,15590700000,b68c90dd62231eb8852866c842bbfa6456e88cffb8027dd2de1d318e30744b8e,8.61,0.861,e85dc8c54b83a881a09c494624b7a15bd16cb5ee020e961f75b3409958289810,saved_rule_based,1.41
section_00_test_000202,test,target,anomaly,C,20260911T072024Z-9c2abb50e4c856716bf9acd2,20260911T072024Z-9c2abb50e4c856716bf9acd2-dg-e2ad6c05e474-000104,2,belt_tension_abnormal,belt_a,fast,belt-a-low-v1-fast,left,soft-anomaly,clipped/audio_event_clean/anomaly/20260911T072024Z-9c2abb50e4c856716bf9acd2-dg-e2ad6c05e474-000104_ch2.wav,3DPrinter/test/section_00_test_000202.wav,e5d30ff83e0447f42b8e65e8df536872157af64a09168a03cb41f44b19e20260,960044,15606540000,15607020000,b68c90dd62231eb8852866c842bbfa6456e88cffb8027dd2de1d318e30744b8e,8.29,0.829,e85dc8c54b83a881a09c494624b7a15bd16cb5ee020e961f75b3409958289810,saved_rule_based,1.41
section_00_test_000203,test,target,anomaly,C,20260911T072024Z-9c2abb50e4c856716bf9acd2,20260911T072024Z-9c2abb50e4c856716bf9acd2-dg-e2ad6c05e474-000122,2,belt_tension_abnormal,belt_a,fast,belt-a-low-v1-fast,left,soft-anomaly,clipped/audio_event_clean/anomaly/20260911T072024Z-9c2abb50e4c856716bf9acd2-dg-e2ad6c05e474-000122_ch2.wav,3DPrinter/test/section_00_test_000203.wav,a0133faf73f7ccefac21d52aa80dfb6746a37079594f5a8e40ead4df0be4b830,960044,15615180000,15615660000,b68c90dd62231eb8852866c842bbfa6456e88cffb8027dd2de1d318e30744b8e,5.97,0.597,e85dc8c54b83a881a09c494624b7a15bd16cb5ee020e961f75b3409958289810,saved_rule_based,1.41
section_00_test_000204,test,target,anomaly,C,20260911T072024Z-9c2abb50e4c856716bf9acd2,20260911T072024Z-9c2abb50e4c856716bf9acd2-dg-e2ad6c05e474-000133,2,belt_tension_abnormal,belt_a,fast,belt-a-low-v1-fast,left,soft-anomaly,clipped/audio_event_clean/anomaly/20260911T072024Z-9c2abb50e4c856716bf9acd2-dg-e2ad6c05e474-000133_ch2.wav,3DPrinter/test/section_00_test_000204.wav,fe2012c03e7ba4aa7f4e161da25822938ee1159bb958c9a8d5b2f74def930446,960044,15620460000,15620940000,b68c90dd62231eb8852866c842bbfa6456e88cffb8027dd2de1d318e30744b8e,4.58,0.458,e85dc8c54b83a881a09c494624b7a15bd16cb5ee020e961f75b3409958289810,saved_rule_based,1.41
section_00_test_000205,test,target,anomaly,C,20260911T100852Z-935bf74e9aedf0b13bd4e62d,20260911T100852Z-935bf74e9aedf0b13bd4e62d-dg-6f3fb0a8e2ae-000032,2,belt_tension_abnormal,belt_a_b,fast,belt-ab-low-v1-fast,left,soft-anomaly,clipped/audio_event_clean/anomaly/20260911T100852Z-935bf74e9aedf0b13bd4e62d-dg-6f3fb0a8e2ae-000032_ch2.wav,3DPrinter/test/section_00_test_000205.wav,5008132e41195f5e944c35191d37abb092ef23e86925f3cfee48636298d2e2e1,960044,16057164000,16057644000,2f4e17fe7a123e6c0e0884adc2d466cc95bb31f6e81b5f6136fd67a66a97b1ff,7.46,0.746,be399d65df5cc47cd589de4b8678fc582b76138b53464e9108ff1cc2f160e7b6,saved_rule_based,1.61
section_00_test_000206,test,target,anomaly,C,20260911T100852Z-935bf74e9aedf0b13bd4e62d,20260911T100852Z-935bf74e9aedf0b13bd4e62d-dg-6f3fb0a8e2ae-000063,2,belt_tension_abnormal,belt_a_b,fast,belt-ab-low-v1-fast,left,soft-anomaly,clipped/audio_event_clean/anomaly/20260911T100852Z-935bf74e9aedf0b13bd4e62d-dg-6f3fb0a8e2ae-000063_ch2.wav,3DPrinter/test/section_00_test_000206.wav,e2e7dbb70db191cc7365548c7a306d94471e24c74a3dc47b6f83771f3c6a38e9,960044,16072044000,16072524000,2f4e17fe7a123e6c0e0884adc2d466cc95bb31f6e81b5f6136fd67a66a97b1ff,6.21,0.621,be399d65df5cc47cd589de4b8678fc582b76138b53464e9108ff1cc2f160e7b6,saved_rule_based,1.61
section_00_test_000207,test,target,anomaly,C,20260911T100852Z-935bf74e9aedf0b13bd4e62d,20260911T100852Z-935bf74e9aedf0b13bd4e62d-dg-6f3fb0a8e2ae-000120,2,belt_tension_abnormal,belt_a_b,fast,belt-ab-low-v1-fast,left,soft-anomaly,clipped/audio_event_clean/anomaly/20260911T100852Z-935bf74e9aedf0b13bd4e62d-dg-6f3fb0a8e2ae-000120_ch2.wav,3DPrinter/test/section_00_test_000207.wav,d48234a6e2c003b4d96234fb73b6597c976f6720075e5b6ce77aa057a59f4b4b,960044,16099404000,16099884000,2f4e17fe7a123e6c0e0884adc2d466cc95bb31f6e81b5f6136fd67a66a97b1ff,8.9,0.89,be399d65df5cc47cd589de4b8678fc582b76138b53464e9108ff1cc2f160e7b6,saved_rule_based,1.61
section_00_test_000208,test,target,anomaly,C,20260911T100852Z-935bf74e9aedf0b13bd4e62d,20260911T100852Z-935bf74e9aedf0b13bd4e62d-dg-6f3fb0a8e2ae-000137,2,belt_tension_abnormal,belt_a_b,fast,belt-ab-low-v1-fast,left,soft-anomaly,clipped/audio_event_clean/anomaly/20260911T100852Z-935bf74e9aedf0b13bd4e62d-dg-6f3fb0a8e2ae-000137_ch2.wav,3DPrinter/test/section_00_test_000208.wav,9c548a8172b45630ad2072388bde1bfb998581288b8cfbcc71c3db0b23f8b2b2,960044,16107564000,16108044000,2f4e17fe7a123e6c0e0884adc2d466cc95bb31f6e81b5f6136fd67a66a97b1ff,5.24,0.524,be399d65df5cc47cd589de4b8678fc582b76138b53464e9108ff1cc2f160e7b6,saved_rule_based,1.61
section_00_test_000209,test,target,anomaly,C,20260911T120031Z-f1914c9803ce0695cce4e620,20260911T120031Z-f1914c9803ce0695cce4e620-dg-7ed01a3e0bad-000007,2,belt_tension_abnormal,belt_b,fast,belt-b-low-v1-fast,left,soft-anomaly,clipped/audio_event_clean/anomaly/20260911T120031Z-f1914c9803ce0695cce4e620-dg-7ed01a3e0bad-000007_ch2.wav,3DPrinter/test/section_00_test_000209.wav,f987ffdf59331f05b844f3cb59140e8866d0974605ba72a22ece0c5c6a20481f,960044,16366696800,16367176800,e44f31b8f80c838c0f9679cef7e3450ddf4a0913bb200ffd9a4f649595aa4119,7.4,0.74,caf90bf67e9e3429e5cee866696b656d9a0dace150284929e714e63462de549e,saved_human,1.5637291666666666
section_00_test_000210,test,target,anomaly,C,20260911T120031Z-f1914c9803ce0695cce4e620,20260911T120031Z-f1914c9803ce0695cce4e620-dg-7ed01a3e0bad-000035,2,belt_tension_abnormal,belt_b,fast,belt-b-low-v1-fast,left,soft-anomaly,clipped/audio_event_clean/anomaly/20260911T120031Z-f1914c9803ce0695cce4e620-dg-7ed01a3e0bad-000035_ch2.wav,3DPrinter/test/section_00_test_000210.wav,fe9b47646735ba2012d09156c007b80bc122060806134ed0a88768a6d9c1b31c,960044,16380136800,16380616800,e44f31b8f80c838c0f9679cef7e3450ddf4a0913bb200ffd9a4f649595aa4119,9.6,0.96,caf90bf67e9e3429e5cee866696b656d9a0dace150284929e714e63462de549e,saved_human,1.5637291666666666
section_00_test_000211,test,target,anomaly,C,20260911T120031Z-f1914c9803ce0695cce4e620,20260911T120031Z-f1914c9803ce0695cce4e620-dg-7ed01a3e0bad-000121,2,belt_tension_abnormal,belt_b,fast,belt-b-low-v1-fast,left,soft-anomaly,clipped/audio_event_clean/anomaly/20260911T120031Z-f1914c9803ce0695cce4e620-dg-7ed01a3e0bad-000121_ch2.wav,3DPrinter/test/section_00_test_000211.wav,4aa82d31102624257a0f28dfd8b755e0b1ce689e787668545867a4f2797e4f95,960044,16421416800,16421896800,e44f31b8f80c838c0f9679cef7e3450ddf4a0913bb200ffd9a4f649595aa4119,9.5,0.95,caf90bf67e9e3429e5cee866696b656d9a0dace150284929e714e63462de549e,saved_human,1.5637291666666666
section_00_test_000212,test,target,anomaly,C,20260911T120031Z-f1914c9803ce0695cce4e620,20260911T120031Z-f1914c9803ce0695cce4e620-dg-7ed01a3e0bad-000143,2,belt_tension_abnormal,belt_b,fast,belt-b-low-v1-fast,left,soft-anomaly,clipped/audio_event_clean/anomaly/20260911T120031Z-f1914c9803ce0695cce4e620-dg-7ed01a3e0bad-000143_ch2.wav,3DPrinter/test/section_00_test_000212.wav,b12e636c62c19e8bf7ca95922984a9f1a2ef455edac040828926e8a8778fa9fe,960044,16431976800,16432456800,e44f31b8f80c838c0f9679cef7e3450ddf4a0913bb200ffd9a4f649595aa4119,7.5,0.75,caf90bf67e9e3429e5cee866696b656d9a0dace150284929e714e63462de549e,saved_human,1.5637291666666666
section_00_test_000213,test,target,anomaly,C,20260911T161000Z-07d176b0060ac87418627156,20260911T161000Z-07d176b0060ac87418627156-dg-36bae53d1250-000008,2,extruder_cogging_or_no_extrusion,extruder_cogging_or_no_extrusion,fast,extruder-cogging-fast,left,hard-anomaly,clipped/audio_event_clean/anomaly/20260911T161000Z-07d176b0060ac87418627156-dg-36bae53d1250-000008_ch2.wav,3DPrinter/test/section_00_test_000213.wav,dba2afffb20af2930dbc92686ea03b30dbc7413997f32ab0f9d03e8bc21ee61b,960044,17085688800,17086168800,603acd106f7ac3cf11f072c549396ff35f5457f66fb1ead062cd9e3050dd9a52,10.0,1.0,60060c195fc333ab708b4f48aa9e4cde820bc218c03d5ea1bfd4309d9bf9fc7a,saved_human,1.6445208333333334
section_00_test_000214,test,target,anomaly,C,20260911T161000Z-07d176b0060ac87418627156,20260911T161000Z-07d176b0060ac87418627156-dg-36bae53d1250-000012,2,extruder_cogging_or_no_extrusion,extruder_cogging_or_no_extrusion,fast,extruder-cogging-fast,left,hard-anomaly,clipped/audio_event_clean/anomaly/20260911T161000Z-07d176b0060ac87418627156-dg-36bae53d1250-000012_ch2.wav,3DPrinter/test/section_00_test_000214.wav,91bf95e20ccf71094124a5995cda2d15eeb81d7e52217c31856d13101353f22a,960044,17087608800,17088088800,603acd106f7ac3cf11f072c549396ff35f5457f66fb1ead062cd9e3050dd9a52,10.0,1.0,60060c195fc333ab708b4f48aa9e4cde820bc218c03d5ea1bfd4309d9bf9fc7a,saved_human,1.6445208333333334
section_00_test_000215,test,target,anomaly,C,20260911T161000Z-07d176b0060ac87418627156,20260911T161000Z-07d176b0060ac87418627156-dg-36bae53d1250-000014,2,extruder_cogging_or_no_extrusion,extruder_cogging_or_no_extrusion,fast,extruder-cogging-fast,left,hard-anomaly,clipped/audio_event_clean/anomaly/20260911T161000Z-07d176b0060ac87418627156-dg-36bae53d1250-000014_ch2.wav,3DPrinter/test/section_00_test_000215.wav,856d2366f9af709d922cc5052fdac6fec91783628d3921b78e697605450e630a,960044,17088568800,17089048800,603acd106f7ac3cf11f072c549396ff35f5457f66fb1ead062cd9e3050dd9a52,10.0,1.0,60060c195fc333ab708b4f48aa9e4cde820bc218c03d5ea1bfd4309d9bf9fc7a,saved_human,1.6445208333333334
section_00_test_000216,test,target,anomaly,C,20260911T161000Z-07d176b0060ac87418627156,20260911T161000Z-07d176b0060ac87418627156-dg-36bae53d1250-000024,2,extruder_cogging_or_no_extrusion,extruder_cogging_or_no_extrusion,fast,extruder-cogging-fast,left,hard-anomaly,clipped/audio_event_clean/anomaly/20260911T161000Z-07d176b0060ac87418627156-dg-36bae53d1250-000024_ch2.wav,3DPrinter/test/section_00_test_000216.wav,4e5149710c86997b095f7104152e633fea9594d558fe7369ed8740c93b7a361d,960044,17093368800,17093848800,603acd106f7ac3cf11f072c549396ff35f5457f66fb1ead062cd9e3050dd9a52,10.0,1.0,60060c195fc333ab708b4f48aa9e4cde820bc218c03d5ea1bfd4309d9bf9fc7a,saved_human,1.6445208333333334
section_00_test_000217,test,target,anomaly,C,20260911T161000Z-07d176b0060ac87418627156,20260911T161000Z-07d176b0060ac87418627156-dg-36bae53d1250-000045,2,extruder_cogging_or_no_extrusion,extruder_cogging_or_no_extrusion,fast,extruder-cogging-fast,left,hard-anomaly,clipped/audio_event_clean/anomaly/20260911T161000Z-07d176b0060ac87418627156-dg-36bae53d1250-000045_ch2.wav,3DPrinter/test/section_00_test_000217.wav,88e6f0ba3f4e3a065bbc9efade713d99757d08b200295710f587176b5ef3796e,960044,17103448800,17103928800,603acd106f7ac3cf11f072c549396ff35f5457f66fb1ead062cd9e3050dd9a52,10.0,1.0,60060c195fc333ab708b4f48aa9e4cde820bc218c03d5ea1bfd4309d9bf9fc7a,saved_human,1.6445208333333334
section_00_test_000218,test,target,anomaly,C,20260911T161000Z-07d176b0060ac87418627156,20260911T161000Z-07d176b0060ac87418627156-dg-36bae53d1250-000051,2,extruder_cogging_or_no_extrusion,extruder_cogging_or_no_extrusion,fast,extruder-cogging-fast,left,hard-anomaly,clipped/audio_event_clean/anomaly/20260911T161000Z-07d176b0060ac87418627156-dg-36bae53d1250-000051_ch2.wav,3DPrinter/test/section_00_test_000218.wav,9c18702ed813eb2137dc787aca67e32a285662cb25505f5d5e24ff70bdd75c83,960044,17106328800,17106808800,603acd106f7ac3cf11f072c549396ff35f5457f66fb1ead062cd9e3050dd9a52,10.0,1.0,60060c195fc333ab708b4f48aa9e4cde820bc218c03d5ea1bfd4309d9bf9fc7a,saved_human,1.6445208333333334
section_00_test_000219,test,target,anomaly,C,20260911T161000Z-07d176b0060ac87418627156,20260911T161000Z-07d176b0060ac87418627156-dg-36bae53d1250-000064,2,extruder_cogging_or_no_extrusion,extruder_cogging_or_no_extrusion,fast,extruder-cogging-fast,left,hard-anomaly,clipped/audio_event_clean/anomaly/20260911T161000Z-07d176b0060ac87418627156-dg-36bae53d1250-000064_ch2.wav,3DPrinter/test/section_00_test_000219.wav,4d4fdd98a6d66502cfd896403537fe044bf52e2a10c09314ff8a655ec5cd4ff3,960044,17112568800,17113048800,603acd106f7ac3cf11f072c549396ff35f5457f66fb1ead062cd9e3050dd9a52,10.0,1.0,60060c195fc333ab708b4f48aa9e4cde820bc218c03d5ea1bfd4309d9bf9fc7a,saved_human,1.6445208333333334
section_00_test_000220,test,target,anomaly,C,20260911T161000Z-07d176b0060ac87418627156,20260911T161000Z-07d176b0060ac87418627156-dg-36bae53d1250-000071,2,extruder_cogging_or_no_extrusion,extruder_cogging_or_no_extrusion,fast,extruder-cogging-fast,left,hard-anomaly,clipped/audio_event_clean/anomaly/20260911T161000Z-07d176b0060ac87418627156-dg-36bae53d1250-000071_ch2.wav,3DPrinter/test/section_00_test_000220.wav,8a7e62fb759530d65bfa91e19c5af0ff65cae994ec63baf8a6403c30f2090b23,960044,17115928800,17116408800,603acd106f7ac3cf11f072c549396ff35f5457f66fb1ead062cd9e3050dd9a52,9.5,0.95,60060c195fc333ab708b4f48aa9e4cde820bc218c03d5ea1bfd4309d9bf9fc7a,saved_human,1.6445208333333334
section_00_test_000221,test,target,anomaly,C,20260911T161000Z-07d176b0060ac87418627156,20260911T161000Z-07d176b0060ac87418627156-dg-36bae53d1250-000083,2,extruder_cogging_or_no_extrusion,extruder_cogging_or_no_extrusion,fast,extruder-cogging-fast,left,hard-anomaly,clipped/audio_event_clean/anomaly/20260911T161000Z-07d176b0060ac87418627156-dg-36bae53d1250-000083_ch2.wav,3DPrinter/test/section_00_test_000221.wav,a030b0adbe8318669faaee4f077677e053383b1599c353c0a0dd7bc7aa1fff79,960044,17121688800,17122168800,603acd106f7ac3cf11f072c549396ff35f5457f66fb1ead062cd9e3050dd9a52,10.0,1.0,60060c195fc333ab708b4f48aa9e4cde820bc218c03d5ea1bfd4309d9bf9fc7a,saved_human,1.6445208333333334
section_00_test_000222,test,target,anomaly,C,20260911T161000Z-07d176b0060ac87418627156,20260911T161000Z-07d176b0060ac87418627156-dg-36bae53d1250-000112,2,extruder_cogging_or_no_extrusion,extruder_cogging_or_no_extrusion,fast,extruder-cogging-fast,left,hard-anomaly,clipped/audio_event_clean/anomaly/20260911T161000Z-07d176b0060ac87418627156-dg-36bae53d1250-000112_ch2.wav,3DPrinter/test/section_00_test_000222.wav,935716c6fed9bb78ecca11d8955aa18c76609d423b6a1db2254ce59dec535338,960044,17135608800,17136088800,603acd106f7ac3cf11f072c549396ff35f5457f66fb1ead062cd9e3050dd9a52,10.0,1.0,60060c195fc333ab708b4f48aa9e4cde820bc218c03d5ea1bfd4309d9bf9fc7a,saved_human,1.6445208333333334
section_00_test_000223,test,target,anomaly,C,20260911T161000Z-07d176b0060ac87418627156,20260911T161000Z-07d176b0060ac87418627156-dg-36bae53d1250-000116,2,extruder_cogging_or_no_extrusion,extruder_cogging_or_no_extrusion,fast,extruder-cogging-fast,left,hard-anomaly,clipped/audio_event_clean/anomaly/20260911T161000Z-07d176b0060ac87418627156-dg-36bae53d1250-000116_ch2.wav,3DPrinter/test/section_00_test_000223.wav,17ec25537ceb64cca2d7dd999a106b1196a6edead3dd2ceb4c292274694f636d,960044,17137528800,17138008800,603acd106f7ac3cf11f072c549396ff35f5457f66fb1ead062cd9e3050dd9a52,10.0,1.0,60060c195fc333ab708b4f48aa9e4cde820bc218c03d5ea1bfd4309d9bf9fc7a,saved_human,1.6445208333333334
section_00_test_000224,test,target,anomaly,C,20260911T161000Z-07d176b0060ac87418627156,20260911T161000Z-07d176b0060ac87418627156-dg-36bae53d1250-000117,2,extruder_cogging_or_no_extrusion,extruder_cogging_or_no_extrusion,fast,extruder-cogging-fast,left,hard-anomaly,clipped/audio_event_clean/anomaly/20260911T161000Z-07d176b0060ac87418627156-dg-36bae53d1250-000117_ch2.wav,3DPrinter/test/section_00_test_000224.wav,c68fddace9bbdd2d15679e520eb43e2caebed249b7ce69ad27f3429c5a3a30c7,960044,17138008800,17138488800,603acd106f7ac3cf11f072c549396ff35f5457f66fb1ead062cd9e3050dd9a52,9.5,0.95,60060c195fc333ab708b4f48aa9e4cde820bc218c03d5ea1bfd4309d9bf9fc7a,saved_human,1.6445208333333334
section_00_test_000225,test,target,anomaly,C,20260911T161000Z-07d176b0060ac87418627156,20260911T161000Z-07d176b0060ac87418627156-dg-36bae53d1250-000154,2,extruder_cogging_or_no_extrusion,extruder_cogging_or_no_extrusion,fast,extruder-cogging-fast,left,hard-anomaly,clipped/audio_event_clean/anomaly/20260911T161000Z-07d176b0060ac87418627156-dg-36bae53d1250-000154_ch2.wav,3DPrinter/test/section_00_test_000225.wav,a8dcd880bda4c5a8375eb57a449ecb30cac863b748b6a6806b26aa5f54b9ac10,960044,17155768800,17156248800,603acd106f7ac3cf11f072c549396ff35f5457f66fb1ead062cd9e3050dd9a52,10.0,1.0,60060c195fc333ab708b4f48aa9e4cde820bc218c03d5ea1bfd4309d9bf9fc7a,saved_human,1.6445208333333334
section_00_test_000226,test,target,anomaly,C,20260911T171148Z-2f35c316c47752fe14cf3be7,20260911T171148Z-2f35c316c47752fe14cf3be7-dg-d53b59c19395-000001,2,toolhead_collision,collision_x-min,fast,toolhead-collision-x-min-fast,left,hard-anomaly,clipped/audio_event_clean/anomaly/20260911T171148Z-2f35c316c47752fe14cf3be7-dg-d53b59c19395-000001_ch2.wav,3DPrinter/test/section_00_test_000226.wav,0dbf5b98ff942a172c83249cd46134cc2d0618ead02cb3f607d7a8523182d30d,960044,17260356000,17260836000,303fad3ca5d1578bef468c09afb6ccd405c5577fdedcade549038518c528fb31,1.18,0.118,,frozen_r3_collision,1.28
section_00_test_000227,test,target,anomaly,C,20260911T171148Z-2f35c316c47752fe14cf3be7,20260911T171148Z-2f35c316c47752fe14cf3be7-dg-d53b59c19395-000047,2,toolhead_collision,collision_x-min,fast,toolhead-collision-x-min-fast,left,hard-anomaly,clipped/audio_event_clean/anomaly/20260911T171148Z-2f35c316c47752fe14cf3be7-dg-d53b59c19395-000047_ch2.wav,3DPrinter/test/section_00_test_000227.wav,4ae54fdb05a411160278421ceb109d53c2b8161b30ea21f045de42d410b31ac0,960044,17282436000,17282916000,303fad3ca5d1578bef468c09afb6ccd405c5577fdedcade549038518c528fb31,0.5,0.05,,frozen_r3_collision,1.28
section_00_test_000228,test,target,anomaly,C,20260912T015304Z-fbbe3a4a6572e889ec55b10e,20260912T015304Z-fbbe3a4a6572e889ec55b10e-dg-b42e26c5441a-000038,2,toolhead_collision,collision_x-max,fast,toolhead-collision-x-max-fast,left,hard-anomaly,clipped/audio_event_clean/anomaly/20260912T015304Z-fbbe3a4a6572e889ec55b10e-dg-b42e26c5441a-000038_ch2.wav,3DPrinter/test/section_00_test_000228.wav,ad54e31f6653c46491365a2e3af6d4d59f110bd594ac464c806a8fc54c330bd6,960044,18779316000,18779796000,240604d9913d667f25ea176526d6f968da1e7521f92a6d62316a71a200fdc663,0.58,0.058,,frozen_r3_collision,1.3
section_00_test_000229,test,target,anomaly,C,20260912T015304Z-fbbe3a4a6572e889ec55b10e,20260912T015304Z-fbbe3a4a6572e889ec55b10e-dg-b42e26c5441a-000042,2,toolhead_collision,collision_x-max,fast,toolhead-collision-x-max-fast,left,hard-anomaly,clipped/audio_event_clean/anomaly/20260912T015304Z-fbbe3a4a6572e889ec55b10e-dg-b42e26c5441a-000042_ch2.wav,3DPrinter/test/section_00_test_000229.wav,519f93dd9030cc8fb8459a7bf33a142e7da78f395996837fc0beb16b4036a00a,960044,18781236000,18781716000,240604d9913d667f25ea176526d6f968da1e7521f92a6d62316a71a200fdc663,1.34,0.134,,frozen_r3_collision,1.3
section_00_test_000230,test,target,anomaly,C,20260912T015304Z-fbbe3a4a6572e889ec55b10e,20260912T015304Z-fbbe3a4a6572e889ec55b10e-dg-b42e26c5441a-000049,2,toolhead_collision,collision_x-max,fast,toolhead-collision-x-max-fast,left,hard-anomaly,clipped/audio_event_clean/anomaly/20260912T015304Z-fbbe3a4a6572e889ec55b10e-dg-b42e26c5441a-000049_ch2.wav,3DPrinter/test/section_00_test_000230.wav,5a472125ae017598f56707c0652e74b16118cbeb2cfc096ef415d6043f811d32,960044,18784596000,18785076000,240604d9913d667f25ea176526d6f968da1e7521f92a6d62316a71a200fdc663,1.34,0.134,,frozen_r3_collision,1.3
section_00_test_000231,test,target,anomaly,C,20260912T021939Z-3278a03374dc31d9acdbbde8,20260912T021939Z-3278a03374dc31d9acdbbde8-dg-cf9b6ef25b7b-000026,2,toolhead_collision,collision_y-max,fast,toolhead-collision-y-max-fast,left,hard-anomaly,clipped/audio_event_clean/anomaly/20260912T021939Z-3278a03374dc31d9acdbbde8-dg-cf9b6ef25b7b-000026_ch2.wav,3DPrinter/test/section_00_test_000231.wav,c05a1fab13beca0c35c8fef76549623b1c2f63705a01fc07da42844a0dacdcb4,960044,18850116000,18850596000,50cea26bc6e6d4d4a9f03c0e42339937be31459e0d8a9d17ddd7489e5ef0b234,1.38,0.138,,frozen_r3_collision,1.1
section_00_test_000232,test,target,anomaly,C,20260912T021939Z-3278a03374dc31d9acdbbde8,20260912T021939Z-3278a03374dc31d9acdbbde8-dg-cf9b6ef25b7b-000030,2,toolhead_collision,collision_y-max,fast,toolhead-collision-y-max-fast,left,hard-anomaly,clipped/audio_event_clean/anomaly/20260912T021939Z-3278a03374dc31d9acdbbde8-dg-cf9b6ef25b7b-000030_ch2.wav,3DPrinter/test/section_00_test_000232.wav,74638653f2a3bbbcca1d78dbe3cd3f2935595deec70d0efa7ad2f6e43ed8246f,960044,18852036000,18852516000,50cea26bc6e6d4d4a9f03c0e42339937be31459e0d8a9d17ddd7489e5ef0b234,0.64,0.064,,frozen_r3_collision,1.1
section_00_test_000233,test,target,anomaly,C,20260912T024659Z-af99e7033894c502d0c27f5d,20260912T024659Z-af99e7033894c502d0c27f5d-dg-9baf03469be4-000004,2,toolhead_collision,collision_x-min-y-max,fast,toolhead-collision-x-min-y-max-fast,left,hard-anomaly,clipped/audio_event_clean/anomaly/20260912T024659Z-af99e7033894c502d0c27f5d-dg-9baf03469be4-000004_ch2.wav,3DPrinter/test/section_00_test_000233.wav,e77712df14821bcd6455214127be44cef5e8e77d69f606af44860c798ddd166b,960044,18918300000,18918780000,defdef05b012a824b07300828863c262d0c282a4883add27bac2973cbb857bc5,1.4371041666666666,0.14371041666666667,,frozen_r3_collision,1.2
section_00_test_000234,test,target,anomaly,C,20260912T024659Z-af99e7033894c502d0c27f5d,20260912T024659Z-af99e7033894c502d0c27f5d-dg-9baf03469be4-000016,2,toolhead_collision,collision_x-min-y-max,fast,toolhead-collision-x-min-y-max-fast,left,hard-anomaly,clipped/audio_event_clean/anomaly/20260912T024659Z-af99e7033894c502d0c27f5d-dg-9baf03469be4-000016_ch2.wav,3DPrinter/test/section_00_test_000234.wav,11346950cf06e87a6ffd6c906a0dc3423c8f23fb6a8087b5832d1b2c3aca5bad,960044,18924060000,18924540000,defdef05b012a824b07300828863c262d0c282a4883add27bac2973cbb857bc5,2.8,0.28,,frozen_r3_collision,1.2
section_00_test_000235,test,target,anomaly,C,20260912T024659Z-af99e7033894c502d0c27f5d,20260912T024659Z-af99e7033894c502d0c27f5d-dg-9baf03469be4-000032,2,toolhead_collision,collision_x-min-y-max,fast,toolhead-collision-x-min-y-max-fast,left,hard-anomaly,clipped/audio_event_clean/anomaly/20260912T024659Z-af99e7033894c502d0c27f5d-dg-9baf03469be4-000032_ch2.wav,3DPrinter/test/section_00_test_000235.wav,7fe7b067b765325f1ec6f4285515a7ddaf2a47a6d9ec03bf55a062be5f878bf1,960044,18931740000,18932220000,defdef05b012a824b07300828863c262d0c282a4883add27bac2973cbb857bc5,0.46289583333333334,0.046289583333333335,,frozen_r3_collision,1.2
section_00_test_000236,test,target,anomaly,C,20260912T031303Z-3cbe457145ec2ba412c9b3d9,20260912T031303Z-3cbe457145ec2ba412c9b3d9-dg-7871b96a0ac3-000001,2,toolhead_collision,collision_x-max-y-max,fast,toolhead-collision-x-max-y-max-fast,left,hard-anomaly,clipped/audio_event_clean/anomaly/20260912T031303Z-3cbe457145ec2ba412c9b3d9-dg-7871b96a0ac3-000001_ch2.wav,3DPrinter/test/section_00_test_000236.wav,5fce1f6a38e22e2846ae5a4931046fd06b5766c89a083b3d145646d6f17002ee,960044,18991932000,18992412000,a8d3e8dbcbce833596b7c51ff73aaf8160b3fa6c18a350845d8d67a89131595e,1.84,0.184,,frozen_r3_collision,1.36
section_00_test_000237,test,target,anomaly,C,20260912T031303Z-3cbe457145ec2ba412c9b3d9,20260912T031303Z-3cbe457145ec2ba412c9b3d9-dg-7871b96a0ac3-000016,2,toolhead_collision,collision_x-max-y-max,fast,toolhead-collision-x-max-y-max-fast,left,hard-anomaly,clipped/audio_event_clean/anomaly/20260912T031303Z-3cbe457145ec2ba412c9b3d9-dg-7871b96a0ac3-000016_ch2.wav,3DPrinter/test/section_00_test_000237.wav,403a10560b28bb6ecf450a6482dc48a7dee8b4144e109512576402f33243cf1f,960044,18999132000,18999612000,a8d3e8dbcbce833596b7c51ff73aaf8160b3fa6c18a350845d8d67a89131595e,2.12,0.212,,frozen_r3_collision,1.36
section_00_test_000238,test,target,anomaly,C,20260912T052839Z-042f80319ee006111d66c24f,20260912T052839Z-042f80319ee006111d66c24f-dg-23a3ed72574e-000014,2,cooling_fan_fault,cooling_fan_fault,fast,fan-blade-damage-bilateral-v3-fast,left,hard-anomaly,clipped/audio_event_clean/anomaly/20260912T052839Z-042f80319ee006111d66c24f-dg-23a3ed72574e-000014_ch2.wav,3DPrinter/test/section_00_test_000238.wav,058b5144981f78519be45c1345d2fbefa17bb8b43e220f60f51251fa3e7953a4,960044,19388688000,19389168000,f95d2f23b711c9c8851482fa34cb546602b68b0125b091bc28e699a2f359d5d9,10.0,1.0,6d5609c29f81d4b86f632804e1b0ec436d75f76a4d5e22b19ad8588800c2871c,saved_human,1.6827916666666667
section_00_test_000239,test,target,anomaly,C,20260912T052839Z-042f80319ee006111d66c24f,20260912T052839Z-042f80319ee006111d66c24f-dg-23a3ed72574e-000034,2,cooling_fan_fault,cooling_fan_fault,fast,fan-blade-damage-bilateral-v3-fast,left,hard-anomaly,clipped/audio_event_clean/anomaly/20260912T052839Z-042f80319ee006111d66c24f-dg-23a3ed72574e-000034_ch2.wav,3DPrinter/test/section_00_test_000239.wav,1b57c9df5025f296372089809b1e88d22f0c304691d76ecff9861fd8a946dc23,960044,19398288000,19398768000,f95d2f23b711c9c8851482fa34cb546602b68b0125b091bc28e699a2f359d5d9,10.0,1.0,6d5609c29f81d4b86f632804e1b0ec436d75f76a4d5e22b19ad8588800c2871c,saved_human,1.6827916666666667
section_00_test_000240,test,target,anomaly,C,20260912T052839Z-042f80319ee006111d66c24f,20260912T052839Z-042f80319ee006111d66c24f-dg-23a3ed72574e-000058,2,cooling_fan_fault,cooling_fan_fault,fast,fan-blade-damage-bilateral-v3-fast,left,hard-anomaly,clipped/audio_event_clean/anomaly/20260912T052839Z-042f80319ee006111d66c24f-dg-23a3ed72574e-000058_ch2.wav,3DPrinter/test/section_00_test_000240.wav,e42aedd67ad6776589648ee99e61a32d7495e2a952f6a2d9a0d0ae50dba1cdc6,960044,19409808000,19410288000,f95d2f23b711c9c8851482fa34cb546602b68b0125b091bc28e699a2f359d5d9,10.0,1.0,6d5609c29f81d4b86f632804e1b0ec436d75f76a4d5e22b19ad8588800c2871c,saved_human,1.6827916666666667
section_00_test_000241,test,target,anomaly,C,20260912T052839Z-042f80319ee006111d66c24f,20260912T052839Z-042f80319ee006111d66c24f-dg-23a3ed72574e-000059,2,cooling_fan_fault,cooling_fan_fault,fast,fan-blade-damage-bilateral-v3-fast,left,hard-anomaly,clipped/audio_event_clean/anomaly/20260912T052839Z-042f80319ee006111d66c24f-dg-23a3ed72574e-000059_ch2.wav,3DPrinter/test/section_00_test_000241.wav,f9e0c38bb223afbad8250baa0e23088f736fcf3c2b5daaf31247471af964e321,960044,19410288000,19410768000,f95d2f23b711c9c8851482fa34cb546602b68b0125b091bc28e699a2f359d5d9,10.0,1.0,6d5609c29f81d4b86f632804e1b0ec436d75f76a4d5e22b19ad8588800c2871c,saved_human,1.6827916666666667
section_00_test_000242,test,target,anomaly,C,20260912T052839Z-042f80319ee006111d66c24f,20260912T052839Z-042f80319ee006111d66c24f-dg-23a3ed72574e-000064,2,cooling_fan_fault,cooling_fan_fault,fast,fan-blade-damage-bilateral-v3-fast,left,hard-anomaly,clipped/audio_event_clean/anomaly/20260912T052839Z-042f80319ee006111d66c24f-dg-23a3ed72574e-000064_ch2.wav,3DPrinter/test/section_00_test_000242.wav,e1f86843a7ab1ed313ed5786ca9dcc7967f59baf3bc3b6305a0ef73baa269cfe,960044,19412688000,19413168000,f95d2f23b711c9c8851482fa34cb546602b68b0125b091bc28e699a2f359d5d9,10.0,1.0,6d5609c29f81d4b86f632804e1b0ec436d75f76a4d5e22b19ad8588800c2871c,saved_human,1.6827916666666667
section_00_test_000243,test,target,anomaly,C,20260912T052839Z-042f80319ee006111d66c24f,20260912T052839Z-042f80319ee006111d66c24f-dg-23a3ed72574e-000086,2,cooling_fan_fault,cooling_fan_fault,fast,fan-blade-damage-bilateral-v3-fast,left,hard-anomaly,clipped/audio_event_clean/anomaly/20260912T052839Z-042f80319ee006111d66c24f-dg-23a3ed72574e-000086_ch2.wav,3DPrinter/test/section_00_test_000243.wav,4fd1f7b8f2538b3deb2fb6578560c5b539afe9d1d81968e4a3f902079ef67aa0,960044,19423248000,19423728000,f95d2f23b711c9c8851482fa34cb546602b68b0125b091bc28e699a2f359d5d9,10.0,1.0,6d5609c29f81d4b86f632804e1b0ec436d75f76a4d5e22b19ad8588800c2871c,saved_human,1.6827916666666667
section_00_test_000244,test,target,anomaly,C,20260912T052839Z-042f80319ee006111d66c24f,20260912T052839Z-042f80319ee006111d66c24f-dg-23a3ed72574e-000113,2,cooling_fan_fault,cooling_fan_fault,fast,fan-blade-damage-bilateral-v3-fast,left,hard-anomaly,clipped/audio_event_clean/anomaly/20260912T052839Z-042f80319ee006111d66c24f-dg-23a3ed72574e-000113_ch2.wav,3DPrinter/test/section_00_test_000244.wav,28d9a6ddfb87ea2ecf38b303d6dbd944eba0b03a1f3943235f3b9f59c71d5938,960044,19436208000,19436688000,f95d2f23b711c9c8851482fa34cb546602b68b0125b091bc28e699a2f359d5d9,10.0,1.0,6d5609c29f81d4b86f632804e1b0ec436d75f76a4d5e22b19ad8588800c2871c,saved_human,1.6827916666666667
section_00_test_000245,test,target,anomaly,C,20260912T052839Z-042f80319ee006111d66c24f,20260912T052839Z-042f80319ee006111d66c24f-dg-23a3ed72574e-000124,2,cooling_fan_fault,cooling_fan_fault,fast,fan-blade-damage-bilateral-v3-fast,left,hard-anomaly,clipped/audio_event_clean/anomaly/20260912T052839Z-042f80319ee006111d66c24f-dg-23a3ed72574e-000124_ch2.wav,3DPrinter/test/section_00_test_000245.wav,933ffd3c6849e95f4d418e0cba4bfbf371ced9c07b7de4fe3a0d089a8166b67a,960044,19441488000,19441968000,f95d2f23b711c9c8851482fa34cb546602b68b0125b091bc28e699a2f359d5d9,10.0,1.0,6d5609c29f81d4b86f632804e1b0ec436d75f76a4d5e22b19ad8588800c2871c,saved_human,1.6827916666666667
section_00_test_000246,test,target,anomaly,C,20260912T052839Z-042f80319ee006111d66c24f,20260912T052839Z-042f80319ee006111d66c24f-dg-23a3ed72574e-000136,2,cooling_fan_fault,cooling_fan_fault,fast,fan-blade-damage-bilateral-v3-fast,left,hard-anomaly,clipped/audio_event_clean/anomaly/20260912T052839Z-042f80319ee006111d66c24f-dg-23a3ed72574e-000136_ch2.wav,3DPrinter/test/section_00_test_000246.wav,74a9c2ae1f70bf0c3949f5a156081d571726301d81c38d46d0c62c9b41a01ea1,960044,19447248000,19447728000,f95d2f23b711c9c8851482fa34cb546602b68b0125b091bc28e699a2f359d5d9,10.0,1.0,6d5609c29f81d4b86f632804e1b0ec436d75f76a4d5e22b19ad8588800c2871c,saved_human,1.6827916666666667
section_00_test_000247,test,target,anomaly,C,20260912T052839Z-042f80319ee006111d66c24f,20260912T052839Z-042f80319ee006111d66c24f-dg-23a3ed72574e-000140,2,cooling_fan_fault,cooling_fan_fault,fast,fan-blade-damage-bilateral-v3-fast,left,hard-anomaly,clipped/audio_event_clean/anomaly/20260912T052839Z-042f80319ee006111d66c24f-dg-23a3ed72574e-000140_ch2.wav,3DPrinter/test/section_00_test_000247.wav,0b95f9a09e525a760bad54a12f5b359bfc455a6af5f3a6b3211d9872582a0186,960044,19449168000,19449648000,f95d2f23b711c9c8851482fa34cb546602b68b0125b091bc28e699a2f359d5d9,10.0,1.0,6d5609c29f81d4b86f632804e1b0ec436d75f76a4d5e22b19ad8588800c2871c,saved_human,1.6827916666666667
section_00_test_000248,test,target,anomaly,C,20260912T052839Z-042f80319ee006111d66c24f,20260912T052839Z-042f80319ee006111d66c24f-dg-23a3ed72574e-000154,2,cooling_fan_fault,cooling_fan_fault,fast,fan-blade-damage-bilateral-v3-fast,left,hard-anomaly,clipped/audio_event_clean/anomaly/20260912T052839Z-042f80319ee006111d66c24f-dg-23a3ed72574e-000154_ch2.wav,3DPrinter/test/section_00_test_000248.wav,4a6d812c0ef8d12aaef35a5733774794ca6044ad1851d8269f2c3c4b826395d4,960044,19455888000,19456368000,f95d2f23b711c9c8851482fa34cb546602b68b0125b091bc28e699a2f359d5d9,10.0,1.0,6d5609c29f81d4b86f632804e1b0ec436d75f76a4d5e22b19ad8588800c2871c,saved_human,1.6827916666666667
section_00_test_000249,test,target,anomaly,C,20260912T052839Z-042f80319ee006111d66c24f,20260912T052839Z-042f80319ee006111d66c24f-dg-23a3ed72574e-000159,2,cooling_fan_fault,cooling_fan_fault,fast,fan-blade-damage-bilateral-v3-fast,left,hard-anomaly,clipped/audio_event_clean/anomaly/20260912T052839Z-042f80319ee006111d66c24f-dg-23a3ed72574e-000159_ch2.wav,3DPrinter/test/section_00_test_000249.wav,c4b7d86c57c8fd810f6eef1f4c3e379a5688778d32c7afe1cee45f264d6ef3ae,960044,19458288000,19458768000,f95d2f23b711c9c8851482fa34cb546602b68b0125b091bc28e699a2f359d5d9,10.0,1.0,6d5609c29f81d4b86f632804e1b0ec436d75f76a4d5e22b19ad8588800c2871c,saved_human,1.6827916666666667
section_00_test_000250,test,target,anomaly,C,20260911T072024Z-9c2abb50e4c856716bf9acd2,20260911T072024Z-9c2abb50e4c856716bf9acd2-dg-e2ad6c05e474-000068,4,belt_tension_abnormal,belt_a,fast,belt-a-low-v1-fast,right,soft-anomaly,clipped/audio_event_clean/anomaly/20260911T072024Z-9c2abb50e4c856716bf9acd2-dg-e2ad6c05e474-000068_ch4.wav,3DPrinter/test/section_00_test_000250.wav,c71aa8e022553dc5369002e0ed48c273b638bd931ff1664a5740d512db8043b8,960044,15589260000,15589740000,b68c90dd62231eb8852866c842bbfa6456e88cffb8027dd2de1d318e30744b8e,8.98,0.898,e85dc8c54b83a881a09c494624b7a15bd16cb5ee020e961f75b3409958289810,saved_rule_based,1.41
section_00_test_000251,test,target,anomaly,C,20260911T072024Z-9c2abb50e4c856716bf9acd2,20260911T072024Z-9c2abb50e4c856716bf9acd2-dg-e2ad6c05e474-000092,4,belt_tension_abnormal,belt_a,fast,belt-a-low-v1-fast,right,soft-anomaly,clipped/audio_event_clean/anomaly/20260911T072024Z-9c2abb50e4c856716bf9acd2-dg-e2ad6c05e474-000092_ch4.wav,3DPrinter/test/section_00_test_000251.wav,d927b80b956ccf8ed1a76ad49c0c97dcc6b2d4e1b75beb922967592dc1402bb0,960044,15600780000,15601260000,b68c90dd62231eb8852866c842bbfa6456e88cffb8027dd2de1d318e30744b8e,7.79,0.779,e85dc8c54b83a881a09c494624b7a15bd16cb5ee020e961f75b3409958289810,saved_rule_based,1.41
section_00_test_000252,test,target,anomaly,C,20260911T072024Z-9c2abb50e4c856716bf9acd2,20260911T072024Z-9c2abb50e4c856716bf9acd2-dg-e2ad6c05e474-000096,4,belt_tension_abnormal,belt_a,fast,belt-a-low-v1-fast,right,soft-anomaly,clipped/audio_event_clean/anomaly/20260911T072024Z-9c2abb50e4c856716bf9acd2-dg-e2ad6c05e474-000096_ch4.wav,3DPrinter/test/section_00_test_000252.wav,b6ee99cbbc50c1865b4f2841ce26a6842778ba9783b987cd2202e1b18412ddb8,960044,15602700000,15603180000,b68c90dd62231eb8852866c842bbfa6456e88cffb8027dd2de1d318e30744b8e,7.72,0.772,e85dc8c54b83a881a09c494624b7a15bd16cb5ee020e961f75b3409958289810,saved_rule_based,1.41
section_00_test_000253,test,target,anomaly,C,20260911T072024Z-9c2abb50e4c856716bf9acd2,20260911T072024Z-9c2abb50e4c856716bf9acd2-dg-e2ad6c05e474-000107,4,belt_tension_abnormal,belt_a,fast,belt-a-low-v1-fast,right,soft-anomaly,clipped/audio_event_clean/anomaly/20260911T072024Z-9c2abb50e4c856716bf9acd2-dg-e2ad6c05e474-000107_ch4.wav,3DPrinter/test/section_00_test_000253.wav,90645182c860bb09ee2810bb9f42f1a6bce9f7201611e04b216006a047987449,960044,15607980000,15608460000,b68c90dd62231eb8852866c842bbfa6456e88cffb8027dd2de1d318e30744b8e,8.22,0.822,e85dc8c54b83a881a09c494624b7a15bd16cb5ee020e961f75b3409958289810,saved_rule_based,1.41
section_00_test_000254,test,target,anomaly,C,20260911T100852Z-935bf74e9aedf0b13bd4e62d,20260911T100852Z-935bf74e9aedf0b13bd4e62d-dg-6f3fb0a8e2ae-000040,4,belt_tension_abnormal,belt_a_b,fast,belt-ab-low-v1-fast,right,soft-anomaly,clipped/audio_event_clean/anomaly/20260911T100852Z-935bf74e9aedf0b13bd4e62d-dg-6f3fb0a8e2ae-000040_ch4.wav,3DPrinter/test/section_00_test_000254.wav,3133536768a3644a9aac07614fc0362b8f7d991a6195de0f021cb39dbc57a0ff,960044,16061004000,16061484000,2f4e17fe7a123e6c0e0884adc2d466cc95bb31f6e81b5f6136fd67a66a97b1ff,8.25,0.825,be399d65df5cc47cd589de4b8678fc582b76138b53464e9108ff1cc2f160e7b6,saved_rule_based,1.61
section_00_test_000255,test,target,anomaly,C,20260911T100852Z-935bf74e9aedf0b13bd4e62d,20260911T100852Z-935bf74e9aedf0b13bd4e62d-dg-6f3fb0a8e2ae-000074,4,belt_tension_abnormal,belt_a_b,fast,belt-ab-low-v1-fast,right,soft-anomaly,clipped/audio_event_clean/anomaly/20260911T100852Z-935bf74e9aedf0b13bd4e62d-dg-6f3fb0a8e2ae-000074_ch4.wav,3DPrinter/test/section_00_test_000255.wav,a84868014707239091088c4bf49029f28cef5605f7e06dfa6724bb3846f82cd7,960044,16077324000,16077804000,2f4e17fe7a123e6c0e0884adc2d466cc95bb31f6e81b5f6136fd67a66a97b1ff,8.15,0.815,be399d65df5cc47cd589de4b8678fc582b76138b53464e9108ff1cc2f160e7b6,saved_rule_based,1.61
section_00_test_000256,test,target,anomaly,C,20260911T100852Z-935bf74e9aedf0b13bd4e62d,20260911T100852Z-935bf74e9aedf0b13bd4e62d-dg-6f3fb0a8e2ae-000094,4,belt_tension_abnormal,belt_a_b,fast,belt-ab-low-v1-fast,right,soft-anomaly,clipped/audio_event_clean/anomaly/20260911T100852Z-935bf74e9aedf0b13bd4e62d-dg-6f3fb0a8e2ae-000094_ch4.wav,3DPrinter/test/section_00_test_000256.wav,820fe1323c353a642a8aaddc1e7e7cac354b40385ab6b101b7256d9d9434d309,960044,16086924000,16087404000,2f4e17fe7a123e6c0e0884adc2d466cc95bb31f6e81b5f6136fd67a66a97b1ff,7.7,0.77,be399d65df5cc47cd589de4b8678fc582b76138b53464e9108ff1cc2f160e7b6,saved_rule_based,1.61
section_00_test_000257,test,target,anomaly,C,20260911T100852Z-935bf74e9aedf0b13bd4e62d,20260911T100852Z-935bf74e9aedf0b13bd4e62d-dg-6f3fb0a8e2ae-000105,4,belt_tension_abnormal,belt_a_b,fast,belt-ab-low-v1-fast,right,soft-anomaly,clipped/audio_event_clean/anomaly/20260911T100852Z-935bf74e9aedf0b13bd4e62d-dg-6f3fb0a8e2ae-000105_ch4.wav,3DPrinter/test/section_00_test_000257.wav,c1b0e7dcfc1eb796c732b4caffd64715017dfed63ef7b7e33a56ee6c6ef26127,960044,16092204000,16092684000,2f4e17fe7a123e6c0e0884adc2d466cc95bb31f6e81b5f6136fd67a66a97b1ff,9.39,0.939,be399d65df5cc47cd589de4b8678fc582b76138b53464e9108ff1cc2f160e7b6,saved_rule_based,1.61
section_00_test_000258,test,target,anomaly,C,20260911T120031Z-f1914c9803ce0695cce4e620,20260911T120031Z-f1914c9803ce0695cce4e620-dg-7ed01a3e0bad-000016,4,belt_tension_abnormal,belt_b,fast,belt-b-low-v1-fast,right,soft-anomaly,clipped/audio_event_clean/anomaly/20260911T120031Z-f1914c9803ce0695cce4e620-dg-7ed01a3e0bad-000016_ch4.wav,3DPrinter/test/section_00_test_000258.wav,8e877e46e74e8f4885a607d05effd57714cc3975daabccb52b0ef27868ad3b3c,960044,16371016800,16371496800,e44f31b8f80c838c0f9679cef7e3450ddf4a0913bb200ffd9a4f649595aa4119,8.2,0.82,caf90bf67e9e3429e5cee866696b656d9a0dace150284929e714e63462de549e,saved_human,1.5637291666666666
section_00_test_000259,test,target,anomaly,C,20260911T120031Z-f1914c9803ce0695cce4e620,20260911T120031Z-f1914c9803ce0695cce4e620-dg-7ed01a3e0bad-000041,4,belt_tension_abnormal,belt_b,fast,belt-b-low-v1-fast,right,soft-anomaly,clipped/audio_event_clean/anomaly/20260911T120031Z-f1914c9803ce0695cce4e620-dg-7ed01a3e0bad-000041_ch4.wav,3DPrinter/test/section_00_test_000259.wav,535c11b20cfb99cc691de73093defaef87ae76f57920e1455c549a986a8d856c,960044,16383016800,16383496800,e44f31b8f80c838c0f9679cef7e3450ddf4a0913bb200ffd9a4f649595aa4119,8.9,0.89,caf90bf67e9e3429e5cee866696b656d9a0dace150284929e714e63462de549e,saved_human,1.5637291666666666
section_00_test_000260,test,target,anomaly,C,20260911T120031Z-f1914c9803ce0695cce4e620,20260911T120031Z-f1914c9803ce0695cce4e620-dg-7ed01a3e0bad-000141,4,belt_tension_abnormal,belt_b,fast,belt-b-low-v1-fast,right,soft-anomaly,clipped/audio_event_clean/anomaly/20260911T120031Z-f1914c9803ce0695cce4e620-dg-7ed01a3e0bad-000141_ch4.wav,3DPrinter/test/section_00_test_000260.wav,d59d2364272e6b092be25eae3debf4e5b63f240265eaa7f05cb75ae20596ad43,960044,16431016800,16431496800,e44f31b8f80c838c0f9679cef7e3450ddf4a0913bb200ffd9a4f649595aa4119,6.25,0.625,caf90bf67e9e3429e5cee866696b656d9a0dace150284929e714e63462de549e,saved_human,1.5637291666666666
section_00_test_000261,test,target,anomaly,C,20260911T120031Z-f1914c9803ce0695cce4e620,20260911T120031Z-f1914c9803ce0695cce4e620-dg-7ed01a3e0bad-000157,4,belt_tension_abnormal,belt_b,fast,belt-b-low-v1-fast,right,soft-anomaly,clipped/audio_event_clean/anomaly/20260911T120031Z-f1914c9803ce0695cce4e620-dg-7ed01a3e0bad-000157_ch4.wav,3DPrinter/test/section_00_test_000261.wav,8629a9226fd24fbaf3f2f98fcc627bbe7faaaca7d145b5f9e9e7cac83d14f035,960044,16438696800,16439176800,e44f31b8f80c838c0f9679cef7e3450ddf4a0913bb200ffd9a4f649595aa4119,8.5,0.85,caf90bf67e9e3429e5cee866696b656d9a0dace150284929e714e63462de549e,saved_human,1.5637291666666666
section_00_test_000262,test,target,anomaly,C,20260911T161000Z-07d176b0060ac87418627156,20260911T161000Z-07d176b0060ac87418627156-dg-36bae53d1250-000001,4,extruder_cogging_or_no_extrusion,extruder_cogging_or_no_extrusion,fast,extruder-cogging-fast,right,hard-anomaly,clipped/audio_event_clean/anomaly/20260911T161000Z-07d176b0060ac87418627156-dg-36bae53d1250-000001_ch4.wav,3DPrinter/test/section_00_test_000262.wav,5b1c5929ea05ef948516bc59c4ccf7f8f3711d09af2927c358e4571d38f990ee,960044,17082328800,17082808800,603acd106f7ac3cf11f072c549396ff35f5457f66fb1ead062cd9e3050dd9a52,10.0,1.0,60060c195fc333ab708b4f48aa9e4cde820bc218c03d5ea1bfd4309d9bf9fc7a,saved_human,1.6445208333333334
section_00_test_000263,test,target,anomaly,C,20260911T161000Z-07d176b0060ac87418627156,20260911T161000Z-07d176b0060ac87418627156-dg-36bae53d1250-000004,4,extruder_cogging_or_no_extrusion,extruder_cogging_or_no_extrusion,fast,extruder-cogging-fast,right,hard-anomaly,clipped/audio_event_clean/anomaly/20260911T161000Z-07d176b0060ac87418627156-dg-36bae53d1250-000004_ch4.wav,3DPrinter/test/section_00_test_000263.wav,b0feafb205dfadd190a65b9bc731bfb1eea6168d2cf997d451a07191dd1a238a,960044,17083768800,17084248800,603acd106f7ac3cf11f072c549396ff35f5457f66fb1ead062cd9e3050dd9a52,10.0,1.0,60060c195fc333ab708b4f48aa9e4cde820bc218c03d5ea1bfd4309d9bf9fc7a,saved_human,1.6445208333333334
section_00_test_000264,test,target,anomaly,C,20260911T161000Z-07d176b0060ac87418627156,20260911T161000Z-07d176b0060ac87418627156-dg-36bae53d1250-000030,4,extruder_cogging_or_no_extrusion,extruder_cogging_or_no_extrusion,fast,extruder-cogging-fast,right,hard-anomaly,clipped/audio_event_clean/anomaly/20260911T161000Z-07d176b0060ac87418627156-dg-36bae53d1250-000030_ch4.wav,3DPrinter/test/section_00_test_000264.wav,7bc79ef633f6478ad9d0200439a13fe19519b826b5e4178ffca208eb32383ef0,960044,17096248800,17096728800,603acd106f7ac3cf11f072c549396ff35f5457f66fb1ead062cd9e3050dd9a52,10.0,1.0,60060c195fc333ab708b4f48aa9e4cde820bc218c03d5ea1bfd4309d9bf9fc7a,saved_human,1.6445208333333334
section_00_test_000265,test,target,anomaly,C,20260911T161000Z-07d176b0060ac87418627156,20260911T161000Z-07d176b0060ac87418627156-dg-36bae53d1250-000039,4,extruder_cogging_or_no_extrusion,extruder_cogging_or_no_extrusion,fast,extruder-cogging-fast,right,hard-anomaly,clipped/audio_event_clean/anomaly/20260911T161000Z-07d176b0060ac87418627156-dg-36bae53d1250-000039_ch4.wav,3DPrinter/test/section_00_test_000265.wav,f26630517b4d9648073c88eff2445d4979826b44ddb844d2441b6a195def40eb,960044,17100568800,17101048800,603acd106f7ac3cf11f072c549396ff35f5457f66fb1ead062cd9e3050dd9a52,10.0,1.0,60060c195fc333ab708b4f48aa9e4cde820bc218c03d5ea1bfd4309d9bf9fc7a,saved_human,1.6445208333333334
section_00_test_000266,test,target,anomaly,C,20260911T161000Z-07d176b0060ac87418627156,20260911T161000Z-07d176b0060ac87418627156-dg-36bae53d1250-000061,4,extruder_cogging_or_no_extrusion,extruder_cogging_or_no_extrusion,fast,extruder-cogging-fast,right,hard-anomaly,clipped/audio_event_clean/anomaly/20260911T161000Z-07d176b0060ac87418627156-dg-36bae53d1250-000061_ch4.wav,3DPrinter/test/section_00_test_000266.wav,b98f520dc831fb774a3155d58943bd211f5bb4aa06d10768c8c1980534488fca,960044,17111128800,17111608800,603acd106f7ac3cf11f072c549396ff35f5457f66fb1ead062cd9e3050dd9a52,10.0,1.0,60060c195fc333ab708b4f48aa9e4cde820bc218c03d5ea1bfd4309d9bf9fc7a,saved_human,1.6445208333333334
section_00_test_000267,test,target,anomaly,C,20260911T161000Z-07d176b0060ac87418627156,20260911T161000Z-07d176b0060ac87418627156-dg-36bae53d1250-000074,4,extruder_cogging_or_no_extrusion,extruder_cogging_or_no_extrusion,fast,extruder-cogging-fast,right,hard-anomaly,clipped/audio_event_clean/anomaly/20260911T161000Z-07d176b0060ac87418627156-dg-36bae53d1250-000074_ch4.wav,3DPrinter/test/section_00_test_000267.wav,1b3b8184d68510573060b4ac893b54010499f98c9c426ca5cbc674bea15657a1,960044,17117368800,17117848800,603acd106f7ac3cf11f072c549396ff35f5457f66fb1ead062cd9e3050dd9a52,10.0,1.0,60060c195fc333ab708b4f48aa9e4cde820bc218c03d5ea1bfd4309d9bf9fc7a,saved_human,1.6445208333333334
section_00_test_000268,test,target,anomaly,C,20260911T161000Z-07d176b0060ac87418627156,20260911T161000Z-07d176b0060ac87418627156-dg-36bae53d1250-000098,4,extruder_cogging_or_no_extrusion,extruder_cogging_or_no_extrusion,fast,extruder-cogging-fast,right,hard-anomaly,clipped/audio_event_clean/anomaly/20260911T161000Z-07d176b0060ac87418627156-dg-36bae53d1250-000098_ch4.wav,3DPrinter/test/section_00_test_000268.wav,648ee150ef3b9f5ee42132499e9f04e622eb6b907cd4d1681a18f6d42846ef6e,960044,17128888800,17129368800,603acd106f7ac3cf11f072c549396ff35f5457f66fb1ead062cd9e3050dd9a52,10.0,1.0,60060c195fc333ab708b4f48aa9e4cde820bc218c03d5ea1bfd4309d9bf9fc7a,saved_human,1.6445208333333334
section_00_test_000269,test,target,anomaly,C,20260911T161000Z-07d176b0060ac87418627156,20260911T161000Z-07d176b0060ac87418627156-dg-36bae53d1250-000103,4,extruder_cogging_or_no_extrusion,extruder_cogging_or_no_extrusion,fast,extruder-cogging-fast,right,hard-anomaly,clipped/audio_event_clean/anomaly/20260911T161000Z-07d176b0060ac87418627156-dg-36bae53d1250-000103_ch4.wav,3DPrinter/test/section_00_test_000269.wav,5ff5fff98dfea5d9e1d87a811182cafe20568d4f09743d7456834dc9e568c7d6,960044,17131288800,17131768800,603acd106f7ac3cf11f072c549396ff35f5457f66fb1ead062cd9e3050dd9a52,10.0,1.0,60060c195fc333ab708b4f48aa9e4cde820bc218c03d5ea1bfd4309d9bf9fc7a,saved_human,1.6445208333333334
section_00_test_000270,test,target,anomaly,C,20260911T161000Z-07d176b0060ac87418627156,20260911T161000Z-07d176b0060ac87418627156-dg-36bae53d1250-000130,4,extruder_cogging_or_no_extrusion,extruder_cogging_or_no_extrusion,fast,extruder-cogging-fast,right,hard-anomaly,clipped/audio_event_clean/anomaly/20260911T161000Z-07d176b0060ac87418627156-dg-36bae53d1250-000130_ch4.wav,3DPrinter/test/section_00_test_000270.wav,07215774ba8852a88db19f3842100c0d77dfdc36722b78d5aefd079c0ba2c131,960044,17144248800,17144728800,603acd106f7ac3cf11f072c549396ff35f5457f66fb1ead062cd9e3050dd9a52,10.0,1.0,60060c195fc333ab708b4f48aa9e4cde820bc218c03d5ea1bfd4309d9bf9fc7a,saved_human,1.6445208333333334
section_00_test_000271,test,target,anomaly,C,20260911T161000Z-07d176b0060ac87418627156,20260911T161000Z-07d176b0060ac87418627156-dg-36bae53d1250-000131,4,extruder_cogging_or_no_extrusion,extruder_cogging_or_no_extrusion,fast,extruder-cogging-fast,right,hard-anomaly,clipped/audio_event_clean/anomaly/20260911T161000Z-07d176b0060ac87418627156-dg-36bae53d1250-000131_ch4.wav,3DPrinter/test/section_00_test_000271.wav,fde931aeae33364fb17e34a15622e4a09ad8dc4b833451919697c8340c51edde,960044,17144728800,17145208800,603acd106f7ac3cf11f072c549396ff35f5457f66fb1ead062cd9e3050dd9a52,10.0,1.0,60060c195fc333ab708b4f48aa9e4cde820bc218c03d5ea1bfd4309d9bf9fc7a,saved_human,1.6445208333333334
section_00_test_000272,test,target,anomaly,C,20260911T161000Z-07d176b0060ac87418627156,20260911T161000Z-07d176b0060ac87418627156-dg-36bae53d1250-000136,4,extruder_cogging_or_no_extrusion,extruder_cogging_or_no_extrusion,fast,extruder-cogging-fast,right,hard-anomaly,clipped/audio_event_clean/anomaly/20260911T161000Z-07d176b0060ac87418627156-dg-36bae53d1250-000136_ch4.wav,3DPrinter/test/section_00_test_000272.wav,2d463af8340a12e771ebde6f6399a2442a3c7e15ab47e71b32afb6a148cb1b39,960044,17147128800,17147608800,603acd106f7ac3cf11f072c549396ff35f5457f66fb1ead062cd9e3050dd9a52,10.0,1.0,60060c195fc333ab708b4f48aa9e4cde820bc218c03d5ea1bfd4309d9bf9fc7a,saved_human,1.6445208333333334
section_00_test_000273,test,target,anomaly,C,20260911T161000Z-07d176b0060ac87418627156,20260911T161000Z-07d176b0060ac87418627156-dg-36bae53d1250-000150,4,extruder_cogging_or_no_extrusion,extruder_cogging_or_no_extrusion,fast,extruder-cogging-fast,right,hard-anomaly,clipped/audio_event_clean/anomaly/20260911T161000Z-07d176b0060ac87418627156-dg-36bae53d1250-000150_ch4.wav,3DPrinter/test/section_00_test_000273.wav,b1cfa6372bc46e9446be976028dab0de3080c7b9831c6c8bc85f422a1085961c,960044,17153848800,17154328800,603acd106f7ac3cf11f072c549396ff35f5457f66fb1ead062cd9e3050dd9a52,10.0,1.0,60060c195fc333ab708b4f48aa9e4cde820bc218c03d5ea1bfd4309d9bf9fc7a,saved_human,1.6445208333333334
section_00_test_000274,test,target,anomaly,C,20260911T171148Z-2f35c316c47752fe14cf3be7,20260911T171148Z-2f35c316c47752fe14cf3be7-dg-d53b59c19395-000009,4,toolhead_collision,collision_x-min,fast,toolhead-collision-x-min-fast,right,hard-anomaly,clipped/audio_event_clean/anomaly/20260911T171148Z-2f35c316c47752fe14cf3be7-dg-d53b59c19395-000009_ch4.wav,3DPrinter/test/section_00_test_000274.wav,5680ad549e2aa14bdadbc647f2c839e38099e8df4a26c638d7ca445c466e336b,960044,17264196000,17264676000,303fad3ca5d1578bef468c09afb6ccd405c5577fdedcade549038518c528fb31,0.52,0.052,,frozen_r3_collision,1.28
section_00_test_000275,test,target,anomaly,C,20260911T171148Z-2f35c316c47752fe14cf3be7,20260911T171148Z-2f35c316c47752fe14cf3be7-dg-d53b59c19395-000022,4,toolhead_collision,collision_x-min,fast,toolhead-collision-x-min-fast,right,hard-anomaly,clipped/audio_event_clean/anomaly/20260911T171148Z-2f35c316c47752fe14cf3be7-dg-d53b59c19395-000022_ch4.wav,3DPrinter/test/section_00_test_000275.wav,7046a3b6397c2e3a8f18e1562a7317f45a16d2a0ff576537ec41fc6565217343,960044,17270436000,17270916000,303fad3ca5d1578bef468c09afb6ccd405c5577fdedcade549038518c528fb31,1.46,0.146,,frozen_r3_collision,1.28
section_00_test_000276,test,target,anomaly,C,20260911T171148Z-2f35c316c47752fe14cf3be7,20260911T171148Z-2f35c316c47752fe14cf3be7-dg-d53b59c19395-000058,4,toolhead_collision,collision_x-min,fast,toolhead-collision-x-min-fast,right,hard-anomaly,clipped/audio_event_clean/anomaly/20260911T171148Z-2f35c316c47752fe14cf3be7-dg-d53b59c19395-000058_ch4.wav,3DPrinter/test/section_00_test_000276.wav,6cc5671065df4b5f09e8ea27f1edb93aa8db799538f507d9381f9c6164773041,960044,17287716000,17288196000,303fad3ca5d1578bef468c09afb6ccd405c5577fdedcade549038518c528fb31,1.16,0.116,,frozen_r3_collision,1.28
section_00_test_000277,test,target,anomaly,C,20260912T015304Z-fbbe3a4a6572e889ec55b10e,20260912T015304Z-fbbe3a4a6572e889ec55b10e-dg-b42e26c5441a-000008,4,toolhead_collision,collision_x-max,fast,toolhead-collision-x-max-fast,right,hard-anomaly,clipped/audio_event_clean/anomaly/20260912T015304Z-fbbe3a4a6572e889ec55b10e-dg-b42e26c5441a-000008_ch4.wav,3DPrinter/test/section_00_test_000277.wav,4333c7e4c6f07644a5e9de60f56e4986cfa5d957e9843962bf261bb3eedd6d3f,960044,18764916000,18765396000,240604d9913d667f25ea176526d6f968da1e7521f92a6d62316a71a200fdc663,0.84,0.084,,frozen_r3_collision,1.3
section_00_test_000278,test,target,anomaly,C,20260912T015304Z-fbbe3a4a6572e889ec55b10e,20260912T015304Z-fbbe3a4a6572e889ec55b10e-dg-b42e26c5441a-000024,4,toolhead_collision,collision_x-max,fast,toolhead-collision-x-max-fast,right,hard-anomaly,clipped/audio_event_clean/anomaly/20260912T015304Z-fbbe3a4a6572e889ec55b10e-dg-b42e26c5441a-000024_ch4.wav,3DPrinter/test/section_00_test_000278.wav,4263ddfd2fed636be31bb4f2609dee2bb222e53b7a468fbdadb6509fb533d40c,960044,18772596000,18773076000,240604d9913d667f25ea176526d6f968da1e7521f92a6d62316a71a200fdc663,2.12,0.212,,frozen_r3_collision,1.3
section_00_test_000279,test,target,anomaly,C,20260912T021939Z-3278a03374dc31d9acdbbde8,20260912T021939Z-3278a03374dc31d9acdbbde8-dg-cf9b6ef25b7b-000008,4,toolhead_collision,collision_y-max,fast,toolhead-collision-y-max-fast,right,hard-anomaly,clipped/audio_event_clean/anomaly/20260912T021939Z-3278a03374dc31d9acdbbde8-dg-cf9b6ef25b7b-000008_ch4.wav,3DPrinter/test/section_00_test_000279.wav,500bce38c0ee553ec03622dc897fc0d4a2e082aa2f3eb2fd4962828de0e63a94,960044,18841476000,18841956000,50cea26bc6e6d4d4a9f03c0e42339937be31459e0d8a9d17ddd7489e5ef0b234,0.86,0.086,,frozen_r3_collision,1.1
section_00_test_000280,test,target,anomaly,C,20260912T021939Z-3278a03374dc31d9acdbbde8,20260912T021939Z-3278a03374dc31d9acdbbde8-dg-cf9b6ef25b7b-000042,4,toolhead_collision,collision_y-max,fast,toolhead-collision-y-max-fast,right,hard-anomaly,clipped/audio_event_clean/anomaly/20260912T021939Z-3278a03374dc31d9acdbbde8-dg-cf9b6ef25b7b-000042_ch4.wav,3DPrinter/test/section_00_test_000280.wav,de148472a432b8b3157738d62837b02eacca4f267146b0791338594c2563234c,960044,18857796000,18858276000,50cea26bc6e6d4d4a9f03c0e42339937be31459e0d8a9d17ddd7489e5ef0b234,0.46,0.046,,frozen_r3_collision,1.1
section_00_test_000281,test,target,anomaly,C,20260912T021939Z-3278a03374dc31d9acdbbde8,20260912T021939Z-3278a03374dc31d9acdbbde8-dg-cf9b6ef25b7b-000047,4,toolhead_collision,collision_y-max,fast,toolhead-collision-y-max-fast,right,hard-anomaly,clipped/audio_event_clean/anomaly/20260912T021939Z-3278a03374dc31d9acdbbde8-dg-cf9b6ef25b7b-000047_ch4.wav,3DPrinter/test/section_00_test_000281.wav,1b08eb198d4df62d09ba53b3d928e359aa3d6f9ec7649a64455a78f3c695bde0,960044,18860196000,18860676000,50cea26bc6e6d4d4a9f03c0e42339937be31459e0d8a9d17ddd7489e5ef0b234,1.92,0.192,,frozen_r3_collision,1.1
section_00_test_000282,test,target,anomaly,C,20260912T024659Z-af99e7033894c502d0c27f5d,20260912T024659Z-af99e7033894c502d0c27f5d-dg-9baf03469be4-000013,4,toolhead_collision,collision_x-min-y-max,fast,toolhead-collision-x-min-y-max-fast,right,hard-anomaly,clipped/audio_event_clean/anomaly/20260912T024659Z-af99e7033894c502d0c27f5d-dg-9baf03469be4-000013_ch4.wav,3DPrinter/test/section_00_test_000282.wav,8a801e679d68dea363dfa9acfb813caece33834f26aec14c904850303817b905,960044,18922620000,18923100000,defdef05b012a824b07300828863c262d0c282a4883add27bac2973cbb857bc5,1.86,0.186,,frozen_r3_collision,1.2
section_00_test_000283,test,target,anomaly,C,20260912T024659Z-af99e7033894c502d0c27f5d,20260912T024659Z-af99e7033894c502d0c27f5d-dg-9baf03469be4-000021,4,toolhead_collision,collision_x-min-y-max,fast,toolhead-collision-x-min-y-max-fast,right,hard-anomaly,clipped/audio_event_clean/anomaly/20260912T024659Z-af99e7033894c502d0c27f5d-dg-9baf03469be4-000021_ch4.wav,3DPrinter/test/section_00_test_000283.wav,a37f2a8c2149afdf44699323f230e0ba2a627e85113c9b67f8e1364a8dbe04f0,960044,18926460000,18926940000,defdef05b012a824b07300828863c262d0c282a4883add27bac2973cbb857bc5,2.48,0.248,,frozen_r3_collision,1.2
section_00_test_000284,test,target,anomaly,C,20260912T031303Z-3cbe457145ec2ba412c9b3d9,20260912T031303Z-3cbe457145ec2ba412c9b3d9-dg-7871b96a0ac3-000007,4,toolhead_collision,collision_x-max-y-max,fast,toolhead-collision-x-max-y-max-fast,right,hard-anomaly,clipped/audio_event_clean/anomaly/20260912T031303Z-3cbe457145ec2ba412c9b3d9-dg-7871b96a0ac3-000007_ch4.wav,3DPrinter/test/section_00_test_000284.wav,aeddf1e3b9b348104ce77cf062860f967f3f098da56b2bade58c767a2ad2a2c2,960044,18994812000,18995292000,a8d3e8dbcbce833596b7c51ff73aaf8160b3fa6c18a350845d8d67a89131595e,1.5,0.15,,frozen_r3_collision,1.36
section_00_test_000285,test,target,anomaly,C,20260912T031303Z-3cbe457145ec2ba412c9b3d9,20260912T031303Z-3cbe457145ec2ba412c9b3d9-dg-7871b96a0ac3-000012,4,toolhead_collision,collision_x-max-y-max,fast,toolhead-collision-x-max-y-max-fast,right,hard-anomaly,clipped/audio_event_clean/anomaly/20260912T031303Z-3cbe457145ec2ba412c9b3d9-dg-7871b96a0ac3-000012_ch4.wav,3DPrinter/test/section_00_test_000285.wav,215dc9f69c6057ec7ebd63850b20f662b2baf9a30b101d3638c8d9fa26af0523,960044,18997212000,18997692000,a8d3e8dbcbce833596b7c51ff73aaf8160b3fa6c18a350845d8d67a89131595e,2.14,0.214,,frozen_r3_collision,1.36
section_00_test_000286,test,target,anomaly,C,20260912T031303Z-3cbe457145ec2ba412c9b3d9,20260912T031303Z-3cbe457145ec2ba412c9b3d9-dg-7871b96a0ac3-000030,4,toolhead_collision,collision_x-max-y-max,fast,toolhead-collision-x-max-y-max-fast,right,hard-anomaly,clipped/audio_event_clean/anomaly/20260912T031303Z-3cbe457145ec2ba412c9b3d9-dg-7871b96a0ac3-000030_ch4.wav,3DPrinter/test/section_00_test_000286.wav,05b95fa155c6c2cbd7ff7b1ea9216ca0630dbd87c3063acb6cb3242b0cd891a3,960044,19005852000,19006332000,a8d3e8dbcbce833596b7c51ff73aaf8160b3fa6c18a350845d8d67a89131595e,1.1971041666666666,0.11971041666666667,,frozen_r3_collision,1.36
section_00_test_000287,test,target,anomaly,C,20260912T052839Z-042f80319ee006111d66c24f,20260912T052839Z-042f80319ee006111d66c24f-dg-23a3ed72574e-000009,4,cooling_fan_fault,cooling_fan_fault,fast,fan-blade-damage-bilateral-v3-fast,right,hard-anomaly,clipped/audio_event_clean/anomaly/20260912T052839Z-042f80319ee006111d66c24f-dg-23a3ed72574e-000009_ch4.wav,3DPrinter/test/section_00_test_000287.wav,967062453b174664b3724d2207a0abf1a3d92acb5e87007713640f15a66d6c9e,960044,19386288000,19386768000,f95d2f23b711c9c8851482fa34cb546602b68b0125b091bc28e699a2f359d5d9,10.0,1.0,6d5609c29f81d4b86f632804e1b0ec436d75f76a4d5e22b19ad8588800c2871c,saved_human,1.6827916666666667
section_00_test_000288,test,target,anomaly,C,20260912T052839Z-042f80319ee006111d66c24f,20260912T052839Z-042f80319ee006111d66c24f-dg-23a3ed72574e-000017,4,cooling_fan_fault,cooling_fan_fault,fast,fan-blade-damage-bilateral-v3-fast,right,hard-anomaly,clipped/audio_event_clean/anomaly/20260912T052839Z-042f80319ee006111d66c24f-dg-23a3ed72574e-000017_ch4.wav,3DPrinter/test/section_00_test_000288.wav,e1402e4f5d2641b583feb9b86e120a8a2adf0be00c826c473f9a295477727663,960044,19390128000,19390608000,f95d2f23b711c9c8851482fa34cb546602b68b0125b091bc28e699a2f359d5d9,10.0,1.0,6d5609c29f81d4b86f632804e1b0ec436d75f76a4d5e22b19ad8588800c2871c,saved_human,1.6827916666666667
section_00_test_000289,test,target,anomaly,C,20260912T052839Z-042f80319ee006111d66c24f,20260912T052839Z-042f80319ee006111d66c24f-dg-23a3ed72574e-000029,4,cooling_fan_fault,cooling_fan_fault,fast,fan-blade-damage-bilateral-v3-fast,right,hard-anomaly,clipped/audio_event_clean/anomaly/20260912T052839Z-042f80319ee006111d66c24f-dg-23a3ed72574e-000029_ch4.wav,3DPrinter/test/section_00_test_000289.wav,29ae46ed1189d0e89a8463fa8ad1bac46c4599ed99f835615e9f8f288f2ae3c4,960044,19395888000,19396368000,f95d2f23b711c9c8851482fa34cb546602b68b0125b091bc28e699a2f359d5d9,10.0,1.0,6d5609c29f81d4b86f632804e1b0ec436d75f76a4d5e22b19ad8588800c2871c,saved_human,1.6827916666666667
section_00_test_000290,test,target,anomaly,C,20260912T052839Z-042f80319ee006111d66c24f,20260912T052839Z-042f80319ee006111d66c24f-dg-23a3ed72574e-000030,4,cooling_fan_fault,cooling_fan_fault,fast,fan-blade-damage-bilateral-v3-fast,right,hard-anomaly,clipped/audio_event_clean/anomaly/20260912T052839Z-042f80319ee006111d66c24f-dg-23a3ed72574e-000030_ch4.wav,3DPrinter/test/section_00_test_000290.wav,ed046e7e2cd28d4d6630359c0b8a83eeb98a6942ec565ced99f81d60d06f0db6,960044,19396368000,19396848000,f95d2f23b711c9c8851482fa34cb546602b68b0125b091bc28e699a2f359d5d9,10.0,1.0,6d5609c29f81d4b86f632804e1b0ec436d75f76a4d5e22b19ad8588800c2871c,saved_human,1.6827916666666667
section_00_test_000291,test,target,anomaly,C,20260912T052839Z-042f80319ee006111d66c24f,20260912T052839Z-042f80319ee006111d66c24f-dg-23a3ed72574e-000032,4,cooling_fan_fault,cooling_fan_fault,fast,fan-blade-damage-bilateral-v3-fast,right,hard-anomaly,clipped/audio_event_clean/anomaly/20260912T052839Z-042f80319ee006111d66c24f-dg-23a3ed72574e-000032_ch4.wav,3DPrinter/test/section_00_test_000291.wav,704af47dca028913e9761cd609c410085d6f6b15d0920579f7076f5bd584f06a,960044,19397328000,19397808000,f95d2f23b711c9c8851482fa34cb546602b68b0125b091bc28e699a2f359d5d9,10.0,1.0,6d5609c29f81d4b86f632804e1b0ec436d75f76a4d5e22b19ad8588800c2871c,saved_human,1.6827916666666667
section_00_test_000292,test,target,anomaly,C,20260912T052839Z-042f80319ee006111d66c24f,20260912T052839Z-042f80319ee006111d66c24f-dg-23a3ed72574e-000043,4,cooling_fan_fault,cooling_fan_fault,fast,fan-blade-damage-bilateral-v3-fast,right,hard-anomaly,clipped/audio_event_clean/anomaly/20260912T052839Z-042f80319ee006111d66c24f-dg-23a3ed72574e-000043_ch4.wav,3DPrinter/test/section_00_test_000292.wav,edf7761bcd53fbf17fec133fadab07857035040d197401515d220f5d393bae23,960044,19402608000,19403088000,f95d2f23b711c9c8851482fa34cb546602b68b0125b091bc28e699a2f359d5d9,10.0,1.0,6d5609c29f81d4b86f632804e1b0ec436d75f76a4d5e22b19ad8588800c2871c,saved_human,1.6827916666666667
section_00_test_000293,test,target,anomaly,C,20260912T052839Z-042f80319ee006111d66c24f,20260912T052839Z-042f80319ee006111d66c24f-dg-23a3ed72574e-000046,4,cooling_fan_fault,cooling_fan_fault,fast,fan-blade-damage-bilateral-v3-fast,right,hard-anomaly,clipped/audio_event_clean/anomaly/20260912T052839Z-042f80319ee006111d66c24f-dg-23a3ed72574e-000046_ch4.wav,3DPrinter/test/section_00_test_000293.wav,d1c1110c664359ecd040035635ef6a63d9301851ce535acbb30b3b13622b483d,960044,19404048000,19404528000,f95d2f23b711c9c8851482fa34cb546602b68b0125b091bc28e699a2f359d5d9,10.0,1.0,6d5609c29f81d4b86f632804e1b0ec436d75f76a4d5e22b19ad8588800c2871c,saved_human,1.6827916666666667
section_00_test_000294,test,target,anomaly,C,20260912T052839Z-042f80319ee006111d66c24f,20260912T052839Z-042f80319ee006111d66c24f-dg-23a3ed72574e-000057,4,cooling_fan_fault,cooling_fan_fault,fast,fan-blade-damage-bilateral-v3-fast,right,hard-anomaly,clipped/audio_event_clean/anomaly/20260912T052839Z-042f80319ee006111d66c24f-dg-23a3ed72574e-000057_ch4.wav,3DPrinter/test/section_00_test_000294.wav,524329dbc426b0cd5ff693256a9d4e7ff48c420d87918eecf3962f1ccb539aed,960044,19409328000,19409808000,f95d2f23b711c9c8851482fa34cb546602b68b0125b091bc28e699a2f359d5d9,10.0,1.0,6d5609c29f81d4b86f632804e1b0ec436d75f76a4d5e22b19ad8588800c2871c,saved_human,1.6827916666666667
section_00_test_000295,test,target,anomaly,C,20260912T052839Z-042f80319ee006111d66c24f,20260912T052839Z-042f80319ee006111d66c24f-dg-23a3ed72574e-000094,4,cooling_fan_fault,cooling_fan_fault,fast,fan-blade-damage-bilateral-v3-fast,right,hard-anomaly,clipped/audio_event_clean/anomaly/20260912T052839Z-042f80319ee006111d66c24f-dg-23a3ed72574e-000094_ch4.wav,3DPrinter/test/section_00_test_000295.wav,267f73e2475f20703533d5ecb73d45ad15999bdde15be7aa77af10591c471a26,960044,19427088000,19427568000,f95d2f23b711c9c8851482fa34cb546602b68b0125b091bc28e699a2f359d5d9,10.0,1.0,6d5609c29f81d4b86f632804e1b0ec436d75f76a4d5e22b19ad8588800c2871c,saved_human,1.6827916666666667
section_00_test_000296,test,target,anomaly,C,20260912T052839Z-042f80319ee006111d66c24f,20260912T052839Z-042f80319ee006111d66c24f-dg-23a3ed72574e-000125,4,cooling_fan_fault,cooling_fan_fault,fast,fan-blade-damage-bilateral-v3-fast,right,hard-anomaly,clipped/audio_event_clean/anomaly/20260912T052839Z-042f80319ee006111d66c24f-dg-23a3ed72574e-000125_ch4.wav,3DPrinter/test/section_00_test_000296.wav,33c101d044d67f6c0e9037a354201357e996af7789d5ffd438633b2cede25863,960044,19441968000,19442448000,f95d2f23b711c9c8851482fa34cb546602b68b0125b091bc28e699a2f359d5d9,10.0,1.0,6d5609c29f81d4b86f632804e1b0ec436d75f76a4d5e22b19ad8588800c2871c,saved_human,1.6827916666666667
section_00_test_000297,test,target,anomaly,C,20260912T052839Z-042f80319ee006111d66c24f,20260912T052839Z-042f80319ee006111d66c24f-dg-23a3ed72574e-000141,4,cooling_fan_fault,cooling_fan_fault,fast,fan-blade-damage-bilateral-v3-fast,right,hard-anomaly,clipped/audio_event_clean/anomaly/20260912T052839Z-042f80319ee006111d66c24f-dg-23a3ed72574e-000141_ch4.wav,3DPrinter/test/section_00_test_000297.wav,1896d79e70c06f5b3386acfb86312ccb9cbf0a7ac7a90dfe0d5891f17b66b77a,960044,19449648000,19450128000,f95d2f23b711c9c8851482fa34cb546602b68b0125b091bc28e699a2f359d5d9,10.0,1.0,6d5609c29f81d4b86f632804e1b0ec436d75f76a4d5e22b19ad8588800c2871c,saved_human,1.6827916666666667
section_00_test_000298,test,target,anomaly,C,20260912T052839Z-042f80319ee006111d66c24f,20260912T052839Z-042f80319ee006111d66c24f-dg-23a3ed72574e-000143,4,cooling_fan_fault,cooling_fan_fault,fast,fan-blade-damage-bilateral-v3-fast,right,hard-anomaly,clipped/audio_event_clean/anomaly/20260912T052839Z-042f80319ee006111d66c24f-dg-23a3ed72574e-000143_ch4.wav,3DPrinter/test/section_00_test_000298.wav,84cb7652376d7d98e014cb3072d83279b2edaab8afd7b81c358f18762e33457b,960044,19450608000,19451088000,f95d2f23b711c9c8851482fa34cb546602b68b0125b091bc28e699a2f359d5d9,10.0,1.0,6d5609c29f81d4b86f632804e1b0ec436d75f76a4d5e22b19ad8588800c2871c,saved_human,1.6827916666666667
section_00_test_000299,test,target,anomaly,C,20260912T052839Z-042f80319ee006111d66c24f,20260912T052839Z-042f80319ee006111d66c24f-dg-23a3ed72574e-000150,4,cooling_fan_fault,cooling_fan_fault,fast,fan-blade-damage-bilateral-v3-fast,right,hard-anomaly,clipped/audio_event_clean/anomaly/20260912T052839Z-042f80319ee006111d66c24f-dg-23a3ed72574e-000150_ch4.wav,3DPrinter/test/section_00_test_000299.wav,d2ec07f4df70caee5ddbaff09282875760ca1f3649b766ac0b2330ae61ec9fef,960044,19453968000,19454448000,f95d2f23b711c9c8851482fa34cb546602b68b0125b091bc28e699a2f359d5d9,10.0,1.0,6d5609c29f81d4b86f632804e1b0ec436d75f76a4d5e22b19ad8588800c2871c,saved_human,1.6827916666666667
section_00_test_000300,test,target,normal,C,20260909T171541Z-f9bc216ede1adbf54cfdc857,20260909T171541Z-f9bc216ede1adbf54cfdc857-dg-78793475a9ff-000002,2,none,none,fast,normal-fast-3,left,normal,clipped/audio_event_clean/normal/20260909T171541Z-f9bc216ede1adbf54cfdc857-dg-78793475a9ff-000002_ch2.wav,3DPrinter/test/section_00_test_000300.wav,4422151e56b3784581d699d01bef79b0afc78330061646eaebaf1d6aa6cf3114,960044,8977564800,8978044800,880ac5f31549c25686a8991e8c9e26ec4c429e306e6b56c77105c0eb3e92d5ff,0,0,519a708a07e537b59da15ddd887be8a31606bc1f58e77de8e01aef4d5e0b31bb,saved_rule_based,1.67
section_00_test_000301,test,target,normal,C,20260909T171541Z-f9bc216ede1adbf54cfdc857,20260909T171541Z-f9bc216ede1adbf54cfdc857-dg-78793475a9ff-000005,2,none,none,fast,normal-fast-3,left,normal,clipped/audio_event_clean/normal/20260909T171541Z-f9bc216ede1adbf54cfdc857-dg-78793475a9ff-000005_ch2.wav,3DPrinter/test/section_00_test_000301.wav,17bcaa7d211fd0f128c45730ce1c4cc299490b2fe6fd5cb2cf4439a5c3c4c55f,960044,8979004800,8979484800,880ac5f31549c25686a8991e8c9e26ec4c429e306e6b56c77105c0eb3e92d5ff,0,0,519a708a07e537b59da15ddd887be8a31606bc1f58e77de8e01aef4d5e0b31bb,saved_rule_based,1.67
section_00_test_000302,test,target,normal,C,20260909T171541Z-f9bc216ede1adbf54cfdc857,20260909T171541Z-f9bc216ede1adbf54cfdc857-dg-78793475a9ff-000006,2,none,none,fast,normal-fast-3,left,normal,clipped/audio_event_clean/normal/20260909T171541Z-f9bc216ede1adbf54cfdc857-dg-78793475a9ff-000006_ch2.wav,3DPrinter/test/section_00_test_000302.wav,6cab11bdca6127f671118f6355e9e5ebe62368cfb2f0f4fd9d6672eafe8ba52e,960044,8979484800,8979964800,880ac5f31549c25686a8991e8c9e26ec4c429e306e6b56c77105c0eb3e92d5ff,0,0,519a708a07e537b59da15ddd887be8a31606bc1f58e77de8e01aef4d5e0b31bb,saved_rule_based,1.67
section_00_test_000303,test,target,normal,C,20260909T171541Z-f9bc216ede1adbf54cfdc857,20260909T171541Z-f9bc216ede1adbf54cfdc857-dg-78793475a9ff-000009,2,none,none,fast,normal-fast-3,left,normal,clipped/audio_event_clean/normal/20260909T171541Z-f9bc216ede1adbf54cfdc857-dg-78793475a9ff-000009_ch2.wav,3DPrinter/test/section_00_test_000303.wav,6567cdea256606ea759913d803b57a95a2a63a892b8b6760f4b643252aecf385,960044,8980924800,8981404800,880ac5f31549c25686a8991e8c9e26ec4c429e306e6b56c77105c0eb3e92d5ff,0,0,519a708a07e537b59da15ddd887be8a31606bc1f58e77de8e01aef4d5e0b31bb,saved_rule_based,1.67
section_00_test_000304,test,target,normal,C,20260909T171541Z-f9bc216ede1adbf54cfdc857,20260909T171541Z-f9bc216ede1adbf54cfdc857-dg-78793475a9ff-000010,2,none,none,fast,normal-fast-3,left,normal,clipped/audio_event_clean/normal/20260909T171541Z-f9bc216ede1adbf54cfdc857-dg-78793475a9ff-000010_ch2.wav,3DPrinter/test/section_00_test_000304.wav,5861c89c6c7f6c9c001d84c0f700a8f91e06006e04774ebfe41a5dd9418eb828,960044,8981404800,8981884800,880ac5f31549c25686a8991e8c9e26ec4c429e306e6b56c77105c0eb3e92d5ff,0,0,519a708a07e537b59da15ddd887be8a31606bc1f58e77de8e01aef4d5e0b31bb,saved_rule_based,1.67
section_00_test_000305,test,target,normal,C,20260909T171541Z-f9bc216ede1adbf54cfdc857,20260909T171541Z-f9bc216ede1adbf54cfdc857-dg-78793475a9ff-000016,2,none,none,fast,normal-fast-3,left,normal,clipped/audio_event_clean/normal/20260909T171541Z-f9bc216ede1adbf54cfdc857-dg-78793475a9ff-000016_ch2.wav,3DPrinter/test/section_00_test_000305.wav,f862081f155c3b8cfc042ffa78640a9475c735e5562bc36bccf200dff231206a,960044,8984284800,8984764800,880ac5f31549c25686a8991e8c9e26ec4c429e306e6b56c77105c0eb3e92d5ff,0,0,519a708a07e537b59da15ddd887be8a31606bc1f58e77de8e01aef4d5e0b31bb,saved_rule_based,1.67
section_00_test_000306,test,target,normal,C,20260909T171541Z-f9bc216ede1adbf54cfdc857,20260909T171541Z-f9bc216ede1adbf54cfdc857-dg-78793475a9ff-000022,2,none,none,fast,normal-fast-3,left,normal,clipped/audio_event_clean/normal/20260909T171541Z-f9bc216ede1adbf54cfdc857-dg-78793475a9ff-000022_ch2.wav,3DPrinter/test/section_00_test_000306.wav,5e5b273aaaf533a965b3f93dbd40404abc84fb7ef01552e7317c2769a10fdb8d,960044,8987164800,8987644800,880ac5f31549c25686a8991e8c9e26ec4c429e306e6b56c77105c0eb3e92d5ff,0,0,519a708a07e537b59da15ddd887be8a31606bc1f58e77de8e01aef4d5e0b31bb,saved_rule_based,1.67
section_00_test_000307,test,target,normal,C,20260909T171541Z-f9bc216ede1adbf54cfdc857,20260909T171541Z-f9bc216ede1adbf54cfdc857-dg-78793475a9ff-000023,2,none,none,fast,normal-fast-3,left,normal,clipped/audio_event_clean/normal/20260909T171541Z-f9bc216ede1adbf54cfdc857-dg-78793475a9ff-000023_ch2.wav,3DPrinter/test/section_00_test_000307.wav,b835b41d59af1d456a0ce61ff3f145a18057e1033d3b9175b5e5e0004b224369,960044,8987644800,8988124800,880ac5f31549c25686a8991e8c9e26ec4c429e306e6b56c77105c0eb3e92d5ff,0,0,519a708a07e537b59da15ddd887be8a31606bc1f58e77de8e01aef4d5e0b31bb,saved_rule_based,1.67
section_00_test_000308,test,target,normal,C,20260909T171541Z-f9bc216ede1adbf54cfdc857,20260909T171541Z-f9bc216ede1adbf54cfdc857-dg-78793475a9ff-000025,2,none,none,fast,normal-fast-3,left,normal,clipped/audio_event_clean/normal/20260909T171541Z-f9bc216ede1adbf54cfdc857-dg-78793475a9ff-000025_ch2.wav,3DPrinter/test/section_00_test_000308.wav,0d9ccd4d877f1d4e262167931bce6a8e2d5e09181e39b3137ea1b890cc897355,960044,8988604800,8989084800,880ac5f31549c25686a8991e8c9e26ec4c429e306e6b56c77105c0eb3e92d5ff,0,0,519a708a07e537b59da15ddd887be8a31606bc1f58e77de8e01aef4d5e0b31bb,saved_rule_based,1.67
section_00_test_000309,test,target,normal,C,20260909T171541Z-f9bc216ede1adbf54cfdc857,20260909T171541Z-f9bc216ede1adbf54cfdc857-dg-78793475a9ff-000029,2,none,none,fast,normal-fast-3,left,normal,clipped/audio_event_clean/normal/20260909T171541Z-f9bc216ede1adbf54cfdc857-dg-78793475a9ff-000029_ch2.wav,3DPrinter/test/section_00_test_000309.wav,fe1c9e42f558b0d881fbb735d8a58eb1c3e8d44cbf4f5dd55e480326955d2bbf,960044,8990524800,8991004800,880ac5f31549c25686a8991e8c9e26ec4c429e306e6b56c77105c0eb3e92d5ff,0,0,519a708a07e537b59da15ddd887be8a31606bc1f58e77de8e01aef4d5e0b31bb,saved_rule_based,1.67
section_00_test_000310,test,target,normal,C,20260909T171541Z-f9bc216ede1adbf54cfdc857,20260909T171541Z-f9bc216ede1adbf54cfdc857-dg-78793475a9ff-000038,2,none,none,fast,normal-fast-3,left,normal,clipped/audio_event_clean/normal/20260909T171541Z-f9bc216ede1adbf54cfdc857-dg-78793475a9ff-000038_ch2.wav,3DPrinter/test/section_00_test_000310.wav,48e2aa3d84925b0a3d1945ad685572e23e741a6ee1b3db161a66c276799056f4,960044,8994844800,8995324800,880ac5f31549c25686a8991e8c9e26ec4c429e306e6b56c77105c0eb3e92d5ff,0,0,519a708a07e537b59da15ddd887be8a31606bc1f58e77de8e01aef4d5e0b31bb,saved_rule_based,1.67
section_00_test_000311,test,target,normal,C,20260909T171541Z-f9bc216ede1adbf54cfdc857,20260909T171541Z-f9bc216ede1adbf54cfdc857-dg-78793475a9ff-000039,2,none,none,fast,normal-fast-3,left,normal,clipped/audio_event_clean/normal/20260909T171541Z-f9bc216ede1adbf54cfdc857-dg-78793475a9ff-000039_ch2.wav,3DPrinter/test/section_00_test_000311.wav,57370fac33b58b81c6e2d88bbcdd077e10a14c0f1336f13ecd9f88f51a8a0680,960044,8995324800,8995804800,880ac5f31549c25686a8991e8c9e26ec4c429e306e6b56c77105c0eb3e92d5ff,0,0,519a708a07e537b59da15ddd887be8a31606bc1f58e77de8e01aef4d5e0b31bb,saved_rule_based,1.67
section_00_test_000312,test,target,normal,C,20260909T171541Z-f9bc216ede1adbf54cfdc857,20260909T171541Z-f9bc216ede1adbf54cfdc857-dg-78793475a9ff-000044,2,none,none,fast,normal-fast-3,left,normal,clipped/audio_event_clean/normal/20260909T171541Z-f9bc216ede1adbf54cfdc857-dg-78793475a9ff-000044_ch2.wav,3DPrinter/test/section_00_test_000312.wav,d93f16df88c1a54e6e7ee733992aa7e21b49bb15c8c11d7b6fa3b5271bcb571a,960044,8997724800,8998204800,880ac5f31549c25686a8991e8c9e26ec4c429e306e6b56c77105c0eb3e92d5ff,0,0,519a708a07e537b59da15ddd887be8a31606bc1f58e77de8e01aef4d5e0b31bb,saved_rule_based,1.67
section_00_test_000313,test,target,normal,C,20260909T171541Z-f9bc216ede1adbf54cfdc857,20260909T171541Z-f9bc216ede1adbf54cfdc857-dg-78793475a9ff-000048,2,none,none,fast,normal-fast-3,left,normal,clipped/audio_event_clean/normal/20260909T171541Z-f9bc216ede1adbf54cfdc857-dg-78793475a9ff-000048_ch2.wav,3DPrinter/test/section_00_test_000313.wav,06d8d1215babc08880d01ed2b663db5240b74deb442b7acb721dfa13aa3b9be6,960044,8999644800,9000124800,880ac5f31549c25686a8991e8c9e26ec4c429e306e6b56c77105c0eb3e92d5ff,0,0,519a708a07e537b59da15ddd887be8a31606bc1f58e77de8e01aef4d5e0b31bb,saved_rule_based,1.67
section_00_test_000314,test,target,normal,C,20260909T171541Z-f9bc216ede1adbf54cfdc857,20260909T171541Z-f9bc216ede1adbf54cfdc857-dg-78793475a9ff-000056,2,none,none,fast,normal-fast-3,left,normal,clipped/audio_event_clean/normal/20260909T171541Z-f9bc216ede1adbf54cfdc857-dg-78793475a9ff-000056_ch2.wav,3DPrinter/test/section_00_test_000314.wav,d3edfdba1fd9fa46aee982e5d53c103341658861dde2d319598a7ea62d6b5ab1,960044,9003484800,9003964800,880ac5f31549c25686a8991e8c9e26ec4c429e306e6b56c77105c0eb3e92d5ff,0,0,519a708a07e537b59da15ddd887be8a31606bc1f58e77de8e01aef4d5e0b31bb,saved_rule_based,1.67
section_00_test_000315,test,target,normal,C,20260909T171541Z-f9bc216ede1adbf54cfdc857,20260909T171541Z-f9bc216ede1adbf54cfdc857-dg-78793475a9ff-000057,2,none,none,fast,normal-fast-3,left,normal,clipped/audio_event_clean/normal/20260909T171541Z-f9bc216ede1adbf54cfdc857-dg-78793475a9ff-000057_ch2.wav,3DPrinter/test/section_00_test_000315.wav,588541404ecd73e441dab4917b6862d919b3d6bb1ae772325a9d878497284e94,960044,9003964800,9004444800,880ac5f31549c25686a8991e8c9e26ec4c429e306e6b56c77105c0eb3e92d5ff,0,0,519a708a07e537b59da15ddd887be8a31606bc1f58e77de8e01aef4d5e0b31bb,saved_rule_based,1.67
section_00_test_000316,test,target,normal,C,20260909T171541Z-f9bc216ede1adbf54cfdc857,20260909T171541Z-f9bc216ede1adbf54cfdc857-dg-78793475a9ff-000059,2,none,none,fast,normal-fast-3,left,normal,clipped/audio_event_clean/normal/20260909T171541Z-f9bc216ede1adbf54cfdc857-dg-78793475a9ff-000059_ch2.wav,3DPrinter/test/section_00_test_000316.wav,6c8a0d1f9b7c64f1a285694f1206bb47946290e1f50898256da896ad02eddf10,960044,9004924800,9005404800,880ac5f31549c25686a8991e8c9e26ec4c429e306e6b56c77105c0eb3e92d5ff,0,0,519a708a07e537b59da15ddd887be8a31606bc1f58e77de8e01aef4d5e0b31bb,saved_rule_based,1.67
section_00_test_000317,test,target,normal,C,20260909T171541Z-f9bc216ede1adbf54cfdc857,20260909T171541Z-f9bc216ede1adbf54cfdc857-dg-78793475a9ff-000064,2,none,none,fast,normal-fast-3,left,normal,clipped/audio_event_clean/normal/20260909T171541Z-f9bc216ede1adbf54cfdc857-dg-78793475a9ff-000064_ch2.wav,3DPrinter/test/section_00_test_000317.wav,8aa59173f583f4ed31a828c35bd8e25f78707843134b7fac540a22eb6cafcf57,960044,9007324800,9007804800,880ac5f31549c25686a8991e8c9e26ec4c429e306e6b56c77105c0eb3e92d5ff,0,0,519a708a07e537b59da15ddd887be8a31606bc1f58e77de8e01aef4d5e0b31bb,saved_rule_based,1.67
section_00_test_000318,test,target,normal,C,20260909T171541Z-f9bc216ede1adbf54cfdc857,20260909T171541Z-f9bc216ede1adbf54cfdc857-dg-78793475a9ff-000065,2,none,none,fast,normal-fast-3,left,normal,clipped/audio_event_clean/normal/20260909T171541Z-f9bc216ede1adbf54cfdc857-dg-78793475a9ff-000065_ch2.wav,3DPrinter/test/section_00_test_000318.wav,b4266fe1662dc5ba200093f68542d3dcc894bb6f7169bd9362b69133ea9aa8e1,960044,9007804800,9008284800,880ac5f31549c25686a8991e8c9e26ec4c429e306e6b56c77105c0eb3e92d5ff,0,0,519a708a07e537b59da15ddd887be8a31606bc1f58e77de8e01aef4d5e0b31bb,saved_rule_based,1.67
section_00_test_000319,test,target,normal,C,20260909T171541Z-f9bc216ede1adbf54cfdc857,20260909T171541Z-f9bc216ede1adbf54cfdc857-dg-78793475a9ff-000066,2,none,none,fast,normal-fast-3,left,normal,clipped/audio_event_clean/normal/20260909T171541Z-f9bc216ede1adbf54cfdc857-dg-78793475a9ff-000066_ch2.wav,3DPrinter/test/section_00_test_000319.wav,86e89feff4ff7558694eb120f4ceb1f6fd41f14528230fbf7f2ddc8235df424d,960044,9008284800,9008764800,880ac5f31549c25686a8991e8c9e26ec4c429e306e6b56c77105c0eb3e92d5ff,0,0,519a708a07e537b59da15ddd887be8a31606bc1f58e77de8e01aef4d5e0b31bb,saved_rule_based,1.67
section_00_test_000320,test,target,normal,C,20260909T171541Z-f9bc216ede1adbf54cfdc857,20260909T171541Z-f9bc216ede1adbf54cfdc857-dg-78793475a9ff-000072,2,none,none,fast,normal-fast-3,left,normal,clipped/audio_event_clean/normal/20260909T171541Z-f9bc216ede1adbf54cfdc857-dg-78793475a9ff-000072_ch2.wav,3DPrinter/test/section_00_test_000320.wav,1b93d239a557fbcd104453cb08e4731a651bfcc25a700b4b2ad3b6060bbd613e,960044,9011164800,9011644800,880ac5f31549c25686a8991e8c9e26ec4c429e306e6b56c77105c0eb3e92d5ff,0,0,519a708a07e537b59da15ddd887be8a31606bc1f58e77de8e01aef4d5e0b31bb,saved_rule_based,1.67
section_00_test_000321,test,target,normal,C,20260909T171541Z-f9bc216ede1adbf54cfdc857,20260909T171541Z-f9bc216ede1adbf54cfdc857-dg-78793475a9ff-000077,2,none,none,fast,normal-fast-3,left,normal,clipped/audio_event_clean/normal/20260909T171541Z-f9bc216ede1adbf54cfdc857-dg-78793475a9ff-000077_ch2.wav,3DPrinter/test/section_00_test_000321.wav,36eb95578bce728517e56ed5eebcaf03092fd775a5bae3d2fd9af4bda5149045,960044,9013564800,9014044800,880ac5f31549c25686a8991e8c9e26ec4c429e306e6b56c77105c0eb3e92d5ff,0,0,519a708a07e537b59da15ddd887be8a31606bc1f58e77de8e01aef4d5e0b31bb,saved_rule_based,1.67
section_00_test_000322,test,target,normal,C,20260909T171541Z-f9bc216ede1adbf54cfdc857,20260909T171541Z-f9bc216ede1adbf54cfdc857-dg-78793475a9ff-000079,2,none,none,fast,normal-fast-3,left,normal,clipped/audio_event_clean/normal/20260909T171541Z-f9bc216ede1adbf54cfdc857-dg-78793475a9ff-000079_ch2.wav,3DPrinter/test/section_00_test_000322.wav,415351ec614206cec0ab964d57066aefa5dd6761177bb2624837151651b3312a,960044,9014524800,9015004800,880ac5f31549c25686a8991e8c9e26ec4c429e306e6b56c77105c0eb3e92d5ff,0,0,519a708a07e537b59da15ddd887be8a31606bc1f58e77de8e01aef4d5e0b31bb,saved_rule_based,1.67
section_00_test_000323,test,target,normal,C,20260909T171541Z-f9bc216ede1adbf54cfdc857,20260909T171541Z-f9bc216ede1adbf54cfdc857-dg-78793475a9ff-000083,2,none,none,fast,normal-fast-3,left,normal,clipped/audio_event_clean/normal/20260909T171541Z-f9bc216ede1adbf54cfdc857-dg-78793475a9ff-000083_ch2.wav,3DPrinter/test/section_00_test_000323.wav,172f0af8a160b5ad8adce6532b2db378e56fa9695eeaf9f32e1612c5b9be0df8,960044,9016444800,9016924800,880ac5f31549c25686a8991e8c9e26ec4c429e306e6b56c77105c0eb3e92d5ff,0,0,519a708a07e537b59da15ddd887be8a31606bc1f58e77de8e01aef4d5e0b31bb,saved_rule_based,1.67
section_00_test_000324,test,target,normal,C,20260909T171541Z-f9bc216ede1adbf54cfdc857,20260909T171541Z-f9bc216ede1adbf54cfdc857-dg-78793475a9ff-000088,2,none,none,fast,normal-fast-3,left,normal,clipped/audio_event_clean/normal/20260909T171541Z-f9bc216ede1adbf54cfdc857-dg-78793475a9ff-000088_ch2.wav,3DPrinter/test/section_00_test_000324.wav,18422b42dabd5c268aaa02f973aff25a97ca4a8604744188f2043624d6d151b2,960044,9018844800,9019324800,880ac5f31549c25686a8991e8c9e26ec4c429e306e6b56c77105c0eb3e92d5ff,0,0,519a708a07e537b59da15ddd887be8a31606bc1f58e77de8e01aef4d5e0b31bb,saved_rule_based,1.67
section_00_test_000325,test,target,normal,C,20260909T171541Z-f9bc216ede1adbf54cfdc857,20260909T171541Z-f9bc216ede1adbf54cfdc857-dg-78793475a9ff-000090,2,none,none,fast,normal-fast-3,left,normal,clipped/audio_event_clean/normal/20260909T171541Z-f9bc216ede1adbf54cfdc857-dg-78793475a9ff-000090_ch2.wav,3DPrinter/test/section_00_test_000325.wav,f88bf1f79c2288d5a8e55af9c4c40828792eaf608c458dfe655d1055da4f649f,960044,9019804800,9020284800,880ac5f31549c25686a8991e8c9e26ec4c429e306e6b56c77105c0eb3e92d5ff,0,0,519a708a07e537b59da15ddd887be8a31606bc1f58e77de8e01aef4d5e0b31bb,saved_rule_based,1.67
section_00_test_000326,test,target,normal,C,20260909T171541Z-f9bc216ede1adbf54cfdc857,20260909T171541Z-f9bc216ede1adbf54cfdc857-dg-78793475a9ff-000094,2,none,none,fast,normal-fast-3,left,normal,clipped/audio_event_clean/normal/20260909T171541Z-f9bc216ede1adbf54cfdc857-dg-78793475a9ff-000094_ch2.wav,3DPrinter/test/section_00_test_000326.wav,603a5829a37212aa083494a6788bcb951c958dd7585123ac6b9888075ee2dedc,960044,9021724800,9022204800,880ac5f31549c25686a8991e8c9e26ec4c429e306e6b56c77105c0eb3e92d5ff,0,0,519a708a07e537b59da15ddd887be8a31606bc1f58e77de8e01aef4d5e0b31bb,saved_rule_based,1.67
section_00_test_000327,test,target,normal,C,20260909T171541Z-f9bc216ede1adbf54cfdc857,20260909T171541Z-f9bc216ede1adbf54cfdc857-dg-78793475a9ff-000099,2,none,none,fast,normal-fast-3,left,normal,clipped/audio_event_clean/normal/20260909T171541Z-f9bc216ede1adbf54cfdc857-dg-78793475a9ff-000099_ch2.wav,3DPrinter/test/section_00_test_000327.wav,2909a66fa030a07c6fbef8049cbd1562c40da6ea964b26ce46c2bd69d08aa73b,960044,9024124800,9024604800,880ac5f31549c25686a8991e8c9e26ec4c429e306e6b56c77105c0eb3e92d5ff,0,0,519a708a07e537b59da15ddd887be8a31606bc1f58e77de8e01aef4d5e0b31bb,saved_rule_based,1.67
section_00_test_000328,test,target,normal,C,20260909T171541Z-f9bc216ede1adbf54cfdc857,20260909T171541Z-f9bc216ede1adbf54cfdc857-dg-78793475a9ff-000103,2,none,none,fast,normal-fast-3,left,normal,clipped/audio_event_clean/normal/20260909T171541Z-f9bc216ede1adbf54cfdc857-dg-78793475a9ff-000103_ch2.wav,3DPrinter/test/section_00_test_000328.wav,a10e133533090a79168bc029b7a57dda3dd75cd5a31f961c4b0efd0e73fa653a,960044,9026044800,9026524800,880ac5f31549c25686a8991e8c9e26ec4c429e306e6b56c77105c0eb3e92d5ff,0,0,519a708a07e537b59da15ddd887be8a31606bc1f58e77de8e01aef4d5e0b31bb,saved_rule_based,1.67
section_00_test_000329,test,target,normal,C,20260909T171541Z-f9bc216ede1adbf54cfdc857,20260909T171541Z-f9bc216ede1adbf54cfdc857-dg-78793475a9ff-000104,2,none,none,fast,normal-fast-3,left,normal,clipped/audio_event_clean/normal/20260909T171541Z-f9bc216ede1adbf54cfdc857-dg-78793475a9ff-000104_ch2.wav,3DPrinter/test/section_00_test_000329.wav,adeb72afb2f57e4d7a4ea4bc8d86de12c4bdd6098b0131798a17fbdee5606663,960044,9026524800,9027004800,880ac5f31549c25686a8991e8c9e26ec4c429e306e6b56c77105c0eb3e92d5ff,0,0,519a708a07e537b59da15ddd887be8a31606bc1f58e77de8e01aef4d5e0b31bb,saved_rule_based,1.67
section_00_test_000330,test,target,normal,C,20260909T171541Z-f9bc216ede1adbf54cfdc857,20260909T171541Z-f9bc216ede1adbf54cfdc857-dg-78793475a9ff-000105,2,none,none,fast,normal-fast-3,left,normal,clipped/audio_event_clean/normal/20260909T171541Z-f9bc216ede1adbf54cfdc857-dg-78793475a9ff-000105_ch2.wav,3DPrinter/test/section_00_test_000330.wav,22e9603ace40c9f5d76b42abe85200534443bd463097ccc6667d83f50d65820a,960044,9027004800,9027484800,880ac5f31549c25686a8991e8c9e26ec4c429e306e6b56c77105c0eb3e92d5ff,0,0,519a708a07e537b59da15ddd887be8a31606bc1f58e77de8e01aef4d5e0b31bb,saved_rule_based,1.67
section_00_test_000331,test,target,normal,C,20260909T171541Z-f9bc216ede1adbf54cfdc857,20260909T171541Z-f9bc216ede1adbf54cfdc857-dg-78793475a9ff-000109,2,none,none,fast,normal-fast-3,left,normal,clipped/audio_event_clean/normal/20260909T171541Z-f9bc216ede1adbf54cfdc857-dg-78793475a9ff-000109_ch2.wav,3DPrinter/test/section_00_test_000331.wav,9f6265c223e9f1b8f14b7cb3ce85ec0cd13ba014fcbac10b3b68ddbc74017f44,960044,9028924800,9029404800,880ac5f31549c25686a8991e8c9e26ec4c429e306e6b56c77105c0eb3e92d5ff,0,0,519a708a07e537b59da15ddd887be8a31606bc1f58e77de8e01aef4d5e0b31bb,saved_rule_based,1.67
section_00_test_000332,test,target,normal,C,20260909T171541Z-f9bc216ede1adbf54cfdc857,20260909T171541Z-f9bc216ede1adbf54cfdc857-dg-78793475a9ff-000114,2,none,none,fast,normal-fast-3,left,normal,clipped/audio_event_clean/normal/20260909T171541Z-f9bc216ede1adbf54cfdc857-dg-78793475a9ff-000114_ch2.wav,3DPrinter/test/section_00_test_000332.wav,ba0e9df636c7efb998a61de55437a20dc18017442ab866dbd4e291b42e476df8,960044,9031324800,9031804800,880ac5f31549c25686a8991e8c9e26ec4c429e306e6b56c77105c0eb3e92d5ff,0,0,519a708a07e537b59da15ddd887be8a31606bc1f58e77de8e01aef4d5e0b31bb,saved_rule_based,1.67
section_00_test_000333,test,target,normal,C,20260909T171541Z-f9bc216ede1adbf54cfdc857,20260909T171541Z-f9bc216ede1adbf54cfdc857-dg-78793475a9ff-000115,2,none,none,fast,normal-fast-3,left,normal,clipped/audio_event_clean/normal/20260909T171541Z-f9bc216ede1adbf54cfdc857-dg-78793475a9ff-000115_ch2.wav,3DPrinter/test/section_00_test_000333.wav,93c958ebcb95c22e90e2433356be765829070e1fe59ac3d32563c1f35d1f7453,960044,9031804800,9032284800,880ac5f31549c25686a8991e8c9e26ec4c429e306e6b56c77105c0eb3e92d5ff,0,0,519a708a07e537b59da15ddd887be8a31606bc1f58e77de8e01aef4d5e0b31bb,saved_rule_based,1.67
section_00_test_000334,test,target,normal,C,20260909T171541Z-f9bc216ede1adbf54cfdc857,20260909T171541Z-f9bc216ede1adbf54cfdc857-dg-78793475a9ff-000119,2,none,none,fast,normal-fast-3,left,normal,clipped/audio_event_clean/normal/20260909T171541Z-f9bc216ede1adbf54cfdc857-dg-78793475a9ff-000119_ch2.wav,3DPrinter/test/section_00_test_000334.wav,2daf997ba5fbd2031cc2d3f268d599263cfcc088a1d76ebd39ba3fca882e8f15,960044,9033724800,9034204800,880ac5f31549c25686a8991e8c9e26ec4c429e306e6b56c77105c0eb3e92d5ff,0,0,519a708a07e537b59da15ddd887be8a31606bc1f58e77de8e01aef4d5e0b31bb,saved_rule_based,1.67
section_00_test_000335,test,target,normal,C,20260909T171541Z-f9bc216ede1adbf54cfdc857,20260909T171541Z-f9bc216ede1adbf54cfdc857-dg-78793475a9ff-000120,2,none,none,fast,normal-fast-3,left,normal,clipped/audio_event_clean/normal/20260909T171541Z-f9bc216ede1adbf54cfdc857-dg-78793475a9ff-000120_ch2.wav,3DPrinter/test/section_00_test_000335.wav,d011675df419d6726fd7d5eda77d8ca6ce8d5333f971d111206655dbc74074a0,960044,9034204800,9034684800,880ac5f31549c25686a8991e8c9e26ec4c429e306e6b56c77105c0eb3e92d5ff,0,0,519a708a07e537b59da15ddd887be8a31606bc1f58e77de8e01aef4d5e0b31bb,saved_rule_based,1.67
section_00_test_000336,test,target,normal,C,20260909T171541Z-f9bc216ede1adbf54cfdc857,20260909T171541Z-f9bc216ede1adbf54cfdc857-dg-78793475a9ff-000122,2,none,none,fast,normal-fast-3,left,normal,clipped/audio_event_clean/normal/20260909T171541Z-f9bc216ede1adbf54cfdc857-dg-78793475a9ff-000122_ch2.wav,3DPrinter/test/section_00_test_000336.wav,bd445095e792805289ef772e73c2790c81bb054ac79fb07ef660f42dd7219ab0,960044,9035164800,9035644800,880ac5f31549c25686a8991e8c9e26ec4c429e306e6b56c77105c0eb3e92d5ff,0,0,519a708a07e537b59da15ddd887be8a31606bc1f58e77de8e01aef4d5e0b31bb,saved_rule_based,1.67
section_00_test_000337,test,target,normal,C,20260909T171541Z-f9bc216ede1adbf54cfdc857,20260909T171541Z-f9bc216ede1adbf54cfdc857-dg-78793475a9ff-000123,2,none,none,fast,normal-fast-3,left,normal,clipped/audio_event_clean/normal/20260909T171541Z-f9bc216ede1adbf54cfdc857-dg-78793475a9ff-000123_ch2.wav,3DPrinter/test/section_00_test_000337.wav,f8727edeebcfff398f3fa06fae61843638b6f7cbd1e8bce810b3468a3dbfeff4,960044,9035644800,9036124800,880ac5f31549c25686a8991e8c9e26ec4c429e306e6b56c77105c0eb3e92d5ff,0,0,519a708a07e537b59da15ddd887be8a31606bc1f58e77de8e01aef4d5e0b31bb,saved_rule_based,1.67
section_00_test_000338,test,target,normal,C,20260909T171541Z-f9bc216ede1adbf54cfdc857,20260909T171541Z-f9bc216ede1adbf54cfdc857-dg-78793475a9ff-000125,2,none,none,fast,normal-fast-3,left,normal,clipped/audio_event_clean/normal/20260909T171541Z-f9bc216ede1adbf54cfdc857-dg-78793475a9ff-000125_ch2.wav,3DPrinter/test/section_00_test_000338.wav,a963a8d68806051493b5aabeca71c8ab22f3a69d28b11eaeeea23a26a8791d62,960044,9036604800,9037084800,880ac5f31549c25686a8991e8c9e26ec4c429e306e6b56c77105c0eb3e92d5ff,0,0,519a708a07e537b59da15ddd887be8a31606bc1f58e77de8e01aef4d5e0b31bb,saved_rule_based,1.67
section_00_test_000339,test,target,normal,C,20260909T171541Z-f9bc216ede1adbf54cfdc857,20260909T171541Z-f9bc216ede1adbf54cfdc857-dg-78793475a9ff-000130,2,none,none,fast,normal-fast-3,left,normal,clipped/audio_event_clean/normal/20260909T171541Z-f9bc216ede1adbf54cfdc857-dg-78793475a9ff-000130_ch2.wav,3DPrinter/test/section_00_test_000339.wav,c892d329760775e2c7b62b6f673267e0b2f7590b174b596433c8915e70260f82,960044,9039004800,9039484800,880ac5f31549c25686a8991e8c9e26ec4c429e306e6b56c77105c0eb3e92d5ff,0,0,519a708a07e537b59da15ddd887be8a31606bc1f58e77de8e01aef4d5e0b31bb,saved_rule_based,1.67
section_00_test_000340,test,target,normal,C,20260909T171541Z-f9bc216ede1adbf54cfdc857,20260909T171541Z-f9bc216ede1adbf54cfdc857-dg-78793475a9ff-000131,2,none,none,fast,normal-fast-3,left,normal,clipped/audio_event_clean/normal/20260909T171541Z-f9bc216ede1adbf54cfdc857-dg-78793475a9ff-000131_ch2.wav,3DPrinter/test/section_00_test_000340.wav,676e954c4f53d12fa602f17e78e1a30ec643444d11660eba2af167cd6aeb787f,960044,9039484800,9039964800,880ac5f31549c25686a8991e8c9e26ec4c429e306e6b56c77105c0eb3e92d5ff,0,0,519a708a07e537b59da15ddd887be8a31606bc1f58e77de8e01aef4d5e0b31bb,saved_rule_based,1.67
section_00_test_000341,test,target,normal,C,20260909T171541Z-f9bc216ede1adbf54cfdc857,20260909T171541Z-f9bc216ede1adbf54cfdc857-dg-78793475a9ff-000132,2,none,none,fast,normal-fast-3,left,normal,clipped/audio_event_clean/normal/20260909T171541Z-f9bc216ede1adbf54cfdc857-dg-78793475a9ff-000132_ch2.wav,3DPrinter/test/section_00_test_000341.wav,59197b17a449eb6fe5a210db6789892b40f68ba80e68c06dece8644c7400d430,960044,9039964800,9040444800,880ac5f31549c25686a8991e8c9e26ec4c429e306e6b56c77105c0eb3e92d5ff,0,0,519a708a07e537b59da15ddd887be8a31606bc1f58e77de8e01aef4d5e0b31bb,saved_rule_based,1.67
section_00_test_000342,test,target,normal,C,20260909T171541Z-f9bc216ede1adbf54cfdc857,20260909T171541Z-f9bc216ede1adbf54cfdc857-dg-78793475a9ff-000133,2,none,none,fast,normal-fast-3,left,normal,clipped/audio_event_clean/normal/20260909T171541Z-f9bc216ede1adbf54cfdc857-dg-78793475a9ff-000133_ch2.wav,3DPrinter/test/section_00_test_000342.wav,47abf00bda8238de5ba81faf137e805be9fa8ceeeef8a10b9987324a52f7852f,960044,9040444800,9040924800,880ac5f31549c25686a8991e8c9e26ec4c429e306e6b56c77105c0eb3e92d5ff,0,0,519a708a07e537b59da15ddd887be8a31606bc1f58e77de8e01aef4d5e0b31bb,saved_rule_based,1.67
section_00_test_000343,test,target,normal,C,20260909T171541Z-f9bc216ede1adbf54cfdc857,20260909T171541Z-f9bc216ede1adbf54cfdc857-dg-78793475a9ff-000143,2,none,none,fast,normal-fast-3,left,normal,clipped/audio_event_clean/normal/20260909T171541Z-f9bc216ede1adbf54cfdc857-dg-78793475a9ff-000143_ch2.wav,3DPrinter/test/section_00_test_000343.wav,0677fa1139b0785f2d88639459880c79a1aec718ec4df3b7e68cb6ff62ed39f1,960044,9045244800,9045724800,880ac5f31549c25686a8991e8c9e26ec4c429e306e6b56c77105c0eb3e92d5ff,0,0,519a708a07e537b59da15ddd887be8a31606bc1f58e77de8e01aef4d5e0b31bb,saved_rule_based,1.67
section_00_test_000344,test,target,normal,C,20260909T171541Z-f9bc216ede1adbf54cfdc857,20260909T171541Z-f9bc216ede1adbf54cfdc857-dg-78793475a9ff-000148,2,none,none,fast,normal-fast-3,left,normal,clipped/audio_event_clean/normal/20260909T171541Z-f9bc216ede1adbf54cfdc857-dg-78793475a9ff-000148_ch2.wav,3DPrinter/test/section_00_test_000344.wav,744e13540acb4891330dba7e28bd211a104d88b0794675d6a1a0da1946b4bf55,960044,9047644800,9048124800,880ac5f31549c25686a8991e8c9e26ec4c429e306e6b56c77105c0eb3e92d5ff,0,0,519a708a07e537b59da15ddd887be8a31606bc1f58e77de8e01aef4d5e0b31bb,saved_rule_based,1.67
section_00_test_000345,test,target,normal,C,20260909T171541Z-f9bc216ede1adbf54cfdc857,20260909T171541Z-f9bc216ede1adbf54cfdc857-dg-78793475a9ff-000152,2,none,none,fast,normal-fast-3,left,normal,clipped/audio_event_clean/normal/20260909T171541Z-f9bc216ede1adbf54cfdc857-dg-78793475a9ff-000152_ch2.wav,3DPrinter/test/section_00_test_000345.wav,c566fa38433e2a1885a889fa8139a4add386cb749c28191d4d784fb350f38df7,960044,9049564800,9050044800,880ac5f31549c25686a8991e8c9e26ec4c429e306e6b56c77105c0eb3e92d5ff,0,0,519a708a07e537b59da15ddd887be8a31606bc1f58e77de8e01aef4d5e0b31bb,saved_rule_based,1.67
section_00_test_000346,test,target,normal,C,20260909T171541Z-f9bc216ede1adbf54cfdc857,20260909T171541Z-f9bc216ede1adbf54cfdc857-dg-78793475a9ff-000154,2,none,none,fast,normal-fast-3,left,normal,clipped/audio_event_clean/normal/20260909T171541Z-f9bc216ede1adbf54cfdc857-dg-78793475a9ff-000154_ch2.wav,3DPrinter/test/section_00_test_000346.wav,ac54513162eec1cffc5dbcaa27d3afe786e5c84fcbd6cc46d8214e1e02555e54,960044,9050524800,9051004800,880ac5f31549c25686a8991e8c9e26ec4c429e306e6b56c77105c0eb3e92d5ff,0,0,519a708a07e537b59da15ddd887be8a31606bc1f58e77de8e01aef4d5e0b31bb,saved_rule_based,1.67
section_00_test_000347,test,target,normal,C,20260909T171541Z-f9bc216ede1adbf54cfdc857,20260909T171541Z-f9bc216ede1adbf54cfdc857-dg-78793475a9ff-000157,2,none,none,fast,normal-fast-3,left,normal,clipped/audio_event_clean/normal/20260909T171541Z-f9bc216ede1adbf54cfdc857-dg-78793475a9ff-000157_ch2.wav,3DPrinter/test/section_00_test_000347.wav,e521899ceb4670009a7d9d2d91595faba3451bcff5cf09dafefc4853646ea49d,960044,9051964800,9052444800,880ac5f31549c25686a8991e8c9e26ec4c429e306e6b56c77105c0eb3e92d5ff,0,0,519a708a07e537b59da15ddd887be8a31606bc1f58e77de8e01aef4d5e0b31bb,saved_rule_based,1.67
section_00_test_000348,test,target,normal,C,20260909T171541Z-f9bc216ede1adbf54cfdc857,20260909T171541Z-f9bc216ede1adbf54cfdc857-dg-78793475a9ff-000161,2,none,none,fast,normal-fast-3,left,normal,clipped/audio_event_clean/normal/20260909T171541Z-f9bc216ede1adbf54cfdc857-dg-78793475a9ff-000161_ch2.wav,3DPrinter/test/section_00_test_000348.wav,58272025af7b98d7b4a1bd300e487d337cad6a016c0cd0a8db050a2b5fe1061b,960044,9053884800,9054364800,880ac5f31549c25686a8991e8c9e26ec4c429e306e6b56c77105c0eb3e92d5ff,0,0,519a708a07e537b59da15ddd887be8a31606bc1f58e77de8e01aef4d5e0b31bb,saved_rule_based,1.67
section_00_test_000349,test,target,normal,C,20260909T171541Z-f9bc216ede1adbf54cfdc857,20260909T171541Z-f9bc216ede1adbf54cfdc857-dg-78793475a9ff-000164,2,none,none,fast,normal-fast-3,left,normal,clipped/audio_event_clean/normal/20260909T171541Z-f9bc216ede1adbf54cfdc857-dg-78793475a9ff-000164_ch2.wav,3DPrinter/test/section_00_test_000349.wav,6ca5c2fcd48fbe0d2c9175837697fba804d9cafd4eabbf5d1a9ee78e166db895,960044,9055324800,9055804800,880ac5f31549c25686a8991e8c9e26ec4c429e306e6b56c77105c0eb3e92d5ff,0,0,519a708a07e537b59da15ddd887be8a31606bc1f58e77de8e01aef4d5e0b31bb,saved_rule_based,1.67
section_00_test_000350,test,target,normal,C,20260909T171541Z-f9bc216ede1adbf54cfdc857,20260909T171541Z-f9bc216ede1adbf54cfdc857-dg-78793475a9ff-000001,4,none,none,fast,normal-fast-3,right,normal,clipped/audio_event_clean/normal/20260909T171541Z-f9bc216ede1adbf54cfdc857-dg-78793475a9ff-000001_ch4.wav,3DPrinter/test/section_00_test_000350.wav,03e9d4a6a6116f3d3db519ce0bd03363b7624881336cfe6142a5b9813aa1c2b0,960044,8977084800,8977564800,880ac5f31549c25686a8991e8c9e26ec4c429e306e6b56c77105c0eb3e92d5ff,0,0,519a708a07e537b59da15ddd887be8a31606bc1f58e77de8e01aef4d5e0b31bb,saved_rule_based,1.67
section_00_test_000351,test,target,normal,C,20260909T171541Z-f9bc216ede1adbf54cfdc857,20260909T171541Z-f9bc216ede1adbf54cfdc857-dg-78793475a9ff-000008,4,none,none,fast,normal-fast-3,right,normal,clipped/audio_event_clean/normal/20260909T171541Z-f9bc216ede1adbf54cfdc857-dg-78793475a9ff-000008_ch4.wav,3DPrinter/test/section_00_test_000351.wav,4970d75822b1733dfc1adf78c62c5023ec72a45bc2df84b679e4f467ca6bc010,960044,8980444800,8980924800,880ac5f31549c25686a8991e8c9e26ec4c429e306e6b56c77105c0eb3e92d5ff,0,0,519a708a07e537b59da15ddd887be8a31606bc1f58e77de8e01aef4d5e0b31bb,saved_rule_based,1.67
section_00_test_000352,test,target,normal,C,20260909T171541Z-f9bc216ede1adbf54cfdc857,20260909T171541Z-f9bc216ede1adbf54cfdc857-dg-78793475a9ff-000014,4,none,none,fast,normal-fast-3,right,normal,clipped/audio_event_clean/normal/20260909T171541Z-f9bc216ede1adbf54cfdc857-dg-78793475a9ff-000014_ch4.wav,3DPrinter/test/section_00_test_000352.wav,395d8008d3d20a81d2c7fb39fbdc43acb67031725736279623056ad7994b16ac,960044,8983324800,8983804800,880ac5f31549c25686a8991e8c9e26ec4c429e306e6b56c77105c0eb3e92d5ff,0,0,519a708a07e537b59da15ddd887be8a31606bc1f58e77de8e01aef4d5e0b31bb,saved_rule_based,1.67
section_00_test_000353,test,target,normal,C,20260909T171541Z-f9bc216ede1adbf54cfdc857,20260909T171541Z-f9bc216ede1adbf54cfdc857-dg-78793475a9ff-000017,4,none,none,fast,normal-fast-3,right,normal,clipped/audio_event_clean/normal/20260909T171541Z-f9bc216ede1adbf54cfdc857-dg-78793475a9ff-000017_ch4.wav,3DPrinter/test/section_00_test_000353.wav,36e7426563310cfbfe6d5455bec2a03f18a5fbcfae906ef3f81a8aab2df81909,960044,8984764800,8985244800,880ac5f31549c25686a8991e8c9e26ec4c429e306e6b56c77105c0eb3e92d5ff,0,0,519a708a07e537b59da15ddd887be8a31606bc1f58e77de8e01aef4d5e0b31bb,saved_rule_based,1.67
section_00_test_000354,test,target,normal,C,20260909T171541Z-f9bc216ede1adbf54cfdc857,20260909T171541Z-f9bc216ede1adbf54cfdc857-dg-78793475a9ff-000019,4,none,none,fast,normal-fast-3,right,normal,clipped/audio_event_clean/normal/20260909T171541Z-f9bc216ede1adbf54cfdc857-dg-78793475a9ff-000019_ch4.wav,3DPrinter/test/section_00_test_000354.wav,b573f32f94d9e0d4acd6bb1b6c5bb523fa9b302f7f0bfd51f7833205be99c6cb,960044,8985724800,8986204800,880ac5f31549c25686a8991e8c9e26ec4c429e306e6b56c77105c0eb3e92d5ff,0,0,519a708a07e537b59da15ddd887be8a31606bc1f58e77de8e01aef4d5e0b31bb,saved_rule_based,1.67
section_00_test_000355,test,target,normal,C,20260909T171541Z-f9bc216ede1adbf54cfdc857,20260909T171541Z-f9bc216ede1adbf54cfdc857-dg-78793475a9ff-000020,4,none,none,fast,normal-fast-3,right,normal,clipped/audio_event_clean/normal/20260909T171541Z-f9bc216ede1adbf54cfdc857-dg-78793475a9ff-000020_ch4.wav,3DPrinter/test/section_00_test_000355.wav,b1f67f7f1211502904e305640b92f5d67d2e8cf58b952e1eaa3f0abb20f02ae7,960044,8986204800,8986684800,880ac5f31549c25686a8991e8c9e26ec4c429e306e6b56c77105c0eb3e92d5ff,0,0,519a708a07e537b59da15ddd887be8a31606bc1f58e77de8e01aef4d5e0b31bb,saved_rule_based,1.67
section_00_test_000356,test,target,normal,C,20260909T171541Z-f9bc216ede1adbf54cfdc857,20260909T171541Z-f9bc216ede1adbf54cfdc857-dg-78793475a9ff-000024,4,none,none,fast,normal-fast-3,right,normal,clipped/audio_event_clean/normal/20260909T171541Z-f9bc216ede1adbf54cfdc857-dg-78793475a9ff-000024_ch4.wav,3DPrinter/test/section_00_test_000356.wav,5c6836cd3120bc872007d4d81aadb1e703611764ba0a038d6597bc0b654ddbdc,960044,8988124800,8988604800,880ac5f31549c25686a8991e8c9e26ec4c429e306e6b56c77105c0eb3e92d5ff,0,0,519a708a07e537b59da15ddd887be8a31606bc1f58e77de8e01aef4d5e0b31bb,saved_rule_based,1.67
section_00_test_000357,test,target,normal,C,20260909T171541Z-f9bc216ede1adbf54cfdc857,20260909T171541Z-f9bc216ede1adbf54cfdc857-dg-78793475a9ff-000026,4,none,none,fast,normal-fast-3,right,normal,clipped/audio_event_clean/normal/20260909T171541Z-f9bc216ede1adbf54cfdc857-dg-78793475a9ff-000026_ch4.wav,3DPrinter/test/section_00_test_000357.wav,9feb78a1daa2c4a039d6cd7bcd45267b0dba6fc37f71bde1f559bc93148e60fb,960044,8989084800,8989564800,880ac5f31549c25686a8991e8c9e26ec4c429e306e6b56c77105c0eb3e92d5ff,0,0,519a708a07e537b59da15ddd887be8a31606bc1f58e77de8e01aef4d5e0b31bb,saved_rule_based,1.67
section_00_test_000358,test,target,normal,C,20260909T171541Z-f9bc216ede1adbf54cfdc857,20260909T171541Z-f9bc216ede1adbf54cfdc857-dg-78793475a9ff-000028,4,none,none,fast,normal-fast-3,right,normal,clipped/audio_event_clean/normal/20260909T171541Z-f9bc216ede1adbf54cfdc857-dg-78793475a9ff-000028_ch4.wav,3DPrinter/test/section_00_test_000358.wav,c7a694261f719f897c56381e61362b53a0117cde958b26f153f5cf116e9c7cbc,960044,8990044800,8990524800,880ac5f31549c25686a8991e8c9e26ec4c429e306e6b56c77105c0eb3e92d5ff,0,0,519a708a07e537b59da15ddd887be8a31606bc1f58e77de8e01aef4d5e0b31bb,saved_rule_based,1.67
section_00_test_000359,test,target,normal,C,20260909T171541Z-f9bc216ede1adbf54cfdc857,20260909T171541Z-f9bc216ede1adbf54cfdc857-dg-78793475a9ff-000033,4,none,none,fast,normal-fast-3,right,normal,clipped/audio_event_clean/normal/20260909T171541Z-f9bc216ede1adbf54cfdc857-dg-78793475a9ff-000033_ch4.wav,3DPrinter/test/section_00_test_000359.wav,0419e19300d317ccde860b370e3f903c1a7126b9733016af6603822223b4d687,960044,8992444800,8992924800,880ac5f31549c25686a8991e8c9e26ec4c429e306e6b56c77105c0eb3e92d5ff,0,0,519a708a07e537b59da15ddd887be8a31606bc1f58e77de8e01aef4d5e0b31bb,saved_rule_based,1.67
section_00_test_000360,test,target,normal,C,20260909T171541Z-f9bc216ede1adbf54cfdc857,20260909T171541Z-f9bc216ede1adbf54cfdc857-dg-78793475a9ff-000036,4,none,none,fast,normal-fast-3,right,normal,clipped/audio_event_clean/normal/20260909T171541Z-f9bc216ede1adbf54cfdc857-dg-78793475a9ff-000036_ch4.wav,3DPrinter/test/section_00_test_000360.wav,79ae9c131cf8b535fa0ab02f6e1b9bb07a413fe55ff10544819c4a595f6aa475,960044,8993884800,8994364800,880ac5f31549c25686a8991e8c9e26ec4c429e306e6b56c77105c0eb3e92d5ff,0,0,519a708a07e537b59da15ddd887be8a31606bc1f58e77de8e01aef4d5e0b31bb,saved_rule_based,1.67
section_00_test_000361,test,target,normal,C,20260909T171541Z-f9bc216ede1adbf54cfdc857,20260909T171541Z-f9bc216ede1adbf54cfdc857-dg-78793475a9ff-000046,4,none,none,fast,normal-fast-3,right,normal,clipped/audio_event_clean/normal/20260909T171541Z-f9bc216ede1adbf54cfdc857-dg-78793475a9ff-000046_ch4.wav,3DPrinter/test/section_00_test_000361.wav,f5990f4d635c3cde9040fb676bda2ac2202b1b2c7891b139339973a51c352fc1,960044,8998684800,8999164800,880ac5f31549c25686a8991e8c9e26ec4c429e306e6b56c77105c0eb3e92d5ff,0,0,519a708a07e537b59da15ddd887be8a31606bc1f58e77de8e01aef4d5e0b31bb,saved_rule_based,1.67
section_00_test_000362,test,target,normal,C,20260909T171541Z-f9bc216ede1adbf54cfdc857,20260909T171541Z-f9bc216ede1adbf54cfdc857-dg-78793475a9ff-000047,4,none,none,fast,normal-fast-3,right,normal,clipped/audio_event_clean/normal/20260909T171541Z-f9bc216ede1adbf54cfdc857-dg-78793475a9ff-000047_ch4.wav,3DPrinter/test/section_00_test_000362.wav,c931f66131b1f7047eb3dca48269fd8348a7449ebbe2c683da750a8290c17473,960044,8999164800,8999644800,880ac5f31549c25686a8991e8c9e26ec4c429e306e6b56c77105c0eb3e92d5ff,0,0,519a708a07e537b59da15ddd887be8a31606bc1f58e77de8e01aef4d5e0b31bb,saved_rule_based,1.67
section_00_test_000363,test,target,normal,C,20260909T171541Z-f9bc216ede1adbf54cfdc857,20260909T171541Z-f9bc216ede1adbf54cfdc857-dg-78793475a9ff-000049,4,none,none,fast,normal-fast-3,right,normal,clipped/audio_event_clean/normal/20260909T171541Z-f9bc216ede1adbf54cfdc857-dg-78793475a9ff-000049_ch4.wav,3DPrinter/test/section_00_test_000363.wav,5b7f749a015f3ab846ae56dbe3bd199118b96c41130f245b875fb957975517c6,960044,9000124800,9000604800,880ac5f31549c25686a8991e8c9e26ec4c429e306e6b56c77105c0eb3e92d5ff,0,0,519a708a07e537b59da15ddd887be8a31606bc1f58e77de8e01aef4d5e0b31bb,saved_rule_based,1.67
section_00_test_000364,test,target,normal,C,20260909T171541Z-f9bc216ede1adbf54cfdc857,20260909T171541Z-f9bc216ede1adbf54cfdc857-dg-78793475a9ff-000050,4,none,none,fast,normal-fast-3,right,normal,clipped/audio_event_clean/normal/20260909T171541Z-f9bc216ede1adbf54cfdc857-dg-78793475a9ff-000050_ch4.wav,3DPrinter/test/section_00_test_000364.wav,a2d096d73b8b5bf1aa0ea0013486e4ca96da4131ae148f7445185a495cfde897,960044,9000604800,9001084800,880ac5f31549c25686a8991e8c9e26ec4c429e306e6b56c77105c0eb3e92d5ff,0,0,519a708a07e537b59da15ddd887be8a31606bc1f58e77de8e01aef4d5e0b31bb,saved_rule_based,1.67
section_00_test_000365,test,target,normal,C,20260909T171541Z-f9bc216ede1adbf54cfdc857,20260909T171541Z-f9bc216ede1adbf54cfdc857-dg-78793475a9ff-000051,4,none,none,fast,normal-fast-3,right,normal,clipped/audio_event_clean/normal/20260909T171541Z-f9bc216ede1adbf54cfdc857-dg-78793475a9ff-000051_ch4.wav,3DPrinter/test/section_00_test_000365.wav,7f6c007706c13c0cb79cd6575388047dc0c3a70eedd96b85d90ef24bacdb8f0d,960044,9001084800,9001564800,880ac5f31549c25686a8991e8c9e26ec4c429e306e6b56c77105c0eb3e92d5ff,0,0,519a708a07e537b59da15ddd887be8a31606bc1f58e77de8e01aef4d5e0b31bb,saved_rule_based,1.67
section_00_test_000366,test,target,normal,C,20260909T171541Z-f9bc216ede1adbf54cfdc857,20260909T171541Z-f9bc216ede1adbf54cfdc857-dg-78793475a9ff-000052,4,none,none,fast,normal-fast-3,right,normal,clipped/audio_event_clean/normal/20260909T171541Z-f9bc216ede1adbf54cfdc857-dg-78793475a9ff-000052_ch4.wav,3DPrinter/test/section_00_test_000366.wav,402bb083e72d2f2e787cfc3d4773b9cd715267e5c8703ce4d70077b9bcb6f4a8,960044,9001564800,9002044800,880ac5f31549c25686a8991e8c9e26ec4c429e306e6b56c77105c0eb3e92d5ff,0,0,519a708a07e537b59da15ddd887be8a31606bc1f58e77de8e01aef4d5e0b31bb,saved_rule_based,1.67
section_00_test_000367,test,target,normal,C,20260909T171541Z-f9bc216ede1adbf54cfdc857,20260909T171541Z-f9bc216ede1adbf54cfdc857-dg-78793475a9ff-000053,4,none,none,fast,normal-fast-3,right,normal,clipped/audio_event_clean/normal/20260909T171541Z-f9bc216ede1adbf54cfdc857-dg-78793475a9ff-000053_ch4.wav,3DPrinter/test/section_00_test_000367.wav,a9d50253b0731da4ff03bd5a5bb6cfd11caa3fe0cf0443b363243b6ddffd9cc1,960044,9002044800,9002524800,880ac5f31549c25686a8991e8c9e26ec4c429e306e6b56c77105c0eb3e92d5ff,0,0,519a708a07e537b59da15ddd887be8a31606bc1f58e77de8e01aef4d5e0b31bb,saved_rule_based,1.67
section_00_test_000368,test,target,normal,C,20260909T171541Z-f9bc216ede1adbf54cfdc857,20260909T171541Z-f9bc216ede1adbf54cfdc857-dg-78793475a9ff-000061,4,none,none,fast,normal-fast-3,right,normal,clipped/audio_event_clean/normal/20260909T171541Z-f9bc216ede1adbf54cfdc857-dg-78793475a9ff-000061_ch4.wav,3DPrinter/test/section_00_test_000368.wav,f88a3d72fc7546b36e09527dff03094bb4deac2962ad64c8fa619e68c5caf0fa,960044,9005884800,9006364800,880ac5f31549c25686a8991e8c9e26ec4c429e306e6b56c77105c0eb3e92d5ff,0,0,519a708a07e537b59da15ddd887be8a31606bc1f58e77de8e01aef4d5e0b31bb,saved_rule_based,1.67
section_00_test_000369,test,target,normal,C,20260909T171541Z-f9bc216ede1adbf54cfdc857,20260909T171541Z-f9bc216ede1adbf54cfdc857-dg-78793475a9ff-000063,4,none,none,fast,normal-fast-3,right,normal,clipped/audio_event_clean/normal/20260909T171541Z-f9bc216ede1adbf54cfdc857-dg-78793475a9ff-000063_ch4.wav,3DPrinter/test/section_00_test_000369.wav,19a48cdf07ea578c04f2ded22f7bbfdb7eaa9da64717bccca43af3fa1a6689fc,960044,9006844800,9007324800,880ac5f31549c25686a8991e8c9e26ec4c429e306e6b56c77105c0eb3e92d5ff,0,0,519a708a07e537b59da15ddd887be8a31606bc1f58e77de8e01aef4d5e0b31bb,saved_rule_based,1.67
section_00_test_000370,test,target,normal,C,20260909T171541Z-f9bc216ede1adbf54cfdc857,20260909T171541Z-f9bc216ede1adbf54cfdc857-dg-78793475a9ff-000067,4,none,none,fast,normal-fast-3,right,normal,clipped/audio_event_clean/normal/20260909T171541Z-f9bc216ede1adbf54cfdc857-dg-78793475a9ff-000067_ch4.wav,3DPrinter/test/section_00_test_000370.wav,9e97c3f0f8bbcf13b4dbcbc70c999491a974570768e8a85888514d525e74b6af,960044,9008764800,9009244800,880ac5f31549c25686a8991e8c9e26ec4c429e306e6b56c77105c0eb3e92d5ff,0,0,519a708a07e537b59da15ddd887be8a31606bc1f58e77de8e01aef4d5e0b31bb,saved_rule_based,1.67
section_00_test_000371,test,target,normal,C,20260909T171541Z-f9bc216ede1adbf54cfdc857,20260909T171541Z-f9bc216ede1adbf54cfdc857-dg-78793475a9ff-000068,4,none,none,fast,normal-fast-3,right,normal,clipped/audio_event_clean/normal/20260909T171541Z-f9bc216ede1adbf54cfdc857-dg-78793475a9ff-000068_ch4.wav,3DPrinter/test/section_00_test_000371.wav,9362d6fa19ce135ac5e7bc6a8885d9774f3371462d60511bb6330d315377c134,960044,9009244800,9009724800,880ac5f31549c25686a8991e8c9e26ec4c429e306e6b56c77105c0eb3e92d5ff,0,0,519a708a07e537b59da15ddd887be8a31606bc1f58e77de8e01aef4d5e0b31bb,saved_rule_based,1.67
section_00_test_000372,test,target,normal,C,20260909T171541Z-f9bc216ede1adbf54cfdc857,20260909T171541Z-f9bc216ede1adbf54cfdc857-dg-78793475a9ff-000070,4,none,none,fast,normal-fast-3,right,normal,clipped/audio_event_clean/normal/20260909T171541Z-f9bc216ede1adbf54cfdc857-dg-78793475a9ff-000070_ch4.wav,3DPrinter/test/section_00_test_000372.wav,544f1eaea2d7b267de64af78e20fae04653d292df4f8619e4625a6731145b3ae,960044,9010204800,9010684800,880ac5f31549c25686a8991e8c9e26ec4c429e306e6b56c77105c0eb3e92d5ff,0,0,519a708a07e537b59da15ddd887be8a31606bc1f58e77de8e01aef4d5e0b31bb,saved_rule_based,1.67
section_00_test_000373,test,target,normal,C,20260909T171541Z-f9bc216ede1adbf54cfdc857,20260909T171541Z-f9bc216ede1adbf54cfdc857-dg-78793475a9ff-000073,4,none,none,fast,normal-fast-3,right,normal,clipped/audio_event_clean/normal/20260909T171541Z-f9bc216ede1adbf54cfdc857-dg-78793475a9ff-000073_ch4.wav,3DPrinter/test/section_00_test_000373.wav,2b905a6e5bc7b667cb8be9bf422c9a3b5567ecbd27ea6d109a2eafa373deb0fd,960044,9011644800,9012124800,880ac5f31549c25686a8991e8c9e26ec4c429e306e6b56c77105c0eb3e92d5ff,0,0,519a708a07e537b59da15ddd887be8a31606bc1f58e77de8e01aef4d5e0b31bb,saved_rule_based,1.67
section_00_test_000374,test,target,normal,C,20260909T171541Z-f9bc216ede1adbf54cfdc857,20260909T171541Z-f9bc216ede1adbf54cfdc857-dg-78793475a9ff-000074,4,none,none,fast,normal-fast-3,right,normal,clipped/audio_event_clean/normal/20260909T171541Z-f9bc216ede1adbf54cfdc857-dg-78793475a9ff-000074_ch4.wav,3DPrinter/test/section_00_test_000374.wav,613c1e4f472c2c789a4d4c6911b40bc222038a7b20f2ee99b3e842df13551165,960044,9012124800,9012604800,880ac5f31549c25686a8991e8c9e26ec4c429e306e6b56c77105c0eb3e92d5ff,0,0,519a708a07e537b59da15ddd887be8a31606bc1f58e77de8e01aef4d5e0b31bb,saved_rule_based,1.67
section_00_test_000375,test,target,normal,C,20260909T171541Z-f9bc216ede1adbf54cfdc857,20260909T171541Z-f9bc216ede1adbf54cfdc857-dg-78793475a9ff-000080,4,none,none,fast,normal-fast-3,right,normal,clipped/audio_event_clean/normal/20260909T171541Z-f9bc216ede1adbf54cfdc857-dg-78793475a9ff-000080_ch4.wav,3DPrinter/test/section_00_test_000375.wav,9f07312966af65abf97177b8441c264d165f9fe37db79e64398801eec214b3e5,960044,9015004800,9015484800,880ac5f31549c25686a8991e8c9e26ec4c429e306e6b56c77105c0eb3e92d5ff,0,0,519a708a07e537b59da15ddd887be8a31606bc1f58e77de8e01aef4d5e0b31bb,saved_rule_based,1.67
section_00_test_000376,test,target,normal,C,20260909T171541Z-f9bc216ede1adbf54cfdc857,20260909T171541Z-f9bc216ede1adbf54cfdc857-dg-78793475a9ff-000081,4,none,none,fast,normal-fast-3,right,normal,clipped/audio_event_clean/normal/20260909T171541Z-f9bc216ede1adbf54cfdc857-dg-78793475a9ff-000081_ch4.wav,3DPrinter/test/section_00_test_000376.wav,8e93a428bc5dff30f16dea484ca608a012173d2655c9a1f78cb8cac27766be60,960044,9015484800,9015964800,880ac5f31549c25686a8991e8c9e26ec4c429e306e6b56c77105c0eb3e92d5ff,0,0,519a708a07e537b59da15ddd887be8a31606bc1f58e77de8e01aef4d5e0b31bb,saved_rule_based,1.67
section_00_test_000377,test,target,normal,C,20260909T171541Z-f9bc216ede1adbf54cfdc857,20260909T171541Z-f9bc216ede1adbf54cfdc857-dg-78793475a9ff-000085,4,none,none,fast,normal-fast-3,right,normal,clipped/audio_event_clean/normal/20260909T171541Z-f9bc216ede1adbf54cfdc857-dg-78793475a9ff-000085_ch4.wav,3DPrinter/test/section_00_test_000377.wav,8717877a98478f33bbfa04a0c89b4da5495654b181a51b97b4e642411cb533ce,960044,9017404800,9017884800,880ac5f31549c25686a8991e8c9e26ec4c429e306e6b56c77105c0eb3e92d5ff,0,0,519a708a07e537b59da15ddd887be8a31606bc1f58e77de8e01aef4d5e0b31bb,saved_rule_based,1.67
section_00_test_000378,test,target,normal,C,20260909T171541Z-f9bc216ede1adbf54cfdc857,20260909T171541Z-f9bc216ede1adbf54cfdc857-dg-78793475a9ff-000087,4,none,none,fast,normal-fast-3,right,normal,clipped/audio_event_clean/normal/20260909T171541Z-f9bc216ede1adbf54cfdc857-dg-78793475a9ff-000087_ch4.wav,3DPrinter/test/section_00_test_000378.wav,bcc4bba2ae99e6593e7c62c4cb0fc22dbded2f43bdd50742122cec05e3f15779,960044,9018364800,9018844800,880ac5f31549c25686a8991e8c9e26ec4c429e306e6b56c77105c0eb3e92d5ff,0,0,519a708a07e537b59da15ddd887be8a31606bc1f58e77de8e01aef4d5e0b31bb,saved_rule_based,1.67
section_00_test_000379,test,target,normal,C,20260909T171541Z-f9bc216ede1adbf54cfdc857,20260909T171541Z-f9bc216ede1adbf54cfdc857-dg-78793475a9ff-000092,4,none,none,fast,normal-fast-3,right,normal,clipped/audio_event_clean/normal/20260909T171541Z-f9bc216ede1adbf54cfdc857-dg-78793475a9ff-000092_ch4.wav,3DPrinter/test/section_00_test_000379.wav,07e757d804c0e3cdbd6f7167ebc9bba7d1bcebbbf570504f3015067af2883922,960044,9020764800,9021244800,880ac5f31549c25686a8991e8c9e26ec4c429e306e6b56c77105c0eb3e92d5ff,0,0,519a708a07e537b59da15ddd887be8a31606bc1f58e77de8e01aef4d5e0b31bb,saved_rule_based,1.67
section_00_test_000380,test,target,normal,C,20260909T171541Z-f9bc216ede1adbf54cfdc857,20260909T171541Z-f9bc216ede1adbf54cfdc857-dg-78793475a9ff-000093,4,none,none,fast,normal-fast-3,right,normal,clipped/audio_event_clean/normal/20260909T171541Z-f9bc216ede1adbf54cfdc857-dg-78793475a9ff-000093_ch4.wav,3DPrinter/test/section_00_test_000380.wav,1b905da682701fd97355437876bcc4e9cdfa488087f852273e563d3bd2d51111,960044,9021244800,9021724800,880ac5f31549c25686a8991e8c9e26ec4c429e306e6b56c77105c0eb3e92d5ff,0,0,519a708a07e537b59da15ddd887be8a31606bc1f58e77de8e01aef4d5e0b31bb,saved_rule_based,1.67
section_00_test_000381,test,target,normal,C,20260909T171541Z-f9bc216ede1adbf54cfdc857,20260909T171541Z-f9bc216ede1adbf54cfdc857-dg-78793475a9ff-000096,4,none,none,fast,normal-fast-3,right,normal,clipped/audio_event_clean/normal/20260909T171541Z-f9bc216ede1adbf54cfdc857-dg-78793475a9ff-000096_ch4.wav,3DPrinter/test/section_00_test_000381.wav,673b7f0a4087c38c682ad09be1dfb126b7cfc66ba36ce4e553253fae2eb37c28,960044,9022684800,9023164800,880ac5f31549c25686a8991e8c9e26ec4c429e306e6b56c77105c0eb3e92d5ff,0,0,519a708a07e537b59da15ddd887be8a31606bc1f58e77de8e01aef4d5e0b31bb,saved_rule_based,1.67
section_00_test_000382,test,target,normal,C,20260909T171541Z-f9bc216ede1adbf54cfdc857,20260909T171541Z-f9bc216ede1adbf54cfdc857-dg-78793475a9ff-000098,4,none,none,fast,normal-fast-3,right,normal,clipped/audio_event_clean/normal/20260909T171541Z-f9bc216ede1adbf54cfdc857-dg-78793475a9ff-000098_ch4.wav,3DPrinter/test/section_00_test_000382.wav,5bace4e141bdaa2952ff330718b2385353d90f2776fca0f67dcdf8e9597fc2e0,960044,9023644800,9024124800,880ac5f31549c25686a8991e8c9e26ec4c429e306e6b56c77105c0eb3e92d5ff,0,0,519a708a07e537b59da15ddd887be8a31606bc1f58e77de8e01aef4d5e0b31bb,saved_rule_based,1.67
section_00_test_000383,test,target,normal,C,20260909T171541Z-f9bc216ede1adbf54cfdc857,20260909T171541Z-f9bc216ede1adbf54cfdc857-dg-78793475a9ff-000100,4,none,none,fast,normal-fast-3,right,normal,clipped/audio_event_clean/normal/20260909T171541Z-f9bc216ede1adbf54cfdc857-dg-78793475a9ff-000100_ch4.wav,3DPrinter/test/section_00_test_000383.wav,f57f9513d0302e0e467f591f381d06223c3b4730bdd1e29a2d14c082f283d439,960044,9024604800,9025084800,880ac5f31549c25686a8991e8c9e26ec4c429e306e6b56c77105c0eb3e92d5ff,0,0,519a708a07e537b59da15ddd887be8a31606bc1f58e77de8e01aef4d5e0b31bb,saved_rule_based,1.67
section_00_test_000384,test,target,normal,C,20260909T171541Z-f9bc216ede1adbf54cfdc857,20260909T171541Z-f9bc216ede1adbf54cfdc857-dg-78793475a9ff-000108,4,none,none,fast,normal-fast-3,right,normal,clipped/audio_event_clean/normal/20260909T171541Z-f9bc216ede1adbf54cfdc857-dg-78793475a9ff-000108_ch4.wav,3DPrinter/test/section_00_test_000384.wav,bc9040d203b438c9ded1867ae2a84261cb4b6827860f780827dfc6167b3fc491,960044,9028444800,9028924800,880ac5f31549c25686a8991e8c9e26ec4c429e306e6b56c77105c0eb3e92d5ff,0,0,519a708a07e537b59da15ddd887be8a31606bc1f58e77de8e01aef4d5e0b31bb,saved_rule_based,1.67
section_00_test_000385,test,target,normal,C,20260909T171541Z-f9bc216ede1adbf54cfdc857,20260909T171541Z-f9bc216ede1adbf54cfdc857-dg-78793475a9ff-000110,4,none,none,fast,normal-fast-3,right,normal,clipped/audio_event_clean/normal/20260909T171541Z-f9bc216ede1adbf54cfdc857-dg-78793475a9ff-000110_ch4.wav,3DPrinter/test/section_00_test_000385.wav,1d228ed1787c8401129e4941b302c89c7daaf79c21784189be429dc498b0d019,960044,9029404800,9029884800,880ac5f31549c25686a8991e8c9e26ec4c429e306e6b56c77105c0eb3e92d5ff,0,0,519a708a07e537b59da15ddd887be8a31606bc1f58e77de8e01aef4d5e0b31bb,saved_rule_based,1.67
section_00_test_000386,test,target,normal,C,20260909T171541Z-f9bc216ede1adbf54cfdc857,20260909T171541Z-f9bc216ede1adbf54cfdc857-dg-78793475a9ff-000112,4,none,none,fast,normal-fast-3,right,normal,clipped/audio_event_clean/normal/20260909T171541Z-f9bc216ede1adbf54cfdc857-dg-78793475a9ff-000112_ch4.wav,3DPrinter/test/section_00_test_000386.wav,7a5296b7e8927ddb096f3aa4f32f4b0cc36c65a8ba3c6d65f3c545a966b29df3,960044,9030364800,9030844800,880ac5f31549c25686a8991e8c9e26ec4c429e306e6b56c77105c0eb3e92d5ff,0,0,519a708a07e537b59da15ddd887be8a31606bc1f58e77de8e01aef4d5e0b31bb,saved_rule_based,1.67
section_00_test_000387,test,target,normal,C,20260909T171541Z-f9bc216ede1adbf54cfdc857,20260909T171541Z-f9bc216ede1adbf54cfdc857-dg-78793475a9ff-000121,4,none,none,fast,normal-fast-3,right,normal,clipped/audio_event_clean/normal/20260909T171541Z-f9bc216ede1adbf54cfdc857-dg-78793475a9ff-000121_ch4.wav,3DPrinter/test/section_00_test_000387.wav,332868e2fb7f782c6745ea5a78cc95ae4a1742b6dc241501b562cda2549992e8,960044,9034684800,9035164800,880ac5f31549c25686a8991e8c9e26ec4c429e306e6b56c77105c0eb3e92d5ff,0,0,519a708a07e537b59da15ddd887be8a31606bc1f58e77de8e01aef4d5e0b31bb,saved_rule_based,1.67
section_00_test_000388,test,target,normal,C,20260909T171541Z-f9bc216ede1adbf54cfdc857,20260909T171541Z-f9bc216ede1adbf54cfdc857-dg-78793475a9ff-000126,4,none,none,fast,normal-fast-3,right,normal,clipped/audio_event_clean/normal/20260909T171541Z-f9bc216ede1adbf54cfdc857-dg-78793475a9ff-000126_ch4.wav,3DPrinter/test/section_00_test_000388.wav,85cb343945c4e43d04697ad0c9212e6daec210623eaad74794b7c0d304d4dde8,960044,9037084800,9037564800,880ac5f31549c25686a8991e8c9e26ec4c429e306e6b56c77105c0eb3e92d5ff,0,0,519a708a07e537b59da15ddd887be8a31606bc1f58e77de8e01aef4d5e0b31bb,saved_rule_based,1.67
section_00_test_000389,test,target,normal,C,20260909T171541Z-f9bc216ede1adbf54cfdc857,20260909T171541Z-f9bc216ede1adbf54cfdc857-dg-78793475a9ff-000128,4,none,none,fast,normal-fast-3,right,normal,clipped/audio_event_clean/normal/20260909T171541Z-f9bc216ede1adbf54cfdc857-dg-78793475a9ff-000128_ch4.wav,3DPrinter/test/section_00_test_000389.wav,ecc7d0f6c835ad279c06e2e53f52dcc09bb42881e696cd50a0cf42909377cb25,960044,9038044800,9038524800,880ac5f31549c25686a8991e8c9e26ec4c429e306e6b56c77105c0eb3e92d5ff,0,0,519a708a07e537b59da15ddd887be8a31606bc1f58e77de8e01aef4d5e0b31bb,saved_rule_based,1.67
section_00_test_000390,test,target,normal,C,20260909T171541Z-f9bc216ede1adbf54cfdc857,20260909T171541Z-f9bc216ede1adbf54cfdc857-dg-78793475a9ff-000129,4,none,none,fast,normal-fast-3,right,normal,clipped/audio_event_clean/normal/20260909T171541Z-f9bc216ede1adbf54cfdc857-dg-78793475a9ff-000129_ch4.wav,3DPrinter/test/section_00_test_000390.wav,68cb3a13607ebf61e436a2fd3f427a377c50eb1cdd9a6cdcf5c4a91235ccc9f0,960044,9038524800,9039004800,880ac5f31549c25686a8991e8c9e26ec4c429e306e6b56c77105c0eb3e92d5ff,0,0,519a708a07e537b59da15ddd887be8a31606bc1f58e77de8e01aef4d5e0b31bb,saved_rule_based,1.67
section_00_test_000391,test,target,normal,C,20260909T171541Z-f9bc216ede1adbf54cfdc857,20260909T171541Z-f9bc216ede1adbf54cfdc857-dg-78793475a9ff-000135,4,none,none,fast,normal-fast-3,right,normal,clipped/audio_event_clean/normal/20260909T171541Z-f9bc216ede1adbf54cfdc857-dg-78793475a9ff-000135_ch4.wav,3DPrinter/test/section_00_test_000391.wav,c9de5e3a47e1b9c013f533dfb6726faf4afd52fff6fc717a518fb4c3d1c4dcd4,960044,9041404800,9041884800,880ac5f31549c25686a8991e8c9e26ec4c429e306e6b56c77105c0eb3e92d5ff,0,0,519a708a07e537b59da15ddd887be8a31606bc1f58e77de8e01aef4d5e0b31bb,saved_rule_based,1.67
section_00_test_000392,test,target,normal,C,20260909T171541Z-f9bc216ede1adbf54cfdc857,20260909T171541Z-f9bc216ede1adbf54cfdc857-dg-78793475a9ff-000136,4,none,none,fast,normal-fast-3,right,normal,clipped/audio_event_clean/normal/20260909T171541Z-f9bc216ede1adbf54cfdc857-dg-78793475a9ff-000136_ch4.wav,3DPrinter/test/section_00_test_000392.wav,519dc02d8bf5085233f4a65a28265d6ed55b30eae1b8f283ce4840ece9c61925,960044,9041884800,9042364800,880ac5f31549c25686a8991e8c9e26ec4c429e306e6b56c77105c0eb3e92d5ff,0,0,519a708a07e537b59da15ddd887be8a31606bc1f58e77de8e01aef4d5e0b31bb,saved_rule_based,1.67
section_00_test_000393,test,target,normal,C,20260909T171541Z-f9bc216ede1adbf54cfdc857,20260909T171541Z-f9bc216ede1adbf54cfdc857-dg-78793475a9ff-000141,4,none,none,fast,normal-fast-3,right,normal,clipped/audio_event_clean/normal/20260909T171541Z-f9bc216ede1adbf54cfdc857-dg-78793475a9ff-000141_ch4.wav,3DPrinter/test/section_00_test_000393.wav,dca40bff44a2675e12fe1732d2a083f4250c7ff797e5f210ae35302e70406ebb,960044,9044284800,9044764800,880ac5f31549c25686a8991e8c9e26ec4c429e306e6b56c77105c0eb3e92d5ff,0,0,519a708a07e537b59da15ddd887be8a31606bc1f58e77de8e01aef4d5e0b31bb,saved_rule_based,1.67
section_00_test_000394,test,target,normal,C,20260909T171541Z-f9bc216ede1adbf54cfdc857,20260909T171541Z-f9bc216ede1adbf54cfdc857-dg-78793475a9ff-000145,4,none,none,fast,normal-fast-3,right,normal,clipped/audio_event_clean/normal/20260909T171541Z-f9bc216ede1adbf54cfdc857-dg-78793475a9ff-000145_ch4.wav,3DPrinter/test/section_00_test_000394.wav,9f39aaf14962b6cda4f3f6d4923d5593169abf2c149076f6ee246c758b0a99e0,960044,9046204800,9046684800,880ac5f31549c25686a8991e8c9e26ec4c429e306e6b56c77105c0eb3e92d5ff,0,0,519a708a07e537b59da15ddd887be8a31606bc1f58e77de8e01aef4d5e0b31bb,saved_rule_based,1.67
section_00_test_000395,test,target,normal,C,20260909T171541Z-f9bc216ede1adbf54cfdc857,20260909T171541Z-f9bc216ede1adbf54cfdc857-dg-78793475a9ff-000146,4,none,none,fast,normal-fast-3,right,normal,clipped/audio_event_clean/normal/20260909T171541Z-f9bc216ede1adbf54cfdc857-dg-78793475a9ff-000146_ch4.wav,3DPrinter/test/section_00_test_000395.wav,c1b1405b19218422edb29160ce83483e8c93c4f815b662eef1a6d1aea6615521,960044,9046684800,9047164800,880ac5f31549c25686a8991e8c9e26ec4c429e306e6b56c77105c0eb3e92d5ff,0,0,519a708a07e537b59da15ddd887be8a31606bc1f58e77de8e01aef4d5e0b31bb,saved_rule_based,1.67
section_00_test_000396,test,target,normal,C,20260909T171541Z-f9bc216ede1adbf54cfdc857,20260909T171541Z-f9bc216ede1adbf54cfdc857-dg-78793475a9ff-000155,4,none,none,fast,normal-fast-3,right,normal,clipped/audio_event_clean/normal/20260909T171541Z-f9bc216ede1adbf54cfdc857-dg-78793475a9ff-000155_ch4.wav,3DPrinter/test/section_00_test_000396.wav,5af4e39f0c47be6652c1ad75ff8460a64616f43e5b640e5f0bae6d0f906d3615,960044,9051004800,9051484800,880ac5f31549c25686a8991e8c9e26ec4c429e306e6b56c77105c0eb3e92d5ff,0,0,519a708a07e537b59da15ddd887be8a31606bc1f58e77de8e01aef4d5e0b31bb,saved_rule_based,1.67
section_00_test_000397,test,target,normal,C,20260909T171541Z-f9bc216ede1adbf54cfdc857,20260909T171541Z-f9bc216ede1adbf54cfdc857-dg-78793475a9ff-000156,4,none,none,fast,normal-fast-3,right,normal,clipped/audio_event_clean/normal/20260909T171541Z-f9bc216ede1adbf54cfdc857-dg-78793475a9ff-000156_ch4.wav,3DPrinter/test/section_00_test_000397.wav,cb76b36fb790c614eb2ec4525fe62cc30163864b77d98d275265078db89e3ba7,960044,9051484800,9051964800,880ac5f31549c25686a8991e8c9e26ec4c429e306e6b56c77105c0eb3e92d5ff,0,0,519a708a07e537b59da15ddd887be8a31606bc1f58e77de8e01aef4d5e0b31bb,saved_rule_based,1.67
section_00_test_000398,test,target,normal,C,20260909T171541Z-f9bc216ede1adbf54cfdc857,20260909T171541Z-f9bc216ede1adbf54cfdc857-dg-78793475a9ff-000158,4,none,none,fast,normal-fast-3,right,normal,clipped/audio_event_clean/normal/20260909T171541Z-f9bc216ede1adbf54cfdc857-dg-78793475a9ff-000158_ch4.wav,3DPrinter/test/section_00_test_000398.wav,96baef470f9c111c55f6d2b668654f8e9e9e507531454235364e70f996cdaf12,960044,9052444800,9052924800,880ac5f31549c25686a8991e8c9e26ec4c429e306e6b56c77105c0eb3e92d5ff,0,0,519a708a07e537b59da15ddd887be8a31606bc1f58e77de8e01aef4d5e0b31bb,saved_rule_based,1.67
section_00_test_000399,test,target,normal,C,20260909T171541Z-f9bc216ede1adbf54cfdc857,20260909T171541Z-f9bc216ede1adbf54cfdc857-dg-78793475a9ff-000160,4,none,none,fast,normal-fast-3,right,normal,clipped/audio_event_clean/normal/20260909T171541Z-f9bc216ede1adbf54cfdc857-dg-78793475a9ff-000160_ch4.wav,3DPrinter/test/section_00_test_000399.wav,9df119729ada77902b95124444a513511aea262f862d07137d472ca55c2b28e6,960044,9053404800,9053884800,880ac5f31549c25686a8991e8c9e26ec4c429e306e6b56c77105c0eb3e92d5ff,0,0,519a708a07e537b59da15ddd887be8a31606bc1f58e77de8e01aef4d5e0b31bb,saved_rule_based,1.67
section_00_source_train_normal_000000,train,source,normal,A,20260901T091827Z-9e9b5b7e30e5dbfd58035596,20260901T091827Z-9e9b5b7e30e5dbfd58035596-dg-ba603bf1a521-000005,1,none,none,slow,normal-slow-1,rear,normal,clipped/audio_event_clean/normal/20260901T091827Z-9e9b5b7e30e5dbfd58035596-dg-ba603bf1a521-000005_ch1.wav,3DPrinter/train/section_00_source_train_normal_000000.wav,b7a87930eb083af25f9580dd0c9bb4c206f187a1ce6824fcceda2ab68f1be594,960044,20388000,20868000,0f68fd949d988c44b2305ad1c4ef0e16982d01db28573df69d4a4e5d0076f5e4,0,0,01b2b575c87ad317bf43fc05134b66aa2feeea6daca7bda15b293c666eb909f5,saved_rule_based,0.39
section_00_source_train_normal_000001,train,source,normal,A,20260901T091827Z-9e9b5b7e30e5dbfd58035596,20260901T091827Z-9e9b5b7e30e5dbfd58035596-dg-ba603bf1a521-000006,1,none,none,slow,normal-slow-1,rear,normal,clipped/audio_event_clean/normal/20260901T091827Z-9e9b5b7e30e5dbfd58035596-dg-ba603bf1a521-000006_ch1.wav,3DPrinter/train/section_00_source_train_normal_000001.wav,e4ac59f0298e3c0ffd2e2587a7e529dc24d22fecf00286d18d67dc78ed58b909,960044,20868000,21348000,0f68fd949d988c44b2305ad1c4ef0e16982d01db28573df69d4a4e5d0076f5e4,0,0,01b2b575c87ad317bf43fc05134b66aa2feeea6daca7bda15b293c666eb909f5,saved_rule_based,0.39
section_00_source_train_normal_000002,train,source,normal,A,20260901T091827Z-9e9b5b7e30e5dbfd58035596,20260901T091827Z-9e9b5b7e30e5dbfd58035596-dg-ba603bf1a521-000007,1,none,none,slow,normal-slow-1,rear,normal,clipped/audio_event_clean/normal/20260901T091827Z-9e9b5b7e30e5dbfd58035596-dg-ba603bf1a521-000007_ch1.wav,3DPrinter/train/section_00_source_train_normal_000002.wav,21e97b9933bed12d83fe4d9962dcb7cf2b6eb6b82de785813f6a3a199f3e5f19,960044,21348000,21828000,0f68fd949d988c44b2305ad1c4ef0e16982d01db28573df69d4a4e5d0076f5e4,0,0,01b2b575c87ad317bf43fc05134b66aa2feeea6daca7bda15b293c666eb909f5,saved_rule_based,0.39
section_00_source_train_normal_000003,train,source,normal,A,20260901T091827Z-9e9b5b7e30e5dbfd58035596,20260901T091827Z-9e9b5b7e30e5dbfd58035596-dg-ba603bf1a521-000012,1,none,none,slow,normal-slow-1,rear,normal,clipped/audio_event_clean/normal/20260901T091827Z-9e9b5b7e30e5dbfd58035596-dg-ba603bf1a521-000012_ch1.wav,3DPrinter/train/section_00_source_train_normal_000003.wav,a4df2c962cfcd14fd844192ce0f7bf490e58baf32f8e9951008dc066a451d896,960044,23748000,24228000,0f68fd949d988c44b2305ad1c4ef0e16982d01db28573df69d4a4e5d0076f5e4,0,0,01b2b575c87ad317bf43fc05134b66aa2feeea6daca7bda15b293c666eb909f5,saved_rule_based,0.39
section_00_source_train_normal_000004,train,source,normal,A,20260901T091827Z-9e9b5b7e30e5dbfd58035596,20260901T091827Z-9e9b5b7e30e5dbfd58035596-dg-ba603bf1a521-000013,1,none,none,slow,normal-slow-1,rear,normal,clipped/audio_event_clean/normal/20260901T091827Z-9e9b5b7e30e5dbfd58035596-dg-ba603bf1a521-000013_ch1.wav,3DPrinter/train/section_00_source_train_normal_000004.wav,2bd1aed0750a95a1f40ffeb443c954ae82630a83838039b0a6e8ae394e5c954c,960044,24228000,24708000,0f68fd949d988c44b2305ad1c4ef0e16982d01db28573df69d4a4e5d0076f5e4,0,0,01b2b575c87ad317bf43fc05134b66aa2feeea6daca7bda15b293c666eb909f5,saved_rule_based,0.39
section_00_source_train_normal_000005,train,source,normal,A,20260901T091827Z-9e9b5b7e30e5dbfd58035596,20260901T091827Z-9e9b5b7e30e5dbfd58035596-dg-ba603bf1a521-000017,1,none,none,slow,normal-slow-1,rear,normal,clipped/audio_event_clean/normal/20260901T091827Z-9e9b5b7e30e5dbfd58035596-dg-ba603bf1a521-000017_ch1.wav,3DPrinter/train/section_00_source_train_normal_000005.wav,4a164b6dda453e4636083c2f7f4e4c300d20e6fed436734221c6513aaa50a9f4,960044,26148000,26628000,0f68fd949d988c44b2305ad1c4ef0e16982d01db28573df69d4a4e5d0076f5e4,0,0,01b2b575c87ad317bf43fc05134b66aa2feeea6daca7bda15b293c666eb909f5,saved_rule_based,0.39
section_00_source_train_normal_000006,train,source,normal,A,20260901T091827Z-9e9b5b7e30e5dbfd58035596,20260901T091827Z-9e9b5b7e30e5dbfd58035596-dg-ba603bf1a521-000018,1,none,none,slow,normal-slow-1,rear,normal,clipped/audio_event_clean/normal/20260901T091827Z-9e9b5b7e30e5dbfd58035596-dg-ba603bf1a521-000018_ch1.wav,3DPrinter/train/section_00_source_train_normal_000006.wav,ad4efe42624eceb3d7144f5ffd776da521aa77d5ee50a0f40e5d497bf0f82e44,960044,26628000,27108000,0f68fd949d988c44b2305ad1c4ef0e16982d01db28573df69d4a4e5d0076f5e4,0,0,01b2b575c87ad317bf43fc05134b66aa2feeea6daca7bda15b293c666eb909f5,saved_rule_based,0.39
section_00_source_train_normal_000007,train,source,normal,A,20260901T091827Z-9e9b5b7e30e5dbfd58035596,20260901T091827Z-9e9b5b7e30e5dbfd58035596-dg-ba603bf1a521-000020,1,none,none,slow,normal-slow-1,rear,normal,clipped/audio_event_clean/normal/20260901T091827Z-9e9b5b7e30e5dbfd58035596-dg-ba603bf1a521-000020_ch1.wav,3DPrinter/train/section_00_source_train_normal_000007.wav,9600fe041966118ccdc173927ff9000d7226d0fa0e86a3345f03bd74cffb792c,960044,27588000,28068000,0f68fd949d988c44b2305ad1c4ef0e16982d01db28573df69d4a4e5d0076f5e4,0,0,01b2b575c87ad317bf43fc05134b66aa2feeea6daca7bda15b293c666eb909f5,saved_rule_based,0.39
section_00_source_train_normal_000008,train,source,normal,A,20260901T091827Z-9e9b5b7e30e5dbfd58035596,20260901T091827Z-9e9b5b7e30e5dbfd58035596-dg-ba603bf1a521-000025,1,none,none,slow,normal-slow-1,rear,normal,clipped/audio_event_clean/normal/20260901T091827Z-9e9b5b7e30e5dbfd58035596-dg-ba603bf1a521-000025_ch1.wav,3DPrinter/train/section_00_source_train_normal_000008.wav,8c84fef255ab762c9d5b5c41ed0c658b5ac14c308db26d68db8a2f736ed84466,960044,29988000,30468000,0f68fd949d988c44b2305ad1c4ef0e16982d01db28573df69d4a4e5d0076f5e4,0,0,01b2b575c87ad317bf43fc05134b66aa2feeea6daca7bda15b293c666eb909f5,saved_rule_based,0.39
section_00_source_train_normal_000009,train,source,normal,A,20260901T091827Z-9e9b5b7e30e5dbfd58035596,20260901T091827Z-9e9b5b7e30e5dbfd58035596-dg-ba603bf1a521-000026,1,none,none,slow,normal-slow-1,rear,normal,clipped/audio_event_clean/normal/20260901T091827Z-9e9b5b7e30e5dbfd58035596-dg-ba603bf1a521-000026_ch1.wav,3DPrinter/train/section_00_source_train_normal_000009.wav,8be28d5f98154a6d8c6309e5ca3fd632f8b437402f8222b47a234ed00ea396de,960044,30468000,30948000,0f68fd949d988c44b2305ad1c4ef0e16982d01db28573df69d4a4e5d0076f5e4,0,0,01b2b575c87ad317bf43fc05134b66aa2feeea6daca7bda15b293c666eb909f5,saved_rule_based,0.39
section_00_source_train_normal_000010,train,source,normal,A,20260901T091827Z-9e9b5b7e30e5dbfd58035596,20260901T091827Z-9e9b5b7e30e5dbfd58035596-dg-ba603bf1a521-000031,1,none,none,slow,normal-slow-1,rear,normal,clipped/audio_event_clean/normal/20260901T091827Z-9e9b5b7e30e5dbfd58035596-dg-ba603bf1a521-000031_ch1.wav,3DPrinter/train/section_00_source_train_normal_000010.wav,e0f22dc13e40f3ae449771de614988edbd4b560a9a1d5fc76082ad55f0bf87e4,960044,32868000,33348000,0f68fd949d988c44b2305ad1c4ef0e16982d01db28573df69d4a4e5d0076f5e4,0,0,01b2b575c87ad317bf43fc05134b66aa2feeea6daca7bda15b293c666eb909f5,saved_rule_based,0.39
section_00_source_train_normal_000011,train,source,normal,A,20260901T091827Z-9e9b5b7e30e5dbfd58035596,20260901T091827Z-9e9b5b7e30e5dbfd58035596-dg-ba603bf1a521-000032,1,none,none,slow,normal-slow-1,rear,normal,clipped/audio_event_clean/normal/20260901T091827Z-9e9b5b7e30e5dbfd58035596-dg-ba603bf1a521-000032_ch1.wav,3DPrinter/train/section_00_source_train_normal_000011.wav,0413f4ddf61bd266cdfaa68c9340003958acf1aff6635b5b6924d31102851a96,960044,33348000,33828000,0f68fd949d988c44b2305ad1c4ef0e16982d01db28573df69d4a4e5d0076f5e4,0,0,01b2b575c87ad317bf43fc05134b66aa2feeea6daca7bda15b293c666eb909f5,saved_rule_based,0.39
section_00_source_train_normal_000012,train,source,normal,A,20260901T091827Z-9e9b5b7e30e5dbfd58035596,20260901T091827Z-9e9b5b7e30e5dbfd58035596-dg-ba603bf1a521-000035,1,none,none,slow,normal-slow-1,rear,normal,clipped/audio_event_clean/normal/20260901T091827Z-9e9b5b7e30e5dbfd58035596-dg-ba603bf1a521-000035_ch1.wav,3DPrinter/train/section_00_source_train_normal_000012.wav,a3c5c38c12d52b5dabe082fd0d7789c092c2abca336e05ca5e5dbe4953a8b7b4,960044,34788000,35268000,0f68fd949d988c44b2305ad1c4ef0e16982d01db28573df69d4a4e5d0076f5e4,0,0,01b2b575c87ad317bf43fc05134b66aa2feeea6daca7bda15b293c666eb909f5,saved_rule_based,0.39
section_00_source_train_normal_000013,train,source,normal,A,20260901T091827Z-9e9b5b7e30e5dbfd58035596,20260901T091827Z-9e9b5b7e30e5dbfd58035596-dg-ba603bf1a521-000037,1,none,none,slow,normal-slow-1,rear,normal,clipped/audio_event_clean/normal/20260901T091827Z-9e9b5b7e30e5dbfd58035596-dg-ba603bf1a521-000037_ch1.wav,3DPrinter/train/section_00_source_train_normal_000013.wav,50d6044f697e0421681fe2e6b1ffbe96b3708f6ffbb7ce601a7c7c46ff2a2a15,960044,35748000,36228000,0f68fd949d988c44b2305ad1c4ef0e16982d01db28573df69d4a4e5d0076f5e4,0,0,01b2b575c87ad317bf43fc05134b66aa2feeea6daca7bda15b293c666eb909f5,saved_rule_based,0.39
section_00_source_train_normal_000014,train,source,normal,A,20260901T091827Z-9e9b5b7e30e5dbfd58035596,20260901T091827Z-9e9b5b7e30e5dbfd58035596-dg-ba603bf1a521-000041,1,none,none,slow,normal-slow-1,rear,normal,clipped/audio_event_clean/normal/20260901T091827Z-9e9b5b7e30e5dbfd58035596-dg-ba603bf1a521-000041_ch1.wav,3DPrinter/train/section_00_source_train_normal_000014.wav,07be190f21803e0afd861b60c67c7a0bd9ed79b6da1c5c60df90fbc42ce58889,960044,37668000,38148000,0f68fd949d988c44b2305ad1c4ef0e16982d01db28573df69d4a4e5d0076f5e4,0,0,01b2b575c87ad317bf43fc05134b66aa2feeea6daca7bda15b293c666eb909f5,saved_rule_based,0.39
section_00_source_train_normal_000015,train,source,normal,A,20260901T091827Z-9e9b5b7e30e5dbfd58035596,20260901T091827Z-9e9b5b7e30e5dbfd58035596-dg-ba603bf1a521-000044,1,none,none,slow,normal-slow-1,rear,normal,clipped/audio_event_clean/normal/20260901T091827Z-9e9b5b7e30e5dbfd58035596-dg-ba603bf1a521-000044_ch1.wav,3DPrinter/train/section_00_source_train_normal_000015.wav,1038124c742d21f1e25899376d2a1dd20846191a8195ee19e5730daf245fb476,960044,39108000,39588000,0f68fd949d988c44b2305ad1c4ef0e16982d01db28573df69d4a4e5d0076f5e4,0,0,01b2b575c87ad317bf43fc05134b66aa2feeea6daca7bda15b293c666eb909f5,saved_rule_based,0.39
section_00_source_train_normal_000016,train,source,normal,A,20260901T091827Z-9e9b5b7e30e5dbfd58035596,20260901T091827Z-9e9b5b7e30e5dbfd58035596-dg-ba603bf1a521-000049,1,none,none,slow,normal-slow-1,rear,normal,clipped/audio_event_clean/normal/20260901T091827Z-9e9b5b7e30e5dbfd58035596-dg-ba603bf1a521-000049_ch1.wav,3DPrinter/train/section_00_source_train_normal_000016.wav,1f2245ec63155a224134da17c869bd545bf8ce92d34db1d095214d2385422ae4,960044,41508000,41988000,0f68fd949d988c44b2305ad1c4ef0e16982d01db28573df69d4a4e5d0076f5e4,0,0,01b2b575c87ad317bf43fc05134b66aa2feeea6daca7bda15b293c666eb909f5,saved_rule_based,0.39
section_00_source_train_normal_000017,train,source,normal,A,20260901T091827Z-9e9b5b7e30e5dbfd58035596,20260901T091827Z-9e9b5b7e30e5dbfd58035596-dg-ba603bf1a521-000051,1,none,none,slow,normal-slow-1,rear,normal,clipped/audio_event_clean/normal/20260901T091827Z-9e9b5b7e30e5dbfd58035596-dg-ba603bf1a521-000051_ch1.wav,3DPrinter/train/section_00_source_train_normal_000017.wav,fbd8987336942d8c4d4957268b4e1564f6ad06ea8e477e3732871bf99fc1a640,960044,42468000,42948000,0f68fd949d988c44b2305ad1c4ef0e16982d01db28573df69d4a4e5d0076f5e4,0,0,01b2b575c87ad317bf43fc05134b66aa2feeea6daca7bda15b293c666eb909f5,saved_rule_based,0.39
section_00_source_train_normal_000018,train,source,normal,A,20260901T091827Z-9e9b5b7e30e5dbfd58035596,20260901T091827Z-9e9b5b7e30e5dbfd58035596-dg-ba603bf1a521-000054,1,none,none,slow,normal-slow-1,rear,normal,clipped/audio_event_clean/normal/20260901T091827Z-9e9b5b7e30e5dbfd58035596-dg-ba603bf1a521-000054_ch1.wav,3DPrinter/train/section_00_source_train_normal_000018.wav,0675bcffbf459c128222cc97b9e71e530669f59b6560a89287698529af7d512d,960044,43908000,44388000,0f68fd949d988c44b2305ad1c4ef0e16982d01db28573df69d4a4e5d0076f5e4,0,0,01b2b575c87ad317bf43fc05134b66aa2feeea6daca7bda15b293c666eb909f5,saved_rule_based,0.39
section_00_source_train_normal_000019,train,source,normal,A,20260901T091827Z-9e9b5b7e30e5dbfd58035596,20260901T091827Z-9e9b5b7e30e5dbfd58035596-dg-ba603bf1a521-000056,1,none,none,slow,normal-slow-1,rear,normal,clipped/audio_event_clean/normal/20260901T091827Z-9e9b5b7e30e5dbfd58035596-dg-ba603bf1a521-000056_ch1.wav,3DPrinter/train/section_00_source_train_normal_000019.wav,37c49ddbef0546715e5fbe9d385d7bd02671501eae7f7f3a7eb5614315a736a3,960044,44868000,45348000,0f68fd949d988c44b2305ad1c4ef0e16982d01db28573df69d4a4e5d0076f5e4,0,0,01b2b575c87ad317bf43fc05134b66aa2feeea6daca7bda15b293c666eb909f5,saved_rule_based,0.39
section_00_source_train_normal_000020,train,source,normal,A,20260901T091827Z-9e9b5b7e30e5dbfd58035596,20260901T091827Z-9e9b5b7e30e5dbfd58035596-dg-ba603bf1a521-000057,1,none,none,slow,normal-slow-1,rear,normal,clipped/audio_event_clean/normal/20260901T091827Z-9e9b5b7e30e5dbfd58035596-dg-ba603bf1a521-000057_ch1.wav,3DPrinter/train/section_00_source_train_normal_000020.wav,6af888cafacf992c08d1b91f799c9da503546cd2607c06ed53c235a6fa1f6d91,960044,45348000,45828000,0f68fd949d988c44b2305ad1c4ef0e16982d01db28573df69d4a4e5d0076f5e4,0,0,01b2b575c87ad317bf43fc05134b66aa2feeea6daca7bda15b293c666eb909f5,saved_rule_based,0.39
section_00_source_train_normal_000021,train,source,normal,A,20260901T091827Z-9e9b5b7e30e5dbfd58035596,20260901T091827Z-9e9b5b7e30e5dbfd58035596-dg-ba603bf1a521-000058,1,none,none,slow,normal-slow-1,rear,normal,clipped/audio_event_clean/normal/20260901T091827Z-9e9b5b7e30e5dbfd58035596-dg-ba603bf1a521-000058_ch1.wav,3DPrinter/train/section_00_source_train_normal_000021.wav,d3f43d5ff6a516696c3ba6de213704af00712821f82eab6c511e683b8adbcedd,960044,45828000,46308000,0f68fd949d988c44b2305ad1c4ef0e16982d01db28573df69d4a4e5d0076f5e4,0,0,01b2b575c87ad317bf43fc05134b66aa2feeea6daca7bda15b293c666eb909f5,saved_rule_based,0.39
section_00_source_train_normal_000022,train,source,normal,A,20260901T091827Z-9e9b5b7e30e5dbfd58035596,20260901T091827Z-9e9b5b7e30e5dbfd58035596-dg-ba603bf1a521-000060,1,none,none,slow,normal-slow-1,rear,normal,clipped/audio_event_clean/normal/20260901T091827Z-9e9b5b7e30e5dbfd58035596-dg-ba603bf1a521-000060_ch1.wav,3DPrinter/train/section_00_source_train_normal_000022.wav,b34ffabab88782d18441b3804dfc89511cf2cc0f16cf7192821482103a388e70,960044,46788000,47268000,0f68fd949d988c44b2305ad1c4ef0e16982d01db28573df69d4a4e5d0076f5e4,0,0,01b2b575c87ad317bf43fc05134b66aa2feeea6daca7bda15b293c666eb909f5,saved_rule_based,0.39
section_00_source_train_normal_000023,train,source,normal,A,20260901T091827Z-9e9b5b7e30e5dbfd58035596,20260901T091827Z-9e9b5b7e30e5dbfd58035596-dg-ba603bf1a521-000066,1,none,none,slow,normal-slow-1,rear,normal,clipped/audio_event_clean/normal/20260901T091827Z-9e9b5b7e30e5dbfd58035596-dg-ba603bf1a521-000066_ch1.wav,3DPrinter/train/section_00_source_train_normal_000023.wav,ea60f0318ce131088ede712215f8e3dbcf34b71999e17e56986c15532590bde3,960044,49668000,50148000,0f68fd949d988c44b2305ad1c4ef0e16982d01db28573df69d4a4e5d0076f5e4,0,0,01b2b575c87ad317bf43fc05134b66aa2feeea6daca7bda15b293c666eb909f5,saved_rule_based,0.39
section_00_source_train_normal_000024,train,source,normal,A,20260901T091827Z-9e9b5b7e30e5dbfd58035596,20260901T091827Z-9e9b5b7e30e5dbfd58035596-dg-ba603bf1a521-000071,1,none,none,slow,normal-slow-1,rear,normal,clipped/audio_event_clean/normal/20260901T091827Z-9e9b5b7e30e5dbfd58035596-dg-ba603bf1a521-000071_ch1.wav,3DPrinter/train/section_00_source_train_normal_000024.wav,344e3b21cefd458ec02113e4bc6d27153df1daf905bdbd37ab64043f41638111,960044,52068000,52548000,0f68fd949d988c44b2305ad1c4ef0e16982d01db28573df69d4a4e5d0076f5e4,0,0,01b2b575c87ad317bf43fc05134b66aa2feeea6daca7bda15b293c666eb909f5,saved_rule_based,0.39
section_00_source_train_normal_000025,train,source,normal,A,20260901T091827Z-9e9b5b7e30e5dbfd58035596,20260901T091827Z-9e9b5b7e30e5dbfd58035596-dg-ba603bf1a521-000073,1,none,none,slow,normal-slow-1,rear,normal,clipped/audio_event_clean/normal/20260901T091827Z-9e9b5b7e30e5dbfd58035596-dg-ba603bf1a521-000073_ch1.wav,3DPrinter/train/section_00_source_train_normal_000025.wav,c3d451df81b7c492f2c0cceb5702343bbec464fd1cc02e54c3cf6d277ee0b686,960044,53028000,53508000,0f68fd949d988c44b2305ad1c4ef0e16982d01db28573df69d4a4e5d0076f5e4,0,0,01b2b575c87ad317bf43fc05134b66aa2feeea6daca7bda15b293c666eb909f5,saved_rule_based,0.39
section_00_source_train_normal_000026,train,source,normal,A,20260901T091827Z-9e9b5b7e30e5dbfd58035596,20260901T091827Z-9e9b5b7e30e5dbfd58035596-dg-ba603bf1a521-000074,1,none,none,slow,normal-slow-1,rear,normal,clipped/audio_event_clean/normal/20260901T091827Z-9e9b5b7e30e5dbfd58035596-dg-ba603bf1a521-000074_ch1.wav,3DPrinter/train/section_00_source_train_normal_000026.wav,9bb492b31f0a6f090329a278961fa5934e221df4bf269cf478ddd7582f3248e7,960044,53508000,53988000,0f68fd949d988c44b2305ad1c4ef0e16982d01db28573df69d4a4e5d0076f5e4,0,0,01b2b575c87ad317bf43fc05134b66aa2feeea6daca7bda15b293c666eb909f5,saved_rule_based,0.39
section_00_source_train_normal_000027,train,source,normal,A,20260901T091827Z-9e9b5b7e30e5dbfd58035596,20260901T091827Z-9e9b5b7e30e5dbfd58035596-dg-ba603bf1a521-000075,1,none,none,slow,normal-slow-1,rear,normal,clipped/audio_event_clean/normal/20260901T091827Z-9e9b5b7e30e5dbfd58035596-dg-ba603bf1a521-000075_ch1.wav,3DPrinter/train/section_00_source_train_normal_000027.wav,26489cf7ed45c36bed954e3763d12db902b976aa65da385da39ed6071dda7dfc,960044,53988000,54468000,0f68fd949d988c44b2305ad1c4ef0e16982d01db28573df69d4a4e5d0076f5e4,0,0,01b2b575c87ad317bf43fc05134b66aa2feeea6daca7bda15b293c666eb909f5,saved_rule_based,0.39
section_00_source_train_normal_000028,train,source,normal,A,20260901T091827Z-9e9b5b7e30e5dbfd58035596,20260901T091827Z-9e9b5b7e30e5dbfd58035596-dg-ba603bf1a521-000077,1,none,none,slow,normal-slow-1,rear,normal,clipped/audio_event_clean/normal/20260901T091827Z-9e9b5b7e30e5dbfd58035596-dg-ba603bf1a521-000077_ch1.wav,3DPrinter/train/section_00_source_train_normal_000028.wav,97f38e261a9608298185fad0a6275c85d60ae1225e48f63e0485eb3e7986a625,960044,54948000,55428000,0f68fd949d988c44b2305ad1c4ef0e16982d01db28573df69d4a4e5d0076f5e4,0,0,01b2b575c87ad317bf43fc05134b66aa2feeea6daca7bda15b293c666eb909f5,saved_rule_based,0.39
section_00_source_train_normal_000029,train,source,normal,A,20260901T091827Z-9e9b5b7e30e5dbfd58035596,20260901T091827Z-9e9b5b7e30e5dbfd58035596-dg-ba603bf1a521-000079,1,none,none,slow,normal-slow-1,rear,normal,clipped/audio_event_clean/normal/20260901T091827Z-9e9b5b7e30e5dbfd58035596-dg-ba603bf1a521-000079_ch1.wav,3DPrinter/train/section_00_source_train_normal_000029.wav,b6824530595ec680d4d45aa543b2e4f173f8784772b564a47b52daad106ffac2,960044,55908000,56388000,0f68fd949d988c44b2305ad1c4ef0e16982d01db28573df69d4a4e5d0076f5e4,0,0,01b2b575c87ad317bf43fc05134b66aa2feeea6daca7bda15b293c666eb909f5,saved_rule_based,0.39
section_00_source_train_normal_000030,train,source,normal,A,20260901T091827Z-9e9b5b7e30e5dbfd58035596,20260901T091827Z-9e9b5b7e30e5dbfd58035596-dg-ba603bf1a521-000080,1,none,none,slow,normal-slow-1,rear,normal,clipped/audio_event_clean/normal/20260901T091827Z-9e9b5b7e30e5dbfd58035596-dg-ba603bf1a521-000080_ch1.wav,3DPrinter/train/section_00_source_train_normal_000030.wav,5786e61d89971c26577eb7bf1a991345470a8379bc582028f6bf5446cbfa36b4,960044,56388000,56868000,0f68fd949d988c44b2305ad1c4ef0e16982d01db28573df69d4a4e5d0076f5e4,0,0,01b2b575c87ad317bf43fc05134b66aa2feeea6daca7bda15b293c666eb909f5,saved_rule_based,0.39
section_00_source_train_normal_000031,train,source,normal,A,20260901T091827Z-9e9b5b7e30e5dbfd58035596,20260901T091827Z-9e9b5b7e30e5dbfd58035596-dg-ba603bf1a521-000083,1,none,none,slow,normal-slow-1,rear,normal,clipped/audio_event_clean/normal/20260901T091827Z-9e9b5b7e30e5dbfd58035596-dg-ba603bf1a521-000083_ch1.wav,3DPrinter/train/section_00_source_train_normal_000031.wav,b8acc8f96073a42175ff1043ba194f34f56ad518a9e41ccbb72a65afd4ac68b0,960044,57828000,58308000,0f68fd949d988c44b2305ad1c4ef0e16982d01db28573df69d4a4e5d0076f5e4,0,0,01b2b575c87ad317bf43fc05134b66aa2feeea6daca7bda15b293c666eb909f5,saved_rule_based,0.39
section_00_source_train_normal_000032,train,source,normal,A,20260901T091827Z-9e9b5b7e30e5dbfd58035596,20260901T091827Z-9e9b5b7e30e5dbfd58035596-dg-ba603bf1a521-000086,1,none,none,slow,normal-slow-1,rear,normal,clipped/audio_event_clean/normal/20260901T091827Z-9e9b5b7e30e5dbfd58035596-dg-ba603bf1a521-000086_ch1.wav,3DPrinter/train/section_00_source_train_normal_000032.wav,7d4c8e75967fe3328eb7c5c69f0edb21f6c127a4c77786f69deb87880e596040,960044,59268000,59748000,0f68fd949d988c44b2305ad1c4ef0e16982d01db28573df69d4a4e5d0076f5e4,0,0,01b2b575c87ad317bf43fc05134b66aa2feeea6daca7bda15b293c666eb909f5,saved_rule_based,0.39
section_00_source_train_normal_000033,train,source,normal,A,20260901T091827Z-9e9b5b7e30e5dbfd58035596,20260901T091827Z-9e9b5b7e30e5dbfd58035596-dg-ba603bf1a521-000087,1,none,none,slow,normal-slow-1,rear,normal,clipped/audio_event_clean/normal/20260901T091827Z-9e9b5b7e30e5dbfd58035596-dg-ba603bf1a521-000087_ch1.wav,3DPrinter/train/section_00_source_train_normal_000033.wav,1349177d6ab16280c4b142b620001fe97a4b33bf9c29ea961de5f2e368043f34,960044,59748000,60228000,0f68fd949d988c44b2305ad1c4ef0e16982d01db28573df69d4a4e5d0076f5e4,0,0,01b2b575c87ad317bf43fc05134b66aa2feeea6daca7bda15b293c666eb909f5,saved_rule_based,0.39
section_00_source_train_normal_000034,train,source,normal,A,20260901T091827Z-9e9b5b7e30e5dbfd58035596,20260901T091827Z-9e9b5b7e30e5dbfd58035596-dg-ba603bf1a521-000090,1,none,none,slow,normal-slow-1,rear,normal,clipped/audio_event_clean/normal/20260901T091827Z-9e9b5b7e30e5dbfd58035596-dg-ba603bf1a521-000090_ch1.wav,3DPrinter/train/section_00_source_train_normal_000034.wav,8de2abc5cf6476bffbd7419ba180517d1a3e15487e1f4cbbcf5454f0c3489a76,960044,61188000,61668000,0f68fd949d988c44b2305ad1c4ef0e16982d01db28573df69d4a4e5d0076f5e4,0,0,01b2b575c87ad317bf43fc05134b66aa2feeea6daca7bda15b293c666eb909f5,saved_rule_based,0.39
section_00_source_train_normal_000035,train,source,normal,A,20260901T091827Z-9e9b5b7e30e5dbfd58035596,20260901T091827Z-9e9b5b7e30e5dbfd58035596-dg-ba603bf1a521-000092,1,none,none,slow,normal-slow-1,rear,normal,clipped/audio_event_clean/normal/20260901T091827Z-9e9b5b7e30e5dbfd58035596-dg-ba603bf1a521-000092_ch1.wav,3DPrinter/train/section_00_source_train_normal_000035.wav,7e5d56a352516876ed16b839daeb5dc94422468965707f165409131e070e0086,960044,62148000,62628000,0f68fd949d988c44b2305ad1c4ef0e16982d01db28573df69d4a4e5d0076f5e4,0,0,01b2b575c87ad317bf43fc05134b66aa2feeea6daca7bda15b293c666eb909f5,saved_rule_based,0.39
section_00_source_train_normal_000036,train,source,normal,A,20260901T091827Z-9e9b5b7e30e5dbfd58035596,20260901T091827Z-9e9b5b7e30e5dbfd58035596-dg-ba603bf1a521-000094,1,none,none,slow,normal-slow-1,rear,normal,clipped/audio_event_clean/normal/20260901T091827Z-9e9b5b7e30e5dbfd58035596-dg-ba603bf1a521-000094_ch1.wav,3DPrinter/train/section_00_source_train_normal_000036.wav,0c13aef8338e0bf70ad839c1840db5e023dacaa99abff19e0733c9305e2454c4,960044,63108000,63588000,0f68fd949d988c44b2305ad1c4ef0e16982d01db28573df69d4a4e5d0076f5e4,0,0,01b2b575c87ad317bf43fc05134b66aa2feeea6daca7bda15b293c666eb909f5,saved_rule_based,0.39
section_00_source_train_normal_000037,train,source,normal,A,20260901T091827Z-9e9b5b7e30e5dbfd58035596,20260901T091827Z-9e9b5b7e30e5dbfd58035596-dg-ba603bf1a521-000101,1,none,none,slow,normal-slow-1,rear,normal,clipped/audio_event_clean/normal/20260901T091827Z-9e9b5b7e30e5dbfd58035596-dg-ba603bf1a521-000101_ch1.wav,3DPrinter/train/section_00_source_train_normal_000037.wav,5046bf0217e8a00a03339295f61f1724a9c104358840058941bf94494ac295bf,960044,66468000,66948000,0f68fd949d988c44b2305ad1c4ef0e16982d01db28573df69d4a4e5d0076f5e4,0,0,01b2b575c87ad317bf43fc05134b66aa2feeea6daca7bda15b293c666eb909f5,saved_rule_based,0.39
section_00_source_train_normal_000038,train,source,normal,A,20260901T091827Z-9e9b5b7e30e5dbfd58035596,20260901T091827Z-9e9b5b7e30e5dbfd58035596-dg-ba603bf1a521-000104,1,none,none,slow,normal-slow-1,rear,normal,clipped/audio_event_clean/normal/20260901T091827Z-9e9b5b7e30e5dbfd58035596-dg-ba603bf1a521-000104_ch1.wav,3DPrinter/train/section_00_source_train_normal_000038.wav,165163158c544dc015361d6f69bb37f4b949d6d333cb9d5d612f7734a7828c27,960044,67908000,68388000,0f68fd949d988c44b2305ad1c4ef0e16982d01db28573df69d4a4e5d0076f5e4,0,0,01b2b575c87ad317bf43fc05134b66aa2feeea6daca7bda15b293c666eb909f5,saved_rule_based,0.39
section_00_source_train_normal_000039,train,source,normal,A,20260901T091827Z-9e9b5b7e30e5dbfd58035596,20260901T091827Z-9e9b5b7e30e5dbfd58035596-dg-ba603bf1a521-000106,1,none,none,slow,normal-slow-1,rear,normal,clipped/audio_event_clean/normal/20260901T091827Z-9e9b5b7e30e5dbfd58035596-dg-ba603bf1a521-000106_ch1.wav,3DPrinter/train/section_00_source_train_normal_000039.wav,92f3aa1cc23167f5786c415d3b4bcd221089e687db9c9ba0ee2163a52316c4de,960044,68868000,69348000,0f68fd949d988c44b2305ad1c4ef0e16982d01db28573df69d4a4e5d0076f5e4,0,0,01b2b575c87ad317bf43fc05134b66aa2feeea6daca7bda15b293c666eb909f5,saved_rule_based,0.39
section_00_source_train_normal_000040,train,source,normal,A,20260901T091827Z-9e9b5b7e30e5dbfd58035596,20260901T091827Z-9e9b5b7e30e5dbfd58035596-dg-ba603bf1a521-000108,1,none,none,slow,normal-slow-1,rear,normal,clipped/audio_event_clean/normal/20260901T091827Z-9e9b5b7e30e5dbfd58035596-dg-ba603bf1a521-000108_ch1.wav,3DPrinter/train/section_00_source_train_normal_000040.wav,846a3a95d1ed79a2538916006f61404eca5d6953882173d0f8515b0d255a9421,960044,69828000,70308000,0f68fd949d988c44b2305ad1c4ef0e16982d01db28573df69d4a4e5d0076f5e4,0,0,01b2b575c87ad317bf43fc05134b66aa2feeea6daca7bda15b293c666eb909f5,saved_rule_based,0.39
section_00_source_train_normal_000041,train,source,normal,A,20260901T091827Z-9e9b5b7e30e5dbfd58035596,20260901T091827Z-9e9b5b7e30e5dbfd58035596-dg-ba603bf1a521-000110,1,none,none,slow,normal-slow-1,rear,normal,clipped/audio_event_clean/normal/20260901T091827Z-9e9b5b7e30e5dbfd58035596-dg-ba603bf1a521-000110_ch1.wav,3DPrinter/train/section_00_source_train_normal_000041.wav,7cddf788d63b7c83f9f09886be2ebb64bafb6e1134d6d7f25cd2c112930847f4,960044,70788000,71268000,0f68fd949d988c44b2305ad1c4ef0e16982d01db28573df69d4a4e5d0076f5e4,0,0,01b2b575c87ad317bf43fc05134b66aa2feeea6daca7bda15b293c666eb909f5,saved_rule_based,0.39
section_00_source_train_normal_000042,train,source,normal,A,20260901T091827Z-9e9b5b7e30e5dbfd58035596,20260901T091827Z-9e9b5b7e30e5dbfd58035596-dg-ba603bf1a521-000113,1,none,none,slow,normal-slow-1,rear,normal,clipped/audio_event_clean/normal/20260901T091827Z-9e9b5b7e30e5dbfd58035596-dg-ba603bf1a521-000113_ch1.wav,3DPrinter/train/section_00_source_train_normal_000042.wav,2a9a43d6fd6de279a41e0683ed50b5975c4ba6b2a68582a2641c8a784a4bab4b,960044,72228000,72708000,0f68fd949d988c44b2305ad1c4ef0e16982d01db28573df69d4a4e5d0076f5e4,0,0,01b2b575c87ad317bf43fc05134b66aa2feeea6daca7bda15b293c666eb909f5,saved_rule_based,0.39
section_00_source_train_normal_000043,train,source,normal,A,20260901T091827Z-9e9b5b7e30e5dbfd58035596,20260901T091827Z-9e9b5b7e30e5dbfd58035596-dg-ba603bf1a521-000114,1,none,none,slow,normal-slow-1,rear,normal,clipped/audio_event_clean/normal/20260901T091827Z-9e9b5b7e30e5dbfd58035596-dg-ba603bf1a521-000114_ch1.wav,3DPrinter/train/section_00_source_train_normal_000043.wav,7c531d82eaf8f5b6d0108e752d5bed1bfc9ad6240b1eaeaeead8a7487ce033e3,960044,72708000,73188000,0f68fd949d988c44b2305ad1c4ef0e16982d01db28573df69d4a4e5d0076f5e4,0,0,01b2b575c87ad317bf43fc05134b66aa2feeea6daca7bda15b293c666eb909f5,saved_rule_based,0.39
section_00_source_train_normal_000044,train,source,normal,A,20260901T091827Z-9e9b5b7e30e5dbfd58035596,20260901T091827Z-9e9b5b7e30e5dbfd58035596-dg-ba603bf1a521-000115,1,none,none,slow,normal-slow-1,rear,normal,clipped/audio_event_clean/normal/20260901T091827Z-9e9b5b7e30e5dbfd58035596-dg-ba603bf1a521-000115_ch1.wav,3DPrinter/train/section_00_source_train_normal_000044.wav,425aacd70b2a9d468501700fd7a9015e8fd7567fe7bdbea4963320157e5ab6cd,960044,73188000,73668000,0f68fd949d988c44b2305ad1c4ef0e16982d01db28573df69d4a4e5d0076f5e4,0,0,01b2b575c87ad317bf43fc05134b66aa2feeea6daca7bda15b293c666eb909f5,saved_rule_based,0.39
section_00_source_train_normal_000045,train,source,normal,A,20260901T091827Z-9e9b5b7e30e5dbfd58035596,20260901T091827Z-9e9b5b7e30e5dbfd58035596-dg-ba603bf1a521-000124,1,none,none,slow,normal-slow-1,rear,normal,clipped/audio_event_clean/normal/20260901T091827Z-9e9b5b7e30e5dbfd58035596-dg-ba603bf1a521-000124_ch1.wav,3DPrinter/train/section_00_source_train_normal_000045.wav,53e9c8fb7b13484ebe7f6d3b78e21bf669ecb7abae0fd2ef080e66e3c866fda6,960044,77508000,77988000,0f68fd949d988c44b2305ad1c4ef0e16982d01db28573df69d4a4e5d0076f5e4,0,0,01b2b575c87ad317bf43fc05134b66aa2feeea6daca7bda15b293c666eb909f5,saved_rule_based,0.39
section_00_source_train_normal_000046,train,source,normal,A,20260901T091827Z-9e9b5b7e30e5dbfd58035596,20260901T091827Z-9e9b5b7e30e5dbfd58035596-dg-ba603bf1a521-000126,1,none,none,slow,normal-slow-1,rear,normal,clipped/audio_event_clean/normal/20260901T091827Z-9e9b5b7e30e5dbfd58035596-dg-ba603bf1a521-000126_ch1.wav,3DPrinter/train/section_00_source_train_normal_000046.wav,82336394debd505372d75b52429af123b31e0230aac87b6afda46541b5d43672,960044,78468000,78948000,0f68fd949d988c44b2305ad1c4ef0e16982d01db28573df69d4a4e5d0076f5e4,0,0,01b2b575c87ad317bf43fc05134b66aa2feeea6daca7bda15b293c666eb909f5,saved_rule_based,0.39
section_00_source_train_normal_000047,train,source,normal,A,20260901T091827Z-9e9b5b7e30e5dbfd58035596,20260901T091827Z-9e9b5b7e30e5dbfd58035596-dg-ba603bf1a521-000127,1,none,none,slow,normal-slow-1,rear,normal,clipped/audio_event_clean/normal/20260901T091827Z-9e9b5b7e30e5dbfd58035596-dg-ba603bf1a521-000127_ch1.wav,3DPrinter/train/section_00_source_train_normal_000047.wav,fc84208b95e59a9b624d89f192b2270198c6101d3f4256fee77f2cb94e0bc344,960044,78948000,79428000,0f68fd949d988c44b2305ad1c4ef0e16982d01db28573df69d4a4e5d0076f5e4,0,0,01b2b575c87ad317bf43fc05134b66aa2feeea6daca7bda15b293c666eb909f5,saved_rule_based,0.39
section_00_source_train_normal_000048,train,source,normal,A,20260901T091827Z-9e9b5b7e30e5dbfd58035596,20260901T091827Z-9e9b5b7e30e5dbfd58035596-dg-ba603bf1a521-000128,1,none,none,slow,normal-slow-1,rear,normal,clipped/audio_event_clean/normal/20260901T091827Z-9e9b5b7e30e5dbfd58035596-dg-ba603bf1a521-000128_ch1.wav,3DPrinter/train/section_00_source_train_normal_000048.wav,c4fda29c8567d4e172d417a5ea9d2e86aabb94802e895d57fbcd9710b63cfcec,960044,79428000,79908000,0f68fd949d988c44b2305ad1c4ef0e16982d01db28573df69d4a4e5d0076f5e4,0,0,01b2b575c87ad317bf43fc05134b66aa2feeea6daca7bda15b293c666eb909f5,saved_rule_based,0.39
section_00_source_train_normal_000049,train,source,normal,A,20260901T091827Z-9e9b5b7e30e5dbfd58035596,20260901T091827Z-9e9b5b7e30e5dbfd58035596-dg-ba603bf1a521-000129,1,none,none,slow,normal-slow-1,rear,normal,clipped/audio_event_clean/normal/20260901T091827Z-9e9b5b7e30e5dbfd58035596-dg-ba603bf1a521-000129_ch1.wav,3DPrinter/train/section_00_source_train_normal_000049.wav,4373374da61e21efda0e2b980cff9dee1149880baf0fa74468e21b8afca53730,960044,79908000,80388000,0f68fd949d988c44b2305ad1c4ef0e16982d01db28573df69d4a4e5d0076f5e4,0,0,01b2b575c87ad317bf43fc05134b66aa2feeea6daca7bda15b293c666eb909f5,saved_rule_based,0.39
section_00_source_train_normal_000050,train,source,normal,A,20260901T091827Z-9e9b5b7e30e5dbfd58035596,20260901T091827Z-9e9b5b7e30e5dbfd58035596-dg-ba603bf1a521-000131,1,none,none,slow,normal-slow-1,rear,normal,clipped/audio_event_clean/normal/20260901T091827Z-9e9b5b7e30e5dbfd58035596-dg-ba603bf1a521-000131_ch1.wav,3DPrinter/train/section_00_source_train_normal_000050.wav,25de93faea6c3bafc61326fe3d9c0372893ffc0a61379653b188ec7919ed4344,960044,80868000,81348000,0f68fd949d988c44b2305ad1c4ef0e16982d01db28573df69d4a4e5d0076f5e4,0,0,01b2b575c87ad317bf43fc05134b66aa2feeea6daca7bda15b293c666eb909f5,saved_rule_based,0.39
section_00_source_train_normal_000051,train,source,normal,A,20260901T091827Z-9e9b5b7e30e5dbfd58035596,20260901T091827Z-9e9b5b7e30e5dbfd58035596-dg-ba603bf1a521-000132,1,none,none,slow,normal-slow-1,rear,normal,clipped/audio_event_clean/normal/20260901T091827Z-9e9b5b7e30e5dbfd58035596-dg-ba603bf1a521-000132_ch1.wav,3DPrinter/train/section_00_source_train_normal_000051.wav,c64106fb7503da85d165d118c0332f92e784413a41e64ecb801ea4abfc9ab8e4,960044,81348000,81828000,0f68fd949d988c44b2305ad1c4ef0e16982d01db28573df69d4a4e5d0076f5e4,0,0,01b2b575c87ad317bf43fc05134b66aa2feeea6daca7bda15b293c666eb909f5,saved_rule_based,0.39
section_00_source_train_normal_000052,train,source,normal,A,20260901T091827Z-9e9b5b7e30e5dbfd58035596,20260901T091827Z-9e9b5b7e30e5dbfd58035596-dg-ba603bf1a521-000134,1,none,none,slow,normal-slow-1,rear,normal,clipped/audio_event_clean/normal/20260901T091827Z-9e9b5b7e30e5dbfd58035596-dg-ba603bf1a521-000134_ch1.wav,3DPrinter/train/section_00_source_train_normal_000052.wav,e7c65c7dcba66522eeae325d5beb1ea23d8109eaf91ba7542a88e64c1ed837f3,960044,82308000,82788000,0f68fd949d988c44b2305ad1c4ef0e16982d01db28573df69d4a4e5d0076f5e4,0,0,01b2b575c87ad317bf43fc05134b66aa2feeea6daca7bda15b293c666eb909f5,saved_rule_based,0.39
section_00_source_train_normal_000053,train,source,normal,A,20260901T091827Z-9e9b5b7e30e5dbfd58035596,20260901T091827Z-9e9b5b7e30e5dbfd58035596-dg-ba603bf1a521-000136,1,none,none,slow,normal-slow-1,rear,normal,clipped/audio_event_clean/normal/20260901T091827Z-9e9b5b7e30e5dbfd58035596-dg-ba603bf1a521-000136_ch1.wav,3DPrinter/train/section_00_source_train_normal_000053.wav,fc7b5b830fc741223056d28a3c3832820568f40f312871aead5320d9d93a4f42,960044,83268000,83748000,0f68fd949d988c44b2305ad1c4ef0e16982d01db28573df69d4a4e5d0076f5e4,0,0,01b2b575c87ad317bf43fc05134b66aa2feeea6daca7bda15b293c666eb909f5,saved_rule_based,0.39
section_00_source_train_normal_000054,train,source,normal,A,20260901T091827Z-9e9b5b7e30e5dbfd58035596,20260901T091827Z-9e9b5b7e30e5dbfd58035596-dg-ba603bf1a521-000137,1,none,none,slow,normal-slow-1,rear,normal,clipped/audio_event_clean/normal/20260901T091827Z-9e9b5b7e30e5dbfd58035596-dg-ba603bf1a521-000137_ch1.wav,3DPrinter/train/section_00_source_train_normal_000054.wav,1c91a47ec59a22c226f1778f583d05a0b42b1a95cfc1fcb706c97ad38849a983,960044,83748000,84228000,0f68fd949d988c44b2305ad1c4ef0e16982d01db28573df69d4a4e5d0076f5e4,0,0,01b2b575c87ad317bf43fc05134b66aa2feeea6daca7bda15b293c666eb909f5,saved_rule_based,0.39
section_00_source_train_normal_000055,train,source,normal,A,20260901T091827Z-9e9b5b7e30e5dbfd58035596,20260901T091827Z-9e9b5b7e30e5dbfd58035596-dg-ba603bf1a521-000138,1,none,none,slow,normal-slow-1,rear,normal,clipped/audio_event_clean/normal/20260901T091827Z-9e9b5b7e30e5dbfd58035596-dg-ba603bf1a521-000138_ch1.wav,3DPrinter/train/section_00_source_train_normal_000055.wav,8fdf0fc91060b5ff6d581858484b01bdefb0c152cf4471e796dd04bd32917e14,960044,84228000,84708000,0f68fd949d988c44b2305ad1c4ef0e16982d01db28573df69d4a4e5d0076f5e4,0,0,01b2b575c87ad317bf43fc05134b66aa2feeea6daca7bda15b293c666eb909f5,saved_rule_based,0.39
section_00_source_train_normal_000056,train,source,normal,A,20260901T091827Z-9e9b5b7e30e5dbfd58035596,20260901T091827Z-9e9b5b7e30e5dbfd58035596-dg-ba603bf1a521-000140,1,none,none,slow,normal-slow-1,rear,normal,clipped/audio_event_clean/normal/20260901T091827Z-9e9b5b7e30e5dbfd58035596-dg-ba603bf1a521-000140_ch1.wav,3DPrinter/train/section_00_source_train_normal_000056.wav,1b0e7d8b0d7fb2cb37c49088cd3031baff64435267c6c38f06fb74f78189aa5b,960044,85188000,85668000,0f68fd949d988c44b2305ad1c4ef0e16982d01db28573df69d4a4e5d0076f5e4,0,0,01b2b575c87ad317bf43fc05134b66aa2feeea6daca7bda15b293c666eb909f5,saved_rule_based,0.39
section_00_source_train_normal_000057,train,source,normal,A,20260901T091827Z-9e9b5b7e30e5dbfd58035596,20260901T091827Z-9e9b5b7e30e5dbfd58035596-dg-ba603bf1a521-000145,1,none,none,slow,normal-slow-1,rear,normal,clipped/audio_event_clean/normal/20260901T091827Z-9e9b5b7e30e5dbfd58035596-dg-ba603bf1a521-000145_ch1.wav,3DPrinter/train/section_00_source_train_normal_000057.wav,42450fdba8f045c95e7a9aa94620f525e40ee5b5a9c08367a643306e1f44476e,960044,87588000,88068000,0f68fd949d988c44b2305ad1c4ef0e16982d01db28573df69d4a4e5d0076f5e4,0,0,01b2b575c87ad317bf43fc05134b66aa2feeea6daca7bda15b293c666eb909f5,saved_rule_based,0.39
section_00_source_train_normal_000058,train,source,normal,A,20260901T091827Z-9e9b5b7e30e5dbfd58035596,20260901T091827Z-9e9b5b7e30e5dbfd58035596-dg-ba603bf1a521-000146,1,none,none,slow,normal-slow-1,rear,normal,clipped/audio_event_clean/normal/20260901T091827Z-9e9b5b7e30e5dbfd58035596-dg-ba603bf1a521-000146_ch1.wav,3DPrinter/train/section_00_source_train_normal_000058.wav,ee2b68442e0015412e2ec651d40faf9795cb3e66eaefce04b2d0e5f8e38bbe23,960044,88068000,88548000,0f68fd949d988c44b2305ad1c4ef0e16982d01db28573df69d4a4e5d0076f5e4,0,0,01b2b575c87ad317bf43fc05134b66aa2feeea6daca7bda15b293c666eb909f5,saved_rule_based,0.39
section_00_source_train_normal_000059,train,source,normal,A,20260901T091827Z-9e9b5b7e30e5dbfd58035596,20260901T091827Z-9e9b5b7e30e5dbfd58035596-dg-ba603bf1a521-000154,1,none,none,slow,normal-slow-1,rear,normal,clipped/audio_event_clean/normal/20260901T091827Z-9e9b5b7e30e5dbfd58035596-dg-ba603bf1a521-000154_ch1.wav,3DPrinter/train/section_00_source_train_normal_000059.wav,551950094da51a11d92b972aa3a5003ca5ec64a21771977d812cb6c870c057c3,960044,91908000,92388000,0f68fd949d988c44b2305ad1c4ef0e16982d01db28573df69d4a4e5d0076f5e4,0,0,01b2b575c87ad317bf43fc05134b66aa2feeea6daca7bda15b293c666eb909f5,saved_rule_based,0.39
section_00_source_train_normal_000060,train,source,normal,A,20260901T091827Z-9e9b5b7e30e5dbfd58035596,20260901T091827Z-9e9b5b7e30e5dbfd58035596-dg-ba603bf1a521-000155,1,none,none,slow,normal-slow-1,rear,normal,clipped/audio_event_clean/normal/20260901T091827Z-9e9b5b7e30e5dbfd58035596-dg-ba603bf1a521-000155_ch1.wav,3DPrinter/train/section_00_source_train_normal_000060.wav,5a3c15d5fe2f2444ac59ec5e51a8de0c3e190d61ce5e5c15313ceb53f25e346a,960044,92388000,92868000,0f68fd949d988c44b2305ad1c4ef0e16982d01db28573df69d4a4e5d0076f5e4,0,0,01b2b575c87ad317bf43fc05134b66aa2feeea6daca7bda15b293c666eb909f5,saved_rule_based,0.39
section_00_source_train_normal_000061,train,source,normal,A,20260901T091827Z-9e9b5b7e30e5dbfd58035596,20260901T091827Z-9e9b5b7e30e5dbfd58035596-dg-ba603bf1a521-000157,1,none,none,slow,normal-slow-1,rear,normal,clipped/audio_event_clean/normal/20260901T091827Z-9e9b5b7e30e5dbfd58035596-dg-ba603bf1a521-000157_ch1.wav,3DPrinter/train/section_00_source_train_normal_000061.wav,3aa045b51379e815bc983c3880b7c7c317f183d041c86ca202a5296e6eae53da,960044,93348000,93828000,0f68fd949d988c44b2305ad1c4ef0e16982d01db28573df69d4a4e5d0076f5e4,0,0,01b2b575c87ad317bf43fc05134b66aa2feeea6daca7bda15b293c666eb909f5,saved_rule_based,0.39
section_00_source_train_normal_000062,train,source,normal,A,20260901T091827Z-9e9b5b7e30e5dbfd58035596,20260901T091827Z-9e9b5b7e30e5dbfd58035596-dg-ba603bf1a521-000159,1,none,none,slow,normal-slow-1,rear,normal,clipped/audio_event_clean/normal/20260901T091827Z-9e9b5b7e30e5dbfd58035596-dg-ba603bf1a521-000159_ch1.wav,3DPrinter/train/section_00_source_train_normal_000062.wav,4def7de5a83f0860cef407e4234e7529bf03c799d8e3ce76a6eb87e94eb91942,960044,94308000,94788000,0f68fd949d988c44b2305ad1c4ef0e16982d01db28573df69d4a4e5d0076f5e4,0,0,01b2b575c87ad317bf43fc05134b66aa2feeea6daca7bda15b293c666eb909f5,saved_rule_based,0.39
section_00_source_train_normal_000063,train,source,normal,A,20260901T091827Z-9e9b5b7e30e5dbfd58035596,20260901T091827Z-9e9b5b7e30e5dbfd58035596-dg-ba603bf1a521-000161,1,none,none,slow,normal-slow-1,rear,normal,clipped/audio_event_clean/normal/20260901T091827Z-9e9b5b7e30e5dbfd58035596-dg-ba603bf1a521-000161_ch1.wav,3DPrinter/train/section_00_source_train_normal_000063.wav,255db3d565751bdd552925a61b759c898a56bb76352dbd26ca2e75d65142a992,960044,95268000,95748000,0f68fd949d988c44b2305ad1c4ef0e16982d01db28573df69d4a4e5d0076f5e4,0,0,01b2b575c87ad317bf43fc05134b66aa2feeea6daca7bda15b293c666eb909f5,saved_rule_based,0.39
section_00_source_train_normal_000064,train,source,normal,A,20260901T091827Z-9e9b5b7e30e5dbfd58035596,20260901T091827Z-9e9b5b7e30e5dbfd58035596-dg-ba603bf1a521-000162,1,none,none,slow,normal-slow-1,rear,normal,clipped/audio_event_clean/normal/20260901T091827Z-9e9b5b7e30e5dbfd58035596-dg-ba603bf1a521-000162_ch1.wav,3DPrinter/train/section_00_source_train_normal_000064.wav,9a8f7eb64d046970eedf1b9c1785953953c29d5c3ddd697cf51c2d67a9ae9718,960044,95748000,96228000,0f68fd949d988c44b2305ad1c4ef0e16982d01db28573df69d4a4e5d0076f5e4,0,0,01b2b575c87ad317bf43fc05134b66aa2feeea6daca7bda15b293c666eb909f5,saved_rule_based,0.39
section_00_source_train_normal_000065,train,source,normal,A,20260901T091827Z-9e9b5b7e30e5dbfd58035596,20260901T091827Z-9e9b5b7e30e5dbfd58035596-dg-ba603bf1a521-000168,1,none,none,slow,normal-slow-1,rear,normal,clipped/audio_event_clean/normal/20260901T091827Z-9e9b5b7e30e5dbfd58035596-dg-ba603bf1a521-000168_ch1.wav,3DPrinter/train/section_00_source_train_normal_000065.wav,f87de3e4231bcc2a1afce400025ee071da539c5f8313f616fe65092bb230ab52,960044,98628000,99108000,0f68fd949d988c44b2305ad1c4ef0e16982d01db28573df69d4a4e5d0076f5e4,0,0,01b2b575c87ad317bf43fc05134b66aa2feeea6daca7bda15b293c666eb909f5,saved_rule_based,0.39
section_00_source_train_normal_000066,train,source,normal,A,20260901T091827Z-9e9b5b7e30e5dbfd58035596,20260901T091827Z-9e9b5b7e30e5dbfd58035596-dg-ba603bf1a521-000170,1,none,none,slow,normal-slow-1,rear,normal,clipped/audio_event_clean/normal/20260901T091827Z-9e9b5b7e30e5dbfd58035596-dg-ba603bf1a521-000170_ch1.wav,3DPrinter/train/section_00_source_train_normal_000066.wav,ce7b2a8c2907882d5663d0d3844af3fd8e534f1db3e80ef0c7545907fbd0e1a2,960044,99588000,100068000,0f68fd949d988c44b2305ad1c4ef0e16982d01db28573df69d4a4e5d0076f5e4,0,0,01b2b575c87ad317bf43fc05134b66aa2feeea6daca7bda15b293c666eb909f5,saved_rule_based,0.39
section_00_source_train_normal_000067,train,source,normal,A,20260901T091827Z-9e9b5b7e30e5dbfd58035596,20260901T091827Z-9e9b5b7e30e5dbfd58035596-dg-ba603bf1a521-000171,1,none,none,slow,normal-slow-1,rear,normal,clipped/audio_event_clean/normal/20260901T091827Z-9e9b5b7e30e5dbfd58035596-dg-ba603bf1a521-000171_ch1.wav,3DPrinter/train/section_00_source_train_normal_000067.wav,21c6e8d281c7b292036f4f0e0b8ab6d882f144f31d1a60e703e20648217f70e0,960044,100068000,100548000,0f68fd949d988c44b2305ad1c4ef0e16982d01db28573df69d4a4e5d0076f5e4,0,0,01b2b575c87ad317bf43fc05134b66aa2feeea6daca7bda15b293c666eb909f5,saved_rule_based,0.39
section_00_source_train_normal_000068,train,source,normal,A,20260901T091827Z-9e9b5b7e30e5dbfd58035596,20260901T091827Z-9e9b5b7e30e5dbfd58035596-dg-ba603bf1a521-000172,1,none,none,slow,normal-slow-1,rear,normal,clipped/audio_event_clean/normal/20260901T091827Z-9e9b5b7e30e5dbfd58035596-dg-ba603bf1a521-000172_ch1.wav,3DPrinter/train/section_00_source_train_normal_000068.wav,f25060696cd1f924254e9decea9401e34d487749039d3a5596068378560a8831,960044,100548000,101028000,0f68fd949d988c44b2305ad1c4ef0e16982d01db28573df69d4a4e5d0076f5e4,0,0,01b2b575c87ad317bf43fc05134b66aa2feeea6daca7bda15b293c666eb909f5,saved_rule_based,0.39
section_00_source_train_normal_000069,train,source,normal,A,20260901T091827Z-9e9b5b7e30e5dbfd58035596,20260901T091827Z-9e9b5b7e30e5dbfd58035596-dg-ba603bf1a521-000178,1,none,none,slow,normal-slow-1,rear,normal,clipped/audio_event_clean/normal/20260901T091827Z-9e9b5b7e30e5dbfd58035596-dg-ba603bf1a521-000178_ch1.wav,3DPrinter/train/section_00_source_train_normal_000069.wav,a2207d9a519f7c8ccf7d9830e462a3e00b6f985b8cbe2f9f9c0db1e78d303921,960044,103428000,103908000,0f68fd949d988c44b2305ad1c4ef0e16982d01db28573df69d4a4e5d0076f5e4,0,0,01b2b575c87ad317bf43fc05134b66aa2feeea6daca7bda15b293c666eb909f5,saved_rule_based,0.39
section_00_source_train_normal_000070,train,source,normal,A,20260901T091827Z-9e9b5b7e30e5dbfd58035596,20260901T091827Z-9e9b5b7e30e5dbfd58035596-dg-ba603bf1a521-000179,1,none,none,slow,normal-slow-1,rear,normal,clipped/audio_event_clean/normal/20260901T091827Z-9e9b5b7e30e5dbfd58035596-dg-ba603bf1a521-000179_ch1.wav,3DPrinter/train/section_00_source_train_normal_000070.wav,cdd414cd54ab9bec1b339e426cd26852fa7255f51f0724a0da2533c4b60059b0,960044,103908000,104388000,0f68fd949d988c44b2305ad1c4ef0e16982d01db28573df69d4a4e5d0076f5e4,0,0,01b2b575c87ad317bf43fc05134b66aa2feeea6daca7bda15b293c666eb909f5,saved_rule_based,0.39
section_00_source_train_normal_000071,train,source,normal,A,20260901T091827Z-9e9b5b7e30e5dbfd58035596,20260901T091827Z-9e9b5b7e30e5dbfd58035596-dg-ba603bf1a521-000182,1,none,none,slow,normal-slow-1,rear,normal,clipped/audio_event_clean/normal/20260901T091827Z-9e9b5b7e30e5dbfd58035596-dg-ba603bf1a521-000182_ch1.wav,3DPrinter/train/section_00_source_train_normal_000071.wav,20577e16ac2ff5e2cf20e149ff7576f8b09e33ec292a4292bfd0b3c9dcda89fb,960044,105348000,105828000,0f68fd949d988c44b2305ad1c4ef0e16982d01db28573df69d4a4e5d0076f5e4,0,0,01b2b575c87ad317bf43fc05134b66aa2feeea6daca7bda15b293c666eb909f5,saved_rule_based,0.39
section_00_source_train_normal_000072,train,source,normal,A,20260901T091827Z-9e9b5b7e30e5dbfd58035596,20260901T091827Z-9e9b5b7e30e5dbfd58035596-dg-ba603bf1a521-000183,1,none,none,slow,normal-slow-1,rear,normal,clipped/audio_event_clean/normal/20260901T091827Z-9e9b5b7e30e5dbfd58035596-dg-ba603bf1a521-000183_ch1.wav,3DPrinter/train/section_00_source_train_normal_000072.wav,da938b717224b286eb2494239420619da94945fd3cd4a74119c92dc0af37e2f4,960044,105828000,106308000,0f68fd949d988c44b2305ad1c4ef0e16982d01db28573df69d4a4e5d0076f5e4,0,0,01b2b575c87ad317bf43fc05134b66aa2feeea6daca7bda15b293c666eb909f5,saved_rule_based,0.39
section_00_source_train_normal_000073,train,source,normal,A,20260901T091827Z-9e9b5b7e30e5dbfd58035596,20260901T091827Z-9e9b5b7e30e5dbfd58035596-dg-ba603bf1a521-000185,1,none,none,slow,normal-slow-1,rear,normal,clipped/audio_event_clean/normal/20260901T091827Z-9e9b5b7e30e5dbfd58035596-dg-ba603bf1a521-000185_ch1.wav,3DPrinter/train/section_00_source_train_normal_000073.wav,a257e3f70cc1948ab3f94d2588d076525a575f72a6b85dbcdda83916e8b27cc6,960044,106788000,107268000,0f68fd949d988c44b2305ad1c4ef0e16982d01db28573df69d4a4e5d0076f5e4,0,0,01b2b575c87ad317bf43fc05134b66aa2feeea6daca7bda15b293c666eb909f5,saved_rule_based,0.39
section_00_source_train_normal_000074,train,source,normal,A,20260901T091827Z-9e9b5b7e30e5dbfd58035596,20260901T091827Z-9e9b5b7e30e5dbfd58035596-dg-ba603bf1a521-000188,1,none,none,slow,normal-slow-1,rear,normal,clipped/audio_event_clean/normal/20260901T091827Z-9e9b5b7e30e5dbfd58035596-dg-ba603bf1a521-000188_ch1.wav,3DPrinter/train/section_00_source_train_normal_000074.wav,41b23d38ecff023c12d10eb0f0bca5771209de9af30c11fdd71cb459ea9af9d3,960044,108228000,108708000,0f68fd949d988c44b2305ad1c4ef0e16982d01db28573df69d4a4e5d0076f5e4,0,0,01b2b575c87ad317bf43fc05134b66aa2feeea6daca7bda15b293c666eb909f5,saved_rule_based,0.39
section_00_source_train_normal_000075,train,source,normal,A,20260901T091827Z-9e9b5b7e30e5dbfd58035596,20260901T091827Z-9e9b5b7e30e5dbfd58035596-dg-ba603bf1a521-000189,1,none,none,slow,normal-slow-1,rear,normal,clipped/audio_event_clean/normal/20260901T091827Z-9e9b5b7e30e5dbfd58035596-dg-ba603bf1a521-000189_ch1.wav,3DPrinter/train/section_00_source_train_normal_000075.wav,728794c56bd05392b7fb27b93a9fdc8e1b7d49f228f1ee53b6ebcf9409a51b13,960044,108708000,109188000,0f68fd949d988c44b2305ad1c4ef0e16982d01db28573df69d4a4e5d0076f5e4,0,0,01b2b575c87ad317bf43fc05134b66aa2feeea6daca7bda15b293c666eb909f5,saved_rule_based,0.39
section_00_source_train_normal_000076,train,source,normal,A,20260901T091827Z-9e9b5b7e30e5dbfd58035596,20260901T091827Z-9e9b5b7e30e5dbfd58035596-dg-ba603bf1a521-000191,1,none,none,slow,normal-slow-1,rear,normal,clipped/audio_event_clean/normal/20260901T091827Z-9e9b5b7e30e5dbfd58035596-dg-ba603bf1a521-000191_ch1.wav,3DPrinter/train/section_00_source_train_normal_000076.wav,942acc0a1bc1e16cede776ac06de9da2bec4003848e2c6640ce8a798ef3c141c,960044,109668000,110148000,0f68fd949d988c44b2305ad1c4ef0e16982d01db28573df69d4a4e5d0076f5e4,0,0,01b2b575c87ad317bf43fc05134b66aa2feeea6daca7bda15b293c666eb909f5,saved_rule_based,0.39
section_00_source_train_normal_000077,train,source,normal,A,20260901T091827Z-9e9b5b7e30e5dbfd58035596,20260901T091827Z-9e9b5b7e30e5dbfd58035596-dg-ba603bf1a521-000193,1,none,none,slow,normal-slow-1,rear,normal,clipped/audio_event_clean/normal/20260901T091827Z-9e9b5b7e30e5dbfd58035596-dg-ba603bf1a521-000193_ch1.wav,3DPrinter/train/section_00_source_train_normal_000077.wav,c271c77b50070fa7792a5a21d80ea0f325fab112e80d658d103abbed1438fb54,960044,110628000,111108000,0f68fd949d988c44b2305ad1c4ef0e16982d01db28573df69d4a4e5d0076f5e4,0,0,01b2b575c87ad317bf43fc05134b66aa2feeea6daca7bda15b293c666eb909f5,saved_rule_based,0.39
section_00_source_train_normal_000078,train,source,normal,A,20260901T091827Z-9e9b5b7e30e5dbfd58035596,20260901T091827Z-9e9b5b7e30e5dbfd58035596-dg-ba603bf1a521-000194,1,none,none,slow,normal-slow-1,rear,normal,clipped/audio_event_clean/normal/20260901T091827Z-9e9b5b7e30e5dbfd58035596-dg-ba603bf1a521-000194_ch1.wav,3DPrinter/train/section_00_source_train_normal_000078.wav,6c97f1cfdffdc49fa8c1835c87b5512d03625168f7ad9e6661f1bdd63baabe29,960044,111108000,111588000,0f68fd949d988c44b2305ad1c4ef0e16982d01db28573df69d4a4e5d0076f5e4,0,0,01b2b575c87ad317bf43fc05134b66aa2feeea6daca7bda15b293c666eb909f5,saved_rule_based,0.39
section_00_source_train_normal_000079,train,source,normal,A,20260901T091827Z-9e9b5b7e30e5dbfd58035596,20260901T091827Z-9e9b5b7e30e5dbfd58035596-dg-ba603bf1a521-000195,1,none,none,slow,normal-slow-1,rear,normal,clipped/audio_event_clean/normal/20260901T091827Z-9e9b5b7e30e5dbfd58035596-dg-ba603bf1a521-000195_ch1.wav,3DPrinter/train/section_00_source_train_normal_000079.wav,7c20a2c8637be77d1782fbceb3181ad758145c96fe2737a6dfd0ef335193f794,960044,111588000,112068000,0f68fd949d988c44b2305ad1c4ef0e16982d01db28573df69d4a4e5d0076f5e4,0,0,01b2b575c87ad317bf43fc05134b66aa2feeea6daca7bda15b293c666eb909f5,saved_rule_based,0.39
section_00_source_train_normal_000080,train,source,normal,A,20260901T091827Z-9e9b5b7e30e5dbfd58035596,20260901T091827Z-9e9b5b7e30e5dbfd58035596-dg-ba603bf1a521-000202,1,none,none,slow,normal-slow-1,rear,normal,clipped/audio_event_clean/normal/20260901T091827Z-9e9b5b7e30e5dbfd58035596-dg-ba603bf1a521-000202_ch1.wav,3DPrinter/train/section_00_source_train_normal_000080.wav,6f38620064c6346679bf3c6ee695ac428ad805ac50f435bc54f34289ea7e0cb6,960044,114948000,115428000,0f68fd949d988c44b2305ad1c4ef0e16982d01db28573df69d4a4e5d0076f5e4,0,0,01b2b575c87ad317bf43fc05134b66aa2feeea6daca7bda15b293c666eb909f5,saved_rule_based,0.39
section_00_source_train_normal_000081,train,source,normal,A,20260901T091827Z-9e9b5b7e30e5dbfd58035596,20260901T091827Z-9e9b5b7e30e5dbfd58035596-dg-ba603bf1a521-000210,1,none,none,slow,normal-slow-1,rear,normal,clipped/audio_event_clean/normal/20260901T091827Z-9e9b5b7e30e5dbfd58035596-dg-ba603bf1a521-000210_ch1.wav,3DPrinter/train/section_00_source_train_normal_000081.wav,09f256872217eee6ccaf8ec587b33493298246e2f865817f6ebeea7608a1df61,960044,118788000,119268000,0f68fd949d988c44b2305ad1c4ef0e16982d01db28573df69d4a4e5d0076f5e4,0,0,01b2b575c87ad317bf43fc05134b66aa2feeea6daca7bda15b293c666eb909f5,saved_rule_based,0.39
section_00_source_train_normal_000082,train,source,normal,A,20260901T091827Z-9e9b5b7e30e5dbfd58035596,20260901T091827Z-9e9b5b7e30e5dbfd58035596-dg-ba603bf1a521-000211,1,none,none,slow,normal-slow-1,rear,normal,clipped/audio_event_clean/normal/20260901T091827Z-9e9b5b7e30e5dbfd58035596-dg-ba603bf1a521-000211_ch1.wav,3DPrinter/train/section_00_source_train_normal_000082.wav,35c0f9ef719b827ef1c63c5ee5563d422c4538db14233c4b706f5df5f3f27cc4,960044,119268000,119748000,0f68fd949d988c44b2305ad1c4ef0e16982d01db28573df69d4a4e5d0076f5e4,0,0,01b2b575c87ad317bf43fc05134b66aa2feeea6daca7bda15b293c666eb909f5,saved_rule_based,0.39
section_00_source_train_normal_000083,train,source,normal,A,20260901T091827Z-9e9b5b7e30e5dbfd58035596,20260901T091827Z-9e9b5b7e30e5dbfd58035596-dg-ba603bf1a521-000212,1,none,none,slow,normal-slow-1,rear,normal,clipped/audio_event_clean/normal/20260901T091827Z-9e9b5b7e30e5dbfd58035596-dg-ba603bf1a521-000212_ch1.wav,3DPrinter/train/section_00_source_train_normal_000083.wav,e53f5da9bc08b9f8ce866461844d416dcf68f719f075328ff9bee700207e4315,960044,119748000,120228000,0f68fd949d988c44b2305ad1c4ef0e16982d01db28573df69d4a4e5d0076f5e4,0,0,01b2b575c87ad317bf43fc05134b66aa2feeea6daca7bda15b293c666eb909f5,saved_rule_based,0.39
section_00_source_train_normal_000084,train,source,normal,A,20260901T091827Z-9e9b5b7e30e5dbfd58035596,20260901T091827Z-9e9b5b7e30e5dbfd58035596-dg-ba603bf1a521-000214,1,none,none,slow,normal-slow-1,rear,normal,clipped/audio_event_clean/normal/20260901T091827Z-9e9b5b7e30e5dbfd58035596-dg-ba603bf1a521-000214_ch1.wav,3DPrinter/train/section_00_source_train_normal_000084.wav,1c923cd3904154e4c49fbd60ea7cfa0e32fff7a7fe1909bf51584f676ba0fa33,960044,120708000,121188000,0f68fd949d988c44b2305ad1c4ef0e16982d01db28573df69d4a4e5d0076f5e4,0,0,01b2b575c87ad317bf43fc05134b66aa2feeea6daca7bda15b293c666eb909f5,saved_rule_based,0.39
section_00_source_train_normal_000085,train,source,normal,A,20260901T091827Z-9e9b5b7e30e5dbfd58035596,20260901T091827Z-9e9b5b7e30e5dbfd58035596-dg-ba603bf1a521-000216,1,none,none,slow,normal-slow-1,rear,normal,clipped/audio_event_clean/normal/20260901T091827Z-9e9b5b7e30e5dbfd58035596-dg-ba603bf1a521-000216_ch1.wav,3DPrinter/train/section_00_source_train_normal_000085.wav,472778e3200bef89067870ce2352a2abbe9cdd4ab0097b47a5323a459bb94dca,960044,121668000,122148000,0f68fd949d988c44b2305ad1c4ef0e16982d01db28573df69d4a4e5d0076f5e4,0,0,01b2b575c87ad317bf43fc05134b66aa2feeea6daca7bda15b293c666eb909f5,saved_rule_based,0.39
section_00_source_train_normal_000086,train,source,normal,A,20260901T091827Z-9e9b5b7e30e5dbfd58035596,20260901T091827Z-9e9b5b7e30e5dbfd58035596-dg-ba603bf1a521-000223,1,none,none,slow,normal-slow-1,rear,normal,clipped/audio_event_clean/normal/20260901T091827Z-9e9b5b7e30e5dbfd58035596-dg-ba603bf1a521-000223_ch1.wav,3DPrinter/train/section_00_source_train_normal_000086.wav,06d7f1433812d7d3b630cfd62a928057b8ca074dd4231b4c3baa0e3c49d70511,960044,125028000,125508000,0f68fd949d988c44b2305ad1c4ef0e16982d01db28573df69d4a4e5d0076f5e4,0,0,01b2b575c87ad317bf43fc05134b66aa2feeea6daca7bda15b293c666eb909f5,saved_rule_based,0.39
section_00_source_train_normal_000087,train,source,normal,A,20260901T091827Z-9e9b5b7e30e5dbfd58035596,20260901T091827Z-9e9b5b7e30e5dbfd58035596-dg-ba603bf1a521-000227,1,none,none,slow,normal-slow-1,rear,normal,clipped/audio_event_clean/normal/20260901T091827Z-9e9b5b7e30e5dbfd58035596-dg-ba603bf1a521-000227_ch1.wav,3DPrinter/train/section_00_source_train_normal_000087.wav,f228546f4a2e4b5f331cfd3891084c1a9ece25a827554bacdf028e31e40d16b0,960044,126948000,127428000,0f68fd949d988c44b2305ad1c4ef0e16982d01db28573df69d4a4e5d0076f5e4,0,0,01b2b575c87ad317bf43fc05134b66aa2feeea6daca7bda15b293c666eb909f5,saved_rule_based,0.39
section_00_source_train_normal_000088,train,source,normal,A,20260901T091827Z-9e9b5b7e30e5dbfd58035596,20260901T091827Z-9e9b5b7e30e5dbfd58035596-dg-ba603bf1a521-000228,1,none,none,slow,normal-slow-1,rear,normal,clipped/audio_event_clean/normal/20260901T091827Z-9e9b5b7e30e5dbfd58035596-dg-ba603bf1a521-000228_ch1.wav,3DPrinter/train/section_00_source_train_normal_000088.wav,7b2247878ff611308d1d2dee6856097a414f9d37edcbbf02dd12d090dbe256ac,960044,127428000,127908000,0f68fd949d988c44b2305ad1c4ef0e16982d01db28573df69d4a4e5d0076f5e4,0,0,01b2b575c87ad317bf43fc05134b66aa2feeea6daca7bda15b293c666eb909f5,saved_rule_based,0.39
section_00_source_train_normal_000089,train,source,normal,A,20260901T091827Z-9e9b5b7e30e5dbfd58035596,20260901T091827Z-9e9b5b7e30e5dbfd58035596-dg-ba603bf1a521-000231,1,none,none,slow,normal-slow-1,rear,normal,clipped/audio_event_clean/normal/20260901T091827Z-9e9b5b7e30e5dbfd58035596-dg-ba603bf1a521-000231_ch1.wav,3DPrinter/train/section_00_source_train_normal_000089.wav,6495c7d622b80be6d26e0588afd2c4844965418890168a34f553748fe5aeee30,960044,128868000,129348000,0f68fd949d988c44b2305ad1c4ef0e16982d01db28573df69d4a4e5d0076f5e4,0,0,01b2b575c87ad317bf43fc05134b66aa2feeea6daca7bda15b293c666eb909f5,saved_rule_based,0.39
section_00_source_train_normal_000090,train,source,normal,A,20260901T091827Z-9e9b5b7e30e5dbfd58035596,20260901T091827Z-9e9b5b7e30e5dbfd58035596-dg-ba603bf1a521-000232,1,none,none,slow,normal-slow-1,rear,normal,clipped/audio_event_clean/normal/20260901T091827Z-9e9b5b7e30e5dbfd58035596-dg-ba603bf1a521-000232_ch1.wav,3DPrinter/train/section_00_source_train_normal_000090.wav,5705fbdef9d7d56ba3e24b77b5e6e08e04e62a257d66a321dec3cb78704c5db8,960044,129348000,129828000,0f68fd949d988c44b2305ad1c4ef0e16982d01db28573df69d4a4e5d0076f5e4,0,0,01b2b575c87ad317bf43fc05134b66aa2feeea6daca7bda15b293c666eb909f5,saved_rule_based,0.39
section_00_source_train_normal_000091,train,source,normal,A,20260901T091827Z-9e9b5b7e30e5dbfd58035596,20260901T091827Z-9e9b5b7e30e5dbfd58035596-dg-ba603bf1a521-000235,1,none,none,slow,normal-slow-1,rear,normal,clipped/audio_event_clean/normal/20260901T091827Z-9e9b5b7e30e5dbfd58035596-dg-ba603bf1a521-000235_ch1.wav,3DPrinter/train/section_00_source_train_normal_000091.wav,894b76bbafbb445ee322aa6ae9264388583569eaf2501d9f2206ac457e3a1962,960044,130788000,131268000,0f68fd949d988c44b2305ad1c4ef0e16982d01db28573df69d4a4e5d0076f5e4,0,0,01b2b575c87ad317bf43fc05134b66aa2feeea6daca7bda15b293c666eb909f5,saved_rule_based,0.39
section_00_source_train_normal_000092,train,source,normal,A,20260901T091827Z-9e9b5b7e30e5dbfd58035596,20260901T091827Z-9e9b5b7e30e5dbfd58035596-dg-ba603bf1a521-000245,1,none,none,slow,normal-slow-1,rear,normal,clipped/audio_event_clean/normal/20260901T091827Z-9e9b5b7e30e5dbfd58035596-dg-ba603bf1a521-000245_ch1.wav,3DPrinter/train/section_00_source_train_normal_000092.wav,dfe6dd4134bd8a0895a64a6571d93e243911f3bdfea22acbb1014a690d4be52b,960044,135588000,136068000,0f68fd949d988c44b2305ad1c4ef0e16982d01db28573df69d4a4e5d0076f5e4,0,0,01b2b575c87ad317bf43fc05134b66aa2feeea6daca7bda15b293c666eb909f5,saved_rule_based,0.39
section_00_source_train_normal_000093,train,source,normal,A,20260901T091827Z-9e9b5b7e30e5dbfd58035596,20260901T091827Z-9e9b5b7e30e5dbfd58035596-dg-ba603bf1a521-000247,1,none,none,slow,normal-slow-1,rear,normal,clipped/audio_event_clean/normal/20260901T091827Z-9e9b5b7e30e5dbfd58035596-dg-ba603bf1a521-000247_ch1.wav,3DPrinter/train/section_00_source_train_normal_000093.wav,02bc72de380ae1cc1e5e02c4084484940cd16179bfc67be3b81838812c080b17,960044,136548000,137028000,0f68fd949d988c44b2305ad1c4ef0e16982d01db28573df69d4a4e5d0076f5e4,0,0,01b2b575c87ad317bf43fc05134b66aa2feeea6daca7bda15b293c666eb909f5,saved_rule_based,0.39
section_00_source_train_normal_000094,train,source,normal,A,20260901T091827Z-9e9b5b7e30e5dbfd58035596,20260901T091827Z-9e9b5b7e30e5dbfd58035596-dg-ba603bf1a521-000254,1,none,none,slow,normal-slow-1,rear,normal,clipped/audio_event_clean/normal/20260901T091827Z-9e9b5b7e30e5dbfd58035596-dg-ba603bf1a521-000254_ch1.wav,3DPrinter/train/section_00_source_train_normal_000094.wav,2467beef183d494dd284b4e2b9088c0b7be6db27c147f753757f42c0450334b9,960044,139908000,140388000,0f68fd949d988c44b2305ad1c4ef0e16982d01db28573df69d4a4e5d0076f5e4,0,0,01b2b575c87ad317bf43fc05134b66aa2feeea6daca7bda15b293c666eb909f5,saved_rule_based,0.39
section_00_source_train_normal_000095,train,source,normal,A,20260901T091827Z-9e9b5b7e30e5dbfd58035596,20260901T091827Z-9e9b5b7e30e5dbfd58035596-dg-ba603bf1a521-000255,1,none,none,slow,normal-slow-1,rear,normal,clipped/audio_event_clean/normal/20260901T091827Z-9e9b5b7e30e5dbfd58035596-dg-ba603bf1a521-000255_ch1.wav,3DPrinter/train/section_00_source_train_normal_000095.wav,346e11eff4e588885fbf612f23116cc4b6407310f2bf19d41e3f1b62e9158527,960044,140388000,140868000,0f68fd949d988c44b2305ad1c4ef0e16982d01db28573df69d4a4e5d0076f5e4,0,0,01b2b575c87ad317bf43fc05134b66aa2feeea6daca7bda15b293c666eb909f5,saved_rule_based,0.39
section_00_source_train_normal_000096,train,source,normal,A,20260901T091827Z-9e9b5b7e30e5dbfd58035596,20260901T091827Z-9e9b5b7e30e5dbfd58035596-dg-ba603bf1a521-000257,1,none,none,slow,normal-slow-1,rear,normal,clipped/audio_event_clean/normal/20260901T091827Z-9e9b5b7e30e5dbfd58035596-dg-ba603bf1a521-000257_ch1.wav,3DPrinter/train/section_00_source_train_normal_000096.wav,20101106f93cb262b88f06f58209b4a9214b962a96877b8991ffdb35e70b71c9,960044,141348000,141828000,0f68fd949d988c44b2305ad1c4ef0e16982d01db28573df69d4a4e5d0076f5e4,0,0,01b2b575c87ad317bf43fc05134b66aa2feeea6daca7bda15b293c666eb909f5,saved_rule_based,0.39
section_00_source_train_normal_000097,train,source,normal,A,20260901T091827Z-9e9b5b7e30e5dbfd58035596,20260901T091827Z-9e9b5b7e30e5dbfd58035596-dg-ba603bf1a521-000258,1,none,none,slow,normal-slow-1,rear,normal,clipped/audio_event_clean/normal/20260901T091827Z-9e9b5b7e30e5dbfd58035596-dg-ba603bf1a521-000258_ch1.wav,3DPrinter/train/section_00_source_train_normal_000097.wav,66de4528e5a8fe92f2dfa29115915f73eab7b8f2218a243df086eae8519a2104,960044,141828000,142308000,0f68fd949d988c44b2305ad1c4ef0e16982d01db28573df69d4a4e5d0076f5e4,0,0,01b2b575c87ad317bf43fc05134b66aa2feeea6daca7bda15b293c666eb909f5,saved_rule_based,0.39
section_00_source_train_normal_000098,train,source,normal,A,20260901T091827Z-9e9b5b7e30e5dbfd58035596,20260901T091827Z-9e9b5b7e30e5dbfd58035596-dg-ba603bf1a521-000261,1,none,none,slow,normal-slow-1,rear,normal,clipped/audio_event_clean/normal/20260901T091827Z-9e9b5b7e30e5dbfd58035596-dg-ba603bf1a521-000261_ch1.wav,3DPrinter/train/section_00_source_train_normal_000098.wav,ea8087b8cf847747eb77873f4e45cc92d41842971e4faa771c25a2c98093c04c,960044,143268000,143748000,0f68fd949d988c44b2305ad1c4ef0e16982d01db28573df69d4a4e5d0076f5e4,0,0,01b2b575c87ad317bf43fc05134b66aa2feeea6daca7bda15b293c666eb909f5,saved_rule_based,0.39
section_00_source_train_normal_000099,train,source,normal,A,20260901T091827Z-9e9b5b7e30e5dbfd58035596,20260901T091827Z-9e9b5b7e30e5dbfd58035596-dg-ba603bf1a521-000264,1,none,none,slow,normal-slow-1,rear,normal,clipped/audio_event_clean/normal/20260901T091827Z-9e9b5b7e30e5dbfd58035596-dg-ba603bf1a521-000264_ch1.wav,3DPrinter/train/section_00_source_train_normal_000099.wav,1582bd6b822d7f89e822436dd78d79796ad1868dd8117a28d89b30778765364e,960044,144708000,145188000,0f68fd949d988c44b2305ad1c4ef0e16982d01db28573df69d4a4e5d0076f5e4,0,0,01b2b575c87ad317bf43fc05134b66aa2feeea6daca7bda15b293c666eb909f5,saved_rule_based,0.39
section_00_source_train_normal_000100,train,source,normal,A,20260901T091827Z-9e9b5b7e30e5dbfd58035596,20260901T091827Z-9e9b5b7e30e5dbfd58035596-dg-ba603bf1a521-000265,1,none,none,slow,normal-slow-1,rear,normal,clipped/audio_event_clean/normal/20260901T091827Z-9e9b5b7e30e5dbfd58035596-dg-ba603bf1a521-000265_ch1.wav,3DPrinter/train/section_00_source_train_normal_000100.wav,041dbf8de07775a4e5e84c2113be6864c3481929b934c00a10f2de78d3a80021,960044,145188000,145668000,0f68fd949d988c44b2305ad1c4ef0e16982d01db28573df69d4a4e5d0076f5e4,0,0,01b2b575c87ad317bf43fc05134b66aa2feeea6daca7bda15b293c666eb909f5,saved_rule_based,0.39
section_00_source_train_normal_000101,train,source,normal,A,20260901T091827Z-9e9b5b7e30e5dbfd58035596,20260901T091827Z-9e9b5b7e30e5dbfd58035596-dg-ba603bf1a521-000266,1,none,none,slow,normal-slow-1,rear,normal,clipped/audio_event_clean/normal/20260901T091827Z-9e9b5b7e30e5dbfd58035596-dg-ba603bf1a521-000266_ch1.wav,3DPrinter/train/section_00_source_train_normal_000101.wav,22ae7e499038553d17f8992bcebe661ea7707a460b2870b37bc232359c9f89b0,960044,145668000,146148000,0f68fd949d988c44b2305ad1c4ef0e16982d01db28573df69d4a4e5d0076f5e4,0,0,01b2b575c87ad317bf43fc05134b66aa2feeea6daca7bda15b293c666eb909f5,saved_rule_based,0.39
section_00_source_train_normal_000102,train,source,normal,A,20260901T091827Z-9e9b5b7e30e5dbfd58035596,20260901T091827Z-9e9b5b7e30e5dbfd58035596-dg-ba603bf1a521-000268,1,none,none,slow,normal-slow-1,rear,normal,clipped/audio_event_clean/normal/20260901T091827Z-9e9b5b7e30e5dbfd58035596-dg-ba603bf1a521-000268_ch1.wav,3DPrinter/train/section_00_source_train_normal_000102.wav,8576bbc3e2fe1b6748ca6d274cf6873ad5a2f713e4bc2340f1eb0ea3a0a4882d,960044,146628000,147108000,0f68fd949d988c44b2305ad1c4ef0e16982d01db28573df69d4a4e5d0076f5e4,0,0,01b2b575c87ad317bf43fc05134b66aa2feeea6daca7bda15b293c666eb909f5,saved_rule_based,0.39
section_00_source_train_normal_000103,train,source,normal,A,20260901T091827Z-9e9b5b7e30e5dbfd58035596,20260901T091827Z-9e9b5b7e30e5dbfd58035596-dg-ba603bf1a521-000270,1,none,none,slow,normal-slow-1,rear,normal,clipped/audio_event_clean/normal/20260901T091827Z-9e9b5b7e30e5dbfd58035596-dg-ba603bf1a521-000270_ch1.wav,3DPrinter/train/section_00_source_train_normal_000103.wav,0de0e21e91f3267b97c2b51023f09beb962a9ef7935f5c5eec56f3210c2e5c27,960044,147588000,148068000,0f68fd949d988c44b2305ad1c4ef0e16982d01db28573df69d4a4e5d0076f5e4,0,0,01b2b575c87ad317bf43fc05134b66aa2feeea6daca7bda15b293c666eb909f5,saved_rule_based,0.39
section_00_source_train_normal_000104,train,source,normal,A,20260901T091827Z-9e9b5b7e30e5dbfd58035596,20260901T091827Z-9e9b5b7e30e5dbfd58035596-dg-ba603bf1a521-000274,1,none,none,slow,normal-slow-1,rear,normal,clipped/audio_event_clean/normal/20260901T091827Z-9e9b5b7e30e5dbfd58035596-dg-ba603bf1a521-000274_ch1.wav,3DPrinter/train/section_00_source_train_normal_000104.wav,719e969ed163753915fb4576304a9e551e5c4ad88692840fa0a9971c1ad3cde9,960044,149508000,149988000,0f68fd949d988c44b2305ad1c4ef0e16982d01db28573df69d4a4e5d0076f5e4,0,0,01b2b575c87ad317bf43fc05134b66aa2feeea6daca7bda15b293c666eb909f5,saved_rule_based,0.39
section_00_source_train_normal_000105,train,source,normal,A,20260901T091827Z-9e9b5b7e30e5dbfd58035596,20260901T091827Z-9e9b5b7e30e5dbfd58035596-dg-ba603bf1a521-000277,1,none,none,slow,normal-slow-1,rear,normal,clipped/audio_event_clean/normal/20260901T091827Z-9e9b5b7e30e5dbfd58035596-dg-ba603bf1a521-000277_ch1.wav,3DPrinter/train/section_00_source_train_normal_000105.wav,fa95967ee1a60b07886086e890130e330aa7df0cecb4ce3bdc7d29f96abd6a7d,960044,150948000,151428000,0f68fd949d988c44b2305ad1c4ef0e16982d01db28573df69d4a4e5d0076f5e4,0,0,01b2b575c87ad317bf43fc05134b66aa2feeea6daca7bda15b293c666eb909f5,saved_rule_based,0.39
section_00_source_train_normal_000106,train,source,normal,A,20260901T091827Z-9e9b5b7e30e5dbfd58035596,20260901T091827Z-9e9b5b7e30e5dbfd58035596-dg-ba603bf1a521-000278,1,none,none,slow,normal-slow-1,rear,normal,clipped/audio_event_clean/normal/20260901T091827Z-9e9b5b7e30e5dbfd58035596-dg-ba603bf1a521-000278_ch1.wav,3DPrinter/train/section_00_source_train_normal_000106.wav,ff10b868c1bd1a56aa9e4db0e46144eacdc03a5a2d1cd9d8ee788c6936500607,960044,151428000,151908000,0f68fd949d988c44b2305ad1c4ef0e16982d01db28573df69d4a4e5d0076f5e4,0,0,01b2b575c87ad317bf43fc05134b66aa2feeea6daca7bda15b293c666eb909f5,saved_rule_based,0.39
section_00_source_train_normal_000107,train,source,normal,A,20260901T091827Z-9e9b5b7e30e5dbfd58035596,20260901T091827Z-9e9b5b7e30e5dbfd58035596-dg-ba603bf1a521-000279,1,none,none,slow,normal-slow-1,rear,normal,clipped/audio_event_clean/normal/20260901T091827Z-9e9b5b7e30e5dbfd58035596-dg-ba603bf1a521-000279_ch1.wav,3DPrinter/train/section_00_source_train_normal_000107.wav,08e6bbfe24beac197b682b91f6ecc4638b1ced82ae4f23ed225a90dfbf05546f,960044,151908000,152388000,0f68fd949d988c44b2305ad1c4ef0e16982d01db28573df69d4a4e5d0076f5e4,0,0,01b2b575c87ad317bf43fc05134b66aa2feeea6daca7bda15b293c666eb909f5,saved_rule_based,0.39
section_00_source_train_normal_000108,train,source,normal,A,20260901T091827Z-9e9b5b7e30e5dbfd58035596,20260901T091827Z-9e9b5b7e30e5dbfd58035596-dg-ba603bf1a521-000284,1,none,none,slow,normal-slow-1,rear,normal,clipped/audio_event_clean/normal/20260901T091827Z-9e9b5b7e30e5dbfd58035596-dg-ba603bf1a521-000284_ch1.wav,3DPrinter/train/section_00_source_train_normal_000108.wav,4d9419bb9b9193b97c73c54d94ef68cf163fb4279473d1403f2b107f7d8c30af,960044,154308000,154788000,0f68fd949d988c44b2305ad1c4ef0e16982d01db28573df69d4a4e5d0076f5e4,0,0,01b2b575c87ad317bf43fc05134b66aa2feeea6daca7bda15b293c666eb909f5,saved_rule_based,0.39
section_00_source_train_normal_000109,train,source,normal,A,20260901T091827Z-9e9b5b7e30e5dbfd58035596,20260901T091827Z-9e9b5b7e30e5dbfd58035596-dg-ba603bf1a521-000288,1,none,none,slow,normal-slow-1,rear,normal,clipped/audio_event_clean/normal/20260901T091827Z-9e9b5b7e30e5dbfd58035596-dg-ba603bf1a521-000288_ch1.wav,3DPrinter/train/section_00_source_train_normal_000109.wav,03bb8f9372c0f5e1831747b5879b9abf2e6ba581375729df72a1472227d0a510,960044,156228000,156708000,0f68fd949d988c44b2305ad1c4ef0e16982d01db28573df69d4a4e5d0076f5e4,0,0,01b2b575c87ad317bf43fc05134b66aa2feeea6daca7bda15b293c666eb909f5,saved_rule_based,0.39
section_00_source_train_normal_000110,train,source,normal,A,20260901T091827Z-9e9b5b7e30e5dbfd58035596,20260901T091827Z-9e9b5b7e30e5dbfd58035596-dg-ba603bf1a521-000289,1,none,none,slow,normal-slow-1,rear,normal,clipped/audio_event_clean/normal/20260901T091827Z-9e9b5b7e30e5dbfd58035596-dg-ba603bf1a521-000289_ch1.wav,3DPrinter/train/section_00_source_train_normal_000110.wav,d0e495f4a9b8285ef164baf96bcc72b4a0169a8aec131ade2332eae3573ed141,960044,156708000,157188000,0f68fd949d988c44b2305ad1c4ef0e16982d01db28573df69d4a4e5d0076f5e4,0,0,01b2b575c87ad317bf43fc05134b66aa2feeea6daca7bda15b293c666eb909f5,saved_rule_based,0.39
section_00_source_train_normal_000111,train,source,normal,A,20260901T091827Z-9e9b5b7e30e5dbfd58035596,20260901T091827Z-9e9b5b7e30e5dbfd58035596-dg-ba603bf1a521-000290,1,none,none,slow,normal-slow-1,rear,normal,clipped/audio_event_clean/normal/20260901T091827Z-9e9b5b7e30e5dbfd58035596-dg-ba603bf1a521-000290_ch1.wav,3DPrinter/train/section_00_source_train_normal_000111.wav,acb83b0313ef477e6a44d101916ad8dd72d8f8a302ab09f2dffc9674b0e1e5fa,960044,157188000,157668000,0f68fd949d988c44b2305ad1c4ef0e16982d01db28573df69d4a4e5d0076f5e4,0,0,01b2b575c87ad317bf43fc05134b66aa2feeea6daca7bda15b293c666eb909f5,saved_rule_based,0.39
section_00_source_train_normal_000112,train,source,normal,A,20260901T091827Z-9e9b5b7e30e5dbfd58035596,20260901T091827Z-9e9b5b7e30e5dbfd58035596-dg-ba603bf1a521-000291,1,none,none,slow,normal-slow-1,rear,normal,clipped/audio_event_clean/normal/20260901T091827Z-9e9b5b7e30e5dbfd58035596-dg-ba603bf1a521-000291_ch1.wav,3DPrinter/train/section_00_source_train_normal_000112.wav,e70e64f515f68daced6e3bcab1872a5d6f891fe48d98a74800e45f1cd9ab8030,960044,157668000,158148000,0f68fd949d988c44b2305ad1c4ef0e16982d01db28573df69d4a4e5d0076f5e4,0,0,01b2b575c87ad317bf43fc05134b66aa2feeea6daca7bda15b293c666eb909f5,saved_rule_based,0.39
section_00_source_train_normal_000113,train,source,normal,A,20260901T091827Z-9e9b5b7e30e5dbfd58035596,20260901T091827Z-9e9b5b7e30e5dbfd58035596-dg-ba603bf1a521-000292,1,none,none,slow,normal-slow-1,rear,normal,clipped/audio_event_clean/normal/20260901T091827Z-9e9b5b7e30e5dbfd58035596-dg-ba603bf1a521-000292_ch1.wav,3DPrinter/train/section_00_source_train_normal_000113.wav,f5339f1d341f3e4f6d5fe9df3ab847d54d7926d0d635abd0dbdabb9ab133dd8d,960044,158148000,158628000,0f68fd949d988c44b2305ad1c4ef0e16982d01db28573df69d4a4e5d0076f5e4,0,0,01b2b575c87ad317bf43fc05134b66aa2feeea6daca7bda15b293c666eb909f5,saved_rule_based,0.39
section_00_source_train_normal_000114,train,source,normal,A,20260901T091827Z-9e9b5b7e30e5dbfd58035596,20260901T091827Z-9e9b5b7e30e5dbfd58035596-dg-ba603bf1a521-000293,1,none,none,slow,normal-slow-1,rear,normal,clipped/audio_event_clean/normal/20260901T091827Z-9e9b5b7e30e5dbfd58035596-dg-ba603bf1a521-000293_ch1.wav,3DPrinter/train/section_00_source_train_normal_000114.wav,2dd383a3361bae1d8429b17552664d74f3b4c7dca0ba2c9bbc65701988f80424,960044,158628000,159108000,0f68fd949d988c44b2305ad1c4ef0e16982d01db28573df69d4a4e5d0076f5e4,0,0,01b2b575c87ad317bf43fc05134b66aa2feeea6daca7bda15b293c666eb909f5,saved_rule_based,0.39
section_00_source_train_normal_000115,train,source,normal,A,20260901T091827Z-9e9b5b7e30e5dbfd58035596,20260901T091827Z-9e9b5b7e30e5dbfd58035596-dg-ba603bf1a521-000294,1,none,none,slow,normal-slow-1,rear,normal,clipped/audio_event_clean/normal/20260901T091827Z-9e9b5b7e30e5dbfd58035596-dg-ba603bf1a521-000294_ch1.wav,3DPrinter/train/section_00_source_train_normal_000115.wav,9ac3c95763783e120266a1e7d8f28e6f5956f637a41f8379bbdde426a2b47844,960044,159108000,159588000,0f68fd949d988c44b2305ad1c4ef0e16982d01db28573df69d4a4e5d0076f5e4,0,0,01b2b575c87ad317bf43fc05134b66aa2feeea6daca7bda15b293c666eb909f5,saved_rule_based,0.39
section_00_source_train_normal_000116,train,source,normal,A,20260901T091827Z-9e9b5b7e30e5dbfd58035596,20260901T091827Z-9e9b5b7e30e5dbfd58035596-dg-ba603bf1a521-000295,1,none,none,slow,normal-slow-1,rear,normal,clipped/audio_event_clean/normal/20260901T091827Z-9e9b5b7e30e5dbfd58035596-dg-ba603bf1a521-000295_ch1.wav,3DPrinter/train/section_00_source_train_normal_000116.wav,61060c8d85f41c9798ff3c6c9a7f2fc6b95214e750a12c5e636486278a2f2c3b,960044,159588000,160068000,0f68fd949d988c44b2305ad1c4ef0e16982d01db28573df69d4a4e5d0076f5e4,0,0,01b2b575c87ad317bf43fc05134b66aa2feeea6daca7bda15b293c666eb909f5,saved_rule_based,0.39
section_00_source_train_normal_000117,train,source,normal,A,20260901T091827Z-9e9b5b7e30e5dbfd58035596,20260901T091827Z-9e9b5b7e30e5dbfd58035596-dg-ba603bf1a521-000296,1,none,none,slow,normal-slow-1,rear,normal,clipped/audio_event_clean/normal/20260901T091827Z-9e9b5b7e30e5dbfd58035596-dg-ba603bf1a521-000296_ch1.wav,3DPrinter/train/section_00_source_train_normal_000117.wav,c993fd72b58b9007dac6227e7445bffc3d4c747f00248537134b2649f2724d4c,960044,160068000,160548000,0f68fd949d988c44b2305ad1c4ef0e16982d01db28573df69d4a4e5d0076f5e4,0,0,01b2b575c87ad317bf43fc05134b66aa2feeea6daca7bda15b293c666eb909f5,saved_rule_based,0.39
section_00_source_train_normal_000118,train,source,normal,A,20260901T091827Z-9e9b5b7e30e5dbfd58035596,20260901T091827Z-9e9b5b7e30e5dbfd58035596-dg-ba603bf1a521-000298,1,none,none,slow,normal-slow-1,rear,normal,clipped/audio_event_clean/normal/20260901T091827Z-9e9b5b7e30e5dbfd58035596-dg-ba603bf1a521-000298_ch1.wav,3DPrinter/train/section_00_source_train_normal_000118.wav,ae8dbba966b02a78183ff604faea9cb89218940869545cb301a95db5f058a532,960044,161028000,161508000,0f68fd949d988c44b2305ad1c4ef0e16982d01db28573df69d4a4e5d0076f5e4,0,0,01b2b575c87ad317bf43fc05134b66aa2feeea6daca7bda15b293c666eb909f5,saved_rule_based,0.39
section_00_source_train_normal_000119,train,source,normal,A,20260901T112205Z-e1edf280326aaa5b93a44f23,20260901T112205Z-e1edf280326aaa5b93a44f23-dg-c86bcdd4e0db-000003,1,none,none,slow,normal-slow-2,rear,normal,clipped/audio_event_clean/normal/20260901T112205Z-e1edf280326aaa5b93a44f23-dg-c86bcdd4e0db-000003_ch1.wav,3DPrinter/train/section_00_source_train_normal_000119.wav,e03bd07c137ee470e72dd0018b493bf346194dbef0c0df4355e181521b53c9e5,960044,7948800,8428800,98a8ec12fb525744fcafc86cd65c2851db65a217450dead61913dadd000497b1,0,0,fad057bd254fef279de53c9cf25e240d71aa0ed317c649ceb38c9a9600d92a9b,saved_rule_based,0.49
section_00_source_train_normal_000120,train,source,normal,A,20260901T112205Z-e1edf280326aaa5b93a44f23,20260901T112205Z-e1edf280326aaa5b93a44f23-dg-c86bcdd4e0db-000004,1,none,none,slow,normal-slow-2,rear,normal,clipped/audio_event_clean/normal/20260901T112205Z-e1edf280326aaa5b93a44f23-dg-c86bcdd4e0db-000004_ch1.wav,3DPrinter/train/section_00_source_train_normal_000120.wav,6ca1213c51839ede6b2b07e0d741bca495abe239df39878bc143bed7d7ba6c10,960044,8428800,8908800,98a8ec12fb525744fcafc86cd65c2851db65a217450dead61913dadd000497b1,0,0,fad057bd254fef279de53c9cf25e240d71aa0ed317c649ceb38c9a9600d92a9b,saved_rule_based,0.49
section_00_source_train_normal_000121,train,source,normal,A,20260901T112205Z-e1edf280326aaa5b93a44f23,20260901T112205Z-e1edf280326aaa5b93a44f23-dg-c86bcdd4e0db-000005,1,none,none,slow,normal-slow-2,rear,normal,clipped/audio_event_clean/normal/20260901T112205Z-e1edf280326aaa5b93a44f23-dg-c86bcdd4e0db-000005_ch1.wav,3DPrinter/train/section_00_source_train_normal_000121.wav,d9a86eceacb754419dbe918e1e1b3464083952a216b88e583148da1508b6ab31,960044,8908800,9388800,98a8ec12fb525744fcafc86cd65c2851db65a217450dead61913dadd000497b1,0,0,fad057bd254fef279de53c9cf25e240d71aa0ed317c649ceb38c9a9600d92a9b,saved_rule_based,0.49
section_00_source_train_normal_000122,train,source,normal,A,20260901T112205Z-e1edf280326aaa5b93a44f23,20260901T112205Z-e1edf280326aaa5b93a44f23-dg-c86bcdd4e0db-000006,1,none,none,slow,normal-slow-2,rear,normal,clipped/audio_event_clean/normal/20260901T112205Z-e1edf280326aaa5b93a44f23-dg-c86bcdd4e0db-000006_ch1.wav,3DPrinter/train/section_00_source_train_normal_000122.wav,67d0548b56b38338c89de538b02111ddf618f91b2ed2ca552703e6c5f77fcd90,960044,9388800,9868800,98a8ec12fb525744fcafc86cd65c2851db65a217450dead61913dadd000497b1,0,0,fad057bd254fef279de53c9cf25e240d71aa0ed317c649ceb38c9a9600d92a9b,saved_rule_based,0.49
section_00_source_train_normal_000123,train,source,normal,A,20260901T112205Z-e1edf280326aaa5b93a44f23,20260901T112205Z-e1edf280326aaa5b93a44f23-dg-c86bcdd4e0db-000007,1,none,none,slow,normal-slow-2,rear,normal,clipped/audio_event_clean/normal/20260901T112205Z-e1edf280326aaa5b93a44f23-dg-c86bcdd4e0db-000007_ch1.wav,3DPrinter/train/section_00_source_train_normal_000123.wav,10f6594a43110dd8d60562fe3fd7e2ffb4de084e2684b531c9cb6fa937b88496,960044,9868800,10348800,98a8ec12fb525744fcafc86cd65c2851db65a217450dead61913dadd000497b1,0,0,fad057bd254fef279de53c9cf25e240d71aa0ed317c649ceb38c9a9600d92a9b,saved_rule_based,0.49
section_00_source_train_normal_000124,train,source,normal,A,20260901T112205Z-e1edf280326aaa5b93a44f23,20260901T112205Z-e1edf280326aaa5b93a44f23-dg-c86bcdd4e0db-000009,1,none,none,slow,normal-slow-2,rear,normal,clipped/audio_event_clean/normal/20260901T112205Z-e1edf280326aaa5b93a44f23-dg-c86bcdd4e0db-000009_ch1.wav,3DPrinter/train/section_00_source_train_normal_000124.wav,ad1f0ca3dd4dc3b9df9e4d9f495b8f4c1bad276c796c2a111f0af7105d6e5515,960044,10828800,11308800,98a8ec12fb525744fcafc86cd65c2851db65a217450dead61913dadd000497b1,0,0,fad057bd254fef279de53c9cf25e240d71aa0ed317c649ceb38c9a9600d92a9b,saved_rule_based,0.49
section_00_source_train_normal_000125,train,source,normal,A,20260901T112205Z-e1edf280326aaa5b93a44f23,20260901T112205Z-e1edf280326aaa5b93a44f23-dg-c86bcdd4e0db-000011,1,none,none,slow,normal-slow-2,rear,normal,clipped/audio_event_clean/normal/20260901T112205Z-e1edf280326aaa5b93a44f23-dg-c86bcdd4e0db-000011_ch1.wav,3DPrinter/train/section_00_source_train_normal_000125.wav,7bd69bcc2101c813c60be20236c5978eac22edbe6b5b797730ad462f1159be0a,960044,11788800,12268800,98a8ec12fb525744fcafc86cd65c2851db65a217450dead61913dadd000497b1,0,0,fad057bd254fef279de53c9cf25e240d71aa0ed317c649ceb38c9a9600d92a9b,saved_rule_based,0.49
section_00_source_train_normal_000126,train,source,normal,A,20260901T112205Z-e1edf280326aaa5b93a44f23,20260901T112205Z-e1edf280326aaa5b93a44f23-dg-c86bcdd4e0db-000012,1,none,none,slow,normal-slow-2,rear,normal,clipped/audio_event_clean/normal/20260901T112205Z-e1edf280326aaa5b93a44f23-dg-c86bcdd4e0db-000012_ch1.wav,3DPrinter/train/section_00_source_train_normal_000126.wav,6a5f29b7421d19e682d319aa659d437f444f1989811ff7da4edd3cc40bc89ff9,960044,12268800,12748800,98a8ec12fb525744fcafc86cd65c2851db65a217450dead61913dadd000497b1,0,0,fad057bd254fef279de53c9cf25e240d71aa0ed317c649ceb38c9a9600d92a9b,saved_rule_based,0.49
section_00_source_train_normal_000127,train,source,normal,A,20260901T112205Z-e1edf280326aaa5b93a44f23,20260901T112205Z-e1edf280326aaa5b93a44f23-dg-c86bcdd4e0db-000015,1,none,none,slow,normal-slow-2,rear,normal,clipped/audio_event_clean/normal/20260901T112205Z-e1edf280326aaa5b93a44f23-dg-c86bcdd4e0db-000015_ch1.wav,3DPrinter/train/section_00_source_train_normal_000127.wav,79690022993d45b1de0f586b63a9ecc7d438a671d9e1f38cb1cf8a45e858ef5a,960044,13708800,14188800,98a8ec12fb525744fcafc86cd65c2851db65a217450dead61913dadd000497b1,0,0,fad057bd254fef279de53c9cf25e240d71aa0ed317c649ceb38c9a9600d92a9b,saved_rule_based,0.49
section_00_source_train_normal_000128,train,source,normal,A,20260901T112205Z-e1edf280326aaa5b93a44f23,20260901T112205Z-e1edf280326aaa5b93a44f23-dg-c86bcdd4e0db-000020,1,none,none,slow,normal-slow-2,rear,normal,clipped/audio_event_clean/normal/20260901T112205Z-e1edf280326aaa5b93a44f23-dg-c86bcdd4e0db-000020_ch1.wav,3DPrinter/train/section_00_source_train_normal_000128.wav,4890b9abc71c02f5ec01057aeb8cf6911b45536a65f967795326d08950d836be,960044,16108800,16588800,98a8ec12fb525744fcafc86cd65c2851db65a217450dead61913dadd000497b1,0,0,fad057bd254fef279de53c9cf25e240d71aa0ed317c649ceb38c9a9600d92a9b,saved_rule_based,0.49
section_00_source_train_normal_000129,train,source,normal,A,20260901T112205Z-e1edf280326aaa5b93a44f23,20260901T112205Z-e1edf280326aaa5b93a44f23-dg-c86bcdd4e0db-000021,1,none,none,slow,normal-slow-2,rear,normal,clipped/audio_event_clean/normal/20260901T112205Z-e1edf280326aaa5b93a44f23-dg-c86bcdd4e0db-000021_ch1.wav,3DPrinter/train/section_00_source_train_normal_000129.wav,c394c2fb8133cc0418b81c12d3f9aae16b6c5e3a95fefe51bec791c49852d48a,960044,16588800,17068800,98a8ec12fb525744fcafc86cd65c2851db65a217450dead61913dadd000497b1,0,0,fad057bd254fef279de53c9cf25e240d71aa0ed317c649ceb38c9a9600d92a9b,saved_rule_based,0.49
section_00_source_train_normal_000130,train,source,normal,A,20260901T112205Z-e1edf280326aaa5b93a44f23,20260901T112205Z-e1edf280326aaa5b93a44f23-dg-c86bcdd4e0db-000025,1,none,none,slow,normal-slow-2,rear,normal,clipped/audio_event_clean/normal/20260901T112205Z-e1edf280326aaa5b93a44f23-dg-c86bcdd4e0db-000025_ch1.wav,3DPrinter/train/section_00_source_train_normal_000130.wav,5d343aa08b6f2f6aacb2886c4f92881b4835713331e9b8fc4eb899ab141031e0,960044,18508800,18988800,98a8ec12fb525744fcafc86cd65c2851db65a217450dead61913dadd000497b1,0,0,fad057bd254fef279de53c9cf25e240d71aa0ed317c649ceb38c9a9600d92a9b,saved_rule_based,0.49
section_00_source_train_normal_000131,train,source,normal,A,20260901T112205Z-e1edf280326aaa5b93a44f23,20260901T112205Z-e1edf280326aaa5b93a44f23-dg-c86bcdd4e0db-000031,1,none,none,slow,normal-slow-2,rear,normal,clipped/audio_event_clean/normal/20260901T112205Z-e1edf280326aaa5b93a44f23-dg-c86bcdd4e0db-000031_ch1.wav,3DPrinter/train/section_00_source_train_normal_000131.wav,86846064ebe6fbdb7c31f591fd3d707d4e69132f8e4ecb7ccd1eb7304482d9b5,960044,21388800,21868800,98a8ec12fb525744fcafc86cd65c2851db65a217450dead61913dadd000497b1,0,0,fad057bd254fef279de53c9cf25e240d71aa0ed317c649ceb38c9a9600d92a9b,saved_rule_based,0.49
section_00_source_train_normal_000132,train,source,normal,A,20260901T112205Z-e1edf280326aaa5b93a44f23,20260901T112205Z-e1edf280326aaa5b93a44f23-dg-c86bcdd4e0db-000034,1,none,none,slow,normal-slow-2,rear,normal,clipped/audio_event_clean/normal/20260901T112205Z-e1edf280326aaa5b93a44f23-dg-c86bcdd4e0db-000034_ch1.wav,3DPrinter/train/section_00_source_train_normal_000132.wav,9f8526dcdb4aada6d16e0532588e1618cf2c1ac1a29b5a45b3b64d4d8045a34b,960044,22828800,23308800,98a8ec12fb525744fcafc86cd65c2851db65a217450dead61913dadd000497b1,0,0,fad057bd254fef279de53c9cf25e240d71aa0ed317c649ceb38c9a9600d92a9b,saved_rule_based,0.49
section_00_source_train_normal_000133,train,source,normal,A,20260901T112205Z-e1edf280326aaa5b93a44f23,20260901T112205Z-e1edf280326aaa5b93a44f23-dg-c86bcdd4e0db-000037,1,none,none,slow,normal-slow-2,rear,normal,clipped/audio_event_clean/normal/20260901T112205Z-e1edf280326aaa5b93a44f23-dg-c86bcdd4e0db-000037_ch1.wav,3DPrinter/train/section_00_source_train_normal_000133.wav,879c7b70984e1e842d4778d0b98132de1fc845814fc26e02f6d8a2ddb6ab6808,960044,24268800,24748800,98a8ec12fb525744fcafc86cd65c2851db65a217450dead61913dadd000497b1,0,0,fad057bd254fef279de53c9cf25e240d71aa0ed317c649ceb38c9a9600d92a9b,saved_rule_based,0.49
section_00_source_train_normal_000134,train,source,normal,A,20260901T112205Z-e1edf280326aaa5b93a44f23,20260901T112205Z-e1edf280326aaa5b93a44f23-dg-c86bcdd4e0db-000041,1,none,none,slow,normal-slow-2,rear,normal,clipped/audio_event_clean/normal/20260901T112205Z-e1edf280326aaa5b93a44f23-dg-c86bcdd4e0db-000041_ch1.wav,3DPrinter/train/section_00_source_train_normal_000134.wav,67d69a4ccf41d5aff347ee4ea992cbfd7bb02fd0b62a6a011beb377820bfd2a9,960044,26188800,26668800,98a8ec12fb525744fcafc86cd65c2851db65a217450dead61913dadd000497b1,0,0,fad057bd254fef279de53c9cf25e240d71aa0ed317c649ceb38c9a9600d92a9b,saved_rule_based,0.49
section_00_source_train_normal_000135,train,source,normal,A,20260901T112205Z-e1edf280326aaa5b93a44f23,20260901T112205Z-e1edf280326aaa5b93a44f23-dg-c86bcdd4e0db-000043,1,none,none,slow,normal-slow-2,rear,normal,clipped/audio_event_clean/normal/20260901T112205Z-e1edf280326aaa5b93a44f23-dg-c86bcdd4e0db-000043_ch1.wav,3DPrinter/train/section_00_source_train_normal_000135.wav,a8ac8ad16d664df2cd2ea3134f8766fbf3e0d78998fa258a335e2e63b19eb1d8,960044,27148800,27628800,98a8ec12fb525744fcafc86cd65c2851db65a217450dead61913dadd000497b1,0,0,fad057bd254fef279de53c9cf25e240d71aa0ed317c649ceb38c9a9600d92a9b,saved_rule_based,0.49
section_00_source_train_normal_000136,train,source,normal,A,20260901T112205Z-e1edf280326aaa5b93a44f23,20260901T112205Z-e1edf280326aaa5b93a44f23-dg-c86bcdd4e0db-000045,1,none,none,slow,normal-slow-2,rear,normal,clipped/audio_event_clean/normal/20260901T112205Z-e1edf280326aaa5b93a44f23-dg-c86bcdd4e0db-000045_ch1.wav,3DPrinter/train/section_00_source_train_normal_000136.wav,8d5e55aa46279f6e805c820a1e4c070dd331af441dc5991ebf98a5d21d2717e2,960044,28108800,28588800,98a8ec12fb525744fcafc86cd65c2851db65a217450dead61913dadd000497b1,0,0,fad057bd254fef279de53c9cf25e240d71aa0ed317c649ceb38c9a9600d92a9b,saved_rule_based,0.49
section_00_source_train_normal_000137,train,source,normal,A,20260901T112205Z-e1edf280326aaa5b93a44f23,20260901T112205Z-e1edf280326aaa5b93a44f23-dg-c86bcdd4e0db-000049,1,none,none,slow,normal-slow-2,rear,normal,clipped/audio_event_clean/normal/20260901T112205Z-e1edf280326aaa5b93a44f23-dg-c86bcdd4e0db-000049_ch1.wav,3DPrinter/train/section_00_source_train_normal_000137.wav,38f5a20a58a60c7d95b0057f8a4d01d14cdb565d833b0173cab0a0b0c085b539,960044,30028800,30508800,98a8ec12fb525744fcafc86cd65c2851db65a217450dead61913dadd000497b1,0,0,fad057bd254fef279de53c9cf25e240d71aa0ed317c649ceb38c9a9600d92a9b,saved_rule_based,0.49
section_00_source_train_normal_000138,train,source,normal,A,20260901T112205Z-e1edf280326aaa5b93a44f23,20260901T112205Z-e1edf280326aaa5b93a44f23-dg-c86bcdd4e0db-000052,1,none,none,slow,normal-slow-2,rear,normal,clipped/audio_event_clean/normal/20260901T112205Z-e1edf280326aaa5b93a44f23-dg-c86bcdd4e0db-000052_ch1.wav,3DPrinter/train/section_00_source_train_normal_000138.wav,32bf3086bedd9a1d26f6ddaa796d7079e0bba06d48d922008f57a5dda0503a83,960044,31468800,31948800,98a8ec12fb525744fcafc86cd65c2851db65a217450dead61913dadd000497b1,0,0,fad057bd254fef279de53c9cf25e240d71aa0ed317c649ceb38c9a9600d92a9b,saved_rule_based,0.49
section_00_source_train_normal_000139,train,source,normal,A,20260901T112205Z-e1edf280326aaa5b93a44f23,20260901T112205Z-e1edf280326aaa5b93a44f23-dg-c86bcdd4e0db-000057,1,none,none,slow,normal-slow-2,rear,normal,clipped/audio_event_clean/normal/20260901T112205Z-e1edf280326aaa5b93a44f23-dg-c86bcdd4e0db-000057_ch1.wav,3DPrinter/train/section_00_source_train_normal_000139.wav,9d73cbaa220f098c5788b90febac5ef1e417ca566c43c0f35e828808c21427f5,960044,33868800,34348800,98a8ec12fb525744fcafc86cd65c2851db65a217450dead61913dadd000497b1,0,0,fad057bd254fef279de53c9cf25e240d71aa0ed317c649ceb38c9a9600d92a9b,saved_rule_based,0.49
section_00_source_train_normal_000140,train,source,normal,A,20260901T112205Z-e1edf280326aaa5b93a44f23,20260901T112205Z-e1edf280326aaa5b93a44f23-dg-c86bcdd4e0db-000059,1,none,none,slow,normal-slow-2,rear,normal,clipped/audio_event_clean/normal/20260901T112205Z-e1edf280326aaa5b93a44f23-dg-c86bcdd4e0db-000059_ch1.wav,3DPrinter/train/section_00_source_train_normal_000140.wav,9040b2b3c0adf29f41adf5de196e92b249efbb673924b3442f1d4ca75fff80c6,960044,34828800,35308800,98a8ec12fb525744fcafc86cd65c2851db65a217450dead61913dadd000497b1,0,0,fad057bd254fef279de53c9cf25e240d71aa0ed317c649ceb38c9a9600d92a9b,saved_rule_based,0.49
section_00_source_train_normal_000141,train,source,normal,A,20260901T112205Z-e1edf280326aaa5b93a44f23,20260901T112205Z-e1edf280326aaa5b93a44f23-dg-c86bcdd4e0db-000062,1,none,none,slow,normal-slow-2,rear,normal,clipped/audio_event_clean/normal/20260901T112205Z-e1edf280326aaa5b93a44f23-dg-c86bcdd4e0db-000062_ch1.wav,3DPrinter/train/section_00_source_train_normal_000141.wav,5c5b27c2315d86ca92449ddad676a85dafd3aa234f1c811edd5bba4e9bd5c5a6,960044,36268800,36748800,98a8ec12fb525744fcafc86cd65c2851db65a217450dead61913dadd000497b1,0,0,fad057bd254fef279de53c9cf25e240d71aa0ed317c649ceb38c9a9600d92a9b,saved_rule_based,0.49
section_00_source_train_normal_000142,train,source,normal,A,20260901T112205Z-e1edf280326aaa5b93a44f23,20260901T112205Z-e1edf280326aaa5b93a44f23-dg-c86bcdd4e0db-000064,1,none,none,slow,normal-slow-2,rear,normal,clipped/audio_event_clean/normal/20260901T112205Z-e1edf280326aaa5b93a44f23-dg-c86bcdd4e0db-000064_ch1.wav,3DPrinter/train/section_00_source_train_normal_000142.wav,c2a41b01ca469c79a6f0ac7a26d1231fa97642c5dd0501f2aa266911c7073fd4,960044,37228800,37708800,98a8ec12fb525744fcafc86cd65c2851db65a217450dead61913dadd000497b1,0,0,fad057bd254fef279de53c9cf25e240d71aa0ed317c649ceb38c9a9600d92a9b,saved_rule_based,0.49
section_00_source_train_normal_000143,train,source,normal,A,20260901T112205Z-e1edf280326aaa5b93a44f23,20260901T112205Z-e1edf280326aaa5b93a44f23-dg-c86bcdd4e0db-000065,1,none,none,slow,normal-slow-2,rear,normal,clipped/audio_event_clean/normal/20260901T112205Z-e1edf280326aaa5b93a44f23-dg-c86bcdd4e0db-000065_ch1.wav,3DPrinter/train/section_00_source_train_normal_000143.wav,56dd40bedd7bcbc02baeb02673ab20c4d1ab209c3374a971dcb83ac75d37b0fe,960044,37708800,38188800,98a8ec12fb525744fcafc86cd65c2851db65a217450dead61913dadd000497b1,0,0,fad057bd254fef279de53c9cf25e240d71aa0ed317c649ceb38c9a9600d92a9b,saved_rule_based,0.49
section_00_source_train_normal_000144,train,source,normal,A,20260901T112205Z-e1edf280326aaa5b93a44f23,20260901T112205Z-e1edf280326aaa5b93a44f23-dg-c86bcdd4e0db-000068,1,none,none,slow,normal-slow-2,rear,normal,clipped/audio_event_clean/normal/20260901T112205Z-e1edf280326aaa5b93a44f23-dg-c86bcdd4e0db-000068_ch1.wav,3DPrinter/train/section_00_source_train_normal_000144.wav,c470b76730e4992f4170f895a1dea2fec07624a3a09b20c5f8027b87ecc3e762,960044,39148800,39628800,98a8ec12fb525744fcafc86cd65c2851db65a217450dead61913dadd000497b1,0,0,fad057bd254fef279de53c9cf25e240d71aa0ed317c649ceb38c9a9600d92a9b,saved_rule_based,0.49
section_00_source_train_normal_000145,train,source,normal,A,20260901T112205Z-e1edf280326aaa5b93a44f23,20260901T112205Z-e1edf280326aaa5b93a44f23-dg-c86bcdd4e0db-000069,1,none,none,slow,normal-slow-2,rear,normal,clipped/audio_event_clean/normal/20260901T112205Z-e1edf280326aaa5b93a44f23-dg-c86bcdd4e0db-000069_ch1.wav,3DPrinter/train/section_00_source_train_normal_000145.wav,9ca0d0096fcba699f2ec4e0210ea0d1dc73d3c49fa8505212010a9f209792f08,960044,39628800,40108800,98a8ec12fb525744fcafc86cd65c2851db65a217450dead61913dadd000497b1,0,0,fad057bd254fef279de53c9cf25e240d71aa0ed317c649ceb38c9a9600d92a9b,saved_rule_based,0.49
section_00_source_train_normal_000146,train,source,normal,A,20260901T112205Z-e1edf280326aaa5b93a44f23,20260901T112205Z-e1edf280326aaa5b93a44f23-dg-c86bcdd4e0db-000075,1,none,none,slow,normal-slow-2,rear,normal,clipped/audio_event_clean/normal/20260901T112205Z-e1edf280326aaa5b93a44f23-dg-c86bcdd4e0db-000075_ch1.wav,3DPrinter/train/section_00_source_train_normal_000146.wav,a4d4868fd83914edf559b737f7425c1feb6f8a865178b24c46d9ff41a13a33bf,960044,42508800,42988800,98a8ec12fb525744fcafc86cd65c2851db65a217450dead61913dadd000497b1,0,0,fad057bd254fef279de53c9cf25e240d71aa0ed317c649ceb38c9a9600d92a9b,saved_rule_based,0.49
section_00_source_train_normal_000147,train,source,normal,A,20260901T112205Z-e1edf280326aaa5b93a44f23,20260901T112205Z-e1edf280326aaa5b93a44f23-dg-c86bcdd4e0db-000077,1,none,none,slow,normal-slow-2,rear,normal,clipped/audio_event_clean/normal/20260901T112205Z-e1edf280326aaa5b93a44f23-dg-c86bcdd4e0db-000077_ch1.wav,3DPrinter/train/section_00_source_train_normal_000147.wav,06c8867de6b127bf6159df19014ea19a431c8686ba8a82f9e78ee109abbe0cd7,960044,43468800,43948800,98a8ec12fb525744fcafc86cd65c2851db65a217450dead61913dadd000497b1,0,0,fad057bd254fef279de53c9cf25e240d71aa0ed317c649ceb38c9a9600d92a9b,saved_rule_based,0.49
section_00_source_train_normal_000148,train,source,normal,A,20260901T112205Z-e1edf280326aaa5b93a44f23,20260901T112205Z-e1edf280326aaa5b93a44f23-dg-c86bcdd4e0db-000079,1,none,none,slow,normal-slow-2,rear,normal,clipped/audio_event_clean/normal/20260901T112205Z-e1edf280326aaa5b93a44f23-dg-c86bcdd4e0db-000079_ch1.wav,3DPrinter/train/section_00_source_train_normal_000148.wav,bec0d2d13fc0277daab2ef2e81572b4c4d13ef4b520446ae61391e29e703969b,960044,44428800,44908800,98a8ec12fb525744fcafc86cd65c2851db65a217450dead61913dadd000497b1,0,0,fad057bd254fef279de53c9cf25e240d71aa0ed317c649ceb38c9a9600d92a9b,saved_rule_based,0.49
section_00_source_train_normal_000149,train,source,normal,A,20260901T112205Z-e1edf280326aaa5b93a44f23,20260901T112205Z-e1edf280326aaa5b93a44f23-dg-c86bcdd4e0db-000080,1,none,none,slow,normal-slow-2,rear,normal,clipped/audio_event_clean/normal/20260901T112205Z-e1edf280326aaa5b93a44f23-dg-c86bcdd4e0db-000080_ch1.wav,3DPrinter/train/section_00_source_train_normal_000149.wav,94393bc7867d31e5bee872f528aebb5b8e38415131f4a95ef609a8ca58750c94,960044,44908800,45388800,98a8ec12fb525744fcafc86cd65c2851db65a217450dead61913dadd000497b1,0,0,fad057bd254fef279de53c9cf25e240d71aa0ed317c649ceb38c9a9600d92a9b,saved_rule_based,0.49
section_00_source_train_normal_000150,train,source,normal,A,20260901T112205Z-e1edf280326aaa5b93a44f23,20260901T112205Z-e1edf280326aaa5b93a44f23-dg-c86bcdd4e0db-000081,1,none,none,slow,normal-slow-2,rear,normal,clipped/audio_event_clean/normal/20260901T112205Z-e1edf280326aaa5b93a44f23-dg-c86bcdd4e0db-000081_ch1.wav,3DPrinter/train/section_00_source_train_normal_000150.wav,804666667e444bf2f03674e4f509af99570d0ef5c46bcdfab47ac051729038b4,960044,45388800,45868800,98a8ec12fb525744fcafc86cd65c2851db65a217450dead61913dadd000497b1,0,0,fad057bd254fef279de53c9cf25e240d71aa0ed317c649ceb38c9a9600d92a9b,saved_rule_based,0.49
section_00_source_train_normal_000151,train,source,normal,A,20260901T112205Z-e1edf280326aaa5b93a44f23,20260901T112205Z-e1edf280326aaa5b93a44f23-dg-c86bcdd4e0db-000082,1,none,none,slow,normal-slow-2,rear,normal,clipped/audio_event_clean/normal/20260901T112205Z-e1edf280326aaa5b93a44f23-dg-c86bcdd4e0db-000082_ch1.wav,3DPrinter/train/section_00_source_train_normal_000151.wav,37aac41c5bb36ff379356189528f2eda286ff3b22cac2991910791cc11a1c4da,960044,45868800,46348800,98a8ec12fb525744fcafc86cd65c2851db65a217450dead61913dadd000497b1,0,0,fad057bd254fef279de53c9cf25e240d71aa0ed317c649ceb38c9a9600d92a9b,saved_rule_based,0.49
section_00_source_train_normal_000152,train,source,normal,A,20260901T112205Z-e1edf280326aaa5b93a44f23,20260901T112205Z-e1edf280326aaa5b93a44f23-dg-c86bcdd4e0db-000087,1,none,none,slow,normal-slow-2,rear,normal,clipped/audio_event_clean/normal/20260901T112205Z-e1edf280326aaa5b93a44f23-dg-c86bcdd4e0db-000087_ch1.wav,3DPrinter/train/section_00_source_train_normal_000152.wav,cfda28599d08d694666950f30e16918248b5433bd7ed17fddff0fa46ed36343f,960044,48268800,48748800,98a8ec12fb525744fcafc86cd65c2851db65a217450dead61913dadd000497b1,0,0,fad057bd254fef279de53c9cf25e240d71aa0ed317c649ceb38c9a9600d92a9b,saved_rule_based,0.49
section_00_source_train_normal_000153,train,source,normal,A,20260901T112205Z-e1edf280326aaa5b93a44f23,20260901T112205Z-e1edf280326aaa5b93a44f23-dg-c86bcdd4e0db-000088,1,none,none,slow,normal-slow-2,rear,normal,clipped/audio_event_clean/normal/20260901T112205Z-e1edf280326aaa5b93a44f23-dg-c86bcdd4e0db-000088_ch1.wav,3DPrinter/train/section_00_source_train_normal_000153.wav,78e90f64ca2c4c96bad971c7761ca43667f036b3f90ec740f789ff25b2425fa7,960044,48748800,49228800,98a8ec12fb525744fcafc86cd65c2851db65a217450dead61913dadd000497b1,0,0,fad057bd254fef279de53c9cf25e240d71aa0ed317c649ceb38c9a9600d92a9b,saved_rule_based,0.49
section_00_source_train_normal_000154,train,source,normal,A,20260901T112205Z-e1edf280326aaa5b93a44f23,20260901T112205Z-e1edf280326aaa5b93a44f23-dg-c86bcdd4e0db-000090,1,none,none,slow,normal-slow-2,rear,normal,clipped/audio_event_clean/normal/20260901T112205Z-e1edf280326aaa5b93a44f23-dg-c86bcdd4e0db-000090_ch1.wav,3DPrinter/train/section_00_source_train_normal_000154.wav,d955b759b83cb33c154f45fd8a1f646afda7a45c029c0dab6a7e0929ba70a036,960044,49708800,50188800,98a8ec12fb525744fcafc86cd65c2851db65a217450dead61913dadd000497b1,0,0,fad057bd254fef279de53c9cf25e240d71aa0ed317c649ceb38c9a9600d92a9b,saved_rule_based,0.49
section_00_source_train_normal_000155,train,source,normal,A,20260901T112205Z-e1edf280326aaa5b93a44f23,20260901T112205Z-e1edf280326aaa5b93a44f23-dg-c86bcdd4e0db-000092,1,none,none,slow,normal-slow-2,rear,normal,clipped/audio_event_clean/normal/20260901T112205Z-e1edf280326aaa5b93a44f23-dg-c86bcdd4e0db-000092_ch1.wav,3DPrinter/train/section_00_source_train_normal_000155.wav,961caa4398c3e30a89b925cf3fe9f78477f9f8592f3f1755957ff8bbb723e029,960044,50668800,51148800,98a8ec12fb525744fcafc86cd65c2851db65a217450dead61913dadd000497b1,0,0,fad057bd254fef279de53c9cf25e240d71aa0ed317c649ceb38c9a9600d92a9b,saved_rule_based,0.49
section_00_source_train_normal_000156,train,source,normal,A,20260901T112205Z-e1edf280326aaa5b93a44f23,20260901T112205Z-e1edf280326aaa5b93a44f23-dg-c86bcdd4e0db-000101,1,none,none,slow,normal-slow-2,rear,normal,clipped/audio_event_clean/normal/20260901T112205Z-e1edf280326aaa5b93a44f23-dg-c86bcdd4e0db-000101_ch1.wav,3DPrinter/train/section_00_source_train_normal_000156.wav,87f021d193e71e3832a3a391d77cc8ed57cbda8a43d7c9780f4b577737de22e4,960044,54988800,55468800,98a8ec12fb525744fcafc86cd65c2851db65a217450dead61913dadd000497b1,0,0,fad057bd254fef279de53c9cf25e240d71aa0ed317c649ceb38c9a9600d92a9b,saved_rule_based,0.49
section_00_source_train_normal_000157,train,source,normal,A,20260901T112205Z-e1edf280326aaa5b93a44f23,20260901T112205Z-e1edf280326aaa5b93a44f23-dg-c86bcdd4e0db-000104,1,none,none,slow,normal-slow-2,rear,normal,clipped/audio_event_clean/normal/20260901T112205Z-e1edf280326aaa5b93a44f23-dg-c86bcdd4e0db-000104_ch1.wav,3DPrinter/train/section_00_source_train_normal_000157.wav,a41f489cba0f18a3c2093440c037409fa95c96d346e9e9e3f1060e7ab33003f8,960044,56428800,56908800,98a8ec12fb525744fcafc86cd65c2851db65a217450dead61913dadd000497b1,0,0,fad057bd254fef279de53c9cf25e240d71aa0ed317c649ceb38c9a9600d92a9b,saved_rule_based,0.49
section_00_source_train_normal_000158,train,source,normal,A,20260901T112205Z-e1edf280326aaa5b93a44f23,20260901T112205Z-e1edf280326aaa5b93a44f23-dg-c86bcdd4e0db-000105,1,none,none,slow,normal-slow-2,rear,normal,clipped/audio_event_clean/normal/20260901T112205Z-e1edf280326aaa5b93a44f23-dg-c86bcdd4e0db-000105_ch1.wav,3DPrinter/train/section_00_source_train_normal_000158.wav,ecce121c1a256eec387558c02acec4474cedb61a4a116a16f85bfd599a96ec95,960044,56908800,57388800,98a8ec12fb525744fcafc86cd65c2851db65a217450dead61913dadd000497b1,0,0,fad057bd254fef279de53c9cf25e240d71aa0ed317c649ceb38c9a9600d92a9b,saved_rule_based,0.49
section_00_source_train_normal_000159,train,source,normal,A,20260901T112205Z-e1edf280326aaa5b93a44f23,20260901T112205Z-e1edf280326aaa5b93a44f23-dg-c86bcdd4e0db-000106,1,none,none,slow,normal-slow-2,rear,normal,clipped/audio_event_clean/normal/20260901T112205Z-e1edf280326aaa5b93a44f23-dg-c86bcdd4e0db-000106_ch1.wav,3DPrinter/train/section_00_source_train_normal_000159.wav,92b3964850ad1db365f1f1e195136dea2cd80ae577696dd3188bdc1774b2439c,960044,57388800,57868800,98a8ec12fb525744fcafc86cd65c2851db65a217450dead61913dadd000497b1,0,0,fad057bd254fef279de53c9cf25e240d71aa0ed317c649ceb38c9a9600d92a9b,saved_rule_based,0.49
section_00_source_train_normal_000160,train,source,normal,A,20260901T112205Z-e1edf280326aaa5b93a44f23,20260901T112205Z-e1edf280326aaa5b93a44f23-dg-c86bcdd4e0db-000107,1,none,none,slow,normal-slow-2,rear,normal,clipped/audio_event_clean/normal/20260901T112205Z-e1edf280326aaa5b93a44f23-dg-c86bcdd4e0db-000107_ch1.wav,3DPrinter/train/section_00_source_train_normal_000160.wav,0cc816496c9d23321de82fa6c9b92ece8396dd3bfc6fb42e7dca10a2d9af770d,960044,57868800,58348800,98a8ec12fb525744fcafc86cd65c2851db65a217450dead61913dadd000497b1,0,0,fad057bd254fef279de53c9cf25e240d71aa0ed317c649ceb38c9a9600d92a9b,saved_rule_based,0.49
section_00_source_train_normal_000161,train,source,normal,A,20260901T112205Z-e1edf280326aaa5b93a44f23,20260901T112205Z-e1edf280326aaa5b93a44f23-dg-c86bcdd4e0db-000113,1,none,none,slow,normal-slow-2,rear,normal,clipped/audio_event_clean/normal/20260901T112205Z-e1edf280326aaa5b93a44f23-dg-c86bcdd4e0db-000113_ch1.wav,3DPrinter/train/section_00_source_train_normal_000161.wav,163fe84ae59fe4d2577bbc5dbde36f749e56176662e32a17a76798724dc26a26,960044,60748800,61228800,98a8ec12fb525744fcafc86cd65c2851db65a217450dead61913dadd000497b1,0,0,fad057bd254fef279de53c9cf25e240d71aa0ed317c649ceb38c9a9600d92a9b,saved_rule_based,0.49
section_00_source_train_normal_000162,train,source,normal,A,20260901T112205Z-e1edf280326aaa5b93a44f23,20260901T112205Z-e1edf280326aaa5b93a44f23-dg-c86bcdd4e0db-000114,1,none,none,slow,normal-slow-2,rear,normal,clipped/audio_event_clean/normal/20260901T112205Z-e1edf280326aaa5b93a44f23-dg-c86bcdd4e0db-000114_ch1.wav,3DPrinter/train/section_00_source_train_normal_000162.wav,8ee1aaab3ae278a8a905f052c101a4c9e9875bd7e741b90bd5fd1dbb9c00836a,960044,61228800,61708800,98a8ec12fb525744fcafc86cd65c2851db65a217450dead61913dadd000497b1,0,0,fad057bd254fef279de53c9cf25e240d71aa0ed317c649ceb38c9a9600d92a9b,saved_rule_based,0.49
section_00_source_train_normal_000163,train,source,normal,A,20260901T112205Z-e1edf280326aaa5b93a44f23,20260901T112205Z-e1edf280326aaa5b93a44f23-dg-c86bcdd4e0db-000116,1,none,none,slow,normal-slow-2,rear,normal,clipped/audio_event_clean/normal/20260901T112205Z-e1edf280326aaa5b93a44f23-dg-c86bcdd4e0db-000116_ch1.wav,3DPrinter/train/section_00_source_train_normal_000163.wav,78201e9d504475213a8eb97cd4a3211934ae80443066ce673c5428627d435054,960044,62188800,62668800,98a8ec12fb525744fcafc86cd65c2851db65a217450dead61913dadd000497b1,0,0,fad057bd254fef279de53c9cf25e240d71aa0ed317c649ceb38c9a9600d92a9b,saved_rule_based,0.49
section_00_source_train_normal_000164,train,source,normal,A,20260901T112205Z-e1edf280326aaa5b93a44f23,20260901T112205Z-e1edf280326aaa5b93a44f23-dg-c86bcdd4e0db-000118,1,none,none,slow,normal-slow-2,rear,normal,clipped/audio_event_clean/normal/20260901T112205Z-e1edf280326aaa5b93a44f23-dg-c86bcdd4e0db-000118_ch1.wav,3DPrinter/train/section_00_source_train_normal_000164.wav,92f6332101b1f58607168fa3272fd3f638f9580ecfc331bdad739bc6c846baf2,960044,63148800,63628800,98a8ec12fb525744fcafc86cd65c2851db65a217450dead61913dadd000497b1,0,0,fad057bd254fef279de53c9cf25e240d71aa0ed317c649ceb38c9a9600d92a9b,saved_rule_based,0.49
section_00_source_train_normal_000165,train,source,normal,A,20260901T112205Z-e1edf280326aaa5b93a44f23,20260901T112205Z-e1edf280326aaa5b93a44f23-dg-c86bcdd4e0db-000122,1,none,none,slow,normal-slow-2,rear,normal,clipped/audio_event_clean/normal/20260901T112205Z-e1edf280326aaa5b93a44f23-dg-c86bcdd4e0db-000122_ch1.wav,3DPrinter/train/section_00_source_train_normal_000165.wav,359c282d9c45c6cc7e2ab3f40703839b3a2bde1910b4a9bb6fca89e0a46ef2de,960044,65068800,65548800,98a8ec12fb525744fcafc86cd65c2851db65a217450dead61913dadd000497b1,0,0,fad057bd254fef279de53c9cf25e240d71aa0ed317c649ceb38c9a9600d92a9b,saved_rule_based,0.49
section_00_source_train_normal_000166,train,source,normal,A,20260901T112205Z-e1edf280326aaa5b93a44f23,20260901T112205Z-e1edf280326aaa5b93a44f23-dg-c86bcdd4e0db-000123,1,none,none,slow,normal-slow-2,rear,normal,clipped/audio_event_clean/normal/20260901T112205Z-e1edf280326aaa5b93a44f23-dg-c86bcdd4e0db-000123_ch1.wav,3DPrinter/train/section_00_source_train_normal_000166.wav,3975a257bb0d518a3d0497f5c01c841fc6710e8a0ffece76d2a5f03f543f2e49,960044,65548800,66028800,98a8ec12fb525744fcafc86cd65c2851db65a217450dead61913dadd000497b1,0,0,fad057bd254fef279de53c9cf25e240d71aa0ed317c649ceb38c9a9600d92a9b,saved_rule_based,0.49
section_00_source_train_normal_000167,train,source,normal,A,20260901T112205Z-e1edf280326aaa5b93a44f23,20260901T112205Z-e1edf280326aaa5b93a44f23-dg-c86bcdd4e0db-000124,1,none,none,slow,normal-slow-2,rear,normal,clipped/audio_event_clean/normal/20260901T112205Z-e1edf280326aaa5b93a44f23-dg-c86bcdd4e0db-000124_ch1.wav,3DPrinter/train/section_00_source_train_normal_000167.wav,a51262c7162b3feff2cf0c001bed308241043ff32c4bfea057d3f187c9fbd75e,960044,66028800,66508800,98a8ec12fb525744fcafc86cd65c2851db65a217450dead61913dadd000497b1,0,0,fad057bd254fef279de53c9cf25e240d71aa0ed317c649ceb38c9a9600d92a9b,saved_rule_based,0.49
section_00_source_train_normal_000168,train,source,normal,A,20260901T112205Z-e1edf280326aaa5b93a44f23,20260901T112205Z-e1edf280326aaa5b93a44f23-dg-c86bcdd4e0db-000132,1,none,none,slow,normal-slow-2,rear,normal,clipped/audio_event_clean/normal/20260901T112205Z-e1edf280326aaa5b93a44f23-dg-c86bcdd4e0db-000132_ch1.wav,3DPrinter/train/section_00_source_train_normal_000168.wav,a8e72631bbdf56b73273983bba3cb62dc5bd9c75570ce3c3aafd55137a5977fa,960044,69868800,70348800,98a8ec12fb525744fcafc86cd65c2851db65a217450dead61913dadd000497b1,0,0,fad057bd254fef279de53c9cf25e240d71aa0ed317c649ceb38c9a9600d92a9b,saved_rule_based,0.49
section_00_source_train_normal_000169,train,source,normal,A,20260901T112205Z-e1edf280326aaa5b93a44f23,20260901T112205Z-e1edf280326aaa5b93a44f23-dg-c86bcdd4e0db-000133,1,none,none,slow,normal-slow-2,rear,normal,clipped/audio_event_clean/normal/20260901T112205Z-e1edf280326aaa5b93a44f23-dg-c86bcdd4e0db-000133_ch1.wav,3DPrinter/train/section_00_source_train_normal_000169.wav,98051881156f9448a4486989767f3efc7ee0f80ddfc1b3e54289aec447f146f5,960044,70348800,70828800,98a8ec12fb525744fcafc86cd65c2851db65a217450dead61913dadd000497b1,0,0,fad057bd254fef279de53c9cf25e240d71aa0ed317c649ceb38c9a9600d92a9b,saved_rule_based,0.49
section_00_source_train_normal_000170,train,source,normal,A,20260901T112205Z-e1edf280326aaa5b93a44f23,20260901T112205Z-e1edf280326aaa5b93a44f23-dg-c86bcdd4e0db-000134,1,none,none,slow,normal-slow-2,rear,normal,clipped/audio_event_clean/normal/20260901T112205Z-e1edf280326aaa5b93a44f23-dg-c86bcdd4e0db-000134_ch1.wav,3DPrinter/train/section_00_source_train_normal_000170.wav,4efcc3a58dd8ae0b544edfb521637f9bac8e4a4c88cd71ffc6e61259a8011e4e,960044,70828800,71308800,98a8ec12fb525744fcafc86cd65c2851db65a217450dead61913dadd000497b1,0,0,fad057bd254fef279de53c9cf25e240d71aa0ed317c649ceb38c9a9600d92a9b,saved_rule_based,0.49
section_00_source_train_normal_000171,train,source,normal,A,20260901T112205Z-e1edf280326aaa5b93a44f23,20260901T112205Z-e1edf280326aaa5b93a44f23-dg-c86bcdd4e0db-000135,1,none,none,slow,normal-slow-2,rear,normal,clipped/audio_event_clean/normal/20260901T112205Z-e1edf280326aaa5b93a44f23-dg-c86bcdd4e0db-000135_ch1.wav,3DPrinter/train/section_00_source_train_normal_000171.wav,78140564d36d457302d046c37a06946374ace99c7a1153e546be4d19ace1f253,960044,71308800,71788800,98a8ec12fb525744fcafc86cd65c2851db65a217450dead61913dadd000497b1,0,0,fad057bd254fef279de53c9cf25e240d71aa0ed317c649ceb38c9a9600d92a9b,saved_rule_based,0.49
section_00_source_train_normal_000172,train,source,normal,A,20260901T112205Z-e1edf280326aaa5b93a44f23,20260901T112205Z-e1edf280326aaa5b93a44f23-dg-c86bcdd4e0db-000138,1,none,none,slow,normal-slow-2,rear,normal,clipped/audio_event_clean/normal/20260901T112205Z-e1edf280326aaa5b93a44f23-dg-c86bcdd4e0db-000138_ch1.wav,3DPrinter/train/section_00_source_train_normal_000172.wav,c55937937eb0e99031447035e1afd8e8e739d4f35be0bd9b2126f5dbd2048482,960044,72748800,73228800,98a8ec12fb525744fcafc86cd65c2851db65a217450dead61913dadd000497b1,0,0,fad057bd254fef279de53c9cf25e240d71aa0ed317c649ceb38c9a9600d92a9b,saved_rule_based,0.49
section_00_source_train_normal_000173,train,source,normal,A,20260901T112205Z-e1edf280326aaa5b93a44f23,20260901T112205Z-e1edf280326aaa5b93a44f23-dg-c86bcdd4e0db-000144,1,none,none,slow,normal-slow-2,rear,normal,clipped/audio_event_clean/normal/20260901T112205Z-e1edf280326aaa5b93a44f23-dg-c86bcdd4e0db-000144_ch1.wav,3DPrinter/train/section_00_source_train_normal_000173.wav,278a289f5b5bc15b6aa6c17c18af97cfe80480522fc9a334c1430e568d9188e1,960044,75628800,76108800,98a8ec12fb525744fcafc86cd65c2851db65a217450dead61913dadd000497b1,0,0,fad057bd254fef279de53c9cf25e240d71aa0ed317c649ceb38c9a9600d92a9b,saved_rule_based,0.49
section_00_source_train_normal_000174,train,source,normal,A,20260901T112205Z-e1edf280326aaa5b93a44f23,20260901T112205Z-e1edf280326aaa5b93a44f23-dg-c86bcdd4e0db-000145,1,none,none,slow,normal-slow-2,rear,normal,clipped/audio_event_clean/normal/20260901T112205Z-e1edf280326aaa5b93a44f23-dg-c86bcdd4e0db-000145_ch1.wav,3DPrinter/train/section_00_source_train_normal_000174.wav,09beb687999198a149d907e117c7886e04a46781bd6046a49e3df0ae653c7259,960044,76108800,76588800,98a8ec12fb525744fcafc86cd65c2851db65a217450dead61913dadd000497b1,0,0,fad057bd254fef279de53c9cf25e240d71aa0ed317c649ceb38c9a9600d92a9b,saved_rule_based,0.49
section_00_source_train_normal_000175,train,source,normal,A,20260901T112205Z-e1edf280326aaa5b93a44f23,20260901T112205Z-e1edf280326aaa5b93a44f23-dg-c86bcdd4e0db-000147,1,none,none,slow,normal-slow-2,rear,normal,clipped/audio_event_clean/normal/20260901T112205Z-e1edf280326aaa5b93a44f23-dg-c86bcdd4e0db-000147_ch1.wav,3DPrinter/train/section_00_source_train_normal_000175.wav,fb7832a345c130281e6174975732f9d240e36aebd983c757bbbb0c5008b93254,960044,77068800,77548800,98a8ec12fb525744fcafc86cd65c2851db65a217450dead61913dadd000497b1,0,0,fad057bd254fef279de53c9cf25e240d71aa0ed317c649ceb38c9a9600d92a9b,saved_rule_based,0.49
section_00_source_train_normal_000176,train,source,normal,A,20260901T112205Z-e1edf280326aaa5b93a44f23,20260901T112205Z-e1edf280326aaa5b93a44f23-dg-c86bcdd4e0db-000148,1,none,none,slow,normal-slow-2,rear,normal,clipped/audio_event_clean/normal/20260901T112205Z-e1edf280326aaa5b93a44f23-dg-c86bcdd4e0db-000148_ch1.wav,3DPrinter/train/section_00_source_train_normal_000176.wav,ca17139f7272a69fdf8e0ebbc4cba4a055c8ee50fd64aa2b7520c804637e6e3e,960044,77548800,78028800,98a8ec12fb525744fcafc86cd65c2851db65a217450dead61913dadd000497b1,0,0,fad057bd254fef279de53c9cf25e240d71aa0ed317c649ceb38c9a9600d92a9b,saved_rule_based,0.49
section_00_source_train_normal_000177,train,source,normal,A,20260901T112205Z-e1edf280326aaa5b93a44f23,20260901T112205Z-e1edf280326aaa5b93a44f23-dg-c86bcdd4e0db-000149,1,none,none,slow,normal-slow-2,rear,normal,clipped/audio_event_clean/normal/20260901T112205Z-e1edf280326aaa5b93a44f23-dg-c86bcdd4e0db-000149_ch1.wav,3DPrinter/train/section_00_source_train_normal_000177.wav,721b01d42bd4b6303396c751f2c2c6a0599943c4d436710848bfa4a122c08eda,960044,78028800,78508800,98a8ec12fb525744fcafc86cd65c2851db65a217450dead61913dadd000497b1,0,0,fad057bd254fef279de53c9cf25e240d71aa0ed317c649ceb38c9a9600d92a9b,saved_rule_based,0.49
section_00_source_train_normal_000178,train,source,normal,A,20260901T112205Z-e1edf280326aaa5b93a44f23,20260901T112205Z-e1edf280326aaa5b93a44f23-dg-c86bcdd4e0db-000151,1,none,none,slow,normal-slow-2,rear,normal,clipped/audio_event_clean/normal/20260901T112205Z-e1edf280326aaa5b93a44f23-dg-c86bcdd4e0db-000151_ch1.wav,3DPrinter/train/section_00_source_train_normal_000178.wav,2fd560d514a3a87826a3d9abd112d3e63cba8b42436d368927f6ec4bfd51e605,960044,78988800,79468800,98a8ec12fb525744fcafc86cd65c2851db65a217450dead61913dadd000497b1,0,0,fad057bd254fef279de53c9cf25e240d71aa0ed317c649ceb38c9a9600d92a9b,saved_rule_based,0.49
section_00_source_train_normal_000179,train,source,normal,A,20260901T112205Z-e1edf280326aaa5b93a44f23,20260901T112205Z-e1edf280326aaa5b93a44f23-dg-c86bcdd4e0db-000152,1,none,none,slow,normal-slow-2,rear,normal,clipped/audio_event_clean/normal/20260901T112205Z-e1edf280326aaa5b93a44f23-dg-c86bcdd4e0db-000152_ch1.wav,3DPrinter/train/section_00_source_train_normal_000179.wav,7da75adee2df9232cc4028eaecdcbd58fb763317b676a602c418e9cc949bda8e,960044,79468800,79948800,98a8ec12fb525744fcafc86cd65c2851db65a217450dead61913dadd000497b1,0,0,fad057bd254fef279de53c9cf25e240d71aa0ed317c649ceb38c9a9600d92a9b,saved_rule_based,0.49
section_00_source_train_normal_000180,train,source,normal,A,20260901T112205Z-e1edf280326aaa5b93a44f23,20260901T112205Z-e1edf280326aaa5b93a44f23-dg-c86bcdd4e0db-000153,1,none,none,slow,normal-slow-2,rear,normal,clipped/audio_event_clean/normal/20260901T112205Z-e1edf280326aaa5b93a44f23-dg-c86bcdd4e0db-000153_ch1.wav,3DPrinter/train/section_00_source_train_normal_000180.wav,564769c8b93aa24663fa7e1a3856a2ab4b727ae51eb3d7fb98d6cba57d26feaf,960044,79948800,80428800,98a8ec12fb525744fcafc86cd65c2851db65a217450dead61913dadd000497b1,0,0,fad057bd254fef279de53c9cf25e240d71aa0ed317c649ceb38c9a9600d92a9b,saved_rule_based,0.49
section_00_source_train_normal_000181,train,source,normal,A,20260901T112205Z-e1edf280326aaa5b93a44f23,20260901T112205Z-e1edf280326aaa5b93a44f23-dg-c86bcdd4e0db-000156,1,none,none,slow,normal-slow-2,rear,normal,clipped/audio_event_clean/normal/20260901T112205Z-e1edf280326aaa5b93a44f23-dg-c86bcdd4e0db-000156_ch1.wav,3DPrinter/train/section_00_source_train_normal_000181.wav,bb3993cdc07cb79876dbbc9f5bce91d054e3e33c902f32d622a1019a8a46a0d4,960044,81388800,81868800,98a8ec12fb525744fcafc86cd65c2851db65a217450dead61913dadd000497b1,0,0,fad057bd254fef279de53c9cf25e240d71aa0ed317c649ceb38c9a9600d92a9b,saved_rule_based,0.49
section_00_source_train_normal_000182,train,source,normal,A,20260901T112205Z-e1edf280326aaa5b93a44f23,20260901T112205Z-e1edf280326aaa5b93a44f23-dg-c86bcdd4e0db-000157,1,none,none,slow,normal-slow-2,rear,normal,clipped/audio_event_clean/normal/20260901T112205Z-e1edf280326aaa5b93a44f23-dg-c86bcdd4e0db-000157_ch1.wav,3DPrinter/train/section_00_source_train_normal_000182.wav,f4fa219128288852f9927164f9fd2732608baf8daeffff873db42ea7ad98b48d,960044,81868800,82348800,98a8ec12fb525744fcafc86cd65c2851db65a217450dead61913dadd000497b1,0,0,fad057bd254fef279de53c9cf25e240d71aa0ed317c649ceb38c9a9600d92a9b,saved_rule_based,0.49
section_00_source_train_normal_000183,train,source,normal,A,20260901T112205Z-e1edf280326aaa5b93a44f23,20260901T112205Z-e1edf280326aaa5b93a44f23-dg-c86bcdd4e0db-000162,1,none,none,slow,normal-slow-2,rear,normal,clipped/audio_event_clean/normal/20260901T112205Z-e1edf280326aaa5b93a44f23-dg-c86bcdd4e0db-000162_ch1.wav,3DPrinter/train/section_00_source_train_normal_000183.wav,162655082d214b7bce461fcb239838f04ac0f7b5083902313611bb85ba186dcb,960044,84268800,84748800,98a8ec12fb525744fcafc86cd65c2851db65a217450dead61913dadd000497b1,0,0,fad057bd254fef279de53c9cf25e240d71aa0ed317c649ceb38c9a9600d92a9b,saved_rule_based,0.49
section_00_source_train_normal_000184,train,source,normal,A,20260901T112205Z-e1edf280326aaa5b93a44f23,20260901T112205Z-e1edf280326aaa5b93a44f23-dg-c86bcdd4e0db-000166,1,none,none,slow,normal-slow-2,rear,normal,clipped/audio_event_clean/normal/20260901T112205Z-e1edf280326aaa5b93a44f23-dg-c86bcdd4e0db-000166_ch1.wav,3DPrinter/train/section_00_source_train_normal_000184.wav,addd4ecb42edb1d6c6fcf92fad127a0088082258cdfbc8ea66b5ded33c185ca3,960044,86188800,86668800,98a8ec12fb525744fcafc86cd65c2851db65a217450dead61913dadd000497b1,0,0,fad057bd254fef279de53c9cf25e240d71aa0ed317c649ceb38c9a9600d92a9b,saved_rule_based,0.49
section_00_source_train_normal_000185,train,source,normal,A,20260901T112205Z-e1edf280326aaa5b93a44f23,20260901T112205Z-e1edf280326aaa5b93a44f23-dg-c86bcdd4e0db-000167,1,none,none,slow,normal-slow-2,rear,normal,clipped/audio_event_clean/normal/20260901T112205Z-e1edf280326aaa5b93a44f23-dg-c86bcdd4e0db-000167_ch1.wav,3DPrinter/train/section_00_source_train_normal_000185.wav,cc3f4d4473221ce6b2008e458eb422e7529ce905fab4cdb977c5dae41eb3a6c9,960044,86668800,87148800,98a8ec12fb525744fcafc86cd65c2851db65a217450dead61913dadd000497b1,0,0,fad057bd254fef279de53c9cf25e240d71aa0ed317c649ceb38c9a9600d92a9b,saved_rule_based,0.49
section_00_source_train_normal_000186,train,source,normal,A,20260901T112205Z-e1edf280326aaa5b93a44f23,20260901T112205Z-e1edf280326aaa5b93a44f23-dg-c86bcdd4e0db-000168,1,none,none,slow,normal-slow-2,rear,normal,clipped/audio_event_clean/normal/20260901T112205Z-e1edf280326aaa5b93a44f23-dg-c86bcdd4e0db-000168_ch1.wav,3DPrinter/train/section_00_source_train_normal_000186.wav,dac8706b77d07e34e9e0e87379c96dd11945d40200885c503a3c728e078ee72f,960044,87148800,87628800,98a8ec12fb525744fcafc86cd65c2851db65a217450dead61913dadd000497b1,0,0,fad057bd254fef279de53c9cf25e240d71aa0ed317c649ceb38c9a9600d92a9b,saved_rule_based,0.49
section_00_source_train_normal_000187,train,source,normal,A,20260901T112205Z-e1edf280326aaa5b93a44f23,20260901T112205Z-e1edf280326aaa5b93a44f23-dg-c86bcdd4e0db-000169,1,none,none,slow,normal-slow-2,rear,normal,clipped/audio_event_clean/normal/20260901T112205Z-e1edf280326aaa5b93a44f23-dg-c86bcdd4e0db-000169_ch1.wav,3DPrinter/train/section_00_source_train_normal_000187.wav,e0dcf32124056dc4f961c306d4baad85ed4ffbfd290321baa32f482adc3d6099,960044,87628800,88108800,98a8ec12fb525744fcafc86cd65c2851db65a217450dead61913dadd000497b1,0,0,fad057bd254fef279de53c9cf25e240d71aa0ed317c649ceb38c9a9600d92a9b,saved_rule_based,0.49
section_00_source_train_normal_000188,train,source,normal,A,20260901T112205Z-e1edf280326aaa5b93a44f23,20260901T112205Z-e1edf280326aaa5b93a44f23-dg-c86bcdd4e0db-000176,1,none,none,slow,normal-slow-2,rear,normal,clipped/audio_event_clean/normal/20260901T112205Z-e1edf280326aaa5b93a44f23-dg-c86bcdd4e0db-000176_ch1.wav,3DPrinter/train/section_00_source_train_normal_000188.wav,a66cdf5056d4d76ab0ddb8e834c7a866e3a59c27e6499c4a1cdd4ede879da939,960044,90988800,91468800,98a8ec12fb525744fcafc86cd65c2851db65a217450dead61913dadd000497b1,0,0,fad057bd254fef279de53c9cf25e240d71aa0ed317c649ceb38c9a9600d92a9b,saved_rule_based,0.49
section_00_source_train_normal_000189,train,source,normal,A,20260901T112205Z-e1edf280326aaa5b93a44f23,20260901T112205Z-e1edf280326aaa5b93a44f23-dg-c86bcdd4e0db-000177,1,none,none,slow,normal-slow-2,rear,normal,clipped/audio_event_clean/normal/20260901T112205Z-e1edf280326aaa5b93a44f23-dg-c86bcdd4e0db-000177_ch1.wav,3DPrinter/train/section_00_source_train_normal_000189.wav,a3b5bca01c5404f8c55cbe0e42db0fe60fe3c120ebf806becd2bfd874c3d10dd,960044,91468800,91948800,98a8ec12fb525744fcafc86cd65c2851db65a217450dead61913dadd000497b1,0,0,fad057bd254fef279de53c9cf25e240d71aa0ed317c649ceb38c9a9600d92a9b,saved_rule_based,0.49
section_00_source_train_normal_000190,train,source,normal,A,20260901T112205Z-e1edf280326aaa5b93a44f23,20260901T112205Z-e1edf280326aaa5b93a44f23-dg-c86bcdd4e0db-000178,1,none,none,slow,normal-slow-2,rear,normal,clipped/audio_event_clean/normal/20260901T112205Z-e1edf280326aaa5b93a44f23-dg-c86bcdd4e0db-000178_ch1.wav,3DPrinter/train/section_00_source_train_normal_000190.wav,3978d81ddb81ce794d6259d486074d262548497908623e93d10337b417c57407,960044,91948800,92428800,98a8ec12fb525744fcafc86cd65c2851db65a217450dead61913dadd000497b1,0,0,fad057bd254fef279de53c9cf25e240d71aa0ed317c649ceb38c9a9600d92a9b,saved_rule_based,0.49
section_00_source_train_normal_000191,train,source,normal,A,20260901T112205Z-e1edf280326aaa5b93a44f23,20260901T112205Z-e1edf280326aaa5b93a44f23-dg-c86bcdd4e0db-000179,1,none,none,slow,normal-slow-2,rear,normal,clipped/audio_event_clean/normal/20260901T112205Z-e1edf280326aaa5b93a44f23-dg-c86bcdd4e0db-000179_ch1.wav,3DPrinter/train/section_00_source_train_normal_000191.wav,908e683db9bbd13152e872c45ae59581a9e26b0a8b2d521254dcfbcdd8e69c15,960044,92428800,92908800,98a8ec12fb525744fcafc86cd65c2851db65a217450dead61913dadd000497b1,0,0,fad057bd254fef279de53c9cf25e240d71aa0ed317c649ceb38c9a9600d92a9b,saved_rule_based,0.49
section_00_source_train_normal_000192,train,source,normal,A,20260901T112205Z-e1edf280326aaa5b93a44f23,20260901T112205Z-e1edf280326aaa5b93a44f23-dg-c86bcdd4e0db-000184,1,none,none,slow,normal-slow-2,rear,normal,clipped/audio_event_clean/normal/20260901T112205Z-e1edf280326aaa5b93a44f23-dg-c86bcdd4e0db-000184_ch1.wav,3DPrinter/train/section_00_source_train_normal_000192.wav,d93590a665988b9126bfdc05c4225ac6545d7d694bb3f2d463dc373846c4e55f,960044,94828800,95308800,98a8ec12fb525744fcafc86cd65c2851db65a217450dead61913dadd000497b1,0,0,fad057bd254fef279de53c9cf25e240d71aa0ed317c649ceb38c9a9600d92a9b,saved_rule_based,0.49
section_00_source_train_normal_000193,train,source,normal,A,20260901T112205Z-e1edf280326aaa5b93a44f23,20260901T112205Z-e1edf280326aaa5b93a44f23-dg-c86bcdd4e0db-000187,1,none,none,slow,normal-slow-2,rear,normal,clipped/audio_event_clean/normal/20260901T112205Z-e1edf280326aaa5b93a44f23-dg-c86bcdd4e0db-000187_ch1.wav,3DPrinter/train/section_00_source_train_normal_000193.wav,e39f2e191a0dacf4388d8048b4eff9f1d2cf22245fe34f811388e54e317f74a0,960044,96268800,96748800,98a8ec12fb525744fcafc86cd65c2851db65a217450dead61913dadd000497b1,0,0,fad057bd254fef279de53c9cf25e240d71aa0ed317c649ceb38c9a9600d92a9b,saved_rule_based,0.49
section_00_source_train_normal_000194,train,source,normal,A,20260901T112205Z-e1edf280326aaa5b93a44f23,20260901T112205Z-e1edf280326aaa5b93a44f23-dg-c86bcdd4e0db-000188,1,none,none,slow,normal-slow-2,rear,normal,clipped/audio_event_clean/normal/20260901T112205Z-e1edf280326aaa5b93a44f23-dg-c86bcdd4e0db-000188_ch1.wav,3DPrinter/train/section_00_source_train_normal_000194.wav,04ec96f7eda3873af6aea00a9953ec8fc4d1310b804a900b7e923835db776675,960044,96748800,97228800,98a8ec12fb525744fcafc86cd65c2851db65a217450dead61913dadd000497b1,0,0,fad057bd254fef279de53c9cf25e240d71aa0ed317c649ceb38c9a9600d92a9b,saved_rule_based,0.49
section_00_source_train_normal_000195,train,source,normal,A,20260901T112205Z-e1edf280326aaa5b93a44f23,20260901T112205Z-e1edf280326aaa5b93a44f23-dg-c86bcdd4e0db-000190,1,none,none,slow,normal-slow-2,rear,normal,clipped/audio_event_clean/normal/20260901T112205Z-e1edf280326aaa5b93a44f23-dg-c86bcdd4e0db-000190_ch1.wav,3DPrinter/train/section_00_source_train_normal_000195.wav,f338ce59d98eaaf6fc92974a10a899ec6c666c382052f51fb59fc65f652a3ac6,960044,97708800,98188800,98a8ec12fb525744fcafc86cd65c2851db65a217450dead61913dadd000497b1,0,0,fad057bd254fef279de53c9cf25e240d71aa0ed317c649ceb38c9a9600d92a9b,saved_rule_based,0.49
section_00_source_train_normal_000196,train,source,normal,A,20260901T112205Z-e1edf280326aaa5b93a44f23,20260901T112205Z-e1edf280326aaa5b93a44f23-dg-c86bcdd4e0db-000191,1,none,none,slow,normal-slow-2,rear,normal,clipped/audio_event_clean/normal/20260901T112205Z-e1edf280326aaa5b93a44f23-dg-c86bcdd4e0db-000191_ch1.wav,3DPrinter/train/section_00_source_train_normal_000196.wav,3e73029122e91a4fb4407ab0cc4f5013cfe8409b75d119fe3c938d59ba5145d4,960044,98188800,98668800,98a8ec12fb525744fcafc86cd65c2851db65a217450dead61913dadd000497b1,0,0,fad057bd254fef279de53c9cf25e240d71aa0ed317c649ceb38c9a9600d92a9b,saved_rule_based,0.49
section_00_source_train_normal_000197,train,source,normal,A,20260901T112205Z-e1edf280326aaa5b93a44f23,20260901T112205Z-e1edf280326aaa5b93a44f23-dg-c86bcdd4e0db-000192,1,none,none,slow,normal-slow-2,rear,normal,clipped/audio_event_clean/normal/20260901T112205Z-e1edf280326aaa5b93a44f23-dg-c86bcdd4e0db-000192_ch1.wav,3DPrinter/train/section_00_source_train_normal_000197.wav,2bb9d604e75949eacef01930f6f1e382585d5c56d4d840950ede8ab10b5abf21,960044,98668800,99148800,98a8ec12fb525744fcafc86cd65c2851db65a217450dead61913dadd000497b1,0,0,fad057bd254fef279de53c9cf25e240d71aa0ed317c649ceb38c9a9600d92a9b,saved_rule_based,0.49
section_00_source_train_normal_000198,train,source,normal,A,20260901T112205Z-e1edf280326aaa5b93a44f23,20260901T112205Z-e1edf280326aaa5b93a44f23-dg-c86bcdd4e0db-000194,1,none,none,slow,normal-slow-2,rear,normal,clipped/audio_event_clean/normal/20260901T112205Z-e1edf280326aaa5b93a44f23-dg-c86bcdd4e0db-000194_ch1.wav,3DPrinter/train/section_00_source_train_normal_000198.wav,7d1055bae911b6f3da4a8ce456d52d72fdad38d13792397162b3bc373678dae7,960044,99628800,100108800,98a8ec12fb525744fcafc86cd65c2851db65a217450dead61913dadd000497b1,0,0,fad057bd254fef279de53c9cf25e240d71aa0ed317c649ceb38c9a9600d92a9b,saved_rule_based,0.49
section_00_source_train_normal_000199,train,source,normal,A,20260901T112205Z-e1edf280326aaa5b93a44f23,20260901T112205Z-e1edf280326aaa5b93a44f23-dg-c86bcdd4e0db-000195,1,none,none,slow,normal-slow-2,rear,normal,clipped/audio_event_clean/normal/20260901T112205Z-e1edf280326aaa5b93a44f23-dg-c86bcdd4e0db-000195_ch1.wav,3DPrinter/train/section_00_source_train_normal_000199.wav,b2dab58a27b6e8ad3bd804a4c78e446d0fa94ee9d76c20ec032b8e65fe381af8,960044,100108800,100588800,98a8ec12fb525744fcafc86cd65c2851db65a217450dead61913dadd000497b1,0,0,fad057bd254fef279de53c9cf25e240d71aa0ed317c649ceb38c9a9600d92a9b,saved_rule_based,0.49
section_00_source_train_normal_000200,train,source,normal,A,20260901T112205Z-e1edf280326aaa5b93a44f23,20260901T112205Z-e1edf280326aaa5b93a44f23-dg-c86bcdd4e0db-000196,1,none,none,slow,normal-slow-2,rear,normal,clipped/audio_event_clean/normal/20260901T112205Z-e1edf280326aaa5b93a44f23-dg-c86bcdd4e0db-000196_ch1.wav,3DPrinter/train/section_00_source_train_normal_000200.wav,190f8aac560e8b3db4129abc6841d98c1e8c48a55fe48e7b10d20c1b76e37b26,960044,100588800,101068800,98a8ec12fb525744fcafc86cd65c2851db65a217450dead61913dadd000497b1,0,0,fad057bd254fef279de53c9cf25e240d71aa0ed317c649ceb38c9a9600d92a9b,saved_rule_based,0.49
section_00_source_train_normal_000201,train,source,normal,A,20260901T112205Z-e1edf280326aaa5b93a44f23,20260901T112205Z-e1edf280326aaa5b93a44f23-dg-c86bcdd4e0db-000198,1,none,none,slow,normal-slow-2,rear,normal,clipped/audio_event_clean/normal/20260901T112205Z-e1edf280326aaa5b93a44f23-dg-c86bcdd4e0db-000198_ch1.wav,3DPrinter/train/section_00_source_train_normal_000201.wav,3fd7917c4891ec608dec9c17f94cc3503f4a0903127cc5c7afbcb53838608c5d,960044,101548800,102028800,98a8ec12fb525744fcafc86cd65c2851db65a217450dead61913dadd000497b1,0,0,fad057bd254fef279de53c9cf25e240d71aa0ed317c649ceb38c9a9600d92a9b,saved_rule_based,0.49
section_00_source_train_normal_000202,train,source,normal,A,20260901T112205Z-e1edf280326aaa5b93a44f23,20260901T112205Z-e1edf280326aaa5b93a44f23-dg-c86bcdd4e0db-000199,1,none,none,slow,normal-slow-2,rear,normal,clipped/audio_event_clean/normal/20260901T112205Z-e1edf280326aaa5b93a44f23-dg-c86bcdd4e0db-000199_ch1.wav,3DPrinter/train/section_00_source_train_normal_000202.wav,5985ab7fd2af988baa5bb45ac293fa292279dce745016f0d04be881b8ad1a6a0,960044,102028800,102508800,98a8ec12fb525744fcafc86cd65c2851db65a217450dead61913dadd000497b1,0,0,fad057bd254fef279de53c9cf25e240d71aa0ed317c649ceb38c9a9600d92a9b,saved_rule_based,0.49
section_00_source_train_normal_000203,train,source,normal,A,20260901T112205Z-e1edf280326aaa5b93a44f23,20260901T112205Z-e1edf280326aaa5b93a44f23-dg-c86bcdd4e0db-000203,1,none,none,slow,normal-slow-2,rear,normal,clipped/audio_event_clean/normal/20260901T112205Z-e1edf280326aaa5b93a44f23-dg-c86bcdd4e0db-000203_ch1.wav,3DPrinter/train/section_00_source_train_normal_000203.wav,c3c6370c27869e871e7227744061326bbaf15194dd6c0f05e108083f253debd1,960044,103948800,104428800,98a8ec12fb525744fcafc86cd65c2851db65a217450dead61913dadd000497b1,0,0,fad057bd254fef279de53c9cf25e240d71aa0ed317c649ceb38c9a9600d92a9b,saved_rule_based,0.49
section_00_source_train_normal_000204,train,source,normal,A,20260901T112205Z-e1edf280326aaa5b93a44f23,20260901T112205Z-e1edf280326aaa5b93a44f23-dg-c86bcdd4e0db-000205,1,none,none,slow,normal-slow-2,rear,normal,clipped/audio_event_clean/normal/20260901T112205Z-e1edf280326aaa5b93a44f23-dg-c86bcdd4e0db-000205_ch1.wav,3DPrinter/train/section_00_source_train_normal_000204.wav,78061f8a82dc4d3026b93d30ca6b7370a69f6631552902be030c9b6693395d23,960044,104908800,105388800,98a8ec12fb525744fcafc86cd65c2851db65a217450dead61913dadd000497b1,0,0,fad057bd254fef279de53c9cf25e240d71aa0ed317c649ceb38c9a9600d92a9b,saved_rule_based,0.49
section_00_source_train_normal_000205,train,source,normal,A,20260901T112205Z-e1edf280326aaa5b93a44f23,20260901T112205Z-e1edf280326aaa5b93a44f23-dg-c86bcdd4e0db-000209,1,none,none,slow,normal-slow-2,rear,normal,clipped/audio_event_clean/normal/20260901T112205Z-e1edf280326aaa5b93a44f23-dg-c86bcdd4e0db-000209_ch1.wav,3DPrinter/train/section_00_source_train_normal_000205.wav,7c4ee739cff8668958e4eb797840fa337bad4cbf56a1e97db1beb538890f2279,960044,106828800,107308800,98a8ec12fb525744fcafc86cd65c2851db65a217450dead61913dadd000497b1,0,0,fad057bd254fef279de53c9cf25e240d71aa0ed317c649ceb38c9a9600d92a9b,saved_rule_based,0.49
section_00_source_train_normal_000206,train,source,normal,A,20260901T112205Z-e1edf280326aaa5b93a44f23,20260901T112205Z-e1edf280326aaa5b93a44f23-dg-c86bcdd4e0db-000212,1,none,none,slow,normal-slow-2,rear,normal,clipped/audio_event_clean/normal/20260901T112205Z-e1edf280326aaa5b93a44f23-dg-c86bcdd4e0db-000212_ch1.wav,3DPrinter/train/section_00_source_train_normal_000206.wav,53b47a51a74b7d687d3cf1cfdcc41e3cae260f93156156c938ee134c22b7df6b,960044,108268800,108748800,98a8ec12fb525744fcafc86cd65c2851db65a217450dead61913dadd000497b1,0,0,fad057bd254fef279de53c9cf25e240d71aa0ed317c649ceb38c9a9600d92a9b,saved_rule_based,0.49
section_00_source_train_normal_000207,train,source,normal,A,20260901T112205Z-e1edf280326aaa5b93a44f23,20260901T112205Z-e1edf280326aaa5b93a44f23-dg-c86bcdd4e0db-000214,1,none,none,slow,normal-slow-2,rear,normal,clipped/audio_event_clean/normal/20260901T112205Z-e1edf280326aaa5b93a44f23-dg-c86bcdd4e0db-000214_ch1.wav,3DPrinter/train/section_00_source_train_normal_000207.wav,721a0b2f8265e43ccbb0b7176f24dce4e84fc86df7d0603f97954126f7dc06ad,960044,109228800,109708800,98a8ec12fb525744fcafc86cd65c2851db65a217450dead61913dadd000497b1,0,0,fad057bd254fef279de53c9cf25e240d71aa0ed317c649ceb38c9a9600d92a9b,saved_rule_based,0.49
section_00_source_train_normal_000208,train,source,normal,A,20260901T112205Z-e1edf280326aaa5b93a44f23,20260901T112205Z-e1edf280326aaa5b93a44f23-dg-c86bcdd4e0db-000219,1,none,none,slow,normal-slow-2,rear,normal,clipped/audio_event_clean/normal/20260901T112205Z-e1edf280326aaa5b93a44f23-dg-c86bcdd4e0db-000219_ch1.wav,3DPrinter/train/section_00_source_train_normal_000208.wav,4c6b438da8c7d92953aebce3aeba0165e126fdb06316996f5805eb05aad7464d,960044,111628800,112108800,98a8ec12fb525744fcafc86cd65c2851db65a217450dead61913dadd000497b1,0,0,fad057bd254fef279de53c9cf25e240d71aa0ed317c649ceb38c9a9600d92a9b,saved_rule_based,0.49
section_00_source_train_normal_000209,train,source,normal,A,20260901T112205Z-e1edf280326aaa5b93a44f23,20260901T112205Z-e1edf280326aaa5b93a44f23-dg-c86bcdd4e0db-000221,1,none,none,slow,normal-slow-2,rear,normal,clipped/audio_event_clean/normal/20260901T112205Z-e1edf280326aaa5b93a44f23-dg-c86bcdd4e0db-000221_ch1.wav,3DPrinter/train/section_00_source_train_normal_000209.wav,217bd8a18bae886001da6bcbff4650530d5740cfb86d96c6c196a425f6053cc0,960044,112588800,113068800,98a8ec12fb525744fcafc86cd65c2851db65a217450dead61913dadd000497b1,0,0,fad057bd254fef279de53c9cf25e240d71aa0ed317c649ceb38c9a9600d92a9b,saved_rule_based,0.49
section_00_source_train_normal_000210,train,source,normal,A,20260901T112205Z-e1edf280326aaa5b93a44f23,20260901T112205Z-e1edf280326aaa5b93a44f23-dg-c86bcdd4e0db-000224,1,none,none,slow,normal-slow-2,rear,normal,clipped/audio_event_clean/normal/20260901T112205Z-e1edf280326aaa5b93a44f23-dg-c86bcdd4e0db-000224_ch1.wav,3DPrinter/train/section_00_source_train_normal_000210.wav,66276f38f58fb096d8a8c12382a6c0bec97a5b07cdc6c94de1cf8ee06ad4f6c7,960044,114028800,114508800,98a8ec12fb525744fcafc86cd65c2851db65a217450dead61913dadd000497b1,0,0,fad057bd254fef279de53c9cf25e240d71aa0ed317c649ceb38c9a9600d92a9b,saved_rule_based,0.49
section_00_source_train_normal_000211,train,source,normal,A,20260901T112205Z-e1edf280326aaa5b93a44f23,20260901T112205Z-e1edf280326aaa5b93a44f23-dg-c86bcdd4e0db-000227,1,none,none,slow,normal-slow-2,rear,normal,clipped/audio_event_clean/normal/20260901T112205Z-e1edf280326aaa5b93a44f23-dg-c86bcdd4e0db-000227_ch1.wav,3DPrinter/train/section_00_source_train_normal_000211.wav,8d0520e5ed3a7e11f7ae34d80ba141d29b4ad02f821b5cb0ac129f5c6be49480,960044,115468800,115948800,98a8ec12fb525744fcafc86cd65c2851db65a217450dead61913dadd000497b1,0,0,fad057bd254fef279de53c9cf25e240d71aa0ed317c649ceb38c9a9600d92a9b,saved_rule_based,0.49
section_00_source_train_normal_000212,train,source,normal,A,20260901T112205Z-e1edf280326aaa5b93a44f23,20260901T112205Z-e1edf280326aaa5b93a44f23-dg-c86bcdd4e0db-000228,1,none,none,slow,normal-slow-2,rear,normal,clipped/audio_event_clean/normal/20260901T112205Z-e1edf280326aaa5b93a44f23-dg-c86bcdd4e0db-000228_ch1.wav,3DPrinter/train/section_00_source_train_normal_000212.wav,83ce1ef27f5659656035a297d910f2d8f0d8690f1d02b4d3ebf568e291caafc7,960044,115948800,116428800,98a8ec12fb525744fcafc86cd65c2851db65a217450dead61913dadd000497b1,0,0,fad057bd254fef279de53c9cf25e240d71aa0ed317c649ceb38c9a9600d92a9b,saved_rule_based,0.49
section_00_source_train_normal_000213,train,source,normal,A,20260901T112205Z-e1edf280326aaa5b93a44f23,20260901T112205Z-e1edf280326aaa5b93a44f23-dg-c86bcdd4e0db-000229,1,none,none,slow,normal-slow-2,rear,normal,clipped/audio_event_clean/normal/20260901T112205Z-e1edf280326aaa5b93a44f23-dg-c86bcdd4e0db-000229_ch1.wav,3DPrinter/train/section_00_source_train_normal_000213.wav,ee399fd0fc6b103c635d16d87abdc45a89cdae4abd363c03fd7721aff4ce4d83,960044,116428800,116908800,98a8ec12fb525744fcafc86cd65c2851db65a217450dead61913dadd000497b1,0,0,fad057bd254fef279de53c9cf25e240d71aa0ed317c649ceb38c9a9600d92a9b,saved_rule_based,0.49
section_00_source_train_normal_000214,train,source,normal,A,20260901T112205Z-e1edf280326aaa5b93a44f23,20260901T112205Z-e1edf280326aaa5b93a44f23-dg-c86bcdd4e0db-000230,1,none,none,slow,normal-slow-2,rear,normal,clipped/audio_event_clean/normal/20260901T112205Z-e1edf280326aaa5b93a44f23-dg-c86bcdd4e0db-000230_ch1.wav,3DPrinter/train/section_00_source_train_normal_000214.wav,a2e75fafab2752865d26a33bb8112f182e2aaadb2fd18ab09086aadcea847ff0,960044,116908800,117388800,98a8ec12fb525744fcafc86cd65c2851db65a217450dead61913dadd000497b1,0,0,fad057bd254fef279de53c9cf25e240d71aa0ed317c649ceb38c9a9600d92a9b,saved_rule_based,0.49
section_00_source_train_normal_000215,train,source,normal,A,20260901T112205Z-e1edf280326aaa5b93a44f23,20260901T112205Z-e1edf280326aaa5b93a44f23-dg-c86bcdd4e0db-000231,1,none,none,slow,normal-slow-2,rear,normal,clipped/audio_event_clean/normal/20260901T112205Z-e1edf280326aaa5b93a44f23-dg-c86bcdd4e0db-000231_ch1.wav,3DPrinter/train/section_00_source_train_normal_000215.wav,31729cf614d9735d74274a6ba4277d067ddc8b6522a0b6db55b1ba890d0e12ef,960044,117388800,117868800,98a8ec12fb525744fcafc86cd65c2851db65a217450dead61913dadd000497b1,0,0,fad057bd254fef279de53c9cf25e240d71aa0ed317c649ceb38c9a9600d92a9b,saved_rule_based,0.49
section_00_source_train_normal_000216,train,source,normal,A,20260901T112205Z-e1edf280326aaa5b93a44f23,20260901T112205Z-e1edf280326aaa5b93a44f23-dg-c86bcdd4e0db-000233,1,none,none,slow,normal-slow-2,rear,normal,clipped/audio_event_clean/normal/20260901T112205Z-e1edf280326aaa5b93a44f23-dg-c86bcdd4e0db-000233_ch1.wav,3DPrinter/train/section_00_source_train_normal_000216.wav,457deefc08c4904359c75412c0514b74f383cdd52c35d55565910bd8e21b1eca,960044,118348800,118828800,98a8ec12fb525744fcafc86cd65c2851db65a217450dead61913dadd000497b1,0,0,fad057bd254fef279de53c9cf25e240d71aa0ed317c649ceb38c9a9600d92a9b,saved_rule_based,0.49
section_00_source_train_normal_000217,train,source,normal,A,20260901T112205Z-e1edf280326aaa5b93a44f23,20260901T112205Z-e1edf280326aaa5b93a44f23-dg-c86bcdd4e0db-000235,1,none,none,slow,normal-slow-2,rear,normal,clipped/audio_event_clean/normal/20260901T112205Z-e1edf280326aaa5b93a44f23-dg-c86bcdd4e0db-000235_ch1.wav,3DPrinter/train/section_00_source_train_normal_000217.wav,36dc92d2059ac57132ebf1f4385f9f880ec3157cc680a4e65895746f4a22a270,960044,119308800,119788800,98a8ec12fb525744fcafc86cd65c2851db65a217450dead61913dadd000497b1,0,0,fad057bd254fef279de53c9cf25e240d71aa0ed317c649ceb38c9a9600d92a9b,saved_rule_based,0.49
section_00_source_train_normal_000218,train,source,normal,A,20260901T112205Z-e1edf280326aaa5b93a44f23,20260901T112205Z-e1edf280326aaa5b93a44f23-dg-c86bcdd4e0db-000236,1,none,none,slow,normal-slow-2,rear,normal,clipped/audio_event_clean/normal/20260901T112205Z-e1edf280326aaa5b93a44f23-dg-c86bcdd4e0db-000236_ch1.wav,3DPrinter/train/section_00_source_train_normal_000218.wav,a8567b23e67fa70d65361c1f3f41d11bc559b6189580bd17cc0f0f772840d7b1,960044,119788800,120268800,98a8ec12fb525744fcafc86cd65c2851db65a217450dead61913dadd000497b1,0,0,fad057bd254fef279de53c9cf25e240d71aa0ed317c649ceb38c9a9600d92a9b,saved_rule_based,0.49
section_00_source_train_normal_000219,train,source,normal,A,20260901T112205Z-e1edf280326aaa5b93a44f23,20260901T112205Z-e1edf280326aaa5b93a44f23-dg-c86bcdd4e0db-000240,1,none,none,slow,normal-slow-2,rear,normal,clipped/audio_event_clean/normal/20260901T112205Z-e1edf280326aaa5b93a44f23-dg-c86bcdd4e0db-000240_ch1.wav,3DPrinter/train/section_00_source_train_normal_000219.wav,26504e9d075989855cf46956eb2a29ca4e7a403471764d4d791306a61f393b63,960044,121708800,122188800,98a8ec12fb525744fcafc86cd65c2851db65a217450dead61913dadd000497b1,0,0,fad057bd254fef279de53c9cf25e240d71aa0ed317c649ceb38c9a9600d92a9b,saved_rule_based,0.49
section_00_source_train_normal_000220,train,source,normal,A,20260901T112205Z-e1edf280326aaa5b93a44f23,20260901T112205Z-e1edf280326aaa5b93a44f23-dg-c86bcdd4e0db-000241,1,none,none,slow,normal-slow-2,rear,normal,clipped/audio_event_clean/normal/20260901T112205Z-e1edf280326aaa5b93a44f23-dg-c86bcdd4e0db-000241_ch1.wav,3DPrinter/train/section_00_source_train_normal_000220.wav,86e3bfd80f8d4af4f7d70b981dd6afbb900ab9cb16f5139547947e8c117a3538,960044,122188800,122668800,98a8ec12fb525744fcafc86cd65c2851db65a217450dead61913dadd000497b1,0,0,fad057bd254fef279de53c9cf25e240d71aa0ed317c649ceb38c9a9600d92a9b,saved_rule_based,0.49
section_00_source_train_normal_000221,train,source,normal,A,20260901T112205Z-e1edf280326aaa5b93a44f23,20260901T112205Z-e1edf280326aaa5b93a44f23-dg-c86bcdd4e0db-000242,1,none,none,slow,normal-slow-2,rear,normal,clipped/audio_event_clean/normal/20260901T112205Z-e1edf280326aaa5b93a44f23-dg-c86bcdd4e0db-000242_ch1.wav,3DPrinter/train/section_00_source_train_normal_000221.wav,76a2b0a76ff4e953d9a466b193cdd4ef8c88900886bff9c3b02d15d66b5f1b61,960044,122668800,123148800,98a8ec12fb525744fcafc86cd65c2851db65a217450dead61913dadd000497b1,0,0,fad057bd254fef279de53c9cf25e240d71aa0ed317c649ceb38c9a9600d92a9b,saved_rule_based,0.49
section_00_source_train_normal_000222,train,source,normal,A,20260901T112205Z-e1edf280326aaa5b93a44f23,20260901T112205Z-e1edf280326aaa5b93a44f23-dg-c86bcdd4e0db-000247,1,none,none,slow,normal-slow-2,rear,normal,clipped/audio_event_clean/normal/20260901T112205Z-e1edf280326aaa5b93a44f23-dg-c86bcdd4e0db-000247_ch1.wav,3DPrinter/train/section_00_source_train_normal_000222.wav,634c1c4f34db7e360e687158ac994cdabf6e698baee6b25679ae794ea6ae575d,960044,125068800,125548800,98a8ec12fb525744fcafc86cd65c2851db65a217450dead61913dadd000497b1,0,0,fad057bd254fef279de53c9cf25e240d71aa0ed317c649ceb38c9a9600d92a9b,saved_rule_based,0.49
section_00_source_train_normal_000223,train,source,normal,A,20260901T112205Z-e1edf280326aaa5b93a44f23,20260901T112205Z-e1edf280326aaa5b93a44f23-dg-c86bcdd4e0db-000248,1,none,none,slow,normal-slow-2,rear,normal,clipped/audio_event_clean/normal/20260901T112205Z-e1edf280326aaa5b93a44f23-dg-c86bcdd4e0db-000248_ch1.wav,3DPrinter/train/section_00_source_train_normal_000223.wav,b50f131457811e2683d51b80fca5b812779de3001ced7188eaf4d757174b535e,960044,125548800,126028800,98a8ec12fb525744fcafc86cd65c2851db65a217450dead61913dadd000497b1,0,0,fad057bd254fef279de53c9cf25e240d71aa0ed317c649ceb38c9a9600d92a9b,saved_rule_based,0.49
section_00_source_train_normal_000224,train,source,normal,A,20260901T112205Z-e1edf280326aaa5b93a44f23,20260901T112205Z-e1edf280326aaa5b93a44f23-dg-c86bcdd4e0db-000250,1,none,none,slow,normal-slow-2,rear,normal,clipped/audio_event_clean/normal/20260901T112205Z-e1edf280326aaa5b93a44f23-dg-c86bcdd4e0db-000250_ch1.wav,3DPrinter/train/section_00_source_train_normal_000224.wav,20ac057a12003d07dfec054fa154e61ecace580fbe6edb1ab7445eb441697654,960044,126508800,126988800,98a8ec12fb525744fcafc86cd65c2851db65a217450dead61913dadd000497b1,0,0,fad057bd254fef279de53c9cf25e240d71aa0ed317c649ceb38c9a9600d92a9b,saved_rule_based,0.49
section_00_source_train_normal_000225,train,source,normal,A,20260901T112205Z-e1edf280326aaa5b93a44f23,20260901T112205Z-e1edf280326aaa5b93a44f23-dg-c86bcdd4e0db-000252,1,none,none,slow,normal-slow-2,rear,normal,clipped/audio_event_clean/normal/20260901T112205Z-e1edf280326aaa5b93a44f23-dg-c86bcdd4e0db-000252_ch1.wav,3DPrinter/train/section_00_source_train_normal_000225.wav,742946b6a5d003d4c8684f5d638fcc78607ad26e9441ebd25ca921060ba56779,960044,127468800,127948800,98a8ec12fb525744fcafc86cd65c2851db65a217450dead61913dadd000497b1,0,0,fad057bd254fef279de53c9cf25e240d71aa0ed317c649ceb38c9a9600d92a9b,saved_rule_based,0.49
section_00_source_train_normal_000226,train,source,normal,A,20260901T112205Z-e1edf280326aaa5b93a44f23,20260901T112205Z-e1edf280326aaa5b93a44f23-dg-c86bcdd4e0db-000255,1,none,none,slow,normal-slow-2,rear,normal,clipped/audio_event_clean/normal/20260901T112205Z-e1edf280326aaa5b93a44f23-dg-c86bcdd4e0db-000255_ch1.wav,3DPrinter/train/section_00_source_train_normal_000226.wav,ee78df91576ea40cc6d574ea8350b39740f79cea9fad1dc1c2efc250f4289d11,960044,128908800,129388800,98a8ec12fb525744fcafc86cd65c2851db65a217450dead61913dadd000497b1,0,0,fad057bd254fef279de53c9cf25e240d71aa0ed317c649ceb38c9a9600d92a9b,saved_rule_based,0.49
section_00_source_train_normal_000227,train,source,normal,A,20260901T112205Z-e1edf280326aaa5b93a44f23,20260901T112205Z-e1edf280326aaa5b93a44f23-dg-c86bcdd4e0db-000256,1,none,none,slow,normal-slow-2,rear,normal,clipped/audio_event_clean/normal/20260901T112205Z-e1edf280326aaa5b93a44f23-dg-c86bcdd4e0db-000256_ch1.wav,3DPrinter/train/section_00_source_train_normal_000227.wav,c20e17b8a4bb1951f50bf04e72690b230386e9dca2554acda26fbaa231923c8e,960044,129388800,129868800,98a8ec12fb525744fcafc86cd65c2851db65a217450dead61913dadd000497b1,0,0,fad057bd254fef279de53c9cf25e240d71aa0ed317c649ceb38c9a9600d92a9b,saved_rule_based,0.49
section_00_source_train_normal_000228,train,source,normal,A,20260901T112205Z-e1edf280326aaa5b93a44f23,20260901T112205Z-e1edf280326aaa5b93a44f23-dg-c86bcdd4e0db-000262,1,none,none,slow,normal-slow-2,rear,normal,clipped/audio_event_clean/normal/20260901T112205Z-e1edf280326aaa5b93a44f23-dg-c86bcdd4e0db-000262_ch1.wav,3DPrinter/train/section_00_source_train_normal_000228.wav,476734910ab77b1ee31e4ab8d830c03be1fac7670e1e2fca676b088fbd6eae96,960044,132268800,132748800,98a8ec12fb525744fcafc86cd65c2851db65a217450dead61913dadd000497b1,0,0,fad057bd254fef279de53c9cf25e240d71aa0ed317c649ceb38c9a9600d92a9b,saved_rule_based,0.49
section_00_source_train_normal_000229,train,source,normal,A,20260901T112205Z-e1edf280326aaa5b93a44f23,20260901T112205Z-e1edf280326aaa5b93a44f23-dg-c86bcdd4e0db-000265,1,none,none,slow,normal-slow-2,rear,normal,clipped/audio_event_clean/normal/20260901T112205Z-e1edf280326aaa5b93a44f23-dg-c86bcdd4e0db-000265_ch1.wav,3DPrinter/train/section_00_source_train_normal_000229.wav,7c450526ab03efd8456b40ec3dab93e0a8f77e259f5a58d5e878210e717abc64,960044,133708800,134188800,98a8ec12fb525744fcafc86cd65c2851db65a217450dead61913dadd000497b1,0,0,fad057bd254fef279de53c9cf25e240d71aa0ed317c649ceb38c9a9600d92a9b,saved_rule_based,0.49
section_00_source_train_normal_000230,train,source,normal,A,20260901T112205Z-e1edf280326aaa5b93a44f23,20260901T112205Z-e1edf280326aaa5b93a44f23-dg-c86bcdd4e0db-000266,1,none,none,slow,normal-slow-2,rear,normal,clipped/audio_event_clean/normal/20260901T112205Z-e1edf280326aaa5b93a44f23-dg-c86bcdd4e0db-000266_ch1.wav,3DPrinter/train/section_00_source_train_normal_000230.wav,f23d0f76415addccc1c98fe6aba3825b3489c65640ebc9b13b5e152f2ed8d683,960044,134188800,134668800,98a8ec12fb525744fcafc86cd65c2851db65a217450dead61913dadd000497b1,0,0,fad057bd254fef279de53c9cf25e240d71aa0ed317c649ceb38c9a9600d92a9b,saved_rule_based,0.49
section_00_source_train_normal_000231,train,source,normal,A,20260901T112205Z-e1edf280326aaa5b93a44f23,20260901T112205Z-e1edf280326aaa5b93a44f23-dg-c86bcdd4e0db-000283,1,none,none,slow,normal-slow-2,rear,normal,clipped/audio_event_clean/normal/20260901T112205Z-e1edf280326aaa5b93a44f23-dg-c86bcdd4e0db-000283_ch1.wav,3DPrinter/train/section_00_source_train_normal_000231.wav,f957f60a76fdd005165e1485c3c858ad007189f3e5ea1542c850d1584b4ae67e,960044,142348800,142828800,98a8ec12fb525744fcafc86cd65c2851db65a217450dead61913dadd000497b1,0,0,fad057bd254fef279de53c9cf25e240d71aa0ed317c649ceb38c9a9600d92a9b,saved_rule_based,0.49
section_00_source_train_normal_000232,train,source,normal,A,20260901T112205Z-e1edf280326aaa5b93a44f23,20260901T112205Z-e1edf280326aaa5b93a44f23-dg-c86bcdd4e0db-000284,1,none,none,slow,normal-slow-2,rear,normal,clipped/audio_event_clean/normal/20260901T112205Z-e1edf280326aaa5b93a44f23-dg-c86bcdd4e0db-000284_ch1.wav,3DPrinter/train/section_00_source_train_normal_000232.wav,19d1428cd4415c02d90c0cfb6bf19b49db1b52b36197e6734df85022e18f82fd,960044,142828800,143308800,98a8ec12fb525744fcafc86cd65c2851db65a217450dead61913dadd000497b1,0,0,fad057bd254fef279de53c9cf25e240d71aa0ed317c649ceb38c9a9600d92a9b,saved_rule_based,0.49
section_00_source_train_normal_000233,train,source,normal,A,20260901T112205Z-e1edf280326aaa5b93a44f23,20260901T112205Z-e1edf280326aaa5b93a44f23-dg-c86bcdd4e0db-000285,1,none,none,slow,normal-slow-2,rear,normal,clipped/audio_event_clean/normal/20260901T112205Z-e1edf280326aaa5b93a44f23-dg-c86bcdd4e0db-000285_ch1.wav,3DPrinter/train/section_00_source_train_normal_000233.wav,d16902ed825409ccf9c2f0f35cdd7554cb000b86c06a2068219748173de16d44,960044,143308800,143788800,98a8ec12fb525744fcafc86cd65c2851db65a217450dead61913dadd000497b1,0,0,fad057bd254fef279de53c9cf25e240d71aa0ed317c649ceb38c9a9600d92a9b,saved_rule_based,0.49
section_00_source_train_normal_000234,train,source,normal,A,20260901T112205Z-e1edf280326aaa5b93a44f23,20260901T112205Z-e1edf280326aaa5b93a44f23-dg-c86bcdd4e0db-000287,1,none,none,slow,normal-slow-2,rear,normal,clipped/audio_event_clean/normal/20260901T112205Z-e1edf280326aaa5b93a44f23-dg-c86bcdd4e0db-000287_ch1.wav,3DPrinter/train/section_00_source_train_normal_000234.wav,0f1fc75da5019c6d19e0cd266ec8dd16a5048e4bafaf708f9a1dd8fbdf7e1231,960044,144268800,144748800,98a8ec12fb525744fcafc86cd65c2851db65a217450dead61913dadd000497b1,0,0,fad057bd254fef279de53c9cf25e240d71aa0ed317c649ceb38c9a9600d92a9b,saved_rule_based,0.49
section_00_source_train_normal_000235,train,source,normal,A,20260901T112205Z-e1edf280326aaa5b93a44f23,20260901T112205Z-e1edf280326aaa5b93a44f23-dg-c86bcdd4e0db-000290,1,none,none,slow,normal-slow-2,rear,normal,clipped/audio_event_clean/normal/20260901T112205Z-e1edf280326aaa5b93a44f23-dg-c86bcdd4e0db-000290_ch1.wav,3DPrinter/train/section_00_source_train_normal_000235.wav,0a9805a0a567ab0c2cb0b0240416e46468156ae17eb0694accb32f7e87473100,960044,145708800,146188800,98a8ec12fb525744fcafc86cd65c2851db65a217450dead61913dadd000497b1,0,0,fad057bd254fef279de53c9cf25e240d71aa0ed317c649ceb38c9a9600d92a9b,saved_rule_based,0.49
section_00_source_train_normal_000236,train,source,normal,A,20260901T112205Z-e1edf280326aaa5b93a44f23,20260901T112205Z-e1edf280326aaa5b93a44f23-dg-c86bcdd4e0db-000291,1,none,none,slow,normal-slow-2,rear,normal,clipped/audio_event_clean/normal/20260901T112205Z-e1edf280326aaa5b93a44f23-dg-c86bcdd4e0db-000291_ch1.wav,3DPrinter/train/section_00_source_train_normal_000236.wav,1faabe9381219bc0ce46b01fdc3d2812e2a659d218f8d580cd8a74263b945834,960044,146188800,146668800,98a8ec12fb525744fcafc86cd65c2851db65a217450dead61913dadd000497b1,0,0,fad057bd254fef279de53c9cf25e240d71aa0ed317c649ceb38c9a9600d92a9b,saved_rule_based,0.49
section_00_source_train_normal_000237,train,source,normal,A,20260901T112205Z-e1edf280326aaa5b93a44f23,20260901T112205Z-e1edf280326aaa5b93a44f23-dg-c86bcdd4e0db-000292,1,none,none,slow,normal-slow-2,rear,normal,clipped/audio_event_clean/normal/20260901T112205Z-e1edf280326aaa5b93a44f23-dg-c86bcdd4e0db-000292_ch1.wav,3DPrinter/train/section_00_source_train_normal_000237.wav,c9fe8b5dc849200c654a06e0292810120bd9a399d0270d469f3be10d74a91787,960044,146668800,147148800,98a8ec12fb525744fcafc86cd65c2851db65a217450dead61913dadd000497b1,0,0,fad057bd254fef279de53c9cf25e240d71aa0ed317c649ceb38c9a9600d92a9b,saved_rule_based,0.49
section_00_source_train_normal_000238,train,source,normal,A,20260901T112205Z-e1edf280326aaa5b93a44f23,20260901T112205Z-e1edf280326aaa5b93a44f23-dg-c86bcdd4e0db-000293,1,none,none,slow,normal-slow-2,rear,normal,clipped/audio_event_clean/normal/20260901T112205Z-e1edf280326aaa5b93a44f23-dg-c86bcdd4e0db-000293_ch1.wav,3DPrinter/train/section_00_source_train_normal_000238.wav,3b032fb0b5930237a82a9d0f43cb4febad3bcfafa0ec4bec23181da65e021c78,960044,147148800,147628800,98a8ec12fb525744fcafc86cd65c2851db65a217450dead61913dadd000497b1,0,0,fad057bd254fef279de53c9cf25e240d71aa0ed317c649ceb38c9a9600d92a9b,saved_rule_based,0.49
section_00_source_train_normal_000239,train,source,normal,A,20260901T112205Z-e1edf280326aaa5b93a44f23,20260901T112205Z-e1edf280326aaa5b93a44f23-dg-c86bcdd4e0db-000295,1,none,none,slow,normal-slow-2,rear,normal,clipped/audio_event_clean/normal/20260901T112205Z-e1edf280326aaa5b93a44f23-dg-c86bcdd4e0db-000295_ch1.wav,3DPrinter/train/section_00_source_train_normal_000239.wav,a358b9d8800a2a70ec95f542597b6b3ffadd91b01fa59fde7514664399046ff0,960044,148108800,148588800,98a8ec12fb525744fcafc86cd65c2851db65a217450dead61913dadd000497b1,0,0,fad057bd254fef279de53c9cf25e240d71aa0ed317c649ceb38c9a9600d92a9b,saved_rule_based,0.49
section_00_source_train_normal_000240,train,source,normal,A,20260901T112205Z-e1edf280326aaa5b93a44f23,20260901T112205Z-e1edf280326aaa5b93a44f23-dg-c86bcdd4e0db-000299,1,none,none,slow,normal-slow-2,rear,normal,clipped/audio_event_clean/normal/20260901T112205Z-e1edf280326aaa5b93a44f23-dg-c86bcdd4e0db-000299_ch1.wav,3DPrinter/train/section_00_source_train_normal_000240.wav,6b9a6b8a49c045962a19dd136de5eb05f76c837b4a43cfe28e354927464e927c,960044,150028800,150508800,98a8ec12fb525744fcafc86cd65c2851db65a217450dead61913dadd000497b1,0,0,fad057bd254fef279de53c9cf25e240d71aa0ed317c649ceb38c9a9600d92a9b,saved_rule_based,0.49
section_00_source_train_normal_000241,train,source,normal,A,20260901T112205Z-e1edf280326aaa5b93a44f23,20260901T112205Z-e1edf280326aaa5b93a44f23-dg-c86bcdd4e0db-000304,1,none,none,slow,normal-slow-2,rear,normal,clipped/audio_event_clean/normal/20260901T112205Z-e1edf280326aaa5b93a44f23-dg-c86bcdd4e0db-000304_ch1.wav,3DPrinter/train/section_00_source_train_normal_000241.wav,bf5f0577ca337359ac4f5391cb8da1ce8d469347933a5a1ff42c3218a1996485,960044,152428800,152908800,98a8ec12fb525744fcafc86cd65c2851db65a217450dead61913dadd000497b1,0,0,fad057bd254fef279de53c9cf25e240d71aa0ed317c649ceb38c9a9600d92a9b,saved_rule_based,0.49
section_00_source_train_normal_000242,train,source,normal,A,20260901T112205Z-e1edf280326aaa5b93a44f23,20260901T112205Z-e1edf280326aaa5b93a44f23-dg-c86bcdd4e0db-000307,1,none,none,slow,normal-slow-2,rear,normal,clipped/audio_event_clean/normal/20260901T112205Z-e1edf280326aaa5b93a44f23-dg-c86bcdd4e0db-000307_ch1.wav,3DPrinter/train/section_00_source_train_normal_000242.wav,a4dad8ad6573240e76a115983dad716ddb4fbd8a3625da0ad454ca46875bf32a,960044,153868800,154348800,98a8ec12fb525744fcafc86cd65c2851db65a217450dead61913dadd000497b1,0,0,fad057bd254fef279de53c9cf25e240d71aa0ed317c649ceb38c9a9600d92a9b,saved_rule_based,0.49
section_00_source_train_normal_000243,train,source,normal,A,20260901T112205Z-e1edf280326aaa5b93a44f23,20260901T112205Z-e1edf280326aaa5b93a44f23-dg-c86bcdd4e0db-000309,1,none,none,slow,normal-slow-2,rear,normal,clipped/audio_event_clean/normal/20260901T112205Z-e1edf280326aaa5b93a44f23-dg-c86bcdd4e0db-000309_ch1.wav,3DPrinter/train/section_00_source_train_normal_000243.wav,e73fc890d2f993376f16f5945d8bbe033f21241dff68de8c8e9f5ea8d61ea5da,960044,154828800,155308800,98a8ec12fb525744fcafc86cd65c2851db65a217450dead61913dadd000497b1,0,0,fad057bd254fef279de53c9cf25e240d71aa0ed317c649ceb38c9a9600d92a9b,saved_rule_based,0.49
section_00_source_train_normal_000244,train,source,normal,A,20260901T112205Z-e1edf280326aaa5b93a44f23,20260901T112205Z-e1edf280326aaa5b93a44f23-dg-c86bcdd4e0db-000310,1,none,none,slow,normal-slow-2,rear,normal,clipped/audio_event_clean/normal/20260901T112205Z-e1edf280326aaa5b93a44f23-dg-c86bcdd4e0db-000310_ch1.wav,3DPrinter/train/section_00_source_train_normal_000244.wav,65e47477b5724756aa769b418ba1a8fb8094215ca29be5eb3666075d7f7033cf,960044,155308800,155788800,98a8ec12fb525744fcafc86cd65c2851db65a217450dead61913dadd000497b1,0,0,fad057bd254fef279de53c9cf25e240d71aa0ed317c649ceb38c9a9600d92a9b,saved_rule_based,0.49
section_00_source_train_normal_000245,train,source,normal,A,20260901T112205Z-e1edf280326aaa5b93a44f23,20260901T112205Z-e1edf280326aaa5b93a44f23-dg-c86bcdd4e0db-000311,1,none,none,slow,normal-slow-2,rear,normal,clipped/audio_event_clean/normal/20260901T112205Z-e1edf280326aaa5b93a44f23-dg-c86bcdd4e0db-000311_ch1.wav,3DPrinter/train/section_00_source_train_normal_000245.wav,a42f2999dfe1f0aeb3daf421a469026d68d83bf7766f785c1cfc5ac414208f55,960044,155788800,156268800,98a8ec12fb525744fcafc86cd65c2851db65a217450dead61913dadd000497b1,0,0,fad057bd254fef279de53c9cf25e240d71aa0ed317c649ceb38c9a9600d92a9b,saved_rule_based,0.49
section_00_source_train_normal_000246,train,source,normal,A,20260901T112205Z-e1edf280326aaa5b93a44f23,20260901T112205Z-e1edf280326aaa5b93a44f23-dg-c86bcdd4e0db-000312,1,none,none,slow,normal-slow-2,rear,normal,clipped/audio_event_clean/normal/20260901T112205Z-e1edf280326aaa5b93a44f23-dg-c86bcdd4e0db-000312_ch1.wav,3DPrinter/train/section_00_source_train_normal_000246.wav,c5d3f46d07cc140db0f6cef2904a54b13638bb8aa631804bd55e1ee626857ac7,960044,156268800,156748800,98a8ec12fb525744fcafc86cd65c2851db65a217450dead61913dadd000497b1,0,0,fad057bd254fef279de53c9cf25e240d71aa0ed317c649ceb38c9a9600d92a9b,saved_rule_based,0.49
section_00_source_train_normal_000247,train,source,normal,A,20260901T112205Z-e1edf280326aaa5b93a44f23,20260901T112205Z-e1edf280326aaa5b93a44f23-dg-c86bcdd4e0db-000313,1,none,none,slow,normal-slow-2,rear,normal,clipped/audio_event_clean/normal/20260901T112205Z-e1edf280326aaa5b93a44f23-dg-c86bcdd4e0db-000313_ch1.wav,3DPrinter/train/section_00_source_train_normal_000247.wav,80b741bb4d34d081eea590f30da17bc4e56762ed17cd4eb375bdf0a3c14f2016,960044,156748800,157228800,98a8ec12fb525744fcafc86cd65c2851db65a217450dead61913dadd000497b1,0,0,fad057bd254fef279de53c9cf25e240d71aa0ed317c649ceb38c9a9600d92a9b,saved_rule_based,0.49
section_00_source_train_normal_000248,train,source,normal,A,20260901T091827Z-9e9b5b7e30e5dbfd58035596,20260901T091827Z-9e9b5b7e30e5dbfd58035596-dg-ba603bf1a521-000004,3,none,none,slow,normal-slow-1,front,normal,clipped/audio_event_clean/normal/20260901T091827Z-9e9b5b7e30e5dbfd58035596-dg-ba603bf1a521-000004_ch3.wav,3DPrinter/train/section_00_source_train_normal_000248.wav,2afe7b8b392f64a4de603324b9bc7c0bcb81a3597d169b17043ac8d711e26ae2,960044,19908000,20388000,0f68fd949d988c44b2305ad1c4ef0e16982d01db28573df69d4a4e5d0076f5e4,0,0,01b2b575c87ad317bf43fc05134b66aa2feeea6daca7bda15b293c666eb909f5,saved_rule_based,0.39
section_00_source_train_normal_000249,train,source,normal,A,20260901T091827Z-9e9b5b7e30e5dbfd58035596,20260901T091827Z-9e9b5b7e30e5dbfd58035596-dg-ba603bf1a521-000008,3,none,none,slow,normal-slow-1,front,normal,clipped/audio_event_clean/normal/20260901T091827Z-9e9b5b7e30e5dbfd58035596-dg-ba603bf1a521-000008_ch3.wav,3DPrinter/train/section_00_source_train_normal_000249.wav,1bdbb891b9408f6cafb6d9470b76d18b3c35a43c561c4a794769a38f09ca50a5,960044,21828000,22308000,0f68fd949d988c44b2305ad1c4ef0e16982d01db28573df69d4a4e5d0076f5e4,0,0,01b2b575c87ad317bf43fc05134b66aa2feeea6daca7bda15b293c666eb909f5,saved_rule_based,0.39
section_00_source_train_normal_000250,train,source,normal,A,20260901T091827Z-9e9b5b7e30e5dbfd58035596,20260901T091827Z-9e9b5b7e30e5dbfd58035596-dg-ba603bf1a521-000009,3,none,none,slow,normal-slow-1,front,normal,clipped/audio_event_clean/normal/20260901T091827Z-9e9b5b7e30e5dbfd58035596-dg-ba603bf1a521-000009_ch3.wav,3DPrinter/train/section_00_source_train_normal_000250.wav,f96afad2342c4d3c7c26438f74dd41f94e16367b9c26591beb807a938f1f1ec5,960044,22308000,22788000,0f68fd949d988c44b2305ad1c4ef0e16982d01db28573df69d4a4e5d0076f5e4,0,0,01b2b575c87ad317bf43fc05134b66aa2feeea6daca7bda15b293c666eb909f5,saved_rule_based,0.39
section_00_source_train_normal_000251,train,source,normal,A,20260901T091827Z-9e9b5b7e30e5dbfd58035596,20260901T091827Z-9e9b5b7e30e5dbfd58035596-dg-ba603bf1a521-000010,3,none,none,slow,normal-slow-1,front,normal,clipped/audio_event_clean/normal/20260901T091827Z-9e9b5b7e30e5dbfd58035596-dg-ba603bf1a521-000010_ch3.wav,3DPrinter/train/section_00_source_train_normal_000251.wav,6a98e47ce4cd75600aafec3609a5366cf26fb40304f1e89a8ed1bc243b475d49,960044,22788000,23268000,0f68fd949d988c44b2305ad1c4ef0e16982d01db28573df69d4a4e5d0076f5e4,0,0,01b2b575c87ad317bf43fc05134b66aa2feeea6daca7bda15b293c666eb909f5,saved_rule_based,0.39
section_00_source_train_normal_000252,train,source,normal,A,20260901T091827Z-9e9b5b7e30e5dbfd58035596,20260901T091827Z-9e9b5b7e30e5dbfd58035596-dg-ba603bf1a521-000012,3,none,none,slow,normal-slow-1,front,normal,clipped/audio_event_clean/normal/20260901T091827Z-9e9b5b7e30e5dbfd58035596-dg-ba603bf1a521-000012_ch3.wav,3DPrinter/train/section_00_source_train_normal_000252.wav,0d0e10da50047dc58aef4e45ddd7affb1c56807cf2737e1f5ac989e153a7c1f3,960044,23748000,24228000,0f68fd949d988c44b2305ad1c4ef0e16982d01db28573df69d4a4e5d0076f5e4,0,0,01b2b575c87ad317bf43fc05134b66aa2feeea6daca7bda15b293c666eb909f5,saved_rule_based,0.39
section_00_source_train_normal_000253,train,source,normal,A,20260901T091827Z-9e9b5b7e30e5dbfd58035596,20260901T091827Z-9e9b5b7e30e5dbfd58035596-dg-ba603bf1a521-000016,3,none,none,slow,normal-slow-1,front,normal,clipped/audio_event_clean/normal/20260901T091827Z-9e9b5b7e30e5dbfd58035596-dg-ba603bf1a521-000016_ch3.wav,3DPrinter/train/section_00_source_train_normal_000253.wav,a58839b591cf25a448b207eaa3ce2b9433d2fe2856a88340efc65248215f178c,960044,25668000,26148000,0f68fd949d988c44b2305ad1c4ef0e16982d01db28573df69d4a4e5d0076f5e4,0,0,01b2b575c87ad317bf43fc05134b66aa2feeea6daca7bda15b293c666eb909f5,saved_rule_based,0.39
section_00_source_train_normal_000254,train,source,normal,A,20260901T091827Z-9e9b5b7e30e5dbfd58035596,20260901T091827Z-9e9b5b7e30e5dbfd58035596-dg-ba603bf1a521-000017,3,none,none,slow,normal-slow-1,front,normal,clipped/audio_event_clean/normal/20260901T091827Z-9e9b5b7e30e5dbfd58035596-dg-ba603bf1a521-000017_ch3.wav,3DPrinter/train/section_00_source_train_normal_000254.wav,4a2f3098713a64239656d2750441531d3c2e4780fd2ba1460af2d7cdfca93a54,960044,26148000,26628000,0f68fd949d988c44b2305ad1c4ef0e16982d01db28573df69d4a4e5d0076f5e4,0,0,01b2b575c87ad317bf43fc05134b66aa2feeea6daca7bda15b293c666eb909f5,saved_rule_based,0.39
section_00_source_train_normal_000255,train,source,normal,A,20260901T091827Z-9e9b5b7e30e5dbfd58035596,20260901T091827Z-9e9b5b7e30e5dbfd58035596-dg-ba603bf1a521-000020,3,none,none,slow,normal-slow-1,front,normal,clipped/audio_event_clean/normal/20260901T091827Z-9e9b5b7e30e5dbfd58035596-dg-ba603bf1a521-000020_ch3.wav,3DPrinter/train/section_00_source_train_normal_000255.wav,270e8ec60dbb131762392864e8121ef402b020c22f2082686bc47d2768bac6e7,960044,27588000,28068000,0f68fd949d988c44b2305ad1c4ef0e16982d01db28573df69d4a4e5d0076f5e4,0,0,01b2b575c87ad317bf43fc05134b66aa2feeea6daca7bda15b293c666eb909f5,saved_rule_based,0.39
section_00_source_train_normal_000256,train,source,normal,A,20260901T091827Z-9e9b5b7e30e5dbfd58035596,20260901T091827Z-9e9b5b7e30e5dbfd58035596-dg-ba603bf1a521-000021,3,none,none,slow,normal-slow-1,front,normal,clipped/audio_event_clean/normal/20260901T091827Z-9e9b5b7e30e5dbfd58035596-dg-ba603bf1a521-000021_ch3.wav,3DPrinter/train/section_00_source_train_normal_000256.wav,d8ddc27c09834c9fca9637450bdcdd338f8609b9b308cb5ac633a2d48bc297ef,960044,28068000,28548000,0f68fd949d988c44b2305ad1c4ef0e16982d01db28573df69d4a4e5d0076f5e4,0,0,01b2b575c87ad317bf43fc05134b66aa2feeea6daca7bda15b293c666eb909f5,saved_rule_based,0.39
section_00_source_train_normal_000257,train,source,normal,A,20260901T091827Z-9e9b5b7e30e5dbfd58035596,20260901T091827Z-9e9b5b7e30e5dbfd58035596-dg-ba603bf1a521-000022,3,none,none,slow,normal-slow-1,front,normal,clipped/audio_event_clean/normal/20260901T091827Z-9e9b5b7e30e5dbfd58035596-dg-ba603bf1a521-000022_ch3.wav,3DPrinter/train/section_00_source_train_normal_000257.wav,14585bdd3c8fb49315f72186cb2253c691f7ed566d14a49a59ca8289cc25b2ea,960044,28548000,29028000,0f68fd949d988c44b2305ad1c4ef0e16982d01db28573df69d4a4e5d0076f5e4,0,0,01b2b575c87ad317bf43fc05134b66aa2feeea6daca7bda15b293c666eb909f5,saved_rule_based,0.39
section_00_source_train_normal_000258,train,source,normal,A,20260901T091827Z-9e9b5b7e30e5dbfd58035596,20260901T091827Z-9e9b5b7e30e5dbfd58035596-dg-ba603bf1a521-000023,3,none,none,slow,normal-slow-1,front,normal,clipped/audio_event_clean/normal/20260901T091827Z-9e9b5b7e30e5dbfd58035596-dg-ba603bf1a521-000023_ch3.wav,3DPrinter/train/section_00_source_train_normal_000258.wav,a1fa39d7c4d61ba327beb49f8d90d128bb7875241273118a5ec7504f8edc6dff,960044,29028000,29508000,0f68fd949d988c44b2305ad1c4ef0e16982d01db28573df69d4a4e5d0076f5e4,0,0,01b2b575c87ad317bf43fc05134b66aa2feeea6daca7bda15b293c666eb909f5,saved_rule_based,0.39
section_00_source_train_normal_000259,train,source,normal,A,20260901T091827Z-9e9b5b7e30e5dbfd58035596,20260901T091827Z-9e9b5b7e30e5dbfd58035596-dg-ba603bf1a521-000026,3,none,none,slow,normal-slow-1,front,normal,clipped/audio_event_clean/normal/20260901T091827Z-9e9b5b7e30e5dbfd58035596-dg-ba603bf1a521-000026_ch3.wav,3DPrinter/train/section_00_source_train_normal_000259.wav,51b1a3fcd986d150b38df21e945efcc1fcea8d6582596a48268d570b0bb1ed38,960044,30468000,30948000,0f68fd949d988c44b2305ad1c4ef0e16982d01db28573df69d4a4e5d0076f5e4,0,0,01b2b575c87ad317bf43fc05134b66aa2feeea6daca7bda15b293c666eb909f5,saved_rule_based,0.39
section_00_source_train_normal_000260,train,source,normal,A,20260901T091827Z-9e9b5b7e30e5dbfd58035596,20260901T091827Z-9e9b5b7e30e5dbfd58035596-dg-ba603bf1a521-000027,3,none,none,slow,normal-slow-1,front,normal,clipped/audio_event_clean/normal/20260901T091827Z-9e9b5b7e30e5dbfd58035596-dg-ba603bf1a521-000027_ch3.wav,3DPrinter/train/section_00_source_train_normal_000260.wav,14ac6f69fe7fc4ec0668c7d95935f5bde8f32dbc6027abd0688280dc2e792388,960044,30948000,31428000,0f68fd949d988c44b2305ad1c4ef0e16982d01db28573df69d4a4e5d0076f5e4,0,0,01b2b575c87ad317bf43fc05134b66aa2feeea6daca7bda15b293c666eb909f5,saved_rule_based,0.39
section_00_source_train_normal_000261,train,source,normal,A,20260901T091827Z-9e9b5b7e30e5dbfd58035596,20260901T091827Z-9e9b5b7e30e5dbfd58035596-dg-ba603bf1a521-000029,3,none,none,slow,normal-slow-1,front,normal,clipped/audio_event_clean/normal/20260901T091827Z-9e9b5b7e30e5dbfd58035596-dg-ba603bf1a521-000029_ch3.wav,3DPrinter/train/section_00_source_train_normal_000261.wav,253c96dd2a85b363ccd27ec7a4e5ab9209a6a15d2171976bb0597d82f262b286,960044,31908000,32388000,0f68fd949d988c44b2305ad1c4ef0e16982d01db28573df69d4a4e5d0076f5e4,0,0,01b2b575c87ad317bf43fc05134b66aa2feeea6daca7bda15b293c666eb909f5,saved_rule_based,0.39
section_00_source_train_normal_000262,train,source,normal,A,20260901T091827Z-9e9b5b7e30e5dbfd58035596,20260901T091827Z-9e9b5b7e30e5dbfd58035596-dg-ba603bf1a521-000031,3,none,none,slow,normal-slow-1,front,normal,clipped/audio_event_clean/normal/20260901T091827Z-9e9b5b7e30e5dbfd58035596-dg-ba603bf1a521-000031_ch3.wav,3DPrinter/train/section_00_source_train_normal_000262.wav,8bf9e033222fbf06614fdf5a1ed1ff94cc1fc3b58f58e4362ffd71862a4c8c69,960044,32868000,33348000,0f68fd949d988c44b2305ad1c4ef0e16982d01db28573df69d4a4e5d0076f5e4,0,0,01b2b575c87ad317bf43fc05134b66aa2feeea6daca7bda15b293c666eb909f5,saved_rule_based,0.39
section_00_source_train_normal_000263,train,source,normal,A,20260901T091827Z-9e9b5b7e30e5dbfd58035596,20260901T091827Z-9e9b5b7e30e5dbfd58035596-dg-ba603bf1a521-000033,3,none,none,slow,normal-slow-1,front,normal,clipped/audio_event_clean/normal/20260901T091827Z-9e9b5b7e30e5dbfd58035596-dg-ba603bf1a521-000033_ch3.wav,3DPrinter/train/section_00_source_train_normal_000263.wav,4fae26c3796333eb755d2281da0052ea2c51554a840d15919ce853b8448ea391,960044,33828000,34308000,0f68fd949d988c44b2305ad1c4ef0e16982d01db28573df69d4a4e5d0076f5e4,0,0,01b2b575c87ad317bf43fc05134b66aa2feeea6daca7bda15b293c666eb909f5,saved_rule_based,0.39
section_00_source_train_normal_000264,train,source,normal,A,20260901T091827Z-9e9b5b7e30e5dbfd58035596,20260901T091827Z-9e9b5b7e30e5dbfd58035596-dg-ba603bf1a521-000034,3,none,none,slow,normal-slow-1,front,normal,clipped/audio_event_clean/normal/20260901T091827Z-9e9b5b7e30e5dbfd58035596-dg-ba603bf1a521-000034_ch3.wav,3DPrinter/train/section_00_source_train_normal_000264.wav,59db9f46d732d8df6ecf5adf48f751d41cfff5d620095303b91fb58c8462ec19,960044,34308000,34788000,0f68fd949d988c44b2305ad1c4ef0e16982d01db28573df69d4a4e5d0076f5e4,0,0,01b2b575c87ad317bf43fc05134b66aa2feeea6daca7bda15b293c666eb909f5,saved_rule_based,0.39
section_00_source_train_normal_000265,train,source,normal,A,20260901T091827Z-9e9b5b7e30e5dbfd58035596,20260901T091827Z-9e9b5b7e30e5dbfd58035596-dg-ba603bf1a521-000038,3,none,none,slow,normal-slow-1,front,normal,clipped/audio_event_clean/normal/20260901T091827Z-9e9b5b7e30e5dbfd58035596-dg-ba603bf1a521-000038_ch3.wav,3DPrinter/train/section_00_source_train_normal_000265.wav,74aa9986ace8115e6709a2a1fd50187a6f27ef662202e1655977544248109747,960044,36228000,36708000,0f68fd949d988c44b2305ad1c4ef0e16982d01db28573df69d4a4e5d0076f5e4,0,0,01b2b575c87ad317bf43fc05134b66aa2feeea6daca7bda15b293c666eb909f5,saved_rule_based,0.39
section_00_source_train_normal_000266,train,source,normal,A,20260901T091827Z-9e9b5b7e30e5dbfd58035596,20260901T091827Z-9e9b5b7e30e5dbfd58035596-dg-ba603bf1a521-000041,3,none,none,slow,normal-slow-1,front,normal,clipped/audio_event_clean/normal/20260901T091827Z-9e9b5b7e30e5dbfd58035596-dg-ba603bf1a521-000041_ch3.wav,3DPrinter/train/section_00_source_train_normal_000266.wav,5af4fe62dfe3609545e3cf1e2ba4cd368118fcede6df6a886d1dc80eafb362e5,960044,37668000,38148000,0f68fd949d988c44b2305ad1c4ef0e16982d01db28573df69d4a4e5d0076f5e4,0,0,01b2b575c87ad317bf43fc05134b66aa2feeea6daca7bda15b293c666eb909f5,saved_rule_based,0.39
section_00_source_train_normal_000267,train,source,normal,A,20260901T091827Z-9e9b5b7e30e5dbfd58035596,20260901T091827Z-9e9b5b7e30e5dbfd58035596-dg-ba603bf1a521-000042,3,none,none,slow,normal-slow-1,front,normal,clipped/audio_event_clean/normal/20260901T091827Z-9e9b5b7e30e5dbfd58035596-dg-ba603bf1a521-000042_ch3.wav,3DPrinter/train/section_00_source_train_normal_000267.wav,c5d65561f01c9a8e796ed6fabc6b1e40a63bbe2c9f3026b3adb7e64b0a9cab2c,960044,38148000,38628000,0f68fd949d988c44b2305ad1c4ef0e16982d01db28573df69d4a4e5d0076f5e4,0,0,01b2b575c87ad317bf43fc05134b66aa2feeea6daca7bda15b293c666eb909f5,saved_rule_based,0.39
section_00_source_train_normal_000268,train,source,normal,A,20260901T091827Z-9e9b5b7e30e5dbfd58035596,20260901T091827Z-9e9b5b7e30e5dbfd58035596-dg-ba603bf1a521-000043,3,none,none,slow,normal-slow-1,front,normal,clipped/audio_event_clean/normal/20260901T091827Z-9e9b5b7e30e5dbfd58035596-dg-ba603bf1a521-000043_ch3.wav,3DPrinter/train/section_00_source_train_normal_000268.wav,400ccf2e8bcf78e64b7c6cea32ee8cbc465bb3203860e0024ec8b627c615a0ae,960044,38628000,39108000,0f68fd949d988c44b2305ad1c4ef0e16982d01db28573df69d4a4e5d0076f5e4,0,0,01b2b575c87ad317bf43fc05134b66aa2feeea6daca7bda15b293c666eb909f5,saved_rule_based,0.39
section_00_source_train_normal_000269,train,source,normal,A,20260901T091827Z-9e9b5b7e30e5dbfd58035596,20260901T091827Z-9e9b5b7e30e5dbfd58035596-dg-ba603bf1a521-000047,3,none,none,slow,normal-slow-1,front,normal,clipped/audio_event_clean/normal/20260901T091827Z-9e9b5b7e30e5dbfd58035596-dg-ba603bf1a521-000047_ch3.wav,3DPrinter/train/section_00_source_train_normal_000269.wav,2de0fc3473ba47806f89719c9f11807580e7f86e573d6ab439aa8a60eb3edf64,960044,40548000,41028000,0f68fd949d988c44b2305ad1c4ef0e16982d01db28573df69d4a4e5d0076f5e4,0,0,01b2b575c87ad317bf43fc05134b66aa2feeea6daca7bda15b293c666eb909f5,saved_rule_based,0.39
section_00_source_train_normal_000270,train,source,normal,A,20260901T091827Z-9e9b5b7e30e5dbfd58035596,20260901T091827Z-9e9b5b7e30e5dbfd58035596-dg-ba603bf1a521-000051,3,none,none,slow,normal-slow-1,front,normal,clipped/audio_event_clean/normal/20260901T091827Z-9e9b5b7e30e5dbfd58035596-dg-ba603bf1a521-000051_ch3.wav,3DPrinter/train/section_00_source_train_normal_000270.wav,c1175bf3921513edee41e6224768a2c74cff3cf1a2050bd5ac32ad7792e49eba,960044,42468000,42948000,0f68fd949d988c44b2305ad1c4ef0e16982d01db28573df69d4a4e5d0076f5e4,0,0,01b2b575c87ad317bf43fc05134b66aa2feeea6daca7bda15b293c666eb909f5,saved_rule_based,0.39
section_00_source_train_normal_000271,train,source,normal,A,20260901T091827Z-9e9b5b7e30e5dbfd58035596,20260901T091827Z-9e9b5b7e30e5dbfd58035596-dg-ba603bf1a521-000053,3,none,none,slow,normal-slow-1,front,normal,clipped/audio_event_clean/normal/20260901T091827Z-9e9b5b7e30e5dbfd58035596-dg-ba603bf1a521-000053_ch3.wav,3DPrinter/train/section_00_source_train_normal_000271.wav,1976730e933cf809ed3e5156be5aa0e29b1381bdbc368ea4018ea82e14a34cd0,960044,43428000,43908000,0f68fd949d988c44b2305ad1c4ef0e16982d01db28573df69d4a4e5d0076f5e4,0,0,01b2b575c87ad317bf43fc05134b66aa2feeea6daca7bda15b293c666eb909f5,saved_rule_based,0.39
section_00_source_train_normal_000272,train,source,normal,A,20260901T091827Z-9e9b5b7e30e5dbfd58035596,20260901T091827Z-9e9b5b7e30e5dbfd58035596-dg-ba603bf1a521-000059,3,none,none,slow,normal-slow-1,front,normal,clipped/audio_event_clean/normal/20260901T091827Z-9e9b5b7e30e5dbfd58035596-dg-ba603bf1a521-000059_ch3.wav,3DPrinter/train/section_00_source_train_normal_000272.wav,9ba91bf5cae89b068ac1eb74fefaec5bc5b5b1afc8e85988a1d8955ec6f456c3,960044,46308000,46788000,0f68fd949d988c44b2305ad1c4ef0e16982d01db28573df69d4a4e5d0076f5e4,0,0,01b2b575c87ad317bf43fc05134b66aa2feeea6daca7bda15b293c666eb909f5,saved_rule_based,0.39
section_00_source_train_normal_000273,train,source,normal,A,20260901T091827Z-9e9b5b7e30e5dbfd58035596,20260901T091827Z-9e9b5b7e30e5dbfd58035596-dg-ba603bf1a521-000060,3,none,none,slow,normal-slow-1,front,normal,clipped/audio_event_clean/normal/20260901T091827Z-9e9b5b7e30e5dbfd58035596-dg-ba603bf1a521-000060_ch3.wav,3DPrinter/train/section_00_source_train_normal_000273.wav,ce38f2ed9fc473eb5ed0878a4e3ced01e1fb33e6a4ff46a02745764e599620aa,960044,46788000,47268000,0f68fd949d988c44b2305ad1c4ef0e16982d01db28573df69d4a4e5d0076f5e4,0,0,01b2b575c87ad317bf43fc05134b66aa2feeea6daca7bda15b293c666eb909f5,saved_rule_based,0.39
section_00_source_train_normal_000274,train,source,normal,A,20260901T091827Z-9e9b5b7e30e5dbfd58035596,20260901T091827Z-9e9b5b7e30e5dbfd58035596-dg-ba603bf1a521-000064,3,none,none,slow,normal-slow-1,front,normal,clipped/audio_event_clean/normal/20260901T091827Z-9e9b5b7e30e5dbfd58035596-dg-ba603bf1a521-000064_ch3.wav,3DPrinter/train/section_00_source_train_normal_000274.wav,b5ea7e46b14a603d3206a919935bdc12d5c0cfca652386eeb4032aed1d628e35,960044,48708000,49188000,0f68fd949d988c44b2305ad1c4ef0e16982d01db28573df69d4a4e5d0076f5e4,0,0,01b2b575c87ad317bf43fc05134b66aa2feeea6daca7bda15b293c666eb909f5,saved_rule_based,0.39
section_00_source_train_normal_000275,train,source,normal,A,20260901T091827Z-9e9b5b7e30e5dbfd58035596,20260901T091827Z-9e9b5b7e30e5dbfd58035596-dg-ba603bf1a521-000065,3,none,none,slow,normal-slow-1,front,normal,clipped/audio_event_clean/normal/20260901T091827Z-9e9b5b7e30e5dbfd58035596-dg-ba603bf1a521-000065_ch3.wav,3DPrinter/train/section_00_source_train_normal_000275.wav,25f32d664f266e4dc1f13ee6e4786fbce134ed56c256edb4d12b6d3ea952b960,960044,49188000,49668000,0f68fd949d988c44b2305ad1c4ef0e16982d01db28573df69d4a4e5d0076f5e4,0,0,01b2b575c87ad317bf43fc05134b66aa2feeea6daca7bda15b293c666eb909f5,saved_rule_based,0.39
section_00_source_train_normal_000276,train,source,normal,A,20260901T091827Z-9e9b5b7e30e5dbfd58035596,20260901T091827Z-9e9b5b7e30e5dbfd58035596-dg-ba603bf1a521-000069,3,none,none,slow,normal-slow-1,front,normal,clipped/audio_event_clean/normal/20260901T091827Z-9e9b5b7e30e5dbfd58035596-dg-ba603bf1a521-000069_ch3.wav,3DPrinter/train/section_00_source_train_normal_000276.wav,3b09bb653dfe79f522003ef9d551c2af865f44433917892ae6bf738629ad3769,960044,51108000,51588000,0f68fd949d988c44b2305ad1c4ef0e16982d01db28573df69d4a4e5d0076f5e4,0,0,01b2b575c87ad317bf43fc05134b66aa2feeea6daca7bda15b293c666eb909f5,saved_rule_based,0.39
section_00_source_train_normal_000277,train,source,normal,A,20260901T091827Z-9e9b5b7e30e5dbfd58035596,20260901T091827Z-9e9b5b7e30e5dbfd58035596-dg-ba603bf1a521-000072,3,none,none,slow,normal-slow-1,front,normal,clipped/audio_event_clean/normal/20260901T091827Z-9e9b5b7e30e5dbfd58035596-dg-ba603bf1a521-000072_ch3.wav,3DPrinter/train/section_00_source_train_normal_000277.wav,ea756d74ce02d58e586feadcbe97dba3262bf9d27cd145d1c98abe2e93536c69,960044,52548000,53028000,0f68fd949d988c44b2305ad1c4ef0e16982d01db28573df69d4a4e5d0076f5e4,0,0,01b2b575c87ad317bf43fc05134b66aa2feeea6daca7bda15b293c666eb909f5,saved_rule_based,0.39
section_00_source_train_normal_000278,train,source,normal,A,20260901T091827Z-9e9b5b7e30e5dbfd58035596,20260901T091827Z-9e9b5b7e30e5dbfd58035596-dg-ba603bf1a521-000075,3,none,none,slow,normal-slow-1,front,normal,clipped/audio_event_clean/normal/20260901T091827Z-9e9b5b7e30e5dbfd58035596-dg-ba603bf1a521-000075_ch3.wav,3DPrinter/train/section_00_source_train_normal_000278.wav,40e40c46039edcf586c2c782e0e3a87b37f30ad6677cbf5330a93bfcecf6272d,960044,53988000,54468000,0f68fd949d988c44b2305ad1c4ef0e16982d01db28573df69d4a4e5d0076f5e4,0,0,01b2b575c87ad317bf43fc05134b66aa2feeea6daca7bda15b293c666eb909f5,saved_rule_based,0.39
section_00_source_train_normal_000279,train,source,normal,A,20260901T091827Z-9e9b5b7e30e5dbfd58035596,20260901T091827Z-9e9b5b7e30e5dbfd58035596-dg-ba603bf1a521-000076,3,none,none,slow,normal-slow-1,front,normal,clipped/audio_event_clean/normal/20260901T091827Z-9e9b5b7e30e5dbfd58035596-dg-ba603bf1a521-000076_ch3.wav,3DPrinter/train/section_00_source_train_normal_000279.wav,9e3661fdcaa5ef0164483671ff020e1de3d2622ebf26dfcc901ef208ea3fddaf,960044,54468000,54948000,0f68fd949d988c44b2305ad1c4ef0e16982d01db28573df69d4a4e5d0076f5e4,0,0,01b2b575c87ad317bf43fc05134b66aa2feeea6daca7bda15b293c666eb909f5,saved_rule_based,0.39
section_00_source_train_normal_000280,train,source,normal,A,20260901T091827Z-9e9b5b7e30e5dbfd58035596,20260901T091827Z-9e9b5b7e30e5dbfd58035596-dg-ba603bf1a521-000078,3,none,none,slow,normal-slow-1,front,normal,clipped/audio_event_clean/normal/20260901T091827Z-9e9b5b7e30e5dbfd58035596-dg-ba603bf1a521-000078_ch3.wav,3DPrinter/train/section_00_source_train_normal_000280.wav,53bb1af85c22411c8693a6d65f728f8969e3ad62012c388e0b066acee68cbcf1,960044,55428000,55908000,0f68fd949d988c44b2305ad1c4ef0e16982d01db28573df69d4a4e5d0076f5e4,0,0,01b2b575c87ad317bf43fc05134b66aa2feeea6daca7bda15b293c666eb909f5,saved_rule_based,0.39
section_00_source_train_normal_000281,train,source,normal,A,20260901T091827Z-9e9b5b7e30e5dbfd58035596,20260901T091827Z-9e9b5b7e30e5dbfd58035596-dg-ba603bf1a521-000080,3,none,none,slow,normal-slow-1,front,normal,clipped/audio_event_clean/normal/20260901T091827Z-9e9b5b7e30e5dbfd58035596-dg-ba603bf1a521-000080_ch3.wav,3DPrinter/train/section_00_source_train_normal_000281.wav,fa96a3e60be3ec82569098c7d99330ff16f251425ff8d3a45c1751aa48579834,960044,56388000,56868000,0f68fd949d988c44b2305ad1c4ef0e16982d01db28573df69d4a4e5d0076f5e4,0,0,01b2b575c87ad317bf43fc05134b66aa2feeea6daca7bda15b293c666eb909f5,saved_rule_based,0.39
section_00_source_train_normal_000282,train,source,normal,A,20260901T091827Z-9e9b5b7e30e5dbfd58035596,20260901T091827Z-9e9b5b7e30e5dbfd58035596-dg-ba603bf1a521-000081,3,none,none,slow,normal-slow-1,front,normal,clipped/audio_event_clean/normal/20260901T091827Z-9e9b5b7e30e5dbfd58035596-dg-ba603bf1a521-000081_ch3.wav,3DPrinter/train/section_00_source_train_normal_000282.wav,e68cba168681a6174da14de9af21daa538dee1532d711771386b59f7a18657ef,960044,56868000,57348000,0f68fd949d988c44b2305ad1c4ef0e16982d01db28573df69d4a4e5d0076f5e4,0,0,01b2b575c87ad317bf43fc05134b66aa2feeea6daca7bda15b293c666eb909f5,saved_rule_based,0.39
section_00_source_train_normal_000283,train,source,normal,A,20260901T091827Z-9e9b5b7e30e5dbfd58035596,20260901T091827Z-9e9b5b7e30e5dbfd58035596-dg-ba603bf1a521-000083,3,none,none,slow,normal-slow-1,front,normal,clipped/audio_event_clean/normal/20260901T091827Z-9e9b5b7e30e5dbfd58035596-dg-ba603bf1a521-000083_ch3.wav,3DPrinter/train/section_00_source_train_normal_000283.wav,e1e30a7e3be8ac5b9fc5cfcc73bafa2eace273dbe16faa6cae7961a7fcb8ca6b,960044,57828000,58308000,0f68fd949d988c44b2305ad1c4ef0e16982d01db28573df69d4a4e5d0076f5e4,0,0,01b2b575c87ad317bf43fc05134b66aa2feeea6daca7bda15b293c666eb909f5,saved_rule_based,0.39
section_00_source_train_normal_000284,train,source,normal,A,20260901T091827Z-9e9b5b7e30e5dbfd58035596,20260901T091827Z-9e9b5b7e30e5dbfd58035596-dg-ba603bf1a521-000088,3,none,none,slow,normal-slow-1,front,normal,clipped/audio_event_clean/normal/20260901T091827Z-9e9b5b7e30e5dbfd58035596-dg-ba603bf1a521-000088_ch3.wav,3DPrinter/train/section_00_source_train_normal_000284.wav,1c6604bec2f5a51c7e6c3c2006e48d60993c141d2a71952e23c4d6a479a3ad1d,960044,60228000,60708000,0f68fd949d988c44b2305ad1c4ef0e16982d01db28573df69d4a4e5d0076f5e4,0,0,01b2b575c87ad317bf43fc05134b66aa2feeea6daca7bda15b293c666eb909f5,saved_rule_based,0.39
section_00_source_train_normal_000285,train,source,normal,A,20260901T091827Z-9e9b5b7e30e5dbfd58035596,20260901T091827Z-9e9b5b7e30e5dbfd58035596-dg-ba603bf1a521-000090,3,none,none,slow,normal-slow-1,front,normal,clipped/audio_event_clean/normal/20260901T091827Z-9e9b5b7e30e5dbfd58035596-dg-ba603bf1a521-000090_ch3.wav,3DPrinter/train/section_00_source_train_normal_000285.wav,65ea57268e510ee087394118d239c2a547eef8963e16aba7ddf23a83e634e451,960044,61188000,61668000,0f68fd949d988c44b2305ad1c4ef0e16982d01db28573df69d4a4e5d0076f5e4,0,0,01b2b575c87ad317bf43fc05134b66aa2feeea6daca7bda15b293c666eb909f5,saved_rule_based,0.39
section_00_source_train_normal_000286,train,source,normal,A,20260901T091827Z-9e9b5b7e30e5dbfd58035596,20260901T091827Z-9e9b5b7e30e5dbfd58035596-dg-ba603bf1a521-000094,3,none,none,slow,normal-slow-1,front,normal,clipped/audio_event_clean/normal/20260901T091827Z-9e9b5b7e30e5dbfd58035596-dg-ba603bf1a521-000094_ch3.wav,3DPrinter/train/section_00_source_train_normal_000286.wav,6bd0780352dd61e0f89f4fc8c1dddd6e925225fd9031752f09874ec789bb8c17,960044,63108000,63588000,0f68fd949d988c44b2305ad1c4ef0e16982d01db28573df69d4a4e5d0076f5e4,0,0,01b2b575c87ad317bf43fc05134b66aa2feeea6daca7bda15b293c666eb909f5,saved_rule_based,0.39
section_00_source_train_normal_000287,train,source,normal,A,20260901T091827Z-9e9b5b7e30e5dbfd58035596,20260901T091827Z-9e9b5b7e30e5dbfd58035596-dg-ba603bf1a521-000095,3,none,none,slow,normal-slow-1,front,normal,clipped/audio_event_clean/normal/20260901T091827Z-9e9b5b7e30e5dbfd58035596-dg-ba603bf1a521-000095_ch3.wav,3DPrinter/train/section_00_source_train_normal_000287.wav,4bf646be043212fb6db63349a4079095dea3178d02a673e6bafbb1c060cdc903,960044,63588000,64068000,0f68fd949d988c44b2305ad1c4ef0e16982d01db28573df69d4a4e5d0076f5e4,0,0,01b2b575c87ad317bf43fc05134b66aa2feeea6daca7bda15b293c666eb909f5,saved_rule_based,0.39
section_00_source_train_normal_000288,train,source,normal,A,20260901T091827Z-9e9b5b7e30e5dbfd58035596,20260901T091827Z-9e9b5b7e30e5dbfd58035596-dg-ba603bf1a521-000097,3,none,none,slow,normal-slow-1,front,normal,clipped/audio_event_clean/normal/20260901T091827Z-9e9b5b7e30e5dbfd58035596-dg-ba603bf1a521-000097_ch3.wav,3DPrinter/train/section_00_source_train_normal_000288.wav,a5af6208d31fb7f8541d13b19b07d5e408b5dab64a0edd748318b9b45d165ed8,960044,64548000,65028000,0f68fd949d988c44b2305ad1c4ef0e16982d01db28573df69d4a4e5d0076f5e4,0,0,01b2b575c87ad317bf43fc05134b66aa2feeea6daca7bda15b293c666eb909f5,saved_rule_based,0.39
section_00_source_train_normal_000289,train,source,normal,A,20260901T091827Z-9e9b5b7e30e5dbfd58035596,20260901T091827Z-9e9b5b7e30e5dbfd58035596-dg-ba603bf1a521-000099,3,none,none,slow,normal-slow-1,front,normal,clipped/audio_event_clean/normal/20260901T091827Z-9e9b5b7e30e5dbfd58035596-dg-ba603bf1a521-000099_ch3.wav,3DPrinter/train/section_00_source_train_normal_000289.wav,963d995a98a635b59e63fa9921d1aebfef8b5a1e7a297765e160c51a948b1150,960044,65508000,65988000,0f68fd949d988c44b2305ad1c4ef0e16982d01db28573df69d4a4e5d0076f5e4,0,0,01b2b575c87ad317bf43fc05134b66aa2feeea6daca7bda15b293c666eb909f5,saved_rule_based,0.39
section_00_source_train_normal_000290,train,source,normal,A,20260901T091827Z-9e9b5b7e30e5dbfd58035596,20260901T091827Z-9e9b5b7e30e5dbfd58035596-dg-ba603bf1a521-000100,3,none,none,slow,normal-slow-1,front,normal,clipped/audio_event_clean/normal/20260901T091827Z-9e9b5b7e30e5dbfd58035596-dg-ba603bf1a521-000100_ch3.wav,3DPrinter/train/section_00_source_train_normal_000290.wav,79e0ce536c1d20e8f200198021593ee33786623b4e20da6142682f6b4f7bdd6f,960044,65988000,66468000,0f68fd949d988c44b2305ad1c4ef0e16982d01db28573df69d4a4e5d0076f5e4,0,0,01b2b575c87ad317bf43fc05134b66aa2feeea6daca7bda15b293c666eb909f5,saved_rule_based,0.39
section_00_source_train_normal_000291,train,source,normal,A,20260901T091827Z-9e9b5b7e30e5dbfd58035596,20260901T091827Z-9e9b5b7e30e5dbfd58035596-dg-ba603bf1a521-000101,3,none,none,slow,normal-slow-1,front,normal,clipped/audio_event_clean/normal/20260901T091827Z-9e9b5b7e30e5dbfd58035596-dg-ba603bf1a521-000101_ch3.wav,3DPrinter/train/section_00_source_train_normal_000291.wav,a70429aafabe5087055e3e4d56ad0bbc6404356ea46aa5468afb2dddd01807b3,960044,66468000,66948000,0f68fd949d988c44b2305ad1c4ef0e16982d01db28573df69d4a4e5d0076f5e4,0,0,01b2b575c87ad317bf43fc05134b66aa2feeea6daca7bda15b293c666eb909f5,saved_rule_based,0.39
section_00_source_train_normal_000292,train,source,normal,A,20260901T091827Z-9e9b5b7e30e5dbfd58035596,20260901T091827Z-9e9b5b7e30e5dbfd58035596-dg-ba603bf1a521-000103,3,none,none,slow,normal-slow-1,front,normal,clipped/audio_event_clean/normal/20260901T091827Z-9e9b5b7e30e5dbfd58035596-dg-ba603bf1a521-000103_ch3.wav,3DPrinter/train/section_00_source_train_normal_000292.wav,c08f6cc46673e940023caa66d0defa2d00354f8332f7912ab511560adc0de826,960044,67428000,67908000,0f68fd949d988c44b2305ad1c4ef0e16982d01db28573df69d4a4e5d0076f5e4,0,0,01b2b575c87ad317bf43fc05134b66aa2feeea6daca7bda15b293c666eb909f5,saved_rule_based,0.39
section_00_source_train_normal_000293,train,source,normal,A,20260901T091827Z-9e9b5b7e30e5dbfd58035596,20260901T091827Z-9e9b5b7e30e5dbfd58035596-dg-ba603bf1a521-000106,3,none,none,slow,normal-slow-1,front,normal,clipped/audio_event_clean/normal/20260901T091827Z-9e9b5b7e30e5dbfd58035596-dg-ba603bf1a521-000106_ch3.wav,3DPrinter/train/section_00_source_train_normal_000293.wav,3715e8932ce54fd58d460d066e8dd9c5c0e57cdabaff745f4233d968ea022229,960044,68868000,69348000,0f68fd949d988c44b2305ad1c4ef0e16982d01db28573df69d4a4e5d0076f5e4,0,0,01b2b575c87ad317bf43fc05134b66aa2feeea6daca7bda15b293c666eb909f5,saved_rule_based,0.39
section_00_source_train_normal_000294,train,source,normal,A,20260901T091827Z-9e9b5b7e30e5dbfd58035596,20260901T091827Z-9e9b5b7e30e5dbfd58035596-dg-ba603bf1a521-000108,3,none,none,slow,normal-slow-1,front,normal,clipped/audio_event_clean/normal/20260901T091827Z-9e9b5b7e30e5dbfd58035596-dg-ba603bf1a521-000108_ch3.wav,3DPrinter/train/section_00_source_train_normal_000294.wav,7e3e68489779a252380b10531496ef9f8fdcdf07e32e3a4a83c589d879b6ef71,960044,69828000,70308000,0f68fd949d988c44b2305ad1c4ef0e16982d01db28573df69d4a4e5d0076f5e4,0,0,01b2b575c87ad317bf43fc05134b66aa2feeea6daca7bda15b293c666eb909f5,saved_rule_based,0.39
section_00_source_train_normal_000295,train,source,normal,A,20260901T091827Z-9e9b5b7e30e5dbfd58035596,20260901T091827Z-9e9b5b7e30e5dbfd58035596-dg-ba603bf1a521-000111,3,none,none,slow,normal-slow-1,front,normal,clipped/audio_event_clean/normal/20260901T091827Z-9e9b5b7e30e5dbfd58035596-dg-ba603bf1a521-000111_ch3.wav,3DPrinter/train/section_00_source_train_normal_000295.wav,5a17999c34bd06168f3942db9f840854cd22d9b935108a4459508eb07a9ab693,960044,71268000,71748000,0f68fd949d988c44b2305ad1c4ef0e16982d01db28573df69d4a4e5d0076f5e4,0,0,01b2b575c87ad317bf43fc05134b66aa2feeea6daca7bda15b293c666eb909f5,saved_rule_based,0.39
section_00_source_train_normal_000296,train,source,normal,A,20260901T091827Z-9e9b5b7e30e5dbfd58035596,20260901T091827Z-9e9b5b7e30e5dbfd58035596-dg-ba603bf1a521-000116,3,none,none,slow,normal-slow-1,front,normal,clipped/audio_event_clean/normal/20260901T091827Z-9e9b5b7e30e5dbfd58035596-dg-ba603bf1a521-000116_ch3.wav,3DPrinter/train/section_00_source_train_normal_000296.wav,5450974b37a176bacfbe54f7bb89ba8650047e30a929fbee8daa813c4b8cfb69,960044,73668000,74148000,0f68fd949d988c44b2305ad1c4ef0e16982d01db28573df69d4a4e5d0076f5e4,0,0,01b2b575c87ad317bf43fc05134b66aa2feeea6daca7bda15b293c666eb909f5,saved_rule_based,0.39
section_00_source_train_normal_000297,train,source,normal,A,20260901T091827Z-9e9b5b7e30e5dbfd58035596,20260901T091827Z-9e9b5b7e30e5dbfd58035596-dg-ba603bf1a521-000119,3,none,none,slow,normal-slow-1,front,normal,clipped/audio_event_clean/normal/20260901T091827Z-9e9b5b7e30e5dbfd58035596-dg-ba603bf1a521-000119_ch3.wav,3DPrinter/train/section_00_source_train_normal_000297.wav,709cd350c067797a52feed15c450ad6d8fb84c36603bfce28494b7aa4e5f485b,960044,75108000,75588000,0f68fd949d988c44b2305ad1c4ef0e16982d01db28573df69d4a4e5d0076f5e4,0,0,01b2b575c87ad317bf43fc05134b66aa2feeea6daca7bda15b293c666eb909f5,saved_rule_based,0.39
section_00_source_train_normal_000298,train,source,normal,A,20260901T091827Z-9e9b5b7e30e5dbfd58035596,20260901T091827Z-9e9b5b7e30e5dbfd58035596-dg-ba603bf1a521-000122,3,none,none,slow,normal-slow-1,front,normal,clipped/audio_event_clean/normal/20260901T091827Z-9e9b5b7e30e5dbfd58035596-dg-ba603bf1a521-000122_ch3.wav,3DPrinter/train/section_00_source_train_normal_000298.wav,2c60c6935df1fe1145f768e6510aa14344b109d449230d563c6f806f38adf495,960044,76548000,77028000,0f68fd949d988c44b2305ad1c4ef0e16982d01db28573df69d4a4e5d0076f5e4,0,0,01b2b575c87ad317bf43fc05134b66aa2feeea6daca7bda15b293c666eb909f5,saved_rule_based,0.39
section_00_source_train_normal_000299,train,source,normal,A,20260901T091827Z-9e9b5b7e30e5dbfd58035596,20260901T091827Z-9e9b5b7e30e5dbfd58035596-dg-ba603bf1a521-000125,3,none,none,slow,normal-slow-1,front,normal,clipped/audio_event_clean/normal/20260901T091827Z-9e9b5b7e30e5dbfd58035596-dg-ba603bf1a521-000125_ch3.wav,3DPrinter/train/section_00_source_train_normal_000299.wav,07dac0791a8093667a6fc391d9805c0f890afee43b6746c291fefc6f5b758d9f,960044,77988000,78468000,0f68fd949d988c44b2305ad1c4ef0e16982d01db28573df69d4a4e5d0076f5e4,0,0,01b2b575c87ad317bf43fc05134b66aa2feeea6daca7bda15b293c666eb909f5,saved_rule_based,0.39
section_00_source_train_normal_000300,train,source,normal,A,20260901T091827Z-9e9b5b7e30e5dbfd58035596,20260901T091827Z-9e9b5b7e30e5dbfd58035596-dg-ba603bf1a521-000127,3,none,none,slow,normal-slow-1,front,normal,clipped/audio_event_clean/normal/20260901T091827Z-9e9b5b7e30e5dbfd58035596-dg-ba603bf1a521-000127_ch3.wav,3DPrinter/train/section_00_source_train_normal_000300.wav,6d5a38aa4fac84d0fbebb7d8ac2aff26faf12ce115d22cc0d1a20b7ad7f326c5,960044,78948000,79428000,0f68fd949d988c44b2305ad1c4ef0e16982d01db28573df69d4a4e5d0076f5e4,0,0,01b2b575c87ad317bf43fc05134b66aa2feeea6daca7bda15b293c666eb909f5,saved_rule_based,0.39
section_00_source_train_normal_000301,train,source,normal,A,20260901T091827Z-9e9b5b7e30e5dbfd58035596,20260901T091827Z-9e9b5b7e30e5dbfd58035596-dg-ba603bf1a521-000128,3,none,none,slow,normal-slow-1,front,normal,clipped/audio_event_clean/normal/20260901T091827Z-9e9b5b7e30e5dbfd58035596-dg-ba603bf1a521-000128_ch3.wav,3DPrinter/train/section_00_source_train_normal_000301.wav,db5184175331296339ba16f3c7d3989a53a1cddd3a6e96d3598d9673e190ee16,960044,79428000,79908000,0f68fd949d988c44b2305ad1c4ef0e16982d01db28573df69d4a4e5d0076f5e4,0,0,01b2b575c87ad317bf43fc05134b66aa2feeea6daca7bda15b293c666eb909f5,saved_rule_based,0.39
section_00_source_train_normal_000302,train,source,normal,A,20260901T091827Z-9e9b5b7e30e5dbfd58035596,20260901T091827Z-9e9b5b7e30e5dbfd58035596-dg-ba603bf1a521-000130,3,none,none,slow,normal-slow-1,front,normal,clipped/audio_event_clean/normal/20260901T091827Z-9e9b5b7e30e5dbfd58035596-dg-ba603bf1a521-000130_ch3.wav,3DPrinter/train/section_00_source_train_normal_000302.wav,9e9a0687f9eed9262eaa68cb4ca15d529190e2ef7d32d9c949f0e471911cd292,960044,80388000,80868000,0f68fd949d988c44b2305ad1c4ef0e16982d01db28573df69d4a4e5d0076f5e4,0,0,01b2b575c87ad317bf43fc05134b66aa2feeea6daca7bda15b293c666eb909f5,saved_rule_based,0.39
section_00_source_train_normal_000303,train,source,normal,A,20260901T091827Z-9e9b5b7e30e5dbfd58035596,20260901T091827Z-9e9b5b7e30e5dbfd58035596-dg-ba603bf1a521-000135,3,none,none,slow,normal-slow-1,front,normal,clipped/audio_event_clean/normal/20260901T091827Z-9e9b5b7e30e5dbfd58035596-dg-ba603bf1a521-000135_ch3.wav,3DPrinter/train/section_00_source_train_normal_000303.wav,63fbd098a9749022cb477e230bc1aefc197b70654ab72544700f34769c44c445,960044,82788000,83268000,0f68fd949d988c44b2305ad1c4ef0e16982d01db28573df69d4a4e5d0076f5e4,0,0,01b2b575c87ad317bf43fc05134b66aa2feeea6daca7bda15b293c666eb909f5,saved_rule_based,0.39
section_00_source_train_normal_000304,train,source,normal,A,20260901T091827Z-9e9b5b7e30e5dbfd58035596,20260901T091827Z-9e9b5b7e30e5dbfd58035596-dg-ba603bf1a521-000137,3,none,none,slow,normal-slow-1,front,normal,clipped/audio_event_clean/normal/20260901T091827Z-9e9b5b7e30e5dbfd58035596-dg-ba603bf1a521-000137_ch3.wav,3DPrinter/train/section_00_source_train_normal_000304.wav,36f2f95243c58bc361a6ebafed24d2374e61ebb31ffa8bae1ce9eb7576a3bff3,960044,83748000,84228000,0f68fd949d988c44b2305ad1c4ef0e16982d01db28573df69d4a4e5d0076f5e4,0,0,01b2b575c87ad317bf43fc05134b66aa2feeea6daca7bda15b293c666eb909f5,saved_rule_based,0.39
section_00_source_train_normal_000305,train,source,normal,A,20260901T091827Z-9e9b5b7e30e5dbfd58035596,20260901T091827Z-9e9b5b7e30e5dbfd58035596-dg-ba603bf1a521-000139,3,none,none,slow,normal-slow-1,front,normal,clipped/audio_event_clean/normal/20260901T091827Z-9e9b5b7e30e5dbfd58035596-dg-ba603bf1a521-000139_ch3.wav,3DPrinter/train/section_00_source_train_normal_000305.wav,f0de87a5db4137ef9b5eefd5644b013f8c87b531f764024b7b7e081860ba6338,960044,84708000,85188000,0f68fd949d988c44b2305ad1c4ef0e16982d01db28573df69d4a4e5d0076f5e4,0,0,01b2b575c87ad317bf43fc05134b66aa2feeea6daca7bda15b293c666eb909f5,saved_rule_based,0.39
section_00_source_train_normal_000306,train,source,normal,A,20260901T091827Z-9e9b5b7e30e5dbfd58035596,20260901T091827Z-9e9b5b7e30e5dbfd58035596-dg-ba603bf1a521-000140,3,none,none,slow,normal-slow-1,front,normal,clipped/audio_event_clean/normal/20260901T091827Z-9e9b5b7e30e5dbfd58035596-dg-ba603bf1a521-000140_ch3.wav,3DPrinter/train/section_00_source_train_normal_000306.wav,20dad166d0d6da7db02ab0a31bcb5e44d6bbcf934f46aa1e1f245da4245515fb,960044,85188000,85668000,0f68fd949d988c44b2305ad1c4ef0e16982d01db28573df69d4a4e5d0076f5e4,0,0,01b2b575c87ad317bf43fc05134b66aa2feeea6daca7bda15b293c666eb909f5,saved_rule_based,0.39
section_00_source_train_normal_000307,train,source,normal,A,20260901T091827Z-9e9b5b7e30e5dbfd58035596,20260901T091827Z-9e9b5b7e30e5dbfd58035596-dg-ba603bf1a521-000141,3,none,none,slow,normal-slow-1,front,normal,clipped/audio_event_clean/normal/20260901T091827Z-9e9b5b7e30e5dbfd58035596-dg-ba603bf1a521-000141_ch3.wav,3DPrinter/train/section_00_source_train_normal_000307.wav,c4648251c3d4bded30285b02fddfc1d48286829ba493bdce2166ae97aceb65f1,960044,85668000,86148000,0f68fd949d988c44b2305ad1c4ef0e16982d01db28573df69d4a4e5d0076f5e4,0,0,01b2b575c87ad317bf43fc05134b66aa2feeea6daca7bda15b293c666eb909f5,saved_rule_based,0.39
section_00_source_train_normal_000308,train,source,normal,A,20260901T091827Z-9e9b5b7e30e5dbfd58035596,20260901T091827Z-9e9b5b7e30e5dbfd58035596-dg-ba603bf1a521-000142,3,none,none,slow,normal-slow-1,front,normal,clipped/audio_event_clean/normal/20260901T091827Z-9e9b5b7e30e5dbfd58035596-dg-ba603bf1a521-000142_ch3.wav,3DPrinter/train/section_00_source_train_normal_000308.wav,8d0c6b75f548e07c620a69bbdbb4b1d5aa672d0c05d00a3c835fb70682e06043,960044,86148000,86628000,0f68fd949d988c44b2305ad1c4ef0e16982d01db28573df69d4a4e5d0076f5e4,0,0,01b2b575c87ad317bf43fc05134b66aa2feeea6daca7bda15b293c666eb909f5,saved_rule_based,0.39
section_00_source_train_normal_000309,train,source,normal,A,20260901T091827Z-9e9b5b7e30e5dbfd58035596,20260901T091827Z-9e9b5b7e30e5dbfd58035596-dg-ba603bf1a521-000143,3,none,none,slow,normal-slow-1,front,normal,clipped/audio_event_clean/normal/20260901T091827Z-9e9b5b7e30e5dbfd58035596-dg-ba603bf1a521-000143_ch3.wav,3DPrinter/train/section_00_source_train_normal_000309.wav,70c98f646a9faf6f0e4976948d3cdd505654de74462edee944b60dad1a915f92,960044,86628000,87108000,0f68fd949d988c44b2305ad1c4ef0e16982d01db28573df69d4a4e5d0076f5e4,0,0,01b2b575c87ad317bf43fc05134b66aa2feeea6daca7bda15b293c666eb909f5,saved_rule_based,0.39
section_00_source_train_normal_000310,train,source,normal,A,20260901T091827Z-9e9b5b7e30e5dbfd58035596,20260901T091827Z-9e9b5b7e30e5dbfd58035596-dg-ba603bf1a521-000149,3,none,none,slow,normal-slow-1,front,normal,clipped/audio_event_clean/normal/20260901T091827Z-9e9b5b7e30e5dbfd58035596-dg-ba603bf1a521-000149_ch3.wav,3DPrinter/train/section_00_source_train_normal_000310.wav,dd3df107983595f793a4d7cc65a9c74ca65c53fc5a0f6ceb37c2f304f21f9d51,960044,89508000,89988000,0f68fd949d988c44b2305ad1c4ef0e16982d01db28573df69d4a4e5d0076f5e4,0,0,01b2b575c87ad317bf43fc05134b66aa2feeea6daca7bda15b293c666eb909f5,saved_rule_based,0.39
section_00_source_train_normal_000311,train,source,normal,A,20260901T091827Z-9e9b5b7e30e5dbfd58035596,20260901T091827Z-9e9b5b7e30e5dbfd58035596-dg-ba603bf1a521-000150,3,none,none,slow,normal-slow-1,front,normal,clipped/audio_event_clean/normal/20260901T091827Z-9e9b5b7e30e5dbfd58035596-dg-ba603bf1a521-000150_ch3.wav,3DPrinter/train/section_00_source_train_normal_000311.wav,5816a9f70c02229ea7e5645ebee140d7f91f6d552c9bad7344b531d44f2a61ad,960044,89988000,90468000,0f68fd949d988c44b2305ad1c4ef0e16982d01db28573df69d4a4e5d0076f5e4,0,0,01b2b575c87ad317bf43fc05134b66aa2feeea6daca7bda15b293c666eb909f5,saved_rule_based,0.39
section_00_source_train_normal_000312,train,source,normal,A,20260901T091827Z-9e9b5b7e30e5dbfd58035596,20260901T091827Z-9e9b5b7e30e5dbfd58035596-dg-ba603bf1a521-000151,3,none,none,slow,normal-slow-1,front,normal,clipped/audio_event_clean/normal/20260901T091827Z-9e9b5b7e30e5dbfd58035596-dg-ba603bf1a521-000151_ch3.wav,3DPrinter/train/section_00_source_train_normal_000312.wav,adcc6c854fda6f587a91b5e577895955642d8202ae9afea6aaf8e31101fd1676,960044,90468000,90948000,0f68fd949d988c44b2305ad1c4ef0e16982d01db28573df69d4a4e5d0076f5e4,0,0,01b2b575c87ad317bf43fc05134b66aa2feeea6daca7bda15b293c666eb909f5,saved_rule_based,0.39
section_00_source_train_normal_000313,train,source,normal,A,20260901T091827Z-9e9b5b7e30e5dbfd58035596,20260901T091827Z-9e9b5b7e30e5dbfd58035596-dg-ba603bf1a521-000152,3,none,none,slow,normal-slow-1,front,normal,clipped/audio_event_clean/normal/20260901T091827Z-9e9b5b7e30e5dbfd58035596-dg-ba603bf1a521-000152_ch3.wav,3DPrinter/train/section_00_source_train_normal_000313.wav,ebb8e20f85e40e93df9df66a99394fadf6e87027835efdd75b6243ae2848666d,960044,90948000,91428000,0f68fd949d988c44b2305ad1c4ef0e16982d01db28573df69d4a4e5d0076f5e4,0,0,01b2b575c87ad317bf43fc05134b66aa2feeea6daca7bda15b293c666eb909f5,saved_rule_based,0.39
section_00_source_train_normal_000314,train,source,normal,A,20260901T091827Z-9e9b5b7e30e5dbfd58035596,20260901T091827Z-9e9b5b7e30e5dbfd58035596-dg-ba603bf1a521-000154,3,none,none,slow,normal-slow-1,front,normal,clipped/audio_event_clean/normal/20260901T091827Z-9e9b5b7e30e5dbfd58035596-dg-ba603bf1a521-000154_ch3.wav,3DPrinter/train/section_00_source_train_normal_000314.wav,96e8b565f443f78fe204afe2ccaf1ec911f44a4e4e6e1b6e644294df9018f169,960044,91908000,92388000,0f68fd949d988c44b2305ad1c4ef0e16982d01db28573df69d4a4e5d0076f5e4,0,0,01b2b575c87ad317bf43fc05134b66aa2feeea6daca7bda15b293c666eb909f5,saved_rule_based,0.39
section_00_source_train_normal_000315,train,source,normal,A,20260901T091827Z-9e9b5b7e30e5dbfd58035596,20260901T091827Z-9e9b5b7e30e5dbfd58035596-dg-ba603bf1a521-000158,3,none,none,slow,normal-slow-1,front,normal,clipped/audio_event_clean/normal/20260901T091827Z-9e9b5b7e30e5dbfd58035596-dg-ba603bf1a521-000158_ch3.wav,3DPrinter/train/section_00_source_train_normal_000315.wav,5b07b8a630d415479c819664ad4447b4b50578746aa4f0c7af64bcc87db4c603,960044,93828000,94308000,0f68fd949d988c44b2305ad1c4ef0e16982d01db28573df69d4a4e5d0076f5e4,0,0,01b2b575c87ad317bf43fc05134b66aa2feeea6daca7bda15b293c666eb909f5,saved_rule_based,0.39
section_00_source_train_normal_000316,train,source,normal,A,20260901T091827Z-9e9b5b7e30e5dbfd58035596,20260901T091827Z-9e9b5b7e30e5dbfd58035596-dg-ba603bf1a521-000159,3,none,none,slow,normal-slow-1,front,normal,clipped/audio_event_clean/normal/20260901T091827Z-9e9b5b7e30e5dbfd58035596-dg-ba603bf1a521-000159_ch3.wav,3DPrinter/train/section_00_source_train_normal_000316.wav,002193b6fa11844571bac502b653c04dcd9803adb6fb27da756e3e485ec0deda,960044,94308000,94788000,0f68fd949d988c44b2305ad1c4ef0e16982d01db28573df69d4a4e5d0076f5e4,0,0,01b2b575c87ad317bf43fc05134b66aa2feeea6daca7bda15b293c666eb909f5,saved_rule_based,0.39
section_00_source_train_normal_000317,train,source,normal,A,20260901T091827Z-9e9b5b7e30e5dbfd58035596,20260901T091827Z-9e9b5b7e30e5dbfd58035596-dg-ba603bf1a521-000160,3,none,none,slow,normal-slow-1,front,normal,clipped/audio_event_clean/normal/20260901T091827Z-9e9b5b7e30e5dbfd58035596-dg-ba603bf1a521-000160_ch3.wav,3DPrinter/train/section_00_source_train_normal_000317.wav,85b39472c07c18bdb477e7abd072faecaa7d80cef68c14b869572c4cdcd2003a,960044,94788000,95268000,0f68fd949d988c44b2305ad1c4ef0e16982d01db28573df69d4a4e5d0076f5e4,0,0,01b2b575c87ad317bf43fc05134b66aa2feeea6daca7bda15b293c666eb909f5,saved_rule_based,0.39
section_00_source_train_normal_000318,train,source,normal,A,20260901T091827Z-9e9b5b7e30e5dbfd58035596,20260901T091827Z-9e9b5b7e30e5dbfd58035596-dg-ba603bf1a521-000161,3,none,none,slow,normal-slow-1,front,normal,clipped/audio_event_clean/normal/20260901T091827Z-9e9b5b7e30e5dbfd58035596-dg-ba603bf1a521-000161_ch3.wav,3DPrinter/train/section_00_source_train_normal_000318.wav,ce9b39a11f03d039f872950648480310be18961caa5f4896cdf8bff91428d44f,960044,95268000,95748000,0f68fd949d988c44b2305ad1c4ef0e16982d01db28573df69d4a4e5d0076f5e4,0,0,01b2b575c87ad317bf43fc05134b66aa2feeea6daca7bda15b293c666eb909f5,saved_rule_based,0.39
section_00_source_train_normal_000319,train,source,normal,A,20260901T091827Z-9e9b5b7e30e5dbfd58035596,20260901T091827Z-9e9b5b7e30e5dbfd58035596-dg-ba603bf1a521-000163,3,none,none,slow,normal-slow-1,front,normal,clipped/audio_event_clean/normal/20260901T091827Z-9e9b5b7e30e5dbfd58035596-dg-ba603bf1a521-000163_ch3.wav,3DPrinter/train/section_00_source_train_normal_000319.wav,fe4001977c8fa91c8f8a5354e1d41a971f639494a2ad299dc1b221ccc32f34b3,960044,96228000,96708000,0f68fd949d988c44b2305ad1c4ef0e16982d01db28573df69d4a4e5d0076f5e4,0,0,01b2b575c87ad317bf43fc05134b66aa2feeea6daca7bda15b293c666eb909f5,saved_rule_based,0.39
section_00_source_train_normal_000320,train,source,normal,A,20260901T091827Z-9e9b5b7e30e5dbfd58035596,20260901T091827Z-9e9b5b7e30e5dbfd58035596-dg-ba603bf1a521-000164,3,none,none,slow,normal-slow-1,front,normal,clipped/audio_event_clean/normal/20260901T091827Z-9e9b5b7e30e5dbfd58035596-dg-ba603bf1a521-000164_ch3.wav,3DPrinter/train/section_00_source_train_normal_000320.wav,304e058b93ebb179aecb11886aba6fb17b5c4dead73ef51da3022df95f0965bd,960044,96708000,97188000,0f68fd949d988c44b2305ad1c4ef0e16982d01db28573df69d4a4e5d0076f5e4,0,0,01b2b575c87ad317bf43fc05134b66aa2feeea6daca7bda15b293c666eb909f5,saved_rule_based,0.39
section_00_source_train_normal_000321,train,source,normal,A,20260901T091827Z-9e9b5b7e30e5dbfd58035596,20260901T091827Z-9e9b5b7e30e5dbfd58035596-dg-ba603bf1a521-000165,3,none,none,slow,normal-slow-1,front,normal,clipped/audio_event_clean/normal/20260901T091827Z-9e9b5b7e30e5dbfd58035596-dg-ba603bf1a521-000165_ch3.wav,3DPrinter/train/section_00_source_train_normal_000321.wav,f2e0b6bd419dc71894f30248fa8a3ec5843cc4743846f1ba6b607c71963801dd,960044,97188000,97668000,0f68fd949d988c44b2305ad1c4ef0e16982d01db28573df69d4a4e5d0076f5e4,0,0,01b2b575c87ad317bf43fc05134b66aa2feeea6daca7bda15b293c666eb909f5,saved_rule_based,0.39
section_00_source_train_normal_000322,train,source,normal,A,20260901T091827Z-9e9b5b7e30e5dbfd58035596,20260901T091827Z-9e9b5b7e30e5dbfd58035596-dg-ba603bf1a521-000171,3,none,none,slow,normal-slow-1,front,normal,clipped/audio_event_clean/normal/20260901T091827Z-9e9b5b7e30e5dbfd58035596-dg-ba603bf1a521-000171_ch3.wav,3DPrinter/train/section_00_source_train_normal_000322.wav,183128b581883573c77f7af2f02e822d0ba99d74e5beb5e3fe8f08d853cbe2dd,960044,100068000,100548000,0f68fd949d988c44b2305ad1c4ef0e16982d01db28573df69d4a4e5d0076f5e4,0,0,01b2b575c87ad317bf43fc05134b66aa2feeea6daca7bda15b293c666eb909f5,saved_rule_based,0.39
section_00_source_train_normal_000323,train,source,normal,A,20260901T091827Z-9e9b5b7e30e5dbfd58035596,20260901T091827Z-9e9b5b7e30e5dbfd58035596-dg-ba603bf1a521-000172,3,none,none,slow,normal-slow-1,front,normal,clipped/audio_event_clean/normal/20260901T091827Z-9e9b5b7e30e5dbfd58035596-dg-ba603bf1a521-000172_ch3.wav,3DPrinter/train/section_00_source_train_normal_000323.wav,99e5b8ac36308090ac4718640565720eb297f399be17ce21dfc8d716976121a9,960044,100548000,101028000,0f68fd949d988c44b2305ad1c4ef0e16982d01db28573df69d4a4e5d0076f5e4,0,0,01b2b575c87ad317bf43fc05134b66aa2feeea6daca7bda15b293c666eb909f5,saved_rule_based,0.39
section_00_source_train_normal_000324,train,source,normal,A,20260901T091827Z-9e9b5b7e30e5dbfd58035596,20260901T091827Z-9e9b5b7e30e5dbfd58035596-dg-ba603bf1a521-000174,3,none,none,slow,normal-slow-1,front,normal,clipped/audio_event_clean/normal/20260901T091827Z-9e9b5b7e30e5dbfd58035596-dg-ba603bf1a521-000174_ch3.wav,3DPrinter/train/section_00_source_train_normal_000324.wav,865d10d94a0ceb0dfad592a2ba3d9bc0a3e918d28ed7a590d6b6ea5538acf222,960044,101508000,101988000,0f68fd949d988c44b2305ad1c4ef0e16982d01db28573df69d4a4e5d0076f5e4,0,0,01b2b575c87ad317bf43fc05134b66aa2feeea6daca7bda15b293c666eb909f5,saved_rule_based,0.39
section_00_source_train_normal_000325,train,source,normal,A,20260901T091827Z-9e9b5b7e30e5dbfd58035596,20260901T091827Z-9e9b5b7e30e5dbfd58035596-dg-ba603bf1a521-000175,3,none,none,slow,normal-slow-1,front,normal,clipped/audio_event_clean/normal/20260901T091827Z-9e9b5b7e30e5dbfd58035596-dg-ba603bf1a521-000175_ch3.wav,3DPrinter/train/section_00_source_train_normal_000325.wav,a286688c4156f64a702dfb7fb058c2277261a37fd68f4a7b5342da1992c9e0af,960044,101988000,102468000,0f68fd949d988c44b2305ad1c4ef0e16982d01db28573df69d4a4e5d0076f5e4,0,0,01b2b575c87ad317bf43fc05134b66aa2feeea6daca7bda15b293c666eb909f5,saved_rule_based,0.39
section_00_source_train_normal_000326,train,source,normal,A,20260901T091827Z-9e9b5b7e30e5dbfd58035596,20260901T091827Z-9e9b5b7e30e5dbfd58035596-dg-ba603bf1a521-000176,3,none,none,slow,normal-slow-1,front,normal,clipped/audio_event_clean/normal/20260901T091827Z-9e9b5b7e30e5dbfd58035596-dg-ba603bf1a521-000176_ch3.wav,3DPrinter/train/section_00_source_train_normal_000326.wav,036c5f2b2f6a8a8be071a55083718e0a0b3fdfd8a0415f2a8ba6976de350d59f,960044,102468000,102948000,0f68fd949d988c44b2305ad1c4ef0e16982d01db28573df69d4a4e5d0076f5e4,0,0,01b2b575c87ad317bf43fc05134b66aa2feeea6daca7bda15b293c666eb909f5,saved_rule_based,0.39
section_00_source_train_normal_000327,train,source,normal,A,20260901T091827Z-9e9b5b7e30e5dbfd58035596,20260901T091827Z-9e9b5b7e30e5dbfd58035596-dg-ba603bf1a521-000177,3,none,none,slow,normal-slow-1,front,normal,clipped/audio_event_clean/normal/20260901T091827Z-9e9b5b7e30e5dbfd58035596-dg-ba603bf1a521-000177_ch3.wav,3DPrinter/train/section_00_source_train_normal_000327.wav,f099bb9d2f87d83deb14d558d81b5f8187c7f1f6e2dc4e718f23dab7d3ae8328,960044,102948000,103428000,0f68fd949d988c44b2305ad1c4ef0e16982d01db28573df69d4a4e5d0076f5e4,0,0,01b2b575c87ad317bf43fc05134b66aa2feeea6daca7bda15b293c666eb909f5,saved_rule_based,0.39
section_00_source_train_normal_000328,train,source,normal,A,20260901T091827Z-9e9b5b7e30e5dbfd58035596,20260901T091827Z-9e9b5b7e30e5dbfd58035596-dg-ba603bf1a521-000178,3,none,none,slow,normal-slow-1,front,normal,clipped/audio_event_clean/normal/20260901T091827Z-9e9b5b7e30e5dbfd58035596-dg-ba603bf1a521-000178_ch3.wav,3DPrinter/train/section_00_source_train_normal_000328.wav,36939ddd27f2ea230cc81d569e329c33ed40de4183ba8df802bdb853a53fb5c5,960044,103428000,103908000,0f68fd949d988c44b2305ad1c4ef0e16982d01db28573df69d4a4e5d0076f5e4,0,0,01b2b575c87ad317bf43fc05134b66aa2feeea6daca7bda15b293c666eb909f5,saved_rule_based,0.39
section_00_source_train_normal_000329,train,source,normal,A,20260901T091827Z-9e9b5b7e30e5dbfd58035596,20260901T091827Z-9e9b5b7e30e5dbfd58035596-dg-ba603bf1a521-000180,3,none,none,slow,normal-slow-1,front,normal,clipped/audio_event_clean/normal/20260901T091827Z-9e9b5b7e30e5dbfd58035596-dg-ba603bf1a521-000180_ch3.wav,3DPrinter/train/section_00_source_train_normal_000329.wav,79e424250735692d4caa0b5f39f9852e1377c441655dc4d75498a32d277253f4,960044,104388000,104868000,0f68fd949d988c44b2305ad1c4ef0e16982d01db28573df69d4a4e5d0076f5e4,0,0,01b2b575c87ad317bf43fc05134b66aa2feeea6daca7bda15b293c666eb909f5,saved_rule_based,0.39
section_00_source_train_normal_000330,train,source,normal,A,20260901T091827Z-9e9b5b7e30e5dbfd58035596,20260901T091827Z-9e9b5b7e30e5dbfd58035596-dg-ba603bf1a521-000184,3,none,none,slow,normal-slow-1,front,normal,clipped/audio_event_clean/normal/20260901T091827Z-9e9b5b7e30e5dbfd58035596-dg-ba603bf1a521-000184_ch3.wav,3DPrinter/train/section_00_source_train_normal_000330.wav,5cc56b1d0578d34babafdcaacddf751170d690174e6ed6343e4dad0f0e63c89a,960044,106308000,106788000,0f68fd949d988c44b2305ad1c4ef0e16982d01db28573df69d4a4e5d0076f5e4,0,0,01b2b575c87ad317bf43fc05134b66aa2feeea6daca7bda15b293c666eb909f5,saved_rule_based,0.39
section_00_source_train_normal_000331,train,source,normal,A,20260901T091827Z-9e9b5b7e30e5dbfd58035596,20260901T091827Z-9e9b5b7e30e5dbfd58035596-dg-ba603bf1a521-000185,3,none,none,slow,normal-slow-1,front,normal,clipped/audio_event_clean/normal/20260901T091827Z-9e9b5b7e30e5dbfd58035596-dg-ba603bf1a521-000185_ch3.wav,3DPrinter/train/section_00_source_train_normal_000331.wav,062a0cd6e90e3e204ef72a604c336d9c2c717a45d933f006d43342b7aecc7e55,960044,106788000,107268000,0f68fd949d988c44b2305ad1c4ef0e16982d01db28573df69d4a4e5d0076f5e4,0,0,01b2b575c87ad317bf43fc05134b66aa2feeea6daca7bda15b293c666eb909f5,saved_rule_based,0.39
section_00_source_train_normal_000332,train,source,normal,A,20260901T091827Z-9e9b5b7e30e5dbfd58035596,20260901T091827Z-9e9b5b7e30e5dbfd58035596-dg-ba603bf1a521-000186,3,none,none,slow,normal-slow-1,front,normal,clipped/audio_event_clean/normal/20260901T091827Z-9e9b5b7e30e5dbfd58035596-dg-ba603bf1a521-000186_ch3.wav,3DPrinter/train/section_00_source_train_normal_000332.wav,725b546cced9146ae99828a677102501510e1135380407f50e7bed871385801c,960044,107268000,107748000,0f68fd949d988c44b2305ad1c4ef0e16982d01db28573df69d4a4e5d0076f5e4,0,0,01b2b575c87ad317bf43fc05134b66aa2feeea6daca7bda15b293c666eb909f5,saved_rule_based,0.39
section_00_source_train_normal_000333,train,source,normal,A,20260901T091827Z-9e9b5b7e30e5dbfd58035596,20260901T091827Z-9e9b5b7e30e5dbfd58035596-dg-ba603bf1a521-000188,3,none,none,slow,normal-slow-1,front,normal,clipped/audio_event_clean/normal/20260901T091827Z-9e9b5b7e30e5dbfd58035596-dg-ba603bf1a521-000188_ch3.wav,3DPrinter/train/section_00_source_train_normal_000333.wav,3c4afb3cf1c7266f1ed861668789c6d384afc13f57a380fc16b85d8c1cbbee9d,960044,108228000,108708000,0f68fd949d988c44b2305ad1c4ef0e16982d01db28573df69d4a4e5d0076f5e4,0,0,01b2b575c87ad317bf43fc05134b66aa2feeea6daca7bda15b293c666eb909f5,saved_rule_based,0.39
section_00_source_train_normal_000334,train,source,normal,A,20260901T091827Z-9e9b5b7e30e5dbfd58035596,20260901T091827Z-9e9b5b7e30e5dbfd58035596-dg-ba603bf1a521-000190,3,none,none,slow,normal-slow-1,front,normal,clipped/audio_event_clean/normal/20260901T091827Z-9e9b5b7e30e5dbfd58035596-dg-ba603bf1a521-000190_ch3.wav,3DPrinter/train/section_00_source_train_normal_000334.wav,96916c263a6741339c2243642477e25f8690877772aed7f3a3170e76cffbc3b7,960044,109188000,109668000,0f68fd949d988c44b2305ad1c4ef0e16982d01db28573df69d4a4e5d0076f5e4,0,0,01b2b575c87ad317bf43fc05134b66aa2feeea6daca7bda15b293c666eb909f5,saved_rule_based,0.39
section_00_source_train_normal_000335,train,source,normal,A,20260901T091827Z-9e9b5b7e30e5dbfd58035596,20260901T091827Z-9e9b5b7e30e5dbfd58035596-dg-ba603bf1a521-000191,3,none,none,slow,normal-slow-1,front,normal,clipped/audio_event_clean/normal/20260901T091827Z-9e9b5b7e30e5dbfd58035596-dg-ba603bf1a521-000191_ch3.wav,3DPrinter/train/section_00_source_train_normal_000335.wav,ba7c7a116956a7135fd260f6f182b89dc3123f664131975c88869ccf4f88f97a,960044,109668000,110148000,0f68fd949d988c44b2305ad1c4ef0e16982d01db28573df69d4a4e5d0076f5e4,0,0,01b2b575c87ad317bf43fc05134b66aa2feeea6daca7bda15b293c666eb909f5,saved_rule_based,0.39
section_00_source_train_normal_000336,train,source,normal,A,20260901T091827Z-9e9b5b7e30e5dbfd58035596,20260901T091827Z-9e9b5b7e30e5dbfd58035596-dg-ba603bf1a521-000196,3,none,none,slow,normal-slow-1,front,normal,clipped/audio_event_clean/normal/20260901T091827Z-9e9b5b7e30e5dbfd58035596-dg-ba603bf1a521-000196_ch3.wav,3DPrinter/train/section_00_source_train_normal_000336.wav,14a9ec293bac093ea2fa05e982edafad9ee6485836fbdb59a5369589b7289303,960044,112068000,112548000,0f68fd949d988c44b2305ad1c4ef0e16982d01db28573df69d4a4e5d0076f5e4,0,0,01b2b575c87ad317bf43fc05134b66aa2feeea6daca7bda15b293c666eb909f5,saved_rule_based,0.39
section_00_source_train_normal_000337,train,source,normal,A,20260901T091827Z-9e9b5b7e30e5dbfd58035596,20260901T091827Z-9e9b5b7e30e5dbfd58035596-dg-ba603bf1a521-000200,3,none,none,slow,normal-slow-1,front,normal,clipped/audio_event_clean/normal/20260901T091827Z-9e9b5b7e30e5dbfd58035596-dg-ba603bf1a521-000200_ch3.wav,3DPrinter/train/section_00_source_train_normal_000337.wav,b70ec92dd2f5cac19efc47aae3bd94457f859c1f20a32b86ce71d7039cc7b0ed,960044,113988000,114468000,0f68fd949d988c44b2305ad1c4ef0e16982d01db28573df69d4a4e5d0076f5e4,0,0,01b2b575c87ad317bf43fc05134b66aa2feeea6daca7bda15b293c666eb909f5,saved_rule_based,0.39
section_00_source_train_normal_000338,train,source,normal,A,20260901T091827Z-9e9b5b7e30e5dbfd58035596,20260901T091827Z-9e9b5b7e30e5dbfd58035596-dg-ba603bf1a521-000203,3,none,none,slow,normal-slow-1,front,normal,clipped/audio_event_clean/normal/20260901T091827Z-9e9b5b7e30e5dbfd58035596-dg-ba603bf1a521-000203_ch3.wav,3DPrinter/train/section_00_source_train_normal_000338.wav,348478cf8bc88f05b63a235b489f87bb325dd69d95d4887fb6dcbc5a28101227,960044,115428000,115908000,0f68fd949d988c44b2305ad1c4ef0e16982d01db28573df69d4a4e5d0076f5e4,0,0,01b2b575c87ad317bf43fc05134b66aa2feeea6daca7bda15b293c666eb909f5,saved_rule_based,0.39
section_00_source_train_normal_000339,train,source,normal,A,20260901T091827Z-9e9b5b7e30e5dbfd58035596,20260901T091827Z-9e9b5b7e30e5dbfd58035596-dg-ba603bf1a521-000204,3,none,none,slow,normal-slow-1,front,normal,clipped/audio_event_clean/normal/20260901T091827Z-9e9b5b7e30e5dbfd58035596-dg-ba603bf1a521-000204_ch3.wav,3DPrinter/train/section_00_source_train_normal_000339.wav,529022d310af0e00d22f08ece4ba69cbc756f28e0c1cfbc934f92b54e0958342,960044,115908000,116388000,0f68fd949d988c44b2305ad1c4ef0e16982d01db28573df69d4a4e5d0076f5e4,0,0,01b2b575c87ad317bf43fc05134b66aa2feeea6daca7bda15b293c666eb909f5,saved_rule_based,0.39
section_00_source_train_normal_000340,train,source,normal,A,20260901T091827Z-9e9b5b7e30e5dbfd58035596,20260901T091827Z-9e9b5b7e30e5dbfd58035596-dg-ba603bf1a521-000206,3,none,none,slow,normal-slow-1,front,normal,clipped/audio_event_clean/normal/20260901T091827Z-9e9b5b7e30e5dbfd58035596-dg-ba603bf1a521-000206_ch3.wav,3DPrinter/train/section_00_source_train_normal_000340.wav,abc94a65ecd110fa52dd3b64ecbfa8679ea1b99cd323cfd7ecbc85a1e3ce917c,960044,116868000,117348000,0f68fd949d988c44b2305ad1c4ef0e16982d01db28573df69d4a4e5d0076f5e4,0,0,01b2b575c87ad317bf43fc05134b66aa2feeea6daca7bda15b293c666eb909f5,saved_rule_based,0.39
section_00_source_train_normal_000341,train,source,normal,A,20260901T091827Z-9e9b5b7e30e5dbfd58035596,20260901T091827Z-9e9b5b7e30e5dbfd58035596-dg-ba603bf1a521-000207,3,none,none,slow,normal-slow-1,front,normal,clipped/audio_event_clean/normal/20260901T091827Z-9e9b5b7e30e5dbfd58035596-dg-ba603bf1a521-000207_ch3.wav,3DPrinter/train/section_00_source_train_normal_000341.wav,6c8522740d81f0fc5dea887a7e513ca0101aec0f4567c4b9104c045955762a78,960044,117348000,117828000,0f68fd949d988c44b2305ad1c4ef0e16982d01db28573df69d4a4e5d0076f5e4,0,0,01b2b575c87ad317bf43fc05134b66aa2feeea6daca7bda15b293c666eb909f5,saved_rule_based,0.39
section_00_source_train_normal_000342,train,source,normal,A,20260901T091827Z-9e9b5b7e30e5dbfd58035596,20260901T091827Z-9e9b5b7e30e5dbfd58035596-dg-ba603bf1a521-000208,3,none,none,slow,normal-slow-1,front,normal,clipped/audio_event_clean/normal/20260901T091827Z-9e9b5b7e30e5dbfd58035596-dg-ba603bf1a521-000208_ch3.wav,3DPrinter/train/section_00_source_train_normal_000342.wav,acdc87fe2a61841f9030f2a155e827149e6685dabac83f3e24f9722f250ca5a3,960044,117828000,118308000,0f68fd949d988c44b2305ad1c4ef0e16982d01db28573df69d4a4e5d0076f5e4,0,0,01b2b575c87ad317bf43fc05134b66aa2feeea6daca7bda15b293c666eb909f5,saved_rule_based,0.39
section_00_source_train_normal_000343,train,source,normal,A,20260901T091827Z-9e9b5b7e30e5dbfd58035596,20260901T091827Z-9e9b5b7e30e5dbfd58035596-dg-ba603bf1a521-000211,3,none,none,slow,normal-slow-1,front,normal,clipped/audio_event_clean/normal/20260901T091827Z-9e9b5b7e30e5dbfd58035596-dg-ba603bf1a521-000211_ch3.wav,3DPrinter/train/section_00_source_train_normal_000343.wav,a158271ceb3a38d490d2e975bb2d6c3766866fc8c13d14744944391e05c08a24,960044,119268000,119748000,0f68fd949d988c44b2305ad1c4ef0e16982d01db28573df69d4a4e5d0076f5e4,0,0,01b2b575c87ad317bf43fc05134b66aa2feeea6daca7bda15b293c666eb909f5,saved_rule_based,0.39
section_00_source_train_normal_000344,train,source,normal,A,20260901T091827Z-9e9b5b7e30e5dbfd58035596,20260901T091827Z-9e9b5b7e30e5dbfd58035596-dg-ba603bf1a521-000213,3,none,none,slow,normal-slow-1,front,normal,clipped/audio_event_clean/normal/20260901T091827Z-9e9b5b7e30e5dbfd58035596-dg-ba603bf1a521-000213_ch3.wav,3DPrinter/train/section_00_source_train_normal_000344.wav,1f06be321d09424c8ccceb0da68f9d1f0cd2126a038d8683bebc614a8d8d92f5,960044,120228000,120708000,0f68fd949d988c44b2305ad1c4ef0e16982d01db28573df69d4a4e5d0076f5e4,0,0,01b2b575c87ad317bf43fc05134b66aa2feeea6daca7bda15b293c666eb909f5,saved_rule_based,0.39
section_00_source_train_normal_000345,train,source,normal,A,20260901T091827Z-9e9b5b7e30e5dbfd58035596,20260901T091827Z-9e9b5b7e30e5dbfd58035596-dg-ba603bf1a521-000217,3,none,none,slow,normal-slow-1,front,normal,clipped/audio_event_clean/normal/20260901T091827Z-9e9b5b7e30e5dbfd58035596-dg-ba603bf1a521-000217_ch3.wav,3DPrinter/train/section_00_source_train_normal_000345.wav,8fb327727958a386d043ecc3f01ca56abc303bb730a98c4eca0810851c1ab932,960044,122148000,122628000,0f68fd949d988c44b2305ad1c4ef0e16982d01db28573df69d4a4e5d0076f5e4,0,0,01b2b575c87ad317bf43fc05134b66aa2feeea6daca7bda15b293c666eb909f5,saved_rule_based,0.39
section_00_source_train_normal_000346,train,source,normal,A,20260901T091827Z-9e9b5b7e30e5dbfd58035596,20260901T091827Z-9e9b5b7e30e5dbfd58035596-dg-ba603bf1a521-000218,3,none,none,slow,normal-slow-1,front,normal,clipped/audio_event_clean/normal/20260901T091827Z-9e9b5b7e30e5dbfd58035596-dg-ba603bf1a521-000218_ch3.wav,3DPrinter/train/section_00_source_train_normal_000346.wav,2cb51796efa27cb9918c72c745e5ca86a3eeeedcea019cd4cc562ae57bf80f9e,960044,122628000,123108000,0f68fd949d988c44b2305ad1c4ef0e16982d01db28573df69d4a4e5d0076f5e4,0,0,01b2b575c87ad317bf43fc05134b66aa2feeea6daca7bda15b293c666eb909f5,saved_rule_based,0.39
section_00_source_train_normal_000347,train,source,normal,A,20260901T091827Z-9e9b5b7e30e5dbfd58035596,20260901T091827Z-9e9b5b7e30e5dbfd58035596-dg-ba603bf1a521-000220,3,none,none,slow,normal-slow-1,front,normal,clipped/audio_event_clean/normal/20260901T091827Z-9e9b5b7e30e5dbfd58035596-dg-ba603bf1a521-000220_ch3.wav,3DPrinter/train/section_00_source_train_normal_000347.wav,6b034cab39999c3b95ac9a52c167f1c91144f8589b279fdf84690ab3bc1d6539,960044,123588000,124068000,0f68fd949d988c44b2305ad1c4ef0e16982d01db28573df69d4a4e5d0076f5e4,0,0,01b2b575c87ad317bf43fc05134b66aa2feeea6daca7bda15b293c666eb909f5,saved_rule_based,0.39
section_00_source_train_normal_000348,train,source,normal,A,20260901T091827Z-9e9b5b7e30e5dbfd58035596,20260901T091827Z-9e9b5b7e30e5dbfd58035596-dg-ba603bf1a521-000221,3,none,none,slow,normal-slow-1,front,normal,clipped/audio_event_clean/normal/20260901T091827Z-9e9b5b7e30e5dbfd58035596-dg-ba603bf1a521-000221_ch3.wav,3DPrinter/train/section_00_source_train_normal_000348.wav,d260eeb2986700c62330e380650a723015d4aaa3c7d3986cd4ad38b757d28465,960044,124068000,124548000,0f68fd949d988c44b2305ad1c4ef0e16982d01db28573df69d4a4e5d0076f5e4,0,0,01b2b575c87ad317bf43fc05134b66aa2feeea6daca7bda15b293c666eb909f5,saved_rule_based,0.39
section_00_source_train_normal_000349,train,source,normal,A,20260901T091827Z-9e9b5b7e30e5dbfd58035596,20260901T091827Z-9e9b5b7e30e5dbfd58035596-dg-ba603bf1a521-000224,3,none,none,slow,normal-slow-1,front,normal,clipped/audio_event_clean/normal/20260901T091827Z-9e9b5b7e30e5dbfd58035596-dg-ba603bf1a521-000224_ch3.wav,3DPrinter/train/section_00_source_train_normal_000349.wav,2451abdb683ae548b36c04a76aefc7d1aad7a099b838769ae59cdc351b2b63d7,960044,125508000,125988000,0f68fd949d988c44b2305ad1c4ef0e16982d01db28573df69d4a4e5d0076f5e4,0,0,01b2b575c87ad317bf43fc05134b66aa2feeea6daca7bda15b293c666eb909f5,saved_rule_based,0.39
section_00_source_train_normal_000350,train,source,normal,A,20260901T091827Z-9e9b5b7e30e5dbfd58035596,20260901T091827Z-9e9b5b7e30e5dbfd58035596-dg-ba603bf1a521-000231,3,none,none,slow,normal-slow-1,front,normal,clipped/audio_event_clean/normal/20260901T091827Z-9e9b5b7e30e5dbfd58035596-dg-ba603bf1a521-000231_ch3.wav,3DPrinter/train/section_00_source_train_normal_000350.wav,4ddfccb1cd0715331d7e6553dc11093b3ce161e87b620abcd140dabf681f53c7,960044,128868000,129348000,0f68fd949d988c44b2305ad1c4ef0e16982d01db28573df69d4a4e5d0076f5e4,0,0,01b2b575c87ad317bf43fc05134b66aa2feeea6daca7bda15b293c666eb909f5,saved_rule_based,0.39
section_00_source_train_normal_000351,train,source,normal,A,20260901T091827Z-9e9b5b7e30e5dbfd58035596,20260901T091827Z-9e9b5b7e30e5dbfd58035596-dg-ba603bf1a521-000233,3,none,none,slow,normal-slow-1,front,normal,clipped/audio_event_clean/normal/20260901T091827Z-9e9b5b7e30e5dbfd58035596-dg-ba603bf1a521-000233_ch3.wav,3DPrinter/train/section_00_source_train_normal_000351.wav,587aea3f120281e93773e6e9a1ce1450e966b7977ba335d0f4abfce0c9f9aa46,960044,129828000,130308000,0f68fd949d988c44b2305ad1c4ef0e16982d01db28573df69d4a4e5d0076f5e4,0,0,01b2b575c87ad317bf43fc05134b66aa2feeea6daca7bda15b293c666eb909f5,saved_rule_based,0.39
section_00_source_train_normal_000352,train,source,normal,A,20260901T091827Z-9e9b5b7e30e5dbfd58035596,20260901T091827Z-9e9b5b7e30e5dbfd58035596-dg-ba603bf1a521-000234,3,none,none,slow,normal-slow-1,front,normal,clipped/audio_event_clean/normal/20260901T091827Z-9e9b5b7e30e5dbfd58035596-dg-ba603bf1a521-000234_ch3.wav,3DPrinter/train/section_00_source_train_normal_000352.wav,3eabe0bfa900630d60353dd444cbb2ffb9ae55d1c6d4e17c5326956b126770ae,960044,130308000,130788000,0f68fd949d988c44b2305ad1c4ef0e16982d01db28573df69d4a4e5d0076f5e4,0,0,01b2b575c87ad317bf43fc05134b66aa2feeea6daca7bda15b293c666eb909f5,saved_rule_based,0.39
section_00_source_train_normal_000353,train,source,normal,A,20260901T091827Z-9e9b5b7e30e5dbfd58035596,20260901T091827Z-9e9b5b7e30e5dbfd58035596-dg-ba603bf1a521-000235,3,none,none,slow,normal-slow-1,front,normal,clipped/audio_event_clean/normal/20260901T091827Z-9e9b5b7e30e5dbfd58035596-dg-ba603bf1a521-000235_ch3.wav,3DPrinter/train/section_00_source_train_normal_000353.wav,1cc1f333ad5271807a7474afdc2726c88b3e67ff6a9f69570b7c707d16d1d240,960044,130788000,131268000,0f68fd949d988c44b2305ad1c4ef0e16982d01db28573df69d4a4e5d0076f5e4,0,0,01b2b575c87ad317bf43fc05134b66aa2feeea6daca7bda15b293c666eb909f5,saved_rule_based,0.39
section_00_source_train_normal_000354,train,source,normal,A,20260901T091827Z-9e9b5b7e30e5dbfd58035596,20260901T091827Z-9e9b5b7e30e5dbfd58035596-dg-ba603bf1a521-000237,3,none,none,slow,normal-slow-1,front,normal,clipped/audio_event_clean/normal/20260901T091827Z-9e9b5b7e30e5dbfd58035596-dg-ba603bf1a521-000237_ch3.wav,3DPrinter/train/section_00_source_train_normal_000354.wav,4b60a59bc3d16fa3cfdb1c357c4a5265e12c05fcbd574f5a17e8935960dc3d00,960044,131748000,132228000,0f68fd949d988c44b2305ad1c4ef0e16982d01db28573df69d4a4e5d0076f5e4,0,0,01b2b575c87ad317bf43fc05134b66aa2feeea6daca7bda15b293c666eb909f5,saved_rule_based,0.39
section_00_source_train_normal_000355,train,source,normal,A,20260901T091827Z-9e9b5b7e30e5dbfd58035596,20260901T091827Z-9e9b5b7e30e5dbfd58035596-dg-ba603bf1a521-000240,3,none,none,slow,normal-slow-1,front,normal,clipped/audio_event_clean/normal/20260901T091827Z-9e9b5b7e30e5dbfd58035596-dg-ba603bf1a521-000240_ch3.wav,3DPrinter/train/section_00_source_train_normal_000355.wav,c4a59146d5a8764ecf8a46027457a5eafe3220e5a949b923c3e6db8926417045,960044,133188000,133668000,0f68fd949d988c44b2305ad1c4ef0e16982d01db28573df69d4a4e5d0076f5e4,0,0,01b2b575c87ad317bf43fc05134b66aa2feeea6daca7bda15b293c666eb909f5,saved_rule_based,0.39
section_00_source_train_normal_000356,train,source,normal,A,20260901T091827Z-9e9b5b7e30e5dbfd58035596,20260901T091827Z-9e9b5b7e30e5dbfd58035596-dg-ba603bf1a521-000245,3,none,none,slow,normal-slow-1,front,normal,clipped/audio_event_clean/normal/20260901T091827Z-9e9b5b7e30e5dbfd58035596-dg-ba603bf1a521-000245_ch3.wav,3DPrinter/train/section_00_source_train_normal_000356.wav,9a88e10d8b137e90b10c3ce7d6b526b50478b6962507af833d47486e061e6121,960044,135588000,136068000,0f68fd949d988c44b2305ad1c4ef0e16982d01db28573df69d4a4e5d0076f5e4,0,0,01b2b575c87ad317bf43fc05134b66aa2feeea6daca7bda15b293c666eb909f5,saved_rule_based,0.39
section_00_source_train_normal_000357,train,source,normal,A,20260901T091827Z-9e9b5b7e30e5dbfd58035596,20260901T091827Z-9e9b5b7e30e5dbfd58035596-dg-ba603bf1a521-000246,3,none,none,slow,normal-slow-1,front,normal,clipped/audio_event_clean/normal/20260901T091827Z-9e9b5b7e30e5dbfd58035596-dg-ba603bf1a521-000246_ch3.wav,3DPrinter/train/section_00_source_train_normal_000357.wav,bb323d643dc1badc782328d2a3943f79d27c73e8deee7124e7d5f029a2554478,960044,136068000,136548000,0f68fd949d988c44b2305ad1c4ef0e16982d01db28573df69d4a4e5d0076f5e4,0,0,01b2b575c87ad317bf43fc05134b66aa2feeea6daca7bda15b293c666eb909f5,saved_rule_based,0.39
section_00_source_train_normal_000358,train,source,normal,A,20260901T091827Z-9e9b5b7e30e5dbfd58035596,20260901T091827Z-9e9b5b7e30e5dbfd58035596-dg-ba603bf1a521-000247,3,none,none,slow,normal-slow-1,front,normal,clipped/audio_event_clean/normal/20260901T091827Z-9e9b5b7e30e5dbfd58035596-dg-ba603bf1a521-000247_ch3.wav,3DPrinter/train/section_00_source_train_normal_000358.wav,8fe68475665b0d519b0967567705cc25610f2874a394322403ad9005667cea42,960044,136548000,137028000,0f68fd949d988c44b2305ad1c4ef0e16982d01db28573df69d4a4e5d0076f5e4,0,0,01b2b575c87ad317bf43fc05134b66aa2feeea6daca7bda15b293c666eb909f5,saved_rule_based,0.39
section_00_source_train_normal_000359,train,source,normal,A,20260901T091827Z-9e9b5b7e30e5dbfd58035596,20260901T091827Z-9e9b5b7e30e5dbfd58035596-dg-ba603bf1a521-000248,3,none,none,slow,normal-slow-1,front,normal,clipped/audio_event_clean/normal/20260901T091827Z-9e9b5b7e30e5dbfd58035596-dg-ba603bf1a521-000248_ch3.wav,3DPrinter/train/section_00_source_train_normal_000359.wav,2c6b3e6ae0c1e81b546a5eaeea8a9f54ab127d0f52ef1a371e000fb66f99ce51,960044,137028000,137508000,0f68fd949d988c44b2305ad1c4ef0e16982d01db28573df69d4a4e5d0076f5e4,0,0,01b2b575c87ad317bf43fc05134b66aa2feeea6daca7bda15b293c666eb909f5,saved_rule_based,0.39
section_00_source_train_normal_000360,train,source,normal,A,20260901T091827Z-9e9b5b7e30e5dbfd58035596,20260901T091827Z-9e9b5b7e30e5dbfd58035596-dg-ba603bf1a521-000251,3,none,none,slow,normal-slow-1,front,normal,clipped/audio_event_clean/normal/20260901T091827Z-9e9b5b7e30e5dbfd58035596-dg-ba603bf1a521-000251_ch3.wav,3DPrinter/train/section_00_source_train_normal_000360.wav,a1178f57ba6d450bf524b25cdb492a732b537a553340bf72da30d3c139af407a,960044,138468000,138948000,0f68fd949d988c44b2305ad1c4ef0e16982d01db28573df69d4a4e5d0076f5e4,0,0,01b2b575c87ad317bf43fc05134b66aa2feeea6daca7bda15b293c666eb909f5,saved_rule_based,0.39
section_00_source_train_normal_000361,train,source,normal,A,20260901T091827Z-9e9b5b7e30e5dbfd58035596,20260901T091827Z-9e9b5b7e30e5dbfd58035596-dg-ba603bf1a521-000255,3,none,none,slow,normal-slow-1,front,normal,clipped/audio_event_clean/normal/20260901T091827Z-9e9b5b7e30e5dbfd58035596-dg-ba603bf1a521-000255_ch3.wav,3DPrinter/train/section_00_source_train_normal_000361.wav,d3d30acb517e9c728d248e5ad09eb0366d7db927a37b8b469ac217216c3acc1b,960044,140388000,140868000,0f68fd949d988c44b2305ad1c4ef0e16982d01db28573df69d4a4e5d0076f5e4,0,0,01b2b575c87ad317bf43fc05134b66aa2feeea6daca7bda15b293c666eb909f5,saved_rule_based,0.39
section_00_source_train_normal_000362,train,source,normal,A,20260901T091827Z-9e9b5b7e30e5dbfd58035596,20260901T091827Z-9e9b5b7e30e5dbfd58035596-dg-ba603bf1a521-000257,3,none,none,slow,normal-slow-1,front,normal,clipped/audio_event_clean/normal/20260901T091827Z-9e9b5b7e30e5dbfd58035596-dg-ba603bf1a521-000257_ch3.wav,3DPrinter/train/section_00_source_train_normal_000362.wav,d6451534b9586cf0164cc6d96ac3d3962bfdbaf4cb724893b37d35fa2185686c,960044,141348000,141828000,0f68fd949d988c44b2305ad1c4ef0e16982d01db28573df69d4a4e5d0076f5e4,0,0,01b2b575c87ad317bf43fc05134b66aa2feeea6daca7bda15b293c666eb909f5,saved_rule_based,0.39
section_00_source_train_normal_000363,train,source,normal,A,20260901T091827Z-9e9b5b7e30e5dbfd58035596,20260901T091827Z-9e9b5b7e30e5dbfd58035596-dg-ba603bf1a521-000259,3,none,none,slow,normal-slow-1,front,normal,clipped/audio_event_clean/normal/20260901T091827Z-9e9b5b7e30e5dbfd58035596-dg-ba603bf1a521-000259_ch3.wav,3DPrinter/train/section_00_source_train_normal_000363.wav,acdf9dbf7fd3a38f9157da531d2a8a7b6196f6996d5bc7613601134cb727264e,960044,142308000,142788000,0f68fd949d988c44b2305ad1c4ef0e16982d01db28573df69d4a4e5d0076f5e4,0,0,01b2b575c87ad317bf43fc05134b66aa2feeea6daca7bda15b293c666eb909f5,saved_rule_based,0.39
section_00_source_train_normal_000364,train,source,normal,A,20260901T091827Z-9e9b5b7e30e5dbfd58035596,20260901T091827Z-9e9b5b7e30e5dbfd58035596-dg-ba603bf1a521-000260,3,none,none,slow,normal-slow-1,front,normal,clipped/audio_event_clean/normal/20260901T091827Z-9e9b5b7e30e5dbfd58035596-dg-ba603bf1a521-000260_ch3.wav,3DPrinter/train/section_00_source_train_normal_000364.wav,1072ce840649d6abfb4c8200666ac203f3fae948eb2e3e4de1ac3fe102e6296f,960044,142788000,143268000,0f68fd949d988c44b2305ad1c4ef0e16982d01db28573df69d4a4e5d0076f5e4,0,0,01b2b575c87ad317bf43fc05134b66aa2feeea6daca7bda15b293c666eb909f5,saved_rule_based,0.39
section_00_source_train_normal_000365,train,source,normal,A,20260901T091827Z-9e9b5b7e30e5dbfd58035596,20260901T091827Z-9e9b5b7e30e5dbfd58035596-dg-ba603bf1a521-000264,3,none,none,slow,normal-slow-1,front,normal,clipped/audio_event_clean/normal/20260901T091827Z-9e9b5b7e30e5dbfd58035596-dg-ba603bf1a521-000264_ch3.wav,3DPrinter/train/section_00_source_train_normal_000365.wav,6006afddab5f8f0b1bf30bf48dd4ae89b5dd4edaf2a8066ad5ae3c64a4394773,960044,144708000,145188000,0f68fd949d988c44b2305ad1c4ef0e16982d01db28573df69d4a4e5d0076f5e4,0,0,01b2b575c87ad317bf43fc05134b66aa2feeea6daca7bda15b293c666eb909f5,saved_rule_based,0.39
section_00_source_train_normal_000366,train,source,normal,A,20260901T091827Z-9e9b5b7e30e5dbfd58035596,20260901T091827Z-9e9b5b7e30e5dbfd58035596-dg-ba603bf1a521-000265,3,none,none,slow,normal-slow-1,front,normal,clipped/audio_event_clean/normal/20260901T091827Z-9e9b5b7e30e5dbfd58035596-dg-ba603bf1a521-000265_ch3.wav,3DPrinter/train/section_00_source_train_normal_000366.wav,cea724788e10fa03f5a731d05b6371a71b966720386dfcaf4eec2d1721f8025f,960044,145188000,145668000,0f68fd949d988c44b2305ad1c4ef0e16982d01db28573df69d4a4e5d0076f5e4,0,0,01b2b575c87ad317bf43fc05134b66aa2feeea6daca7bda15b293c666eb909f5,saved_rule_based,0.39
section_00_source_train_normal_000367,train,source,normal,A,20260901T091827Z-9e9b5b7e30e5dbfd58035596,20260901T091827Z-9e9b5b7e30e5dbfd58035596-dg-ba603bf1a521-000270,3,none,none,slow,normal-slow-1,front,normal,clipped/audio_event_clean/normal/20260901T091827Z-9e9b5b7e30e5dbfd58035596-dg-ba603bf1a521-000270_ch3.wav,3DPrinter/train/section_00_source_train_normal_000367.wav,b4a7b210631111513db3348b9b688e7b1b40d1fdbd2bb9d5f31c4a6447d4b4cb,960044,147588000,148068000,0f68fd949d988c44b2305ad1c4ef0e16982d01db28573df69d4a4e5d0076f5e4,0,0,01b2b575c87ad317bf43fc05134b66aa2feeea6daca7bda15b293c666eb909f5,saved_rule_based,0.39
section_00_source_train_normal_000368,train,source,normal,A,20260901T091827Z-9e9b5b7e30e5dbfd58035596,20260901T091827Z-9e9b5b7e30e5dbfd58035596-dg-ba603bf1a521-000271,3,none,none,slow,normal-slow-1,front,normal,clipped/audio_event_clean/normal/20260901T091827Z-9e9b5b7e30e5dbfd58035596-dg-ba603bf1a521-000271_ch3.wav,3DPrinter/train/section_00_source_train_normal_000368.wav,fd446dee02bbc25d2bb41636cd730a50fa8c105a19bdab91531eff59e071ffde,960044,148068000,148548000,0f68fd949d988c44b2305ad1c4ef0e16982d01db28573df69d4a4e5d0076f5e4,0,0,01b2b575c87ad317bf43fc05134b66aa2feeea6daca7bda15b293c666eb909f5,saved_rule_based,0.39
section_00_source_train_normal_000369,train,source,normal,A,20260901T091827Z-9e9b5b7e30e5dbfd58035596,20260901T091827Z-9e9b5b7e30e5dbfd58035596-dg-ba603bf1a521-000272,3,none,none,slow,normal-slow-1,front,normal,clipped/audio_event_clean/normal/20260901T091827Z-9e9b5b7e30e5dbfd58035596-dg-ba603bf1a521-000272_ch3.wav,3DPrinter/train/section_00_source_train_normal_000369.wav,688e06cade103fc5a3ef51000745af751fa88d071f1b045e7ac9c8b129bcebea,960044,148548000,149028000,0f68fd949d988c44b2305ad1c4ef0e16982d01db28573df69d4a4e5d0076f5e4,0,0,01b2b575c87ad317bf43fc05134b66aa2feeea6daca7bda15b293c666eb909f5,saved_rule_based,0.39
section_00_source_train_normal_000370,train,source,normal,A,20260901T091827Z-9e9b5b7e30e5dbfd58035596,20260901T091827Z-9e9b5b7e30e5dbfd58035596-dg-ba603bf1a521-000275,3,none,none,slow,normal-slow-1,front,normal,clipped/audio_event_clean/normal/20260901T091827Z-9e9b5b7e30e5dbfd58035596-dg-ba603bf1a521-000275_ch3.wav,3DPrinter/train/section_00_source_train_normal_000370.wav,5719a5bd32fee5d0c7b8c7d74eb328971b5a260fd34f84c3d4e493c1b12d8240,960044,149988000,150468000,0f68fd949d988c44b2305ad1c4ef0e16982d01db28573df69d4a4e5d0076f5e4,0,0,01b2b575c87ad317bf43fc05134b66aa2feeea6daca7bda15b293c666eb909f5,saved_rule_based,0.39
section_00_source_train_normal_000371,train,source,normal,A,20260901T091827Z-9e9b5b7e30e5dbfd58035596,20260901T091827Z-9e9b5b7e30e5dbfd58035596-dg-ba603bf1a521-000276,3,none,none,slow,normal-slow-1,front,normal,clipped/audio_event_clean/normal/20260901T091827Z-9e9b5b7e30e5dbfd58035596-dg-ba603bf1a521-000276_ch3.wav,3DPrinter/train/section_00_source_train_normal_000371.wav,e1f420825a7ef04b2d550f2cfe6c579b8067cbd0b5955627ad6897203b0b85b3,960044,150468000,150948000,0f68fd949d988c44b2305ad1c4ef0e16982d01db28573df69d4a4e5d0076f5e4,0,0,01b2b575c87ad317bf43fc05134b66aa2feeea6daca7bda15b293c666eb909f5,saved_rule_based,0.39
section_00_source_train_normal_000372,train,source,normal,A,20260901T091827Z-9e9b5b7e30e5dbfd58035596,20260901T091827Z-9e9b5b7e30e5dbfd58035596-dg-ba603bf1a521-000278,3,none,none,slow,normal-slow-1,front,normal,clipped/audio_event_clean/normal/20260901T091827Z-9e9b5b7e30e5dbfd58035596-dg-ba603bf1a521-000278_ch3.wav,3DPrinter/train/section_00_source_train_normal_000372.wav,e2b5138bf33deda05a7016366fd2eeccc8f13734cdc263db1c687e80bd9d9c7a,960044,151428000,151908000,0f68fd949d988c44b2305ad1c4ef0e16982d01db28573df69d4a4e5d0076f5e4,0,0,01b2b575c87ad317bf43fc05134b66aa2feeea6daca7bda15b293c666eb909f5,saved_rule_based,0.39
section_00_source_train_normal_000373,train,source,normal,A,20260901T091827Z-9e9b5b7e30e5dbfd58035596,20260901T091827Z-9e9b5b7e30e5dbfd58035596-dg-ba603bf1a521-000279,3,none,none,slow,normal-slow-1,front,normal,clipped/audio_event_clean/normal/20260901T091827Z-9e9b5b7e30e5dbfd58035596-dg-ba603bf1a521-000279_ch3.wav,3DPrinter/train/section_00_source_train_normal_000373.wav,2e0a7a13d258d1251a0212ae4951c905c78a79740f3cda2be8072247b628cfa2,960044,151908000,152388000,0f68fd949d988c44b2305ad1c4ef0e16982d01db28573df69d4a4e5d0076f5e4,0,0,01b2b575c87ad317bf43fc05134b66aa2feeea6daca7bda15b293c666eb909f5,saved_rule_based,0.39
section_00_source_train_normal_000374,train,source,normal,A,20260901T091827Z-9e9b5b7e30e5dbfd58035596,20260901T091827Z-9e9b5b7e30e5dbfd58035596-dg-ba603bf1a521-000283,3,none,none,slow,normal-slow-1,front,normal,clipped/audio_event_clean/normal/20260901T091827Z-9e9b5b7e30e5dbfd58035596-dg-ba603bf1a521-000283_ch3.wav,3DPrinter/train/section_00_source_train_normal_000374.wav,0936c6f0410791948091c67798debd4250fba22ce7f564e1a225b47317db2e51,960044,153828000,154308000,0f68fd949d988c44b2305ad1c4ef0e16982d01db28573df69d4a4e5d0076f5e4,0,0,01b2b575c87ad317bf43fc05134b66aa2feeea6daca7bda15b293c666eb909f5,saved_rule_based,0.39
section_00_source_train_normal_000375,train,source,normal,A,20260901T091827Z-9e9b5b7e30e5dbfd58035596,20260901T091827Z-9e9b5b7e30e5dbfd58035596-dg-ba603bf1a521-000284,3,none,none,slow,normal-slow-1,front,normal,clipped/audio_event_clean/normal/20260901T091827Z-9e9b5b7e30e5dbfd58035596-dg-ba603bf1a521-000284_ch3.wav,3DPrinter/train/section_00_source_train_normal_000375.wav,f34fc752a35a9ad3bbb542164f4389c4dfc5abac6a4aa7f5abe75b31e858a546,960044,154308000,154788000,0f68fd949d988c44b2305ad1c4ef0e16982d01db28573df69d4a4e5d0076f5e4,0,0,01b2b575c87ad317bf43fc05134b66aa2feeea6daca7bda15b293c666eb909f5,saved_rule_based,0.39
section_00_source_train_normal_000376,train,source,normal,A,20260901T091827Z-9e9b5b7e30e5dbfd58035596,20260901T091827Z-9e9b5b7e30e5dbfd58035596-dg-ba603bf1a521-000289,3,none,none,slow,normal-slow-1,front,normal,clipped/audio_event_clean/normal/20260901T091827Z-9e9b5b7e30e5dbfd58035596-dg-ba603bf1a521-000289_ch3.wav,3DPrinter/train/section_00_source_train_normal_000376.wav,4904ab86ea70c6a605ea4b23f6e5f4d26e6b5119258cb7f0cb46941148e83e92,960044,156708000,157188000,0f68fd949d988c44b2305ad1c4ef0e16982d01db28573df69d4a4e5d0076f5e4,0,0,01b2b575c87ad317bf43fc05134b66aa2feeea6daca7bda15b293c666eb909f5,saved_rule_based,0.39
section_00_source_train_normal_000377,train,source,normal,A,20260901T091827Z-9e9b5b7e30e5dbfd58035596,20260901T091827Z-9e9b5b7e30e5dbfd58035596-dg-ba603bf1a521-000292,3,none,none,slow,normal-slow-1,front,normal,clipped/audio_event_clean/normal/20260901T091827Z-9e9b5b7e30e5dbfd58035596-dg-ba603bf1a521-000292_ch3.wav,3DPrinter/train/section_00_source_train_normal_000377.wav,32d44f38b83bcc7456b8f0c31f0fbd4f9709fde24d5248f54eb0845a0496098c,960044,158148000,158628000,0f68fd949d988c44b2305ad1c4ef0e16982d01db28573df69d4a4e5d0076f5e4,0,0,01b2b575c87ad317bf43fc05134b66aa2feeea6daca7bda15b293c666eb909f5,saved_rule_based,0.39
section_00_source_train_normal_000378,train,source,normal,A,20260901T091827Z-9e9b5b7e30e5dbfd58035596,20260901T091827Z-9e9b5b7e30e5dbfd58035596-dg-ba603bf1a521-000294,3,none,none,slow,normal-slow-1,front,normal,clipped/audio_event_clean/normal/20260901T091827Z-9e9b5b7e30e5dbfd58035596-dg-ba603bf1a521-000294_ch3.wav,3DPrinter/train/section_00_source_train_normal_000378.wav,8f8a295838854cb5ea3043402041ac2e33bbd4004ad69981b35403e8dcf47936,960044,159108000,159588000,0f68fd949d988c44b2305ad1c4ef0e16982d01db28573df69d4a4e5d0076f5e4,0,0,01b2b575c87ad317bf43fc05134b66aa2feeea6daca7bda15b293c666eb909f5,saved_rule_based,0.39
section_00_source_train_normal_000379,train,source,normal,A,20260901T091827Z-9e9b5b7e30e5dbfd58035596,20260901T091827Z-9e9b5b7e30e5dbfd58035596-dg-ba603bf1a521-000295,3,none,none,slow,normal-slow-1,front,normal,clipped/audio_event_clean/normal/20260901T091827Z-9e9b5b7e30e5dbfd58035596-dg-ba603bf1a521-000295_ch3.wav,3DPrinter/train/section_00_source_train_normal_000379.wav,248b0f6b8f5d548d12b7d53b39795cf6153a5634376cb0e26ff704d634ec72ee,960044,159588000,160068000,0f68fd949d988c44b2305ad1c4ef0e16982d01db28573df69d4a4e5d0076f5e4,0,0,01b2b575c87ad317bf43fc05134b66aa2feeea6daca7bda15b293c666eb909f5,saved_rule_based,0.39
section_00_source_train_normal_000380,train,source,normal,A,20260901T091827Z-9e9b5b7e30e5dbfd58035596,20260901T091827Z-9e9b5b7e30e5dbfd58035596-dg-ba603bf1a521-000297,3,none,none,slow,normal-slow-1,front,normal,clipped/audio_event_clean/normal/20260901T091827Z-9e9b5b7e30e5dbfd58035596-dg-ba603bf1a521-000297_ch3.wav,3DPrinter/train/section_00_source_train_normal_000380.wav,3724ea6d13fa4799ac9d1ca1d3adfb740fc8399fb2ca7fbbdcd5700f9f85b890,960044,160548000,161028000,0f68fd949d988c44b2305ad1c4ef0e16982d01db28573df69d4a4e5d0076f5e4,0,0,01b2b575c87ad317bf43fc05134b66aa2feeea6daca7bda15b293c666eb909f5,saved_rule_based,0.39
section_00_source_train_normal_000381,train,source,normal,A,20260901T112205Z-e1edf280326aaa5b93a44f23,20260901T112205Z-e1edf280326aaa5b93a44f23-dg-c86bcdd4e0db-000006,3,none,none,slow,normal-slow-2,front,normal,clipped/audio_event_clean/normal/20260901T112205Z-e1edf280326aaa5b93a44f23-dg-c86bcdd4e0db-000006_ch3.wav,3DPrinter/train/section_00_source_train_normal_000381.wav,c9ce38c359fc87b47624e1ce7adf923d2e3d33b5c822ae881d99f5bebc1a3ca0,960044,9388800,9868800,98a8ec12fb525744fcafc86cd65c2851db65a217450dead61913dadd000497b1,0,0,fad057bd254fef279de53c9cf25e240d71aa0ed317c649ceb38c9a9600d92a9b,saved_rule_based,0.49
section_00_source_train_normal_000382,train,source,normal,A,20260901T112205Z-e1edf280326aaa5b93a44f23,20260901T112205Z-e1edf280326aaa5b93a44f23-dg-c86bcdd4e0db-000007,3,none,none,slow,normal-slow-2,front,normal,clipped/audio_event_clean/normal/20260901T112205Z-e1edf280326aaa5b93a44f23-dg-c86bcdd4e0db-000007_ch3.wav,3DPrinter/train/section_00_source_train_normal_000382.wav,e3032880d5cd428e6ab2669b504f4a4af61c68585de1243b1517d1c3ab0f8163,960044,9868800,10348800,98a8ec12fb525744fcafc86cd65c2851db65a217450dead61913dadd000497b1,0,0,fad057bd254fef279de53c9cf25e240d71aa0ed317c649ceb38c9a9600d92a9b,saved_rule_based,0.49
section_00_source_train_normal_000383,train,source,normal,A,20260901T112205Z-e1edf280326aaa5b93a44f23,20260901T112205Z-e1edf280326aaa5b93a44f23-dg-c86bcdd4e0db-000008,3,none,none,slow,normal-slow-2,front,normal,clipped/audio_event_clean/normal/20260901T112205Z-e1edf280326aaa5b93a44f23-dg-c86bcdd4e0db-000008_ch3.wav,3DPrinter/train/section_00_source_train_normal_000383.wav,7d150be9f88eeb40480c7d0c4534eaf556ad473794bcc9747e57d9d7aa0cd391,960044,10348800,10828800,98a8ec12fb525744fcafc86cd65c2851db65a217450dead61913dadd000497b1,0,0,fad057bd254fef279de53c9cf25e240d71aa0ed317c649ceb38c9a9600d92a9b,saved_rule_based,0.49
section_00_source_train_normal_000384,train,source,normal,A,20260901T112205Z-e1edf280326aaa5b93a44f23,20260901T112205Z-e1edf280326aaa5b93a44f23-dg-c86bcdd4e0db-000009,3,none,none,slow,normal-slow-2,front,normal,clipped/audio_event_clean/normal/20260901T112205Z-e1edf280326aaa5b93a44f23-dg-c86bcdd4e0db-000009_ch3.wav,3DPrinter/train/section_00_source_train_normal_000384.wav,0903f6ef86d5e459b8c4a5fd0c9c32fde0044e670e412b6478341eeadf006fdb,960044,10828800,11308800,98a8ec12fb525744fcafc86cd65c2851db65a217450dead61913dadd000497b1,0,0,fad057bd254fef279de53c9cf25e240d71aa0ed317c649ceb38c9a9600d92a9b,saved_rule_based,0.49
section_00_source_train_normal_000385,train,source,normal,A,20260901T112205Z-e1edf280326aaa5b93a44f23,20260901T112205Z-e1edf280326aaa5b93a44f23-dg-c86bcdd4e0db-000011,3,none,none,slow,normal-slow-2,front,normal,clipped/audio_event_clean/normal/20260901T112205Z-e1edf280326aaa5b93a44f23-dg-c86bcdd4e0db-000011_ch3.wav,3DPrinter/train/section_00_source_train_normal_000385.wav,538127619a5c8f6aec162d067c778632085fceec80f294e3c23b5b53aa4a87f7,960044,11788800,12268800,98a8ec12fb525744fcafc86cd65c2851db65a217450dead61913dadd000497b1,0,0,fad057bd254fef279de53c9cf25e240d71aa0ed317c649ceb38c9a9600d92a9b,saved_rule_based,0.49
section_00_source_train_normal_000386,train,source,normal,A,20260901T112205Z-e1edf280326aaa5b93a44f23,20260901T112205Z-e1edf280326aaa5b93a44f23-dg-c86bcdd4e0db-000015,3,none,none,slow,normal-slow-2,front,normal,clipped/audio_event_clean/normal/20260901T112205Z-e1edf280326aaa5b93a44f23-dg-c86bcdd4e0db-000015_ch3.wav,3DPrinter/train/section_00_source_train_normal_000386.wav,341d1eb009225c4a524fd55f81d1420fea1e7ac6bf9da3f085ad02f1dbb58b85,960044,13708800,14188800,98a8ec12fb525744fcafc86cd65c2851db65a217450dead61913dadd000497b1,0,0,fad057bd254fef279de53c9cf25e240d71aa0ed317c649ceb38c9a9600d92a9b,saved_rule_based,0.49
section_00_source_train_normal_000387,train,source,normal,A,20260901T112205Z-e1edf280326aaa5b93a44f23,20260901T112205Z-e1edf280326aaa5b93a44f23-dg-c86bcdd4e0db-000018,3,none,none,slow,normal-slow-2,front,normal,clipped/audio_event_clean/normal/20260901T112205Z-e1edf280326aaa5b93a44f23-dg-c86bcdd4e0db-000018_ch3.wav,3DPrinter/train/section_00_source_train_normal_000387.wav,a7aaf8e34b9390def646dc57a592ab1d418c7f28d6d13f4e8646c708f3b4be12,960044,15148800,15628800,98a8ec12fb525744fcafc86cd65c2851db65a217450dead61913dadd000497b1,0,0,fad057bd254fef279de53c9cf25e240d71aa0ed317c649ceb38c9a9600d92a9b,saved_rule_based,0.49
section_00_source_train_normal_000388,train,source,normal,A,20260901T112205Z-e1edf280326aaa5b93a44f23,20260901T112205Z-e1edf280326aaa5b93a44f23-dg-c86bcdd4e0db-000027,3,none,none,slow,normal-slow-2,front,normal,clipped/audio_event_clean/normal/20260901T112205Z-e1edf280326aaa5b93a44f23-dg-c86bcdd4e0db-000027_ch3.wav,3DPrinter/train/section_00_source_train_normal_000388.wav,d94e1850241b0d85176810c12c4987bf44fc2d274fc87e4d227f5cfd2684f058,960044,19468800,19948800,98a8ec12fb525744fcafc86cd65c2851db65a217450dead61913dadd000497b1,0,0,fad057bd254fef279de53c9cf25e240d71aa0ed317c649ceb38c9a9600d92a9b,saved_rule_based,0.49
section_00_source_train_normal_000389,train,source,normal,A,20260901T112205Z-e1edf280326aaa5b93a44f23,20260901T112205Z-e1edf280326aaa5b93a44f23-dg-c86bcdd4e0db-000031,3,none,none,slow,normal-slow-2,front,normal,clipped/audio_event_clean/normal/20260901T112205Z-e1edf280326aaa5b93a44f23-dg-c86bcdd4e0db-000031_ch3.wav,3DPrinter/train/section_00_source_train_normal_000389.wav,e15b2f584aad676ee58997156001c32b8bcf516ca7bdbb302f164572c480a790,960044,21388800,21868800,98a8ec12fb525744fcafc86cd65c2851db65a217450dead61913dadd000497b1,0,0,fad057bd254fef279de53c9cf25e240d71aa0ed317c649ceb38c9a9600d92a9b,saved_rule_based,0.49
section_00_source_train_normal_000390,train,source,normal,A,20260901T112205Z-e1edf280326aaa5b93a44f23,20260901T112205Z-e1edf280326aaa5b93a44f23-dg-c86bcdd4e0db-000033,3,none,none,slow,normal-slow-2,front,normal,clipped/audio_event_clean/normal/20260901T112205Z-e1edf280326aaa5b93a44f23-dg-c86bcdd4e0db-000033_ch3.wav,3DPrinter/train/section_00_source_train_normal_000390.wav,6b39e3e5328f03bfb5e4d84554305a95f34946e159d9b0fa02597479325c7ecb,960044,22348800,22828800,98a8ec12fb525744fcafc86cd65c2851db65a217450dead61913dadd000497b1,0,0,fad057bd254fef279de53c9cf25e240d71aa0ed317c649ceb38c9a9600d92a9b,saved_rule_based,0.49
section_00_source_train_normal_000391,train,source,normal,A,20260901T112205Z-e1edf280326aaa5b93a44f23,20260901T112205Z-e1edf280326aaa5b93a44f23-dg-c86bcdd4e0db-000034,3,none,none,slow,normal-slow-2,front,normal,clipped/audio_event_clean/normal/20260901T112205Z-e1edf280326aaa5b93a44f23-dg-c86bcdd4e0db-000034_ch3.wav,3DPrinter/train/section_00_source_train_normal_000391.wav,13a15a0ef9b6456dfdfb97fc1d99b766529d3bee863d412bb22513ff45152ceb,960044,22828800,23308800,98a8ec12fb525744fcafc86cd65c2851db65a217450dead61913dadd000497b1,0,0,fad057bd254fef279de53c9cf25e240d71aa0ed317c649ceb38c9a9600d92a9b,saved_rule_based,0.49
section_00_source_train_normal_000392,train,source,normal,A,20260901T112205Z-e1edf280326aaa5b93a44f23,20260901T112205Z-e1edf280326aaa5b93a44f23-dg-c86bcdd4e0db-000037,3,none,none,slow,normal-slow-2,front,normal,clipped/audio_event_clean/normal/20260901T112205Z-e1edf280326aaa5b93a44f23-dg-c86bcdd4e0db-000037_ch3.wav,3DPrinter/train/section_00_source_train_normal_000392.wav,dbd7694119c96706e662b3f5348fbbc523802b8a8136fc4ecee80c1325ec466b,960044,24268800,24748800,98a8ec12fb525744fcafc86cd65c2851db65a217450dead61913dadd000497b1,0,0,fad057bd254fef279de53c9cf25e240d71aa0ed317c649ceb38c9a9600d92a9b,saved_rule_based,0.49
section_00_source_train_normal_000393,train,source,normal,A,20260901T112205Z-e1edf280326aaa5b93a44f23,20260901T112205Z-e1edf280326aaa5b93a44f23-dg-c86bcdd4e0db-000039,3,none,none,slow,normal-slow-2,front,normal,clipped/audio_event_clean/normal/20260901T112205Z-e1edf280326aaa5b93a44f23-dg-c86bcdd4e0db-000039_ch3.wav,3DPrinter/train/section_00_source_train_normal_000393.wav,4e7596ee074ab5224f84043c6d7775e22a673ee76e014f5f8569623e559020fc,960044,25228800,25708800,98a8ec12fb525744fcafc86cd65c2851db65a217450dead61913dadd000497b1,0,0,fad057bd254fef279de53c9cf25e240d71aa0ed317c649ceb38c9a9600d92a9b,saved_rule_based,0.49
section_00_source_train_normal_000394,train,source,normal,A,20260901T112205Z-e1edf280326aaa5b93a44f23,20260901T112205Z-e1edf280326aaa5b93a44f23-dg-c86bcdd4e0db-000040,3,none,none,slow,normal-slow-2,front,normal,clipped/audio_event_clean/normal/20260901T112205Z-e1edf280326aaa5b93a44f23-dg-c86bcdd4e0db-000040_ch3.wav,3DPrinter/train/section_00_source_train_normal_000394.wav,29f7efc1c8c21337ba12c8973340ff06919b00b76285968a4496140e8bb12ea3,960044,25708800,26188800,98a8ec12fb525744fcafc86cd65c2851db65a217450dead61913dadd000497b1,0,0,fad057bd254fef279de53c9cf25e240d71aa0ed317c649ceb38c9a9600d92a9b,saved_rule_based,0.49
section_00_source_train_normal_000395,train,source,normal,A,20260901T112205Z-e1edf280326aaa5b93a44f23,20260901T112205Z-e1edf280326aaa5b93a44f23-dg-c86bcdd4e0db-000042,3,none,none,slow,normal-slow-2,front,normal,clipped/audio_event_clean/normal/20260901T112205Z-e1edf280326aaa5b93a44f23-dg-c86bcdd4e0db-000042_ch3.wav,3DPrinter/train/section_00_source_train_normal_000395.wav,ed4eb463e1e2a50510dc7c5731434297d0a215eb8ca1cbe743919cfb199e9687,960044,26668800,27148800,98a8ec12fb525744fcafc86cd65c2851db65a217450dead61913dadd000497b1,0,0,fad057bd254fef279de53c9cf25e240d71aa0ed317c649ceb38c9a9600d92a9b,saved_rule_based,0.49
section_00_source_train_normal_000396,train,source,normal,A,20260901T112205Z-e1edf280326aaa5b93a44f23,20260901T112205Z-e1edf280326aaa5b93a44f23-dg-c86bcdd4e0db-000045,3,none,none,slow,normal-slow-2,front,normal,clipped/audio_event_clean/normal/20260901T112205Z-e1edf280326aaa5b93a44f23-dg-c86bcdd4e0db-000045_ch3.wav,3DPrinter/train/section_00_source_train_normal_000396.wav,6bffd998bd73f565c12a8e9616e82a1f96fc6e4df63bff1198078f28c0177642,960044,28108800,28588800,98a8ec12fb525744fcafc86cd65c2851db65a217450dead61913dadd000497b1,0,0,fad057bd254fef279de53c9cf25e240d71aa0ed317c649ceb38c9a9600d92a9b,saved_rule_based,0.49
section_00_source_train_normal_000397,train,source,normal,A,20260901T112205Z-e1edf280326aaa5b93a44f23,20260901T112205Z-e1edf280326aaa5b93a44f23-dg-c86bcdd4e0db-000046,3,none,none,slow,normal-slow-2,front,normal,clipped/audio_event_clean/normal/20260901T112205Z-e1edf280326aaa5b93a44f23-dg-c86bcdd4e0db-000046_ch3.wav,3DPrinter/train/section_00_source_train_normal_000397.wav,aeda151586d05fb4174757503db61f70eabdde4a800fb333b6111a09ea3b308e,960044,28588800,29068800,98a8ec12fb525744fcafc86cd65c2851db65a217450dead61913dadd000497b1,0,0,fad057bd254fef279de53c9cf25e240d71aa0ed317c649ceb38c9a9600d92a9b,saved_rule_based,0.49
section_00_source_train_normal_000398,train,source,normal,A,20260901T112205Z-e1edf280326aaa5b93a44f23,20260901T112205Z-e1edf280326aaa5b93a44f23-dg-c86bcdd4e0db-000058,3,none,none,slow,normal-slow-2,front,normal,clipped/audio_event_clean/normal/20260901T112205Z-e1edf280326aaa5b93a44f23-dg-c86bcdd4e0db-000058_ch3.wav,3DPrinter/train/section_00_source_train_normal_000398.wav,0b8be89f93fe32f6cc7e4ceceebfb39554d14613ab201aa083f49b3d2b903ff8,960044,34348800,34828800,98a8ec12fb525744fcafc86cd65c2851db65a217450dead61913dadd000497b1,0,0,fad057bd254fef279de53c9cf25e240d71aa0ed317c649ceb38c9a9600d92a9b,saved_rule_based,0.49
section_00_source_train_normal_000399,train,source,normal,A,20260901T112205Z-e1edf280326aaa5b93a44f23,20260901T112205Z-e1edf280326aaa5b93a44f23-dg-c86bcdd4e0db-000059,3,none,none,slow,normal-slow-2,front,normal,clipped/audio_event_clean/normal/20260901T112205Z-e1edf280326aaa5b93a44f23-dg-c86bcdd4e0db-000059_ch3.wav,3DPrinter/train/section_00_source_train_normal_000399.wav,1affe276e40347c78edc2820e79ba72843cfd668f4084fe3edf93ff97fe502d8,960044,34828800,35308800,98a8ec12fb525744fcafc86cd65c2851db65a217450dead61913dadd000497b1,0,0,fad057bd254fef279de53c9cf25e240d71aa0ed317c649ceb38c9a9600d92a9b,saved_rule_based,0.49
section_00_source_train_normal_000400,train,source,normal,A,20260901T112205Z-e1edf280326aaa5b93a44f23,20260901T112205Z-e1edf280326aaa5b93a44f23-dg-c86bcdd4e0db-000063,3,none,none,slow,normal-slow-2,front,normal,clipped/audio_event_clean/normal/20260901T112205Z-e1edf280326aaa5b93a44f23-dg-c86bcdd4e0db-000063_ch3.wav,3DPrinter/train/section_00_source_train_normal_000400.wav,c7655189441e661c35b70af499197ee893592917265a776aef71488385d8625a,960044,36748800,37228800,98a8ec12fb525744fcafc86cd65c2851db65a217450dead61913dadd000497b1,0,0,fad057bd254fef279de53c9cf25e240d71aa0ed317c649ceb38c9a9600d92a9b,saved_rule_based,0.49
section_00_source_train_normal_000401,train,source,normal,A,20260901T112205Z-e1edf280326aaa5b93a44f23,20260901T112205Z-e1edf280326aaa5b93a44f23-dg-c86bcdd4e0db-000068,3,none,none,slow,normal-slow-2,front,normal,clipped/audio_event_clean/normal/20260901T112205Z-e1edf280326aaa5b93a44f23-dg-c86bcdd4e0db-000068_ch3.wav,3DPrinter/train/section_00_source_train_normal_000401.wav,94623c391509354f3436a7201283da0123484dad552cde6092417711c3ce731b,960044,39148800,39628800,98a8ec12fb525744fcafc86cd65c2851db65a217450dead61913dadd000497b1,0,0,fad057bd254fef279de53c9cf25e240d71aa0ed317c649ceb38c9a9600d92a9b,saved_rule_based,0.49
section_00_source_train_normal_000402,train,source,normal,A,20260901T112205Z-e1edf280326aaa5b93a44f23,20260901T112205Z-e1edf280326aaa5b93a44f23-dg-c86bcdd4e0db-000069,3,none,none,slow,normal-slow-2,front,normal,clipped/audio_event_clean/normal/20260901T112205Z-e1edf280326aaa5b93a44f23-dg-c86bcdd4e0db-000069_ch3.wav,3DPrinter/train/section_00_source_train_normal_000402.wav,77e7a827c04745dbff925d34b4bbebf2a2e43fc2e537dc9c2f52056daa70be6e,960044,39628800,40108800,98a8ec12fb525744fcafc86cd65c2851db65a217450dead61913dadd000497b1,0,0,fad057bd254fef279de53c9cf25e240d71aa0ed317c649ceb38c9a9600d92a9b,saved_rule_based,0.49
section_00_source_train_normal_000403,train,source,normal,A,20260901T112205Z-e1edf280326aaa5b93a44f23,20260901T112205Z-e1edf280326aaa5b93a44f23-dg-c86bcdd4e0db-000075,3,none,none,slow,normal-slow-2,front,normal,clipped/audio_event_clean/normal/20260901T112205Z-e1edf280326aaa5b93a44f23-dg-c86bcdd4e0db-000075_ch3.wav,3DPrinter/train/section_00_source_train_normal_000403.wav,091433cd54b21d1507450a7b0cbe82a4e748515374098d3c1225eb9b43157aba,960044,42508800,42988800,98a8ec12fb525744fcafc86cd65c2851db65a217450dead61913dadd000497b1,0,0,fad057bd254fef279de53c9cf25e240d71aa0ed317c649ceb38c9a9600d92a9b,saved_rule_based,0.49
section_00_source_train_normal_000404,train,source,normal,A,20260901T112205Z-e1edf280326aaa5b93a44f23,20260901T112205Z-e1edf280326aaa5b93a44f23-dg-c86bcdd4e0db-000077,3,none,none,slow,normal-slow-2,front,normal,clipped/audio_event_clean/normal/20260901T112205Z-e1edf280326aaa5b93a44f23-dg-c86bcdd4e0db-000077_ch3.wav,3DPrinter/train/section_00_source_train_normal_000404.wav,95e9cf70330ec4ffe4e1d93014f57cfece25c238aacad57b60cb3ef248bba413,960044,43468800,43948800,98a8ec12fb525744fcafc86cd65c2851db65a217450dead61913dadd000497b1,0,0,fad057bd254fef279de53c9cf25e240d71aa0ed317c649ceb38c9a9600d92a9b,saved_rule_based,0.49
section_00_source_train_normal_000405,train,source,normal,A,20260901T112205Z-e1edf280326aaa5b93a44f23,20260901T112205Z-e1edf280326aaa5b93a44f23-dg-c86bcdd4e0db-000083,3,none,none,slow,normal-slow-2,front,normal,clipped/audio_event_clean/normal/20260901T112205Z-e1edf280326aaa5b93a44f23-dg-c86bcdd4e0db-000083_ch3.wav,3DPrinter/train/section_00_source_train_normal_000405.wav,dc7552d8e74ad0ef8690af45fbfc288b9bec874c7bc8593edca84cb75e495be2,960044,46348800,46828800,98a8ec12fb525744fcafc86cd65c2851db65a217450dead61913dadd000497b1,0,0,fad057bd254fef279de53c9cf25e240d71aa0ed317c649ceb38c9a9600d92a9b,saved_rule_based,0.49
section_00_source_train_normal_000406,train,source,normal,A,20260901T112205Z-e1edf280326aaa5b93a44f23,20260901T112205Z-e1edf280326aaa5b93a44f23-dg-c86bcdd4e0db-000086,3,none,none,slow,normal-slow-2,front,normal,clipped/audio_event_clean/normal/20260901T112205Z-e1edf280326aaa5b93a44f23-dg-c86bcdd4e0db-000086_ch3.wav,3DPrinter/train/section_00_source_train_normal_000406.wav,51d8c11a2cbd8f03dafc09af693cdc4c7a76244308db4546c42be88708824902,960044,47788800,48268800,98a8ec12fb525744fcafc86cd65c2851db65a217450dead61913dadd000497b1,0,0,fad057bd254fef279de53c9cf25e240d71aa0ed317c649ceb38c9a9600d92a9b,saved_rule_based,0.49
section_00_source_train_normal_000407,train,source,normal,A,20260901T112205Z-e1edf280326aaa5b93a44f23,20260901T112205Z-e1edf280326aaa5b93a44f23-dg-c86bcdd4e0db-000089,3,none,none,slow,normal-slow-2,front,normal,clipped/audio_event_clean/normal/20260901T112205Z-e1edf280326aaa5b93a44f23-dg-c86bcdd4e0db-000089_ch3.wav,3DPrinter/train/section_00_source_train_normal_000407.wav,a14eb124ce76e24dd24befce9badb8937ee96cf81e2b0f467246b617e6df1e8a,960044,49228800,49708800,98a8ec12fb525744fcafc86cd65c2851db65a217450dead61913dadd000497b1,0,0,fad057bd254fef279de53c9cf25e240d71aa0ed317c649ceb38c9a9600d92a9b,saved_rule_based,0.49
section_00_source_train_normal_000408,train,source,normal,A,20260901T112205Z-e1edf280326aaa5b93a44f23,20260901T112205Z-e1edf280326aaa5b93a44f23-dg-c86bcdd4e0db-000090,3,none,none,slow,normal-slow-2,front,normal,clipped/audio_event_clean/normal/20260901T112205Z-e1edf280326aaa5b93a44f23-dg-c86bcdd4e0db-000090_ch3.wav,3DPrinter/train/section_00_source_train_normal_000408.wav,bbd64b869c9aed8cd490f78ca35ca78a5759c368f0b8e9635fbb4787dd83958c,960044,49708800,50188800,98a8ec12fb525744fcafc86cd65c2851db65a217450dead61913dadd000497b1,0,0,fad057bd254fef279de53c9cf25e240d71aa0ed317c649ceb38c9a9600d92a9b,saved_rule_based,0.49
section_00_source_train_normal_000409,train,source,normal,A,20260901T112205Z-e1edf280326aaa5b93a44f23,20260901T112205Z-e1edf280326aaa5b93a44f23-dg-c86bcdd4e0db-000093,3,none,none,slow,normal-slow-2,front,normal,clipped/audio_event_clean/normal/20260901T112205Z-e1edf280326aaa5b93a44f23-dg-c86bcdd4e0db-000093_ch3.wav,3DPrinter/train/section_00_source_train_normal_000409.wav,aa65579c1f8c1a9d23656c59d554671987a3819c0f4c630330d3e5464bd9130b,960044,51148800,51628800,98a8ec12fb525744fcafc86cd65c2851db65a217450dead61913dadd000497b1,0,0,fad057bd254fef279de53c9cf25e240d71aa0ed317c649ceb38c9a9600d92a9b,saved_rule_based,0.49
section_00_source_train_normal_000410,train,source,normal,A,20260901T112205Z-e1edf280326aaa5b93a44f23,20260901T112205Z-e1edf280326aaa5b93a44f23-dg-c86bcdd4e0db-000095,3,none,none,slow,normal-slow-2,front,normal,clipped/audio_event_clean/normal/20260901T112205Z-e1edf280326aaa5b93a44f23-dg-c86bcdd4e0db-000095_ch3.wav,3DPrinter/train/section_00_source_train_normal_000410.wav,fe3290202e6619ec022173fbd8663966dcb309737d5eff55d9eea45e8d785854,960044,52108800,52588800,98a8ec12fb525744fcafc86cd65c2851db65a217450dead61913dadd000497b1,0,0,fad057bd254fef279de53c9cf25e240d71aa0ed317c649ceb38c9a9600d92a9b,saved_rule_based,0.49
section_00_source_train_normal_000411,train,source,normal,A,20260901T112205Z-e1edf280326aaa5b93a44f23,20260901T112205Z-e1edf280326aaa5b93a44f23-dg-c86bcdd4e0db-000096,3,none,none,slow,normal-slow-2,front,normal,clipped/audio_event_clean/normal/20260901T112205Z-e1edf280326aaa5b93a44f23-dg-c86bcdd4e0db-000096_ch3.wav,3DPrinter/train/section_00_source_train_normal_000411.wav,b00c041dbb5e2774bdab122c057f1f3b8b0dd6dbef510e4545c2f5aedbc764cf,960044,52588800,53068800,98a8ec12fb525744fcafc86cd65c2851db65a217450dead61913dadd000497b1,0,0,fad057bd254fef279de53c9cf25e240d71aa0ed317c649ceb38c9a9600d92a9b,saved_rule_based,0.49
section_00_source_train_normal_000412,train,source,normal,A,20260901T112205Z-e1edf280326aaa5b93a44f23,20260901T112205Z-e1edf280326aaa5b93a44f23-dg-c86bcdd4e0db-000099,3,none,none,slow,normal-slow-2,front,normal,clipped/audio_event_clean/normal/20260901T112205Z-e1edf280326aaa5b93a44f23-dg-c86bcdd4e0db-000099_ch3.wav,3DPrinter/train/section_00_source_train_normal_000412.wav,481d87d7c29c5d8cbf1c9764e5d72e7cbf33140a19ce517f24ab597ce9a1e510,960044,54028800,54508800,98a8ec12fb525744fcafc86cd65c2851db65a217450dead61913dadd000497b1,0,0,fad057bd254fef279de53c9cf25e240d71aa0ed317c649ceb38c9a9600d92a9b,saved_rule_based,0.49
section_00_source_train_normal_000413,train,source,normal,A,20260901T112205Z-e1edf280326aaa5b93a44f23,20260901T112205Z-e1edf280326aaa5b93a44f23-dg-c86bcdd4e0db-000101,3,none,none,slow,normal-slow-2,front,normal,clipped/audio_event_clean/normal/20260901T112205Z-e1edf280326aaa5b93a44f23-dg-c86bcdd4e0db-000101_ch3.wav,3DPrinter/train/section_00_source_train_normal_000413.wav,4b54b9bd0b280374ca50c9f0b781efee6af34bcda6e9550bd5060e8676130a59,960044,54988800,55468800,98a8ec12fb525744fcafc86cd65c2851db65a217450dead61913dadd000497b1,0,0,fad057bd254fef279de53c9cf25e240d71aa0ed317c649ceb38c9a9600d92a9b,saved_rule_based,0.49
section_00_source_train_normal_000414,train,source,normal,A,20260901T112205Z-e1edf280326aaa5b93a44f23,20260901T112205Z-e1edf280326aaa5b93a44f23-dg-c86bcdd4e0db-000106,3,none,none,slow,normal-slow-2,front,normal,clipped/audio_event_clean/normal/20260901T112205Z-e1edf280326aaa5b93a44f23-dg-c86bcdd4e0db-000106_ch3.wav,3DPrinter/train/section_00_source_train_normal_000414.wav,1ca1ba330aa3cc42430690283ecefc51f88ba10a251c1c32b2258accc86fff85,960044,57388800,57868800,98a8ec12fb525744fcafc86cd65c2851db65a217450dead61913dadd000497b1,0,0,fad057bd254fef279de53c9cf25e240d71aa0ed317c649ceb38c9a9600d92a9b,saved_rule_based,0.49
section_00_source_train_normal_000415,train,source,normal,A,20260901T112205Z-e1edf280326aaa5b93a44f23,20260901T112205Z-e1edf280326aaa5b93a44f23-dg-c86bcdd4e0db-000107,3,none,none,slow,normal-slow-2,front,normal,clipped/audio_event_clean/normal/20260901T112205Z-e1edf280326aaa5b93a44f23-dg-c86bcdd4e0db-000107_ch3.wav,3DPrinter/train/section_00_source_train_normal_000415.wav,631ceae20fe5380a0d6df579e64c1bd2b004d322353e2920adc8e04f3bdff467,960044,57868800,58348800,98a8ec12fb525744fcafc86cd65c2851db65a217450dead61913dadd000497b1,0,0,fad057bd254fef279de53c9cf25e240d71aa0ed317c649ceb38c9a9600d92a9b,saved_rule_based,0.49
section_00_source_train_normal_000416,train,source,normal,A,20260901T112205Z-e1edf280326aaa5b93a44f23,20260901T112205Z-e1edf280326aaa5b93a44f23-dg-c86bcdd4e0db-000110,3,none,none,slow,normal-slow-2,front,normal,clipped/audio_event_clean/normal/20260901T112205Z-e1edf280326aaa5b93a44f23-dg-c86bcdd4e0db-000110_ch3.wav,3DPrinter/train/section_00_source_train_normal_000416.wav,2988cafbafe3355c564daa217fb397f9fae0b94ef996fd3e1cfcf16dc950e7f3,960044,59308800,59788800,98a8ec12fb525744fcafc86cd65c2851db65a217450dead61913dadd000497b1,0,0,fad057bd254fef279de53c9cf25e240d71aa0ed317c649ceb38c9a9600d92a9b,saved_rule_based,0.49
section_00_source_train_normal_000417,train,source,normal,A,20260901T112205Z-e1edf280326aaa5b93a44f23,20260901T112205Z-e1edf280326aaa5b93a44f23-dg-c86bcdd4e0db-000112,3,none,none,slow,normal-slow-2,front,normal,clipped/audio_event_clean/normal/20260901T112205Z-e1edf280326aaa5b93a44f23-dg-c86bcdd4e0db-000112_ch3.wav,3DPrinter/train/section_00_source_train_normal_000417.wav,cf2c73a51a9a639af427b1b2f02b79a5283ddb523bc61a0c9e2bc4a3e4292c3b,960044,60268800,60748800,98a8ec12fb525744fcafc86cd65c2851db65a217450dead61913dadd000497b1,0,0,fad057bd254fef279de53c9cf25e240d71aa0ed317c649ceb38c9a9600d92a9b,saved_rule_based,0.49
section_00_source_train_normal_000418,train,source,normal,A,20260901T112205Z-e1edf280326aaa5b93a44f23,20260901T112205Z-e1edf280326aaa5b93a44f23-dg-c86bcdd4e0db-000117,3,none,none,slow,normal-slow-2,front,normal,clipped/audio_event_clean/normal/20260901T112205Z-e1edf280326aaa5b93a44f23-dg-c86bcdd4e0db-000117_ch3.wav,3DPrinter/train/section_00_source_train_normal_000418.wav,7128f7edc80b511220b93812af184c29c8afc1b685c9d4b12fd71db5d4552e5f,960044,62668800,63148800,98a8ec12fb525744fcafc86cd65c2851db65a217450dead61913dadd000497b1,0,0,fad057bd254fef279de53c9cf25e240d71aa0ed317c649ceb38c9a9600d92a9b,saved_rule_based,0.49
section_00_source_train_normal_000419,train,source,normal,A,20260901T112205Z-e1edf280326aaa5b93a44f23,20260901T112205Z-e1edf280326aaa5b93a44f23-dg-c86bcdd4e0db-000119,3,none,none,slow,normal-slow-2,front,normal,clipped/audio_event_clean/normal/20260901T112205Z-e1edf280326aaa5b93a44f23-dg-c86bcdd4e0db-000119_ch3.wav,3DPrinter/train/section_00_source_train_normal_000419.wav,3a407747cf173559193f7807ad7ad5f64c15ddc33966a54868c04c028a545a43,960044,63628800,64108800,98a8ec12fb525744fcafc86cd65c2851db65a217450dead61913dadd000497b1,0,0,fad057bd254fef279de53c9cf25e240d71aa0ed317c649ceb38c9a9600d92a9b,saved_rule_based,0.49
section_00_source_train_normal_000420,train,source,normal,A,20260901T112205Z-e1edf280326aaa5b93a44f23,20260901T112205Z-e1edf280326aaa5b93a44f23-dg-c86bcdd4e0db-000123,3,none,none,slow,normal-slow-2,front,normal,clipped/audio_event_clean/normal/20260901T112205Z-e1edf280326aaa5b93a44f23-dg-c86bcdd4e0db-000123_ch3.wav,3DPrinter/train/section_00_source_train_normal_000420.wav,78b1d9604debf9291075fd1b0cc229960fd8b67b86ee2fd16bc6581cc74edaa0,960044,65548800,66028800,98a8ec12fb525744fcafc86cd65c2851db65a217450dead61913dadd000497b1,0,0,fad057bd254fef279de53c9cf25e240d71aa0ed317c649ceb38c9a9600d92a9b,saved_rule_based,0.49
section_00_source_train_normal_000421,train,source,normal,A,20260901T112205Z-e1edf280326aaa5b93a44f23,20260901T112205Z-e1edf280326aaa5b93a44f23-dg-c86bcdd4e0db-000124,3,none,none,slow,normal-slow-2,front,normal,clipped/audio_event_clean/normal/20260901T112205Z-e1edf280326aaa5b93a44f23-dg-c86bcdd4e0db-000124_ch3.wav,3DPrinter/train/section_00_source_train_normal_000421.wav,dda3ed7da596f68c47d8c56a90b4341b2c15eaf32b20347a22bba98bb450844b,960044,66028800,66508800,98a8ec12fb525744fcafc86cd65c2851db65a217450dead61913dadd000497b1,0,0,fad057bd254fef279de53c9cf25e240d71aa0ed317c649ceb38c9a9600d92a9b,saved_rule_based,0.49
section_00_source_train_normal_000422,train,source,normal,A,20260901T112205Z-e1edf280326aaa5b93a44f23,20260901T112205Z-e1edf280326aaa5b93a44f23-dg-c86bcdd4e0db-000126,3,none,none,slow,normal-slow-2,front,normal,clipped/audio_event_clean/normal/20260901T112205Z-e1edf280326aaa5b93a44f23-dg-c86bcdd4e0db-000126_ch3.wav,3DPrinter/train/section_00_source_train_normal_000422.wav,8b46c724a0b696478ce68110854dd0c234040b9141f7bdd7c7123a16a2c0e059,960044,66988800,67468800,98a8ec12fb525744fcafc86cd65c2851db65a217450dead61913dadd000497b1,0,0,fad057bd254fef279de53c9cf25e240d71aa0ed317c649ceb38c9a9600d92a9b,saved_rule_based,0.49
section_00_source_train_normal_000423,train,source,normal,A,20260901T112205Z-e1edf280326aaa5b93a44f23,20260901T112205Z-e1edf280326aaa5b93a44f23-dg-c86bcdd4e0db-000127,3,none,none,slow,normal-slow-2,front,normal,clipped/audio_event_clean/normal/20260901T112205Z-e1edf280326aaa5b93a44f23-dg-c86bcdd4e0db-000127_ch3.wav,3DPrinter/train/section_00_source_train_normal_000423.wav,9805acaf09e1746e97f091bf4a2ee3ce439f67b978b695134ee83f21b368867b,960044,67468800,67948800,98a8ec12fb525744fcafc86cd65c2851db65a217450dead61913dadd000497b1,0,0,fad057bd254fef279de53c9cf25e240d71aa0ed317c649ceb38c9a9600d92a9b,saved_rule_based,0.49
section_00_source_train_normal_000424,train,source,normal,A,20260901T112205Z-e1edf280326aaa5b93a44f23,20260901T112205Z-e1edf280326aaa5b93a44f23-dg-c86bcdd4e0db-000128,3,none,none,slow,normal-slow-2,front,normal,clipped/audio_event_clean/normal/20260901T112205Z-e1edf280326aaa5b93a44f23-dg-c86bcdd4e0db-000128_ch3.wav,3DPrinter/train/section_00_source_train_normal_000424.wav,cee901635ce304579b599f82a7e63d0c685bdabec81e2790d8e1214fc05e06d7,960044,67948800,68428800,98a8ec12fb525744fcafc86cd65c2851db65a217450dead61913dadd000497b1,0,0,fad057bd254fef279de53c9cf25e240d71aa0ed317c649ceb38c9a9600d92a9b,saved_rule_based,0.49
section_00_source_train_normal_000425,train,source,normal,A,20260901T112205Z-e1edf280326aaa5b93a44f23,20260901T112205Z-e1edf280326aaa5b93a44f23-dg-c86bcdd4e0db-000131,3,none,none,slow,normal-slow-2,front,normal,clipped/audio_event_clean/normal/20260901T112205Z-e1edf280326aaa5b93a44f23-dg-c86bcdd4e0db-000131_ch3.wav,3DPrinter/train/section_00_source_train_normal_000425.wav,74ff685516fe16af798525a31615faa77cea2d8b7130ed6fac179e97da22eb40,960044,69388800,69868800,98a8ec12fb525744fcafc86cd65c2851db65a217450dead61913dadd000497b1,0,0,fad057bd254fef279de53c9cf25e240d71aa0ed317c649ceb38c9a9600d92a9b,saved_rule_based,0.49
section_00_source_train_normal_000426,train,source,normal,A,20260901T112205Z-e1edf280326aaa5b93a44f23,20260901T112205Z-e1edf280326aaa5b93a44f23-dg-c86bcdd4e0db-000133,3,none,none,slow,normal-slow-2,front,normal,clipped/audio_event_clean/normal/20260901T112205Z-e1edf280326aaa5b93a44f23-dg-c86bcdd4e0db-000133_ch3.wav,3DPrinter/train/section_00_source_train_normal_000426.wav,f39e005c741338580d2598e07afc4f46860f186e72d872c37c52a05970dfa0af,960044,70348800,70828800,98a8ec12fb525744fcafc86cd65c2851db65a217450dead61913dadd000497b1,0,0,fad057bd254fef279de53c9cf25e240d71aa0ed317c649ceb38c9a9600d92a9b,saved_rule_based,0.49
section_00_source_train_normal_000427,train,source,normal,A,20260901T112205Z-e1edf280326aaa5b93a44f23,20260901T112205Z-e1edf280326aaa5b93a44f23-dg-c86bcdd4e0db-000136,3,none,none,slow,normal-slow-2,front,normal,clipped/audio_event_clean/normal/20260901T112205Z-e1edf280326aaa5b93a44f23-dg-c86bcdd4e0db-000136_ch3.wav,3DPrinter/train/section_00_source_train_normal_000427.wav,6900007a5fc5c72de4001c22b02e9afdc46ecb55b1d164a760fb6393232b7c8c,960044,71788800,72268800,98a8ec12fb525744fcafc86cd65c2851db65a217450dead61913dadd000497b1,0,0,fad057bd254fef279de53c9cf25e240d71aa0ed317c649ceb38c9a9600d92a9b,saved_rule_based,0.49
section_00_source_train_normal_000428,train,source,normal,A,20260901T112205Z-e1edf280326aaa5b93a44f23,20260901T112205Z-e1edf280326aaa5b93a44f23-dg-c86bcdd4e0db-000137,3,none,none,slow,normal-slow-2,front,normal,clipped/audio_event_clean/normal/20260901T112205Z-e1edf280326aaa5b93a44f23-dg-c86bcdd4e0db-000137_ch3.wav,3DPrinter/train/section_00_source_train_normal_000428.wav,bef28d91430da7397ee5b485f5b2199d3818e88d0465008854a134d3ebcdd830,960044,72268800,72748800,98a8ec12fb525744fcafc86cd65c2851db65a217450dead61913dadd000497b1,0,0,fad057bd254fef279de53c9cf25e240d71aa0ed317c649ceb38c9a9600d92a9b,saved_rule_based,0.49
section_00_source_train_normal_000429,train,source,normal,A,20260901T112205Z-e1edf280326aaa5b93a44f23,20260901T112205Z-e1edf280326aaa5b93a44f23-dg-c86bcdd4e0db-000138,3,none,none,slow,normal-slow-2,front,normal,clipped/audio_event_clean/normal/20260901T112205Z-e1edf280326aaa5b93a44f23-dg-c86bcdd4e0db-000138_ch3.wav,3DPrinter/train/section_00_source_train_normal_000429.wav,7b5ea9627c08d9e90ecb307fa298942948b6b5cfa5a8bb297d25263411aa4da1,960044,72748800,73228800,98a8ec12fb525744fcafc86cd65c2851db65a217450dead61913dadd000497b1,0,0,fad057bd254fef279de53c9cf25e240d71aa0ed317c649ceb38c9a9600d92a9b,saved_rule_based,0.49
section_00_source_train_normal_000430,train,source,normal,A,20260901T112205Z-e1edf280326aaa5b93a44f23,20260901T112205Z-e1edf280326aaa5b93a44f23-dg-c86bcdd4e0db-000141,3,none,none,slow,normal-slow-2,front,normal,clipped/audio_event_clean/normal/20260901T112205Z-e1edf280326aaa5b93a44f23-dg-c86bcdd4e0db-000141_ch3.wav,3DPrinter/train/section_00_source_train_normal_000430.wav,7fb5b955c14d8e0e712c13ff9b3d160a3ead7f85cb5f37f0e8fb578e1e819b17,960044,74188800,74668800,98a8ec12fb525744fcafc86cd65c2851db65a217450dead61913dadd000497b1,0,0,fad057bd254fef279de53c9cf25e240d71aa0ed317c649ceb38c9a9600d92a9b,saved_rule_based,0.49
section_00_source_train_normal_000431,train,source,normal,A,20260901T112205Z-e1edf280326aaa5b93a44f23,20260901T112205Z-e1edf280326aaa5b93a44f23-dg-c86bcdd4e0db-000143,3,none,none,slow,normal-slow-2,front,normal,clipped/audio_event_clean/normal/20260901T112205Z-e1edf280326aaa5b93a44f23-dg-c86bcdd4e0db-000143_ch3.wav,3DPrinter/train/section_00_source_train_normal_000431.wav,ea2fab34c0f3a6c3c9617a44a9fd0071b3e7c4f8a0414c511157a8a55c661b29,960044,75148800,75628800,98a8ec12fb525744fcafc86cd65c2851db65a217450dead61913dadd000497b1,0,0,fad057bd254fef279de53c9cf25e240d71aa0ed317c649ceb38c9a9600d92a9b,saved_rule_based,0.49
section_00_source_train_normal_000432,train,source,normal,A,20260901T112205Z-e1edf280326aaa5b93a44f23,20260901T112205Z-e1edf280326aaa5b93a44f23-dg-c86bcdd4e0db-000149,3,none,none,slow,normal-slow-2,front,normal,clipped/audio_event_clean/normal/20260901T112205Z-e1edf280326aaa5b93a44f23-dg-c86bcdd4e0db-000149_ch3.wav,3DPrinter/train/section_00_source_train_normal_000432.wav,4a38a6fc60433ea6ae14925e64605f39784217c760a4afb9d1937295e32e4a61,960044,78028800,78508800,98a8ec12fb525744fcafc86cd65c2851db65a217450dead61913dadd000497b1,0,0,fad057bd254fef279de53c9cf25e240d71aa0ed317c649ceb38c9a9600d92a9b,saved_rule_based,0.49
section_00_source_train_normal_000433,train,source,normal,A,20260901T112205Z-e1edf280326aaa5b93a44f23,20260901T112205Z-e1edf280326aaa5b93a44f23-dg-c86bcdd4e0db-000152,3,none,none,slow,normal-slow-2,front,normal,clipped/audio_event_clean/normal/20260901T112205Z-e1edf280326aaa5b93a44f23-dg-c86bcdd4e0db-000152_ch3.wav,3DPrinter/train/section_00_source_train_normal_000433.wav,f8f7c25f99c1280b62b5489385b9ad10b9ea57686df5fee27f48a0042ec3be0f,960044,79468800,79948800,98a8ec12fb525744fcafc86cd65c2851db65a217450dead61913dadd000497b1,0,0,fad057bd254fef279de53c9cf25e240d71aa0ed317c649ceb38c9a9600d92a9b,saved_rule_based,0.49
section_00_source_train_normal_000434,train,source,normal,A,20260901T112205Z-e1edf280326aaa5b93a44f23,20260901T112205Z-e1edf280326aaa5b93a44f23-dg-c86bcdd4e0db-000155,3,none,none,slow,normal-slow-2,front,normal,clipped/audio_event_clean/normal/20260901T112205Z-e1edf280326aaa5b93a44f23-dg-c86bcdd4e0db-000155_ch3.wav,3DPrinter/train/section_00_source_train_normal_000434.wav,16a90a505a1b75638a36bc2928e25c1d617d84f0818aaf0c89893e59b2f3f9b1,960044,80908800,81388800,98a8ec12fb525744fcafc86cd65c2851db65a217450dead61913dadd000497b1,0,0,fad057bd254fef279de53c9cf25e240d71aa0ed317c649ceb38c9a9600d92a9b,saved_rule_based,0.49
section_00_source_train_normal_000435,train,source,normal,A,20260901T112205Z-e1edf280326aaa5b93a44f23,20260901T112205Z-e1edf280326aaa5b93a44f23-dg-c86bcdd4e0db-000156,3,none,none,slow,normal-slow-2,front,normal,clipped/audio_event_clean/normal/20260901T112205Z-e1edf280326aaa5b93a44f23-dg-c86bcdd4e0db-000156_ch3.wav,3DPrinter/train/section_00_source_train_normal_000435.wav,ca669d47f414f7bc3846faf46a3289d3dbd6a2d69c06f36ff392b82dd90c9081,960044,81388800,81868800,98a8ec12fb525744fcafc86cd65c2851db65a217450dead61913dadd000497b1,0,0,fad057bd254fef279de53c9cf25e240d71aa0ed317c649ceb38c9a9600d92a9b,saved_rule_based,0.49
section_00_source_train_normal_000436,train,source,normal,A,20260901T112205Z-e1edf280326aaa5b93a44f23,20260901T112205Z-e1edf280326aaa5b93a44f23-dg-c86bcdd4e0db-000157,3,none,none,slow,normal-slow-2,front,normal,clipped/audio_event_clean/normal/20260901T112205Z-e1edf280326aaa5b93a44f23-dg-c86bcdd4e0db-000157_ch3.wav,3DPrinter/train/section_00_source_train_normal_000436.wav,aa61fd317cad9b1c615d7667b1cf98feff99af625de8d2b2bc63aeaeb6964fe8,960044,81868800,82348800,98a8ec12fb525744fcafc86cd65c2851db65a217450dead61913dadd000497b1,0,0,fad057bd254fef279de53c9cf25e240d71aa0ed317c649ceb38c9a9600d92a9b,saved_rule_based,0.49
section_00_source_train_normal_000437,train,source,normal,A,20260901T112205Z-e1edf280326aaa5b93a44f23,20260901T112205Z-e1edf280326aaa5b93a44f23-dg-c86bcdd4e0db-000158,3,none,none,slow,normal-slow-2,front,normal,clipped/audio_event_clean/normal/20260901T112205Z-e1edf280326aaa5b93a44f23-dg-c86bcdd4e0db-000158_ch3.wav,3DPrinter/train/section_00_source_train_normal_000437.wav,d22a665fb8bd522b93131e5ec8e3bbcd2327443c2990389ea00309a9d258f528,960044,82348800,82828800,98a8ec12fb525744fcafc86cd65c2851db65a217450dead61913dadd000497b1,0,0,fad057bd254fef279de53c9cf25e240d71aa0ed317c649ceb38c9a9600d92a9b,saved_rule_based,0.49
section_00_source_train_normal_000438,train,source,normal,A,20260901T112205Z-e1edf280326aaa5b93a44f23,20260901T112205Z-e1edf280326aaa5b93a44f23-dg-c86bcdd4e0db-000160,3,none,none,slow,normal-slow-2,front,normal,clipped/audio_event_clean/normal/20260901T112205Z-e1edf280326aaa5b93a44f23-dg-c86bcdd4e0db-000160_ch3.wav,3DPrinter/train/section_00_source_train_normal_000438.wav,f0f12f75b873e37b4eaa00e492f7d37c7bbe86adb84e8ebcc0ef6e1b0d27a8e9,960044,83308800,83788800,98a8ec12fb525744fcafc86cd65c2851db65a217450dead61913dadd000497b1,0,0,fad057bd254fef279de53c9cf25e240d71aa0ed317c649ceb38c9a9600d92a9b,saved_rule_based,0.49
section_00_source_train_normal_000439,train,source,normal,A,20260901T112205Z-e1edf280326aaa5b93a44f23,20260901T112205Z-e1edf280326aaa5b93a44f23-dg-c86bcdd4e0db-000162,3,none,none,slow,normal-slow-2,front,normal,clipped/audio_event_clean/normal/20260901T112205Z-e1edf280326aaa5b93a44f23-dg-c86bcdd4e0db-000162_ch3.wav,3DPrinter/train/section_00_source_train_normal_000439.wav,de2e93fd4a75fd66aa2a54503d8f38e3465f45687e77a811df54f05fa0bd3b39,960044,84268800,84748800,98a8ec12fb525744fcafc86cd65c2851db65a217450dead61913dadd000497b1,0,0,fad057bd254fef279de53c9cf25e240d71aa0ed317c649ceb38c9a9600d92a9b,saved_rule_based,0.49
section_00_source_train_normal_000440,train,source,normal,A,20260901T112205Z-e1edf280326aaa5b93a44f23,20260901T112205Z-e1edf280326aaa5b93a44f23-dg-c86bcdd4e0db-000165,3,none,none,slow,normal-slow-2,front,normal,clipped/audio_event_clean/normal/20260901T112205Z-e1edf280326aaa5b93a44f23-dg-c86bcdd4e0db-000165_ch3.wav,3DPrinter/train/section_00_source_train_normal_000440.wav,288ee9b927a259f40dae56a83830aad0112153df0e5ce7ab6bab2107cd0352b1,960044,85708800,86188800,98a8ec12fb525744fcafc86cd65c2851db65a217450dead61913dadd000497b1,0,0,fad057bd254fef279de53c9cf25e240d71aa0ed317c649ceb38c9a9600d92a9b,saved_rule_based,0.49
section_00_source_train_normal_000441,train,source,normal,A,20260901T112205Z-e1edf280326aaa5b93a44f23,20260901T112205Z-e1edf280326aaa5b93a44f23-dg-c86bcdd4e0db-000166,3,none,none,slow,normal-slow-2,front,normal,clipped/audio_event_clean/normal/20260901T112205Z-e1edf280326aaa5b93a44f23-dg-c86bcdd4e0db-000166_ch3.wav,3DPrinter/train/section_00_source_train_normal_000441.wav,4ed899412940c73a9fe6b3e9e3310464c295d6fa8038822fa7ef40b2c0a13d06,960044,86188800,86668800,98a8ec12fb525744fcafc86cd65c2851db65a217450dead61913dadd000497b1,0,0,fad057bd254fef279de53c9cf25e240d71aa0ed317c649ceb38c9a9600d92a9b,saved_rule_based,0.49
section_00_source_train_normal_000442,train,source,normal,A,20260901T112205Z-e1edf280326aaa5b93a44f23,20260901T112205Z-e1edf280326aaa5b93a44f23-dg-c86bcdd4e0db-000168,3,none,none,slow,normal-slow-2,front,normal,clipped/audio_event_clean/normal/20260901T112205Z-e1edf280326aaa5b93a44f23-dg-c86bcdd4e0db-000168_ch3.wav,3DPrinter/train/section_00_source_train_normal_000442.wav,9209aa4663596ba08dfc2858b66034a6c7a1c6b4d59ba8c4ad7af5dcff79bb08,960044,87148800,87628800,98a8ec12fb525744fcafc86cd65c2851db65a217450dead61913dadd000497b1,0,0,fad057bd254fef279de53c9cf25e240d71aa0ed317c649ceb38c9a9600d92a9b,saved_rule_based,0.49
section_00_source_train_normal_000443,train,source,normal,A,20260901T112205Z-e1edf280326aaa5b93a44f23,20260901T112205Z-e1edf280326aaa5b93a44f23-dg-c86bcdd4e0db-000173,3,none,none,slow,normal-slow-2,front,normal,clipped/audio_event_clean/normal/20260901T112205Z-e1edf280326aaa5b93a44f23-dg-c86bcdd4e0db-000173_ch3.wav,3DPrinter/train/section_00_source_train_normal_000443.wav,d9631a1a614cfa280805943040aec02c79bd9e318c0bba893f2ef938b8169cda,960044,89548800,90028800,98a8ec12fb525744fcafc86cd65c2851db65a217450dead61913dadd000497b1,0,0,fad057bd254fef279de53c9cf25e240d71aa0ed317c649ceb38c9a9600d92a9b,saved_rule_based,0.49
section_00_source_train_normal_000444,train,source,normal,A,20260901T112205Z-e1edf280326aaa5b93a44f23,20260901T112205Z-e1edf280326aaa5b93a44f23-dg-c86bcdd4e0db-000174,3,none,none,slow,normal-slow-2,front,normal,clipped/audio_event_clean/normal/20260901T112205Z-e1edf280326aaa5b93a44f23-dg-c86bcdd4e0db-000174_ch3.wav,3DPrinter/train/section_00_source_train_normal_000444.wav,d24f280233cc0d6d3fdac8ad19fadc64019a9e92563f23586ab062c63c904b89,960044,90028800,90508800,98a8ec12fb525744fcafc86cd65c2851db65a217450dead61913dadd000497b1,0,0,fad057bd254fef279de53c9cf25e240d71aa0ed317c649ceb38c9a9600d92a9b,saved_rule_based,0.49
section_00_source_train_normal_000445,train,source,normal,A,20260901T112205Z-e1edf280326aaa5b93a44f23,20260901T112205Z-e1edf280326aaa5b93a44f23-dg-c86bcdd4e0db-000178,3,none,none,slow,normal-slow-2,front,normal,clipped/audio_event_clean/normal/20260901T112205Z-e1edf280326aaa5b93a44f23-dg-c86bcdd4e0db-000178_ch3.wav,3DPrinter/train/section_00_source_train_normal_000445.wav,a7768d29843c195084b53ea737445e8a247f31b32824bbd7fd5e8db6087b0305,960044,91948800,92428800,98a8ec12fb525744fcafc86cd65c2851db65a217450dead61913dadd000497b1,0,0,fad057bd254fef279de53c9cf25e240d71aa0ed317c649ceb38c9a9600d92a9b,saved_rule_based,0.49
section_00_source_train_normal_000446,train,source,normal,A,20260901T112205Z-e1edf280326aaa5b93a44f23,20260901T112205Z-e1edf280326aaa5b93a44f23-dg-c86bcdd4e0db-000179,3,none,none,slow,normal-slow-2,front,normal,clipped/audio_event_clean/normal/20260901T112205Z-e1edf280326aaa5b93a44f23-dg-c86bcdd4e0db-000179_ch3.wav,3DPrinter/train/section_00_source_train_normal_000446.wav,05687e36ab53f2b3ccee3d7a1d2524f0f1011c7accc823329a1b34b96b870cfa,960044,92428800,92908800,98a8ec12fb525744fcafc86cd65c2851db65a217450dead61913dadd000497b1,0,0,fad057bd254fef279de53c9cf25e240d71aa0ed317c649ceb38c9a9600d92a9b,saved_rule_based,0.49
section_00_source_train_normal_000447,train,source,normal,A,20260901T112205Z-e1edf280326aaa5b93a44f23,20260901T112205Z-e1edf280326aaa5b93a44f23-dg-c86bcdd4e0db-000180,3,none,none,slow,normal-slow-2,front,normal,clipped/audio_event_clean/normal/20260901T112205Z-e1edf280326aaa5b93a44f23-dg-c86bcdd4e0db-000180_ch3.wav,3DPrinter/train/section_00_source_train_normal_000447.wav,35a9a228fe7e388fe644fa1edf9fcbbb080c8ba60c09f33c07266918a0083d14,960044,92908800,93388800,98a8ec12fb525744fcafc86cd65c2851db65a217450dead61913dadd000497b1,0,0,fad057bd254fef279de53c9cf25e240d71aa0ed317c649ceb38c9a9600d92a9b,saved_rule_based,0.49
section_00_source_train_normal_000448,train,source,normal,A,20260901T112205Z-e1edf280326aaa5b93a44f23,20260901T112205Z-e1edf280326aaa5b93a44f23-dg-c86bcdd4e0db-000181,3,none,none,slow,normal-slow-2,front,normal,clipped/audio_event_clean/normal/20260901T112205Z-e1edf280326aaa5b93a44f23-dg-c86bcdd4e0db-000181_ch3.wav,3DPrinter/train/section_00_source_train_normal_000448.wav,d446ffd59b373bfefe6361c6b6aaefa79e2267d09b556bedd0c860e1e5fb0382,960044,93388800,93868800,98a8ec12fb525744fcafc86cd65c2851db65a217450dead61913dadd000497b1,0,0,fad057bd254fef279de53c9cf25e240d71aa0ed317c649ceb38c9a9600d92a9b,saved_rule_based,0.49
section_00_source_train_normal_000449,train,source,normal,A,20260901T112205Z-e1edf280326aaa5b93a44f23,20260901T112205Z-e1edf280326aaa5b93a44f23-dg-c86bcdd4e0db-000182,3,none,none,slow,normal-slow-2,front,normal,clipped/audio_event_clean/normal/20260901T112205Z-e1edf280326aaa5b93a44f23-dg-c86bcdd4e0db-000182_ch3.wav,3DPrinter/train/section_00_source_train_normal_000449.wav,5a778d01b519ce0867095ff297862b8b397e164ebd812d5b9dc33d477c3a00df,960044,93868800,94348800,98a8ec12fb525744fcafc86cd65c2851db65a217450dead61913dadd000497b1,0,0,fad057bd254fef279de53c9cf25e240d71aa0ed317c649ceb38c9a9600d92a9b,saved_rule_based,0.49
section_00_source_train_normal_000450,train,source,normal,A,20260901T112205Z-e1edf280326aaa5b93a44f23,20260901T112205Z-e1edf280326aaa5b93a44f23-dg-c86bcdd4e0db-000187,3,none,none,slow,normal-slow-2,front,normal,clipped/audio_event_clean/normal/20260901T112205Z-e1edf280326aaa5b93a44f23-dg-c86bcdd4e0db-000187_ch3.wav,3DPrinter/train/section_00_source_train_normal_000450.wav,a434448d3cfd2e3ddd7f0439d1ae2c1bae67bb3a49bc06ec49b8257641286f78,960044,96268800,96748800,98a8ec12fb525744fcafc86cd65c2851db65a217450dead61913dadd000497b1,0,0,fad057bd254fef279de53c9cf25e240d71aa0ed317c649ceb38c9a9600d92a9b,saved_rule_based,0.49
section_00_source_train_normal_000451,train,source,normal,A,20260901T112205Z-e1edf280326aaa5b93a44f23,20260901T112205Z-e1edf280326aaa5b93a44f23-dg-c86bcdd4e0db-000191,3,none,none,slow,normal-slow-2,front,normal,clipped/audio_event_clean/normal/20260901T112205Z-e1edf280326aaa5b93a44f23-dg-c86bcdd4e0db-000191_ch3.wav,3DPrinter/train/section_00_source_train_normal_000451.wav,9d69f769af0a80fd0cbb282b59a1ebabe088dc3ded6d5d2b8b24d8cc4c9da21b,960044,98188800,98668800,98a8ec12fb525744fcafc86cd65c2851db65a217450dead61913dadd000497b1,0,0,fad057bd254fef279de53c9cf25e240d71aa0ed317c649ceb38c9a9600d92a9b,saved_rule_based,0.49
section_00_source_train_normal_000452,train,source,normal,A,20260901T112205Z-e1edf280326aaa5b93a44f23,20260901T112205Z-e1edf280326aaa5b93a44f23-dg-c86bcdd4e0db-000192,3,none,none,slow,normal-slow-2,front,normal,clipped/audio_event_clean/normal/20260901T112205Z-e1edf280326aaa5b93a44f23-dg-c86bcdd4e0db-000192_ch3.wav,3DPrinter/train/section_00_source_train_normal_000452.wav,3bf869a6e7fc41338b0ab80111a1087610cddabed3cffc0a224be5599f9d3323,960044,98668800,99148800,98a8ec12fb525744fcafc86cd65c2851db65a217450dead61913dadd000497b1,0,0,fad057bd254fef279de53c9cf25e240d71aa0ed317c649ceb38c9a9600d92a9b,saved_rule_based,0.49
section_00_source_train_normal_000453,train,source,normal,A,20260901T112205Z-e1edf280326aaa5b93a44f23,20260901T112205Z-e1edf280326aaa5b93a44f23-dg-c86bcdd4e0db-000193,3,none,none,slow,normal-slow-2,front,normal,clipped/audio_event_clean/normal/20260901T112205Z-e1edf280326aaa5b93a44f23-dg-c86bcdd4e0db-000193_ch3.wav,3DPrinter/train/section_00_source_train_normal_000453.wav,439d27936a73492e996f8eaf6f4e5235344b9613c4d4938acfeda76de0b915d2,960044,99148800,99628800,98a8ec12fb525744fcafc86cd65c2851db65a217450dead61913dadd000497b1,0,0,fad057bd254fef279de53c9cf25e240d71aa0ed317c649ceb38c9a9600d92a9b,saved_rule_based,0.49
section_00_source_train_normal_000454,train,source,normal,A,20260901T112205Z-e1edf280326aaa5b93a44f23,20260901T112205Z-e1edf280326aaa5b93a44f23-dg-c86bcdd4e0db-000204,3,none,none,slow,normal-slow-2,front,normal,clipped/audio_event_clean/normal/20260901T112205Z-e1edf280326aaa5b93a44f23-dg-c86bcdd4e0db-000204_ch3.wav,3DPrinter/train/section_00_source_train_normal_000454.wav,e8267ea6afa8913c6131da7be4dc84970e125d4cec9d8b02208ef7bdb3c05747,960044,104428800,104908800,98a8ec12fb525744fcafc86cd65c2851db65a217450dead61913dadd000497b1,0,0,fad057bd254fef279de53c9cf25e240d71aa0ed317c649ceb38c9a9600d92a9b,saved_rule_based,0.49
section_00_source_train_normal_000455,train,source,normal,A,20260901T112205Z-e1edf280326aaa5b93a44f23,20260901T112205Z-e1edf280326aaa5b93a44f23-dg-c86bcdd4e0db-000207,3,none,none,slow,normal-slow-2,front,normal,clipped/audio_event_clean/normal/20260901T112205Z-e1edf280326aaa5b93a44f23-dg-c86bcdd4e0db-000207_ch3.wav,3DPrinter/train/section_00_source_train_normal_000455.wav,862cfbc83eb652d373729198a370c415190eca010535e8416960b2bb541d7e60,960044,105868800,106348800,98a8ec12fb525744fcafc86cd65c2851db65a217450dead61913dadd000497b1,0,0,fad057bd254fef279de53c9cf25e240d71aa0ed317c649ceb38c9a9600d92a9b,saved_rule_based,0.49
section_00_source_train_normal_000456,train,source,normal,A,20260901T112205Z-e1edf280326aaa5b93a44f23,20260901T112205Z-e1edf280326aaa5b93a44f23-dg-c86bcdd4e0db-000208,3,none,none,slow,normal-slow-2,front,normal,clipped/audio_event_clean/normal/20260901T112205Z-e1edf280326aaa5b93a44f23-dg-c86bcdd4e0db-000208_ch3.wav,3DPrinter/train/section_00_source_train_normal_000456.wav,e2dfdcf88924476f9d01f7406f7cf8d43f4c59a7433474abc2d64f6ad06c1114,960044,106348800,106828800,98a8ec12fb525744fcafc86cd65c2851db65a217450dead61913dadd000497b1,0,0,fad057bd254fef279de53c9cf25e240d71aa0ed317c649ceb38c9a9600d92a9b,saved_rule_based,0.49
section_00_source_train_normal_000457,train,source,normal,A,20260901T112205Z-e1edf280326aaa5b93a44f23,20260901T112205Z-e1edf280326aaa5b93a44f23-dg-c86bcdd4e0db-000214,3,none,none,slow,normal-slow-2,front,normal,clipped/audio_event_clean/normal/20260901T112205Z-e1edf280326aaa5b93a44f23-dg-c86bcdd4e0db-000214_ch3.wav,3DPrinter/train/section_00_source_train_normal_000457.wav,47d3763cadb3eaa920adf3cf408fc02b38dd3e5dd5976ebca1520302a9f17368,960044,109228800,109708800,98a8ec12fb525744fcafc86cd65c2851db65a217450dead61913dadd000497b1,0,0,fad057bd254fef279de53c9cf25e240d71aa0ed317c649ceb38c9a9600d92a9b,saved_rule_based,0.49
section_00_source_train_normal_000458,train,source,normal,A,20260901T112205Z-e1edf280326aaa5b93a44f23,20260901T112205Z-e1edf280326aaa5b93a44f23-dg-c86bcdd4e0db-000216,3,none,none,slow,normal-slow-2,front,normal,clipped/audio_event_clean/normal/20260901T112205Z-e1edf280326aaa5b93a44f23-dg-c86bcdd4e0db-000216_ch3.wav,3DPrinter/train/section_00_source_train_normal_000458.wav,ca93eba4c5b434029a15bc55a6cfbb14c81ff02adef7a30e31ab48bdd410153f,960044,110188800,110668800,98a8ec12fb525744fcafc86cd65c2851db65a217450dead61913dadd000497b1,0,0,fad057bd254fef279de53c9cf25e240d71aa0ed317c649ceb38c9a9600d92a9b,saved_rule_based,0.49
section_00_source_train_normal_000459,train,source,normal,A,20260901T112205Z-e1edf280326aaa5b93a44f23,20260901T112205Z-e1edf280326aaa5b93a44f23-dg-c86bcdd4e0db-000217,3,none,none,slow,normal-slow-2,front,normal,clipped/audio_event_clean/normal/20260901T112205Z-e1edf280326aaa5b93a44f23-dg-c86bcdd4e0db-000217_ch3.wav,3DPrinter/train/section_00_source_train_normal_000459.wav,156b782709b4ccf498503a96478a067743626792c38bffd0038d40e314484514,960044,110668800,111148800,98a8ec12fb525744fcafc86cd65c2851db65a217450dead61913dadd000497b1,0,0,fad057bd254fef279de53c9cf25e240d71aa0ed317c649ceb38c9a9600d92a9b,saved_rule_based,0.49
section_00_source_train_normal_000460,train,source,normal,A,20260901T112205Z-e1edf280326aaa5b93a44f23,20260901T112205Z-e1edf280326aaa5b93a44f23-dg-c86bcdd4e0db-000220,3,none,none,slow,normal-slow-2,front,normal,clipped/audio_event_clean/normal/20260901T112205Z-e1edf280326aaa5b93a44f23-dg-c86bcdd4e0db-000220_ch3.wav,3DPrinter/train/section_00_source_train_normal_000460.wav,2f1036f3445032e02369276da0ee5d445a6534fc92d2107ff28a094e5b80e94a,960044,112108800,112588800,98a8ec12fb525744fcafc86cd65c2851db65a217450dead61913dadd000497b1,0,0,fad057bd254fef279de53c9cf25e240d71aa0ed317c649ceb38c9a9600d92a9b,saved_rule_based,0.49
section_00_source_train_normal_000461,train,source,normal,A,20260901T112205Z-e1edf280326aaa5b93a44f23,20260901T112205Z-e1edf280326aaa5b93a44f23-dg-c86bcdd4e0db-000221,3,none,none,slow,normal-slow-2,front,normal,clipped/audio_event_clean/normal/20260901T112205Z-e1edf280326aaa5b93a44f23-dg-c86bcdd4e0db-000221_ch3.wav,3DPrinter/train/section_00_source_train_normal_000461.wav,4e1ea3b176f8e84d807883ef7b473045ced2767d48655a10d4f56996eceeac3d,960044,112588800,113068800,98a8ec12fb525744fcafc86cd65c2851db65a217450dead61913dadd000497b1,0,0,fad057bd254fef279de53c9cf25e240d71aa0ed317c649ceb38c9a9600d92a9b,saved_rule_based,0.49
section_00_source_train_normal_000462,train,source,normal,A,20260901T112205Z-e1edf280326aaa5b93a44f23,20260901T112205Z-e1edf280326aaa5b93a44f23-dg-c86bcdd4e0db-000226,3,none,none,slow,normal-slow-2,front,normal,clipped/audio_event_clean/normal/20260901T112205Z-e1edf280326aaa5b93a44f23-dg-c86bcdd4e0db-000226_ch3.wav,3DPrinter/train/section_00_source_train_normal_000462.wav,b75cb6d75c161b60dc2cae831721112801fe1b157f360ee93fd567f59476bd41,960044,114988800,115468800,98a8ec12fb525744fcafc86cd65c2851db65a217450dead61913dadd000497b1,0,0,fad057bd254fef279de53c9cf25e240d71aa0ed317c649ceb38c9a9600d92a9b,saved_rule_based,0.49
section_00_source_train_normal_000463,train,source,normal,A,20260901T112205Z-e1edf280326aaa5b93a44f23,20260901T112205Z-e1edf280326aaa5b93a44f23-dg-c86bcdd4e0db-000230,3,none,none,slow,normal-slow-2,front,normal,clipped/audio_event_clean/normal/20260901T112205Z-e1edf280326aaa5b93a44f23-dg-c86bcdd4e0db-000230_ch3.wav,3DPrinter/train/section_00_source_train_normal_000463.wav,e5c554e17748734a6769e20fdff24cfd36d100750c4079da56bd92f8d13aac3f,960044,116908800,117388800,98a8ec12fb525744fcafc86cd65c2851db65a217450dead61913dadd000497b1,0,0,fad057bd254fef279de53c9cf25e240d71aa0ed317c649ceb38c9a9600d92a9b,saved_rule_based,0.49
section_00_source_train_normal_000464,train,source,normal,A,20260901T112205Z-e1edf280326aaa5b93a44f23,20260901T112205Z-e1edf280326aaa5b93a44f23-dg-c86bcdd4e0db-000232,3,none,none,slow,normal-slow-2,front,normal,clipped/audio_event_clean/normal/20260901T112205Z-e1edf280326aaa5b93a44f23-dg-c86bcdd4e0db-000232_ch3.wav,3DPrinter/train/section_00_source_train_normal_000464.wav,3f0ef5b03a78a85d75d10001999c3d82e61d58838a11ccc11e0f2cec0af00a55,960044,117868800,118348800,98a8ec12fb525744fcafc86cd65c2851db65a217450dead61913dadd000497b1,0,0,fad057bd254fef279de53c9cf25e240d71aa0ed317c649ceb38c9a9600d92a9b,saved_rule_based,0.49
section_00_source_train_normal_000465,train,source,normal,A,20260901T112205Z-e1edf280326aaa5b93a44f23,20260901T112205Z-e1edf280326aaa5b93a44f23-dg-c86bcdd4e0db-000236,3,none,none,slow,normal-slow-2,front,normal,clipped/audio_event_clean/normal/20260901T112205Z-e1edf280326aaa5b93a44f23-dg-c86bcdd4e0db-000236_ch3.wav,3DPrinter/train/section_00_source_train_normal_000465.wav,a95a418132f78fd484c351f8aaaaef85ba627e0b1f4892cdb6b71f3a97116471,960044,119788800,120268800,98a8ec12fb525744fcafc86cd65c2851db65a217450dead61913dadd000497b1,0,0,fad057bd254fef279de53c9cf25e240d71aa0ed317c649ceb38c9a9600d92a9b,saved_rule_based,0.49
section_00_source_train_normal_000466,train,source,normal,A,20260901T112205Z-e1edf280326aaa5b93a44f23,20260901T112205Z-e1edf280326aaa5b93a44f23-dg-c86bcdd4e0db-000237,3,none,none,slow,normal-slow-2,front,normal,clipped/audio_event_clean/normal/20260901T112205Z-e1edf280326aaa5b93a44f23-dg-c86bcdd4e0db-000237_ch3.wav,3DPrinter/train/section_00_source_train_normal_000466.wav,0db96ace7843996150c681ade8808f9b3706ac79e2a68ede4a19119622675975,960044,120268800,120748800,98a8ec12fb525744fcafc86cd65c2851db65a217450dead61913dadd000497b1,0,0,fad057bd254fef279de53c9cf25e240d71aa0ed317c649ceb38c9a9600d92a9b,saved_rule_based,0.49
section_00_source_train_normal_000467,train,source,normal,A,20260901T112205Z-e1edf280326aaa5b93a44f23,20260901T112205Z-e1edf280326aaa5b93a44f23-dg-c86bcdd4e0db-000239,3,none,none,slow,normal-slow-2,front,normal,clipped/audio_event_clean/normal/20260901T112205Z-e1edf280326aaa5b93a44f23-dg-c86bcdd4e0db-000239_ch3.wav,3DPrinter/train/section_00_source_train_normal_000467.wav,2619e4276f4240e0013f7098758ac1bda2db21631cf3cd90232c9cc5087b950a,960044,121228800,121708800,98a8ec12fb525744fcafc86cd65c2851db65a217450dead61913dadd000497b1,0,0,fad057bd254fef279de53c9cf25e240d71aa0ed317c649ceb38c9a9600d92a9b,saved_rule_based,0.49
section_00_source_train_normal_000468,train,source,normal,A,20260901T112205Z-e1edf280326aaa5b93a44f23,20260901T112205Z-e1edf280326aaa5b93a44f23-dg-c86bcdd4e0db-000241,3,none,none,slow,normal-slow-2,front,normal,clipped/audio_event_clean/normal/20260901T112205Z-e1edf280326aaa5b93a44f23-dg-c86bcdd4e0db-000241_ch3.wav,3DPrinter/train/section_00_source_train_normal_000468.wav,c742ea755c0de03afd7e33ec4dfbf10644fef3f079ca2dea4506eb7d3828738d,960044,122188800,122668800,98a8ec12fb525744fcafc86cd65c2851db65a217450dead61913dadd000497b1,0,0,fad057bd254fef279de53c9cf25e240d71aa0ed317c649ceb38c9a9600d92a9b,saved_rule_based,0.49
section_00_source_train_normal_000469,train,source,normal,A,20260901T112205Z-e1edf280326aaa5b93a44f23,20260901T112205Z-e1edf280326aaa5b93a44f23-dg-c86bcdd4e0db-000243,3,none,none,slow,normal-slow-2,front,normal,clipped/audio_event_clean/normal/20260901T112205Z-e1edf280326aaa5b93a44f23-dg-c86bcdd4e0db-000243_ch3.wav,3DPrinter/train/section_00_source_train_normal_000469.wav,d9a6f6c33358118a4c3d393407af6658025c64c79b178d77bdc59d217b4fc6ec,960044,123148800,123628800,98a8ec12fb525744fcafc86cd65c2851db65a217450dead61913dadd000497b1,0,0,fad057bd254fef279de53c9cf25e240d71aa0ed317c649ceb38c9a9600d92a9b,saved_rule_based,0.49
section_00_source_train_normal_000470,train,source,normal,A,20260901T112205Z-e1edf280326aaa5b93a44f23,20260901T112205Z-e1edf280326aaa5b93a44f23-dg-c86bcdd4e0db-000246,3,none,none,slow,normal-slow-2,front,normal,clipped/audio_event_clean/normal/20260901T112205Z-e1edf280326aaa5b93a44f23-dg-c86bcdd4e0db-000246_ch3.wav,3DPrinter/train/section_00_source_train_normal_000470.wav,bbbf7f937f0fc86dddbc99a7b6b1727ce5fb66bb62c6b96553b6f86882452527,960044,124588800,125068800,98a8ec12fb525744fcafc86cd65c2851db65a217450dead61913dadd000497b1,0,0,fad057bd254fef279de53c9cf25e240d71aa0ed317c649ceb38c9a9600d92a9b,saved_rule_based,0.49
section_00_source_train_normal_000471,train,source,normal,A,20260901T112205Z-e1edf280326aaa5b93a44f23,20260901T112205Z-e1edf280326aaa5b93a44f23-dg-c86bcdd4e0db-000249,3,none,none,slow,normal-slow-2,front,normal,clipped/audio_event_clean/normal/20260901T112205Z-e1edf280326aaa5b93a44f23-dg-c86bcdd4e0db-000249_ch3.wav,3DPrinter/train/section_00_source_train_normal_000471.wav,c9775d98d8f08f9685f6988a381a394aca8d3005070b44b94314002edd173e67,960044,126028800,126508800,98a8ec12fb525744fcafc86cd65c2851db65a217450dead61913dadd000497b1,0,0,fad057bd254fef279de53c9cf25e240d71aa0ed317c649ceb38c9a9600d92a9b,saved_rule_based,0.49
section_00_source_train_normal_000472,train,source,normal,A,20260901T112205Z-e1edf280326aaa5b93a44f23,20260901T112205Z-e1edf280326aaa5b93a44f23-dg-c86bcdd4e0db-000253,3,none,none,slow,normal-slow-2,front,normal,clipped/audio_event_clean/normal/20260901T112205Z-e1edf280326aaa5b93a44f23-dg-c86bcdd4e0db-000253_ch3.wav,3DPrinter/train/section_00_source_train_normal_000472.wav,6e6b28bf0e5d89645ac6bbf9d0933f06303605dc69e459480913d231e83eadbb,960044,127948800,128428800,98a8ec12fb525744fcafc86cd65c2851db65a217450dead61913dadd000497b1,0,0,fad057bd254fef279de53c9cf25e240d71aa0ed317c649ceb38c9a9600d92a9b,saved_rule_based,0.49
section_00_source_train_normal_000473,train,source,normal,A,20260901T112205Z-e1edf280326aaa5b93a44f23,20260901T112205Z-e1edf280326aaa5b93a44f23-dg-c86bcdd4e0db-000255,3,none,none,slow,normal-slow-2,front,normal,clipped/audio_event_clean/normal/20260901T112205Z-e1edf280326aaa5b93a44f23-dg-c86bcdd4e0db-000255_ch3.wav,3DPrinter/train/section_00_source_train_normal_000473.wav,1147b1891eb6ae72641521ca7b2b9b3d310f3d4ce7c54633f1dc44175c3f56dd,960044,128908800,129388800,98a8ec12fb525744fcafc86cd65c2851db65a217450dead61913dadd000497b1,0,0,fad057bd254fef279de53c9cf25e240d71aa0ed317c649ceb38c9a9600d92a9b,saved_rule_based,0.49
section_00_source_train_normal_000474,train,source,normal,A,20260901T112205Z-e1edf280326aaa5b93a44f23,20260901T112205Z-e1edf280326aaa5b93a44f23-dg-c86bcdd4e0db-000256,3,none,none,slow,normal-slow-2,front,normal,clipped/audio_event_clean/normal/20260901T112205Z-e1edf280326aaa5b93a44f23-dg-c86bcdd4e0db-000256_ch3.wav,3DPrinter/train/section_00_source_train_normal_000474.wav,b09dc4afb22b2e77f4e5a8be3d6e367e1f4658d8c2d9842f1f40d71e5274a77b,960044,129388800,129868800,98a8ec12fb525744fcafc86cd65c2851db65a217450dead61913dadd000497b1,0,0,fad057bd254fef279de53c9cf25e240d71aa0ed317c649ceb38c9a9600d92a9b,saved_rule_based,0.49
section_00_source_train_normal_000475,train,source,normal,A,20260901T112205Z-e1edf280326aaa5b93a44f23,20260901T112205Z-e1edf280326aaa5b93a44f23-dg-c86bcdd4e0db-000259,3,none,none,slow,normal-slow-2,front,normal,clipped/audio_event_clean/normal/20260901T112205Z-e1edf280326aaa5b93a44f23-dg-c86bcdd4e0db-000259_ch3.wav,3DPrinter/train/section_00_source_train_normal_000475.wav,6d05f528427fea28013fd859565a9d701ff90c1c7efb9314bd0753bf33a23bb8,960044,130828800,131308800,98a8ec12fb525744fcafc86cd65c2851db65a217450dead61913dadd000497b1,0,0,fad057bd254fef279de53c9cf25e240d71aa0ed317c649ceb38c9a9600d92a9b,saved_rule_based,0.49
section_00_source_train_normal_000476,train,source,normal,A,20260901T112205Z-e1edf280326aaa5b93a44f23,20260901T112205Z-e1edf280326aaa5b93a44f23-dg-c86bcdd4e0db-000263,3,none,none,slow,normal-slow-2,front,normal,clipped/audio_event_clean/normal/20260901T112205Z-e1edf280326aaa5b93a44f23-dg-c86bcdd4e0db-000263_ch3.wav,3DPrinter/train/section_00_source_train_normal_000476.wav,65bb22091cdf4322b0f4f75b0416703a2b8059f23718297a7c74030f1f919bba,960044,132748800,133228800,98a8ec12fb525744fcafc86cd65c2851db65a217450dead61913dadd000497b1,0,0,fad057bd254fef279de53c9cf25e240d71aa0ed317c649ceb38c9a9600d92a9b,saved_rule_based,0.49
section_00_source_train_normal_000477,train,source,normal,A,20260901T112205Z-e1edf280326aaa5b93a44f23,20260901T112205Z-e1edf280326aaa5b93a44f23-dg-c86bcdd4e0db-000264,3,none,none,slow,normal-slow-2,front,normal,clipped/audio_event_clean/normal/20260901T112205Z-e1edf280326aaa5b93a44f23-dg-c86bcdd4e0db-000264_ch3.wav,3DPrinter/train/section_00_source_train_normal_000477.wav,585375878a3a71915d9059e03ab6b578a4fbd05b76e562fc638c21ff3934d9bd,960044,133228800,133708800,98a8ec12fb525744fcafc86cd65c2851db65a217450dead61913dadd000497b1,0,0,fad057bd254fef279de53c9cf25e240d71aa0ed317c649ceb38c9a9600d92a9b,saved_rule_based,0.49
section_00_source_train_normal_000478,train,source,normal,A,20260901T112205Z-e1edf280326aaa5b93a44f23,20260901T112205Z-e1edf280326aaa5b93a44f23-dg-c86bcdd4e0db-000267,3,none,none,slow,normal-slow-2,front,normal,clipped/audio_event_clean/normal/20260901T112205Z-e1edf280326aaa5b93a44f23-dg-c86bcdd4e0db-000267_ch3.wav,3DPrinter/train/section_00_source_train_normal_000478.wav,6dfe244456ea2680cc42f3a7ff097b1f8a293a4b80d468c8d845ab7a732c2713,960044,134668800,135148800,98a8ec12fb525744fcafc86cd65c2851db65a217450dead61913dadd000497b1,0,0,fad057bd254fef279de53c9cf25e240d71aa0ed317c649ceb38c9a9600d92a9b,saved_rule_based,0.49
section_00_source_train_normal_000479,train,source,normal,A,20260901T112205Z-e1edf280326aaa5b93a44f23,20260901T112205Z-e1edf280326aaa5b93a44f23-dg-c86bcdd4e0db-000269,3,none,none,slow,normal-slow-2,front,normal,clipped/audio_event_clean/normal/20260901T112205Z-e1edf280326aaa5b93a44f23-dg-c86bcdd4e0db-000269_ch3.wav,3DPrinter/train/section_00_source_train_normal_000479.wav,9d9191e258226e3d643757354530feca602664204aaf5d512099a7797104d423,960044,135628800,136108800,98a8ec12fb525744fcafc86cd65c2851db65a217450dead61913dadd000497b1,0,0,fad057bd254fef279de53c9cf25e240d71aa0ed317c649ceb38c9a9600d92a9b,saved_rule_based,0.49
section_00_source_train_normal_000480,train,source,normal,A,20260901T112205Z-e1edf280326aaa5b93a44f23,20260901T112205Z-e1edf280326aaa5b93a44f23-dg-c86bcdd4e0db-000271,3,none,none,slow,normal-slow-2,front,normal,clipped/audio_event_clean/normal/20260901T112205Z-e1edf280326aaa5b93a44f23-dg-c86bcdd4e0db-000271_ch3.wav,3DPrinter/train/section_00_source_train_normal_000480.wav,cf6d697501107e8e20ba14ce248a43bc82969d832ea8c41a2a594840123b1c00,960044,136588800,137068800,98a8ec12fb525744fcafc86cd65c2851db65a217450dead61913dadd000497b1,0,0,fad057bd254fef279de53c9cf25e240d71aa0ed317c649ceb38c9a9600d92a9b,saved_rule_based,0.49
section_00_source_train_normal_000481,train,source,normal,A,20260901T112205Z-e1edf280326aaa5b93a44f23,20260901T112205Z-e1edf280326aaa5b93a44f23-dg-c86bcdd4e0db-000273,3,none,none,slow,normal-slow-2,front,normal,clipped/audio_event_clean/normal/20260901T112205Z-e1edf280326aaa5b93a44f23-dg-c86bcdd4e0db-000273_ch3.wav,3DPrinter/train/section_00_source_train_normal_000481.wav,e5b753e4ab79028544e04fa1537a5f2468ec89b223190fb612cc24ff6b2f8f5f,960044,137548800,138028800,98a8ec12fb525744fcafc86cd65c2851db65a217450dead61913dadd000497b1,0,0,fad057bd254fef279de53c9cf25e240d71aa0ed317c649ceb38c9a9600d92a9b,saved_rule_based,0.49
section_00_source_train_normal_000482,train,source,normal,A,20260901T112205Z-e1edf280326aaa5b93a44f23,20260901T112205Z-e1edf280326aaa5b93a44f23-dg-c86bcdd4e0db-000274,3,none,none,slow,normal-slow-2,front,normal,clipped/audio_event_clean/normal/20260901T112205Z-e1edf280326aaa5b93a44f23-dg-c86bcdd4e0db-000274_ch3.wav,3DPrinter/train/section_00_source_train_normal_000482.wav,01ef88160646fbcd93e79a3668c7dde4e9d6873188f2565e9da3561b67af9ac5,960044,138028800,138508800,98a8ec12fb525744fcafc86cd65c2851db65a217450dead61913dadd000497b1,0,0,fad057bd254fef279de53c9cf25e240d71aa0ed317c649ceb38c9a9600d92a9b,saved_rule_based,0.49
section_00_source_train_normal_000483,train,source,normal,A,20260901T112205Z-e1edf280326aaa5b93a44f23,20260901T112205Z-e1edf280326aaa5b93a44f23-dg-c86bcdd4e0db-000275,3,none,none,slow,normal-slow-2,front,normal,clipped/audio_event_clean/normal/20260901T112205Z-e1edf280326aaa5b93a44f23-dg-c86bcdd4e0db-000275_ch3.wav,3DPrinter/train/section_00_source_train_normal_000483.wav,b5175871a8d814a9b31efde82839883a7cfe9d90bd87a6fd3c585cf5c7512de1,960044,138508800,138988800,98a8ec12fb525744fcafc86cd65c2851db65a217450dead61913dadd000497b1,0,0,fad057bd254fef279de53c9cf25e240d71aa0ed317c649ceb38c9a9600d92a9b,saved_rule_based,0.49
section_00_source_train_normal_000484,train,source,normal,A,20260901T112205Z-e1edf280326aaa5b93a44f23,20260901T112205Z-e1edf280326aaa5b93a44f23-dg-c86bcdd4e0db-000276,3,none,none,slow,normal-slow-2,front,normal,clipped/audio_event_clean/normal/20260901T112205Z-e1edf280326aaa5b93a44f23-dg-c86bcdd4e0db-000276_ch3.wav,3DPrinter/train/section_00_source_train_normal_000484.wav,4f49388a658d2243d76797706a8d889e2d35914575a64abed4a570bd2531e4b4,960044,138988800,139468800,98a8ec12fb525744fcafc86cd65c2851db65a217450dead61913dadd000497b1,0,0,fad057bd254fef279de53c9cf25e240d71aa0ed317c649ceb38c9a9600d92a9b,saved_rule_based,0.49
section_00_source_train_normal_000485,train,source,normal,A,20260901T112205Z-e1edf280326aaa5b93a44f23,20260901T112205Z-e1edf280326aaa5b93a44f23-dg-c86bcdd4e0db-000279,3,none,none,slow,normal-slow-2,front,normal,clipped/audio_event_clean/normal/20260901T112205Z-e1edf280326aaa5b93a44f23-dg-c86bcdd4e0db-000279_ch3.wav,3DPrinter/train/section_00_source_train_normal_000485.wav,b3ae5dfeba8f764518bfd3bff0b4e4651039c3e60290206eb5edce320f522f3b,960044,140428800,140908800,98a8ec12fb525744fcafc86cd65c2851db65a217450dead61913dadd000497b1,0,0,fad057bd254fef279de53c9cf25e240d71aa0ed317c649ceb38c9a9600d92a9b,saved_rule_based,0.49
section_00_source_train_normal_000486,train,source,normal,A,20260901T112205Z-e1edf280326aaa5b93a44f23,20260901T112205Z-e1edf280326aaa5b93a44f23-dg-c86bcdd4e0db-000285,3,none,none,slow,normal-slow-2,front,normal,clipped/audio_event_clean/normal/20260901T112205Z-e1edf280326aaa5b93a44f23-dg-c86bcdd4e0db-000285_ch3.wav,3DPrinter/train/section_00_source_train_normal_000486.wav,ace6d5edb43b3870cadd033a4cd2921467937176bb7f3c1db80c2d749acbc48f,960044,143308800,143788800,98a8ec12fb525744fcafc86cd65c2851db65a217450dead61913dadd000497b1,0,0,fad057bd254fef279de53c9cf25e240d71aa0ed317c649ceb38c9a9600d92a9b,saved_rule_based,0.49
section_00_source_train_normal_000487,train,source,normal,A,20260901T112205Z-e1edf280326aaa5b93a44f23,20260901T112205Z-e1edf280326aaa5b93a44f23-dg-c86bcdd4e0db-000287,3,none,none,slow,normal-slow-2,front,normal,clipped/audio_event_clean/normal/20260901T112205Z-e1edf280326aaa5b93a44f23-dg-c86bcdd4e0db-000287_ch3.wav,3DPrinter/train/section_00_source_train_normal_000487.wav,7771d7348ee075cf0e691871af6c0bb0e4b60977880db73145305dc9e48d786f,960044,144268800,144748800,98a8ec12fb525744fcafc86cd65c2851db65a217450dead61913dadd000497b1,0,0,fad057bd254fef279de53c9cf25e240d71aa0ed317c649ceb38c9a9600d92a9b,saved_rule_based,0.49
section_00_source_train_normal_000488,train,source,normal,A,20260901T112205Z-e1edf280326aaa5b93a44f23,20260901T112205Z-e1edf280326aaa5b93a44f23-dg-c86bcdd4e0db-000290,3,none,none,slow,normal-slow-2,front,normal,clipped/audio_event_clean/normal/20260901T112205Z-e1edf280326aaa5b93a44f23-dg-c86bcdd4e0db-000290_ch3.wav,3DPrinter/train/section_00_source_train_normal_000488.wav,f7be3caa9bc8e7c186064091410cf79ae8c34a999d1206a754778724779f039d,960044,145708800,146188800,98a8ec12fb525744fcafc86cd65c2851db65a217450dead61913dadd000497b1,0,0,fad057bd254fef279de53c9cf25e240d71aa0ed317c649ceb38c9a9600d92a9b,saved_rule_based,0.49
section_00_source_train_normal_000489,train,source,normal,A,20260901T112205Z-e1edf280326aaa5b93a44f23,20260901T112205Z-e1edf280326aaa5b93a44f23-dg-c86bcdd4e0db-000294,3,none,none,slow,normal-slow-2,front,normal,clipped/audio_event_clean/normal/20260901T112205Z-e1edf280326aaa5b93a44f23-dg-c86bcdd4e0db-000294_ch3.wav,3DPrinter/train/section_00_source_train_normal_000489.wav,fd7a4073358437aaa1a8c8970bcad0ddedbf29f40bac75a7d7e9ef2435462e05,960044,147628800,148108800,98a8ec12fb525744fcafc86cd65c2851db65a217450dead61913dadd000497b1,0,0,fad057bd254fef279de53c9cf25e240d71aa0ed317c649ceb38c9a9600d92a9b,saved_rule_based,0.49
section_00_source_train_normal_000490,train,source,normal,A,20260901T112205Z-e1edf280326aaa5b93a44f23,20260901T112205Z-e1edf280326aaa5b93a44f23-dg-c86bcdd4e0db-000297,3,none,none,slow,normal-slow-2,front,normal,clipped/audio_event_clean/normal/20260901T112205Z-e1edf280326aaa5b93a44f23-dg-c86bcdd4e0db-000297_ch3.wav,3DPrinter/train/section_00_source_train_normal_000490.wav,cda1957060f4f67a47523252e54f675ade362c93929c898361c5e4fde633371e,960044,149068800,149548800,98a8ec12fb525744fcafc86cd65c2851db65a217450dead61913dadd000497b1,0,0,fad057bd254fef279de53c9cf25e240d71aa0ed317c649ceb38c9a9600d92a9b,saved_rule_based,0.49
section_00_source_train_normal_000491,train,source,normal,A,20260901T112205Z-e1edf280326aaa5b93a44f23,20260901T112205Z-e1edf280326aaa5b93a44f23-dg-c86bcdd4e0db-000298,3,none,none,slow,normal-slow-2,front,normal,clipped/audio_event_clean/normal/20260901T112205Z-e1edf280326aaa5b93a44f23-dg-c86bcdd4e0db-000298_ch3.wav,3DPrinter/train/section_00_source_train_normal_000491.wav,373967f3bcd287a756bbe6c8480f368225a9e3bc0972a8e9e29470d9b6c2d1bc,960044,149548800,150028800,98a8ec12fb525744fcafc86cd65c2851db65a217450dead61913dadd000497b1,0,0,fad057bd254fef279de53c9cf25e240d71aa0ed317c649ceb38c9a9600d92a9b,saved_rule_based,0.49
section_00_source_train_normal_000492,train,source,normal,A,20260901T112205Z-e1edf280326aaa5b93a44f23,20260901T112205Z-e1edf280326aaa5b93a44f23-dg-c86bcdd4e0db-000305,3,none,none,slow,normal-slow-2,front,normal,clipped/audio_event_clean/normal/20260901T112205Z-e1edf280326aaa5b93a44f23-dg-c86bcdd4e0db-000305_ch3.wav,3DPrinter/train/section_00_source_train_normal_000492.wav,360090b8a63e9d890a6d1af4259a65b932a1d0f191369917d9f95c276fe4c9e4,960044,152908800,153388800,98a8ec12fb525744fcafc86cd65c2851db65a217450dead61913dadd000497b1,0,0,fad057bd254fef279de53c9cf25e240d71aa0ed317c649ceb38c9a9600d92a9b,saved_rule_based,0.49
section_00_source_train_normal_000493,train,source,normal,A,20260901T112205Z-e1edf280326aaa5b93a44f23,20260901T112205Z-e1edf280326aaa5b93a44f23-dg-c86bcdd4e0db-000306,3,none,none,slow,normal-slow-2,front,normal,clipped/audio_event_clean/normal/20260901T112205Z-e1edf280326aaa5b93a44f23-dg-c86bcdd4e0db-000306_ch3.wav,3DPrinter/train/section_00_source_train_normal_000493.wav,f18ccc701b1b6b29ca89af7026bad2d3660c3d0893a4f0db6eeb993e91905253,960044,153388800,153868800,98a8ec12fb525744fcafc86cd65c2851db65a217450dead61913dadd000497b1,0,0,fad057bd254fef279de53c9cf25e240d71aa0ed317c649ceb38c9a9600d92a9b,saved_rule_based,0.49
section_00_source_train_normal_000494,train,source,normal,A,20260901T112205Z-e1edf280326aaa5b93a44f23,20260901T112205Z-e1edf280326aaa5b93a44f23-dg-c86bcdd4e0db-000313,3,none,none,slow,normal-slow-2,front,normal,clipped/audio_event_clean/normal/20260901T112205Z-e1edf280326aaa5b93a44f23-dg-c86bcdd4e0db-000313_ch3.wav,3DPrinter/train/section_00_source_train_normal_000494.wav,ef261b6aa9107e639a828ecf4ef184609b1c53efbf40065b0956442ca2b2d0f1,960044,156748800,157228800,98a8ec12fb525744fcafc86cd65c2851db65a217450dead61913dadd000497b1,0,0,fad057bd254fef279de53c9cf25e240d71aa0ed317c649ceb38c9a9600d92a9b,saved_rule_based,0.49
section_00_source_train_normal_000495,train,source,normal,B,20260904T163207Z-3a704ddd8de6a623badbc7e1,20260904T163207Z-3a704ddd8de6a623badbc7e1-dg-cd11374eb51a-000004,1,none,none,slow,normal-slow-1,rear,normal,clipped/audio_event_clean/normal/20260904T163207Z-3a704ddd8de6a623badbc7e1-dg-cd11374eb51a-000004_ch1.wav,3DPrinter/train/section_00_source_train_normal_000495.wav,5e0053f74d88630d61940112fd03d7ea2d3f0a332a5afcb3821d067520ca4ae7,960044,310600800,311080800,28c2eaad3353a03e6b407f92b09204b1bf97d1aa219009b7d21c4d701953e77f,0,0,802f3c261908f3e2e089368d45f0a944bfc163c5aff354242553bf974305ed1d,saved_rule_based,1.55
section_00_source_train_normal_000496,train,source,normal,B,20260904T163207Z-3a704ddd8de6a623badbc7e1,20260904T163207Z-3a704ddd8de6a623badbc7e1-dg-cd11374eb51a-000008,1,none,none,slow,normal-slow-1,rear,normal,clipped/audio_event_clean/normal/20260904T163207Z-3a704ddd8de6a623badbc7e1-dg-cd11374eb51a-000008_ch1.wav,3DPrinter/train/section_00_source_train_normal_000496.wav,27e43a5f26b9ade0c98ce8f455fc8c6b7ae2fe69d2affb74025afab93c41ab55,960044,312520800,313000800,28c2eaad3353a03e6b407f92b09204b1bf97d1aa219009b7d21c4d701953e77f,0,0,802f3c261908f3e2e089368d45f0a944bfc163c5aff354242553bf974305ed1d,saved_rule_based,1.55
section_00_source_train_normal_000497,train,source,normal,B,20260904T163207Z-3a704ddd8de6a623badbc7e1,20260904T163207Z-3a704ddd8de6a623badbc7e1-dg-cd11374eb51a-000013,1,none,none,slow,normal-slow-1,rear,normal,clipped/audio_event_clean/normal/20260904T163207Z-3a704ddd8de6a623badbc7e1-dg-cd11374eb51a-000013_ch1.wav,3DPrinter/train/section_00_source_train_normal_000497.wav,74dcb3a01cc30b35e99a0280f13c3d04e486f2c2573021d65bf6b1fbf6abedcb,960044,314920800,315400800,28c2eaad3353a03e6b407f92b09204b1bf97d1aa219009b7d21c4d701953e77f,0,0,802f3c261908f3e2e089368d45f0a944bfc163c5aff354242553bf974305ed1d,saved_rule_based,1.55
section_00_source_train_normal_000498,train,source,normal,B,20260904T163207Z-3a704ddd8de6a623badbc7e1,20260904T163207Z-3a704ddd8de6a623badbc7e1-dg-cd11374eb51a-000014,1,none,none,slow,normal-slow-1,rear,normal,clipped/audio_event_clean/normal/20260904T163207Z-3a704ddd8de6a623badbc7e1-dg-cd11374eb51a-000014_ch1.wav,3DPrinter/train/section_00_source_train_normal_000498.wav,1a60d342d527a2deaa1fdd435f6d474bac21ab5155bc425b7db353ca1dc595d4,960044,315400800,315880800,28c2eaad3353a03e6b407f92b09204b1bf97d1aa219009b7d21c4d701953e77f,0,0,802f3c261908f3e2e089368d45f0a944bfc163c5aff354242553bf974305ed1d,saved_rule_based,1.55
section_00_source_train_normal_000499,train,source,normal,B,20260904T163207Z-3a704ddd8de6a623badbc7e1,20260904T163207Z-3a704ddd8de6a623badbc7e1-dg-cd11374eb51a-000017,1,none,none,slow,normal-slow-1,rear,normal,clipped/audio_event_clean/normal/20260904T163207Z-3a704ddd8de6a623badbc7e1-dg-cd11374eb51a-000017_ch1.wav,3DPrinter/train/section_00_source_train_normal_000499.wav,9df8c6b3c9f6a33ab739a18699592f6da7e4ac7c68548eeab45c743f84cd948f,960044,316840800,317320800,28c2eaad3353a03e6b407f92b09204b1bf97d1aa219009b7d21c4d701953e77f,0,0,802f3c261908f3e2e089368d45f0a944bfc163c5aff354242553bf974305ed1d,saved_rule_based,1.55
section_00_source_train_normal_000500,train,source,normal,B,20260904T163207Z-3a704ddd8de6a623badbc7e1,20260904T163207Z-3a704ddd8de6a623badbc7e1-dg-cd11374eb51a-000019,1,none,none,slow,normal-slow-1,rear,normal,clipped/audio_event_clean/normal/20260904T163207Z-3a704ddd8de6a623badbc7e1-dg-cd11374eb51a-000019_ch1.wav,3DPrinter/train/section_00_source_train_normal_000500.wav,2c03a540191f4e773bbfda6382c4e734049fd25acce6c6aae5d5102d3202a7ad,960044,317800800,318280800,28c2eaad3353a03e6b407f92b09204b1bf97d1aa219009b7d21c4d701953e77f,0,0,802f3c261908f3e2e089368d45f0a944bfc163c5aff354242553bf974305ed1d,saved_rule_based,1.55
section_00_source_train_normal_000501,train,source,normal,B,20260904T163207Z-3a704ddd8de6a623badbc7e1,20260904T163207Z-3a704ddd8de6a623badbc7e1-dg-cd11374eb51a-000022,1,none,none,slow,normal-slow-1,rear,normal,clipped/audio_event_clean/normal/20260904T163207Z-3a704ddd8de6a623badbc7e1-dg-cd11374eb51a-000022_ch1.wav,3DPrinter/train/section_00_source_train_normal_000501.wav,0dd373a81b50c71b9a365c7031b6b2de48cf0c37e187f0d4ced0d192476dcc62,960044,319240800,319720800,28c2eaad3353a03e6b407f92b09204b1bf97d1aa219009b7d21c4d701953e77f,0,0,802f3c261908f3e2e089368d45f0a944bfc163c5aff354242553bf974305ed1d,saved_rule_based,1.55
section_00_source_train_normal_000502,train,source,normal,B,20260904T163207Z-3a704ddd8de6a623badbc7e1,20260904T163207Z-3a704ddd8de6a623badbc7e1-dg-cd11374eb51a-000024,1,none,none,slow,normal-slow-1,rear,normal,clipped/audio_event_clean/normal/20260904T163207Z-3a704ddd8de6a623badbc7e1-dg-cd11374eb51a-000024_ch1.wav,3DPrinter/train/section_00_source_train_normal_000502.wav,415b0a1164ca368098e3bb2bcdad348dabdd7972dd2c1f9cb1e34c9b089597ba,960044,320200800,320680800,28c2eaad3353a03e6b407f92b09204b1bf97d1aa219009b7d21c4d701953e77f,0,0,802f3c261908f3e2e089368d45f0a944bfc163c5aff354242553bf974305ed1d,saved_rule_based,1.55
section_00_source_train_normal_000503,train,source,normal,B,20260904T163207Z-3a704ddd8de6a623badbc7e1,20260904T163207Z-3a704ddd8de6a623badbc7e1-dg-cd11374eb51a-000027,1,none,none,slow,normal-slow-1,rear,normal,clipped/audio_event_clean/normal/20260904T163207Z-3a704ddd8de6a623badbc7e1-dg-cd11374eb51a-000027_ch1.wav,3DPrinter/train/section_00_source_train_normal_000503.wav,7a7477f50dd6123c11f8e81f1af12bb69d012b625262caeaed68aad27d3099b4,960044,321640800,322120800,28c2eaad3353a03e6b407f92b09204b1bf97d1aa219009b7d21c4d701953e77f,0,0,802f3c261908f3e2e089368d45f0a944bfc163c5aff354242553bf974305ed1d,saved_rule_based,1.55
section_00_source_train_normal_000504,train,source,normal,B,20260904T163207Z-3a704ddd8de6a623badbc7e1,20260904T163207Z-3a704ddd8de6a623badbc7e1-dg-cd11374eb51a-000029,1,none,none,slow,normal-slow-1,rear,normal,clipped/audio_event_clean/normal/20260904T163207Z-3a704ddd8de6a623badbc7e1-dg-cd11374eb51a-000029_ch1.wav,3DPrinter/train/section_00_source_train_normal_000504.wav,f15a5edbdefe84fa8e4a80ee1196b6332ab8dfd2fd0750d41bcbee8f68625d21,960044,322600800,323080800,28c2eaad3353a03e6b407f92b09204b1bf97d1aa219009b7d21c4d701953e77f,0,0,802f3c261908f3e2e089368d45f0a944bfc163c5aff354242553bf974305ed1d,saved_rule_based,1.55
section_00_source_train_normal_000505,train,source,normal,B,20260904T163207Z-3a704ddd8de6a623badbc7e1,20260904T163207Z-3a704ddd8de6a623badbc7e1-dg-cd11374eb51a-000031,1,none,none,slow,normal-slow-1,rear,normal,clipped/audio_event_clean/normal/20260904T163207Z-3a704ddd8de6a623badbc7e1-dg-cd11374eb51a-000031_ch1.wav,3DPrinter/train/section_00_source_train_normal_000505.wav,5bd5e3604016ff7085f7d9a81926fae596a626e21a0a70d45e96eba5433066fb,960044,323560800,324040800,28c2eaad3353a03e6b407f92b09204b1bf97d1aa219009b7d21c4d701953e77f,0,0,802f3c261908f3e2e089368d45f0a944bfc163c5aff354242553bf974305ed1d,saved_rule_based,1.55
section_00_source_train_normal_000506,train,source,normal,B,20260904T163207Z-3a704ddd8de6a623badbc7e1,20260904T163207Z-3a704ddd8de6a623badbc7e1-dg-cd11374eb51a-000032,1,none,none,slow,normal-slow-1,rear,normal,clipped/audio_event_clean/normal/20260904T163207Z-3a704ddd8de6a623badbc7e1-dg-cd11374eb51a-000032_ch1.wav,3DPrinter/train/section_00_source_train_normal_000506.wav,d81457f21d093f8f4ff499e0308270019b0d91671ee9cd05b395ef742a94d184,960044,324040800,324520800,28c2eaad3353a03e6b407f92b09204b1bf97d1aa219009b7d21c4d701953e77f,0,0,802f3c261908f3e2e089368d45f0a944bfc163c5aff354242553bf974305ed1d,saved_rule_based,1.55
section_00_source_train_normal_000507,train,source,normal,B,20260904T163207Z-3a704ddd8de6a623badbc7e1,20260904T163207Z-3a704ddd8de6a623badbc7e1-dg-cd11374eb51a-000035,1,none,none,slow,normal-slow-1,rear,normal,clipped/audio_event_clean/normal/20260904T163207Z-3a704ddd8de6a623badbc7e1-dg-cd11374eb51a-000035_ch1.wav,3DPrinter/train/section_00_source_train_normal_000507.wav,55409ca05c3a23fd0398a5360b47db40ff4b037f54a060613a51017532c5a468,960044,325480800,325960800,28c2eaad3353a03e6b407f92b09204b1bf97d1aa219009b7d21c4d701953e77f,0,0,802f3c261908f3e2e089368d45f0a944bfc163c5aff354242553bf974305ed1d,saved_rule_based,1.55
section_00_source_train_normal_000508,train,source,normal,B,20260904T163207Z-3a704ddd8de6a623badbc7e1,20260904T163207Z-3a704ddd8de6a623badbc7e1-dg-cd11374eb51a-000037,1,none,none,slow,normal-slow-1,rear,normal,clipped/audio_event_clean/normal/20260904T163207Z-3a704ddd8de6a623badbc7e1-dg-cd11374eb51a-000037_ch1.wav,3DPrinter/train/section_00_source_train_normal_000508.wav,a9f8089a114ed897bfbf84744df121cd50a509ffe85a529f49b23e787e037743,960044,326440800,326920800,28c2eaad3353a03e6b407f92b09204b1bf97d1aa219009b7d21c4d701953e77f,0,0,802f3c261908f3e2e089368d45f0a944bfc163c5aff354242553bf974305ed1d,saved_rule_based,1.55
section_00_source_train_normal_000509,train,source,normal,B,20260904T163207Z-3a704ddd8de6a623badbc7e1,20260904T163207Z-3a704ddd8de6a623badbc7e1-dg-cd11374eb51a-000039,1,none,none,slow,normal-slow-1,rear,normal,clipped/audio_event_clean/normal/20260904T163207Z-3a704ddd8de6a623badbc7e1-dg-cd11374eb51a-000039_ch1.wav,3DPrinter/train/section_00_source_train_normal_000509.wav,2d9ee9c8d6f03f55d9beec6d70068cf41bb625493c7c8b0bbd36a19067ca19bb,960044,327400800,327880800,28c2eaad3353a03e6b407f92b09204b1bf97d1aa219009b7d21c4d701953e77f,0,0,802f3c261908f3e2e089368d45f0a944bfc163c5aff354242553bf974305ed1d,saved_rule_based,1.55
section_00_source_train_normal_000510,train,source,normal,B,20260904T163207Z-3a704ddd8de6a623badbc7e1,20260904T163207Z-3a704ddd8de6a623badbc7e1-dg-cd11374eb51a-000042,1,none,none,slow,normal-slow-1,rear,normal,clipped/audio_event_clean/normal/20260904T163207Z-3a704ddd8de6a623badbc7e1-dg-cd11374eb51a-000042_ch1.wav,3DPrinter/train/section_00_source_train_normal_000510.wav,8efb18e42d144314944f6595acad839f8497ba0698ad00d473430e11d41ebdb1,960044,328840800,329320800,28c2eaad3353a03e6b407f92b09204b1bf97d1aa219009b7d21c4d701953e77f,0,0,802f3c261908f3e2e089368d45f0a944bfc163c5aff354242553bf974305ed1d,saved_rule_based,1.55
section_00_source_train_normal_000511,train,source,normal,B,20260904T163207Z-3a704ddd8de6a623badbc7e1,20260904T163207Z-3a704ddd8de6a623badbc7e1-dg-cd11374eb51a-000048,1,none,none,slow,normal-slow-1,rear,normal,clipped/audio_event_clean/normal/20260904T163207Z-3a704ddd8de6a623badbc7e1-dg-cd11374eb51a-000048_ch1.wav,3DPrinter/train/section_00_source_train_normal_000511.wav,2b6697860343683ac66cd6d7bc7515d4a42fafd08c6aa7f56253428e3de6f456,960044,331720800,332200800,28c2eaad3353a03e6b407f92b09204b1bf97d1aa219009b7d21c4d701953e77f,0,0,802f3c261908f3e2e089368d45f0a944bfc163c5aff354242553bf974305ed1d,saved_rule_based,1.55
section_00_source_train_normal_000512,train,source,normal,B,20260904T163207Z-3a704ddd8de6a623badbc7e1,20260904T163207Z-3a704ddd8de6a623badbc7e1-dg-cd11374eb51a-000052,1,none,none,slow,normal-slow-1,rear,normal,clipped/audio_event_clean/normal/20260904T163207Z-3a704ddd8de6a623badbc7e1-dg-cd11374eb51a-000052_ch1.wav,3DPrinter/train/section_00_source_train_normal_000512.wav,8e7ef6ae556fc6bf4dced758e04c92afd93b9979fbf247d340846476a959e676,960044,333640800,334120800,28c2eaad3353a03e6b407f92b09204b1bf97d1aa219009b7d21c4d701953e77f,0,0,802f3c261908f3e2e089368d45f0a944bfc163c5aff354242553bf974305ed1d,saved_rule_based,1.55
section_00_source_train_normal_000513,train,source,normal,B,20260904T163207Z-3a704ddd8de6a623badbc7e1,20260904T163207Z-3a704ddd8de6a623badbc7e1-dg-cd11374eb51a-000058,1,none,none,slow,normal-slow-1,rear,normal,clipped/audio_event_clean/normal/20260904T163207Z-3a704ddd8de6a623badbc7e1-dg-cd11374eb51a-000058_ch1.wav,3DPrinter/train/section_00_source_train_normal_000513.wav,037d7849c9b0737b988a8239f54575f3e908def9ba1240c5f650d41c86127539,960044,336520800,337000800,28c2eaad3353a03e6b407f92b09204b1bf97d1aa219009b7d21c4d701953e77f,0,0,802f3c261908f3e2e089368d45f0a944bfc163c5aff354242553bf974305ed1d,saved_rule_based,1.55
section_00_source_train_normal_000514,train,source,normal,B,20260904T163207Z-3a704ddd8de6a623badbc7e1,20260904T163207Z-3a704ddd8de6a623badbc7e1-dg-cd11374eb51a-000060,1,none,none,slow,normal-slow-1,rear,normal,clipped/audio_event_clean/normal/20260904T163207Z-3a704ddd8de6a623badbc7e1-dg-cd11374eb51a-000060_ch1.wav,3DPrinter/train/section_00_source_train_normal_000514.wav,55eb6ef3b9ce207b97c29d2706c632cbf81c79f571b45839d2a8887d0367bd37,960044,337480800,337960800,28c2eaad3353a03e6b407f92b09204b1bf97d1aa219009b7d21c4d701953e77f,0,0,802f3c261908f3e2e089368d45f0a944bfc163c5aff354242553bf974305ed1d,saved_rule_based,1.55
section_00_source_train_normal_000515,train,source,normal,B,20260904T163207Z-3a704ddd8de6a623badbc7e1,20260904T163207Z-3a704ddd8de6a623badbc7e1-dg-cd11374eb51a-000063,1,none,none,slow,normal-slow-1,rear,normal,clipped/audio_event_clean/normal/20260904T163207Z-3a704ddd8de6a623badbc7e1-dg-cd11374eb51a-000063_ch1.wav,3DPrinter/train/section_00_source_train_normal_000515.wav,2e1b72a717a57662a1470f09a567e202c06621bfb30cc89bafbda2559ae52d51,960044,338920800,339400800,28c2eaad3353a03e6b407f92b09204b1bf97d1aa219009b7d21c4d701953e77f,0,0,802f3c261908f3e2e089368d45f0a944bfc163c5aff354242553bf974305ed1d,saved_rule_based,1.55
section_00_source_train_normal_000516,train,source,normal,B,20260904T163207Z-3a704ddd8de6a623badbc7e1,20260904T163207Z-3a704ddd8de6a623badbc7e1-dg-cd11374eb51a-000064,1,none,none,slow,normal-slow-1,rear,normal,clipped/audio_event_clean/normal/20260904T163207Z-3a704ddd8de6a623badbc7e1-dg-cd11374eb51a-000064_ch1.wav,3DPrinter/train/section_00_source_train_normal_000516.wav,932e331195f7ade50950966e5f50357f3697d70ad179f44a950c2e973640e2b2,960044,339400800,339880800,28c2eaad3353a03e6b407f92b09204b1bf97d1aa219009b7d21c4d701953e77f,0,0,802f3c261908f3e2e089368d45f0a944bfc163c5aff354242553bf974305ed1d,saved_rule_based,1.55
section_00_source_train_normal_000517,train,source,normal,B,20260904T163207Z-3a704ddd8de6a623badbc7e1,20260904T163207Z-3a704ddd8de6a623badbc7e1-dg-cd11374eb51a-000066,1,none,none,slow,normal-slow-1,rear,normal,clipped/audio_event_clean/normal/20260904T163207Z-3a704ddd8de6a623badbc7e1-dg-cd11374eb51a-000066_ch1.wav,3DPrinter/train/section_00_source_train_normal_000517.wav,492c965b8d77817ca9b01d797e65a322f76d8565f5c19197c96a94351d680eb4,960044,340360800,340840800,28c2eaad3353a03e6b407f92b09204b1bf97d1aa219009b7d21c4d701953e77f,0,0,802f3c261908f3e2e089368d45f0a944bfc163c5aff354242553bf974305ed1d,saved_rule_based,1.55
section_00_source_train_normal_000518,train,source,normal,B,20260904T163207Z-3a704ddd8de6a623badbc7e1,20260904T163207Z-3a704ddd8de6a623badbc7e1-dg-cd11374eb51a-000067,1,none,none,slow,normal-slow-1,rear,normal,clipped/audio_event_clean/normal/20260904T163207Z-3a704ddd8de6a623badbc7e1-dg-cd11374eb51a-000067_ch1.wav,3DPrinter/train/section_00_source_train_normal_000518.wav,1a0fddf9c408f470a128b4606af6f8d813978e4f6f8f9d7050befce57444ab62,960044,340840800,341320800,28c2eaad3353a03e6b407f92b09204b1bf97d1aa219009b7d21c4d701953e77f,0,0,802f3c261908f3e2e089368d45f0a944bfc163c5aff354242553bf974305ed1d,saved_rule_based,1.55
section_00_source_train_normal_000519,train,source,normal,B,20260904T163207Z-3a704ddd8de6a623badbc7e1,20260904T163207Z-3a704ddd8de6a623badbc7e1-dg-cd11374eb51a-000069,1,none,none,slow,normal-slow-1,rear,normal,clipped/audio_event_clean/normal/20260904T163207Z-3a704ddd8de6a623badbc7e1-dg-cd11374eb51a-000069_ch1.wav,3DPrinter/train/section_00_source_train_normal_000519.wav,b26948efe4a350863a1deaab35ab9e64b6cac90a3786ac03fbe015a21d8bab9e,960044,341800800,342280800,28c2eaad3353a03e6b407f92b09204b1bf97d1aa219009b7d21c4d701953e77f,0,0,802f3c261908f3e2e089368d45f0a944bfc163c5aff354242553bf974305ed1d,saved_rule_based,1.55
section_00_source_train_normal_000520,train,source,normal,B,20260904T163207Z-3a704ddd8de6a623badbc7e1,20260904T163207Z-3a704ddd8de6a623badbc7e1-dg-cd11374eb51a-000070,1,none,none,slow,normal-slow-1,rear,normal,clipped/audio_event_clean/normal/20260904T163207Z-3a704ddd8de6a623badbc7e1-dg-cd11374eb51a-000070_ch1.wav,3DPrinter/train/section_00_source_train_normal_000520.wav,f90de10152cca06b7e1320d2b0c1071b9cda582f70da42ee06de3c29e9293ba5,960044,342280800,342760800,28c2eaad3353a03e6b407f92b09204b1bf97d1aa219009b7d21c4d701953e77f,0,0,802f3c261908f3e2e089368d45f0a944bfc163c5aff354242553bf974305ed1d,saved_rule_based,1.55
section_00_source_train_normal_000521,train,source,normal,B,20260904T163207Z-3a704ddd8de6a623badbc7e1,20260904T163207Z-3a704ddd8de6a623badbc7e1-dg-cd11374eb51a-000076,1,none,none,slow,normal-slow-1,rear,normal,clipped/audio_event_clean/normal/20260904T163207Z-3a704ddd8de6a623badbc7e1-dg-cd11374eb51a-000076_ch1.wav,3DPrinter/train/section_00_source_train_normal_000521.wav,bf85e061dea99d554ac80dd71374ec930e0985bb4751307e7894fafb46aaa26c,960044,345160800,345640800,28c2eaad3353a03e6b407f92b09204b1bf97d1aa219009b7d21c4d701953e77f,0,0,802f3c261908f3e2e089368d45f0a944bfc163c5aff354242553bf974305ed1d,saved_rule_based,1.55
section_00_source_train_normal_000522,train,source,normal,B,20260904T163207Z-3a704ddd8de6a623badbc7e1,20260904T163207Z-3a704ddd8de6a623badbc7e1-dg-cd11374eb51a-000079,1,none,none,slow,normal-slow-1,rear,normal,clipped/audio_event_clean/normal/20260904T163207Z-3a704ddd8de6a623badbc7e1-dg-cd11374eb51a-000079_ch1.wav,3DPrinter/train/section_00_source_train_normal_000522.wav,8781ae2774950921826543e84e978bc194ba95b42ec24b6afa866977b48cc4fb,960044,346600800,347080800,28c2eaad3353a03e6b407f92b09204b1bf97d1aa219009b7d21c4d701953e77f,0,0,802f3c261908f3e2e089368d45f0a944bfc163c5aff354242553bf974305ed1d,saved_rule_based,1.55
section_00_source_train_normal_000523,train,source,normal,B,20260904T163207Z-3a704ddd8de6a623badbc7e1,20260904T163207Z-3a704ddd8de6a623badbc7e1-dg-cd11374eb51a-000080,1,none,none,slow,normal-slow-1,rear,normal,clipped/audio_event_clean/normal/20260904T163207Z-3a704ddd8de6a623badbc7e1-dg-cd11374eb51a-000080_ch1.wav,3DPrinter/train/section_00_source_train_normal_000523.wav,37d7162f9108650dc395742866ea935bd643a2ce0ff965bfb85c94e6054952a0,960044,347080800,347560800,28c2eaad3353a03e6b407f92b09204b1bf97d1aa219009b7d21c4d701953e77f,0,0,802f3c261908f3e2e089368d45f0a944bfc163c5aff354242553bf974305ed1d,saved_rule_based,1.55
section_00_source_train_normal_000524,train,source,normal,B,20260904T163207Z-3a704ddd8de6a623badbc7e1,20260904T163207Z-3a704ddd8de6a623badbc7e1-dg-cd11374eb51a-000085,1,none,none,slow,normal-slow-1,rear,normal,clipped/audio_event_clean/normal/20260904T163207Z-3a704ddd8de6a623badbc7e1-dg-cd11374eb51a-000085_ch1.wav,3DPrinter/train/section_00_source_train_normal_000524.wav,31fa52a2b44c491a9cf94be35121542d3b7a05478b15bbb8a724bb086d0a48f3,960044,349480800,349960800,28c2eaad3353a03e6b407f92b09204b1bf97d1aa219009b7d21c4d701953e77f,0,0,802f3c261908f3e2e089368d45f0a944bfc163c5aff354242553bf974305ed1d,saved_rule_based,1.55
section_00_source_train_normal_000525,train,source,normal,B,20260904T163207Z-3a704ddd8de6a623badbc7e1,20260904T163207Z-3a704ddd8de6a623badbc7e1-dg-cd11374eb51a-000086,1,none,none,slow,normal-slow-1,rear,normal,clipped/audio_event_clean/normal/20260904T163207Z-3a704ddd8de6a623badbc7e1-dg-cd11374eb51a-000086_ch1.wav,3DPrinter/train/section_00_source_train_normal_000525.wav,87682204ab8a10c4ec13cc8f0030688746bb86d4535c0e054eb867352e322a72,960044,349960800,350440800,28c2eaad3353a03e6b407f92b09204b1bf97d1aa219009b7d21c4d701953e77f,0,0,802f3c261908f3e2e089368d45f0a944bfc163c5aff354242553bf974305ed1d,saved_rule_based,1.55
section_00_source_train_normal_000526,train,source,normal,B,20260904T163207Z-3a704ddd8de6a623badbc7e1,20260904T163207Z-3a704ddd8de6a623badbc7e1-dg-cd11374eb51a-000089,1,none,none,slow,normal-slow-1,rear,normal,clipped/audio_event_clean/normal/20260904T163207Z-3a704ddd8de6a623badbc7e1-dg-cd11374eb51a-000089_ch1.wav,3DPrinter/train/section_00_source_train_normal_000526.wav,1e9e21fe1389948c96e4deb49ee1e9fd7e90542e13f50aeaf4de0f9ab4875d64,960044,351400800,351880800,28c2eaad3353a03e6b407f92b09204b1bf97d1aa219009b7d21c4d701953e77f,0,0,802f3c261908f3e2e089368d45f0a944bfc163c5aff354242553bf974305ed1d,saved_rule_based,1.55
section_00_source_train_normal_000527,train,source,normal,B,20260904T163207Z-3a704ddd8de6a623badbc7e1,20260904T163207Z-3a704ddd8de6a623badbc7e1-dg-cd11374eb51a-000092,1,none,none,slow,normal-slow-1,rear,normal,clipped/audio_event_clean/normal/20260904T163207Z-3a704ddd8de6a623badbc7e1-dg-cd11374eb51a-000092_ch1.wav,3DPrinter/train/section_00_source_train_normal_000527.wav,646e6e192af485e3fd80f52f0151c44f8d84e12141d0ba88d5fca912580860bd,960044,352840800,353320800,28c2eaad3353a03e6b407f92b09204b1bf97d1aa219009b7d21c4d701953e77f,0,0,802f3c261908f3e2e089368d45f0a944bfc163c5aff354242553bf974305ed1d,saved_rule_based,1.55
section_00_source_train_normal_000528,train,source,normal,B,20260904T163207Z-3a704ddd8de6a623badbc7e1,20260904T163207Z-3a704ddd8de6a623badbc7e1-dg-cd11374eb51a-000094,1,none,none,slow,normal-slow-1,rear,normal,clipped/audio_event_clean/normal/20260904T163207Z-3a704ddd8de6a623badbc7e1-dg-cd11374eb51a-000094_ch1.wav,3DPrinter/train/section_00_source_train_normal_000528.wav,6a2e3ebaa809b45163aa34a85fd0c6ab590b9bcec4440c3a1dc198a0b4b80dbe,960044,353800800,354280800,28c2eaad3353a03e6b407f92b09204b1bf97d1aa219009b7d21c4d701953e77f,0,0,802f3c261908f3e2e089368d45f0a944bfc163c5aff354242553bf974305ed1d,saved_rule_based,1.55
section_00_source_train_normal_000529,train,source,normal,B,20260904T163207Z-3a704ddd8de6a623badbc7e1,20260904T163207Z-3a704ddd8de6a623badbc7e1-dg-cd11374eb51a-000098,1,none,none,slow,normal-slow-1,rear,normal,clipped/audio_event_clean/normal/20260904T163207Z-3a704ddd8de6a623badbc7e1-dg-cd11374eb51a-000098_ch1.wav,3DPrinter/train/section_00_source_train_normal_000529.wav,e146f46f08abd7bf12fe55588f4245e593ee97643ee4092a03aeb5113d2621d7,960044,355720800,356200800,28c2eaad3353a03e6b407f92b09204b1bf97d1aa219009b7d21c4d701953e77f,0,0,802f3c261908f3e2e089368d45f0a944bfc163c5aff354242553bf974305ed1d,saved_rule_based,1.55
section_00_source_train_normal_000530,train,source,normal,B,20260904T163207Z-3a704ddd8de6a623badbc7e1,20260904T163207Z-3a704ddd8de6a623badbc7e1-dg-cd11374eb51a-000104,1,none,none,slow,normal-slow-1,rear,normal,clipped/audio_event_clean/normal/20260904T163207Z-3a704ddd8de6a623badbc7e1-dg-cd11374eb51a-000104_ch1.wav,3DPrinter/train/section_00_source_train_normal_000530.wav,028e91d39b7be4ad34a3819af4075e706b91bed289d7cf59cc4ea5a4d1b3a4f5,960044,358600800,359080800,28c2eaad3353a03e6b407f92b09204b1bf97d1aa219009b7d21c4d701953e77f,0,0,802f3c261908f3e2e089368d45f0a944bfc163c5aff354242553bf974305ed1d,saved_rule_based,1.55
section_00_source_train_normal_000531,train,source,normal,B,20260904T163207Z-3a704ddd8de6a623badbc7e1,20260904T163207Z-3a704ddd8de6a623badbc7e1-dg-cd11374eb51a-000105,1,none,none,slow,normal-slow-1,rear,normal,clipped/audio_event_clean/normal/20260904T163207Z-3a704ddd8de6a623badbc7e1-dg-cd11374eb51a-000105_ch1.wav,3DPrinter/train/section_00_source_train_normal_000531.wav,b2ed535069e095c534e5cf79ad00373bac42fa94e03874973ff5a6ceb13524ca,960044,359080800,359560800,28c2eaad3353a03e6b407f92b09204b1bf97d1aa219009b7d21c4d701953e77f,0,0,802f3c261908f3e2e089368d45f0a944bfc163c5aff354242553bf974305ed1d,saved_rule_based,1.55
section_00_source_train_normal_000532,train,source,normal,B,20260904T163207Z-3a704ddd8de6a623badbc7e1,20260904T163207Z-3a704ddd8de6a623badbc7e1-dg-cd11374eb51a-000106,1,none,none,slow,normal-slow-1,rear,normal,clipped/audio_event_clean/normal/20260904T163207Z-3a704ddd8de6a623badbc7e1-dg-cd11374eb51a-000106_ch1.wav,3DPrinter/train/section_00_source_train_normal_000532.wav,b13eafe4830951d182ae0a1b51398a13a8c6752e10c94c0a1cec07b661d53703,960044,359560800,360040800,28c2eaad3353a03e6b407f92b09204b1bf97d1aa219009b7d21c4d701953e77f,0,0,802f3c261908f3e2e089368d45f0a944bfc163c5aff354242553bf974305ed1d,saved_rule_based,1.55
section_00_source_train_normal_000533,train,source,normal,B,20260904T163207Z-3a704ddd8de6a623badbc7e1,20260904T163207Z-3a704ddd8de6a623badbc7e1-dg-cd11374eb51a-000107,1,none,none,slow,normal-slow-1,rear,normal,clipped/audio_event_clean/normal/20260904T163207Z-3a704ddd8de6a623badbc7e1-dg-cd11374eb51a-000107_ch1.wav,3DPrinter/train/section_00_source_train_normal_000533.wav,8aadda19c2954274ab01290bdd6c074cf00c65721551ff6b8e2f73154d824493,960044,360040800,360520800,28c2eaad3353a03e6b407f92b09204b1bf97d1aa219009b7d21c4d701953e77f,0,0,802f3c261908f3e2e089368d45f0a944bfc163c5aff354242553bf974305ed1d,saved_rule_based,1.55
section_00_source_train_normal_000534,train,source,normal,B,20260904T163207Z-3a704ddd8de6a623badbc7e1,20260904T163207Z-3a704ddd8de6a623badbc7e1-dg-cd11374eb51a-000110,1,none,none,slow,normal-slow-1,rear,normal,clipped/audio_event_clean/normal/20260904T163207Z-3a704ddd8de6a623badbc7e1-dg-cd11374eb51a-000110_ch1.wav,3DPrinter/train/section_00_source_train_normal_000534.wav,604c69322f5761c5eb4b3103660e6c642a23ad6be0a07ff36f5b256ec8b1a35a,960044,361480800,361960800,28c2eaad3353a03e6b407f92b09204b1bf97d1aa219009b7d21c4d701953e77f,0,0,802f3c261908f3e2e089368d45f0a944bfc163c5aff354242553bf974305ed1d,saved_rule_based,1.55
section_00_source_train_normal_000535,train,source,normal,B,20260904T163207Z-3a704ddd8de6a623badbc7e1,20260904T163207Z-3a704ddd8de6a623badbc7e1-dg-cd11374eb51a-000113,1,none,none,slow,normal-slow-1,rear,normal,clipped/audio_event_clean/normal/20260904T163207Z-3a704ddd8de6a623badbc7e1-dg-cd11374eb51a-000113_ch1.wav,3DPrinter/train/section_00_source_train_normal_000535.wav,966453664da640672edd828c91513b1454fe9cf3fa0ac536a986b6028a0bafc5,960044,362920800,363400800,28c2eaad3353a03e6b407f92b09204b1bf97d1aa219009b7d21c4d701953e77f,0,0,802f3c261908f3e2e089368d45f0a944bfc163c5aff354242553bf974305ed1d,saved_rule_based,1.55
section_00_source_train_normal_000536,train,source,normal,B,20260904T163207Z-3a704ddd8de6a623badbc7e1,20260904T163207Z-3a704ddd8de6a623badbc7e1-dg-cd11374eb51a-000115,1,none,none,slow,normal-slow-1,rear,normal,clipped/audio_event_clean/normal/20260904T163207Z-3a704ddd8de6a623badbc7e1-dg-cd11374eb51a-000115_ch1.wav,3DPrinter/train/section_00_source_train_normal_000536.wav,4e62329bbec8fb38c22a829d2339f324083fc95fd831b5615672e94ea98491a4,960044,363880800,364360800,28c2eaad3353a03e6b407f92b09204b1bf97d1aa219009b7d21c4d701953e77f,0,0,802f3c261908f3e2e089368d45f0a944bfc163c5aff354242553bf974305ed1d,saved_rule_based,1.55
section_00_source_train_normal_000537,train,source,normal,B,20260904T163207Z-3a704ddd8de6a623badbc7e1,20260904T163207Z-3a704ddd8de6a623badbc7e1-dg-cd11374eb51a-000116,1,none,none,slow,normal-slow-1,rear,normal,clipped/audio_event_clean/normal/20260904T163207Z-3a704ddd8de6a623badbc7e1-dg-cd11374eb51a-000116_ch1.wav,3DPrinter/train/section_00_source_train_normal_000537.wav,c3b1cb3ba524a302fb764fd9fb6d3dc1a7ee6cf8bdf7c3540e8de9400dcf23a1,960044,364360800,364840800,28c2eaad3353a03e6b407f92b09204b1bf97d1aa219009b7d21c4d701953e77f,0,0,802f3c261908f3e2e089368d45f0a944bfc163c5aff354242553bf974305ed1d,saved_rule_based,1.55
section_00_source_train_normal_000538,train,source,normal,B,20260904T163207Z-3a704ddd8de6a623badbc7e1,20260904T163207Z-3a704ddd8de6a623badbc7e1-dg-cd11374eb51a-000117,1,none,none,slow,normal-slow-1,rear,normal,clipped/audio_event_clean/normal/20260904T163207Z-3a704ddd8de6a623badbc7e1-dg-cd11374eb51a-000117_ch1.wav,3DPrinter/train/section_00_source_train_normal_000538.wav,c8eb6be0ea9e81947f33b6b4cde577c3322c66b92cebfb5f28a4170cc0d392be,960044,364840800,365320800,28c2eaad3353a03e6b407f92b09204b1bf97d1aa219009b7d21c4d701953e77f,0,0,802f3c261908f3e2e089368d45f0a944bfc163c5aff354242553bf974305ed1d,saved_rule_based,1.55
section_00_source_train_normal_000539,train,source,normal,B,20260904T163207Z-3a704ddd8de6a623badbc7e1,20260904T163207Z-3a704ddd8de6a623badbc7e1-dg-cd11374eb51a-000120,1,none,none,slow,normal-slow-1,rear,normal,clipped/audio_event_clean/normal/20260904T163207Z-3a704ddd8de6a623badbc7e1-dg-cd11374eb51a-000120_ch1.wav,3DPrinter/train/section_00_source_train_normal_000539.wav,fee8a66de86effbb5d7cafdb934acdd1d9e35cdd907e4375b8727bf081735529,960044,366280800,366760800,28c2eaad3353a03e6b407f92b09204b1bf97d1aa219009b7d21c4d701953e77f,0,0,802f3c261908f3e2e089368d45f0a944bfc163c5aff354242553bf974305ed1d,saved_rule_based,1.55
section_00_source_train_normal_000540,train,source,normal,B,20260904T163207Z-3a704ddd8de6a623badbc7e1,20260904T163207Z-3a704ddd8de6a623badbc7e1-dg-cd11374eb51a-000122,1,none,none,slow,normal-slow-1,rear,normal,clipped/audio_event_clean/normal/20260904T163207Z-3a704ddd8de6a623badbc7e1-dg-cd11374eb51a-000122_ch1.wav,3DPrinter/train/section_00_source_train_normal_000540.wav,5001cf1fef20273ef6c84cafaf67d102aec12b57525d075d8b1e288539efc137,960044,367240800,367720800,28c2eaad3353a03e6b407f92b09204b1bf97d1aa219009b7d21c4d701953e77f,0,0,802f3c261908f3e2e089368d45f0a944bfc163c5aff354242553bf974305ed1d,saved_rule_based,1.55
section_00_source_train_normal_000541,train,source,normal,B,20260904T163207Z-3a704ddd8de6a623badbc7e1,20260904T163207Z-3a704ddd8de6a623badbc7e1-dg-cd11374eb51a-000128,1,none,none,slow,normal-slow-1,rear,normal,clipped/audio_event_clean/normal/20260904T163207Z-3a704ddd8de6a623badbc7e1-dg-cd11374eb51a-000128_ch1.wav,3DPrinter/train/section_00_source_train_normal_000541.wav,4831973c24cab498be571e25aee82b879a66e34437edf02e4e4b9ba0cbc369a4,960044,370120800,370600800,28c2eaad3353a03e6b407f92b09204b1bf97d1aa219009b7d21c4d701953e77f,0,0,802f3c261908f3e2e089368d45f0a944bfc163c5aff354242553bf974305ed1d,saved_rule_based,1.55
section_00_source_train_normal_000542,train,source,normal,B,20260904T163207Z-3a704ddd8de6a623badbc7e1,20260904T163207Z-3a704ddd8de6a623badbc7e1-dg-cd11374eb51a-000141,1,none,none,slow,normal-slow-1,rear,normal,clipped/audio_event_clean/normal/20260904T163207Z-3a704ddd8de6a623badbc7e1-dg-cd11374eb51a-000141_ch1.wav,3DPrinter/train/section_00_source_train_normal_000542.wav,9c260ba911804b433d79811dff363aa8f84547c01f099de16a544e7da4355aaa,960044,376360800,376840800,28c2eaad3353a03e6b407f92b09204b1bf97d1aa219009b7d21c4d701953e77f,0,0,802f3c261908f3e2e089368d45f0a944bfc163c5aff354242553bf974305ed1d,saved_rule_based,1.55
section_00_source_train_normal_000543,train,source,normal,B,20260904T163207Z-3a704ddd8de6a623badbc7e1,20260904T163207Z-3a704ddd8de6a623badbc7e1-dg-cd11374eb51a-000149,1,none,none,slow,normal-slow-1,rear,normal,clipped/audio_event_clean/normal/20260904T163207Z-3a704ddd8de6a623badbc7e1-dg-cd11374eb51a-000149_ch1.wav,3DPrinter/train/section_00_source_train_normal_000543.wav,061d612689f7c5e4a0401fd4c18ffee994139ac33964dae9f89575f877750ec7,960044,380200800,380680800,28c2eaad3353a03e6b407f92b09204b1bf97d1aa219009b7d21c4d701953e77f,0,0,802f3c261908f3e2e089368d45f0a944bfc163c5aff354242553bf974305ed1d,saved_rule_based,1.55
section_00_source_train_normal_000544,train,source,normal,B,20260904T163207Z-3a704ddd8de6a623badbc7e1,20260904T163207Z-3a704ddd8de6a623badbc7e1-dg-cd11374eb51a-000150,1,none,none,slow,normal-slow-1,rear,normal,clipped/audio_event_clean/normal/20260904T163207Z-3a704ddd8de6a623badbc7e1-dg-cd11374eb51a-000150_ch1.wav,3DPrinter/train/section_00_source_train_normal_000544.wav,9514c388cc6cc42e14b0eabca9d291bb43e2c8eb83064e99232efb3ef561188f,960044,380680800,381160800,28c2eaad3353a03e6b407f92b09204b1bf97d1aa219009b7d21c4d701953e77f,0,0,802f3c261908f3e2e089368d45f0a944bfc163c5aff354242553bf974305ed1d,saved_rule_based,1.55
section_00_source_train_normal_000545,train,source,normal,B,20260904T163207Z-3a704ddd8de6a623badbc7e1,20260904T163207Z-3a704ddd8de6a623badbc7e1-dg-cd11374eb51a-000151,1,none,none,slow,normal-slow-1,rear,normal,clipped/audio_event_clean/normal/20260904T163207Z-3a704ddd8de6a623badbc7e1-dg-cd11374eb51a-000151_ch1.wav,3DPrinter/train/section_00_source_train_normal_000545.wav,91ba39f4ebdf694a8d26e133acd575506229b3de4883e9d432979b409c26b2fb,960044,381160800,381640800,28c2eaad3353a03e6b407f92b09204b1bf97d1aa219009b7d21c4d701953e77f,0,0,802f3c261908f3e2e089368d45f0a944bfc163c5aff354242553bf974305ed1d,saved_rule_based,1.55
section_00_source_train_normal_000546,train,source,normal,B,20260904T163207Z-3a704ddd8de6a623badbc7e1,20260904T163207Z-3a704ddd8de6a623badbc7e1-dg-cd11374eb51a-000153,1,none,none,slow,normal-slow-1,rear,normal,clipped/audio_event_clean/normal/20260904T163207Z-3a704ddd8de6a623badbc7e1-dg-cd11374eb51a-000153_ch1.wav,3DPrinter/train/section_00_source_train_normal_000546.wav,2b6151b99b06b55cc2c78531b11ca6a46446371efd57d886a4604d3f58e212cd,960044,382120800,382600800,28c2eaad3353a03e6b407f92b09204b1bf97d1aa219009b7d21c4d701953e77f,0,0,802f3c261908f3e2e089368d45f0a944bfc163c5aff354242553bf974305ed1d,saved_rule_based,1.55
section_00_source_train_normal_000547,train,source,normal,B,20260904T163207Z-3a704ddd8de6a623badbc7e1,20260904T163207Z-3a704ddd8de6a623badbc7e1-dg-cd11374eb51a-000154,1,none,none,slow,normal-slow-1,rear,normal,clipped/audio_event_clean/normal/20260904T163207Z-3a704ddd8de6a623badbc7e1-dg-cd11374eb51a-000154_ch1.wav,3DPrinter/train/section_00_source_train_normal_000547.wav,311bf433cd5635641ee6b3b699165482331e65d1d4974ae2473da56409f3f69f,960044,382600800,383080800,28c2eaad3353a03e6b407f92b09204b1bf97d1aa219009b7d21c4d701953e77f,0,0,802f3c261908f3e2e089368d45f0a944bfc163c5aff354242553bf974305ed1d,saved_rule_based,1.55
section_00_source_train_normal_000548,train,source,normal,B,20260904T163207Z-3a704ddd8de6a623badbc7e1,20260904T163207Z-3a704ddd8de6a623badbc7e1-dg-cd11374eb51a-000155,1,none,none,slow,normal-slow-1,rear,normal,clipped/audio_event_clean/normal/20260904T163207Z-3a704ddd8de6a623badbc7e1-dg-cd11374eb51a-000155_ch1.wav,3DPrinter/train/section_00_source_train_normal_000548.wav,f9a690efdd1650b033c2798cd6cc9dd16e2e16bf1b4bcfe942973e224a8f8e55,960044,383080800,383560800,28c2eaad3353a03e6b407f92b09204b1bf97d1aa219009b7d21c4d701953e77f,0,0,802f3c261908f3e2e089368d45f0a944bfc163c5aff354242553bf974305ed1d,saved_rule_based,1.55
section_00_source_train_normal_000549,train,source,normal,B,20260904T163207Z-3a704ddd8de6a623badbc7e1,20260904T163207Z-3a704ddd8de6a623badbc7e1-dg-cd11374eb51a-000158,1,none,none,slow,normal-slow-1,rear,normal,clipped/audio_event_clean/normal/20260904T163207Z-3a704ddd8de6a623badbc7e1-dg-cd11374eb51a-000158_ch1.wav,3DPrinter/train/section_00_source_train_normal_000549.wav,4edd052ef173a5fa57a2715142f55d1c63cc62085b5a26905ce9cb83cdc76005,960044,384520800,385000800,28c2eaad3353a03e6b407f92b09204b1bf97d1aa219009b7d21c4d701953e77f,0,0,802f3c261908f3e2e089368d45f0a944bfc163c5aff354242553bf974305ed1d,saved_rule_based,1.55
section_00_source_train_normal_000550,train,source,normal,B,20260904T163207Z-3a704ddd8de6a623badbc7e1,20260904T163207Z-3a704ddd8de6a623badbc7e1-dg-cd11374eb51a-000159,1,none,none,slow,normal-slow-1,rear,normal,clipped/audio_event_clean/normal/20260904T163207Z-3a704ddd8de6a623badbc7e1-dg-cd11374eb51a-000159_ch1.wav,3DPrinter/train/section_00_source_train_normal_000550.wav,82a26670eb78ea89f932b67c298f151eb50de808e13792b3cb6afc27561db305,960044,385000800,385480800,28c2eaad3353a03e6b407f92b09204b1bf97d1aa219009b7d21c4d701953e77f,0,0,802f3c261908f3e2e089368d45f0a944bfc163c5aff354242553bf974305ed1d,saved_rule_based,1.55
section_00_source_train_normal_000551,train,source,normal,B,20260904T163207Z-3a704ddd8de6a623badbc7e1,20260904T163207Z-3a704ddd8de6a623badbc7e1-dg-cd11374eb51a-000161,1,none,none,slow,normal-slow-1,rear,normal,clipped/audio_event_clean/normal/20260904T163207Z-3a704ddd8de6a623badbc7e1-dg-cd11374eb51a-000161_ch1.wav,3DPrinter/train/section_00_source_train_normal_000551.wav,f19b5aa8dca90de7ecae3f018060396e0ce1af23c2f886a6abfad77db858f993,960044,385960800,386440800,28c2eaad3353a03e6b407f92b09204b1bf97d1aa219009b7d21c4d701953e77f,0,0,802f3c261908f3e2e089368d45f0a944bfc163c5aff354242553bf974305ed1d,saved_rule_based,1.55
section_00_source_train_normal_000552,train,source,normal,B,20260904T163207Z-3a704ddd8de6a623badbc7e1,20260904T163207Z-3a704ddd8de6a623badbc7e1-dg-cd11374eb51a-000168,1,none,none,slow,normal-slow-1,rear,normal,clipped/audio_event_clean/normal/20260904T163207Z-3a704ddd8de6a623badbc7e1-dg-cd11374eb51a-000168_ch1.wav,3DPrinter/train/section_00_source_train_normal_000552.wav,8beccf389a6c37270626dc60c5f66f777670846f2e3f382653b0c1bbe70382a8,960044,389320800,389800800,28c2eaad3353a03e6b407f92b09204b1bf97d1aa219009b7d21c4d701953e77f,0,0,802f3c261908f3e2e089368d45f0a944bfc163c5aff354242553bf974305ed1d,saved_rule_based,1.55
section_00_source_train_normal_000553,train,source,normal,B,20260904T163207Z-3a704ddd8de6a623badbc7e1,20260904T163207Z-3a704ddd8de6a623badbc7e1-dg-cd11374eb51a-000172,1,none,none,slow,normal-slow-1,rear,normal,clipped/audio_event_clean/normal/20260904T163207Z-3a704ddd8de6a623badbc7e1-dg-cd11374eb51a-000172_ch1.wav,3DPrinter/train/section_00_source_train_normal_000553.wav,121e9e14b0e174b3642f0c82a96908609ecb32cc48919dec10e23685f7d10e30,960044,391240800,391720800,28c2eaad3353a03e6b407f92b09204b1bf97d1aa219009b7d21c4d701953e77f,0,0,802f3c261908f3e2e089368d45f0a944bfc163c5aff354242553bf974305ed1d,saved_rule_based,1.55
section_00_source_train_normal_000554,train,source,normal,B,20260904T163207Z-3a704ddd8de6a623badbc7e1,20260904T163207Z-3a704ddd8de6a623badbc7e1-dg-cd11374eb51a-000173,1,none,none,slow,normal-slow-1,rear,normal,clipped/audio_event_clean/normal/20260904T163207Z-3a704ddd8de6a623badbc7e1-dg-cd11374eb51a-000173_ch1.wav,3DPrinter/train/section_00_source_train_normal_000554.wav,c6a1d5577a5c60b3da9995e6ff925f2951868c3f9dcd29baf6f04ba788a96556,960044,391720800,392200800,28c2eaad3353a03e6b407f92b09204b1bf97d1aa219009b7d21c4d701953e77f,0,0,802f3c261908f3e2e089368d45f0a944bfc163c5aff354242553bf974305ed1d,saved_rule_based,1.55
section_00_source_train_normal_000555,train,source,normal,B,20260904T163207Z-3a704ddd8de6a623badbc7e1,20260904T163207Z-3a704ddd8de6a623badbc7e1-dg-cd11374eb51a-000174,1,none,none,slow,normal-slow-1,rear,normal,clipped/audio_event_clean/normal/20260904T163207Z-3a704ddd8de6a623badbc7e1-dg-cd11374eb51a-000174_ch1.wav,3DPrinter/train/section_00_source_train_normal_000555.wav,b6bfa0a989a63597ccecbea27881c5eccbd66b9cd3a7e5370df152572cace200,960044,392200800,392680800,28c2eaad3353a03e6b407f92b09204b1bf97d1aa219009b7d21c4d701953e77f,0,0,802f3c261908f3e2e089368d45f0a944bfc163c5aff354242553bf974305ed1d,saved_rule_based,1.55
section_00_source_train_normal_000556,train,source,normal,B,20260904T163207Z-3a704ddd8de6a623badbc7e1,20260904T163207Z-3a704ddd8de6a623badbc7e1-dg-cd11374eb51a-000175,1,none,none,slow,normal-slow-1,rear,normal,clipped/audio_event_clean/normal/20260904T163207Z-3a704ddd8de6a623badbc7e1-dg-cd11374eb51a-000175_ch1.wav,3DPrinter/train/section_00_source_train_normal_000556.wav,001a9cd93b68b4b4a0644a2abda274c2aa88fb9bdbf35b49d97bf33acbbebf97,960044,392680800,393160800,28c2eaad3353a03e6b407f92b09204b1bf97d1aa219009b7d21c4d701953e77f,0,0,802f3c261908f3e2e089368d45f0a944bfc163c5aff354242553bf974305ed1d,saved_rule_based,1.55
section_00_source_train_normal_000557,train,source,normal,B,20260904T163207Z-3a704ddd8de6a623badbc7e1,20260904T163207Z-3a704ddd8de6a623badbc7e1-dg-cd11374eb51a-000176,1,none,none,slow,normal-slow-1,rear,normal,clipped/audio_event_clean/normal/20260904T163207Z-3a704ddd8de6a623badbc7e1-dg-cd11374eb51a-000176_ch1.wav,3DPrinter/train/section_00_source_train_normal_000557.wav,1d96df24fa459dce823aa7317c3aef4f4e33dd2c6bb943494823fa43cddc4929,960044,393160800,393640800,28c2eaad3353a03e6b407f92b09204b1bf97d1aa219009b7d21c4d701953e77f,0,0,802f3c261908f3e2e089368d45f0a944bfc163c5aff354242553bf974305ed1d,saved_rule_based,1.55
section_00_source_train_normal_000558,train,source,normal,B,20260904T163207Z-3a704ddd8de6a623badbc7e1,20260904T163207Z-3a704ddd8de6a623badbc7e1-dg-cd11374eb51a-000177,1,none,none,slow,normal-slow-1,rear,normal,clipped/audio_event_clean/normal/20260904T163207Z-3a704ddd8de6a623badbc7e1-dg-cd11374eb51a-000177_ch1.wav,3DPrinter/train/section_00_source_train_normal_000558.wav,400d1eac2e27ee1bf4264ab39a39663e46eabe4df3a44dd693a775e6d8d46ccf,960044,393640800,394120800,28c2eaad3353a03e6b407f92b09204b1bf97d1aa219009b7d21c4d701953e77f,0,0,802f3c261908f3e2e089368d45f0a944bfc163c5aff354242553bf974305ed1d,saved_rule_based,1.55
section_00_source_train_normal_000559,train,source,normal,B,20260904T163207Z-3a704ddd8de6a623badbc7e1,20260904T163207Z-3a704ddd8de6a623badbc7e1-dg-cd11374eb51a-000184,1,none,none,slow,normal-slow-1,rear,normal,clipped/audio_event_clean/normal/20260904T163207Z-3a704ddd8de6a623badbc7e1-dg-cd11374eb51a-000184_ch1.wav,3DPrinter/train/section_00_source_train_normal_000559.wav,f9eda0185371368c418a4d07221a995d02a4bc37c55fbc13ddee7b869c9b8de6,960044,397000800,397480800,28c2eaad3353a03e6b407f92b09204b1bf97d1aa219009b7d21c4d701953e77f,0,0,802f3c261908f3e2e089368d45f0a944bfc163c5aff354242553bf974305ed1d,saved_rule_based,1.55
section_00_source_train_normal_000560,train,source,normal,B,20260904T163207Z-3a704ddd8de6a623badbc7e1,20260904T163207Z-3a704ddd8de6a623badbc7e1-dg-cd11374eb51a-000185,1,none,none,slow,normal-slow-1,rear,normal,clipped/audio_event_clean/normal/20260904T163207Z-3a704ddd8de6a623badbc7e1-dg-cd11374eb51a-000185_ch1.wav,3DPrinter/train/section_00_source_train_normal_000560.wav,eeddc698dde0715502b2c3c096037924068ad4a1366a6b25c5927c1d8d94a259,960044,397480800,397960800,28c2eaad3353a03e6b407f92b09204b1bf97d1aa219009b7d21c4d701953e77f,0,0,802f3c261908f3e2e089368d45f0a944bfc163c5aff354242553bf974305ed1d,saved_rule_based,1.55
section_00_source_train_normal_000561,train,source,normal,B,20260904T163207Z-3a704ddd8de6a623badbc7e1,20260904T163207Z-3a704ddd8de6a623badbc7e1-dg-cd11374eb51a-000186,1,none,none,slow,normal-slow-1,rear,normal,clipped/audio_event_clean/normal/20260904T163207Z-3a704ddd8de6a623badbc7e1-dg-cd11374eb51a-000186_ch1.wav,3DPrinter/train/section_00_source_train_normal_000561.wav,9086933d7f8cd7c01ca5ecc9fe931d60bd7047a93ca383afa24e66b7134b6323,960044,397960800,398440800,28c2eaad3353a03e6b407f92b09204b1bf97d1aa219009b7d21c4d701953e77f,0,0,802f3c261908f3e2e089368d45f0a944bfc163c5aff354242553bf974305ed1d,saved_rule_based,1.55
section_00_source_train_normal_000562,train,source,normal,B,20260904T163207Z-3a704ddd8de6a623badbc7e1,20260904T163207Z-3a704ddd8de6a623badbc7e1-dg-cd11374eb51a-000188,1,none,none,slow,normal-slow-1,rear,normal,clipped/audio_event_clean/normal/20260904T163207Z-3a704ddd8de6a623badbc7e1-dg-cd11374eb51a-000188_ch1.wav,3DPrinter/train/section_00_source_train_normal_000562.wav,1ec830e3205fba2ce47ff9a3b43d1248eb4ac025570f5e7b1e5c040ffa35d6ae,960044,398920800,399400800,28c2eaad3353a03e6b407f92b09204b1bf97d1aa219009b7d21c4d701953e77f,0,0,802f3c261908f3e2e089368d45f0a944bfc163c5aff354242553bf974305ed1d,saved_rule_based,1.55
section_00_source_train_normal_000563,train,source,normal,B,20260904T163207Z-3a704ddd8de6a623badbc7e1,20260904T163207Z-3a704ddd8de6a623badbc7e1-dg-cd11374eb51a-000191,1,none,none,slow,normal-slow-1,rear,normal,clipped/audio_event_clean/normal/20260904T163207Z-3a704ddd8de6a623badbc7e1-dg-cd11374eb51a-000191_ch1.wav,3DPrinter/train/section_00_source_train_normal_000563.wav,3bda6242873e565361cd3a662fb1aca74251755a63fed3c11ec2d84433baee60,960044,400360800,400840800,28c2eaad3353a03e6b407f92b09204b1bf97d1aa219009b7d21c4d701953e77f,0,0,802f3c261908f3e2e089368d45f0a944bfc163c5aff354242553bf974305ed1d,saved_rule_based,1.55
section_00_source_train_normal_000564,train,source,normal,B,20260904T163207Z-3a704ddd8de6a623badbc7e1,20260904T163207Z-3a704ddd8de6a623badbc7e1-dg-cd11374eb51a-000193,1,none,none,slow,normal-slow-1,rear,normal,clipped/audio_event_clean/normal/20260904T163207Z-3a704ddd8de6a623badbc7e1-dg-cd11374eb51a-000193_ch1.wav,3DPrinter/train/section_00_source_train_normal_000564.wav,8379dd8820b05f9fe47f4bb36b5224d99f0682ecedb646ee5f84b4cefafe1cc7,960044,401320800,401800800,28c2eaad3353a03e6b407f92b09204b1bf97d1aa219009b7d21c4d701953e77f,0,0,802f3c261908f3e2e089368d45f0a944bfc163c5aff354242553bf974305ed1d,saved_rule_based,1.55
section_00_source_train_normal_000565,train,source,normal,B,20260904T163207Z-3a704ddd8de6a623badbc7e1,20260904T163207Z-3a704ddd8de6a623badbc7e1-dg-cd11374eb51a-000194,1,none,none,slow,normal-slow-1,rear,normal,clipped/audio_event_clean/normal/20260904T163207Z-3a704ddd8de6a623badbc7e1-dg-cd11374eb51a-000194_ch1.wav,3DPrinter/train/section_00_source_train_normal_000565.wav,788034f822c89de166744fc80a268e9db3f41797a9719073060b845de00e7c8a,960044,401800800,402280800,28c2eaad3353a03e6b407f92b09204b1bf97d1aa219009b7d21c4d701953e77f,0,0,802f3c261908f3e2e089368d45f0a944bfc163c5aff354242553bf974305ed1d,saved_rule_based,1.55
section_00_source_train_normal_000566,train,source,normal,B,20260904T163207Z-3a704ddd8de6a623badbc7e1,20260904T163207Z-3a704ddd8de6a623badbc7e1-dg-cd11374eb51a-000202,1,none,none,slow,normal-slow-1,rear,normal,clipped/audio_event_clean/normal/20260904T163207Z-3a704ddd8de6a623badbc7e1-dg-cd11374eb51a-000202_ch1.wav,3DPrinter/train/section_00_source_train_normal_000566.wav,acc795486f7b63faa89a5bf9c5877a65d9b18a3b6c33c1de4b99eaaffefec9d7,960044,405640800,406120800,28c2eaad3353a03e6b407f92b09204b1bf97d1aa219009b7d21c4d701953e77f,0,0,802f3c261908f3e2e089368d45f0a944bfc163c5aff354242553bf974305ed1d,saved_rule_based,1.55
section_00_source_train_normal_000567,train,source,normal,B,20260904T163207Z-3a704ddd8de6a623badbc7e1,20260904T163207Z-3a704ddd8de6a623badbc7e1-dg-cd11374eb51a-000205,1,none,none,slow,normal-slow-1,rear,normal,clipped/audio_event_clean/normal/20260904T163207Z-3a704ddd8de6a623badbc7e1-dg-cd11374eb51a-000205_ch1.wav,3DPrinter/train/section_00_source_train_normal_000567.wav,2b0ee67d99defe30983dbe4555ef3bdb71bb60c742e763958600b59489b64733,960044,407080800,407560800,28c2eaad3353a03e6b407f92b09204b1bf97d1aa219009b7d21c4d701953e77f,0,0,802f3c261908f3e2e089368d45f0a944bfc163c5aff354242553bf974305ed1d,saved_rule_based,1.55
section_00_source_train_normal_000568,train,source,normal,B,20260904T163207Z-3a704ddd8de6a623badbc7e1,20260904T163207Z-3a704ddd8de6a623badbc7e1-dg-cd11374eb51a-000206,1,none,none,slow,normal-slow-1,rear,normal,clipped/audio_event_clean/normal/20260904T163207Z-3a704ddd8de6a623badbc7e1-dg-cd11374eb51a-000206_ch1.wav,3DPrinter/train/section_00_source_train_normal_000568.wav,764daaaaefd49b6c69916f6be852b7f0afc1a3220bd036ccc9c27bc57141b18e,960044,407560800,408040800,28c2eaad3353a03e6b407f92b09204b1bf97d1aa219009b7d21c4d701953e77f,0,0,802f3c261908f3e2e089368d45f0a944bfc163c5aff354242553bf974305ed1d,saved_rule_based,1.55
section_00_source_train_normal_000569,train,source,normal,B,20260904T163207Z-3a704ddd8de6a623badbc7e1,20260904T163207Z-3a704ddd8de6a623badbc7e1-dg-cd11374eb51a-000207,1,none,none,slow,normal-slow-1,rear,normal,clipped/audio_event_clean/normal/20260904T163207Z-3a704ddd8de6a623badbc7e1-dg-cd11374eb51a-000207_ch1.wav,3DPrinter/train/section_00_source_train_normal_000569.wav,4ac5f85362cf38df30e1fc640911d3471008cc0569c0833016a94b3f8ab3cd0c,960044,408040800,408520800,28c2eaad3353a03e6b407f92b09204b1bf97d1aa219009b7d21c4d701953e77f,0,0,802f3c261908f3e2e089368d45f0a944bfc163c5aff354242553bf974305ed1d,saved_rule_based,1.55
section_00_source_train_normal_000570,train,source,normal,B,20260904T163207Z-3a704ddd8de6a623badbc7e1,20260904T163207Z-3a704ddd8de6a623badbc7e1-dg-cd11374eb51a-000211,1,none,none,slow,normal-slow-1,rear,normal,clipped/audio_event_clean/normal/20260904T163207Z-3a704ddd8de6a623badbc7e1-dg-cd11374eb51a-000211_ch1.wav,3DPrinter/train/section_00_source_train_normal_000570.wav,ddfd4671ca9f83bd5711ee66fffa9a93b7fcc4ab903d294e3e7ee2a7e9147a42,960044,409960800,410440800,28c2eaad3353a03e6b407f92b09204b1bf97d1aa219009b7d21c4d701953e77f,0,0,802f3c261908f3e2e089368d45f0a944bfc163c5aff354242553bf974305ed1d,saved_rule_based,1.55
section_00_source_train_normal_000571,train,source,normal,B,20260904T163207Z-3a704ddd8de6a623badbc7e1,20260904T163207Z-3a704ddd8de6a623badbc7e1-dg-cd11374eb51a-000215,1,none,none,slow,normal-slow-1,rear,normal,clipped/audio_event_clean/normal/20260904T163207Z-3a704ddd8de6a623badbc7e1-dg-cd11374eb51a-000215_ch1.wav,3DPrinter/train/section_00_source_train_normal_000571.wav,718a47803fe9accf0807acc7aebf0c8b275b4bde388aea05caf80e012bcdb094,960044,411880800,412360800,28c2eaad3353a03e6b407f92b09204b1bf97d1aa219009b7d21c4d701953e77f,0,0,802f3c261908f3e2e089368d45f0a944bfc163c5aff354242553bf974305ed1d,saved_rule_based,1.55
section_00_source_train_normal_000572,train,source,normal,B,20260904T163207Z-3a704ddd8de6a623badbc7e1,20260904T163207Z-3a704ddd8de6a623badbc7e1-dg-cd11374eb51a-000218,1,none,none,slow,normal-slow-1,rear,normal,clipped/audio_event_clean/normal/20260904T163207Z-3a704ddd8de6a623badbc7e1-dg-cd11374eb51a-000218_ch1.wav,3DPrinter/train/section_00_source_train_normal_000572.wav,47f4c0a05a86e4b251bc3721396a26ea3701f751447af60cb3758d2c168d3b3c,960044,413320800,413800800,28c2eaad3353a03e6b407f92b09204b1bf97d1aa219009b7d21c4d701953e77f,0,0,802f3c261908f3e2e089368d45f0a944bfc163c5aff354242553bf974305ed1d,saved_rule_based,1.55
section_00_source_train_normal_000573,train,source,normal,B,20260904T163207Z-3a704ddd8de6a623badbc7e1,20260904T163207Z-3a704ddd8de6a623badbc7e1-dg-cd11374eb51a-000221,1,none,none,slow,normal-slow-1,rear,normal,clipped/audio_event_clean/normal/20260904T163207Z-3a704ddd8de6a623badbc7e1-dg-cd11374eb51a-000221_ch1.wav,3DPrinter/train/section_00_source_train_normal_000573.wav,d50a96031f3f5ed6653fb3081cded9f5ebb4b04af3184f7f316fbdc235f2221b,960044,414760800,415240800,28c2eaad3353a03e6b407f92b09204b1bf97d1aa219009b7d21c4d701953e77f,0,0,802f3c261908f3e2e089368d45f0a944bfc163c5aff354242553bf974305ed1d,saved_rule_based,1.55
section_00_source_train_normal_000574,train,source,normal,B,20260904T163207Z-3a704ddd8de6a623badbc7e1,20260904T163207Z-3a704ddd8de6a623badbc7e1-dg-cd11374eb51a-000225,1,none,none,slow,normal-slow-1,rear,normal,clipped/audio_event_clean/normal/20260904T163207Z-3a704ddd8de6a623badbc7e1-dg-cd11374eb51a-000225_ch1.wav,3DPrinter/train/section_00_source_train_normal_000574.wav,2eb8463ad0cc1d27fa86315a3330124c3e578ad392e8963e1277cd08d073f0d3,960044,416680800,417160800,28c2eaad3353a03e6b407f92b09204b1bf97d1aa219009b7d21c4d701953e77f,0,0,802f3c261908f3e2e089368d45f0a944bfc163c5aff354242553bf974305ed1d,saved_rule_based,1.55
section_00_source_train_normal_000575,train,source,normal,B,20260904T163207Z-3a704ddd8de6a623badbc7e1,20260904T163207Z-3a704ddd8de6a623badbc7e1-dg-cd11374eb51a-000229,1,none,none,slow,normal-slow-1,rear,normal,clipped/audio_event_clean/normal/20260904T163207Z-3a704ddd8de6a623badbc7e1-dg-cd11374eb51a-000229_ch1.wav,3DPrinter/train/section_00_source_train_normal_000575.wav,33d5c4994bb1bdf2f416363ec40a3c230bf3f8d7a2c88b86a067063d495c9558,960044,418600800,419080800,28c2eaad3353a03e6b407f92b09204b1bf97d1aa219009b7d21c4d701953e77f,0,0,802f3c261908f3e2e089368d45f0a944bfc163c5aff354242553bf974305ed1d,saved_rule_based,1.55
section_00_source_train_normal_000576,train,source,normal,B,20260904T163207Z-3a704ddd8de6a623badbc7e1,20260904T163207Z-3a704ddd8de6a623badbc7e1-dg-cd11374eb51a-000230,1,none,none,slow,normal-slow-1,rear,normal,clipped/audio_event_clean/normal/20260904T163207Z-3a704ddd8de6a623badbc7e1-dg-cd11374eb51a-000230_ch1.wav,3DPrinter/train/section_00_source_train_normal_000576.wav,40875cbb019423af683c32b647ff964410690f717c4bb6fbcecd276d8627491b,960044,419080800,419560800,28c2eaad3353a03e6b407f92b09204b1bf97d1aa219009b7d21c4d701953e77f,0,0,802f3c261908f3e2e089368d45f0a944bfc163c5aff354242553bf974305ed1d,saved_rule_based,1.55
section_00_source_train_normal_000577,train,source,normal,B,20260904T163207Z-3a704ddd8de6a623badbc7e1,20260904T163207Z-3a704ddd8de6a623badbc7e1-dg-cd11374eb51a-000232,1,none,none,slow,normal-slow-1,rear,normal,clipped/audio_event_clean/normal/20260904T163207Z-3a704ddd8de6a623badbc7e1-dg-cd11374eb51a-000232_ch1.wav,3DPrinter/train/section_00_source_train_normal_000577.wav,82a8ae48d8bd659f901b07305fa032d4a722e6e30ac531fa9d372e93406814fc,960044,420040800,420520800,28c2eaad3353a03e6b407f92b09204b1bf97d1aa219009b7d21c4d701953e77f,0,0,802f3c261908f3e2e089368d45f0a944bfc163c5aff354242553bf974305ed1d,saved_rule_based,1.55
section_00_source_train_normal_000578,train,source,normal,B,20260904T163207Z-3a704ddd8de6a623badbc7e1,20260904T163207Z-3a704ddd8de6a623badbc7e1-dg-cd11374eb51a-000233,1,none,none,slow,normal-slow-1,rear,normal,clipped/audio_event_clean/normal/20260904T163207Z-3a704ddd8de6a623badbc7e1-dg-cd11374eb51a-000233_ch1.wav,3DPrinter/train/section_00_source_train_normal_000578.wav,181f6931d7be311e65ea01e0e2fcebb718a6cc3d3b87ec351a7d58322c917968,960044,420520800,421000800,28c2eaad3353a03e6b407f92b09204b1bf97d1aa219009b7d21c4d701953e77f,0,0,802f3c261908f3e2e089368d45f0a944bfc163c5aff354242553bf974305ed1d,saved_rule_based,1.55
section_00_source_train_normal_000579,train,source,normal,B,20260904T163207Z-3a704ddd8de6a623badbc7e1,20260904T163207Z-3a704ddd8de6a623badbc7e1-dg-cd11374eb51a-000234,1,none,none,slow,normal-slow-1,rear,normal,clipped/audio_event_clean/normal/20260904T163207Z-3a704ddd8de6a623badbc7e1-dg-cd11374eb51a-000234_ch1.wav,3DPrinter/train/section_00_source_train_normal_000579.wav,6650d1c84fd995ddcf337116bd9a1aa38f94bda77e2a04aba50db6bb9195b48b,960044,421000800,421480800,28c2eaad3353a03e6b407f92b09204b1bf97d1aa219009b7d21c4d701953e77f,0,0,802f3c261908f3e2e089368d45f0a944bfc163c5aff354242553bf974305ed1d,saved_rule_based,1.55
section_00_source_train_normal_000580,train,source,normal,B,20260904T163207Z-3a704ddd8de6a623badbc7e1,20260904T163207Z-3a704ddd8de6a623badbc7e1-dg-cd11374eb51a-000235,1,none,none,slow,normal-slow-1,rear,normal,clipped/audio_event_clean/normal/20260904T163207Z-3a704ddd8de6a623badbc7e1-dg-cd11374eb51a-000235_ch1.wav,3DPrinter/train/section_00_source_train_normal_000580.wav,2dc8047e0617eb81c3fa72f4f1ce0d07dd86947bcc8f7a06307bf4016eacfa63,960044,421480800,421960800,28c2eaad3353a03e6b407f92b09204b1bf97d1aa219009b7d21c4d701953e77f,0,0,802f3c261908f3e2e089368d45f0a944bfc163c5aff354242553bf974305ed1d,saved_rule_based,1.55
section_00_source_train_normal_000581,train,source,normal,B,20260904T163207Z-3a704ddd8de6a623badbc7e1,20260904T163207Z-3a704ddd8de6a623badbc7e1-dg-cd11374eb51a-000242,1,none,none,slow,normal-slow-1,rear,normal,clipped/audio_event_clean/normal/20260904T163207Z-3a704ddd8de6a623badbc7e1-dg-cd11374eb51a-000242_ch1.wav,3DPrinter/train/section_00_source_train_normal_000581.wav,42d1073ee135e6ce80334ea5b36950743847a1872f3a04f80cbd46f502740482,960044,424840800,425320800,28c2eaad3353a03e6b407f92b09204b1bf97d1aa219009b7d21c4d701953e77f,0,0,802f3c261908f3e2e089368d45f0a944bfc163c5aff354242553bf974305ed1d,saved_rule_based,1.55
section_00_source_train_normal_000582,train,source,normal,B,20260904T163207Z-3a704ddd8de6a623badbc7e1,20260904T163207Z-3a704ddd8de6a623badbc7e1-dg-cd11374eb51a-000243,1,none,none,slow,normal-slow-1,rear,normal,clipped/audio_event_clean/normal/20260904T163207Z-3a704ddd8de6a623badbc7e1-dg-cd11374eb51a-000243_ch1.wav,3DPrinter/train/section_00_source_train_normal_000582.wav,f73d18ce1a8a66534c934f5ab96b8e777fe7bee930ed1df44bc2b75283bb8259,960044,425320800,425800800,28c2eaad3353a03e6b407f92b09204b1bf97d1aa219009b7d21c4d701953e77f,0,0,802f3c261908f3e2e089368d45f0a944bfc163c5aff354242553bf974305ed1d,saved_rule_based,1.55
section_00_source_train_normal_000583,train,source,normal,B,20260904T163207Z-3a704ddd8de6a623badbc7e1,20260904T163207Z-3a704ddd8de6a623badbc7e1-dg-cd11374eb51a-000246,1,none,none,slow,normal-slow-1,rear,normal,clipped/audio_event_clean/normal/20260904T163207Z-3a704ddd8de6a623badbc7e1-dg-cd11374eb51a-000246_ch1.wav,3DPrinter/train/section_00_source_train_normal_000583.wav,1d34d90865f7a81b8721a88906fa603c57bf4c16ad9a4c44cafa6937d3a4a502,960044,426760800,427240800,28c2eaad3353a03e6b407f92b09204b1bf97d1aa219009b7d21c4d701953e77f,0,0,802f3c261908f3e2e089368d45f0a944bfc163c5aff354242553bf974305ed1d,saved_rule_based,1.55
section_00_source_train_normal_000584,train,source,normal,B,20260904T163207Z-3a704ddd8de6a623badbc7e1,20260904T163207Z-3a704ddd8de6a623badbc7e1-dg-cd11374eb51a-000248,1,none,none,slow,normal-slow-1,rear,normal,clipped/audio_event_clean/normal/20260904T163207Z-3a704ddd8de6a623badbc7e1-dg-cd11374eb51a-000248_ch1.wav,3DPrinter/train/section_00_source_train_normal_000584.wav,0bcf0d2c73eb99b4c695f9a7d201cef50ef7e2e102e21d23c47deb49aaf67670,960044,427720800,428200800,28c2eaad3353a03e6b407f92b09204b1bf97d1aa219009b7d21c4d701953e77f,0,0,802f3c261908f3e2e089368d45f0a944bfc163c5aff354242553bf974305ed1d,saved_rule_based,1.55
section_00_source_train_normal_000585,train,source,normal,B,20260904T163207Z-3a704ddd8de6a623badbc7e1,20260904T163207Z-3a704ddd8de6a623badbc7e1-dg-cd11374eb51a-000251,1,none,none,slow,normal-slow-1,rear,normal,clipped/audio_event_clean/normal/20260904T163207Z-3a704ddd8de6a623badbc7e1-dg-cd11374eb51a-000251_ch1.wav,3DPrinter/train/section_00_source_train_normal_000585.wav,a52a2997b8182fe25ff595ff67ad194db4c58961379830e0518f5855bf887c24,960044,429160800,429640800,28c2eaad3353a03e6b407f92b09204b1bf97d1aa219009b7d21c4d701953e77f,0,0,802f3c261908f3e2e089368d45f0a944bfc163c5aff354242553bf974305ed1d,saved_rule_based,1.55
section_00_source_train_normal_000586,train,source,normal,B,20260904T163207Z-3a704ddd8de6a623badbc7e1,20260904T163207Z-3a704ddd8de6a623badbc7e1-dg-cd11374eb51a-000252,1,none,none,slow,normal-slow-1,rear,normal,clipped/audio_event_clean/normal/20260904T163207Z-3a704ddd8de6a623badbc7e1-dg-cd11374eb51a-000252_ch1.wav,3DPrinter/train/section_00_source_train_normal_000586.wav,2e0c92a00f0109f2fd109e1c3d10fe8f76b5e3cb7394879d87d1e753a896ad47,960044,429640800,430120800,28c2eaad3353a03e6b407f92b09204b1bf97d1aa219009b7d21c4d701953e77f,0,0,802f3c261908f3e2e089368d45f0a944bfc163c5aff354242553bf974305ed1d,saved_rule_based,1.55
section_00_source_train_normal_000587,train,source,normal,B,20260904T163207Z-3a704ddd8de6a623badbc7e1,20260904T163207Z-3a704ddd8de6a623badbc7e1-dg-cd11374eb51a-000253,1,none,none,slow,normal-slow-1,rear,normal,clipped/audio_event_clean/normal/20260904T163207Z-3a704ddd8de6a623badbc7e1-dg-cd11374eb51a-000253_ch1.wav,3DPrinter/train/section_00_source_train_normal_000587.wav,a0d51f756bcec5e203d1f25bc333d18ed5e1491f80e34e431fc10f901ccb4d6c,960044,430120800,430600800,28c2eaad3353a03e6b407f92b09204b1bf97d1aa219009b7d21c4d701953e77f,0,0,802f3c261908f3e2e089368d45f0a944bfc163c5aff354242553bf974305ed1d,saved_rule_based,1.55
section_00_source_train_normal_000588,train,source,normal,B,20260904T163207Z-3a704ddd8de6a623badbc7e1,20260904T163207Z-3a704ddd8de6a623badbc7e1-dg-cd11374eb51a-000255,1,none,none,slow,normal-slow-1,rear,normal,clipped/audio_event_clean/normal/20260904T163207Z-3a704ddd8de6a623badbc7e1-dg-cd11374eb51a-000255_ch1.wav,3DPrinter/train/section_00_source_train_normal_000588.wav,2a65e2e3324bae92048faae8b873b9f5670e7e60b032696b84a2bd36b4cf5323,960044,431080800,431560800,28c2eaad3353a03e6b407f92b09204b1bf97d1aa219009b7d21c4d701953e77f,0,0,802f3c261908f3e2e089368d45f0a944bfc163c5aff354242553bf974305ed1d,saved_rule_based,1.55
section_00_source_train_normal_000589,train,source,normal,B,20260904T163207Z-3a704ddd8de6a623badbc7e1,20260904T163207Z-3a704ddd8de6a623badbc7e1-dg-cd11374eb51a-000260,1,none,none,slow,normal-slow-1,rear,normal,clipped/audio_event_clean/normal/20260904T163207Z-3a704ddd8de6a623badbc7e1-dg-cd11374eb51a-000260_ch1.wav,3DPrinter/train/section_00_source_train_normal_000589.wav,4327b9e2ef5eea2c509f06e1ba3d7e909a39a84b885db178fc4c3ce48d57fedc,960044,433480800,433960800,28c2eaad3353a03e6b407f92b09204b1bf97d1aa219009b7d21c4d701953e77f,0,0,802f3c261908f3e2e089368d45f0a944bfc163c5aff354242553bf974305ed1d,saved_rule_based,1.55
section_00_source_train_normal_000590,train,source,normal,B,20260904T163207Z-3a704ddd8de6a623badbc7e1,20260904T163207Z-3a704ddd8de6a623badbc7e1-dg-cd11374eb51a-000261,1,none,none,slow,normal-slow-1,rear,normal,clipped/audio_event_clean/normal/20260904T163207Z-3a704ddd8de6a623badbc7e1-dg-cd11374eb51a-000261_ch1.wav,3DPrinter/train/section_00_source_train_normal_000590.wav,18a6c3669f76bb30f0f9c9644ee78fec46d4a1b8201808affc7ab1e595a768c0,960044,433960800,434440800,28c2eaad3353a03e6b407f92b09204b1bf97d1aa219009b7d21c4d701953e77f,0,0,802f3c261908f3e2e089368d45f0a944bfc163c5aff354242553bf974305ed1d,saved_rule_based,1.55
section_00_source_train_normal_000591,train,source,normal,B,20260904T163207Z-3a704ddd8de6a623badbc7e1,20260904T163207Z-3a704ddd8de6a623badbc7e1-dg-cd11374eb51a-000264,1,none,none,slow,normal-slow-1,rear,normal,clipped/audio_event_clean/normal/20260904T163207Z-3a704ddd8de6a623badbc7e1-dg-cd11374eb51a-000264_ch1.wav,3DPrinter/train/section_00_source_train_normal_000591.wav,c51d9ce321fcc3427e2f79cd7285eb2793cbd0885c0d4cfeccb4938caf9ae494,960044,435400800,435880800,28c2eaad3353a03e6b407f92b09204b1bf97d1aa219009b7d21c4d701953e77f,0,0,802f3c261908f3e2e089368d45f0a944bfc163c5aff354242553bf974305ed1d,saved_rule_based,1.55
section_00_source_train_normal_000592,train,source,normal,B,20260904T163207Z-3a704ddd8de6a623badbc7e1,20260904T163207Z-3a704ddd8de6a623badbc7e1-dg-cd11374eb51a-000268,1,none,none,slow,normal-slow-1,rear,normal,clipped/audio_event_clean/normal/20260904T163207Z-3a704ddd8de6a623badbc7e1-dg-cd11374eb51a-000268_ch1.wav,3DPrinter/train/section_00_source_train_normal_000592.wav,19c379416fd53ff4b25e44cc8644a2bd70ce3e44b886d06a2ac51b6a1713522b,960044,437320800,437800800,28c2eaad3353a03e6b407f92b09204b1bf97d1aa219009b7d21c4d701953e77f,0,0,802f3c261908f3e2e089368d45f0a944bfc163c5aff354242553bf974305ed1d,saved_rule_based,1.55
section_00_source_train_normal_000593,train,source,normal,B,20260904T163207Z-3a704ddd8de6a623badbc7e1,20260904T163207Z-3a704ddd8de6a623badbc7e1-dg-cd11374eb51a-000269,1,none,none,slow,normal-slow-1,rear,normal,clipped/audio_event_clean/normal/20260904T163207Z-3a704ddd8de6a623badbc7e1-dg-cd11374eb51a-000269_ch1.wav,3DPrinter/train/section_00_source_train_normal_000593.wav,d3a3227e1dbe83469418363d0c4576ba4f232fc36895efbb2460554555c4373e,960044,437800800,438280800,28c2eaad3353a03e6b407f92b09204b1bf97d1aa219009b7d21c4d701953e77f,0,0,802f3c261908f3e2e089368d45f0a944bfc163c5aff354242553bf974305ed1d,saved_rule_based,1.55
section_00_source_train_normal_000594,train,source,normal,B,20260904T163207Z-3a704ddd8de6a623badbc7e1,20260904T163207Z-3a704ddd8de6a623badbc7e1-dg-cd11374eb51a-000270,1,none,none,slow,normal-slow-1,rear,normal,clipped/audio_event_clean/normal/20260904T163207Z-3a704ddd8de6a623badbc7e1-dg-cd11374eb51a-000270_ch1.wav,3DPrinter/train/section_00_source_train_normal_000594.wav,c854d7f2c15881cd60790fa6863444e562c06e8133c0028ded2a7e4f62ab5130,960044,438280800,438760800,28c2eaad3353a03e6b407f92b09204b1bf97d1aa219009b7d21c4d701953e77f,0,0,802f3c261908f3e2e089368d45f0a944bfc163c5aff354242553bf974305ed1d,saved_rule_based,1.55
section_00_source_train_normal_000595,train,source,normal,B,20260904T163207Z-3a704ddd8de6a623badbc7e1,20260904T163207Z-3a704ddd8de6a623badbc7e1-dg-cd11374eb51a-000272,1,none,none,slow,normal-slow-1,rear,normal,clipped/audio_event_clean/normal/20260904T163207Z-3a704ddd8de6a623badbc7e1-dg-cd11374eb51a-000272_ch1.wav,3DPrinter/train/section_00_source_train_normal_000595.wav,bd989b3e966c6bac22ea06e489d155bc89ae767f503f5ec83c4616710df7a4ac,960044,439240800,439720800,28c2eaad3353a03e6b407f92b09204b1bf97d1aa219009b7d21c4d701953e77f,0,0,802f3c261908f3e2e089368d45f0a944bfc163c5aff354242553bf974305ed1d,saved_rule_based,1.55
section_00_source_train_normal_000596,train,source,normal,B,20260904T163207Z-3a704ddd8de6a623badbc7e1,20260904T163207Z-3a704ddd8de6a623badbc7e1-dg-cd11374eb51a-000274,1,none,none,slow,normal-slow-1,rear,normal,clipped/audio_event_clean/normal/20260904T163207Z-3a704ddd8de6a623badbc7e1-dg-cd11374eb51a-000274_ch1.wav,3DPrinter/train/section_00_source_train_normal_000596.wav,a26c240297396667b5e95b6b0e8057765c6c09476bdf3dc7b34885aaa6f44438,960044,440200800,440680800,28c2eaad3353a03e6b407f92b09204b1bf97d1aa219009b7d21c4d701953e77f,0,0,802f3c261908f3e2e089368d45f0a944bfc163c5aff354242553bf974305ed1d,saved_rule_based,1.55
section_00_source_train_normal_000597,train,source,normal,B,20260904T163207Z-3a704ddd8de6a623badbc7e1,20260904T163207Z-3a704ddd8de6a623badbc7e1-dg-cd11374eb51a-000277,1,none,none,slow,normal-slow-1,rear,normal,clipped/audio_event_clean/normal/20260904T163207Z-3a704ddd8de6a623badbc7e1-dg-cd11374eb51a-000277_ch1.wav,3DPrinter/train/section_00_source_train_normal_000597.wav,9ebe164988192111dd2e55f353d7c5203b8e596b5683ce498c781f9b33abe0f9,960044,441640800,442120800,28c2eaad3353a03e6b407f92b09204b1bf97d1aa219009b7d21c4d701953e77f,0,0,802f3c261908f3e2e089368d45f0a944bfc163c5aff354242553bf974305ed1d,saved_rule_based,1.55
section_00_source_train_normal_000598,train,source,normal,B,20260904T163207Z-3a704ddd8de6a623badbc7e1,20260904T163207Z-3a704ddd8de6a623badbc7e1-dg-cd11374eb51a-000278,1,none,none,slow,normal-slow-1,rear,normal,clipped/audio_event_clean/normal/20260904T163207Z-3a704ddd8de6a623badbc7e1-dg-cd11374eb51a-000278_ch1.wav,3DPrinter/train/section_00_source_train_normal_000598.wav,953f2e001a24230950e54ff81e06a07d81f63c30025ccf1d446ce70d588a692c,960044,442120800,442600800,28c2eaad3353a03e6b407f92b09204b1bf97d1aa219009b7d21c4d701953e77f,0,0,802f3c261908f3e2e089368d45f0a944bfc163c5aff354242553bf974305ed1d,saved_rule_based,1.55
section_00_source_train_normal_000599,train,source,normal,B,20260904T163207Z-3a704ddd8de6a623badbc7e1,20260904T163207Z-3a704ddd8de6a623badbc7e1-dg-cd11374eb51a-000282,1,none,none,slow,normal-slow-1,rear,normal,clipped/audio_event_clean/normal/20260904T163207Z-3a704ddd8de6a623badbc7e1-dg-cd11374eb51a-000282_ch1.wav,3DPrinter/train/section_00_source_train_normal_000599.wav,4342b38d39a28681ba37eaa206261c4a12db2d7fbbee6ac82791be7c5d166402,960044,444040800,444520800,28c2eaad3353a03e6b407f92b09204b1bf97d1aa219009b7d21c4d701953e77f,0,0,802f3c261908f3e2e089368d45f0a944bfc163c5aff354242553bf974305ed1d,saved_rule_based,1.55
section_00_source_train_normal_000600,train,source,normal,B,20260904T163207Z-3a704ddd8de6a623badbc7e1,20260904T163207Z-3a704ddd8de6a623badbc7e1-dg-cd11374eb51a-000286,1,none,none,slow,normal-slow-1,rear,normal,clipped/audio_event_clean/normal/20260904T163207Z-3a704ddd8de6a623badbc7e1-dg-cd11374eb51a-000286_ch1.wav,3DPrinter/train/section_00_source_train_normal_000600.wav,d2d2aceab33dc3273b45728b59ab7d9e864c992d7573afb76a9f0385de4c1af9,960044,445960800,446440800,28c2eaad3353a03e6b407f92b09204b1bf97d1aa219009b7d21c4d701953e77f,0,0,802f3c261908f3e2e089368d45f0a944bfc163c5aff354242553bf974305ed1d,saved_rule_based,1.55
section_00_source_train_normal_000601,train,source,normal,B,20260904T163207Z-3a704ddd8de6a623badbc7e1,20260904T163207Z-3a704ddd8de6a623badbc7e1-dg-cd11374eb51a-000288,1,none,none,slow,normal-slow-1,rear,normal,clipped/audio_event_clean/normal/20260904T163207Z-3a704ddd8de6a623badbc7e1-dg-cd11374eb51a-000288_ch1.wav,3DPrinter/train/section_00_source_train_normal_000601.wav,227fc349b7cf5ae1c352d2030e80ae8e95015aa26c3a28226964994ed5ff8f65,960044,446920800,447400800,28c2eaad3353a03e6b407f92b09204b1bf97d1aa219009b7d21c4d701953e77f,0,0,802f3c261908f3e2e089368d45f0a944bfc163c5aff354242553bf974305ed1d,saved_rule_based,1.55
section_00_source_train_normal_000602,train,source,normal,B,20260904T163207Z-3a704ddd8de6a623badbc7e1,20260904T163207Z-3a704ddd8de6a623badbc7e1-dg-cd11374eb51a-000290,1,none,none,slow,normal-slow-1,rear,normal,clipped/audio_event_clean/normal/20260904T163207Z-3a704ddd8de6a623badbc7e1-dg-cd11374eb51a-000290_ch1.wav,3DPrinter/train/section_00_source_train_normal_000602.wav,12c4ec2a984dca7dc7eff832df30a29648618c76e977c4df6769a9f191eb8bce,960044,447880800,448360800,28c2eaad3353a03e6b407f92b09204b1bf97d1aa219009b7d21c4d701953e77f,0,0,802f3c261908f3e2e089368d45f0a944bfc163c5aff354242553bf974305ed1d,saved_rule_based,1.55
section_00_source_train_normal_000603,train,source,normal,B,20260904T163207Z-3a704ddd8de6a623badbc7e1,20260904T163207Z-3a704ddd8de6a623badbc7e1-dg-cd11374eb51a-000292,1,none,none,slow,normal-slow-1,rear,normal,clipped/audio_event_clean/normal/20260904T163207Z-3a704ddd8de6a623badbc7e1-dg-cd11374eb51a-000292_ch1.wav,3DPrinter/train/section_00_source_train_normal_000603.wav,28a5e643d0796d702c20121592caa9a0e225f3f16fea582dc70b4abbab19cda3,960044,448840800,449320800,28c2eaad3353a03e6b407f92b09204b1bf97d1aa219009b7d21c4d701953e77f,0,0,802f3c261908f3e2e089368d45f0a944bfc163c5aff354242553bf974305ed1d,saved_rule_based,1.55
section_00_source_train_normal_000604,train,source,normal,B,20260904T163207Z-3a704ddd8de6a623badbc7e1,20260904T163207Z-3a704ddd8de6a623badbc7e1-dg-cd11374eb51a-000293,1,none,none,slow,normal-slow-1,rear,normal,clipped/audio_event_clean/normal/20260904T163207Z-3a704ddd8de6a623badbc7e1-dg-cd11374eb51a-000293_ch1.wav,3DPrinter/train/section_00_source_train_normal_000604.wav,020abd8696a35dfed48bda355b6883244672b5a4b0af2f4ee29bbca7c0d6fd75,960044,449320800,449800800,28c2eaad3353a03e6b407f92b09204b1bf97d1aa219009b7d21c4d701953e77f,0,0,802f3c261908f3e2e089368d45f0a944bfc163c5aff354242553bf974305ed1d,saved_rule_based,1.55
section_00_source_train_normal_000605,train,source,normal,B,20260904T163207Z-3a704ddd8de6a623badbc7e1,20260904T163207Z-3a704ddd8de6a623badbc7e1-dg-cd11374eb51a-000294,1,none,none,slow,normal-slow-1,rear,normal,clipped/audio_event_clean/normal/20260904T163207Z-3a704ddd8de6a623badbc7e1-dg-cd11374eb51a-000294_ch1.wav,3DPrinter/train/section_00_source_train_normal_000605.wav,e445ce1d364fc4a81b08f7389f3ed3c6197c4dc3c47e1570f7ce742af79b8be3,960044,449800800,450280800,28c2eaad3353a03e6b407f92b09204b1bf97d1aa219009b7d21c4d701953e77f,0,0,802f3c261908f3e2e089368d45f0a944bfc163c5aff354242553bf974305ed1d,saved_rule_based,1.55
section_00_source_train_normal_000606,train,source,normal,B,20260904T163207Z-3a704ddd8de6a623badbc7e1,20260904T163207Z-3a704ddd8de6a623badbc7e1-dg-cd11374eb51a-000297,1,none,none,slow,normal-slow-1,rear,normal,clipped/audio_event_clean/normal/20260904T163207Z-3a704ddd8de6a623badbc7e1-dg-cd11374eb51a-000297_ch1.wav,3DPrinter/train/section_00_source_train_normal_000606.wav,721c94eb2bc5a6c4636626e64d2a2a0592ce54e426271570007e9e6477ebc167,960044,451240800,451720800,28c2eaad3353a03e6b407f92b09204b1bf97d1aa219009b7d21c4d701953e77f,0,0,802f3c261908f3e2e089368d45f0a944bfc163c5aff354242553bf974305ed1d,saved_rule_based,1.55
section_00_source_train_normal_000607,train,source,normal,B,20260904T163207Z-3a704ddd8de6a623badbc7e1,20260904T163207Z-3a704ddd8de6a623badbc7e1-dg-cd11374eb51a-000298,1,none,none,slow,normal-slow-1,rear,normal,clipped/audio_event_clean/normal/20260904T163207Z-3a704ddd8de6a623badbc7e1-dg-cd11374eb51a-000298_ch1.wav,3DPrinter/train/section_00_source_train_normal_000607.wav,998a2da284b9ba7ca0ca5c0cd25ecc66eb557cbc9ea473ab98b7d983e369fde2,960044,451720800,452200800,28c2eaad3353a03e6b407f92b09204b1bf97d1aa219009b7d21c4d701953e77f,0,0,802f3c261908f3e2e089368d45f0a944bfc163c5aff354242553bf974305ed1d,saved_rule_based,1.55
section_00_source_train_normal_000608,train,source,normal,B,20260904T163207Z-3a704ddd8de6a623badbc7e1,20260904T163207Z-3a704ddd8de6a623badbc7e1-dg-cd11374eb51a-000300,1,none,none,slow,normal-slow-1,rear,normal,clipped/audio_event_clean/normal/20260904T163207Z-3a704ddd8de6a623badbc7e1-dg-cd11374eb51a-000300_ch1.wav,3DPrinter/train/section_00_source_train_normal_000608.wav,f9c79ddcfdd25d2ff248d341d47d5959a49a806be83fa3cca315182d3ae01cb7,960044,452680800,453160800,28c2eaad3353a03e6b407f92b09204b1bf97d1aa219009b7d21c4d701953e77f,0,0,802f3c261908f3e2e089368d45f0a944bfc163c5aff354242553bf974305ed1d,saved_rule_based,1.55
section_00_source_train_normal_000609,train,source,normal,B,20260904T172511Z-ad415a2a4c50dc17545694e5,20260904T172511Z-ad415a2a4c50dc17545694e5-dg-bead543a888d-000003,1,none,none,slow,normal-slow-2,rear,normal,clipped/audio_event_clean/normal/20260904T172511Z-ad415a2a4c50dc17545694e5-dg-bead543a888d-000003_ch1.wav,3DPrinter/train/section_00_source_train_normal_000609.wav,6fb7c51a3ebcd5456bfb5dd626a87e4399fb5b18a327d44faaaa2bc6df0b197f,960044,462976800,463456800,a11c9edf7d30e209b00dfc804588b4d2d286457d32725853a26985138bfe0fb7,0,0,23262abea4a78a15730cb9a904377c1f1d1cf4547ae64d53542b914fb33ec930,saved_rule_based,1.79
section_00_source_train_normal_000610,train,source,normal,B,20260904T172511Z-ad415a2a4c50dc17545694e5,20260904T172511Z-ad415a2a4c50dc17545694e5-dg-bead543a888d-000004,1,none,none,slow,normal-slow-2,rear,normal,clipped/audio_event_clean/normal/20260904T172511Z-ad415a2a4c50dc17545694e5-dg-bead543a888d-000004_ch1.wav,3DPrinter/train/section_00_source_train_normal_000610.wav,7391ad60bc373ad3b17c9f20962ff7b4baa91cc36c5adc88c69236e0da64a524,960044,463456800,463936800,a11c9edf7d30e209b00dfc804588b4d2d286457d32725853a26985138bfe0fb7,0,0,23262abea4a78a15730cb9a904377c1f1d1cf4547ae64d53542b914fb33ec930,saved_rule_based,1.79
section_00_source_train_normal_000611,train,source,normal,B,20260904T172511Z-ad415a2a4c50dc17545694e5,20260904T172511Z-ad415a2a4c50dc17545694e5-dg-bead543a888d-000006,1,none,none,slow,normal-slow-2,rear,normal,clipped/audio_event_clean/normal/20260904T172511Z-ad415a2a4c50dc17545694e5-dg-bead543a888d-000006_ch1.wav,3DPrinter/train/section_00_source_train_normal_000611.wav,b7a084e9e601665884f896e0b13e670765d6e6bbeb87d7ba5088c346ef9c06da,960044,464416800,464896800,a11c9edf7d30e209b00dfc804588b4d2d286457d32725853a26985138bfe0fb7,0,0,23262abea4a78a15730cb9a904377c1f1d1cf4547ae64d53542b914fb33ec930,saved_rule_based,1.79
section_00_source_train_normal_000612,train,source,normal,B,20260904T172511Z-ad415a2a4c50dc17545694e5,20260904T172511Z-ad415a2a4c50dc17545694e5-dg-bead543a888d-000007,1,none,none,slow,normal-slow-2,rear,normal,clipped/audio_event_clean/normal/20260904T172511Z-ad415a2a4c50dc17545694e5-dg-bead543a888d-000007_ch1.wav,3DPrinter/train/section_00_source_train_normal_000612.wav,36fc4e2f40af0cc788a9543b7bc931f2fcd68bec433e1feee582be3541dc676f,960044,464896800,465376800,a11c9edf7d30e209b00dfc804588b4d2d286457d32725853a26985138bfe0fb7,0,0,23262abea4a78a15730cb9a904377c1f1d1cf4547ae64d53542b914fb33ec930,saved_rule_based,1.79
section_00_source_train_normal_000613,train,source,normal,B,20260904T172511Z-ad415a2a4c50dc17545694e5,20260904T172511Z-ad415a2a4c50dc17545694e5-dg-bead543a888d-000008,1,none,none,slow,normal-slow-2,rear,normal,clipped/audio_event_clean/normal/20260904T172511Z-ad415a2a4c50dc17545694e5-dg-bead543a888d-000008_ch1.wav,3DPrinter/train/section_00_source_train_normal_000613.wav,26b3319a51c4a98b0dbb58cd0ca568afeed9231524b1e1b902d8bfde318087b5,960044,465376800,465856800,a11c9edf7d30e209b00dfc804588b4d2d286457d32725853a26985138bfe0fb7,0,0,23262abea4a78a15730cb9a904377c1f1d1cf4547ae64d53542b914fb33ec930,saved_rule_based,1.79
section_00_source_train_normal_000614,train,source,normal,B,20260904T172511Z-ad415a2a4c50dc17545694e5,20260904T172511Z-ad415a2a4c50dc17545694e5-dg-bead543a888d-000009,1,none,none,slow,normal-slow-2,rear,normal,clipped/audio_event_clean/normal/20260904T172511Z-ad415a2a4c50dc17545694e5-dg-bead543a888d-000009_ch1.wav,3DPrinter/train/section_00_source_train_normal_000614.wav,787ec89e41dd95d95ec3daf0252f457507d10f5687403d3ff398fea34829967b,960044,465856800,466336800,a11c9edf7d30e209b00dfc804588b4d2d286457d32725853a26985138bfe0fb7,0,0,23262abea4a78a15730cb9a904377c1f1d1cf4547ae64d53542b914fb33ec930,saved_rule_based,1.79
section_00_source_train_normal_000615,train,source,normal,B,20260904T172511Z-ad415a2a4c50dc17545694e5,20260904T172511Z-ad415a2a4c50dc17545694e5-dg-bead543a888d-000011,1,none,none,slow,normal-slow-2,rear,normal,clipped/audio_event_clean/normal/20260904T172511Z-ad415a2a4c50dc17545694e5-dg-bead543a888d-000011_ch1.wav,3DPrinter/train/section_00_source_train_normal_000615.wav,22e10d08fb172d7b872aaddfe8598462a2869385e92f0ec43de54e9c3a7e4522,960044,466816800,467296800,a11c9edf7d30e209b00dfc804588b4d2d286457d32725853a26985138bfe0fb7,0,0,23262abea4a78a15730cb9a904377c1f1d1cf4547ae64d53542b914fb33ec930,saved_rule_based,1.79
section_00_source_train_normal_000616,train,source,normal,B,20260904T172511Z-ad415a2a4c50dc17545694e5,20260904T172511Z-ad415a2a4c50dc17545694e5-dg-bead543a888d-000012,1,none,none,slow,normal-slow-2,rear,normal,clipped/audio_event_clean/normal/20260904T172511Z-ad415a2a4c50dc17545694e5-dg-bead543a888d-000012_ch1.wav,3DPrinter/train/section_00_source_train_normal_000616.wav,7c7744ed2d9038fa5730966d3a6bdbe2b0d69805b199fd290d965a54954859fd,960044,467296800,467776800,a11c9edf7d30e209b00dfc804588b4d2d286457d32725853a26985138bfe0fb7,0,0,23262abea4a78a15730cb9a904377c1f1d1cf4547ae64d53542b914fb33ec930,saved_rule_based,1.79
section_00_source_train_normal_000617,train,source,normal,B,20260904T172511Z-ad415a2a4c50dc17545694e5,20260904T172511Z-ad415a2a4c50dc17545694e5-dg-bead543a888d-000013,1,none,none,slow,normal-slow-2,rear,normal,clipped/audio_event_clean/normal/20260904T172511Z-ad415a2a4c50dc17545694e5-dg-bead543a888d-000013_ch1.wav,3DPrinter/train/section_00_source_train_normal_000617.wav,abad064d74677e0168155d1f0a0f8cad1450a586fec0d3b7d4ee94e8c46fec2e,960044,467776800,468256800,a11c9edf7d30e209b00dfc804588b4d2d286457d32725853a26985138bfe0fb7,0,0,23262abea4a78a15730cb9a904377c1f1d1cf4547ae64d53542b914fb33ec930,saved_rule_based,1.79
section_00_source_train_normal_000618,train,source,normal,B,20260904T172511Z-ad415a2a4c50dc17545694e5,20260904T172511Z-ad415a2a4c50dc17545694e5-dg-bead543a888d-000018,1,none,none,slow,normal-slow-2,rear,normal,clipped/audio_event_clean/normal/20260904T172511Z-ad415a2a4c50dc17545694e5-dg-bead543a888d-000018_ch1.wav,3DPrinter/train/section_00_source_train_normal_000618.wav,26a26d3e8d8957ec757de63f6cb9e73f4592994dfdf7037a7564e547b69ec346,960044,470176800,470656800,a11c9edf7d30e209b00dfc804588b4d2d286457d32725853a26985138bfe0fb7,0,0,23262abea4a78a15730cb9a904377c1f1d1cf4547ae64d53542b914fb33ec930,saved_rule_based,1.79
section_00_source_train_normal_000619,train,source,normal,B,20260904T172511Z-ad415a2a4c50dc17545694e5,20260904T172511Z-ad415a2a4c50dc17545694e5-dg-bead543a888d-000019,1,none,none,slow,normal-slow-2,rear,normal,clipped/audio_event_clean/normal/20260904T172511Z-ad415a2a4c50dc17545694e5-dg-bead543a888d-000019_ch1.wav,3DPrinter/train/section_00_source_train_normal_000619.wav,853caa18fdd494b2fac7da908842f14a9666a692b89efc3bad2e55ed86c626c7,960044,470656800,471136800,a11c9edf7d30e209b00dfc804588b4d2d286457d32725853a26985138bfe0fb7,0,0,23262abea4a78a15730cb9a904377c1f1d1cf4547ae64d53542b914fb33ec930,saved_rule_based,1.79
section_00_source_train_normal_000620,train,source,normal,B,20260904T172511Z-ad415a2a4c50dc17545694e5,20260904T172511Z-ad415a2a4c50dc17545694e5-dg-bead543a888d-000020,1,none,none,slow,normal-slow-2,rear,normal,clipped/audio_event_clean/normal/20260904T172511Z-ad415a2a4c50dc17545694e5-dg-bead543a888d-000020_ch1.wav,3DPrinter/train/section_00_source_train_normal_000620.wav,84fc8d2e5890f3da59d4210ea5bfb78049bb08682ffd9b3efc73e5f5e080964e,960044,471136800,471616800,a11c9edf7d30e209b00dfc804588b4d2d286457d32725853a26985138bfe0fb7,0,0,23262abea4a78a15730cb9a904377c1f1d1cf4547ae64d53542b914fb33ec930,saved_rule_based,1.79
section_00_source_train_normal_000621,train,source,normal,B,20260904T172511Z-ad415a2a4c50dc17545694e5,20260904T172511Z-ad415a2a4c50dc17545694e5-dg-bead543a888d-000021,1,none,none,slow,normal-slow-2,rear,normal,clipped/audio_event_clean/normal/20260904T172511Z-ad415a2a4c50dc17545694e5-dg-bead543a888d-000021_ch1.wav,3DPrinter/train/section_00_source_train_normal_000621.wav,8879d16f70134dd00cbea297a0e2ee20cccf7fb3a8e5e8764be78926814b5ee4,960044,471616800,472096800,a11c9edf7d30e209b00dfc804588b4d2d286457d32725853a26985138bfe0fb7,0,0,23262abea4a78a15730cb9a904377c1f1d1cf4547ae64d53542b914fb33ec930,saved_rule_based,1.79
section_00_source_train_normal_000622,train,source,normal,B,20260904T172511Z-ad415a2a4c50dc17545694e5,20260904T172511Z-ad415a2a4c50dc17545694e5-dg-bead543a888d-000029,1,none,none,slow,normal-slow-2,rear,normal,clipped/audio_event_clean/normal/20260904T172511Z-ad415a2a4c50dc17545694e5-dg-bead543a888d-000029_ch1.wav,3DPrinter/train/section_00_source_train_normal_000622.wav,d293a84603c8f24e745a5140884922c1047287b3a3d8e106b1cb27089d826c6e,960044,475456800,475936800,a11c9edf7d30e209b00dfc804588b4d2d286457d32725853a26985138bfe0fb7,0,0,23262abea4a78a15730cb9a904377c1f1d1cf4547ae64d53542b914fb33ec930,saved_rule_based,1.79
section_00_source_train_normal_000623,train,source,normal,B,20260904T172511Z-ad415a2a4c50dc17545694e5,20260904T172511Z-ad415a2a4c50dc17545694e5-dg-bead543a888d-000030,1,none,none,slow,normal-slow-2,rear,normal,clipped/audio_event_clean/normal/20260904T172511Z-ad415a2a4c50dc17545694e5-dg-bead543a888d-000030_ch1.wav,3DPrinter/train/section_00_source_train_normal_000623.wav,738748839f71417d5501206ad537379b81ab9b1e5182f61d1eda54080f59ea2f,960044,475936800,476416800,a11c9edf7d30e209b00dfc804588b4d2d286457d32725853a26985138bfe0fb7,0,0,23262abea4a78a15730cb9a904377c1f1d1cf4547ae64d53542b914fb33ec930,saved_rule_based,1.79
section_00_source_train_normal_000624,train,source,normal,B,20260904T172511Z-ad415a2a4c50dc17545694e5,20260904T172511Z-ad415a2a4c50dc17545694e5-dg-bead543a888d-000031,1,none,none,slow,normal-slow-2,rear,normal,clipped/audio_event_clean/normal/20260904T172511Z-ad415a2a4c50dc17545694e5-dg-bead543a888d-000031_ch1.wav,3DPrinter/train/section_00_source_train_normal_000624.wav,a447b8183b0e9579765eab62ae43e035751a1e1e894e89cbc3be347ce8e2f6cf,960044,476416800,476896800,a11c9edf7d30e209b00dfc804588b4d2d286457d32725853a26985138bfe0fb7,0,0,23262abea4a78a15730cb9a904377c1f1d1cf4547ae64d53542b914fb33ec930,saved_rule_based,1.79
section_00_source_train_normal_000625,train,source,normal,B,20260904T172511Z-ad415a2a4c50dc17545694e5,20260904T172511Z-ad415a2a4c50dc17545694e5-dg-bead543a888d-000033,1,none,none,slow,normal-slow-2,rear,normal,clipped/audio_event_clean/normal/20260904T172511Z-ad415a2a4c50dc17545694e5-dg-bead543a888d-000033_ch1.wav,3DPrinter/train/section_00_source_train_normal_000625.wav,b59c47d64a65f1a324d38d985fa4b65e9bf5fea2715b8d76ea6bd0bf40a4742f,960044,477376800,477856800,a11c9edf7d30e209b00dfc804588b4d2d286457d32725853a26985138bfe0fb7,0,0,23262abea4a78a15730cb9a904377c1f1d1cf4547ae64d53542b914fb33ec930,saved_rule_based,1.79
section_00_source_train_normal_000626,train,source,normal,B,20260904T172511Z-ad415a2a4c50dc17545694e5,20260904T172511Z-ad415a2a4c50dc17545694e5-dg-bead543a888d-000034,1,none,none,slow,normal-slow-2,rear,normal,clipped/audio_event_clean/normal/20260904T172511Z-ad415a2a4c50dc17545694e5-dg-bead543a888d-000034_ch1.wav,3DPrinter/train/section_00_source_train_normal_000626.wav,4bc139de110d189e0386608f88ebc235ed6425d7fa4af7b2e6e9ad23799d73ff,960044,477856800,478336800,a11c9edf7d30e209b00dfc804588b4d2d286457d32725853a26985138bfe0fb7,0,0,23262abea4a78a15730cb9a904377c1f1d1cf4547ae64d53542b914fb33ec930,saved_rule_based,1.79
section_00_source_train_normal_000627,train,source,normal,B,20260904T172511Z-ad415a2a4c50dc17545694e5,20260904T172511Z-ad415a2a4c50dc17545694e5-dg-bead543a888d-000035,1,none,none,slow,normal-slow-2,rear,normal,clipped/audio_event_clean/normal/20260904T172511Z-ad415a2a4c50dc17545694e5-dg-bead543a888d-000035_ch1.wav,3DPrinter/train/section_00_source_train_normal_000627.wav,7fbaee9167d0fa382e78acb228d587211e3791b957f4ff6a2ec565651c0e3951,960044,478336800,478816800,a11c9edf7d30e209b00dfc804588b4d2d286457d32725853a26985138bfe0fb7,0,0,23262abea4a78a15730cb9a904377c1f1d1cf4547ae64d53542b914fb33ec930,saved_rule_based,1.79
section_00_source_train_normal_000628,train,source,normal,B,20260904T172511Z-ad415a2a4c50dc17545694e5,20260904T172511Z-ad415a2a4c50dc17545694e5-dg-bead543a888d-000038,1,none,none,slow,normal-slow-2,rear,normal,clipped/audio_event_clean/normal/20260904T172511Z-ad415a2a4c50dc17545694e5-dg-bead543a888d-000038_ch1.wav,3DPrinter/train/section_00_source_train_normal_000628.wav,fcbf9595c8353447fdb687e9eebb91bb96f026cb99dded3ed77fa2ae5627a205,960044,479776800,480256800,a11c9edf7d30e209b00dfc804588b4d2d286457d32725853a26985138bfe0fb7,0,0,23262abea4a78a15730cb9a904377c1f1d1cf4547ae64d53542b914fb33ec930,saved_rule_based,1.79
section_00_source_train_normal_000629,train,source,normal,B,20260904T172511Z-ad415a2a4c50dc17545694e5,20260904T172511Z-ad415a2a4c50dc17545694e5-dg-bead543a888d-000039,1,none,none,slow,normal-slow-2,rear,normal,clipped/audio_event_clean/normal/20260904T172511Z-ad415a2a4c50dc17545694e5-dg-bead543a888d-000039_ch1.wav,3DPrinter/train/section_00_source_train_normal_000629.wav,fc423254283976bf760eed4584941d0cfc581700dd18dcb9c2019763bb0febd2,960044,480256800,480736800,a11c9edf7d30e209b00dfc804588b4d2d286457d32725853a26985138bfe0fb7,0,0,23262abea4a78a15730cb9a904377c1f1d1cf4547ae64d53542b914fb33ec930,saved_rule_based,1.79
section_00_source_train_normal_000630,train,source,normal,B,20260904T172511Z-ad415a2a4c50dc17545694e5,20260904T172511Z-ad415a2a4c50dc17545694e5-dg-bead543a888d-000040,1,none,none,slow,normal-slow-2,rear,normal,clipped/audio_event_clean/normal/20260904T172511Z-ad415a2a4c50dc17545694e5-dg-bead543a888d-000040_ch1.wav,3DPrinter/train/section_00_source_train_normal_000630.wav,dc7a8e40c9d6f26ed7603237ee8a7317477770e1da45526f55e2f19c43303c17,960044,480736800,481216800,a11c9edf7d30e209b00dfc804588b4d2d286457d32725853a26985138bfe0fb7,0,0,23262abea4a78a15730cb9a904377c1f1d1cf4547ae64d53542b914fb33ec930,saved_rule_based,1.79
section_00_source_train_normal_000631,train,source,normal,B,20260904T172511Z-ad415a2a4c50dc17545694e5,20260904T172511Z-ad415a2a4c50dc17545694e5-dg-bead543a888d-000042,1,none,none,slow,normal-slow-2,rear,normal,clipped/audio_event_clean/normal/20260904T172511Z-ad415a2a4c50dc17545694e5-dg-bead543a888d-000042_ch1.wav,3DPrinter/train/section_00_source_train_normal_000631.wav,7e75ed13f0d47b2c8c92be3b08dbc878d3d292391e8eca29ec76bab744ceabbb,960044,481696800,482176800,a11c9edf7d30e209b00dfc804588b4d2d286457d32725853a26985138bfe0fb7,0,0,23262abea4a78a15730cb9a904377c1f1d1cf4547ae64d53542b914fb33ec930,saved_rule_based,1.79
section_00_source_train_normal_000632,train,source,normal,B,20260904T172511Z-ad415a2a4c50dc17545694e5,20260904T172511Z-ad415a2a4c50dc17545694e5-dg-bead543a888d-000043,1,none,none,slow,normal-slow-2,rear,normal,clipped/audio_event_clean/normal/20260904T172511Z-ad415a2a4c50dc17545694e5-dg-bead543a888d-000043_ch1.wav,3DPrinter/train/section_00_source_train_normal_000632.wav,cfb592dddfb4164d8416843322cf4d97363b932a7dc549ea944f97cda49ef733,960044,482176800,482656800,a11c9edf7d30e209b00dfc804588b4d2d286457d32725853a26985138bfe0fb7,0,0,23262abea4a78a15730cb9a904377c1f1d1cf4547ae64d53542b914fb33ec930,saved_rule_based,1.79
section_00_source_train_normal_000633,train,source,normal,B,20260904T172511Z-ad415a2a4c50dc17545694e5,20260904T172511Z-ad415a2a4c50dc17545694e5-dg-bead543a888d-000046,1,none,none,slow,normal-slow-2,rear,normal,clipped/audio_event_clean/normal/20260904T172511Z-ad415a2a4c50dc17545694e5-dg-bead543a888d-000046_ch1.wav,3DPrinter/train/section_00_source_train_normal_000633.wav,86f9010d9dd9d1691dd5f72737d87d82dbd66d406ebf3d0a32bb90058f450141,960044,483616800,484096800,a11c9edf7d30e209b00dfc804588b4d2d286457d32725853a26985138bfe0fb7,0,0,23262abea4a78a15730cb9a904377c1f1d1cf4547ae64d53542b914fb33ec930,saved_rule_based,1.79
section_00_source_train_normal_000634,train,source,normal,B,20260904T172511Z-ad415a2a4c50dc17545694e5,20260904T172511Z-ad415a2a4c50dc17545694e5-dg-bead543a888d-000047,1,none,none,slow,normal-slow-2,rear,normal,clipped/audio_event_clean/normal/20260904T172511Z-ad415a2a4c50dc17545694e5-dg-bead543a888d-000047_ch1.wav,3DPrinter/train/section_00_source_train_normal_000634.wav,fcb2822922c5e0f8f176bceef9faf4ce952d2724c1615103ac03902fb4ebf2e7,960044,484096800,484576800,a11c9edf7d30e209b00dfc804588b4d2d286457d32725853a26985138bfe0fb7,0,0,23262abea4a78a15730cb9a904377c1f1d1cf4547ae64d53542b914fb33ec930,saved_rule_based,1.79
section_00_source_train_normal_000635,train,source,normal,B,20260904T172511Z-ad415a2a4c50dc17545694e5,20260904T172511Z-ad415a2a4c50dc17545694e5-dg-bead543a888d-000052,1,none,none,slow,normal-slow-2,rear,normal,clipped/audio_event_clean/normal/20260904T172511Z-ad415a2a4c50dc17545694e5-dg-bead543a888d-000052_ch1.wav,3DPrinter/train/section_00_source_train_normal_000635.wav,17e48d5db207c96cb578f510d15a069511e5f89b928ec8eac3002b5c30cb4b73,960044,486496800,486976800,a11c9edf7d30e209b00dfc804588b4d2d286457d32725853a26985138bfe0fb7,0,0,23262abea4a78a15730cb9a904377c1f1d1cf4547ae64d53542b914fb33ec930,saved_rule_based,1.79
section_00_source_train_normal_000636,train,source,normal,B,20260904T172511Z-ad415a2a4c50dc17545694e5,20260904T172511Z-ad415a2a4c50dc17545694e5-dg-bead543a888d-000055,1,none,none,slow,normal-slow-2,rear,normal,clipped/audio_event_clean/normal/20260904T172511Z-ad415a2a4c50dc17545694e5-dg-bead543a888d-000055_ch1.wav,3DPrinter/train/section_00_source_train_normal_000636.wav,8e131b37eda1d137062310ce37feba37d0a56c2e3d5ca595274e76e8fb93b7c1,960044,487936800,488416800,a11c9edf7d30e209b00dfc804588b4d2d286457d32725853a26985138bfe0fb7,0,0,23262abea4a78a15730cb9a904377c1f1d1cf4547ae64d53542b914fb33ec930,saved_rule_based,1.79
section_00_source_train_normal_000637,train,source,normal,B,20260904T172511Z-ad415a2a4c50dc17545694e5,20260904T172511Z-ad415a2a4c50dc17545694e5-dg-bead543a888d-000056,1,none,none,slow,normal-slow-2,rear,normal,clipped/audio_event_clean/normal/20260904T172511Z-ad415a2a4c50dc17545694e5-dg-bead543a888d-000056_ch1.wav,3DPrinter/train/section_00_source_train_normal_000637.wav,496d2df4775ab09fd9d32d343211fdb26a2cff4963702dc390438b2f3c09316e,960044,488416800,488896800,a11c9edf7d30e209b00dfc804588b4d2d286457d32725853a26985138bfe0fb7,0,0,23262abea4a78a15730cb9a904377c1f1d1cf4547ae64d53542b914fb33ec930,saved_rule_based,1.79
section_00_source_train_normal_000638,train,source,normal,B,20260904T172511Z-ad415a2a4c50dc17545694e5,20260904T172511Z-ad415a2a4c50dc17545694e5-dg-bead543a888d-000058,1,none,none,slow,normal-slow-2,rear,normal,clipped/audio_event_clean/normal/20260904T172511Z-ad415a2a4c50dc17545694e5-dg-bead543a888d-000058_ch1.wav,3DPrinter/train/section_00_source_train_normal_000638.wav,83e4b544b9ae9fc087ebecd5e72386d97e73b9a8f4fc3f8b94ac0d2743f35047,960044,489376800,489856800,a11c9edf7d30e209b00dfc804588b4d2d286457d32725853a26985138bfe0fb7,0,0,23262abea4a78a15730cb9a904377c1f1d1cf4547ae64d53542b914fb33ec930,saved_rule_based,1.79
section_00_source_train_normal_000639,train,source,normal,B,20260904T172511Z-ad415a2a4c50dc17545694e5,20260904T172511Z-ad415a2a4c50dc17545694e5-dg-bead543a888d-000059,1,none,none,slow,normal-slow-2,rear,normal,clipped/audio_event_clean/normal/20260904T172511Z-ad415a2a4c50dc17545694e5-dg-bead543a888d-000059_ch1.wav,3DPrinter/train/section_00_source_train_normal_000639.wav,9d53354d8e32fa18f45e0259dda58a4450820bd26450b1796176fccd2870c78f,960044,489856800,490336800,a11c9edf7d30e209b00dfc804588b4d2d286457d32725853a26985138bfe0fb7,0,0,23262abea4a78a15730cb9a904377c1f1d1cf4547ae64d53542b914fb33ec930,saved_rule_based,1.79
section_00_source_train_normal_000640,train,source,normal,B,20260904T172511Z-ad415a2a4c50dc17545694e5,20260904T172511Z-ad415a2a4c50dc17545694e5-dg-bead543a888d-000061,1,none,none,slow,normal-slow-2,rear,normal,clipped/audio_event_clean/normal/20260904T172511Z-ad415a2a4c50dc17545694e5-dg-bead543a888d-000061_ch1.wav,3DPrinter/train/section_00_source_train_normal_000640.wav,aa763118fcc01cdd89100ac49759becfdf38f2bb0d8a82c6d51c3327baaf3d47,960044,490816800,491296800,a11c9edf7d30e209b00dfc804588b4d2d286457d32725853a26985138bfe0fb7,0,0,23262abea4a78a15730cb9a904377c1f1d1cf4547ae64d53542b914fb33ec930,saved_rule_based,1.79
section_00_source_train_normal_000641,train,source,normal,B,20260904T172511Z-ad415a2a4c50dc17545694e5,20260904T172511Z-ad415a2a4c50dc17545694e5-dg-bead543a888d-000062,1,none,none,slow,normal-slow-2,rear,normal,clipped/audio_event_clean/normal/20260904T172511Z-ad415a2a4c50dc17545694e5-dg-bead543a888d-000062_ch1.wav,3DPrinter/train/section_00_source_train_normal_000641.wav,2341b9953391ede5a4b8aef8c1c8f367941d7a59618d4c9cf2720d0462c2e241,960044,491296800,491776800,a11c9edf7d30e209b00dfc804588b4d2d286457d32725853a26985138bfe0fb7,0,0,23262abea4a78a15730cb9a904377c1f1d1cf4547ae64d53542b914fb33ec930,saved_rule_based,1.79
section_00_source_train_normal_000642,train,source,normal,B,20260904T172511Z-ad415a2a4c50dc17545694e5,20260904T172511Z-ad415a2a4c50dc17545694e5-dg-bead543a888d-000063,1,none,none,slow,normal-slow-2,rear,normal,clipped/audio_event_clean/normal/20260904T172511Z-ad415a2a4c50dc17545694e5-dg-bead543a888d-000063_ch1.wav,3DPrinter/train/section_00_source_train_normal_000642.wav,dc563691749aca0016c531a45ce2c98e40830c7d1053c2159213d9efe4d9cf64,960044,491776800,492256800,a11c9edf7d30e209b00dfc804588b4d2d286457d32725853a26985138bfe0fb7,0,0,23262abea4a78a15730cb9a904377c1f1d1cf4547ae64d53542b914fb33ec930,saved_rule_based,1.79
section_00_source_train_normal_000643,train,source,normal,B,20260904T172511Z-ad415a2a4c50dc17545694e5,20260904T172511Z-ad415a2a4c50dc17545694e5-dg-bead543a888d-000064,1,none,none,slow,normal-slow-2,rear,normal,clipped/audio_event_clean/normal/20260904T172511Z-ad415a2a4c50dc17545694e5-dg-bead543a888d-000064_ch1.wav,3DPrinter/train/section_00_source_train_normal_000643.wav,8740179e4593a4e50680e65776c4047f0a37f382659977ba737f97dbd7e7f954,960044,492256800,492736800,a11c9edf7d30e209b00dfc804588b4d2d286457d32725853a26985138bfe0fb7,0,0,23262abea4a78a15730cb9a904377c1f1d1cf4547ae64d53542b914fb33ec930,saved_rule_based,1.79
section_00_source_train_normal_000644,train,source,normal,B,20260904T172511Z-ad415a2a4c50dc17545694e5,20260904T172511Z-ad415a2a4c50dc17545694e5-dg-bead543a888d-000065,1,none,none,slow,normal-slow-2,rear,normal,clipped/audio_event_clean/normal/20260904T172511Z-ad415a2a4c50dc17545694e5-dg-bead543a888d-000065_ch1.wav,3DPrinter/train/section_00_source_train_normal_000644.wav,23616910a689b47f9a4aebf8586ddd358296affe59ef7755948954b73847e479,960044,492736800,493216800,a11c9edf7d30e209b00dfc804588b4d2d286457d32725853a26985138bfe0fb7,0,0,23262abea4a78a15730cb9a904377c1f1d1cf4547ae64d53542b914fb33ec930,saved_rule_based,1.79
section_00_source_train_normal_000645,train,source,normal,B,20260904T172511Z-ad415a2a4c50dc17545694e5,20260904T172511Z-ad415a2a4c50dc17545694e5-dg-bead543a888d-000067,1,none,none,slow,normal-slow-2,rear,normal,clipped/audio_event_clean/normal/20260904T172511Z-ad415a2a4c50dc17545694e5-dg-bead543a888d-000067_ch1.wav,3DPrinter/train/section_00_source_train_normal_000645.wav,04faca71ee8f392f1151ba764580debd044afb600d4e6927588d9d841d80288c,960044,493696800,494176800,a11c9edf7d30e209b00dfc804588b4d2d286457d32725853a26985138bfe0fb7,0,0,23262abea4a78a15730cb9a904377c1f1d1cf4547ae64d53542b914fb33ec930,saved_rule_based,1.79
section_00_source_train_normal_000646,train,source,normal,B,20260904T172511Z-ad415a2a4c50dc17545694e5,20260904T172511Z-ad415a2a4c50dc17545694e5-dg-bead543a888d-000070,1,none,none,slow,normal-slow-2,rear,normal,clipped/audio_event_clean/normal/20260904T172511Z-ad415a2a4c50dc17545694e5-dg-bead543a888d-000070_ch1.wav,3DPrinter/train/section_00_source_train_normal_000646.wav,2a99af18a4c3b927c1181243713ebb800b09e2429fb24da5c0cbc0cf7e764842,960044,495136800,495616800,a11c9edf7d30e209b00dfc804588b4d2d286457d32725853a26985138bfe0fb7,0,0,23262abea4a78a15730cb9a904377c1f1d1cf4547ae64d53542b914fb33ec930,saved_rule_based,1.79
section_00_source_train_normal_000647,train,source,normal,B,20260904T172511Z-ad415a2a4c50dc17545694e5,20260904T172511Z-ad415a2a4c50dc17545694e5-dg-bead543a888d-000072,1,none,none,slow,normal-slow-2,rear,normal,clipped/audio_event_clean/normal/20260904T172511Z-ad415a2a4c50dc17545694e5-dg-bead543a888d-000072_ch1.wav,3DPrinter/train/section_00_source_train_normal_000647.wav,787fc81a468027584df50693bb36a8482be407a0fc7abe8a16722e768c50dddc,960044,496096800,496576800,a11c9edf7d30e209b00dfc804588b4d2d286457d32725853a26985138bfe0fb7,0,0,23262abea4a78a15730cb9a904377c1f1d1cf4547ae64d53542b914fb33ec930,saved_rule_based,1.79
section_00_source_train_normal_000648,train,source,normal,B,20260904T172511Z-ad415a2a4c50dc17545694e5,20260904T172511Z-ad415a2a4c50dc17545694e5-dg-bead543a888d-000074,1,none,none,slow,normal-slow-2,rear,normal,clipped/audio_event_clean/normal/20260904T172511Z-ad415a2a4c50dc17545694e5-dg-bead543a888d-000074_ch1.wav,3DPrinter/train/section_00_source_train_normal_000648.wav,5e39d785c0ae7251fffbdcf71e9c1a1247d5ad1d53801a6236a9a11553c2e55e,960044,497056800,497536800,a11c9edf7d30e209b00dfc804588b4d2d286457d32725853a26985138bfe0fb7,0,0,23262abea4a78a15730cb9a904377c1f1d1cf4547ae64d53542b914fb33ec930,saved_rule_based,1.79
section_00_source_train_normal_000649,train,source,normal,B,20260904T172511Z-ad415a2a4c50dc17545694e5,20260904T172511Z-ad415a2a4c50dc17545694e5-dg-bead543a888d-000076,1,none,none,slow,normal-slow-2,rear,normal,clipped/audio_event_clean/normal/20260904T172511Z-ad415a2a4c50dc17545694e5-dg-bead543a888d-000076_ch1.wav,3DPrinter/train/section_00_source_train_normal_000649.wav,c1b6a4b083c229d5966f31f8472122786056e58e0eb559045839a675a66d180a,960044,498016800,498496800,a11c9edf7d30e209b00dfc804588b4d2d286457d32725853a26985138bfe0fb7,0,0,23262abea4a78a15730cb9a904377c1f1d1cf4547ae64d53542b914fb33ec930,saved_rule_based,1.79
section_00_source_train_normal_000650,train,source,normal,B,20260904T172511Z-ad415a2a4c50dc17545694e5,20260904T172511Z-ad415a2a4c50dc17545694e5-dg-bead543a888d-000077,1,none,none,slow,normal-slow-2,rear,normal,clipped/audio_event_clean/normal/20260904T172511Z-ad415a2a4c50dc17545694e5-dg-bead543a888d-000077_ch1.wav,3DPrinter/train/section_00_source_train_normal_000650.wav,f9407b374c42255b15915203bfc1253e3ee8023c7558e6637aeae6ea33a2593a,960044,498496800,498976800,a11c9edf7d30e209b00dfc804588b4d2d286457d32725853a26985138bfe0fb7,0,0,23262abea4a78a15730cb9a904377c1f1d1cf4547ae64d53542b914fb33ec930,saved_rule_based,1.79
section_00_source_train_normal_000651,train,source,normal,B,20260904T172511Z-ad415a2a4c50dc17545694e5,20260904T172511Z-ad415a2a4c50dc17545694e5-dg-bead543a888d-000081,1,none,none,slow,normal-slow-2,rear,normal,clipped/audio_event_clean/normal/20260904T172511Z-ad415a2a4c50dc17545694e5-dg-bead543a888d-000081_ch1.wav,3DPrinter/train/section_00_source_train_normal_000651.wav,1db10ebfbb810003b2175a3f5864583f96f96ce6390edee54e10136907efa984,960044,500416800,500896800,a11c9edf7d30e209b00dfc804588b4d2d286457d32725853a26985138bfe0fb7,0,0,23262abea4a78a15730cb9a904377c1f1d1cf4547ae64d53542b914fb33ec930,saved_rule_based,1.79
section_00_source_train_normal_000652,train,source,normal,B,20260904T172511Z-ad415a2a4c50dc17545694e5,20260904T172511Z-ad415a2a4c50dc17545694e5-dg-bead543a888d-000084,1,none,none,slow,normal-slow-2,rear,normal,clipped/audio_event_clean/normal/20260904T172511Z-ad415a2a4c50dc17545694e5-dg-bead543a888d-000084_ch1.wav,3DPrinter/train/section_00_source_train_normal_000652.wav,bfc6ab0ffaceaa5bd8d8440ac7a6cdca269fe281271c7071ecda988effc818d6,960044,501856800,502336800,a11c9edf7d30e209b00dfc804588b4d2d286457d32725853a26985138bfe0fb7,0,0,23262abea4a78a15730cb9a904377c1f1d1cf4547ae64d53542b914fb33ec930,saved_rule_based,1.79
section_00_source_train_normal_000653,train,source,normal,B,20260904T172511Z-ad415a2a4c50dc17545694e5,20260904T172511Z-ad415a2a4c50dc17545694e5-dg-bead543a888d-000089,1,none,none,slow,normal-slow-2,rear,normal,clipped/audio_event_clean/normal/20260904T172511Z-ad415a2a4c50dc17545694e5-dg-bead543a888d-000089_ch1.wav,3DPrinter/train/section_00_source_train_normal_000653.wav,62f599da33bbb6261c26c5b0310d31c456b5fc1f2630b2df18f4e9ee82c1caa8,960044,504256800,504736800,a11c9edf7d30e209b00dfc804588b4d2d286457d32725853a26985138bfe0fb7,0,0,23262abea4a78a15730cb9a904377c1f1d1cf4547ae64d53542b914fb33ec930,saved_rule_based,1.79
section_00_source_train_normal_000654,train,source,normal,B,20260904T172511Z-ad415a2a4c50dc17545694e5,20260904T172511Z-ad415a2a4c50dc17545694e5-dg-bead543a888d-000095,1,none,none,slow,normal-slow-2,rear,normal,clipped/audio_event_clean/normal/20260904T172511Z-ad415a2a4c50dc17545694e5-dg-bead543a888d-000095_ch1.wav,3DPrinter/train/section_00_source_train_normal_000654.wav,64c9573add4bc569207505db2b675716277ad0a5795b8e17acb2e86937e33c84,960044,507136800,507616800,a11c9edf7d30e209b00dfc804588b4d2d286457d32725853a26985138bfe0fb7,0,0,23262abea4a78a15730cb9a904377c1f1d1cf4547ae64d53542b914fb33ec930,saved_rule_based,1.79
section_00_source_train_normal_000655,train,source,normal,B,20260904T172511Z-ad415a2a4c50dc17545694e5,20260904T172511Z-ad415a2a4c50dc17545694e5-dg-bead543a888d-000096,1,none,none,slow,normal-slow-2,rear,normal,clipped/audio_event_clean/normal/20260904T172511Z-ad415a2a4c50dc17545694e5-dg-bead543a888d-000096_ch1.wav,3DPrinter/train/section_00_source_train_normal_000655.wav,2451bc2b0e201e15b30670d109549d374e2c143b4ecef0622d177d526616d9d5,960044,507616800,508096800,a11c9edf7d30e209b00dfc804588b4d2d286457d32725853a26985138bfe0fb7,0,0,23262abea4a78a15730cb9a904377c1f1d1cf4547ae64d53542b914fb33ec930,saved_rule_based,1.79
section_00_source_train_normal_000656,train,source,normal,B,20260904T172511Z-ad415a2a4c50dc17545694e5,20260904T172511Z-ad415a2a4c50dc17545694e5-dg-bead543a888d-000097,1,none,none,slow,normal-slow-2,rear,normal,clipped/audio_event_clean/normal/20260904T172511Z-ad415a2a4c50dc17545694e5-dg-bead543a888d-000097_ch1.wav,3DPrinter/train/section_00_source_train_normal_000656.wav,ad582063e5b12e4cac8d43f6eaf7daeb4267d1657da0b372e2c75c28aa279812,960044,508096800,508576800,a11c9edf7d30e209b00dfc804588b4d2d286457d32725853a26985138bfe0fb7,0,0,23262abea4a78a15730cb9a904377c1f1d1cf4547ae64d53542b914fb33ec930,saved_rule_based,1.79
section_00_source_train_normal_000657,train,source,normal,B,20260904T172511Z-ad415a2a4c50dc17545694e5,20260904T172511Z-ad415a2a4c50dc17545694e5-dg-bead543a888d-000102,1,none,none,slow,normal-slow-2,rear,normal,clipped/audio_event_clean/normal/20260904T172511Z-ad415a2a4c50dc17545694e5-dg-bead543a888d-000102_ch1.wav,3DPrinter/train/section_00_source_train_normal_000657.wav,9c676a40a7f38f31caf0655fdfe36a8b00dd8c7db667ca249eb4775b312e0865,960044,510496800,510976800,a11c9edf7d30e209b00dfc804588b4d2d286457d32725853a26985138bfe0fb7,0,0,23262abea4a78a15730cb9a904377c1f1d1cf4547ae64d53542b914fb33ec930,saved_rule_based,1.79
section_00_source_train_normal_000658,train,source,normal,B,20260904T172511Z-ad415a2a4c50dc17545694e5,20260904T172511Z-ad415a2a4c50dc17545694e5-dg-bead543a888d-000106,1,none,none,slow,normal-slow-2,rear,normal,clipped/audio_event_clean/normal/20260904T172511Z-ad415a2a4c50dc17545694e5-dg-bead543a888d-000106_ch1.wav,3DPrinter/train/section_00_source_train_normal_000658.wav,e6846bbaad69718975f9dd8be838518f67a93b3499ba3fc0549ac4dbe0797513,960044,512416800,512896800,a11c9edf7d30e209b00dfc804588b4d2d286457d32725853a26985138bfe0fb7,0,0,23262abea4a78a15730cb9a904377c1f1d1cf4547ae64d53542b914fb33ec930,saved_rule_based,1.79
section_00_source_train_normal_000659,train,source,normal,B,20260904T172511Z-ad415a2a4c50dc17545694e5,20260904T172511Z-ad415a2a4c50dc17545694e5-dg-bead543a888d-000109,1,none,none,slow,normal-slow-2,rear,normal,clipped/audio_event_clean/normal/20260904T172511Z-ad415a2a4c50dc17545694e5-dg-bead543a888d-000109_ch1.wav,3DPrinter/train/section_00_source_train_normal_000659.wav,e147749a88b45e2c5c11080cf779135b250371ad07c57b62100d52442371afb4,960044,513856800,514336800,a11c9edf7d30e209b00dfc804588b4d2d286457d32725853a26985138bfe0fb7,0,0,23262abea4a78a15730cb9a904377c1f1d1cf4547ae64d53542b914fb33ec930,saved_rule_based,1.79
section_00_source_train_normal_000660,train,source,normal,B,20260904T172511Z-ad415a2a4c50dc17545694e5,20260904T172511Z-ad415a2a4c50dc17545694e5-dg-bead543a888d-000110,1,none,none,slow,normal-slow-2,rear,normal,clipped/audio_event_clean/normal/20260904T172511Z-ad415a2a4c50dc17545694e5-dg-bead543a888d-000110_ch1.wav,3DPrinter/train/section_00_source_train_normal_000660.wav,08f67f98abc8d7f62a563bbe863e48fe6b2057d92e5c54728914410ee2443115,960044,514336800,514816800,a11c9edf7d30e209b00dfc804588b4d2d286457d32725853a26985138bfe0fb7,0,0,23262abea4a78a15730cb9a904377c1f1d1cf4547ae64d53542b914fb33ec930,saved_rule_based,1.79
section_00_source_train_normal_000661,train,source,normal,B,20260904T172511Z-ad415a2a4c50dc17545694e5,20260904T172511Z-ad415a2a4c50dc17545694e5-dg-bead543a888d-000113,1,none,none,slow,normal-slow-2,rear,normal,clipped/audio_event_clean/normal/20260904T172511Z-ad415a2a4c50dc17545694e5-dg-bead543a888d-000113_ch1.wav,3DPrinter/train/section_00_source_train_normal_000661.wav,799e29632b77956bddc8d654ad8ca7559e9b92adb25442165e80ff428307793c,960044,515776800,516256800,a11c9edf7d30e209b00dfc804588b4d2d286457d32725853a26985138bfe0fb7,0,0,23262abea4a78a15730cb9a904377c1f1d1cf4547ae64d53542b914fb33ec930,saved_rule_based,1.79
section_00_source_train_normal_000662,train,source,normal,B,20260904T172511Z-ad415a2a4c50dc17545694e5,20260904T172511Z-ad415a2a4c50dc17545694e5-dg-bead543a888d-000115,1,none,none,slow,normal-slow-2,rear,normal,clipped/audio_event_clean/normal/20260904T172511Z-ad415a2a4c50dc17545694e5-dg-bead543a888d-000115_ch1.wav,3DPrinter/train/section_00_source_train_normal_000662.wav,2bc09a862090a1b94a5fff840f0bb9bf0cdc12c37ae149857957f322d3ea6e79,960044,516736800,517216800,a11c9edf7d30e209b00dfc804588b4d2d286457d32725853a26985138bfe0fb7,0,0,23262abea4a78a15730cb9a904377c1f1d1cf4547ae64d53542b914fb33ec930,saved_rule_based,1.79
section_00_source_train_normal_000663,train,source,normal,B,20260904T172511Z-ad415a2a4c50dc17545694e5,20260904T172511Z-ad415a2a4c50dc17545694e5-dg-bead543a888d-000118,1,none,none,slow,normal-slow-2,rear,normal,clipped/audio_event_clean/normal/20260904T172511Z-ad415a2a4c50dc17545694e5-dg-bead543a888d-000118_ch1.wav,3DPrinter/train/section_00_source_train_normal_000663.wav,f60510b084af94030bb06e3cbcfea2fecb58868d7807f64e4aba794918b37c36,960044,518176800,518656800,a11c9edf7d30e209b00dfc804588b4d2d286457d32725853a26985138bfe0fb7,0,0,23262abea4a78a15730cb9a904377c1f1d1cf4547ae64d53542b914fb33ec930,saved_rule_based,1.79
section_00_source_train_normal_000664,train,source,normal,B,20260904T172511Z-ad415a2a4c50dc17545694e5,20260904T172511Z-ad415a2a4c50dc17545694e5-dg-bead543a888d-000119,1,none,none,slow,normal-slow-2,rear,normal,clipped/audio_event_clean/normal/20260904T172511Z-ad415a2a4c50dc17545694e5-dg-bead543a888d-000119_ch1.wav,3DPrinter/train/section_00_source_train_normal_000664.wav,f8aef93533c19e703aa4a7fdb7206ee0ed47612e3479060467990d45450e4c7f,960044,518656800,519136800,a11c9edf7d30e209b00dfc804588b4d2d286457d32725853a26985138bfe0fb7,0,0,23262abea4a78a15730cb9a904377c1f1d1cf4547ae64d53542b914fb33ec930,saved_rule_based,1.79
section_00_source_train_normal_000665,train,source,normal,B,20260904T172511Z-ad415a2a4c50dc17545694e5,20260904T172511Z-ad415a2a4c50dc17545694e5-dg-bead543a888d-000120,1,none,none,slow,normal-slow-2,rear,normal,clipped/audio_event_clean/normal/20260904T172511Z-ad415a2a4c50dc17545694e5-dg-bead543a888d-000120_ch1.wav,3DPrinter/train/section_00_source_train_normal_000665.wav,7750034f6f0080582e2a38a5fa07d2e900f35d82e039410870fb5494e0db2ec6,960044,519136800,519616800,a11c9edf7d30e209b00dfc804588b4d2d286457d32725853a26985138bfe0fb7,0,0,23262abea4a78a15730cb9a904377c1f1d1cf4547ae64d53542b914fb33ec930,saved_rule_based,1.79
section_00_source_train_normal_000666,train,source,normal,B,20260904T172511Z-ad415a2a4c50dc17545694e5,20260904T172511Z-ad415a2a4c50dc17545694e5-dg-bead543a888d-000121,1,none,none,slow,normal-slow-2,rear,normal,clipped/audio_event_clean/normal/20260904T172511Z-ad415a2a4c50dc17545694e5-dg-bead543a888d-000121_ch1.wav,3DPrinter/train/section_00_source_train_normal_000666.wav,e6fa8e288638177df296b9221446143d0c61903ceb47688e50ad8fc6b3c9ad41,960044,519616800,520096800,a11c9edf7d30e209b00dfc804588b4d2d286457d32725853a26985138bfe0fb7,0,0,23262abea4a78a15730cb9a904377c1f1d1cf4547ae64d53542b914fb33ec930,saved_rule_based,1.79
section_00_source_train_normal_000667,train,source,normal,B,20260904T172511Z-ad415a2a4c50dc17545694e5,20260904T172511Z-ad415a2a4c50dc17545694e5-dg-bead543a888d-000123,1,none,none,slow,normal-slow-2,rear,normal,clipped/audio_event_clean/normal/20260904T172511Z-ad415a2a4c50dc17545694e5-dg-bead543a888d-000123_ch1.wav,3DPrinter/train/section_00_source_train_normal_000667.wav,25fb2edc64861ea3002265676680c2cad04b42c88e46dffb86f8232803c46584,960044,520576800,521056800,a11c9edf7d30e209b00dfc804588b4d2d286457d32725853a26985138bfe0fb7,0,0,23262abea4a78a15730cb9a904377c1f1d1cf4547ae64d53542b914fb33ec930,saved_rule_based,1.79
section_00_source_train_normal_000668,train,source,normal,B,20260904T172511Z-ad415a2a4c50dc17545694e5,20260904T172511Z-ad415a2a4c50dc17545694e5-dg-bead543a888d-000124,1,none,none,slow,normal-slow-2,rear,normal,clipped/audio_event_clean/normal/20260904T172511Z-ad415a2a4c50dc17545694e5-dg-bead543a888d-000124_ch1.wav,3DPrinter/train/section_00_source_train_normal_000668.wav,70a717e4f521e1130d864157461c5cc0b08ab084d630b5142e4db864e59af05d,960044,521056800,521536800,a11c9edf7d30e209b00dfc804588b4d2d286457d32725853a26985138bfe0fb7,0,0,23262abea4a78a15730cb9a904377c1f1d1cf4547ae64d53542b914fb33ec930,saved_rule_based,1.79
section_00_source_train_normal_000669,train,source,normal,B,20260904T172511Z-ad415a2a4c50dc17545694e5,20260904T172511Z-ad415a2a4c50dc17545694e5-dg-bead543a888d-000125,1,none,none,slow,normal-slow-2,rear,normal,clipped/audio_event_clean/normal/20260904T172511Z-ad415a2a4c50dc17545694e5-dg-bead543a888d-000125_ch1.wav,3DPrinter/train/section_00_source_train_normal_000669.wav,cb09bf4686cccd0180fd0050e9492f9f16731c627f3bc27efeae2b3943116bac,960044,521536800,522016800,a11c9edf7d30e209b00dfc804588b4d2d286457d32725853a26985138bfe0fb7,0,0,23262abea4a78a15730cb9a904377c1f1d1cf4547ae64d53542b914fb33ec930,saved_rule_based,1.79
section_00_source_train_normal_000670,train,source,normal,B,20260904T172511Z-ad415a2a4c50dc17545694e5,20260904T172511Z-ad415a2a4c50dc17545694e5-dg-bead543a888d-000130,1,none,none,slow,normal-slow-2,rear,normal,clipped/audio_event_clean/normal/20260904T172511Z-ad415a2a4c50dc17545694e5-dg-bead543a888d-000130_ch1.wav,3DPrinter/train/section_00_source_train_normal_000670.wav,060ade17910f4a665034c3fbc77b4c0a584605b1e44f0238faa0e49d44125270,960044,523936800,524416800,a11c9edf7d30e209b00dfc804588b4d2d286457d32725853a26985138bfe0fb7,0,0,23262abea4a78a15730cb9a904377c1f1d1cf4547ae64d53542b914fb33ec930,saved_rule_based,1.79
section_00_source_train_normal_000671,train,source,normal,B,20260904T172511Z-ad415a2a4c50dc17545694e5,20260904T172511Z-ad415a2a4c50dc17545694e5-dg-bead543a888d-000131,1,none,none,slow,normal-slow-2,rear,normal,clipped/audio_event_clean/normal/20260904T172511Z-ad415a2a4c50dc17545694e5-dg-bead543a888d-000131_ch1.wav,3DPrinter/train/section_00_source_train_normal_000671.wav,87a5571e71971be1a0c5ab95e6f8882b249df4fac147aa2607f260aa198a1d3c,960044,524416800,524896800,a11c9edf7d30e209b00dfc804588b4d2d286457d32725853a26985138bfe0fb7,0,0,23262abea4a78a15730cb9a904377c1f1d1cf4547ae64d53542b914fb33ec930,saved_rule_based,1.79
section_00_source_train_normal_000672,train,source,normal,B,20260904T172511Z-ad415a2a4c50dc17545694e5,20260904T172511Z-ad415a2a4c50dc17545694e5-dg-bead543a888d-000135,1,none,none,slow,normal-slow-2,rear,normal,clipped/audio_event_clean/normal/20260904T172511Z-ad415a2a4c50dc17545694e5-dg-bead543a888d-000135_ch1.wav,3DPrinter/train/section_00_source_train_normal_000672.wav,c1757b3acd2d7beabbdfbae08c198c9174b227e809a0b5a46f28d3d1ba2214f3,960044,526336800,526816800,a11c9edf7d30e209b00dfc804588b4d2d286457d32725853a26985138bfe0fb7,0,0,23262abea4a78a15730cb9a904377c1f1d1cf4547ae64d53542b914fb33ec930,saved_rule_based,1.79
section_00_source_train_normal_000673,train,source,normal,B,20260904T172511Z-ad415a2a4c50dc17545694e5,20260904T172511Z-ad415a2a4c50dc17545694e5-dg-bead543a888d-000136,1,none,none,slow,normal-slow-2,rear,normal,clipped/audio_event_clean/normal/20260904T172511Z-ad415a2a4c50dc17545694e5-dg-bead543a888d-000136_ch1.wav,3DPrinter/train/section_00_source_train_normal_000673.wav,ae4b2db309abb61bb480391d0f7d5493efacdbb3a42ceb11b07f9acfc118a4c5,960044,526816800,527296800,a11c9edf7d30e209b00dfc804588b4d2d286457d32725853a26985138bfe0fb7,0,0,23262abea4a78a15730cb9a904377c1f1d1cf4547ae64d53542b914fb33ec930,saved_rule_based,1.79
section_00_source_train_normal_000674,train,source,normal,B,20260904T172511Z-ad415a2a4c50dc17545694e5,20260904T172511Z-ad415a2a4c50dc17545694e5-dg-bead543a888d-000141,1,none,none,slow,normal-slow-2,rear,normal,clipped/audio_event_clean/normal/20260904T172511Z-ad415a2a4c50dc17545694e5-dg-bead543a888d-000141_ch1.wav,3DPrinter/train/section_00_source_train_normal_000674.wav,e283224c1059acfc6edab10d1f5ec22d4c14cf0030271fd334d0864f6772df4c,960044,529216800,529696800,a11c9edf7d30e209b00dfc804588b4d2d286457d32725853a26985138bfe0fb7,0,0,23262abea4a78a15730cb9a904377c1f1d1cf4547ae64d53542b914fb33ec930,saved_rule_based,1.79
section_00_source_train_normal_000675,train,source,normal,B,20260904T172511Z-ad415a2a4c50dc17545694e5,20260904T172511Z-ad415a2a4c50dc17545694e5-dg-bead543a888d-000142,1,none,none,slow,normal-slow-2,rear,normal,clipped/audio_event_clean/normal/20260904T172511Z-ad415a2a4c50dc17545694e5-dg-bead543a888d-000142_ch1.wav,3DPrinter/train/section_00_source_train_normal_000675.wav,a878fd36afa5a91026c0f309daa03b1179bbb687cab4d88929eb3bcd10ccc222,960044,529696800,530176800,a11c9edf7d30e209b00dfc804588b4d2d286457d32725853a26985138bfe0fb7,0,0,23262abea4a78a15730cb9a904377c1f1d1cf4547ae64d53542b914fb33ec930,saved_rule_based,1.79
section_00_source_train_normal_000676,train,source,normal,B,20260904T172511Z-ad415a2a4c50dc17545694e5,20260904T172511Z-ad415a2a4c50dc17545694e5-dg-bead543a888d-000144,1,none,none,slow,normal-slow-2,rear,normal,clipped/audio_event_clean/normal/20260904T172511Z-ad415a2a4c50dc17545694e5-dg-bead543a888d-000144_ch1.wav,3DPrinter/train/section_00_source_train_normal_000676.wav,980fd0b0881d88533ff347abafd482d08955358d385c59b80d4b2b52de921057,960044,530656800,531136800,a11c9edf7d30e209b00dfc804588b4d2d286457d32725853a26985138bfe0fb7,0,0,23262abea4a78a15730cb9a904377c1f1d1cf4547ae64d53542b914fb33ec930,saved_rule_based,1.79
section_00_source_train_normal_000677,train,source,normal,B,20260904T172511Z-ad415a2a4c50dc17545694e5,20260904T172511Z-ad415a2a4c50dc17545694e5-dg-bead543a888d-000148,1,none,none,slow,normal-slow-2,rear,normal,clipped/audio_event_clean/normal/20260904T172511Z-ad415a2a4c50dc17545694e5-dg-bead543a888d-000148_ch1.wav,3DPrinter/train/section_00_source_train_normal_000677.wav,7bcdfc840b94cc2c250f0f7354b1c26052de41debbbd21adb6b35fc3a8c5f176,960044,532576800,533056800,a11c9edf7d30e209b00dfc804588b4d2d286457d32725853a26985138bfe0fb7,0,0,23262abea4a78a15730cb9a904377c1f1d1cf4547ae64d53542b914fb33ec930,saved_rule_based,1.79
section_00_source_train_normal_000678,train,source,normal,B,20260904T172511Z-ad415a2a4c50dc17545694e5,20260904T172511Z-ad415a2a4c50dc17545694e5-dg-bead543a888d-000149,1,none,none,slow,normal-slow-2,rear,normal,clipped/audio_event_clean/normal/20260904T172511Z-ad415a2a4c50dc17545694e5-dg-bead543a888d-000149_ch1.wav,3DPrinter/train/section_00_source_train_normal_000678.wav,73b5585c64d2277c8c6656943084dd14eee1422e946d7019466fb3d3953802aa,960044,533056800,533536800,a11c9edf7d30e209b00dfc804588b4d2d286457d32725853a26985138bfe0fb7,0,0,23262abea4a78a15730cb9a904377c1f1d1cf4547ae64d53542b914fb33ec930,saved_rule_based,1.79
section_00_source_train_normal_000679,train,source,normal,B,20260904T172511Z-ad415a2a4c50dc17545694e5,20260904T172511Z-ad415a2a4c50dc17545694e5-dg-bead543a888d-000155,1,none,none,slow,normal-slow-2,rear,normal,clipped/audio_event_clean/normal/20260904T172511Z-ad415a2a4c50dc17545694e5-dg-bead543a888d-000155_ch1.wav,3DPrinter/train/section_00_source_train_normal_000679.wav,ad9d2a679d7fee78d666eea6f09ccb0d63f27870b8c3bb068460fd4beb8b5688,960044,535936800,536416800,a11c9edf7d30e209b00dfc804588b4d2d286457d32725853a26985138bfe0fb7,0,0,23262abea4a78a15730cb9a904377c1f1d1cf4547ae64d53542b914fb33ec930,saved_rule_based,1.79
section_00_source_train_normal_000680,train,source,normal,B,20260904T172511Z-ad415a2a4c50dc17545694e5,20260904T172511Z-ad415a2a4c50dc17545694e5-dg-bead543a888d-000160,1,none,none,slow,normal-slow-2,rear,normal,clipped/audio_event_clean/normal/20260904T172511Z-ad415a2a4c50dc17545694e5-dg-bead543a888d-000160_ch1.wav,3DPrinter/train/section_00_source_train_normal_000680.wav,9ddd340d02a51544bfe91fddc8ec90f1ac5bc90d5c7b8ad18a117839b79018bf,960044,538336800,538816800,a11c9edf7d30e209b00dfc804588b4d2d286457d32725853a26985138bfe0fb7,0,0,23262abea4a78a15730cb9a904377c1f1d1cf4547ae64d53542b914fb33ec930,saved_rule_based,1.79
section_00_source_train_normal_000681,train,source,normal,B,20260904T172511Z-ad415a2a4c50dc17545694e5,20260904T172511Z-ad415a2a4c50dc17545694e5-dg-bead543a888d-000162,1,none,none,slow,normal-slow-2,rear,normal,clipped/audio_event_clean/normal/20260904T172511Z-ad415a2a4c50dc17545694e5-dg-bead543a888d-000162_ch1.wav,3DPrinter/train/section_00_source_train_normal_000681.wav,8d69d0cc8df8feff4ee40eea4cc368e8a2a361b56195788a43847b27aab963e5,960044,539296800,539776800,a11c9edf7d30e209b00dfc804588b4d2d286457d32725853a26985138bfe0fb7,0,0,23262abea4a78a15730cb9a904377c1f1d1cf4547ae64d53542b914fb33ec930,saved_rule_based,1.79
section_00_source_train_normal_000682,train,source,normal,B,20260904T172511Z-ad415a2a4c50dc17545694e5,20260904T172511Z-ad415a2a4c50dc17545694e5-dg-bead543a888d-000164,1,none,none,slow,normal-slow-2,rear,normal,clipped/audio_event_clean/normal/20260904T172511Z-ad415a2a4c50dc17545694e5-dg-bead543a888d-000164_ch1.wav,3DPrinter/train/section_00_source_train_normal_000682.wav,8a994817ccaea7b32691baaea74fbe4dcc292c05d9cfac2e9d846f0216f413c8,960044,540256800,540736800,a11c9edf7d30e209b00dfc804588b4d2d286457d32725853a26985138bfe0fb7,0,0,23262abea4a78a15730cb9a904377c1f1d1cf4547ae64d53542b914fb33ec930,saved_rule_based,1.79
section_00_source_train_normal_000683,train,source,normal,B,20260904T172511Z-ad415a2a4c50dc17545694e5,20260904T172511Z-ad415a2a4c50dc17545694e5-dg-bead543a888d-000165,1,none,none,slow,normal-slow-2,rear,normal,clipped/audio_event_clean/normal/20260904T172511Z-ad415a2a4c50dc17545694e5-dg-bead543a888d-000165_ch1.wav,3DPrinter/train/section_00_source_train_normal_000683.wav,d0ca8fe620b4bf192bbc4125bffbc3255da41325a95e3c29a4c285255181d164,960044,540736800,541216800,a11c9edf7d30e209b00dfc804588b4d2d286457d32725853a26985138bfe0fb7,0,0,23262abea4a78a15730cb9a904377c1f1d1cf4547ae64d53542b914fb33ec930,saved_rule_based,1.79
section_00_source_train_normal_000684,train,source,normal,B,20260904T172511Z-ad415a2a4c50dc17545694e5,20260904T172511Z-ad415a2a4c50dc17545694e5-dg-bead543a888d-000166,1,none,none,slow,normal-slow-2,rear,normal,clipped/audio_event_clean/normal/20260904T172511Z-ad415a2a4c50dc17545694e5-dg-bead543a888d-000166_ch1.wav,3DPrinter/train/section_00_source_train_normal_000684.wav,b34cc2e91d1a2ec0db55cc42f405e2ffbdd75a8fa3f9851ef602f7e478a47e3f,960044,541216800,541696800,a11c9edf7d30e209b00dfc804588b4d2d286457d32725853a26985138bfe0fb7,0,0,23262abea4a78a15730cb9a904377c1f1d1cf4547ae64d53542b914fb33ec930,saved_rule_based,1.79
section_00_source_train_normal_000685,train,source,normal,B,20260904T172511Z-ad415a2a4c50dc17545694e5,20260904T172511Z-ad415a2a4c50dc17545694e5-dg-bead543a888d-000168,1,none,none,slow,normal-slow-2,rear,normal,clipped/audio_event_clean/normal/20260904T172511Z-ad415a2a4c50dc17545694e5-dg-bead543a888d-000168_ch1.wav,3DPrinter/train/section_00_source_train_normal_000685.wav,11eb1f8833949950a644203a0fbae9adc5f49aa92c147617ae4f2cd2588592a9,960044,542176800,542656800,a11c9edf7d30e209b00dfc804588b4d2d286457d32725853a26985138bfe0fb7,0,0,23262abea4a78a15730cb9a904377c1f1d1cf4547ae64d53542b914fb33ec930,saved_rule_based,1.79
section_00_source_train_normal_000686,train,source,normal,B,20260904T172511Z-ad415a2a4c50dc17545694e5,20260904T172511Z-ad415a2a4c50dc17545694e5-dg-bead543a888d-000170,1,none,none,slow,normal-slow-2,rear,normal,clipped/audio_event_clean/normal/20260904T172511Z-ad415a2a4c50dc17545694e5-dg-bead543a888d-000170_ch1.wav,3DPrinter/train/section_00_source_train_normal_000686.wav,9beaea614d1c4cbde538dbbf53c10ac6ef9e5c06fca887264e355615e07341e7,960044,543136800,543616800,a11c9edf7d30e209b00dfc804588b4d2d286457d32725853a26985138bfe0fb7,0,0,23262abea4a78a15730cb9a904377c1f1d1cf4547ae64d53542b914fb33ec930,saved_rule_based,1.79
section_00_source_train_normal_000687,train,source,normal,B,20260904T172511Z-ad415a2a4c50dc17545694e5,20260904T172511Z-ad415a2a4c50dc17545694e5-dg-bead543a888d-000174,1,none,none,slow,normal-slow-2,rear,normal,clipped/audio_event_clean/normal/20260904T172511Z-ad415a2a4c50dc17545694e5-dg-bead543a888d-000174_ch1.wav,3DPrinter/train/section_00_source_train_normal_000687.wav,5fbf8ad983ee81b8ba7c62baaa5fe6c89157a10d614dc87744a5abf1095a6fd4,960044,545056800,545536800,a11c9edf7d30e209b00dfc804588b4d2d286457d32725853a26985138bfe0fb7,0,0,23262abea4a78a15730cb9a904377c1f1d1cf4547ae64d53542b914fb33ec930,saved_rule_based,1.79
section_00_source_train_normal_000688,train,source,normal,B,20260904T172511Z-ad415a2a4c50dc17545694e5,20260904T172511Z-ad415a2a4c50dc17545694e5-dg-bead543a888d-000178,1,none,none,slow,normal-slow-2,rear,normal,clipped/audio_event_clean/normal/20260904T172511Z-ad415a2a4c50dc17545694e5-dg-bead543a888d-000178_ch1.wav,3DPrinter/train/section_00_source_train_normal_000688.wav,17d6d7f9375bfc08175ff3833906c61d51d9c10eacfd4195c4d56e76f5a9865c,960044,546976800,547456800,a11c9edf7d30e209b00dfc804588b4d2d286457d32725853a26985138bfe0fb7,0,0,23262abea4a78a15730cb9a904377c1f1d1cf4547ae64d53542b914fb33ec930,saved_rule_based,1.79
section_00_source_train_normal_000689,train,source,normal,B,20260904T172511Z-ad415a2a4c50dc17545694e5,20260904T172511Z-ad415a2a4c50dc17545694e5-dg-bead543a888d-000179,1,none,none,slow,normal-slow-2,rear,normal,clipped/audio_event_clean/normal/20260904T172511Z-ad415a2a4c50dc17545694e5-dg-bead543a888d-000179_ch1.wav,3DPrinter/train/section_00_source_train_normal_000689.wav,dcbb2e702dd3c10205265ea34403429fc09d4351271c97ac5d1cd2d9400158f0,960044,547456800,547936800,a11c9edf7d30e209b00dfc804588b4d2d286457d32725853a26985138bfe0fb7,0,0,23262abea4a78a15730cb9a904377c1f1d1cf4547ae64d53542b914fb33ec930,saved_rule_based,1.79
section_00_source_train_normal_000690,train,source,normal,B,20260904T172511Z-ad415a2a4c50dc17545694e5,20260904T172511Z-ad415a2a4c50dc17545694e5-dg-bead543a888d-000180,1,none,none,slow,normal-slow-2,rear,normal,clipped/audio_event_clean/normal/20260904T172511Z-ad415a2a4c50dc17545694e5-dg-bead543a888d-000180_ch1.wav,3DPrinter/train/section_00_source_train_normal_000690.wav,46c26c52201fe1c98322d3e24d3a8299f61204b4d4b4f8663b16a5126b28b2fb,960044,547936800,548416800,a11c9edf7d30e209b00dfc804588b4d2d286457d32725853a26985138bfe0fb7,0,0,23262abea4a78a15730cb9a904377c1f1d1cf4547ae64d53542b914fb33ec930,saved_rule_based,1.79
section_00_source_train_normal_000691,train,source,normal,B,20260904T172511Z-ad415a2a4c50dc17545694e5,20260904T172511Z-ad415a2a4c50dc17545694e5-dg-bead543a888d-000182,1,none,none,slow,normal-slow-2,rear,normal,clipped/audio_event_clean/normal/20260904T172511Z-ad415a2a4c50dc17545694e5-dg-bead543a888d-000182_ch1.wav,3DPrinter/train/section_00_source_train_normal_000691.wav,940f3bd6dbc3079474b4bacddf9678e560035aca13e6a06627ff81891e66ef20,960044,548896800,549376800,a11c9edf7d30e209b00dfc804588b4d2d286457d32725853a26985138bfe0fb7,0,0,23262abea4a78a15730cb9a904377c1f1d1cf4547ae64d53542b914fb33ec930,saved_rule_based,1.79
section_00_source_train_normal_000692,train,source,normal,B,20260904T172511Z-ad415a2a4c50dc17545694e5,20260904T172511Z-ad415a2a4c50dc17545694e5-dg-bead543a888d-000183,1,none,none,slow,normal-slow-2,rear,normal,clipped/audio_event_clean/normal/20260904T172511Z-ad415a2a4c50dc17545694e5-dg-bead543a888d-000183_ch1.wav,3DPrinter/train/section_00_source_train_normal_000692.wav,ce265f61522da6a9a8c34cf1ba1b53f97227d8fdafe4872a86fdd7b95218c26c,960044,549376800,549856800,a11c9edf7d30e209b00dfc804588b4d2d286457d32725853a26985138bfe0fb7,0,0,23262abea4a78a15730cb9a904377c1f1d1cf4547ae64d53542b914fb33ec930,saved_rule_based,1.79
section_00_source_train_normal_000693,train,source,normal,B,20260904T172511Z-ad415a2a4c50dc17545694e5,20260904T172511Z-ad415a2a4c50dc17545694e5-dg-bead543a888d-000184,1,none,none,slow,normal-slow-2,rear,normal,clipped/audio_event_clean/normal/20260904T172511Z-ad415a2a4c50dc17545694e5-dg-bead543a888d-000184_ch1.wav,3DPrinter/train/section_00_source_train_normal_000693.wav,d2d61a97d925c07f3f18e68c6e8aba81043d5be1216c22aedca42fd5f3d70ad2,960044,549856800,550336800,a11c9edf7d30e209b00dfc804588b4d2d286457d32725853a26985138bfe0fb7,0,0,23262abea4a78a15730cb9a904377c1f1d1cf4547ae64d53542b914fb33ec930,saved_rule_based,1.79
section_00_source_train_normal_000694,train,source,normal,B,20260904T172511Z-ad415a2a4c50dc17545694e5,20260904T172511Z-ad415a2a4c50dc17545694e5-dg-bead543a888d-000185,1,none,none,slow,normal-slow-2,rear,normal,clipped/audio_event_clean/normal/20260904T172511Z-ad415a2a4c50dc17545694e5-dg-bead543a888d-000185_ch1.wav,3DPrinter/train/section_00_source_train_normal_000694.wav,be9e07fb78b3223be086ebc59e6c36610c746f5adf707eace68b29b1476c2c12,960044,550336800,550816800,a11c9edf7d30e209b00dfc804588b4d2d286457d32725853a26985138bfe0fb7,0,0,23262abea4a78a15730cb9a904377c1f1d1cf4547ae64d53542b914fb33ec930,saved_rule_based,1.79
section_00_source_train_normal_000695,train,source,normal,B,20260904T172511Z-ad415a2a4c50dc17545694e5,20260904T172511Z-ad415a2a4c50dc17545694e5-dg-bead543a888d-000187,1,none,none,slow,normal-slow-2,rear,normal,clipped/audio_event_clean/normal/20260904T172511Z-ad415a2a4c50dc17545694e5-dg-bead543a888d-000187_ch1.wav,3DPrinter/train/section_00_source_train_normal_000695.wav,facc1bb504d542a38215de4f25c1f82b5708252a189f1626a33ffe54f00827e0,960044,551296800,551776800,a11c9edf7d30e209b00dfc804588b4d2d286457d32725853a26985138bfe0fb7,0,0,23262abea4a78a15730cb9a904377c1f1d1cf4547ae64d53542b914fb33ec930,saved_rule_based,1.79
section_00_source_train_normal_000696,train,source,normal,B,20260904T172511Z-ad415a2a4c50dc17545694e5,20260904T172511Z-ad415a2a4c50dc17545694e5-dg-bead543a888d-000189,1,none,none,slow,normal-slow-2,rear,normal,clipped/audio_event_clean/normal/20260904T172511Z-ad415a2a4c50dc17545694e5-dg-bead543a888d-000189_ch1.wav,3DPrinter/train/section_00_source_train_normal_000696.wav,9b90c748ef2296478e552f54fd361dadb5b2d23ca0e65e29912e032c0f484ee7,960044,552256800,552736800,a11c9edf7d30e209b00dfc804588b4d2d286457d32725853a26985138bfe0fb7,0,0,23262abea4a78a15730cb9a904377c1f1d1cf4547ae64d53542b914fb33ec930,saved_rule_based,1.79
section_00_source_train_normal_000697,train,source,normal,B,20260904T172511Z-ad415a2a4c50dc17545694e5,20260904T172511Z-ad415a2a4c50dc17545694e5-dg-bead543a888d-000190,1,none,none,slow,normal-slow-2,rear,normal,clipped/audio_event_clean/normal/20260904T172511Z-ad415a2a4c50dc17545694e5-dg-bead543a888d-000190_ch1.wav,3DPrinter/train/section_00_source_train_normal_000697.wav,9a0b8e15f3db015d5638ba6e708af82f16904b29bdde5befc2516cde7d03ccde,960044,552736800,553216800,a11c9edf7d30e209b00dfc804588b4d2d286457d32725853a26985138bfe0fb7,0,0,23262abea4a78a15730cb9a904377c1f1d1cf4547ae64d53542b914fb33ec930,saved_rule_based,1.79
section_00_source_train_normal_000698,train,source,normal,B,20260904T172511Z-ad415a2a4c50dc17545694e5,20260904T172511Z-ad415a2a4c50dc17545694e5-dg-bead543a888d-000192,1,none,none,slow,normal-slow-2,rear,normal,clipped/audio_event_clean/normal/20260904T172511Z-ad415a2a4c50dc17545694e5-dg-bead543a888d-000192_ch1.wav,3DPrinter/train/section_00_source_train_normal_000698.wav,4911fbdf52be73c62c54c7521049d8928f4c5367d3edf83105cfd7d25453279a,960044,553696800,554176800,a11c9edf7d30e209b00dfc804588b4d2d286457d32725853a26985138bfe0fb7,0,0,23262abea4a78a15730cb9a904377c1f1d1cf4547ae64d53542b914fb33ec930,saved_rule_based,1.79
section_00_source_train_normal_000699,train,source,normal,B,20260904T172511Z-ad415a2a4c50dc17545694e5,20260904T172511Z-ad415a2a4c50dc17545694e5-dg-bead543a888d-000194,1,none,none,slow,normal-slow-2,rear,normal,clipped/audio_event_clean/normal/20260904T172511Z-ad415a2a4c50dc17545694e5-dg-bead543a888d-000194_ch1.wav,3DPrinter/train/section_00_source_train_normal_000699.wav,d08fcbde27d071190eaa872dbe2f7574e1d09d886c5d8fc697561718485005b3,960044,554656800,555136800,a11c9edf7d30e209b00dfc804588b4d2d286457d32725853a26985138bfe0fb7,0,0,23262abea4a78a15730cb9a904377c1f1d1cf4547ae64d53542b914fb33ec930,saved_rule_based,1.79
section_00_source_train_normal_000700,train,source,normal,B,20260904T172511Z-ad415a2a4c50dc17545694e5,20260904T172511Z-ad415a2a4c50dc17545694e5-dg-bead543a888d-000198,1,none,none,slow,normal-slow-2,rear,normal,clipped/audio_event_clean/normal/20260904T172511Z-ad415a2a4c50dc17545694e5-dg-bead543a888d-000198_ch1.wav,3DPrinter/train/section_00_source_train_normal_000700.wav,ca47782bbec9d4e4bd86945d04f37dc9f5e2b3c30c34f8e7608a87d43b7204f1,960044,556576800,557056800,a11c9edf7d30e209b00dfc804588b4d2d286457d32725853a26985138bfe0fb7,0,0,23262abea4a78a15730cb9a904377c1f1d1cf4547ae64d53542b914fb33ec930,saved_rule_based,1.79
section_00_source_train_normal_000701,train,source,normal,B,20260904T172511Z-ad415a2a4c50dc17545694e5,20260904T172511Z-ad415a2a4c50dc17545694e5-dg-bead543a888d-000201,1,none,none,slow,normal-slow-2,rear,normal,clipped/audio_event_clean/normal/20260904T172511Z-ad415a2a4c50dc17545694e5-dg-bead543a888d-000201_ch1.wav,3DPrinter/train/section_00_source_train_normal_000701.wav,60c90531ea8942bfe0b7d6789772b3e9581fb6bc424cb2719cf46c65df52cc95,960044,558016800,558496800,a11c9edf7d30e209b00dfc804588b4d2d286457d32725853a26985138bfe0fb7,0,0,23262abea4a78a15730cb9a904377c1f1d1cf4547ae64d53542b914fb33ec930,saved_rule_based,1.79
section_00_source_train_normal_000702,train,source,normal,B,20260904T172511Z-ad415a2a4c50dc17545694e5,20260904T172511Z-ad415a2a4c50dc17545694e5-dg-bead543a888d-000202,1,none,none,slow,normal-slow-2,rear,normal,clipped/audio_event_clean/normal/20260904T172511Z-ad415a2a4c50dc17545694e5-dg-bead543a888d-000202_ch1.wav,3DPrinter/train/section_00_source_train_normal_000702.wav,ad4aa0ced072f66b5244e9dc57ae8d54f70004fc156d0ba8eaab82df7342fc0a,960044,558496800,558976800,a11c9edf7d30e209b00dfc804588b4d2d286457d32725853a26985138bfe0fb7,0,0,23262abea4a78a15730cb9a904377c1f1d1cf4547ae64d53542b914fb33ec930,saved_rule_based,1.79
section_00_source_train_normal_000703,train,source,normal,B,20260904T172511Z-ad415a2a4c50dc17545694e5,20260904T172511Z-ad415a2a4c50dc17545694e5-dg-bead543a888d-000203,1,none,none,slow,normal-slow-2,rear,normal,clipped/audio_event_clean/normal/20260904T172511Z-ad415a2a4c50dc17545694e5-dg-bead543a888d-000203_ch1.wav,3DPrinter/train/section_00_source_train_normal_000703.wav,a423a4d7cf28d5186f98d3db0ff40963fb04eb8f7f4f9859d2ff2224e7e60a73,960044,558976800,559456800,a11c9edf7d30e209b00dfc804588b4d2d286457d32725853a26985138bfe0fb7,0,0,23262abea4a78a15730cb9a904377c1f1d1cf4547ae64d53542b914fb33ec930,saved_rule_based,1.79
section_00_source_train_normal_000704,train,source,normal,B,20260904T172511Z-ad415a2a4c50dc17545694e5,20260904T172511Z-ad415a2a4c50dc17545694e5-dg-bead543a888d-000204,1,none,none,slow,normal-slow-2,rear,normal,clipped/audio_event_clean/normal/20260904T172511Z-ad415a2a4c50dc17545694e5-dg-bead543a888d-000204_ch1.wav,3DPrinter/train/section_00_source_train_normal_000704.wav,7b93b7cad572b212965c61cbd9db4e39f68d4c92c6dad8395cb8ff11ae07c03b,960044,559456800,559936800,a11c9edf7d30e209b00dfc804588b4d2d286457d32725853a26985138bfe0fb7,0,0,23262abea4a78a15730cb9a904377c1f1d1cf4547ae64d53542b914fb33ec930,saved_rule_based,1.79
section_00_source_train_normal_000705,train,source,normal,B,20260904T172511Z-ad415a2a4c50dc17545694e5,20260904T172511Z-ad415a2a4c50dc17545694e5-dg-bead543a888d-000206,1,none,none,slow,normal-slow-2,rear,normal,clipped/audio_event_clean/normal/20260904T172511Z-ad415a2a4c50dc17545694e5-dg-bead543a888d-000206_ch1.wav,3DPrinter/train/section_00_source_train_normal_000705.wav,ed4394baf4ee07c9767963217e428ae51f87d06bcdcf5dda612d3a8aa48d44f9,960044,560416800,560896800,a11c9edf7d30e209b00dfc804588b4d2d286457d32725853a26985138bfe0fb7,0,0,23262abea4a78a15730cb9a904377c1f1d1cf4547ae64d53542b914fb33ec930,saved_rule_based,1.79
section_00_source_train_normal_000706,train,source,normal,B,20260904T172511Z-ad415a2a4c50dc17545694e5,20260904T172511Z-ad415a2a4c50dc17545694e5-dg-bead543a888d-000210,1,none,none,slow,normal-slow-2,rear,normal,clipped/audio_event_clean/normal/20260904T172511Z-ad415a2a4c50dc17545694e5-dg-bead543a888d-000210_ch1.wav,3DPrinter/train/section_00_source_train_normal_000706.wav,b48554cf1aa7a2b3692aafa7c8d0f44a4f117a57e5508deeac8dff2d62c67977,960044,562336800,562816800,a11c9edf7d30e209b00dfc804588b4d2d286457d32725853a26985138bfe0fb7,0,0,23262abea4a78a15730cb9a904377c1f1d1cf4547ae64d53542b914fb33ec930,saved_rule_based,1.79
section_00_source_train_normal_000707,train,source,normal,B,20260904T172511Z-ad415a2a4c50dc17545694e5,20260904T172511Z-ad415a2a4c50dc17545694e5-dg-bead543a888d-000212,1,none,none,slow,normal-slow-2,rear,normal,clipped/audio_event_clean/normal/20260904T172511Z-ad415a2a4c50dc17545694e5-dg-bead543a888d-000212_ch1.wav,3DPrinter/train/section_00_source_train_normal_000707.wav,f82adf7676f90e4e66d52ebdb8106fe01b9d578e182e8ef63a3e237a19d8d833,960044,563296800,563776800,a11c9edf7d30e209b00dfc804588b4d2d286457d32725853a26985138bfe0fb7,0,0,23262abea4a78a15730cb9a904377c1f1d1cf4547ae64d53542b914fb33ec930,saved_rule_based,1.79
section_00_source_train_normal_000708,train,source,normal,B,20260904T172511Z-ad415a2a4c50dc17545694e5,20260904T172511Z-ad415a2a4c50dc17545694e5-dg-bead543a888d-000214,1,none,none,slow,normal-slow-2,rear,normal,clipped/audio_event_clean/normal/20260904T172511Z-ad415a2a4c50dc17545694e5-dg-bead543a888d-000214_ch1.wav,3DPrinter/train/section_00_source_train_normal_000708.wav,aae5e095af31c1546277987c8afac319e8a24a8b3d959a93acfa6653ec578a7f,960044,564256800,564736800,a11c9edf7d30e209b00dfc804588b4d2d286457d32725853a26985138bfe0fb7,0,0,23262abea4a78a15730cb9a904377c1f1d1cf4547ae64d53542b914fb33ec930,saved_rule_based,1.79
section_00_source_train_normal_000709,train,source,normal,B,20260904T172511Z-ad415a2a4c50dc17545694e5,20260904T172511Z-ad415a2a4c50dc17545694e5-dg-bead543a888d-000217,1,none,none,slow,normal-slow-2,rear,normal,clipped/audio_event_clean/normal/20260904T172511Z-ad415a2a4c50dc17545694e5-dg-bead543a888d-000217_ch1.wav,3DPrinter/train/section_00_source_train_normal_000709.wav,7a7789047a9a96a7a3c4ade92182d070b66c18e96c21404e92117c199c0ddda3,960044,565696800,566176800,a11c9edf7d30e209b00dfc804588b4d2d286457d32725853a26985138bfe0fb7,0,0,23262abea4a78a15730cb9a904377c1f1d1cf4547ae64d53542b914fb33ec930,saved_rule_based,1.79
section_00_source_train_normal_000710,train,source,normal,B,20260904T172511Z-ad415a2a4c50dc17545694e5,20260904T172511Z-ad415a2a4c50dc17545694e5-dg-bead543a888d-000218,1,none,none,slow,normal-slow-2,rear,normal,clipped/audio_event_clean/normal/20260904T172511Z-ad415a2a4c50dc17545694e5-dg-bead543a888d-000218_ch1.wav,3DPrinter/train/section_00_source_train_normal_000710.wav,b744193070f0c33709d3a366be47db9107d78d91e2bd15be438874a915cde283,960044,566176800,566656800,a11c9edf7d30e209b00dfc804588b4d2d286457d32725853a26985138bfe0fb7,0,0,23262abea4a78a15730cb9a904377c1f1d1cf4547ae64d53542b914fb33ec930,saved_rule_based,1.79
section_00_source_train_normal_000711,train,source,normal,B,20260904T172511Z-ad415a2a4c50dc17545694e5,20260904T172511Z-ad415a2a4c50dc17545694e5-dg-bead543a888d-000219,1,none,none,slow,normal-slow-2,rear,normal,clipped/audio_event_clean/normal/20260904T172511Z-ad415a2a4c50dc17545694e5-dg-bead543a888d-000219_ch1.wav,3DPrinter/train/section_00_source_train_normal_000711.wav,d7d44bb12607195e5e93c254630808449c0c02f25f893b6c72e27534de264b47,960044,566656800,567136800,a11c9edf7d30e209b00dfc804588b4d2d286457d32725853a26985138bfe0fb7,0,0,23262abea4a78a15730cb9a904377c1f1d1cf4547ae64d53542b914fb33ec930,saved_rule_based,1.79
section_00_source_train_normal_000712,train,source,normal,B,20260904T172511Z-ad415a2a4c50dc17545694e5,20260904T172511Z-ad415a2a4c50dc17545694e5-dg-bead543a888d-000220,1,none,none,slow,normal-slow-2,rear,normal,clipped/audio_event_clean/normal/20260904T172511Z-ad415a2a4c50dc17545694e5-dg-bead543a888d-000220_ch1.wav,3DPrinter/train/section_00_source_train_normal_000712.wav,ad4f85e7918ed13f89185a56b47b436dc918a68ca83f27168a0806e21eee0496,960044,567136800,567616800,a11c9edf7d30e209b00dfc804588b4d2d286457d32725853a26985138bfe0fb7,0,0,23262abea4a78a15730cb9a904377c1f1d1cf4547ae64d53542b914fb33ec930,saved_rule_based,1.79
section_00_source_train_normal_000713,train,source,normal,B,20260904T172511Z-ad415a2a4c50dc17545694e5,20260904T172511Z-ad415a2a4c50dc17545694e5-dg-bead543a888d-000222,1,none,none,slow,normal-slow-2,rear,normal,clipped/audio_event_clean/normal/20260904T172511Z-ad415a2a4c50dc17545694e5-dg-bead543a888d-000222_ch1.wav,3DPrinter/train/section_00_source_train_normal_000713.wav,0a897c249fae32d18b254dfcb253fa597f01fd38b8aebf756a581441d7f8376d,960044,568096800,568576800,a11c9edf7d30e209b00dfc804588b4d2d286457d32725853a26985138bfe0fb7,0,0,23262abea4a78a15730cb9a904377c1f1d1cf4547ae64d53542b914fb33ec930,saved_rule_based,1.79
section_00_source_train_normal_000714,train,source,normal,B,20260904T172511Z-ad415a2a4c50dc17545694e5,20260904T172511Z-ad415a2a4c50dc17545694e5-dg-bead543a888d-000224,1,none,none,slow,normal-slow-2,rear,normal,clipped/audio_event_clean/normal/20260904T172511Z-ad415a2a4c50dc17545694e5-dg-bead543a888d-000224_ch1.wav,3DPrinter/train/section_00_source_train_normal_000714.wav,04770302c576761e3d29d1645fa523f74913994d2afdad72455bb4f117f613b7,960044,569056800,569536800,a11c9edf7d30e209b00dfc804588b4d2d286457d32725853a26985138bfe0fb7,0,0,23262abea4a78a15730cb9a904377c1f1d1cf4547ae64d53542b914fb33ec930,saved_rule_based,1.79
section_00_source_train_normal_000715,train,source,normal,B,20260904T172511Z-ad415a2a4c50dc17545694e5,20260904T172511Z-ad415a2a4c50dc17545694e5-dg-bead543a888d-000229,1,none,none,slow,normal-slow-2,rear,normal,clipped/audio_event_clean/normal/20260904T172511Z-ad415a2a4c50dc17545694e5-dg-bead543a888d-000229_ch1.wav,3DPrinter/train/section_00_source_train_normal_000715.wav,b9fbb46b21f0c019c4ab619cdf493f8c2144f09b9ae708e2535914b60e304eac,960044,571456800,571936800,a11c9edf7d30e209b00dfc804588b4d2d286457d32725853a26985138bfe0fb7,0,0,23262abea4a78a15730cb9a904377c1f1d1cf4547ae64d53542b914fb33ec930,saved_rule_based,1.79
section_00_source_train_normal_000716,train,source,normal,B,20260904T172511Z-ad415a2a4c50dc17545694e5,20260904T172511Z-ad415a2a4c50dc17545694e5-dg-bead543a888d-000231,1,none,none,slow,normal-slow-2,rear,normal,clipped/audio_event_clean/normal/20260904T172511Z-ad415a2a4c50dc17545694e5-dg-bead543a888d-000231_ch1.wav,3DPrinter/train/section_00_source_train_normal_000716.wav,54865c5db90fed373e66f3312ffea6d0b9b3f505c7d52170ca16cd00df4c286f,960044,572416800,572896800,a11c9edf7d30e209b00dfc804588b4d2d286457d32725853a26985138bfe0fb7,0,0,23262abea4a78a15730cb9a904377c1f1d1cf4547ae64d53542b914fb33ec930,saved_rule_based,1.79
section_00_source_train_normal_000717,train,source,normal,B,20260904T172511Z-ad415a2a4c50dc17545694e5,20260904T172511Z-ad415a2a4c50dc17545694e5-dg-bead543a888d-000233,1,none,none,slow,normal-slow-2,rear,normal,clipped/audio_event_clean/normal/20260904T172511Z-ad415a2a4c50dc17545694e5-dg-bead543a888d-000233_ch1.wav,3DPrinter/train/section_00_source_train_normal_000717.wav,00162a4106925f4e2841221237f7a1f7765a42204720d452aa23bfb8e82e2c12,960044,573376800,573856800,a11c9edf7d30e209b00dfc804588b4d2d286457d32725853a26985138bfe0fb7,0,0,23262abea4a78a15730cb9a904377c1f1d1cf4547ae64d53542b914fb33ec930,saved_rule_based,1.79
section_00_source_train_normal_000718,train,source,normal,B,20260904T172511Z-ad415a2a4c50dc17545694e5,20260904T172511Z-ad415a2a4c50dc17545694e5-dg-bead543a888d-000240,1,none,none,slow,normal-slow-2,rear,normal,clipped/audio_event_clean/normal/20260904T172511Z-ad415a2a4c50dc17545694e5-dg-bead543a888d-000240_ch1.wav,3DPrinter/train/section_00_source_train_normal_000718.wav,78d1e62764b07af0e3241f464c67d691b4de156d123e18cba156d1c0c027dda5,960044,576736800,577216800,a11c9edf7d30e209b00dfc804588b4d2d286457d32725853a26985138bfe0fb7,0,0,23262abea4a78a15730cb9a904377c1f1d1cf4547ae64d53542b914fb33ec930,saved_rule_based,1.79
section_00_source_train_normal_000719,train,source,normal,B,20260904T172511Z-ad415a2a4c50dc17545694e5,20260904T172511Z-ad415a2a4c50dc17545694e5-dg-bead543a888d-000241,1,none,none,slow,normal-slow-2,rear,normal,clipped/audio_event_clean/normal/20260904T172511Z-ad415a2a4c50dc17545694e5-dg-bead543a888d-000241_ch1.wav,3DPrinter/train/section_00_source_train_normal_000719.wav,f12e03a888191cf10e54efd21ea7bbed89e570f926b32d6081b89043397765ae,960044,577216800,577696800,a11c9edf7d30e209b00dfc804588b4d2d286457d32725853a26985138bfe0fb7,0,0,23262abea4a78a15730cb9a904377c1f1d1cf4547ae64d53542b914fb33ec930,saved_rule_based,1.79
section_00_source_train_normal_000720,train,source,normal,B,20260904T172511Z-ad415a2a4c50dc17545694e5,20260904T172511Z-ad415a2a4c50dc17545694e5-dg-bead543a888d-000244,1,none,none,slow,normal-slow-2,rear,normal,clipped/audio_event_clean/normal/20260904T172511Z-ad415a2a4c50dc17545694e5-dg-bead543a888d-000244_ch1.wav,3DPrinter/train/section_00_source_train_normal_000720.wav,806437009b0337bfdc04c8955d019203b91238573cb8aad39e1837cf95875eae,960044,578656800,579136800,a11c9edf7d30e209b00dfc804588b4d2d286457d32725853a26985138bfe0fb7,0,0,23262abea4a78a15730cb9a904377c1f1d1cf4547ae64d53542b914fb33ec930,saved_rule_based,1.79
section_00_source_train_normal_000721,train,source,normal,B,20260904T172511Z-ad415a2a4c50dc17545694e5,20260904T172511Z-ad415a2a4c50dc17545694e5-dg-bead543a888d-000245,1,none,none,slow,normal-slow-2,rear,normal,clipped/audio_event_clean/normal/20260904T172511Z-ad415a2a4c50dc17545694e5-dg-bead543a888d-000245_ch1.wav,3DPrinter/train/section_00_source_train_normal_000721.wav,198c9b660817174708650abe027ee7b6a005f02b034fb6b3cac89676e5e5556b,960044,579136800,579616800,a11c9edf7d30e209b00dfc804588b4d2d286457d32725853a26985138bfe0fb7,0,0,23262abea4a78a15730cb9a904377c1f1d1cf4547ae64d53542b914fb33ec930,saved_rule_based,1.79
section_00_source_train_normal_000722,train,source,normal,B,20260904T172511Z-ad415a2a4c50dc17545694e5,20260904T172511Z-ad415a2a4c50dc17545694e5-dg-bead543a888d-000246,1,none,none,slow,normal-slow-2,rear,normal,clipped/audio_event_clean/normal/20260904T172511Z-ad415a2a4c50dc17545694e5-dg-bead543a888d-000246_ch1.wav,3DPrinter/train/section_00_source_train_normal_000722.wav,2ccb58fe645eeb38e3f3cae7cd0eab5229b25b91bb5ecb79791813148f3a28a0,960044,579616800,580096800,a11c9edf7d30e209b00dfc804588b4d2d286457d32725853a26985138bfe0fb7,0,0,23262abea4a78a15730cb9a904377c1f1d1cf4547ae64d53542b914fb33ec930,saved_rule_based,1.79
section_00_source_train_normal_000723,train,source,normal,B,20260904T172511Z-ad415a2a4c50dc17545694e5,20260904T172511Z-ad415a2a4c50dc17545694e5-dg-bead543a888d-000248,1,none,none,slow,normal-slow-2,rear,normal,clipped/audio_event_clean/normal/20260904T172511Z-ad415a2a4c50dc17545694e5-dg-bead543a888d-000248_ch1.wav,3DPrinter/train/section_00_source_train_normal_000723.wav,1a39c2f698a7254be60a61c8caac2811105a3a2fb03379731a2b4fb315076416,960044,580576800,581056800,a11c9edf7d30e209b00dfc804588b4d2d286457d32725853a26985138bfe0fb7,0,0,23262abea4a78a15730cb9a904377c1f1d1cf4547ae64d53542b914fb33ec930,saved_rule_based,1.79
section_00_source_train_normal_000724,train,source,normal,B,20260904T172511Z-ad415a2a4c50dc17545694e5,20260904T172511Z-ad415a2a4c50dc17545694e5-dg-bead543a888d-000249,1,none,none,slow,normal-slow-2,rear,normal,clipped/audio_event_clean/normal/20260904T172511Z-ad415a2a4c50dc17545694e5-dg-bead543a888d-000249_ch1.wav,3DPrinter/train/section_00_source_train_normal_000724.wav,7690879318513d211aeca4002276b6a232ed6dffc1fe9d2e2261f8fcbd0bc5d0,960044,581056800,581536800,a11c9edf7d30e209b00dfc804588b4d2d286457d32725853a26985138bfe0fb7,0,0,23262abea4a78a15730cb9a904377c1f1d1cf4547ae64d53542b914fb33ec930,saved_rule_based,1.79
section_00_source_train_normal_000725,train,source,normal,B,20260904T172511Z-ad415a2a4c50dc17545694e5,20260904T172511Z-ad415a2a4c50dc17545694e5-dg-bead543a888d-000252,1,none,none,slow,normal-slow-2,rear,normal,clipped/audio_event_clean/normal/20260904T172511Z-ad415a2a4c50dc17545694e5-dg-bead543a888d-000252_ch1.wav,3DPrinter/train/section_00_source_train_normal_000725.wav,10a89433785d83aed51857688d68ce7e2f794e65a3f5a010225f9c05bd899cf3,960044,582496800,582976800,a11c9edf7d30e209b00dfc804588b4d2d286457d32725853a26985138bfe0fb7,0,0,23262abea4a78a15730cb9a904377c1f1d1cf4547ae64d53542b914fb33ec930,saved_rule_based,1.79
section_00_source_train_normal_000726,train,source,normal,B,20260904T172511Z-ad415a2a4c50dc17545694e5,20260904T172511Z-ad415a2a4c50dc17545694e5-dg-bead543a888d-000253,1,none,none,slow,normal-slow-2,rear,normal,clipped/audio_event_clean/normal/20260904T172511Z-ad415a2a4c50dc17545694e5-dg-bead543a888d-000253_ch1.wav,3DPrinter/train/section_00_source_train_normal_000726.wav,8aceefdeadcc24f7b4f114e6ed1740bf2bc3cd46bc1577ae9a51d69b907befa6,960044,582976800,583456800,a11c9edf7d30e209b00dfc804588b4d2d286457d32725853a26985138bfe0fb7,0,0,23262abea4a78a15730cb9a904377c1f1d1cf4547ae64d53542b914fb33ec930,saved_rule_based,1.79
section_00_source_train_normal_000727,train,source,normal,B,20260904T172511Z-ad415a2a4c50dc17545694e5,20260904T172511Z-ad415a2a4c50dc17545694e5-dg-bead543a888d-000256,1,none,none,slow,normal-slow-2,rear,normal,clipped/audio_event_clean/normal/20260904T172511Z-ad415a2a4c50dc17545694e5-dg-bead543a888d-000256_ch1.wav,3DPrinter/train/section_00_source_train_normal_000727.wav,d720890ea9e9b636c9d215fb079e40816d1ed4a30f77aea7dd35d7e899513493,960044,584416800,584896800,a11c9edf7d30e209b00dfc804588b4d2d286457d32725853a26985138bfe0fb7,0,0,23262abea4a78a15730cb9a904377c1f1d1cf4547ae64d53542b914fb33ec930,saved_rule_based,1.79
section_00_source_train_normal_000728,train,source,normal,B,20260904T172511Z-ad415a2a4c50dc17545694e5,20260904T172511Z-ad415a2a4c50dc17545694e5-dg-bead543a888d-000263,1,none,none,slow,normal-slow-2,rear,normal,clipped/audio_event_clean/normal/20260904T172511Z-ad415a2a4c50dc17545694e5-dg-bead543a888d-000263_ch1.wav,3DPrinter/train/section_00_source_train_normal_000728.wav,9536ac1928119d763b40579c6de82c89efb04772cb011dc464a3db1deeef8fbd,960044,587776800,588256800,a11c9edf7d30e209b00dfc804588b4d2d286457d32725853a26985138bfe0fb7,0,0,23262abea4a78a15730cb9a904377c1f1d1cf4547ae64d53542b914fb33ec930,saved_rule_based,1.79
section_00_source_train_normal_000729,train,source,normal,B,20260904T172511Z-ad415a2a4c50dc17545694e5,20260904T172511Z-ad415a2a4c50dc17545694e5-dg-bead543a888d-000265,1,none,none,slow,normal-slow-2,rear,normal,clipped/audio_event_clean/normal/20260904T172511Z-ad415a2a4c50dc17545694e5-dg-bead543a888d-000265_ch1.wav,3DPrinter/train/section_00_source_train_normal_000729.wav,1941db0c84bcaafefd90c9927042da7eb06dfd18310cfe547467550678ebfc6c,960044,588736800,589216800,a11c9edf7d30e209b00dfc804588b4d2d286457d32725853a26985138bfe0fb7,0,0,23262abea4a78a15730cb9a904377c1f1d1cf4547ae64d53542b914fb33ec930,saved_rule_based,1.79
section_00_source_train_normal_000730,train,source,normal,B,20260904T172511Z-ad415a2a4c50dc17545694e5,20260904T172511Z-ad415a2a4c50dc17545694e5-dg-bead543a888d-000266,1,none,none,slow,normal-slow-2,rear,normal,clipped/audio_event_clean/normal/20260904T172511Z-ad415a2a4c50dc17545694e5-dg-bead543a888d-000266_ch1.wav,3DPrinter/train/section_00_source_train_normal_000730.wav,6966f1190277d67f4677d78cf93199b309d01b871934761f3f1ab36921adae0b,960044,589216800,589696800,a11c9edf7d30e209b00dfc804588b4d2d286457d32725853a26985138bfe0fb7,0,0,23262abea4a78a15730cb9a904377c1f1d1cf4547ae64d53542b914fb33ec930,saved_rule_based,1.79
section_00_source_train_normal_000731,train,source,normal,B,20260904T172511Z-ad415a2a4c50dc17545694e5,20260904T172511Z-ad415a2a4c50dc17545694e5-dg-bead543a888d-000268,1,none,none,slow,normal-slow-2,rear,normal,clipped/audio_event_clean/normal/20260904T172511Z-ad415a2a4c50dc17545694e5-dg-bead543a888d-000268_ch1.wav,3DPrinter/train/section_00_source_train_normal_000731.wav,2ecf737a1cc832fbdef06cba2fe7494f89c55431277efecb1d7d5c0158974dfa,960044,590176800,590656800,a11c9edf7d30e209b00dfc804588b4d2d286457d32725853a26985138bfe0fb7,0,0,23262abea4a78a15730cb9a904377c1f1d1cf4547ae64d53542b914fb33ec930,saved_rule_based,1.79
section_00_source_train_normal_000732,train,source,normal,B,20260904T172511Z-ad415a2a4c50dc17545694e5,20260904T172511Z-ad415a2a4c50dc17545694e5-dg-bead543a888d-000269,1,none,none,slow,normal-slow-2,rear,normal,clipped/audio_event_clean/normal/20260904T172511Z-ad415a2a4c50dc17545694e5-dg-bead543a888d-000269_ch1.wav,3DPrinter/train/section_00_source_train_normal_000732.wav,bd693c5ce71f46e6f6817cbbb00fbafdc9c25f57cc50dcaac3d08f2bdc660cb6,960044,590656800,591136800,a11c9edf7d30e209b00dfc804588b4d2d286457d32725853a26985138bfe0fb7,0,0,23262abea4a78a15730cb9a904377c1f1d1cf4547ae64d53542b914fb33ec930,saved_rule_based,1.79
section_00_source_train_normal_000733,train,source,normal,B,20260904T172511Z-ad415a2a4c50dc17545694e5,20260904T172511Z-ad415a2a4c50dc17545694e5-dg-bead543a888d-000270,1,none,none,slow,normal-slow-2,rear,normal,clipped/audio_event_clean/normal/20260904T172511Z-ad415a2a4c50dc17545694e5-dg-bead543a888d-000270_ch1.wav,3DPrinter/train/section_00_source_train_normal_000733.wav,8863bf41b56ea8b1e8aa9e5d7de276f11adb8c721ebccc0da32d2508331727b2,960044,591136800,591616800,a11c9edf7d30e209b00dfc804588b4d2d286457d32725853a26985138bfe0fb7,0,0,23262abea4a78a15730cb9a904377c1f1d1cf4547ae64d53542b914fb33ec930,saved_rule_based,1.79
section_00_source_train_normal_000734,train,source,normal,B,20260904T172511Z-ad415a2a4c50dc17545694e5,20260904T172511Z-ad415a2a4c50dc17545694e5-dg-bead543a888d-000271,1,none,none,slow,normal-slow-2,rear,normal,clipped/audio_event_clean/normal/20260904T172511Z-ad415a2a4c50dc17545694e5-dg-bead543a888d-000271_ch1.wav,3DPrinter/train/section_00_source_train_normal_000734.wav,864c014b4a95de038e7ebe44d69a4c462a746af0c1ba6138cffd7f2f3aec6b0d,960044,591616800,592096800,a11c9edf7d30e209b00dfc804588b4d2d286457d32725853a26985138bfe0fb7,0,0,23262abea4a78a15730cb9a904377c1f1d1cf4547ae64d53542b914fb33ec930,saved_rule_based,1.79
section_00_source_train_normal_000735,train,source,normal,B,20260904T172511Z-ad415a2a4c50dc17545694e5,20260904T172511Z-ad415a2a4c50dc17545694e5-dg-bead543a888d-000272,1,none,none,slow,normal-slow-2,rear,normal,clipped/audio_event_clean/normal/20260904T172511Z-ad415a2a4c50dc17545694e5-dg-bead543a888d-000272_ch1.wav,3DPrinter/train/section_00_source_train_normal_000735.wav,456f3a5ea31b5bbee3c26b78b4bfcfb51b7a47edf89c04c7c46a1400bcda6256,960044,592096800,592576800,a11c9edf7d30e209b00dfc804588b4d2d286457d32725853a26985138bfe0fb7,0,0,23262abea4a78a15730cb9a904377c1f1d1cf4547ae64d53542b914fb33ec930,saved_rule_based,1.79
section_00_source_train_normal_000736,train,source,normal,B,20260904T172511Z-ad415a2a4c50dc17545694e5,20260904T172511Z-ad415a2a4c50dc17545694e5-dg-bead543a888d-000276,1,none,none,slow,normal-slow-2,rear,normal,clipped/audio_event_clean/normal/20260904T172511Z-ad415a2a4c50dc17545694e5-dg-bead543a888d-000276_ch1.wav,3DPrinter/train/section_00_source_train_normal_000736.wav,d4f3d83e936f55e5b383578b96b51ec4ef8a9572ab339870ffabc96776dc9610,960044,594016800,594496800,a11c9edf7d30e209b00dfc804588b4d2d286457d32725853a26985138bfe0fb7,0,0,23262abea4a78a15730cb9a904377c1f1d1cf4547ae64d53542b914fb33ec930,saved_rule_based,1.79
section_00_source_train_normal_000737,train,source,normal,B,20260904T172511Z-ad415a2a4c50dc17545694e5,20260904T172511Z-ad415a2a4c50dc17545694e5-dg-bead543a888d-000283,1,none,none,slow,normal-slow-2,rear,normal,clipped/audio_event_clean/normal/20260904T172511Z-ad415a2a4c50dc17545694e5-dg-bead543a888d-000283_ch1.wav,3DPrinter/train/section_00_source_train_normal_000737.wav,cc92c98d9819bcd9e0704c7dfbdfc1e4440dcf2df201b02e30474c0870e7e3bf,960044,597376800,597856800,a11c9edf7d30e209b00dfc804588b4d2d286457d32725853a26985138bfe0fb7,0,0,23262abea4a78a15730cb9a904377c1f1d1cf4547ae64d53542b914fb33ec930,saved_rule_based,1.79
section_00_source_train_normal_000738,train,source,normal,B,20260904T172511Z-ad415a2a4c50dc17545694e5,20260904T172511Z-ad415a2a4c50dc17545694e5-dg-bead543a888d-000285,1,none,none,slow,normal-slow-2,rear,normal,clipped/audio_event_clean/normal/20260904T172511Z-ad415a2a4c50dc17545694e5-dg-bead543a888d-000285_ch1.wav,3DPrinter/train/section_00_source_train_normal_000738.wav,9ecdf04a05caf0183268b5b1e16c153212a7c9f50b70db13efc0a326ae8ae1a7,960044,598336800,598816800,a11c9edf7d30e209b00dfc804588b4d2d286457d32725853a26985138bfe0fb7,0,0,23262abea4a78a15730cb9a904377c1f1d1cf4547ae64d53542b914fb33ec930,saved_rule_based,1.79
section_00_source_train_normal_000739,train,source,normal,B,20260904T172511Z-ad415a2a4c50dc17545694e5,20260904T172511Z-ad415a2a4c50dc17545694e5-dg-bead543a888d-000290,1,none,none,slow,normal-slow-2,rear,normal,clipped/audio_event_clean/normal/20260904T172511Z-ad415a2a4c50dc17545694e5-dg-bead543a888d-000290_ch1.wav,3DPrinter/train/section_00_source_train_normal_000739.wav,1608ddd534187109c13a6be3dc27292df034bdb824cecef7d57f38933673141e,960044,600736800,601216800,a11c9edf7d30e209b00dfc804588b4d2d286457d32725853a26985138bfe0fb7,0,0,23262abea4a78a15730cb9a904377c1f1d1cf4547ae64d53542b914fb33ec930,saved_rule_based,1.79
section_00_source_train_normal_000740,train,source,normal,B,20260904T172511Z-ad415a2a4c50dc17545694e5,20260904T172511Z-ad415a2a4c50dc17545694e5-dg-bead543a888d-000296,1,none,none,slow,normal-slow-2,rear,normal,clipped/audio_event_clean/normal/20260904T172511Z-ad415a2a4c50dc17545694e5-dg-bead543a888d-000296_ch1.wav,3DPrinter/train/section_00_source_train_normal_000740.wav,468270e9cbc62037653b684fca799c96a5ab172e035de7f6a74e8e7dcce567cf,960044,603616800,604096800,a11c9edf7d30e209b00dfc804588b4d2d286457d32725853a26985138bfe0fb7,0,0,23262abea4a78a15730cb9a904377c1f1d1cf4547ae64d53542b914fb33ec930,saved_rule_based,1.79
section_00_source_train_normal_000741,train,source,normal,B,20260904T172511Z-ad415a2a4c50dc17545694e5,20260904T172511Z-ad415a2a4c50dc17545694e5-dg-bead543a888d-000300,1,none,none,slow,normal-slow-2,rear,normal,clipped/audio_event_clean/normal/20260904T172511Z-ad415a2a4c50dc17545694e5-dg-bead543a888d-000300_ch1.wav,3DPrinter/train/section_00_source_train_normal_000741.wav,01f6337f973832fc6ebd64aeaa254848ef3253f907b172b37ff338ea3824d4ec,960044,605536800,606016800,a11c9edf7d30e209b00dfc804588b4d2d286457d32725853a26985138bfe0fb7,0,0,23262abea4a78a15730cb9a904377c1f1d1cf4547ae64d53542b914fb33ec930,saved_rule_based,1.79
section_00_source_train_normal_000742,train,source,normal,B,20260904T163207Z-3a704ddd8de6a623badbc7e1,20260904T163207Z-3a704ddd8de6a623badbc7e1-dg-cd11374eb51a-000004,3,none,none,slow,normal-slow-1,front,normal,clipped/audio_event_clean/normal/20260904T163207Z-3a704ddd8de6a623badbc7e1-dg-cd11374eb51a-000004_ch3.wav,3DPrinter/train/section_00_source_train_normal_000742.wav,8468703522927c34e00d987a154896900704acaa0132f62ca8162a8c69eeeb64,960044,310600800,311080800,28c2eaad3353a03e6b407f92b09204b1bf97d1aa219009b7d21c4d701953e77f,0,0,802f3c261908f3e2e089368d45f0a944bfc163c5aff354242553bf974305ed1d,saved_rule_based,1.55
section_00_source_train_normal_000743,train,source,normal,B,20260904T163207Z-3a704ddd8de6a623badbc7e1,20260904T163207Z-3a704ddd8de6a623badbc7e1-dg-cd11374eb51a-000005,3,none,none,slow,normal-slow-1,front,normal,clipped/audio_event_clean/normal/20260904T163207Z-3a704ddd8de6a623badbc7e1-dg-cd11374eb51a-000005_ch3.wav,3DPrinter/train/section_00_source_train_normal_000743.wav,a6da5081655ff6e21f40c48b55b5213a57546c409fbc34e82cf1045e57e8c2d1,960044,311080800,311560800,28c2eaad3353a03e6b407f92b09204b1bf97d1aa219009b7d21c4d701953e77f,0,0,802f3c261908f3e2e089368d45f0a944bfc163c5aff354242553bf974305ed1d,saved_rule_based,1.55
section_00_source_train_normal_000744,train,source,normal,B,20260904T163207Z-3a704ddd8de6a623badbc7e1,20260904T163207Z-3a704ddd8de6a623badbc7e1-dg-cd11374eb51a-000007,3,none,none,slow,normal-slow-1,front,normal,clipped/audio_event_clean/normal/20260904T163207Z-3a704ddd8de6a623badbc7e1-dg-cd11374eb51a-000007_ch3.wav,3DPrinter/train/section_00_source_train_normal_000744.wav,f072c8823b5b2fcb1fe69518731ab596f0060b8b644db9a7055eaaf0fca3dee6,960044,312040800,312520800,28c2eaad3353a03e6b407f92b09204b1bf97d1aa219009b7d21c4d701953e77f,0,0,802f3c261908f3e2e089368d45f0a944bfc163c5aff354242553bf974305ed1d,saved_rule_based,1.55
section_00_source_train_normal_000745,train,source,normal,B,20260904T163207Z-3a704ddd8de6a623badbc7e1,20260904T163207Z-3a704ddd8de6a623badbc7e1-dg-cd11374eb51a-000008,3,none,none,slow,normal-slow-1,front,normal,clipped/audio_event_clean/normal/20260904T163207Z-3a704ddd8de6a623badbc7e1-dg-cd11374eb51a-000008_ch3.wav,3DPrinter/train/section_00_source_train_normal_000745.wav,4574ce222412820196789320febe572e6e5ce26c33c373bc5fbdda090388aefe,960044,312520800,313000800,28c2eaad3353a03e6b407f92b09204b1bf97d1aa219009b7d21c4d701953e77f,0,0,802f3c261908f3e2e089368d45f0a944bfc163c5aff354242553bf974305ed1d,saved_rule_based,1.55
section_00_source_train_normal_000746,train,source,normal,B,20260904T163207Z-3a704ddd8de6a623badbc7e1,20260904T163207Z-3a704ddd8de6a623badbc7e1-dg-cd11374eb51a-000014,3,none,none,slow,normal-slow-1,front,normal,clipped/audio_event_clean/normal/20260904T163207Z-3a704ddd8de6a623badbc7e1-dg-cd11374eb51a-000014_ch3.wav,3DPrinter/train/section_00_source_train_normal_000746.wav,b75e3fcda232a1a970000b54012bb5bbb545b55994ab0cc0e3e5a931d44baca0,960044,315400800,315880800,28c2eaad3353a03e6b407f92b09204b1bf97d1aa219009b7d21c4d701953e77f,0,0,802f3c261908f3e2e089368d45f0a944bfc163c5aff354242553bf974305ed1d,saved_rule_based,1.55
section_00_source_train_normal_000747,train,source,normal,B,20260904T163207Z-3a704ddd8de6a623badbc7e1,20260904T163207Z-3a704ddd8de6a623badbc7e1-dg-cd11374eb51a-000021,3,none,none,slow,normal-slow-1,front,normal,clipped/audio_event_clean/normal/20260904T163207Z-3a704ddd8de6a623badbc7e1-dg-cd11374eb51a-000021_ch3.wav,3DPrinter/train/section_00_source_train_normal_000747.wav,81504d022b02d444f26deca6df864ea47bb69f9a03e3fbc3ecab4a7efd694392,960044,318760800,319240800,28c2eaad3353a03e6b407f92b09204b1bf97d1aa219009b7d21c4d701953e77f,0,0,802f3c261908f3e2e089368d45f0a944bfc163c5aff354242553bf974305ed1d,saved_rule_based,1.55
section_00_source_train_normal_000748,train,source,normal,B,20260904T163207Z-3a704ddd8de6a623badbc7e1,20260904T163207Z-3a704ddd8de6a623badbc7e1-dg-cd11374eb51a-000026,3,none,none,slow,normal-slow-1,front,normal,clipped/audio_event_clean/normal/20260904T163207Z-3a704ddd8de6a623badbc7e1-dg-cd11374eb51a-000026_ch3.wav,3DPrinter/train/section_00_source_train_normal_000748.wav,8ec2aaaec6dc32b878e50b7e78d83608d741b894467d2287bee85765d7a31201,960044,321160800,321640800,28c2eaad3353a03e6b407f92b09204b1bf97d1aa219009b7d21c4d701953e77f,0,0,802f3c261908f3e2e089368d45f0a944bfc163c5aff354242553bf974305ed1d,saved_rule_based,1.55
section_00_source_train_normal_000749,train,source,normal,B,20260904T163207Z-3a704ddd8de6a623badbc7e1,20260904T163207Z-3a704ddd8de6a623badbc7e1-dg-cd11374eb51a-000027,3,none,none,slow,normal-slow-1,front,normal,clipped/audio_event_clean/normal/20260904T163207Z-3a704ddd8de6a623badbc7e1-dg-cd11374eb51a-000027_ch3.wav,3DPrinter/train/section_00_source_train_normal_000749.wav,0b583cfa68bfe71d2ac96d869bef57e4639199a8b1a4a570a6f5e32f792fe644,960044,321640800,322120800,28c2eaad3353a03e6b407f92b09204b1bf97d1aa219009b7d21c4d701953e77f,0,0,802f3c261908f3e2e089368d45f0a944bfc163c5aff354242553bf974305ed1d,saved_rule_based,1.55
section_00_source_train_normal_000750,train,source,normal,B,20260904T163207Z-3a704ddd8de6a623badbc7e1,20260904T163207Z-3a704ddd8de6a623badbc7e1-dg-cd11374eb51a-000029,3,none,none,slow,normal-slow-1,front,normal,clipped/audio_event_clean/normal/20260904T163207Z-3a704ddd8de6a623badbc7e1-dg-cd11374eb51a-000029_ch3.wav,3DPrinter/train/section_00_source_train_normal_000750.wav,ec052ca2a5326e079b01e70524582ed5e698cfe5c28e09b7c4908df5ce58719d,960044,322600800,323080800,28c2eaad3353a03e6b407f92b09204b1bf97d1aa219009b7d21c4d701953e77f,0,0,802f3c261908f3e2e089368d45f0a944bfc163c5aff354242553bf974305ed1d,saved_rule_based,1.55
section_00_source_train_normal_000751,train,source,normal,B,20260904T163207Z-3a704ddd8de6a623badbc7e1,20260904T163207Z-3a704ddd8de6a623badbc7e1-dg-cd11374eb51a-000031,3,none,none,slow,normal-slow-1,front,normal,clipped/audio_event_clean/normal/20260904T163207Z-3a704ddd8de6a623badbc7e1-dg-cd11374eb51a-000031_ch3.wav,3DPrinter/train/section_00_source_train_normal_000751.wav,b9dd54417985597dc3d18d81ac14bf717810eed537ae859c7da26b1d42f9337d,960044,323560800,324040800,28c2eaad3353a03e6b407f92b09204b1bf97d1aa219009b7d21c4d701953e77f,0,0,802f3c261908f3e2e089368d45f0a944bfc163c5aff354242553bf974305ed1d,saved_rule_based,1.55
section_00_source_train_normal_000752,train,source,normal,B,20260904T163207Z-3a704ddd8de6a623badbc7e1,20260904T163207Z-3a704ddd8de6a623badbc7e1-dg-cd11374eb51a-000040,3,none,none,slow,normal-slow-1,front,normal,clipped/audio_event_clean/normal/20260904T163207Z-3a704ddd8de6a623badbc7e1-dg-cd11374eb51a-000040_ch3.wav,3DPrinter/train/section_00_source_train_normal_000752.wav,39513e02264000ae233b3456993529293bbba057d52fc96edd26a1e7e0360678,960044,327880800,328360800,28c2eaad3353a03e6b407f92b09204b1bf97d1aa219009b7d21c4d701953e77f,0,0,802f3c261908f3e2e089368d45f0a944bfc163c5aff354242553bf974305ed1d,saved_rule_based,1.55
section_00_source_train_normal_000753,train,source,normal,B,20260904T163207Z-3a704ddd8de6a623badbc7e1,20260904T163207Z-3a704ddd8de6a623badbc7e1-dg-cd11374eb51a-000042,3,none,none,slow,normal-slow-1,front,normal,clipped/audio_event_clean/normal/20260904T163207Z-3a704ddd8de6a623badbc7e1-dg-cd11374eb51a-000042_ch3.wav,3DPrinter/train/section_00_source_train_normal_000753.wav,6a3555ec72cc56a13f654ae0d95b7d52d4bf93dfd7089f9543bc18215a6b1fba,960044,328840800,329320800,28c2eaad3353a03e6b407f92b09204b1bf97d1aa219009b7d21c4d701953e77f,0,0,802f3c261908f3e2e089368d45f0a944bfc163c5aff354242553bf974305ed1d,saved_rule_based,1.55
section_00_source_train_normal_000754,train,source,normal,B,20260904T163207Z-3a704ddd8de6a623badbc7e1,20260904T163207Z-3a704ddd8de6a623badbc7e1-dg-cd11374eb51a-000044,3,none,none,slow,normal-slow-1,front,normal,clipped/audio_event_clean/normal/20260904T163207Z-3a704ddd8de6a623badbc7e1-dg-cd11374eb51a-000044_ch3.wav,3DPrinter/train/section_00_source_train_normal_000754.wav,5689f8b1cf7c025261aca89c1b0a1f72a82dd71a73f995e8ebaf0c5d675ec227,960044,329800800,330280800,28c2eaad3353a03e6b407f92b09204b1bf97d1aa219009b7d21c4d701953e77f,0,0,802f3c261908f3e2e089368d45f0a944bfc163c5aff354242553bf974305ed1d,saved_rule_based,1.55
section_00_source_train_normal_000755,train,source,normal,B,20260904T163207Z-3a704ddd8de6a623badbc7e1,20260904T163207Z-3a704ddd8de6a623badbc7e1-dg-cd11374eb51a-000046,3,none,none,slow,normal-slow-1,front,normal,clipped/audio_event_clean/normal/20260904T163207Z-3a704ddd8de6a623badbc7e1-dg-cd11374eb51a-000046_ch3.wav,3DPrinter/train/section_00_source_train_normal_000755.wav,6cabce8cc92b6e2c1293b233f85f5a19dbbd1d7965402cf164fc600d57ee160a,960044,330760800,331240800,28c2eaad3353a03e6b407f92b09204b1bf97d1aa219009b7d21c4d701953e77f,0,0,802f3c261908f3e2e089368d45f0a944bfc163c5aff354242553bf974305ed1d,saved_rule_based,1.55
section_00_source_train_normal_000756,train,source,normal,B,20260904T163207Z-3a704ddd8de6a623badbc7e1,20260904T163207Z-3a704ddd8de6a623badbc7e1-dg-cd11374eb51a-000047,3,none,none,slow,normal-slow-1,front,normal,clipped/audio_event_clean/normal/20260904T163207Z-3a704ddd8de6a623badbc7e1-dg-cd11374eb51a-000047_ch3.wav,3DPrinter/train/section_00_source_train_normal_000756.wav,d2a1b1c369e062ac06dc8c25303ac65629e7c24f67d5b5d0456e681e50a956e5,960044,331240800,331720800,28c2eaad3353a03e6b407f92b09204b1bf97d1aa219009b7d21c4d701953e77f,0,0,802f3c261908f3e2e089368d45f0a944bfc163c5aff354242553bf974305ed1d,saved_rule_based,1.55
section_00_source_train_normal_000757,train,source,normal,B,20260904T163207Z-3a704ddd8de6a623badbc7e1,20260904T163207Z-3a704ddd8de6a623badbc7e1-dg-cd11374eb51a-000050,3,none,none,slow,normal-slow-1,front,normal,clipped/audio_event_clean/normal/20260904T163207Z-3a704ddd8de6a623badbc7e1-dg-cd11374eb51a-000050_ch3.wav,3DPrinter/train/section_00_source_train_normal_000757.wav,faad21aaaa9881c9026f561d060c83265893194526e1426522798f625d46936a,960044,332680800,333160800,28c2eaad3353a03e6b407f92b09204b1bf97d1aa219009b7d21c4d701953e77f,0,0,802f3c261908f3e2e089368d45f0a944bfc163c5aff354242553bf974305ed1d,saved_rule_based,1.55
section_00_source_train_normal_000758,train,source,normal,B,20260904T163207Z-3a704ddd8de6a623badbc7e1,20260904T163207Z-3a704ddd8de6a623badbc7e1-dg-cd11374eb51a-000051,3,none,none,slow,normal-slow-1,front,normal,clipped/audio_event_clean/normal/20260904T163207Z-3a704ddd8de6a623badbc7e1-dg-cd11374eb51a-000051_ch3.wav,3DPrinter/train/section_00_source_train_normal_000758.wav,9e489973743e9510afae999ae7eee229ebfa3cde30b0fefa0fa1c777d5de3766,960044,333160800,333640800,28c2eaad3353a03e6b407f92b09204b1bf97d1aa219009b7d21c4d701953e77f,0,0,802f3c261908f3e2e089368d45f0a944bfc163c5aff354242553bf974305ed1d,saved_rule_based,1.55
section_00_source_train_normal_000759,train,source,normal,B,20260904T163207Z-3a704ddd8de6a623badbc7e1,20260904T163207Z-3a704ddd8de6a623badbc7e1-dg-cd11374eb51a-000053,3,none,none,slow,normal-slow-1,front,normal,clipped/audio_event_clean/normal/20260904T163207Z-3a704ddd8de6a623badbc7e1-dg-cd11374eb51a-000053_ch3.wav,3DPrinter/train/section_00_source_train_normal_000759.wav,72a5a1d53e0f1d292ce7033d21b5ea834bee282e67e6e77afac9c58f05e44268,960044,334120800,334600800,28c2eaad3353a03e6b407f92b09204b1bf97d1aa219009b7d21c4d701953e77f,0,0,802f3c261908f3e2e089368d45f0a944bfc163c5aff354242553bf974305ed1d,saved_rule_based,1.55
section_00_source_train_normal_000760,train,source,normal,B,20260904T163207Z-3a704ddd8de6a623badbc7e1,20260904T163207Z-3a704ddd8de6a623badbc7e1-dg-cd11374eb51a-000054,3,none,none,slow,normal-slow-1,front,normal,clipped/audio_event_clean/normal/20260904T163207Z-3a704ddd8de6a623badbc7e1-dg-cd11374eb51a-000054_ch3.wav,3DPrinter/train/section_00_source_train_normal_000760.wav,aa25626c185c4c3168d35d3e2bfc5670babe9929c69e7f39c8fb7f5811d9f22a,960044,334600800,335080800,28c2eaad3353a03e6b407f92b09204b1bf97d1aa219009b7d21c4d701953e77f,0,0,802f3c261908f3e2e089368d45f0a944bfc163c5aff354242553bf974305ed1d,saved_rule_based,1.55
section_00_source_train_normal_000761,train,source,normal,B,20260904T163207Z-3a704ddd8de6a623badbc7e1,20260904T163207Z-3a704ddd8de6a623badbc7e1-dg-cd11374eb51a-000057,3,none,none,slow,normal-slow-1,front,normal,clipped/audio_event_clean/normal/20260904T163207Z-3a704ddd8de6a623badbc7e1-dg-cd11374eb51a-000057_ch3.wav,3DPrinter/train/section_00_source_train_normal_000761.wav,aa244e3a1ea1491d3d0ff5a2c0a8ee16fd815460254adde471a78bfd56b7989e,960044,336040800,336520800,28c2eaad3353a03e6b407f92b09204b1bf97d1aa219009b7d21c4d701953e77f,0,0,802f3c261908f3e2e089368d45f0a944bfc163c5aff354242553bf974305ed1d,saved_rule_based,1.55
section_00_source_train_normal_000762,train,source,normal,B,20260904T163207Z-3a704ddd8de6a623badbc7e1,20260904T163207Z-3a704ddd8de6a623badbc7e1-dg-cd11374eb51a-000058,3,none,none,slow,normal-slow-1,front,normal,clipped/audio_event_clean/normal/20260904T163207Z-3a704ddd8de6a623badbc7e1-dg-cd11374eb51a-000058_ch3.wav,3DPrinter/train/section_00_source_train_normal_000762.wav,6238d1ec26d4d84a727daf4389ae6f5898d47365f8b752835333e3060096afda,960044,336520800,337000800,28c2eaad3353a03e6b407f92b09204b1bf97d1aa219009b7d21c4d701953e77f,0,0,802f3c261908f3e2e089368d45f0a944bfc163c5aff354242553bf974305ed1d,saved_rule_based,1.55
section_00_source_train_normal_000763,train,source,normal,B,20260904T163207Z-3a704ddd8de6a623badbc7e1,20260904T163207Z-3a704ddd8de6a623badbc7e1-dg-cd11374eb51a-000062,3,none,none,slow,normal-slow-1,front,normal,clipped/audio_event_clean/normal/20260904T163207Z-3a704ddd8de6a623badbc7e1-dg-cd11374eb51a-000062_ch3.wav,3DPrinter/train/section_00_source_train_normal_000763.wav,0540af316319a6deaff0137a943ddb2e6c80758f14a69ce6f2ceaff8c3a5f977,960044,338440800,338920800,28c2eaad3353a03e6b407f92b09204b1bf97d1aa219009b7d21c4d701953e77f,0,0,802f3c261908f3e2e089368d45f0a944bfc163c5aff354242553bf974305ed1d,saved_rule_based,1.55
section_00_source_train_normal_000764,train,source,normal,B,20260904T163207Z-3a704ddd8de6a623badbc7e1,20260904T163207Z-3a704ddd8de6a623badbc7e1-dg-cd11374eb51a-000065,3,none,none,slow,normal-slow-1,front,normal,clipped/audio_event_clean/normal/20260904T163207Z-3a704ddd8de6a623badbc7e1-dg-cd11374eb51a-000065_ch3.wav,3DPrinter/train/section_00_source_train_normal_000764.wav,05756877b245237898d39211be607cf685cd6710d09d850d2967fbf60363d0de,960044,339880800,340360800,28c2eaad3353a03e6b407f92b09204b1bf97d1aa219009b7d21c4d701953e77f,0,0,802f3c261908f3e2e089368d45f0a944bfc163c5aff354242553bf974305ed1d,saved_rule_based,1.55
section_00_source_train_normal_000765,train,source,normal,B,20260904T163207Z-3a704ddd8de6a623badbc7e1,20260904T163207Z-3a704ddd8de6a623badbc7e1-dg-cd11374eb51a-000066,3,none,none,slow,normal-slow-1,front,normal,clipped/audio_event_clean/normal/20260904T163207Z-3a704ddd8de6a623badbc7e1-dg-cd11374eb51a-000066_ch3.wav,3DPrinter/train/section_00_source_train_normal_000765.wav,90e1a8690b67ec2bdb41bb5d07fef0c8e063adcff5e813cbdf4ed07fbe84cdcb,960044,340360800,340840800,28c2eaad3353a03e6b407f92b09204b1bf97d1aa219009b7d21c4d701953e77f,0,0,802f3c261908f3e2e089368d45f0a944bfc163c5aff354242553bf974305ed1d,saved_rule_based,1.55
section_00_source_train_normal_000766,train,source,normal,B,20260904T163207Z-3a704ddd8de6a623badbc7e1,20260904T163207Z-3a704ddd8de6a623badbc7e1-dg-cd11374eb51a-000068,3,none,none,slow,normal-slow-1,front,normal,clipped/audio_event_clean/normal/20260904T163207Z-3a704ddd8de6a623badbc7e1-dg-cd11374eb51a-000068_ch3.wav,3DPrinter/train/section_00_source_train_normal_000766.wav,b224f71136f075cedbe52570b7ab679846ae07f01af6f8a366ea1eb72584f22b,960044,341320800,341800800,28c2eaad3353a03e6b407f92b09204b1bf97d1aa219009b7d21c4d701953e77f,0,0,802f3c261908f3e2e089368d45f0a944bfc163c5aff354242553bf974305ed1d,saved_rule_based,1.55
section_00_source_train_normal_000767,train,source,normal,B,20260904T163207Z-3a704ddd8de6a623badbc7e1,20260904T163207Z-3a704ddd8de6a623badbc7e1-dg-cd11374eb51a-000071,3,none,none,slow,normal-slow-1,front,normal,clipped/audio_event_clean/normal/20260904T163207Z-3a704ddd8de6a623badbc7e1-dg-cd11374eb51a-000071_ch3.wav,3DPrinter/train/section_00_source_train_normal_000767.wav,fa98f714899c8bda4f731ce654c4680f2f843d894458c246b60b827c28f6a41d,960044,342760800,343240800,28c2eaad3353a03e6b407f92b09204b1bf97d1aa219009b7d21c4d701953e77f,0,0,802f3c261908f3e2e089368d45f0a944bfc163c5aff354242553bf974305ed1d,saved_rule_based,1.55
section_00_source_train_normal_000768,train,source,normal,B,20260904T163207Z-3a704ddd8de6a623badbc7e1,20260904T163207Z-3a704ddd8de6a623badbc7e1-dg-cd11374eb51a-000074,3,none,none,slow,normal-slow-1,front,normal,clipped/audio_event_clean/normal/20260904T163207Z-3a704ddd8de6a623badbc7e1-dg-cd11374eb51a-000074_ch3.wav,3DPrinter/train/section_00_source_train_normal_000768.wav,5d1f49eec17a00a65824f0922b4ef394f2f2479f2eb57437382afdad575f558b,960044,344200800,344680800,28c2eaad3353a03e6b407f92b09204b1bf97d1aa219009b7d21c4d701953e77f,0,0,802f3c261908f3e2e089368d45f0a944bfc163c5aff354242553bf974305ed1d,saved_rule_based,1.55
section_00_source_train_normal_000769,train,source,normal,B,20260904T163207Z-3a704ddd8de6a623badbc7e1,20260904T163207Z-3a704ddd8de6a623badbc7e1-dg-cd11374eb51a-000078,3,none,none,slow,normal-slow-1,front,normal,clipped/audio_event_clean/normal/20260904T163207Z-3a704ddd8de6a623badbc7e1-dg-cd11374eb51a-000078_ch3.wav,3DPrinter/train/section_00_source_train_normal_000769.wav,a62583c26a8ad3fcb14b6518af6754865a8e861982ab97d7e1dc19cbf208114c,960044,346120800,346600800,28c2eaad3353a03e6b407f92b09204b1bf97d1aa219009b7d21c4d701953e77f,0,0,802f3c261908f3e2e089368d45f0a944bfc163c5aff354242553bf974305ed1d,saved_rule_based,1.55
section_00_source_train_normal_000770,train,source,normal,B,20260904T163207Z-3a704ddd8de6a623badbc7e1,20260904T163207Z-3a704ddd8de6a623badbc7e1-dg-cd11374eb51a-000079,3,none,none,slow,normal-slow-1,front,normal,clipped/audio_event_clean/normal/20260904T163207Z-3a704ddd8de6a623badbc7e1-dg-cd11374eb51a-000079_ch3.wav,3DPrinter/train/section_00_source_train_normal_000770.wav,b393ecf10765be12b202f0aac1b4b54b41b6ce37f8e5383b94d9e84150af27fb,960044,346600800,347080800,28c2eaad3353a03e6b407f92b09204b1bf97d1aa219009b7d21c4d701953e77f,0,0,802f3c261908f3e2e089368d45f0a944bfc163c5aff354242553bf974305ed1d,saved_rule_based,1.55
section_00_source_train_normal_000771,train,source,normal,B,20260904T163207Z-3a704ddd8de6a623badbc7e1,20260904T163207Z-3a704ddd8de6a623badbc7e1-dg-cd11374eb51a-000081,3,none,none,slow,normal-slow-1,front,normal,clipped/audio_event_clean/normal/20260904T163207Z-3a704ddd8de6a623badbc7e1-dg-cd11374eb51a-000081_ch3.wav,3DPrinter/train/section_00_source_train_normal_000771.wav,c5a83cf726afff1addd33b78e05f2a54c793e969c7acbaaa08c3612a782329f1,960044,347560800,348040800,28c2eaad3353a03e6b407f92b09204b1bf97d1aa219009b7d21c4d701953e77f,0,0,802f3c261908f3e2e089368d45f0a944bfc163c5aff354242553bf974305ed1d,saved_rule_based,1.55
section_00_source_train_normal_000772,train,source,normal,B,20260904T163207Z-3a704ddd8de6a623badbc7e1,20260904T163207Z-3a704ddd8de6a623badbc7e1-dg-cd11374eb51a-000082,3,none,none,slow,normal-slow-1,front,normal,clipped/audio_event_clean/normal/20260904T163207Z-3a704ddd8de6a623badbc7e1-dg-cd11374eb51a-000082_ch3.wav,3DPrinter/train/section_00_source_train_normal_000772.wav,a6490d5ce37193c0d87b90b6e775b21646b5c4a704fc90989b15d54ea0f68c81,960044,348040800,348520800,28c2eaad3353a03e6b407f92b09204b1bf97d1aa219009b7d21c4d701953e77f,0,0,802f3c261908f3e2e089368d45f0a944bfc163c5aff354242553bf974305ed1d,saved_rule_based,1.55
section_00_source_train_normal_000773,train,source,normal,B,20260904T163207Z-3a704ddd8de6a623badbc7e1,20260904T163207Z-3a704ddd8de6a623badbc7e1-dg-cd11374eb51a-000084,3,none,none,slow,normal-slow-1,front,normal,clipped/audio_event_clean/normal/20260904T163207Z-3a704ddd8de6a623badbc7e1-dg-cd11374eb51a-000084_ch3.wav,3DPrinter/train/section_00_source_train_normal_000773.wav,fb916c38874871fcbc37a96da6db7f5836344ef892214114aab9cabc3fea8bce,960044,349000800,349480800,28c2eaad3353a03e6b407f92b09204b1bf97d1aa219009b7d21c4d701953e77f,0,0,802f3c261908f3e2e089368d45f0a944bfc163c5aff354242553bf974305ed1d,saved_rule_based,1.55
section_00_source_train_normal_000774,train,source,normal,B,20260904T163207Z-3a704ddd8de6a623badbc7e1,20260904T163207Z-3a704ddd8de6a623badbc7e1-dg-cd11374eb51a-000090,3,none,none,slow,normal-slow-1,front,normal,clipped/audio_event_clean/normal/20260904T163207Z-3a704ddd8de6a623badbc7e1-dg-cd11374eb51a-000090_ch3.wav,3DPrinter/train/section_00_source_train_normal_000774.wav,595b03ab7075355b1c9775cb4d00e02dc7630a87e550e299b125969826adf5e7,960044,351880800,352360800,28c2eaad3353a03e6b407f92b09204b1bf97d1aa219009b7d21c4d701953e77f,0,0,802f3c261908f3e2e089368d45f0a944bfc163c5aff354242553bf974305ed1d,saved_rule_based,1.55
section_00_source_train_normal_000775,train,source,normal,B,20260904T163207Z-3a704ddd8de6a623badbc7e1,20260904T163207Z-3a704ddd8de6a623badbc7e1-dg-cd11374eb51a-000093,3,none,none,slow,normal-slow-1,front,normal,clipped/audio_event_clean/normal/20260904T163207Z-3a704ddd8de6a623badbc7e1-dg-cd11374eb51a-000093_ch3.wav,3DPrinter/train/section_00_source_train_normal_000775.wav,b50e9752e22cd38a5f1a37fdbe1130bcbb2ece70405e6f87c403e8db8767d77c,960044,353320800,353800800,28c2eaad3353a03e6b407f92b09204b1bf97d1aa219009b7d21c4d701953e77f,0,0,802f3c261908f3e2e089368d45f0a944bfc163c5aff354242553bf974305ed1d,saved_rule_based,1.55
section_00_source_train_normal_000776,train,source,normal,B,20260904T163207Z-3a704ddd8de6a623badbc7e1,20260904T163207Z-3a704ddd8de6a623badbc7e1-dg-cd11374eb51a-000095,3,none,none,slow,normal-slow-1,front,normal,clipped/audio_event_clean/normal/20260904T163207Z-3a704ddd8de6a623badbc7e1-dg-cd11374eb51a-000095_ch3.wav,3DPrinter/train/section_00_source_train_normal_000776.wav,6f9a26469764ac5993f1fba8819a84eb18040250dedf15a1e1c223bed3ce68af,960044,354280800,354760800,28c2eaad3353a03e6b407f92b09204b1bf97d1aa219009b7d21c4d701953e77f,0,0,802f3c261908f3e2e089368d45f0a944bfc163c5aff354242553bf974305ed1d,saved_rule_based,1.55
section_00_source_train_normal_000777,train,source,normal,B,20260904T163207Z-3a704ddd8de6a623badbc7e1,20260904T163207Z-3a704ddd8de6a623badbc7e1-dg-cd11374eb51a-000096,3,none,none,slow,normal-slow-1,front,normal,clipped/audio_event_clean/normal/20260904T163207Z-3a704ddd8de6a623badbc7e1-dg-cd11374eb51a-000096_ch3.wav,3DPrinter/train/section_00_source_train_normal_000777.wav,8386a944409b8c272262c17f1675cf74ca4242474ee078db45f3d386cd47a289,960044,354760800,355240800,28c2eaad3353a03e6b407f92b09204b1bf97d1aa219009b7d21c4d701953e77f,0,0,802f3c261908f3e2e089368d45f0a944bfc163c5aff354242553bf974305ed1d,saved_rule_based,1.55
section_00_source_train_normal_000778,train,source,normal,B,20260904T163207Z-3a704ddd8de6a623badbc7e1,20260904T163207Z-3a704ddd8de6a623badbc7e1-dg-cd11374eb51a-000100,3,none,none,slow,normal-slow-1,front,normal,clipped/audio_event_clean/normal/20260904T163207Z-3a704ddd8de6a623badbc7e1-dg-cd11374eb51a-000100_ch3.wav,3DPrinter/train/section_00_source_train_normal_000778.wav,0c824ae742b7de5f6e4c7e4ae640aa8e4d44b2ea0be9c028216476414d96001f,960044,356680800,357160800,28c2eaad3353a03e6b407f92b09204b1bf97d1aa219009b7d21c4d701953e77f,0,0,802f3c261908f3e2e089368d45f0a944bfc163c5aff354242553bf974305ed1d,saved_rule_based,1.55
section_00_source_train_normal_000779,train,source,normal,B,20260904T163207Z-3a704ddd8de6a623badbc7e1,20260904T163207Z-3a704ddd8de6a623badbc7e1-dg-cd11374eb51a-000101,3,none,none,slow,normal-slow-1,front,normal,clipped/audio_event_clean/normal/20260904T163207Z-3a704ddd8de6a623badbc7e1-dg-cd11374eb51a-000101_ch3.wav,3DPrinter/train/section_00_source_train_normal_000779.wav,f3e79660484bd2cd2242aa7c2f39cde243eaa7ee8917141065c58c5b4cdda936,960044,357160800,357640800,28c2eaad3353a03e6b407f92b09204b1bf97d1aa219009b7d21c4d701953e77f,0,0,802f3c261908f3e2e089368d45f0a944bfc163c5aff354242553bf974305ed1d,saved_rule_based,1.55
section_00_source_train_normal_000780,train,source,normal,B,20260904T163207Z-3a704ddd8de6a623badbc7e1,20260904T163207Z-3a704ddd8de6a623badbc7e1-dg-cd11374eb51a-000102,3,none,none,slow,normal-slow-1,front,normal,clipped/audio_event_clean/normal/20260904T163207Z-3a704ddd8de6a623badbc7e1-dg-cd11374eb51a-000102_ch3.wav,3DPrinter/train/section_00_source_train_normal_000780.wav,64ea394939e2798b1cc1ac06f75fb430d57bedc5a83dfef37d2988f48598ae26,960044,357640800,358120800,28c2eaad3353a03e6b407f92b09204b1bf97d1aa219009b7d21c4d701953e77f,0,0,802f3c261908f3e2e089368d45f0a944bfc163c5aff354242553bf974305ed1d,saved_rule_based,1.55
section_00_source_train_normal_000781,train,source,normal,B,20260904T163207Z-3a704ddd8de6a623badbc7e1,20260904T163207Z-3a704ddd8de6a623badbc7e1-dg-cd11374eb51a-000103,3,none,none,slow,normal-slow-1,front,normal,clipped/audio_event_clean/normal/20260904T163207Z-3a704ddd8de6a623badbc7e1-dg-cd11374eb51a-000103_ch3.wav,3DPrinter/train/section_00_source_train_normal_000781.wav,4c03f989e61456f33d4ac47edbf050587d6bee3a0615d69b3e6ead29fb1eef20,960044,358120800,358600800,28c2eaad3353a03e6b407f92b09204b1bf97d1aa219009b7d21c4d701953e77f,0,0,802f3c261908f3e2e089368d45f0a944bfc163c5aff354242553bf974305ed1d,saved_rule_based,1.55
section_00_source_train_normal_000782,train,source,normal,B,20260904T163207Z-3a704ddd8de6a623badbc7e1,20260904T163207Z-3a704ddd8de6a623badbc7e1-dg-cd11374eb51a-000104,3,none,none,slow,normal-slow-1,front,normal,clipped/audio_event_clean/normal/20260904T163207Z-3a704ddd8de6a623badbc7e1-dg-cd11374eb51a-000104_ch3.wav,3DPrinter/train/section_00_source_train_normal_000782.wav,6203dba70d6730e5ed9c62ba5aa50a19d4905e0340223296239b9639a3981007,960044,358600800,359080800,28c2eaad3353a03e6b407f92b09204b1bf97d1aa219009b7d21c4d701953e77f,0,0,802f3c261908f3e2e089368d45f0a944bfc163c5aff354242553bf974305ed1d,saved_rule_based,1.55
section_00_source_train_normal_000783,train,source,normal,B,20260904T163207Z-3a704ddd8de6a623badbc7e1,20260904T163207Z-3a704ddd8de6a623badbc7e1-dg-cd11374eb51a-000105,3,none,none,slow,normal-slow-1,front,normal,clipped/audio_event_clean/normal/20260904T163207Z-3a704ddd8de6a623badbc7e1-dg-cd11374eb51a-000105_ch3.wav,3DPrinter/train/section_00_source_train_normal_000783.wav,ad61549c1ab04d46e268b9e0ef5d2e4d29f51603fd972f28d59d60938c4b2854,960044,359080800,359560800,28c2eaad3353a03e6b407f92b09204b1bf97d1aa219009b7d21c4d701953e77f,0,0,802f3c261908f3e2e089368d45f0a944bfc163c5aff354242553bf974305ed1d,saved_rule_based,1.55
section_00_source_train_normal_000784,train,source,normal,B,20260904T163207Z-3a704ddd8de6a623badbc7e1,20260904T163207Z-3a704ddd8de6a623badbc7e1-dg-cd11374eb51a-000113,3,none,none,slow,normal-slow-1,front,normal,clipped/audio_event_clean/normal/20260904T163207Z-3a704ddd8de6a623badbc7e1-dg-cd11374eb51a-000113_ch3.wav,3DPrinter/train/section_00_source_train_normal_000784.wav,02048ac2c8a0107661be47d18da9d2deae4da8c7e941bc0dae406c0be7792e4b,960044,362920800,363400800,28c2eaad3353a03e6b407f92b09204b1bf97d1aa219009b7d21c4d701953e77f,0,0,802f3c261908f3e2e089368d45f0a944bfc163c5aff354242553bf974305ed1d,saved_rule_based,1.55
section_00_source_train_normal_000785,train,source,normal,B,20260904T163207Z-3a704ddd8de6a623badbc7e1,20260904T163207Z-3a704ddd8de6a623badbc7e1-dg-cd11374eb51a-000114,3,none,none,slow,normal-slow-1,front,normal,clipped/audio_event_clean/normal/20260904T163207Z-3a704ddd8de6a623badbc7e1-dg-cd11374eb51a-000114_ch3.wav,3DPrinter/train/section_00_source_train_normal_000785.wav,e70df52cb0cb84283ce1f016cb95895b2aad1465f270784c48537342997ddd82,960044,363400800,363880800,28c2eaad3353a03e6b407f92b09204b1bf97d1aa219009b7d21c4d701953e77f,0,0,802f3c261908f3e2e089368d45f0a944bfc163c5aff354242553bf974305ed1d,saved_rule_based,1.55
section_00_source_train_normal_000786,train,source,normal,B,20260904T163207Z-3a704ddd8de6a623badbc7e1,20260904T163207Z-3a704ddd8de6a623badbc7e1-dg-cd11374eb51a-000115,3,none,none,slow,normal-slow-1,front,normal,clipped/audio_event_clean/normal/20260904T163207Z-3a704ddd8de6a623badbc7e1-dg-cd11374eb51a-000115_ch3.wav,3DPrinter/train/section_00_source_train_normal_000786.wav,8c371f89d7333929c66a5b22a25388ce9d9f04057e88e4c4d62ea188b7915368,960044,363880800,364360800,28c2eaad3353a03e6b407f92b09204b1bf97d1aa219009b7d21c4d701953e77f,0,0,802f3c261908f3e2e089368d45f0a944bfc163c5aff354242553bf974305ed1d,saved_rule_based,1.55
section_00_source_train_normal_000787,train,source,normal,B,20260904T163207Z-3a704ddd8de6a623badbc7e1,20260904T163207Z-3a704ddd8de6a623badbc7e1-dg-cd11374eb51a-000116,3,none,none,slow,normal-slow-1,front,normal,clipped/audio_event_clean/normal/20260904T163207Z-3a704ddd8de6a623badbc7e1-dg-cd11374eb51a-000116_ch3.wav,3DPrinter/train/section_00_source_train_normal_000787.wav,79ac1357505296c0958fa83f10bd0768c2218667858ff790b46764fee2f8bd8d,960044,364360800,364840800,28c2eaad3353a03e6b407f92b09204b1bf97d1aa219009b7d21c4d701953e77f,0,0,802f3c261908f3e2e089368d45f0a944bfc163c5aff354242553bf974305ed1d,saved_rule_based,1.55
section_00_source_train_normal_000788,train,source,normal,B,20260904T163207Z-3a704ddd8de6a623badbc7e1,20260904T163207Z-3a704ddd8de6a623badbc7e1-dg-cd11374eb51a-000119,3,none,none,slow,normal-slow-1,front,normal,clipped/audio_event_clean/normal/20260904T163207Z-3a704ddd8de6a623badbc7e1-dg-cd11374eb51a-000119_ch3.wav,3DPrinter/train/section_00_source_train_normal_000788.wav,f88079b678d04a0161f1738cf9b384dd2364805f527aa84f805030f96c364c00,960044,365800800,366280800,28c2eaad3353a03e6b407f92b09204b1bf97d1aa219009b7d21c4d701953e77f,0,0,802f3c261908f3e2e089368d45f0a944bfc163c5aff354242553bf974305ed1d,saved_rule_based,1.55
section_00_source_train_normal_000789,train,source,normal,B,20260904T163207Z-3a704ddd8de6a623badbc7e1,20260904T163207Z-3a704ddd8de6a623badbc7e1-dg-cd11374eb51a-000121,3,none,none,slow,normal-slow-1,front,normal,clipped/audio_event_clean/normal/20260904T163207Z-3a704ddd8de6a623badbc7e1-dg-cd11374eb51a-000121_ch3.wav,3DPrinter/train/section_00_source_train_normal_000789.wav,8c7739a9974d113477e979ecb9f8f19a4ce3cb73ebc01cfe24b2b43333aed9d2,960044,366760800,367240800,28c2eaad3353a03e6b407f92b09204b1bf97d1aa219009b7d21c4d701953e77f,0,0,802f3c261908f3e2e089368d45f0a944bfc163c5aff354242553bf974305ed1d,saved_rule_based,1.55
section_00_source_train_normal_000790,train,source,normal,B,20260904T163207Z-3a704ddd8de6a623badbc7e1,20260904T163207Z-3a704ddd8de6a623badbc7e1-dg-cd11374eb51a-000124,3,none,none,slow,normal-slow-1,front,normal,clipped/audio_event_clean/normal/20260904T163207Z-3a704ddd8de6a623badbc7e1-dg-cd11374eb51a-000124_ch3.wav,3DPrinter/train/section_00_source_train_normal_000790.wav,253db07e0aabad107f897610261b744228ffac62f56a20d1c285e40275acebbb,960044,368200800,368680800,28c2eaad3353a03e6b407f92b09204b1bf97d1aa219009b7d21c4d701953e77f,0,0,802f3c261908f3e2e089368d45f0a944bfc163c5aff354242553bf974305ed1d,saved_rule_based,1.55
section_00_source_train_normal_000791,train,source,normal,B,20260904T163207Z-3a704ddd8de6a623badbc7e1,20260904T163207Z-3a704ddd8de6a623badbc7e1-dg-cd11374eb51a-000128,3,none,none,slow,normal-slow-1,front,normal,clipped/audio_event_clean/normal/20260904T163207Z-3a704ddd8de6a623badbc7e1-dg-cd11374eb51a-000128_ch3.wav,3DPrinter/train/section_00_source_train_normal_000791.wav,e9683a38e02a12d07f15b1a7109e11c285c6cd7ae87e146c0ed3f203fc74555a,960044,370120800,370600800,28c2eaad3353a03e6b407f92b09204b1bf97d1aa219009b7d21c4d701953e77f,0,0,802f3c261908f3e2e089368d45f0a944bfc163c5aff354242553bf974305ed1d,saved_rule_based,1.55
section_00_source_train_normal_000792,train,source,normal,B,20260904T163207Z-3a704ddd8de6a623badbc7e1,20260904T163207Z-3a704ddd8de6a623badbc7e1-dg-cd11374eb51a-000130,3,none,none,slow,normal-slow-1,front,normal,clipped/audio_event_clean/normal/20260904T163207Z-3a704ddd8de6a623badbc7e1-dg-cd11374eb51a-000130_ch3.wav,3DPrinter/train/section_00_source_train_normal_000792.wav,4b9519f0cec86bb8f051f80d446967a3885f32fec94b29f2ddf3914039c9871a,960044,371080800,371560800,28c2eaad3353a03e6b407f92b09204b1bf97d1aa219009b7d21c4d701953e77f,0,0,802f3c261908f3e2e089368d45f0a944bfc163c5aff354242553bf974305ed1d,saved_rule_based,1.55
section_00_source_train_normal_000793,train,source,normal,B,20260904T163207Z-3a704ddd8de6a623badbc7e1,20260904T163207Z-3a704ddd8de6a623badbc7e1-dg-cd11374eb51a-000132,3,none,none,slow,normal-slow-1,front,normal,clipped/audio_event_clean/normal/20260904T163207Z-3a704ddd8de6a623badbc7e1-dg-cd11374eb51a-000132_ch3.wav,3DPrinter/train/section_00_source_train_normal_000793.wav,933375503b9b8f329e7cd230d070029117c83d543d25f7623887a13f960a3df3,960044,372040800,372520800,28c2eaad3353a03e6b407f92b09204b1bf97d1aa219009b7d21c4d701953e77f,0,0,802f3c261908f3e2e089368d45f0a944bfc163c5aff354242553bf974305ed1d,saved_rule_based,1.55
section_00_source_train_normal_000794,train,source,normal,B,20260904T163207Z-3a704ddd8de6a623badbc7e1,20260904T163207Z-3a704ddd8de6a623badbc7e1-dg-cd11374eb51a-000140,3,none,none,slow,normal-slow-1,front,normal,clipped/audio_event_clean/normal/20260904T163207Z-3a704ddd8de6a623badbc7e1-dg-cd11374eb51a-000140_ch3.wav,3DPrinter/train/section_00_source_train_normal_000794.wav,9dbc8f99ecfc3dd8f87dfbec75f0158e9ec035c011647f4a4972ea05493afcc3,960044,375880800,376360800,28c2eaad3353a03e6b407f92b09204b1bf97d1aa219009b7d21c4d701953e77f,0,0,802f3c261908f3e2e089368d45f0a944bfc163c5aff354242553bf974305ed1d,saved_rule_based,1.55
section_00_source_train_normal_000795,train,source,normal,B,20260904T163207Z-3a704ddd8de6a623badbc7e1,20260904T163207Z-3a704ddd8de6a623badbc7e1-dg-cd11374eb51a-000141,3,none,none,slow,normal-slow-1,front,normal,clipped/audio_event_clean/normal/20260904T163207Z-3a704ddd8de6a623badbc7e1-dg-cd11374eb51a-000141_ch3.wav,3DPrinter/train/section_00_source_train_normal_000795.wav,3f580dfcec43872334dbabc94d614cf9ccebf433e44edbbf01b79497f23288f0,960044,376360800,376840800,28c2eaad3353a03e6b407f92b09204b1bf97d1aa219009b7d21c4d701953e77f,0,0,802f3c261908f3e2e089368d45f0a944bfc163c5aff354242553bf974305ed1d,saved_rule_based,1.55
section_00_source_train_normal_000796,train,source,normal,B,20260904T163207Z-3a704ddd8de6a623badbc7e1,20260904T163207Z-3a704ddd8de6a623badbc7e1-dg-cd11374eb51a-000145,3,none,none,slow,normal-slow-1,front,normal,clipped/audio_event_clean/normal/20260904T163207Z-3a704ddd8de6a623badbc7e1-dg-cd11374eb51a-000145_ch3.wav,3DPrinter/train/section_00_source_train_normal_000796.wav,3d2e7678f71d5ce32cc17bbb2913d824f293fb634c191fd84850e39ae4d46f4b,960044,378280800,378760800,28c2eaad3353a03e6b407f92b09204b1bf97d1aa219009b7d21c4d701953e77f,0,0,802f3c261908f3e2e089368d45f0a944bfc163c5aff354242553bf974305ed1d,saved_rule_based,1.55
section_00_source_train_normal_000797,train,source,normal,B,20260904T163207Z-3a704ddd8de6a623badbc7e1,20260904T163207Z-3a704ddd8de6a623badbc7e1-dg-cd11374eb51a-000147,3,none,none,slow,normal-slow-1,front,normal,clipped/audio_event_clean/normal/20260904T163207Z-3a704ddd8de6a623badbc7e1-dg-cd11374eb51a-000147_ch3.wav,3DPrinter/train/section_00_source_train_normal_000797.wav,920c3a02bf33d4cbf05e54c4d1bf869d21f8ec4f8be249a2252e57bd6b44ebcc,960044,379240800,379720800,28c2eaad3353a03e6b407f92b09204b1bf97d1aa219009b7d21c4d701953e77f,0,0,802f3c261908f3e2e089368d45f0a944bfc163c5aff354242553bf974305ed1d,saved_rule_based,1.55
section_00_source_train_normal_000798,train,source,normal,B,20260904T163207Z-3a704ddd8de6a623badbc7e1,20260904T163207Z-3a704ddd8de6a623badbc7e1-dg-cd11374eb51a-000148,3,none,none,slow,normal-slow-1,front,normal,clipped/audio_event_clean/normal/20260904T163207Z-3a704ddd8de6a623badbc7e1-dg-cd11374eb51a-000148_ch3.wav,3DPrinter/train/section_00_source_train_normal_000798.wav,6529ea372c5d6209241d8d34eb9a66b17fb1a471a5481de1c85e846441434ff4,960044,379720800,380200800,28c2eaad3353a03e6b407f92b09204b1bf97d1aa219009b7d21c4d701953e77f,0,0,802f3c261908f3e2e089368d45f0a944bfc163c5aff354242553bf974305ed1d,saved_rule_based,1.55
section_00_source_train_normal_000799,train,source,normal,B,20260904T163207Z-3a704ddd8de6a623badbc7e1,20260904T163207Z-3a704ddd8de6a623badbc7e1-dg-cd11374eb51a-000149,3,none,none,slow,normal-slow-1,front,normal,clipped/audio_event_clean/normal/20260904T163207Z-3a704ddd8de6a623badbc7e1-dg-cd11374eb51a-000149_ch3.wav,3DPrinter/train/section_00_source_train_normal_000799.wav,da4dc845f80988ecdfcbe1c5622403fc96218815e6fcbb9c98f61e6712cb691b,960044,380200800,380680800,28c2eaad3353a03e6b407f92b09204b1bf97d1aa219009b7d21c4d701953e77f,0,0,802f3c261908f3e2e089368d45f0a944bfc163c5aff354242553bf974305ed1d,saved_rule_based,1.55
section_00_source_train_normal_000800,train,source,normal,B,20260904T163207Z-3a704ddd8de6a623badbc7e1,20260904T163207Z-3a704ddd8de6a623badbc7e1-dg-cd11374eb51a-000153,3,none,none,slow,normal-slow-1,front,normal,clipped/audio_event_clean/normal/20260904T163207Z-3a704ddd8de6a623badbc7e1-dg-cd11374eb51a-000153_ch3.wav,3DPrinter/train/section_00_source_train_normal_000800.wav,3a02cb791161f0936290ff0f5f148bb6ddf4cddb44d6f869cd66413ef4f5d223,960044,382120800,382600800,28c2eaad3353a03e6b407f92b09204b1bf97d1aa219009b7d21c4d701953e77f,0,0,802f3c261908f3e2e089368d45f0a944bfc163c5aff354242553bf974305ed1d,saved_rule_based,1.55
section_00_source_train_normal_000801,train,source,normal,B,20260904T163207Z-3a704ddd8de6a623badbc7e1,20260904T163207Z-3a704ddd8de6a623badbc7e1-dg-cd11374eb51a-000154,3,none,none,slow,normal-slow-1,front,normal,clipped/audio_event_clean/normal/20260904T163207Z-3a704ddd8de6a623badbc7e1-dg-cd11374eb51a-000154_ch3.wav,3DPrinter/train/section_00_source_train_normal_000801.wav,115ff4485423012ade3e933d651dfe08f3d636b52bc72f4a9c02fc4054017ec1,960044,382600800,383080800,28c2eaad3353a03e6b407f92b09204b1bf97d1aa219009b7d21c4d701953e77f,0,0,802f3c261908f3e2e089368d45f0a944bfc163c5aff354242553bf974305ed1d,saved_rule_based,1.55
section_00_source_train_normal_000802,train,source,normal,B,20260904T163207Z-3a704ddd8de6a623badbc7e1,20260904T163207Z-3a704ddd8de6a623badbc7e1-dg-cd11374eb51a-000155,3,none,none,slow,normal-slow-1,front,normal,clipped/audio_event_clean/normal/20260904T163207Z-3a704ddd8de6a623badbc7e1-dg-cd11374eb51a-000155_ch3.wav,3DPrinter/train/section_00_source_train_normal_000802.wav,67c245d7fe36013fa6d86f113c92b8bd436d2a69c1bd20a4dff8dc1ad2856153,960044,383080800,383560800,28c2eaad3353a03e6b407f92b09204b1bf97d1aa219009b7d21c4d701953e77f,0,0,802f3c261908f3e2e089368d45f0a944bfc163c5aff354242553bf974305ed1d,saved_rule_based,1.55
section_00_source_train_normal_000803,train,source,normal,B,20260904T163207Z-3a704ddd8de6a623badbc7e1,20260904T163207Z-3a704ddd8de6a623badbc7e1-dg-cd11374eb51a-000159,3,none,none,slow,normal-slow-1,front,normal,clipped/audio_event_clean/normal/20260904T163207Z-3a704ddd8de6a623badbc7e1-dg-cd11374eb51a-000159_ch3.wav,3DPrinter/train/section_00_source_train_normal_000803.wav,eaf940d3532ab6ef3467be2d1fc172f3e942491724d8cec2da79e76bae07f287,960044,385000800,385480800,28c2eaad3353a03e6b407f92b09204b1bf97d1aa219009b7d21c4d701953e77f,0,0,802f3c261908f3e2e089368d45f0a944bfc163c5aff354242553bf974305ed1d,saved_rule_based,1.55
section_00_source_train_normal_000804,train,source,normal,B,20260904T163207Z-3a704ddd8de6a623badbc7e1,20260904T163207Z-3a704ddd8de6a623badbc7e1-dg-cd11374eb51a-000160,3,none,none,slow,normal-slow-1,front,normal,clipped/audio_event_clean/normal/20260904T163207Z-3a704ddd8de6a623badbc7e1-dg-cd11374eb51a-000160_ch3.wav,3DPrinter/train/section_00_source_train_normal_000804.wav,ac805f9306148c5c45bbf1c54825bd45c6fc5cd3f32b6da5f4ba0bc7fdd8067b,960044,385480800,385960800,28c2eaad3353a03e6b407f92b09204b1bf97d1aa219009b7d21c4d701953e77f,0,0,802f3c261908f3e2e089368d45f0a944bfc163c5aff354242553bf974305ed1d,saved_rule_based,1.55
section_00_source_train_normal_000805,train,source,normal,B,20260904T163207Z-3a704ddd8de6a623badbc7e1,20260904T163207Z-3a704ddd8de6a623badbc7e1-dg-cd11374eb51a-000163,3,none,none,slow,normal-slow-1,front,normal,clipped/audio_event_clean/normal/20260904T163207Z-3a704ddd8de6a623badbc7e1-dg-cd11374eb51a-000163_ch3.wav,3DPrinter/train/section_00_source_train_normal_000805.wav,6f154749293699b4191bff69f016bbbc63ac49cee4772edd00876293bf95b97a,960044,386920800,387400800,28c2eaad3353a03e6b407f92b09204b1bf97d1aa219009b7d21c4d701953e77f,0,0,802f3c261908f3e2e089368d45f0a944bfc163c5aff354242553bf974305ed1d,saved_rule_based,1.55
section_00_source_train_normal_000806,train,source,normal,B,20260904T163207Z-3a704ddd8de6a623badbc7e1,20260904T163207Z-3a704ddd8de6a623badbc7e1-dg-cd11374eb51a-000165,3,none,none,slow,normal-slow-1,front,normal,clipped/audio_event_clean/normal/20260904T163207Z-3a704ddd8de6a623badbc7e1-dg-cd11374eb51a-000165_ch3.wav,3DPrinter/train/section_00_source_train_normal_000806.wav,7a338196245506aa82a7eb7539c2cc23a8b6cc2eaa27a81fbf0dbe350b32e3a8,960044,387880800,388360800,28c2eaad3353a03e6b407f92b09204b1bf97d1aa219009b7d21c4d701953e77f,0,0,802f3c261908f3e2e089368d45f0a944bfc163c5aff354242553bf974305ed1d,saved_rule_based,1.55
section_00_source_train_normal_000807,train,source,normal,B,20260904T163207Z-3a704ddd8de6a623badbc7e1,20260904T163207Z-3a704ddd8de6a623badbc7e1-dg-cd11374eb51a-000172,3,none,none,slow,normal-slow-1,front,normal,clipped/audio_event_clean/normal/20260904T163207Z-3a704ddd8de6a623badbc7e1-dg-cd11374eb51a-000172_ch3.wav,3DPrinter/train/section_00_source_train_normal_000807.wav,0931b8046545345d5a65b7780f3eb8d3e0ccd3ecb8d85c492139831ae7ff62a6,960044,391240800,391720800,28c2eaad3353a03e6b407f92b09204b1bf97d1aa219009b7d21c4d701953e77f,0,0,802f3c261908f3e2e089368d45f0a944bfc163c5aff354242553bf974305ed1d,saved_rule_based,1.55
section_00_source_train_normal_000808,train,source,normal,B,20260904T163207Z-3a704ddd8de6a623badbc7e1,20260904T163207Z-3a704ddd8de6a623badbc7e1-dg-cd11374eb51a-000173,3,none,none,slow,normal-slow-1,front,normal,clipped/audio_event_clean/normal/20260904T163207Z-3a704ddd8de6a623badbc7e1-dg-cd11374eb51a-000173_ch3.wav,3DPrinter/train/section_00_source_train_normal_000808.wav,2723d16529c7bec23a3e6c6b3b5341f6a87302fac91118d3d00dc8bf2312c857,960044,391720800,392200800,28c2eaad3353a03e6b407f92b09204b1bf97d1aa219009b7d21c4d701953e77f,0,0,802f3c261908f3e2e089368d45f0a944bfc163c5aff354242553bf974305ed1d,saved_rule_based,1.55
section_00_source_train_normal_000809,train,source,normal,B,20260904T163207Z-3a704ddd8de6a623badbc7e1,20260904T163207Z-3a704ddd8de6a623badbc7e1-dg-cd11374eb51a-000174,3,none,none,slow,normal-slow-1,front,normal,clipped/audio_event_clean/normal/20260904T163207Z-3a704ddd8de6a623badbc7e1-dg-cd11374eb51a-000174_ch3.wav,3DPrinter/train/section_00_source_train_normal_000809.wav,bca3a9aa8f16163a59450c2c2b5f0db59a9fab5d4e9acec0985c8ac9f0d4b5fa,960044,392200800,392680800,28c2eaad3353a03e6b407f92b09204b1bf97d1aa219009b7d21c4d701953e77f,0,0,802f3c261908f3e2e089368d45f0a944bfc163c5aff354242553bf974305ed1d,saved_rule_based,1.55
section_00_source_train_normal_000810,train,source,normal,B,20260904T163207Z-3a704ddd8de6a623badbc7e1,20260904T163207Z-3a704ddd8de6a623badbc7e1-dg-cd11374eb51a-000175,3,none,none,slow,normal-slow-1,front,normal,clipped/audio_event_clean/normal/20260904T163207Z-3a704ddd8de6a623badbc7e1-dg-cd11374eb51a-000175_ch3.wav,3DPrinter/train/section_00_source_train_normal_000810.wav,0105bc3bb2ff91f06e0617ad95be2f4d6a2782ea16b5c6cd330700bd3b3f7431,960044,392680800,393160800,28c2eaad3353a03e6b407f92b09204b1bf97d1aa219009b7d21c4d701953e77f,0,0,802f3c261908f3e2e089368d45f0a944bfc163c5aff354242553bf974305ed1d,saved_rule_based,1.55
section_00_source_train_normal_000811,train,source,normal,B,20260904T163207Z-3a704ddd8de6a623badbc7e1,20260904T163207Z-3a704ddd8de6a623badbc7e1-dg-cd11374eb51a-000176,3,none,none,slow,normal-slow-1,front,normal,clipped/audio_event_clean/normal/20260904T163207Z-3a704ddd8de6a623badbc7e1-dg-cd11374eb51a-000176_ch3.wav,3DPrinter/train/section_00_source_train_normal_000811.wav,ba4cd5dbce8695c83fc2aeb16111b9a87714ffca44027b2522e0108d7f296d94,960044,393160800,393640800,28c2eaad3353a03e6b407f92b09204b1bf97d1aa219009b7d21c4d701953e77f,0,0,802f3c261908f3e2e089368d45f0a944bfc163c5aff354242553bf974305ed1d,saved_rule_based,1.55
section_00_source_train_normal_000812,train,source,normal,B,20260904T163207Z-3a704ddd8de6a623badbc7e1,20260904T163207Z-3a704ddd8de6a623badbc7e1-dg-cd11374eb51a-000177,3,none,none,slow,normal-slow-1,front,normal,clipped/audio_event_clean/normal/20260904T163207Z-3a704ddd8de6a623badbc7e1-dg-cd11374eb51a-000177_ch3.wav,3DPrinter/train/section_00_source_train_normal_000812.wav,02ecddec5f4e09c1f687604700b387b2928b955e8e6fd9aad4c9ad9eb507b80d,960044,393640800,394120800,28c2eaad3353a03e6b407f92b09204b1bf97d1aa219009b7d21c4d701953e77f,0,0,802f3c261908f3e2e089368d45f0a944bfc163c5aff354242553bf974305ed1d,saved_rule_based,1.55
section_00_source_train_normal_000813,train,source,normal,B,20260904T163207Z-3a704ddd8de6a623badbc7e1,20260904T163207Z-3a704ddd8de6a623badbc7e1-dg-cd11374eb51a-000181,3,none,none,slow,normal-slow-1,front,normal,clipped/audio_event_clean/normal/20260904T163207Z-3a704ddd8de6a623badbc7e1-dg-cd11374eb51a-000181_ch3.wav,3DPrinter/train/section_00_source_train_normal_000813.wav,869380c0d28a4ea974b515f8d4abfb9b0e6e877221215b8e15724320b259d927,960044,395560800,396040800,28c2eaad3353a03e6b407f92b09204b1bf97d1aa219009b7d21c4d701953e77f,0,0,802f3c261908f3e2e089368d45f0a944bfc163c5aff354242553bf974305ed1d,saved_rule_based,1.55
section_00_source_train_normal_000814,train,source,normal,B,20260904T163207Z-3a704ddd8de6a623badbc7e1,20260904T163207Z-3a704ddd8de6a623badbc7e1-dg-cd11374eb51a-000183,3,none,none,slow,normal-slow-1,front,normal,clipped/audio_event_clean/normal/20260904T163207Z-3a704ddd8de6a623badbc7e1-dg-cd11374eb51a-000183_ch3.wav,3DPrinter/train/section_00_source_train_normal_000814.wav,1a7331405edd1e370c0ef7a450615637fc99d417988b25da298e339063d923aa,960044,396520800,397000800,28c2eaad3353a03e6b407f92b09204b1bf97d1aa219009b7d21c4d701953e77f,0,0,802f3c261908f3e2e089368d45f0a944bfc163c5aff354242553bf974305ed1d,saved_rule_based,1.55
section_00_source_train_normal_000815,train,source,normal,B,20260904T163207Z-3a704ddd8de6a623badbc7e1,20260904T163207Z-3a704ddd8de6a623badbc7e1-dg-cd11374eb51a-000185,3,none,none,slow,normal-slow-1,front,normal,clipped/audio_event_clean/normal/20260904T163207Z-3a704ddd8de6a623badbc7e1-dg-cd11374eb51a-000185_ch3.wav,3DPrinter/train/section_00_source_train_normal_000815.wav,9304cd731fa440ef6a56cc89b028638a93338cc9fb8406972cf15e862cb1de97,960044,397480800,397960800,28c2eaad3353a03e6b407f92b09204b1bf97d1aa219009b7d21c4d701953e77f,0,0,802f3c261908f3e2e089368d45f0a944bfc163c5aff354242553bf974305ed1d,saved_rule_based,1.55
section_00_source_train_normal_000816,train,source,normal,B,20260904T163207Z-3a704ddd8de6a623badbc7e1,20260904T163207Z-3a704ddd8de6a623badbc7e1-dg-cd11374eb51a-000187,3,none,none,slow,normal-slow-1,front,normal,clipped/audio_event_clean/normal/20260904T163207Z-3a704ddd8de6a623badbc7e1-dg-cd11374eb51a-000187_ch3.wav,3DPrinter/train/section_00_source_train_normal_000816.wav,a66f1334f60a6dae8ba859b3f04950b7e6aeec36e4b9dc27f6a8885645e66604,960044,398440800,398920800,28c2eaad3353a03e6b407f92b09204b1bf97d1aa219009b7d21c4d701953e77f,0,0,802f3c261908f3e2e089368d45f0a944bfc163c5aff354242553bf974305ed1d,saved_rule_based,1.55
section_00_source_train_normal_000817,train,source,normal,B,20260904T163207Z-3a704ddd8de6a623badbc7e1,20260904T163207Z-3a704ddd8de6a623badbc7e1-dg-cd11374eb51a-000188,3,none,none,slow,normal-slow-1,front,normal,clipped/audio_event_clean/normal/20260904T163207Z-3a704ddd8de6a623badbc7e1-dg-cd11374eb51a-000188_ch3.wav,3DPrinter/train/section_00_source_train_normal_000817.wav,2a6b36caf5bedf980e4361a991ed21d39891e527f00ce52986da511fb2a69721,960044,398920800,399400800,28c2eaad3353a03e6b407f92b09204b1bf97d1aa219009b7d21c4d701953e77f,0,0,802f3c261908f3e2e089368d45f0a944bfc163c5aff354242553bf974305ed1d,saved_rule_based,1.55
section_00_source_train_normal_000818,train,source,normal,B,20260904T163207Z-3a704ddd8de6a623badbc7e1,20260904T163207Z-3a704ddd8de6a623badbc7e1-dg-cd11374eb51a-000192,3,none,none,slow,normal-slow-1,front,normal,clipped/audio_event_clean/normal/20260904T163207Z-3a704ddd8de6a623badbc7e1-dg-cd11374eb51a-000192_ch3.wav,3DPrinter/train/section_00_source_train_normal_000818.wav,fe8e503637a1289cd12a38befd6e2195592ca4234be2fcb815b55fa9f40c35e4,960044,400840800,401320800,28c2eaad3353a03e6b407f92b09204b1bf97d1aa219009b7d21c4d701953e77f,0,0,802f3c261908f3e2e089368d45f0a944bfc163c5aff354242553bf974305ed1d,saved_rule_based,1.55
section_00_source_train_normal_000819,train,source,normal,B,20260904T163207Z-3a704ddd8de6a623badbc7e1,20260904T163207Z-3a704ddd8de6a623badbc7e1-dg-cd11374eb51a-000193,3,none,none,slow,normal-slow-1,front,normal,clipped/audio_event_clean/normal/20260904T163207Z-3a704ddd8de6a623badbc7e1-dg-cd11374eb51a-000193_ch3.wav,3DPrinter/train/section_00_source_train_normal_000819.wav,95b4cc4b882b37eb141df745a69f9f29cbbdd91473ab6fc679cbbe11d90f0dc5,960044,401320800,401800800,28c2eaad3353a03e6b407f92b09204b1bf97d1aa219009b7d21c4d701953e77f,0,0,802f3c261908f3e2e089368d45f0a944bfc163c5aff354242553bf974305ed1d,saved_rule_based,1.55
section_00_source_train_normal_000820,train,source,normal,B,20260904T163207Z-3a704ddd8de6a623badbc7e1,20260904T163207Z-3a704ddd8de6a623badbc7e1-dg-cd11374eb51a-000196,3,none,none,slow,normal-slow-1,front,normal,clipped/audio_event_clean/normal/20260904T163207Z-3a704ddd8de6a623badbc7e1-dg-cd11374eb51a-000196_ch3.wav,3DPrinter/train/section_00_source_train_normal_000820.wav,31c6658855f615f999da448ef2f3ff83911a4828e81ef557a4d9d9ce243d5e82,960044,402760800,403240800,28c2eaad3353a03e6b407f92b09204b1bf97d1aa219009b7d21c4d701953e77f,0,0,802f3c261908f3e2e089368d45f0a944bfc163c5aff354242553bf974305ed1d,saved_rule_based,1.55
section_00_source_train_normal_000821,train,source,normal,B,20260904T163207Z-3a704ddd8de6a623badbc7e1,20260904T163207Z-3a704ddd8de6a623badbc7e1-dg-cd11374eb51a-000197,3,none,none,slow,normal-slow-1,front,normal,clipped/audio_event_clean/normal/20260904T163207Z-3a704ddd8de6a623badbc7e1-dg-cd11374eb51a-000197_ch3.wav,3DPrinter/train/section_00_source_train_normal_000821.wav,ed48c0d9fad9168267220078355f01a62b136f04200a83c05a1b9e1d789412b1,960044,403240800,403720800,28c2eaad3353a03e6b407f92b09204b1bf97d1aa219009b7d21c4d701953e77f,0,0,802f3c261908f3e2e089368d45f0a944bfc163c5aff354242553bf974305ed1d,saved_rule_based,1.55
section_00_source_train_normal_000822,train,source,normal,B,20260904T163207Z-3a704ddd8de6a623badbc7e1,20260904T163207Z-3a704ddd8de6a623badbc7e1-dg-cd11374eb51a-000198,3,none,none,slow,normal-slow-1,front,normal,clipped/audio_event_clean/normal/20260904T163207Z-3a704ddd8de6a623badbc7e1-dg-cd11374eb51a-000198_ch3.wav,3DPrinter/train/section_00_source_train_normal_000822.wav,374af049249cc90a8d86bbad3e0d020ada85e6bfb65a7990007ad7ba859ede44,960044,403720800,404200800,28c2eaad3353a03e6b407f92b09204b1bf97d1aa219009b7d21c4d701953e77f,0,0,802f3c261908f3e2e089368d45f0a944bfc163c5aff354242553bf974305ed1d,saved_rule_based,1.55
section_00_source_train_normal_000823,train,source,normal,B,20260904T163207Z-3a704ddd8de6a623badbc7e1,20260904T163207Z-3a704ddd8de6a623badbc7e1-dg-cd11374eb51a-000201,3,none,none,slow,normal-slow-1,front,normal,clipped/audio_event_clean/normal/20260904T163207Z-3a704ddd8de6a623badbc7e1-dg-cd11374eb51a-000201_ch3.wav,3DPrinter/train/section_00_source_train_normal_000823.wav,5d01cd94c6f975d0765c0a011bb01eaa83e6fb4f96d3ed95884cacf6f1893ac5,960044,405160800,405640800,28c2eaad3353a03e6b407f92b09204b1bf97d1aa219009b7d21c4d701953e77f,0,0,802f3c261908f3e2e089368d45f0a944bfc163c5aff354242553bf974305ed1d,saved_rule_based,1.55
section_00_source_train_normal_000824,train,source,normal,B,20260904T163207Z-3a704ddd8de6a623badbc7e1,20260904T163207Z-3a704ddd8de6a623badbc7e1-dg-cd11374eb51a-000203,3,none,none,slow,normal-slow-1,front,normal,clipped/audio_event_clean/normal/20260904T163207Z-3a704ddd8de6a623badbc7e1-dg-cd11374eb51a-000203_ch3.wav,3DPrinter/train/section_00_source_train_normal_000824.wav,3026fe1d9a78e1e770aeec20eb9bfa2b3f4647cec63499ed045e62769fad4488,960044,406120800,406600800,28c2eaad3353a03e6b407f92b09204b1bf97d1aa219009b7d21c4d701953e77f,0,0,802f3c261908f3e2e089368d45f0a944bfc163c5aff354242553bf974305ed1d,saved_rule_based,1.55
section_00_source_train_normal_000825,train,source,normal,B,20260904T163207Z-3a704ddd8de6a623badbc7e1,20260904T163207Z-3a704ddd8de6a623badbc7e1-dg-cd11374eb51a-000205,3,none,none,slow,normal-slow-1,front,normal,clipped/audio_event_clean/normal/20260904T163207Z-3a704ddd8de6a623badbc7e1-dg-cd11374eb51a-000205_ch3.wav,3DPrinter/train/section_00_source_train_normal_000825.wav,fe2345e4033eb7420cbd3ac538a510ee52d9b070fb5f63a42321586392ec2427,960044,407080800,407560800,28c2eaad3353a03e6b407f92b09204b1bf97d1aa219009b7d21c4d701953e77f,0,0,802f3c261908f3e2e089368d45f0a944bfc163c5aff354242553bf974305ed1d,saved_rule_based,1.55
section_00_source_train_normal_000826,train,source,normal,B,20260904T163207Z-3a704ddd8de6a623badbc7e1,20260904T163207Z-3a704ddd8de6a623badbc7e1-dg-cd11374eb51a-000207,3,none,none,slow,normal-slow-1,front,normal,clipped/audio_event_clean/normal/20260904T163207Z-3a704ddd8de6a623badbc7e1-dg-cd11374eb51a-000207_ch3.wav,3DPrinter/train/section_00_source_train_normal_000826.wav,07902eb152c94b62c3f13a7acc8a4c3626b5f7eb1ca3e01cad2f979a557db585,960044,408040800,408520800,28c2eaad3353a03e6b407f92b09204b1bf97d1aa219009b7d21c4d701953e77f,0,0,802f3c261908f3e2e089368d45f0a944bfc163c5aff354242553bf974305ed1d,saved_rule_based,1.55
section_00_source_train_normal_000827,train,source,normal,B,20260904T163207Z-3a704ddd8de6a623badbc7e1,20260904T163207Z-3a704ddd8de6a623badbc7e1-dg-cd11374eb51a-000209,3,none,none,slow,normal-slow-1,front,normal,clipped/audio_event_clean/normal/20260904T163207Z-3a704ddd8de6a623badbc7e1-dg-cd11374eb51a-000209_ch3.wav,3DPrinter/train/section_00_source_train_normal_000827.wav,ea63114eb0b553efc6892f641df5b5216feeb4cda6a8a2bf647df8ab341e5a73,960044,409000800,409480800,28c2eaad3353a03e6b407f92b09204b1bf97d1aa219009b7d21c4d701953e77f,0,0,802f3c261908f3e2e089368d45f0a944bfc163c5aff354242553bf974305ed1d,saved_rule_based,1.55
section_00_source_train_normal_000828,train,source,normal,B,20260904T163207Z-3a704ddd8de6a623badbc7e1,20260904T163207Z-3a704ddd8de6a623badbc7e1-dg-cd11374eb51a-000210,3,none,none,slow,normal-slow-1,front,normal,clipped/audio_event_clean/normal/20260904T163207Z-3a704ddd8de6a623badbc7e1-dg-cd11374eb51a-000210_ch3.wav,3DPrinter/train/section_00_source_train_normal_000828.wav,bc45cf10e87e35f57c6b846bbdffcb54ba27f04510e658b6ba6199b35ee63292,960044,409480800,409960800,28c2eaad3353a03e6b407f92b09204b1bf97d1aa219009b7d21c4d701953e77f,0,0,802f3c261908f3e2e089368d45f0a944bfc163c5aff354242553bf974305ed1d,saved_rule_based,1.55
section_00_source_train_normal_000829,train,source,normal,B,20260904T163207Z-3a704ddd8de6a623badbc7e1,20260904T163207Z-3a704ddd8de6a623badbc7e1-dg-cd11374eb51a-000211,3,none,none,slow,normal-slow-1,front,normal,clipped/audio_event_clean/normal/20260904T163207Z-3a704ddd8de6a623badbc7e1-dg-cd11374eb51a-000211_ch3.wav,3DPrinter/train/section_00_source_train_normal_000829.wav,1b3a03296533a031974ba801f9acb95c7e53397c3ad44f9f09b0a40e4abb0893,960044,409960800,410440800,28c2eaad3353a03e6b407f92b09204b1bf97d1aa219009b7d21c4d701953e77f,0,0,802f3c261908f3e2e089368d45f0a944bfc163c5aff354242553bf974305ed1d,saved_rule_based,1.55
section_00_source_train_normal_000830,train,source,normal,B,20260904T163207Z-3a704ddd8de6a623badbc7e1,20260904T163207Z-3a704ddd8de6a623badbc7e1-dg-cd11374eb51a-000218,3,none,none,slow,normal-slow-1,front,normal,clipped/audio_event_clean/normal/20260904T163207Z-3a704ddd8de6a623badbc7e1-dg-cd11374eb51a-000218_ch3.wav,3DPrinter/train/section_00_source_train_normal_000830.wav,efa3dc3ab380740ebb3f6c28ad28b82df0d25f7fda0d5957fe6fd4202b1074c2,960044,413320800,413800800,28c2eaad3353a03e6b407f92b09204b1bf97d1aa219009b7d21c4d701953e77f,0,0,802f3c261908f3e2e089368d45f0a944bfc163c5aff354242553bf974305ed1d,saved_rule_based,1.55
section_00_source_train_normal_000831,train,source,normal,B,20260904T163207Z-3a704ddd8de6a623badbc7e1,20260904T163207Z-3a704ddd8de6a623badbc7e1-dg-cd11374eb51a-000220,3,none,none,slow,normal-slow-1,front,normal,clipped/audio_event_clean/normal/20260904T163207Z-3a704ddd8de6a623badbc7e1-dg-cd11374eb51a-000220_ch3.wav,3DPrinter/train/section_00_source_train_normal_000831.wav,64129da7904710d8292dc23b177e6d4cae5d3319ea55ab30d77d4ee9f2f4ed34,960044,414280800,414760800,28c2eaad3353a03e6b407f92b09204b1bf97d1aa219009b7d21c4d701953e77f,0,0,802f3c261908f3e2e089368d45f0a944bfc163c5aff354242553bf974305ed1d,saved_rule_based,1.55
section_00_source_train_normal_000832,train,source,normal,B,20260904T163207Z-3a704ddd8de6a623badbc7e1,20260904T163207Z-3a704ddd8de6a623badbc7e1-dg-cd11374eb51a-000221,3,none,none,slow,normal-slow-1,front,normal,clipped/audio_event_clean/normal/20260904T163207Z-3a704ddd8de6a623badbc7e1-dg-cd11374eb51a-000221_ch3.wav,3DPrinter/train/section_00_source_train_normal_000832.wav,6dc4960da0be94964de451618ec41bce9e392c5a56f43b52f69f3fe6d743bcef,960044,414760800,415240800,28c2eaad3353a03e6b407f92b09204b1bf97d1aa219009b7d21c4d701953e77f,0,0,802f3c261908f3e2e089368d45f0a944bfc163c5aff354242553bf974305ed1d,saved_rule_based,1.55
section_00_source_train_normal_000833,train,source,normal,B,20260904T163207Z-3a704ddd8de6a623badbc7e1,20260904T163207Z-3a704ddd8de6a623badbc7e1-dg-cd11374eb51a-000223,3,none,none,slow,normal-slow-1,front,normal,clipped/audio_event_clean/normal/20260904T163207Z-3a704ddd8de6a623badbc7e1-dg-cd11374eb51a-000223_ch3.wav,3DPrinter/train/section_00_source_train_normal_000833.wav,53da263c2f9d5f34e7c63627ce5406f827208fc8d054fbba1c0bff138e2ba61e,960044,415720800,416200800,28c2eaad3353a03e6b407f92b09204b1bf97d1aa219009b7d21c4d701953e77f,0,0,802f3c261908f3e2e089368d45f0a944bfc163c5aff354242553bf974305ed1d,saved_rule_based,1.55
section_00_source_train_normal_000834,train,source,normal,B,20260904T163207Z-3a704ddd8de6a623badbc7e1,20260904T163207Z-3a704ddd8de6a623badbc7e1-dg-cd11374eb51a-000224,3,none,none,slow,normal-slow-1,front,normal,clipped/audio_event_clean/normal/20260904T163207Z-3a704ddd8de6a623badbc7e1-dg-cd11374eb51a-000224_ch3.wav,3DPrinter/train/section_00_source_train_normal_000834.wav,78c43feabc58bb9e089812bb0b4fc9b4215817aade13288d96590dd7a3409a4f,960044,416200800,416680800,28c2eaad3353a03e6b407f92b09204b1bf97d1aa219009b7d21c4d701953e77f,0,0,802f3c261908f3e2e089368d45f0a944bfc163c5aff354242553bf974305ed1d,saved_rule_based,1.55
section_00_source_train_normal_000835,train,source,normal,B,20260904T163207Z-3a704ddd8de6a623badbc7e1,20260904T163207Z-3a704ddd8de6a623badbc7e1-dg-cd11374eb51a-000228,3,none,none,slow,normal-slow-1,front,normal,clipped/audio_event_clean/normal/20260904T163207Z-3a704ddd8de6a623badbc7e1-dg-cd11374eb51a-000228_ch3.wav,3DPrinter/train/section_00_source_train_normal_000835.wav,f3173859983b1e183b7a0b301403f3b0e7fea878c8ceac6b7857663a2037ac1f,960044,418120800,418600800,28c2eaad3353a03e6b407f92b09204b1bf97d1aa219009b7d21c4d701953e77f,0,0,802f3c261908f3e2e089368d45f0a944bfc163c5aff354242553bf974305ed1d,saved_rule_based,1.55
section_00_source_train_normal_000836,train,source,normal,B,20260904T163207Z-3a704ddd8de6a623badbc7e1,20260904T163207Z-3a704ddd8de6a623badbc7e1-dg-cd11374eb51a-000233,3,none,none,slow,normal-slow-1,front,normal,clipped/audio_event_clean/normal/20260904T163207Z-3a704ddd8de6a623badbc7e1-dg-cd11374eb51a-000233_ch3.wav,3DPrinter/train/section_00_source_train_normal_000836.wav,875ad7ae1cd162574f1f0d51f8ac23bf6181a791c3f347de3fca537cd2273c60,960044,420520800,421000800,28c2eaad3353a03e6b407f92b09204b1bf97d1aa219009b7d21c4d701953e77f,0,0,802f3c261908f3e2e089368d45f0a944bfc163c5aff354242553bf974305ed1d,saved_rule_based,1.55
section_00_source_train_normal_000837,train,source,normal,B,20260904T163207Z-3a704ddd8de6a623badbc7e1,20260904T163207Z-3a704ddd8de6a623badbc7e1-dg-cd11374eb51a-000235,3,none,none,slow,normal-slow-1,front,normal,clipped/audio_event_clean/normal/20260904T163207Z-3a704ddd8de6a623badbc7e1-dg-cd11374eb51a-000235_ch3.wav,3DPrinter/train/section_00_source_train_normal_000837.wav,bde8dd49f5c020f77836145a704229e0de51dca0dbaea4bc0af65703930c665b,960044,421480800,421960800,28c2eaad3353a03e6b407f92b09204b1bf97d1aa219009b7d21c4d701953e77f,0,0,802f3c261908f3e2e089368d45f0a944bfc163c5aff354242553bf974305ed1d,saved_rule_based,1.55
section_00_source_train_normal_000838,train,source,normal,B,20260904T163207Z-3a704ddd8de6a623badbc7e1,20260904T163207Z-3a704ddd8de6a623badbc7e1-dg-cd11374eb51a-000238,3,none,none,slow,normal-slow-1,front,normal,clipped/audio_event_clean/normal/20260904T163207Z-3a704ddd8de6a623badbc7e1-dg-cd11374eb51a-000238_ch3.wav,3DPrinter/train/section_00_source_train_normal_000838.wav,815881888c171288ff0353dbabfc5a8212d2f83bf34ebcd996903fb6589650a4,960044,422920800,423400800,28c2eaad3353a03e6b407f92b09204b1bf97d1aa219009b7d21c4d701953e77f,0,0,802f3c261908f3e2e089368d45f0a944bfc163c5aff354242553bf974305ed1d,saved_rule_based,1.55
section_00_source_train_normal_000839,train,source,normal,B,20260904T163207Z-3a704ddd8de6a623badbc7e1,20260904T163207Z-3a704ddd8de6a623badbc7e1-dg-cd11374eb51a-000239,3,none,none,slow,normal-slow-1,front,normal,clipped/audio_event_clean/normal/20260904T163207Z-3a704ddd8de6a623badbc7e1-dg-cd11374eb51a-000239_ch3.wav,3DPrinter/train/section_00_source_train_normal_000839.wav,42ba264f9e68ccf981ff5cb24d73eb4f953b466e4b6d24ed4bb7ba00b1ebc668,960044,423400800,423880800,28c2eaad3353a03e6b407f92b09204b1bf97d1aa219009b7d21c4d701953e77f,0,0,802f3c261908f3e2e089368d45f0a944bfc163c5aff354242553bf974305ed1d,saved_rule_based,1.55
section_00_source_train_normal_000840,train,source,normal,B,20260904T163207Z-3a704ddd8de6a623badbc7e1,20260904T163207Z-3a704ddd8de6a623badbc7e1-dg-cd11374eb51a-000240,3,none,none,slow,normal-slow-1,front,normal,clipped/audio_event_clean/normal/20260904T163207Z-3a704ddd8de6a623badbc7e1-dg-cd11374eb51a-000240_ch3.wav,3DPrinter/train/section_00_source_train_normal_000840.wav,c39648d01e6ae74d14054123f72810f29845d91897d2a06a0e0b13e1dfaa09f5,960044,423880800,424360800,28c2eaad3353a03e6b407f92b09204b1bf97d1aa219009b7d21c4d701953e77f,0,0,802f3c261908f3e2e089368d45f0a944bfc163c5aff354242553bf974305ed1d,saved_rule_based,1.55
section_00_source_train_normal_000841,train,source,normal,B,20260904T163207Z-3a704ddd8de6a623badbc7e1,20260904T163207Z-3a704ddd8de6a623badbc7e1-dg-cd11374eb51a-000241,3,none,none,slow,normal-slow-1,front,normal,clipped/audio_event_clean/normal/20260904T163207Z-3a704ddd8de6a623badbc7e1-dg-cd11374eb51a-000241_ch3.wav,3DPrinter/train/section_00_source_train_normal_000841.wav,1c6f2e142b175af5f553b2dc4c293143a800301e747d32c429625d0314ed2ae2,960044,424360800,424840800,28c2eaad3353a03e6b407f92b09204b1bf97d1aa219009b7d21c4d701953e77f,0,0,802f3c261908f3e2e089368d45f0a944bfc163c5aff354242553bf974305ed1d,saved_rule_based,1.55
section_00_source_train_normal_000842,train,source,normal,B,20260904T163207Z-3a704ddd8de6a623badbc7e1,20260904T163207Z-3a704ddd8de6a623badbc7e1-dg-cd11374eb51a-000242,3,none,none,slow,normal-slow-1,front,normal,clipped/audio_event_clean/normal/20260904T163207Z-3a704ddd8de6a623badbc7e1-dg-cd11374eb51a-000242_ch3.wav,3DPrinter/train/section_00_source_train_normal_000842.wav,d8836e4dac110a576f5d35d67f95c7b903f2cff771db61e772ebb937cfc50c45,960044,424840800,425320800,28c2eaad3353a03e6b407f92b09204b1bf97d1aa219009b7d21c4d701953e77f,0,0,802f3c261908f3e2e089368d45f0a944bfc163c5aff354242553bf974305ed1d,saved_rule_based,1.55
section_00_source_train_normal_000843,train,source,normal,B,20260904T163207Z-3a704ddd8de6a623badbc7e1,20260904T163207Z-3a704ddd8de6a623badbc7e1-dg-cd11374eb51a-000244,3,none,none,slow,normal-slow-1,front,normal,clipped/audio_event_clean/normal/20260904T163207Z-3a704ddd8de6a623badbc7e1-dg-cd11374eb51a-000244_ch3.wav,3DPrinter/train/section_00_source_train_normal_000843.wav,7538dae76da9690ebe51bb7880426e49010fef668b2589f480d64801e3bc7de9,960044,425800800,426280800,28c2eaad3353a03e6b407f92b09204b1bf97d1aa219009b7d21c4d701953e77f,0,0,802f3c261908f3e2e089368d45f0a944bfc163c5aff354242553bf974305ed1d,saved_rule_based,1.55
section_00_source_train_normal_000844,train,source,normal,B,20260904T163207Z-3a704ddd8de6a623badbc7e1,20260904T163207Z-3a704ddd8de6a623badbc7e1-dg-cd11374eb51a-000250,3,none,none,slow,normal-slow-1,front,normal,clipped/audio_event_clean/normal/20260904T163207Z-3a704ddd8de6a623badbc7e1-dg-cd11374eb51a-000250_ch3.wav,3DPrinter/train/section_00_source_train_normal_000844.wav,4b092b34e89f58d64c965fa9c6fc0d666f9a575fa5de5faa75c598bb002903c8,960044,428680800,429160800,28c2eaad3353a03e6b407f92b09204b1bf97d1aa219009b7d21c4d701953e77f,0,0,802f3c261908f3e2e089368d45f0a944bfc163c5aff354242553bf974305ed1d,saved_rule_based,1.55
section_00_source_train_normal_000845,train,source,normal,B,20260904T163207Z-3a704ddd8de6a623badbc7e1,20260904T163207Z-3a704ddd8de6a623badbc7e1-dg-cd11374eb51a-000251,3,none,none,slow,normal-slow-1,front,normal,clipped/audio_event_clean/normal/20260904T163207Z-3a704ddd8de6a623badbc7e1-dg-cd11374eb51a-000251_ch3.wav,3DPrinter/train/section_00_source_train_normal_000845.wav,97c3ba83e6f8eda374ab01d3f2b71b73aa0273d4d5323f8134f0bfd02646fcff,960044,429160800,429640800,28c2eaad3353a03e6b407f92b09204b1bf97d1aa219009b7d21c4d701953e77f,0,0,802f3c261908f3e2e089368d45f0a944bfc163c5aff354242553bf974305ed1d,saved_rule_based,1.55
section_00_source_train_normal_000846,train,source,normal,B,20260904T163207Z-3a704ddd8de6a623badbc7e1,20260904T163207Z-3a704ddd8de6a623badbc7e1-dg-cd11374eb51a-000257,3,none,none,slow,normal-slow-1,front,normal,clipped/audio_event_clean/normal/20260904T163207Z-3a704ddd8de6a623badbc7e1-dg-cd11374eb51a-000257_ch3.wav,3DPrinter/train/section_00_source_train_normal_000846.wav,f9feed57fdd2129d047340cb63f297e7064a55028b5331103bfc209e819a0d70,960044,432040800,432520800,28c2eaad3353a03e6b407f92b09204b1bf97d1aa219009b7d21c4d701953e77f,0,0,802f3c261908f3e2e089368d45f0a944bfc163c5aff354242553bf974305ed1d,saved_rule_based,1.55
section_00_source_train_normal_000847,train,source,normal,B,20260904T163207Z-3a704ddd8de6a623badbc7e1,20260904T163207Z-3a704ddd8de6a623badbc7e1-dg-cd11374eb51a-000258,3,none,none,slow,normal-slow-1,front,normal,clipped/audio_event_clean/normal/20260904T163207Z-3a704ddd8de6a623badbc7e1-dg-cd11374eb51a-000258_ch3.wav,3DPrinter/train/section_00_source_train_normal_000847.wav,0889d463ed7ac70515272dacd4aef7c2328efa95a97eab1af9fdf5bb7e3f500f,960044,432520800,433000800,28c2eaad3353a03e6b407f92b09204b1bf97d1aa219009b7d21c4d701953e77f,0,0,802f3c261908f3e2e089368d45f0a944bfc163c5aff354242553bf974305ed1d,saved_rule_based,1.55
section_00_source_train_normal_000848,train,source,normal,B,20260904T163207Z-3a704ddd8de6a623badbc7e1,20260904T163207Z-3a704ddd8de6a623badbc7e1-dg-cd11374eb51a-000259,3,none,none,slow,normal-slow-1,front,normal,clipped/audio_event_clean/normal/20260904T163207Z-3a704ddd8de6a623badbc7e1-dg-cd11374eb51a-000259_ch3.wav,3DPrinter/train/section_00_source_train_normal_000848.wav,9dfba34f7b4a62447ac9678b2c67c708239d3eda0e4fdae3254dd76bd235f3c3,960044,433000800,433480800,28c2eaad3353a03e6b407f92b09204b1bf97d1aa219009b7d21c4d701953e77f,0,0,802f3c261908f3e2e089368d45f0a944bfc163c5aff354242553bf974305ed1d,saved_rule_based,1.55
section_00_source_train_normal_000849,train,source,normal,B,20260904T163207Z-3a704ddd8de6a623badbc7e1,20260904T163207Z-3a704ddd8de6a623badbc7e1-dg-cd11374eb51a-000263,3,none,none,slow,normal-slow-1,front,normal,clipped/audio_event_clean/normal/20260904T163207Z-3a704ddd8de6a623badbc7e1-dg-cd11374eb51a-000263_ch3.wav,3DPrinter/train/section_00_source_train_normal_000849.wav,f41f0162ab7c2b984934f8f6c6236a3ea7069f0902567cd0cfcce7d0d27af568,960044,434920800,435400800,28c2eaad3353a03e6b407f92b09204b1bf97d1aa219009b7d21c4d701953e77f,0,0,802f3c261908f3e2e089368d45f0a944bfc163c5aff354242553bf974305ed1d,saved_rule_based,1.55
section_00_source_train_normal_000850,train,source,normal,B,20260904T163207Z-3a704ddd8de6a623badbc7e1,20260904T163207Z-3a704ddd8de6a623badbc7e1-dg-cd11374eb51a-000264,3,none,none,slow,normal-slow-1,front,normal,clipped/audio_event_clean/normal/20260904T163207Z-3a704ddd8de6a623badbc7e1-dg-cd11374eb51a-000264_ch3.wav,3DPrinter/train/section_00_source_train_normal_000850.wav,b51c7cf0e4eb6fb3ee62f9c3c8749c3fbf016e43e2a7222f45195720b31dc3ee,960044,435400800,435880800,28c2eaad3353a03e6b407f92b09204b1bf97d1aa219009b7d21c4d701953e77f,0,0,802f3c261908f3e2e089368d45f0a944bfc163c5aff354242553bf974305ed1d,saved_rule_based,1.55
section_00_source_train_normal_000851,train,source,normal,B,20260904T163207Z-3a704ddd8de6a623badbc7e1,20260904T163207Z-3a704ddd8de6a623badbc7e1-dg-cd11374eb51a-000266,3,none,none,slow,normal-slow-1,front,normal,clipped/audio_event_clean/normal/20260904T163207Z-3a704ddd8de6a623badbc7e1-dg-cd11374eb51a-000266_ch3.wav,3DPrinter/train/section_00_source_train_normal_000851.wav,7152a857c7da2d8f62d58b2e884a17199c870b7694efb7157277b1866eadb809,960044,436360800,436840800,28c2eaad3353a03e6b407f92b09204b1bf97d1aa219009b7d21c4d701953e77f,0,0,802f3c261908f3e2e089368d45f0a944bfc163c5aff354242553bf974305ed1d,saved_rule_based,1.55
section_00_source_train_normal_000852,train,source,normal,B,20260904T163207Z-3a704ddd8de6a623badbc7e1,20260904T163207Z-3a704ddd8de6a623badbc7e1-dg-cd11374eb51a-000269,3,none,none,slow,normal-slow-1,front,normal,clipped/audio_event_clean/normal/20260904T163207Z-3a704ddd8de6a623badbc7e1-dg-cd11374eb51a-000269_ch3.wav,3DPrinter/train/section_00_source_train_normal_000852.wav,55016a0ae7c14d9c978911ad8875f4f21d3d629cc2e4e382959741a0dd5a6d66,960044,437800800,438280800,28c2eaad3353a03e6b407f92b09204b1bf97d1aa219009b7d21c4d701953e77f,0,0,802f3c261908f3e2e089368d45f0a944bfc163c5aff354242553bf974305ed1d,saved_rule_based,1.55
section_00_source_train_normal_000853,train,source,normal,B,20260904T163207Z-3a704ddd8de6a623badbc7e1,20260904T163207Z-3a704ddd8de6a623badbc7e1-dg-cd11374eb51a-000273,3,none,none,slow,normal-slow-1,front,normal,clipped/audio_event_clean/normal/20260904T163207Z-3a704ddd8de6a623badbc7e1-dg-cd11374eb51a-000273_ch3.wav,3DPrinter/train/section_00_source_train_normal_000853.wav,59c1a025f76543b44bd1c56e6cedef1fc4ef5ca5d434d01b8cf69d5c3bcf2e76,960044,439720800,440200800,28c2eaad3353a03e6b407f92b09204b1bf97d1aa219009b7d21c4d701953e77f,0,0,802f3c261908f3e2e089368d45f0a944bfc163c5aff354242553bf974305ed1d,saved_rule_based,1.55
section_00_source_train_normal_000854,train,source,normal,B,20260904T163207Z-3a704ddd8de6a623badbc7e1,20260904T163207Z-3a704ddd8de6a623badbc7e1-dg-cd11374eb51a-000276,3,none,none,slow,normal-slow-1,front,normal,clipped/audio_event_clean/normal/20260904T163207Z-3a704ddd8de6a623badbc7e1-dg-cd11374eb51a-000276_ch3.wav,3DPrinter/train/section_00_source_train_normal_000854.wav,4f4891e237aec37942aa7f95501ca5787a93e8cf3e650a8407e484624bf8b38d,960044,441160800,441640800,28c2eaad3353a03e6b407f92b09204b1bf97d1aa219009b7d21c4d701953e77f,0,0,802f3c261908f3e2e089368d45f0a944bfc163c5aff354242553bf974305ed1d,saved_rule_based,1.55
section_00_source_train_normal_000855,train,source,normal,B,20260904T163207Z-3a704ddd8de6a623badbc7e1,20260904T163207Z-3a704ddd8de6a623badbc7e1-dg-cd11374eb51a-000277,3,none,none,slow,normal-slow-1,front,normal,clipped/audio_event_clean/normal/20260904T163207Z-3a704ddd8de6a623badbc7e1-dg-cd11374eb51a-000277_ch3.wav,3DPrinter/train/section_00_source_train_normal_000855.wav,628012d002c32c51211febc7cdbfe19d726e79ed09db662c044d39332b34ff04,960044,441640800,442120800,28c2eaad3353a03e6b407f92b09204b1bf97d1aa219009b7d21c4d701953e77f,0,0,802f3c261908f3e2e089368d45f0a944bfc163c5aff354242553bf974305ed1d,saved_rule_based,1.55
section_00_source_train_normal_000856,train,source,normal,B,20260904T163207Z-3a704ddd8de6a623badbc7e1,20260904T163207Z-3a704ddd8de6a623badbc7e1-dg-cd11374eb51a-000281,3,none,none,slow,normal-slow-1,front,normal,clipped/audio_event_clean/normal/20260904T163207Z-3a704ddd8de6a623badbc7e1-dg-cd11374eb51a-000281_ch3.wav,3DPrinter/train/section_00_source_train_normal_000856.wav,b47c59abf8761010b4063b54ae49a2051a9ec5de6bde6a2c0a34434e3424ab39,960044,443560800,444040800,28c2eaad3353a03e6b407f92b09204b1bf97d1aa219009b7d21c4d701953e77f,0,0,802f3c261908f3e2e089368d45f0a944bfc163c5aff354242553bf974305ed1d,saved_rule_based,1.55
section_00_source_train_normal_000857,train,source,normal,B,20260904T163207Z-3a704ddd8de6a623badbc7e1,20260904T163207Z-3a704ddd8de6a623badbc7e1-dg-cd11374eb51a-000284,3,none,none,slow,normal-slow-1,front,normal,clipped/audio_event_clean/normal/20260904T163207Z-3a704ddd8de6a623badbc7e1-dg-cd11374eb51a-000284_ch3.wav,3DPrinter/train/section_00_source_train_normal_000857.wav,80831da8380512942a5cb95c0dada2c1b75a9831be39abed890c832e5f02c68a,960044,445000800,445480800,28c2eaad3353a03e6b407f92b09204b1bf97d1aa219009b7d21c4d701953e77f,0,0,802f3c261908f3e2e089368d45f0a944bfc163c5aff354242553bf974305ed1d,saved_rule_based,1.55
section_00_source_train_normal_000858,train,source,normal,B,20260904T163207Z-3a704ddd8de6a623badbc7e1,20260904T163207Z-3a704ddd8de6a623badbc7e1-dg-cd11374eb51a-000285,3,none,none,slow,normal-slow-1,front,normal,clipped/audio_event_clean/normal/20260904T163207Z-3a704ddd8de6a623badbc7e1-dg-cd11374eb51a-000285_ch3.wav,3DPrinter/train/section_00_source_train_normal_000858.wav,aa8694b10942584f360ceff890b044d7a9eac3862cc12d26daf99496156c0a9b,960044,445480800,445960800,28c2eaad3353a03e6b407f92b09204b1bf97d1aa219009b7d21c4d701953e77f,0,0,802f3c261908f3e2e089368d45f0a944bfc163c5aff354242553bf974305ed1d,saved_rule_based,1.55
section_00_source_train_normal_000859,train,source,normal,B,20260904T163207Z-3a704ddd8de6a623badbc7e1,20260904T163207Z-3a704ddd8de6a623badbc7e1-dg-cd11374eb51a-000286,3,none,none,slow,normal-slow-1,front,normal,clipped/audio_event_clean/normal/20260904T163207Z-3a704ddd8de6a623badbc7e1-dg-cd11374eb51a-000286_ch3.wav,3DPrinter/train/section_00_source_train_normal_000859.wav,5b2bc95fde4ff39019b1c7d723c2834add883fa41003f81afdd7afddbbbe8f10,960044,445960800,446440800,28c2eaad3353a03e6b407f92b09204b1bf97d1aa219009b7d21c4d701953e77f,0,0,802f3c261908f3e2e089368d45f0a944bfc163c5aff354242553bf974305ed1d,saved_rule_based,1.55
section_00_source_train_normal_000860,train,source,normal,B,20260904T163207Z-3a704ddd8de6a623badbc7e1,20260904T163207Z-3a704ddd8de6a623badbc7e1-dg-cd11374eb51a-000288,3,none,none,slow,normal-slow-1,front,normal,clipped/audio_event_clean/normal/20260904T163207Z-3a704ddd8de6a623badbc7e1-dg-cd11374eb51a-000288_ch3.wav,3DPrinter/train/section_00_source_train_normal_000860.wav,8de438e15a07268736345bae10849aa305dd9b12a73d7d381bf0eb2ddb89403d,960044,446920800,447400800,28c2eaad3353a03e6b407f92b09204b1bf97d1aa219009b7d21c4d701953e77f,0,0,802f3c261908f3e2e089368d45f0a944bfc163c5aff354242553bf974305ed1d,saved_rule_based,1.55
section_00_source_train_normal_000861,train,source,normal,B,20260904T163207Z-3a704ddd8de6a623badbc7e1,20260904T163207Z-3a704ddd8de6a623badbc7e1-dg-cd11374eb51a-000297,3,none,none,slow,normal-slow-1,front,normal,clipped/audio_event_clean/normal/20260904T163207Z-3a704ddd8de6a623badbc7e1-dg-cd11374eb51a-000297_ch3.wav,3DPrinter/train/section_00_source_train_normal_000861.wav,018d195494743a5381cf7449a6cf787def58bc9047a0a0345f2ff7a834640886,960044,451240800,451720800,28c2eaad3353a03e6b407f92b09204b1bf97d1aa219009b7d21c4d701953e77f,0,0,802f3c261908f3e2e089368d45f0a944bfc163c5aff354242553bf974305ed1d,saved_rule_based,1.55
section_00_source_train_normal_000862,train,source,normal,B,20260904T163207Z-3a704ddd8de6a623badbc7e1,20260904T163207Z-3a704ddd8de6a623badbc7e1-dg-cd11374eb51a-000300,3,none,none,slow,normal-slow-1,front,normal,clipped/audio_event_clean/normal/20260904T163207Z-3a704ddd8de6a623badbc7e1-dg-cd11374eb51a-000300_ch3.wav,3DPrinter/train/section_00_source_train_normal_000862.wav,260e8123a2167b5340ff4a9f86d029611537072e27c5025c2bb7e83593974d1c,960044,452680800,453160800,28c2eaad3353a03e6b407f92b09204b1bf97d1aa219009b7d21c4d701953e77f,0,0,802f3c261908f3e2e089368d45f0a944bfc163c5aff354242553bf974305ed1d,saved_rule_based,1.55
section_00_source_train_normal_000863,train,source,normal,B,20260904T172511Z-ad415a2a4c50dc17545694e5,20260904T172511Z-ad415a2a4c50dc17545694e5-dg-bead543a888d-000003,3,none,none,slow,normal-slow-2,front,normal,clipped/audio_event_clean/normal/20260904T172511Z-ad415a2a4c50dc17545694e5-dg-bead543a888d-000003_ch3.wav,3DPrinter/train/section_00_source_train_normal_000863.wav,5610e54e83865408115cff8745c8a7b494c1db62922741cf940a210f184dc901,960044,462976800,463456800,a11c9edf7d30e209b00dfc804588b4d2d286457d32725853a26985138bfe0fb7,0,0,23262abea4a78a15730cb9a904377c1f1d1cf4547ae64d53542b914fb33ec930,saved_rule_based,1.79
section_00_source_train_normal_000864,train,source,normal,B,20260904T172511Z-ad415a2a4c50dc17545694e5,20260904T172511Z-ad415a2a4c50dc17545694e5-dg-bead543a888d-000004,3,none,none,slow,normal-slow-2,front,normal,clipped/audio_event_clean/normal/20260904T172511Z-ad415a2a4c50dc17545694e5-dg-bead543a888d-000004_ch3.wav,3DPrinter/train/section_00_source_train_normal_000864.wav,0c4e352a6636c8f6e3fe83b61effa4d80703339c5a0ab3ecfd0fc9f00bcf4561,960044,463456800,463936800,a11c9edf7d30e209b00dfc804588b4d2d286457d32725853a26985138bfe0fb7,0,0,23262abea4a78a15730cb9a904377c1f1d1cf4547ae64d53542b914fb33ec930,saved_rule_based,1.79
section_00_source_train_normal_000865,train,source,normal,B,20260904T172511Z-ad415a2a4c50dc17545694e5,20260904T172511Z-ad415a2a4c50dc17545694e5-dg-bead543a888d-000005,3,none,none,slow,normal-slow-2,front,normal,clipped/audio_event_clean/normal/20260904T172511Z-ad415a2a4c50dc17545694e5-dg-bead543a888d-000005_ch3.wav,3DPrinter/train/section_00_source_train_normal_000865.wav,15432d28c10616cd4177f36bb74e7762c4d6b7e29f80d5d9dcb5417570e1abb1,960044,463936800,464416800,a11c9edf7d30e209b00dfc804588b4d2d286457d32725853a26985138bfe0fb7,0,0,23262abea4a78a15730cb9a904377c1f1d1cf4547ae64d53542b914fb33ec930,saved_rule_based,1.79
section_00_source_train_normal_000866,train,source,normal,B,20260904T172511Z-ad415a2a4c50dc17545694e5,20260904T172511Z-ad415a2a4c50dc17545694e5-dg-bead543a888d-000010,3,none,none,slow,normal-slow-2,front,normal,clipped/audio_event_clean/normal/20260904T172511Z-ad415a2a4c50dc17545694e5-dg-bead543a888d-000010_ch3.wav,3DPrinter/train/section_00_source_train_normal_000866.wav,61be55e3102a25bfdd70965425e67f357abe0310b33a9f01dee3050ee54f9377,960044,466336800,466816800,a11c9edf7d30e209b00dfc804588b4d2d286457d32725853a26985138bfe0fb7,0,0,23262abea4a78a15730cb9a904377c1f1d1cf4547ae64d53542b914fb33ec930,saved_rule_based,1.79
section_00_source_train_normal_000867,train,source,normal,B,20260904T172511Z-ad415a2a4c50dc17545694e5,20260904T172511Z-ad415a2a4c50dc17545694e5-dg-bead543a888d-000012,3,none,none,slow,normal-slow-2,front,normal,clipped/audio_event_clean/normal/20260904T172511Z-ad415a2a4c50dc17545694e5-dg-bead543a888d-000012_ch3.wav,3DPrinter/train/section_00_source_train_normal_000867.wav,df6c984a4a2c554b9c7ccddf7395059c01e89fd7f8c3eff884341c9bbd15d1a9,960044,467296800,467776800,a11c9edf7d30e209b00dfc804588b4d2d286457d32725853a26985138bfe0fb7,0,0,23262abea4a78a15730cb9a904377c1f1d1cf4547ae64d53542b914fb33ec930,saved_rule_based,1.79
section_00_source_train_normal_000868,train,source,normal,B,20260904T172511Z-ad415a2a4c50dc17545694e5,20260904T172511Z-ad415a2a4c50dc17545694e5-dg-bead543a888d-000013,3,none,none,slow,normal-slow-2,front,normal,clipped/audio_event_clean/normal/20260904T172511Z-ad415a2a4c50dc17545694e5-dg-bead543a888d-000013_ch3.wav,3DPrinter/train/section_00_source_train_normal_000868.wav,007a07760999430daf068d4ed8e074b6991482106caa7fa9bdeafe0a92557b00,960044,467776800,468256800,a11c9edf7d30e209b00dfc804588b4d2d286457d32725853a26985138bfe0fb7,0,0,23262abea4a78a15730cb9a904377c1f1d1cf4547ae64d53542b914fb33ec930,saved_rule_based,1.79
section_00_source_train_normal_000869,train,source,normal,B,20260904T172511Z-ad415a2a4c50dc17545694e5,20260904T172511Z-ad415a2a4c50dc17545694e5-dg-bead543a888d-000017,3,none,none,slow,normal-slow-2,front,normal,clipped/audio_event_clean/normal/20260904T172511Z-ad415a2a4c50dc17545694e5-dg-bead543a888d-000017_ch3.wav,3DPrinter/train/section_00_source_train_normal_000869.wav,65b9dbdf4b0c63044b1e2d8ecfa1283f1ee7cc01732f1535f1c754d0a6a091dc,960044,469696800,470176800,a11c9edf7d30e209b00dfc804588b4d2d286457d32725853a26985138bfe0fb7,0,0,23262abea4a78a15730cb9a904377c1f1d1cf4547ae64d53542b914fb33ec930,saved_rule_based,1.79
section_00_source_train_normal_000870,train,source,normal,B,20260904T172511Z-ad415a2a4c50dc17545694e5,20260904T172511Z-ad415a2a4c50dc17545694e5-dg-bead543a888d-000021,3,none,none,slow,normal-slow-2,front,normal,clipped/audio_event_clean/normal/20260904T172511Z-ad415a2a4c50dc17545694e5-dg-bead543a888d-000021_ch3.wav,3DPrinter/train/section_00_source_train_normal_000870.wav,04c5ddcd81f21f005b4ab7bd957104594c0831619de7e45d30550ce459615796,960044,471616800,472096800,a11c9edf7d30e209b00dfc804588b4d2d286457d32725853a26985138bfe0fb7,0,0,23262abea4a78a15730cb9a904377c1f1d1cf4547ae64d53542b914fb33ec930,saved_rule_based,1.79
section_00_source_train_normal_000871,train,source,normal,B,20260904T172511Z-ad415a2a4c50dc17545694e5,20260904T172511Z-ad415a2a4c50dc17545694e5-dg-bead543a888d-000027,3,none,none,slow,normal-slow-2,front,normal,clipped/audio_event_clean/normal/20260904T172511Z-ad415a2a4c50dc17545694e5-dg-bead543a888d-000027_ch3.wav,3DPrinter/train/section_00_source_train_normal_000871.wav,38ee21f1d09ec4d91b2782f440eb6b312665ea67e9aab6ad63d01b12ba2b8cc0,960044,474496800,474976800,a11c9edf7d30e209b00dfc804588b4d2d286457d32725853a26985138bfe0fb7,0,0,23262abea4a78a15730cb9a904377c1f1d1cf4547ae64d53542b914fb33ec930,saved_rule_based,1.79
section_00_source_train_normal_000872,train,source,normal,B,20260904T172511Z-ad415a2a4c50dc17545694e5,20260904T172511Z-ad415a2a4c50dc17545694e5-dg-bead543a888d-000028,3,none,none,slow,normal-slow-2,front,normal,clipped/audio_event_clean/normal/20260904T172511Z-ad415a2a4c50dc17545694e5-dg-bead543a888d-000028_ch3.wav,3DPrinter/train/section_00_source_train_normal_000872.wav,b638a05a95c4c3e111528676a584ea41556f37645c25fb912121e29d62b135d4,960044,474976800,475456800,a11c9edf7d30e209b00dfc804588b4d2d286457d32725853a26985138bfe0fb7,0,0,23262abea4a78a15730cb9a904377c1f1d1cf4547ae64d53542b914fb33ec930,saved_rule_based,1.79
section_00_source_train_normal_000873,train,source,normal,B,20260904T172511Z-ad415a2a4c50dc17545694e5,20260904T172511Z-ad415a2a4c50dc17545694e5-dg-bead543a888d-000033,3,none,none,slow,normal-slow-2,front,normal,clipped/audio_event_clean/normal/20260904T172511Z-ad415a2a4c50dc17545694e5-dg-bead543a888d-000033_ch3.wav,3DPrinter/train/section_00_source_train_normal_000873.wav,fc4092c90f1d325379fd15a3ef225d56c3a17ad68cba48d7b219b9787881c195,960044,477376800,477856800,a11c9edf7d30e209b00dfc804588b4d2d286457d32725853a26985138bfe0fb7,0,0,23262abea4a78a15730cb9a904377c1f1d1cf4547ae64d53542b914fb33ec930,saved_rule_based,1.79
section_00_source_train_normal_000874,train,source,normal,B,20260904T172511Z-ad415a2a4c50dc17545694e5,20260904T172511Z-ad415a2a4c50dc17545694e5-dg-bead543a888d-000034,3,none,none,slow,normal-slow-2,front,normal,clipped/audio_event_clean/normal/20260904T172511Z-ad415a2a4c50dc17545694e5-dg-bead543a888d-000034_ch3.wav,3DPrinter/train/section_00_source_train_normal_000874.wav,808e1f56f6846b529d5c7489a235cc913dac365ee8d2baf3c88200ab11180f0a,960044,477856800,478336800,a11c9edf7d30e209b00dfc804588b4d2d286457d32725853a26985138bfe0fb7,0,0,23262abea4a78a15730cb9a904377c1f1d1cf4547ae64d53542b914fb33ec930,saved_rule_based,1.79
section_00_source_train_normal_000875,train,source,normal,B,20260904T172511Z-ad415a2a4c50dc17545694e5,20260904T172511Z-ad415a2a4c50dc17545694e5-dg-bead543a888d-000038,3,none,none,slow,normal-slow-2,front,normal,clipped/audio_event_clean/normal/20260904T172511Z-ad415a2a4c50dc17545694e5-dg-bead543a888d-000038_ch3.wav,3DPrinter/train/section_00_source_train_normal_000875.wav,de16a5e805fff58b013e1f00a58ee538a36549904d18f8e1954a6092cefb0b5f,960044,479776800,480256800,a11c9edf7d30e209b00dfc804588b4d2d286457d32725853a26985138bfe0fb7,0,0,23262abea4a78a15730cb9a904377c1f1d1cf4547ae64d53542b914fb33ec930,saved_rule_based,1.79
section_00_source_train_normal_000876,train,source,normal,B,20260904T172511Z-ad415a2a4c50dc17545694e5,20260904T172511Z-ad415a2a4c50dc17545694e5-dg-bead543a888d-000041,3,none,none,slow,normal-slow-2,front,normal,clipped/audio_event_clean/normal/20260904T172511Z-ad415a2a4c50dc17545694e5-dg-bead543a888d-000041_ch3.wav,3DPrinter/train/section_00_source_train_normal_000876.wav,d921bbd3497ad84ab05503b3ba9a5b47c06c1bcb2cc9186e47dae64215eb4239,960044,481216800,481696800,a11c9edf7d30e209b00dfc804588b4d2d286457d32725853a26985138bfe0fb7,0,0,23262abea4a78a15730cb9a904377c1f1d1cf4547ae64d53542b914fb33ec930,saved_rule_based,1.79
section_00_source_train_normal_000877,train,source,normal,B,20260904T172511Z-ad415a2a4c50dc17545694e5,20260904T172511Z-ad415a2a4c50dc17545694e5-dg-bead543a888d-000042,3,none,none,slow,normal-slow-2,front,normal,clipped/audio_event_clean/normal/20260904T172511Z-ad415a2a4c50dc17545694e5-dg-bead543a888d-000042_ch3.wav,3DPrinter/train/section_00_source_train_normal_000877.wav,7b7478a783e4e4c145fa758670858b8926f5f0f043d5a6eb5f91e5253dc05854,960044,481696800,482176800,a11c9edf7d30e209b00dfc804588b4d2d286457d32725853a26985138bfe0fb7,0,0,23262abea4a78a15730cb9a904377c1f1d1cf4547ae64d53542b914fb33ec930,saved_rule_based,1.79
section_00_source_train_normal_000878,train,source,normal,B,20260904T172511Z-ad415a2a4c50dc17545694e5,20260904T172511Z-ad415a2a4c50dc17545694e5-dg-bead543a888d-000045,3,none,none,slow,normal-slow-2,front,normal,clipped/audio_event_clean/normal/20260904T172511Z-ad415a2a4c50dc17545694e5-dg-bead543a888d-000045_ch3.wav,3DPrinter/train/section_00_source_train_normal_000878.wav,3d250542da41092c186bf022b5327e04e2292fdf387f07bf09bc1ee11ead37e5,960044,483136800,483616800,a11c9edf7d30e209b00dfc804588b4d2d286457d32725853a26985138bfe0fb7,0,0,23262abea4a78a15730cb9a904377c1f1d1cf4547ae64d53542b914fb33ec930,saved_rule_based,1.79
section_00_source_train_normal_000879,train,source,normal,B,20260904T172511Z-ad415a2a4c50dc17545694e5,20260904T172511Z-ad415a2a4c50dc17545694e5-dg-bead543a888d-000046,3,none,none,slow,normal-slow-2,front,normal,clipped/audio_event_clean/normal/20260904T172511Z-ad415a2a4c50dc17545694e5-dg-bead543a888d-000046_ch3.wav,3DPrinter/train/section_00_source_train_normal_000879.wav,20a899598d78452037520dd57c087210449359c900d71652d89a459ed7d88493,960044,483616800,484096800,a11c9edf7d30e209b00dfc804588b4d2d286457d32725853a26985138bfe0fb7,0,0,23262abea4a78a15730cb9a904377c1f1d1cf4547ae64d53542b914fb33ec930,saved_rule_based,1.79
section_00_source_train_normal_000880,train,source,normal,B,20260904T172511Z-ad415a2a4c50dc17545694e5,20260904T172511Z-ad415a2a4c50dc17545694e5-dg-bead543a888d-000048,3,none,none,slow,normal-slow-2,front,normal,clipped/audio_event_clean/normal/20260904T172511Z-ad415a2a4c50dc17545694e5-dg-bead543a888d-000048_ch3.wav,3DPrinter/train/section_00_source_train_normal_000880.wav,b9b5ca1f91d714993cd02a731e652086348b619fa5a92f7d4c6f437d6e42abb2,960044,484576800,485056800,a11c9edf7d30e209b00dfc804588b4d2d286457d32725853a26985138bfe0fb7,0,0,23262abea4a78a15730cb9a904377c1f1d1cf4547ae64d53542b914fb33ec930,saved_rule_based,1.79
section_00_source_train_normal_000881,train,source,normal,B,20260904T172511Z-ad415a2a4c50dc17545694e5,20260904T172511Z-ad415a2a4c50dc17545694e5-dg-bead543a888d-000054,3,none,none,slow,normal-slow-2,front,normal,clipped/audio_event_clean/normal/20260904T172511Z-ad415a2a4c50dc17545694e5-dg-bead543a888d-000054_ch3.wav,3DPrinter/train/section_00_source_train_normal_000881.wav,e2a996d741213445bf3e633d0452b2787918232ff8afb3fe072c9bdf84cb9b88,960044,487456800,487936800,a11c9edf7d30e209b00dfc804588b4d2d286457d32725853a26985138bfe0fb7,0,0,23262abea4a78a15730cb9a904377c1f1d1cf4547ae64d53542b914fb33ec930,saved_rule_based,1.79
section_00_source_train_normal_000882,train,source,normal,B,20260904T172511Z-ad415a2a4c50dc17545694e5,20260904T172511Z-ad415a2a4c50dc17545694e5-dg-bead543a888d-000055,3,none,none,slow,normal-slow-2,front,normal,clipped/audio_event_clean/normal/20260904T172511Z-ad415a2a4c50dc17545694e5-dg-bead543a888d-000055_ch3.wav,3DPrinter/train/section_00_source_train_normal_000882.wav,8f2e266d811b2c4b97044e504ff28778b0b1e404f34955af960d5d5624c95712,960044,487936800,488416800,a11c9edf7d30e209b00dfc804588b4d2d286457d32725853a26985138bfe0fb7,0,0,23262abea4a78a15730cb9a904377c1f1d1cf4547ae64d53542b914fb33ec930,saved_rule_based,1.79
section_00_source_train_normal_000883,train,source,normal,B,20260904T172511Z-ad415a2a4c50dc17545694e5,20260904T172511Z-ad415a2a4c50dc17545694e5-dg-bead543a888d-000056,3,none,none,slow,normal-slow-2,front,normal,clipped/audio_event_clean/normal/20260904T172511Z-ad415a2a4c50dc17545694e5-dg-bead543a888d-000056_ch3.wav,3DPrinter/train/section_00_source_train_normal_000883.wav,6b1864a6ae091998110aec409fcc312999c05d84a101abb2f9e362033e8a2d71,960044,488416800,488896800,a11c9edf7d30e209b00dfc804588b4d2d286457d32725853a26985138bfe0fb7,0,0,23262abea4a78a15730cb9a904377c1f1d1cf4547ae64d53542b914fb33ec930,saved_rule_based,1.79
section_00_source_train_normal_000884,train,source,normal,B,20260904T172511Z-ad415a2a4c50dc17545694e5,20260904T172511Z-ad415a2a4c50dc17545694e5-dg-bead543a888d-000063,3,none,none,slow,normal-slow-2,front,normal,clipped/audio_event_clean/normal/20260904T172511Z-ad415a2a4c50dc17545694e5-dg-bead543a888d-000063_ch3.wav,3DPrinter/train/section_00_source_train_normal_000884.wav,222baa96532a0f1f97de90e4ba3daecf41316d5a4ff3e4acd3642645f0d2ff0f,960044,491776800,492256800,a11c9edf7d30e209b00dfc804588b4d2d286457d32725853a26985138bfe0fb7,0,0,23262abea4a78a15730cb9a904377c1f1d1cf4547ae64d53542b914fb33ec930,saved_rule_based,1.79
section_00_source_train_normal_000885,train,source,normal,B,20260904T172511Z-ad415a2a4c50dc17545694e5,20260904T172511Z-ad415a2a4c50dc17545694e5-dg-bead543a888d-000064,3,none,none,slow,normal-slow-2,front,normal,clipped/audio_event_clean/normal/20260904T172511Z-ad415a2a4c50dc17545694e5-dg-bead543a888d-000064_ch3.wav,3DPrinter/train/section_00_source_train_normal_000885.wav,ea8fd8c5e238bd4e6efc4f70d611b38d3fe9dadb5ef0f018870c713db44b018d,960044,492256800,492736800,a11c9edf7d30e209b00dfc804588b4d2d286457d32725853a26985138bfe0fb7,0,0,23262abea4a78a15730cb9a904377c1f1d1cf4547ae64d53542b914fb33ec930,saved_rule_based,1.79
section_00_source_train_normal_000886,train,source,normal,B,20260904T172511Z-ad415a2a4c50dc17545694e5,20260904T172511Z-ad415a2a4c50dc17545694e5-dg-bead543a888d-000068,3,none,none,slow,normal-slow-2,front,normal,clipped/audio_event_clean/normal/20260904T172511Z-ad415a2a4c50dc17545694e5-dg-bead543a888d-000068_ch3.wav,3DPrinter/train/section_00_source_train_normal_000886.wav,011e27f1d9ed40b7b227d4641e446b1e6da22d60cbbdbfcce724fcc822a64f4a,960044,494176800,494656800,a11c9edf7d30e209b00dfc804588b4d2d286457d32725853a26985138bfe0fb7,0,0,23262abea4a78a15730cb9a904377c1f1d1cf4547ae64d53542b914fb33ec930,saved_rule_based,1.79
section_00_source_train_normal_000887,train,source,normal,B,20260904T172511Z-ad415a2a4c50dc17545694e5,20260904T172511Z-ad415a2a4c50dc17545694e5-dg-bead543a888d-000069,3,none,none,slow,normal-slow-2,front,normal,clipped/audio_event_clean/normal/20260904T172511Z-ad415a2a4c50dc17545694e5-dg-bead543a888d-000069_ch3.wav,3DPrinter/train/section_00_source_train_normal_000887.wav,b391e6473914eede479bf77b36bc37bb7a43499e3c29f20a08aff6704d9edc70,960044,494656800,495136800,a11c9edf7d30e209b00dfc804588b4d2d286457d32725853a26985138bfe0fb7,0,0,23262abea4a78a15730cb9a904377c1f1d1cf4547ae64d53542b914fb33ec930,saved_rule_based,1.79
section_00_source_train_normal_000888,train,source,normal,B,20260904T172511Z-ad415a2a4c50dc17545694e5,20260904T172511Z-ad415a2a4c50dc17545694e5-dg-bead543a888d-000070,3,none,none,slow,normal-slow-2,front,normal,clipped/audio_event_clean/normal/20260904T172511Z-ad415a2a4c50dc17545694e5-dg-bead543a888d-000070_ch3.wav,3DPrinter/train/section_00_source_train_normal_000888.wav,6caa1a4563c22535f8cc63a7f2c8720b9ecd330101695f629e9f86283cce0ef6,960044,495136800,495616800,a11c9edf7d30e209b00dfc804588b4d2d286457d32725853a26985138bfe0fb7,0,0,23262abea4a78a15730cb9a904377c1f1d1cf4547ae64d53542b914fb33ec930,saved_rule_based,1.79
section_00_source_train_normal_000889,train,source,normal,B,20260904T172511Z-ad415a2a4c50dc17545694e5,20260904T172511Z-ad415a2a4c50dc17545694e5-dg-bead543a888d-000071,3,none,none,slow,normal-slow-2,front,normal,clipped/audio_event_clean/normal/20260904T172511Z-ad415a2a4c50dc17545694e5-dg-bead543a888d-000071_ch3.wav,3DPrinter/train/section_00_source_train_normal_000889.wav,44abfcad7df694a79d0dc1a729302571e47d9c48712135ad8b1a9857b26d9b6a,960044,495616800,496096800,a11c9edf7d30e209b00dfc804588b4d2d286457d32725853a26985138bfe0fb7,0,0,23262abea4a78a15730cb9a904377c1f1d1cf4547ae64d53542b914fb33ec930,saved_rule_based,1.79
section_00_source_train_normal_000890,train,source,normal,B,20260904T172511Z-ad415a2a4c50dc17545694e5,20260904T172511Z-ad415a2a4c50dc17545694e5-dg-bead543a888d-000074,3,none,none,slow,normal-slow-2,front,normal,clipped/audio_event_clean/normal/20260904T172511Z-ad415a2a4c50dc17545694e5-dg-bead543a888d-000074_ch3.wav,3DPrinter/train/section_00_source_train_normal_000890.wav,e216974f467afc55cf3321cd961bb7ac1d6e691aa8109df1ca8ff4a909c52669,960044,497056800,497536800,a11c9edf7d30e209b00dfc804588b4d2d286457d32725853a26985138bfe0fb7,0,0,23262abea4a78a15730cb9a904377c1f1d1cf4547ae64d53542b914fb33ec930,saved_rule_based,1.79
section_00_source_train_normal_000891,train,source,normal,B,20260904T172511Z-ad415a2a4c50dc17545694e5,20260904T172511Z-ad415a2a4c50dc17545694e5-dg-bead543a888d-000076,3,none,none,slow,normal-slow-2,front,normal,clipped/audio_event_clean/normal/20260904T172511Z-ad415a2a4c50dc17545694e5-dg-bead543a888d-000076_ch3.wav,3DPrinter/train/section_00_source_train_normal_000891.wav,09d16a88a669145a5eb194e766d48bedbfa4f7dbb4f746a6053592f280bc2f82,960044,498016800,498496800,a11c9edf7d30e209b00dfc804588b4d2d286457d32725853a26985138bfe0fb7,0,0,23262abea4a78a15730cb9a904377c1f1d1cf4547ae64d53542b914fb33ec930,saved_rule_based,1.79
section_00_source_train_normal_000892,train,source,normal,B,20260904T172511Z-ad415a2a4c50dc17545694e5,20260904T172511Z-ad415a2a4c50dc17545694e5-dg-bead543a888d-000078,3,none,none,slow,normal-slow-2,front,normal,clipped/audio_event_clean/normal/20260904T172511Z-ad415a2a4c50dc17545694e5-dg-bead543a888d-000078_ch3.wav,3DPrinter/train/section_00_source_train_normal_000892.wav,da080362a87c16f3f3358ef20f63d82ef08fc6a7721a52035b73bc65a931ab31,960044,498976800,499456800,a11c9edf7d30e209b00dfc804588b4d2d286457d32725853a26985138bfe0fb7,0,0,23262abea4a78a15730cb9a904377c1f1d1cf4547ae64d53542b914fb33ec930,saved_rule_based,1.79
section_00_source_train_normal_000893,train,source,normal,B,20260904T172511Z-ad415a2a4c50dc17545694e5,20260904T172511Z-ad415a2a4c50dc17545694e5-dg-bead543a888d-000079,3,none,none,slow,normal-slow-2,front,normal,clipped/audio_event_clean/normal/20260904T172511Z-ad415a2a4c50dc17545694e5-dg-bead543a888d-000079_ch3.wav,3DPrinter/train/section_00_source_train_normal_000893.wav,036e1ea76565fe19522af5f2dc631cef9f1a227c93b7aceeccca179f771aa42d,960044,499456800,499936800,a11c9edf7d30e209b00dfc804588b4d2d286457d32725853a26985138bfe0fb7,0,0,23262abea4a78a15730cb9a904377c1f1d1cf4547ae64d53542b914fb33ec930,saved_rule_based,1.79
section_00_source_train_normal_000894,train,source,normal,B,20260904T172511Z-ad415a2a4c50dc17545694e5,20260904T172511Z-ad415a2a4c50dc17545694e5-dg-bead543a888d-000081,3,none,none,slow,normal-slow-2,front,normal,clipped/audio_event_clean/normal/20260904T172511Z-ad415a2a4c50dc17545694e5-dg-bead543a888d-000081_ch3.wav,3DPrinter/train/section_00_source_train_normal_000894.wav,ffc58da7c5a448e002449f70907e6e575a6baf311682aeb1e5379eed45bb3dcd,960044,500416800,500896800,a11c9edf7d30e209b00dfc804588b4d2d286457d32725853a26985138bfe0fb7,0,0,23262abea4a78a15730cb9a904377c1f1d1cf4547ae64d53542b914fb33ec930,saved_rule_based,1.79
section_00_source_train_normal_000895,train,source,normal,B,20260904T172511Z-ad415a2a4c50dc17545694e5,20260904T172511Z-ad415a2a4c50dc17545694e5-dg-bead543a888d-000082,3,none,none,slow,normal-slow-2,front,normal,clipped/audio_event_clean/normal/20260904T172511Z-ad415a2a4c50dc17545694e5-dg-bead543a888d-000082_ch3.wav,3DPrinter/train/section_00_source_train_normal_000895.wav,37f253d5190e53c2c6c0cbd4abc3edc373287026918ae24804ceb26dbf33a3c6,960044,500896800,501376800,a11c9edf7d30e209b00dfc804588b4d2d286457d32725853a26985138bfe0fb7,0,0,23262abea4a78a15730cb9a904377c1f1d1cf4547ae64d53542b914fb33ec930,saved_rule_based,1.79
section_00_source_train_normal_000896,train,source,normal,B,20260904T172511Z-ad415a2a4c50dc17545694e5,20260904T172511Z-ad415a2a4c50dc17545694e5-dg-bead543a888d-000084,3,none,none,slow,normal-slow-2,front,normal,clipped/audio_event_clean/normal/20260904T172511Z-ad415a2a4c50dc17545694e5-dg-bead543a888d-000084_ch3.wav,3DPrinter/train/section_00_source_train_normal_000896.wav,527c3a1337c960ed32ab8b13617063eb0f66bd19ca2199f59390746a9e627866,960044,501856800,502336800,a11c9edf7d30e209b00dfc804588b4d2d286457d32725853a26985138bfe0fb7,0,0,23262abea4a78a15730cb9a904377c1f1d1cf4547ae64d53542b914fb33ec930,saved_rule_based,1.79
section_00_source_train_normal_000897,train,source,normal,B,20260904T172511Z-ad415a2a4c50dc17545694e5,20260904T172511Z-ad415a2a4c50dc17545694e5-dg-bead543a888d-000085,3,none,none,slow,normal-slow-2,front,normal,clipped/audio_event_clean/normal/20260904T172511Z-ad415a2a4c50dc17545694e5-dg-bead543a888d-000085_ch3.wav,3DPrinter/train/section_00_source_train_normal_000897.wav,77266da8b8397595881d28468228df966554145d4cdc995022b10e03c54cd764,960044,502336800,502816800,a11c9edf7d30e209b00dfc804588b4d2d286457d32725853a26985138bfe0fb7,0,0,23262abea4a78a15730cb9a904377c1f1d1cf4547ae64d53542b914fb33ec930,saved_rule_based,1.79
section_00_source_train_normal_000898,train,source,normal,B,20260904T172511Z-ad415a2a4c50dc17545694e5,20260904T172511Z-ad415a2a4c50dc17545694e5-dg-bead543a888d-000086,3,none,none,slow,normal-slow-2,front,normal,clipped/audio_event_clean/normal/20260904T172511Z-ad415a2a4c50dc17545694e5-dg-bead543a888d-000086_ch3.wav,3DPrinter/train/section_00_source_train_normal_000898.wav,e1737dfa72ac9e23bd58c2eeb3765fd3854b1d48522655d08234ec46dd34d45f,960044,502816800,503296800,a11c9edf7d30e209b00dfc804588b4d2d286457d32725853a26985138bfe0fb7,0,0,23262abea4a78a15730cb9a904377c1f1d1cf4547ae64d53542b914fb33ec930,saved_rule_based,1.79
section_00_source_train_normal_000899,train,source,normal,B,20260904T172511Z-ad415a2a4c50dc17545694e5,20260904T172511Z-ad415a2a4c50dc17545694e5-dg-bead543a888d-000093,3,none,none,slow,normal-slow-2,front,normal,clipped/audio_event_clean/normal/20260904T172511Z-ad415a2a4c50dc17545694e5-dg-bead543a888d-000093_ch3.wav,3DPrinter/train/section_00_source_train_normal_000899.wav,1801b4d6da278bfe7df38f6465c5dd87e7fe098569bd2f0f504111e1bfe99f71,960044,506176800,506656800,a11c9edf7d30e209b00dfc804588b4d2d286457d32725853a26985138bfe0fb7,0,0,23262abea4a78a15730cb9a904377c1f1d1cf4547ae64d53542b914fb33ec930,saved_rule_based,1.79
section_00_source_train_normal_000900,train,source,normal,B,20260904T172511Z-ad415a2a4c50dc17545694e5,20260904T172511Z-ad415a2a4c50dc17545694e5-dg-bead543a888d-000096,3,none,none,slow,normal-slow-2,front,normal,clipped/audio_event_clean/normal/20260904T172511Z-ad415a2a4c50dc17545694e5-dg-bead543a888d-000096_ch3.wav,3DPrinter/train/section_00_source_train_normal_000900.wav,60f2fe23c2b56fd44cd456ccc51d6c0b9def317004dcc2dfd557fd11117c062d,960044,507616800,508096800,a11c9edf7d30e209b00dfc804588b4d2d286457d32725853a26985138bfe0fb7,0,0,23262abea4a78a15730cb9a904377c1f1d1cf4547ae64d53542b914fb33ec930,saved_rule_based,1.79
section_00_source_train_normal_000901,train,source,normal,B,20260904T172511Z-ad415a2a4c50dc17545694e5,20260904T172511Z-ad415a2a4c50dc17545694e5-dg-bead543a888d-000097,3,none,none,slow,normal-slow-2,front,normal,clipped/audio_event_clean/normal/20260904T172511Z-ad415a2a4c50dc17545694e5-dg-bead543a888d-000097_ch3.wav,3DPrinter/train/section_00_source_train_normal_000901.wav,32e601b4b94c339b656300dde5fe477fed30f0e668996726474033d3207ad19e,960044,508096800,508576800,a11c9edf7d30e209b00dfc804588b4d2d286457d32725853a26985138bfe0fb7,0,0,23262abea4a78a15730cb9a904377c1f1d1cf4547ae64d53542b914fb33ec930,saved_rule_based,1.79
section_00_source_train_normal_000902,train,source,normal,B,20260904T172511Z-ad415a2a4c50dc17545694e5,20260904T172511Z-ad415a2a4c50dc17545694e5-dg-bead543a888d-000098,3,none,none,slow,normal-slow-2,front,normal,clipped/audio_event_clean/normal/20260904T172511Z-ad415a2a4c50dc17545694e5-dg-bead543a888d-000098_ch3.wav,3DPrinter/train/section_00_source_train_normal_000902.wav,1d728e9e258011ab9117cbe8354e5796955321418b239c99d66612dec78cfa37,960044,508576800,509056800,a11c9edf7d30e209b00dfc804588b4d2d286457d32725853a26985138bfe0fb7,0,0,23262abea4a78a15730cb9a904377c1f1d1cf4547ae64d53542b914fb33ec930,saved_rule_based,1.79
section_00_source_train_normal_000903,train,source,normal,B,20260904T172511Z-ad415a2a4c50dc17545694e5,20260904T172511Z-ad415a2a4c50dc17545694e5-dg-bead543a888d-000100,3,none,none,slow,normal-slow-2,front,normal,clipped/audio_event_clean/normal/20260904T172511Z-ad415a2a4c50dc17545694e5-dg-bead543a888d-000100_ch3.wav,3DPrinter/train/section_00_source_train_normal_000903.wav,ca68ee6b80da5edb0d923b44f50e1812b4059e17df8453f940a7ee4b76f0f18e,960044,509536800,510016800,a11c9edf7d30e209b00dfc804588b4d2d286457d32725853a26985138bfe0fb7,0,0,23262abea4a78a15730cb9a904377c1f1d1cf4547ae64d53542b914fb33ec930,saved_rule_based,1.79
section_00_source_train_normal_000904,train,source,normal,B,20260904T172511Z-ad415a2a4c50dc17545694e5,20260904T172511Z-ad415a2a4c50dc17545694e5-dg-bead543a888d-000102,3,none,none,slow,normal-slow-2,front,normal,clipped/audio_event_clean/normal/20260904T172511Z-ad415a2a4c50dc17545694e5-dg-bead543a888d-000102_ch3.wav,3DPrinter/train/section_00_source_train_normal_000904.wav,93582ae7cb22205c89245a5247c3c36e5aeb1275015e6dda0b9ccec11ee7f715,960044,510496800,510976800,a11c9edf7d30e209b00dfc804588b4d2d286457d32725853a26985138bfe0fb7,0,0,23262abea4a78a15730cb9a904377c1f1d1cf4547ae64d53542b914fb33ec930,saved_rule_based,1.79
section_00_source_train_normal_000905,train,source,normal,B,20260904T172511Z-ad415a2a4c50dc17545694e5,20260904T172511Z-ad415a2a4c50dc17545694e5-dg-bead543a888d-000103,3,none,none,slow,normal-slow-2,front,normal,clipped/audio_event_clean/normal/20260904T172511Z-ad415a2a4c50dc17545694e5-dg-bead543a888d-000103_ch3.wav,3DPrinter/train/section_00_source_train_normal_000905.wav,44eb56bb8218530f688fb8bfd0add48d8dbcb7d8075195aaad23873bd8f19761,960044,510976800,511456800,a11c9edf7d30e209b00dfc804588b4d2d286457d32725853a26985138bfe0fb7,0,0,23262abea4a78a15730cb9a904377c1f1d1cf4547ae64d53542b914fb33ec930,saved_rule_based,1.79
section_00_source_train_normal_000906,train,source,normal,B,20260904T172511Z-ad415a2a4c50dc17545694e5,20260904T172511Z-ad415a2a4c50dc17545694e5-dg-bead543a888d-000110,3,none,none,slow,normal-slow-2,front,normal,clipped/audio_event_clean/normal/20260904T172511Z-ad415a2a4c50dc17545694e5-dg-bead543a888d-000110_ch3.wav,3DPrinter/train/section_00_source_train_normal_000906.wav,417bcb4f7b25c2c2a877da64889c9d0eb17ac6d186ac0197375c61c9aeaab952,960044,514336800,514816800,a11c9edf7d30e209b00dfc804588b4d2d286457d32725853a26985138bfe0fb7,0,0,23262abea4a78a15730cb9a904377c1f1d1cf4547ae64d53542b914fb33ec930,saved_rule_based,1.79
section_00_source_train_normal_000907,train,source,normal,B,20260904T172511Z-ad415a2a4c50dc17545694e5,20260904T172511Z-ad415a2a4c50dc17545694e5-dg-bead543a888d-000113,3,none,none,slow,normal-slow-2,front,normal,clipped/audio_event_clean/normal/20260904T172511Z-ad415a2a4c50dc17545694e5-dg-bead543a888d-000113_ch3.wav,3DPrinter/train/section_00_source_train_normal_000907.wav,db50f76e574a39fc7af87fbebea5fe1714b6b995c93b978f6ecb94605a24c192,960044,515776800,516256800,a11c9edf7d30e209b00dfc804588b4d2d286457d32725853a26985138bfe0fb7,0,0,23262abea4a78a15730cb9a904377c1f1d1cf4547ae64d53542b914fb33ec930,saved_rule_based,1.79
section_00_source_train_normal_000908,train,source,normal,B,20260904T172511Z-ad415a2a4c50dc17545694e5,20260904T172511Z-ad415a2a4c50dc17545694e5-dg-bead543a888d-000114,3,none,none,slow,normal-slow-2,front,normal,clipped/audio_event_clean/normal/20260904T172511Z-ad415a2a4c50dc17545694e5-dg-bead543a888d-000114_ch3.wav,3DPrinter/train/section_00_source_train_normal_000908.wav,c0b9a4c9c36687cf311786c404fd9b906803275a3a893e0395733791365dc56d,960044,516256800,516736800,a11c9edf7d30e209b00dfc804588b4d2d286457d32725853a26985138bfe0fb7,0,0,23262abea4a78a15730cb9a904377c1f1d1cf4547ae64d53542b914fb33ec930,saved_rule_based,1.79
section_00_source_train_normal_000909,train,source,normal,B,20260904T172511Z-ad415a2a4c50dc17545694e5,20260904T172511Z-ad415a2a4c50dc17545694e5-dg-bead543a888d-000117,3,none,none,slow,normal-slow-2,front,normal,clipped/audio_event_clean/normal/20260904T172511Z-ad415a2a4c50dc17545694e5-dg-bead543a888d-000117_ch3.wav,3DPrinter/train/section_00_source_train_normal_000909.wav,c90547a6761129cca6d2fef153673f26c03194c53bc8c4ac2402cc42c048c669,960044,517696800,518176800,a11c9edf7d30e209b00dfc804588b4d2d286457d32725853a26985138bfe0fb7,0,0,23262abea4a78a15730cb9a904377c1f1d1cf4547ae64d53542b914fb33ec930,saved_rule_based,1.79
section_00_source_train_normal_000910,train,source,normal,B,20260904T172511Z-ad415a2a4c50dc17545694e5,20260904T172511Z-ad415a2a4c50dc17545694e5-dg-bead543a888d-000118,3,none,none,slow,normal-slow-2,front,normal,clipped/audio_event_clean/normal/20260904T172511Z-ad415a2a4c50dc17545694e5-dg-bead543a888d-000118_ch3.wav,3DPrinter/train/section_00_source_train_normal_000910.wav,99eca63050668e6aad56f7d6b0456e029fc6e3da61cd8150aeae9b92811488a5,960044,518176800,518656800,a11c9edf7d30e209b00dfc804588b4d2d286457d32725853a26985138bfe0fb7,0,0,23262abea4a78a15730cb9a904377c1f1d1cf4547ae64d53542b914fb33ec930,saved_rule_based,1.79
section_00_source_train_normal_000911,train,source,normal,B,20260904T172511Z-ad415a2a4c50dc17545694e5,20260904T172511Z-ad415a2a4c50dc17545694e5-dg-bead543a888d-000121,3,none,none,slow,normal-slow-2,front,normal,clipped/audio_event_clean/normal/20260904T172511Z-ad415a2a4c50dc17545694e5-dg-bead543a888d-000121_ch3.wav,3DPrinter/train/section_00_source_train_normal_000911.wav,8d43bc5969763716dd8f981b40088501022689dbc08520dc5f0bdee1c7ca4b84,960044,519616800,520096800,a11c9edf7d30e209b00dfc804588b4d2d286457d32725853a26985138bfe0fb7,0,0,23262abea4a78a15730cb9a904377c1f1d1cf4547ae64d53542b914fb33ec930,saved_rule_based,1.79
section_00_source_train_normal_000912,train,source,normal,B,20260904T172511Z-ad415a2a4c50dc17545694e5,20260904T172511Z-ad415a2a4c50dc17545694e5-dg-bead543a888d-000123,3,none,none,slow,normal-slow-2,front,normal,clipped/audio_event_clean/normal/20260904T172511Z-ad415a2a4c50dc17545694e5-dg-bead543a888d-000123_ch3.wav,3DPrinter/train/section_00_source_train_normal_000912.wav,e79c47fe5470229d50d2fe790ef9a22e120f7885928ccd44f13a6e15958162b1,960044,520576800,521056800,a11c9edf7d30e209b00dfc804588b4d2d286457d32725853a26985138bfe0fb7,0,0,23262abea4a78a15730cb9a904377c1f1d1cf4547ae64d53542b914fb33ec930,saved_rule_based,1.79
section_00_source_train_normal_000913,train,source,normal,B,20260904T172511Z-ad415a2a4c50dc17545694e5,20260904T172511Z-ad415a2a4c50dc17545694e5-dg-bead543a888d-000124,3,none,none,slow,normal-slow-2,front,normal,clipped/audio_event_clean/normal/20260904T172511Z-ad415a2a4c50dc17545694e5-dg-bead543a888d-000124_ch3.wav,3DPrinter/train/section_00_source_train_normal_000913.wav,0b6ad7b9d2bdcd4e2bb0692b5104c07388c309e72ba4e2edeec6d34c34bd6e73,960044,521056800,521536800,a11c9edf7d30e209b00dfc804588b4d2d286457d32725853a26985138bfe0fb7,0,0,23262abea4a78a15730cb9a904377c1f1d1cf4547ae64d53542b914fb33ec930,saved_rule_based,1.79
section_00_source_train_normal_000914,train,source,normal,B,20260904T172511Z-ad415a2a4c50dc17545694e5,20260904T172511Z-ad415a2a4c50dc17545694e5-dg-bead543a888d-000127,3,none,none,slow,normal-slow-2,front,normal,clipped/audio_event_clean/normal/20260904T172511Z-ad415a2a4c50dc17545694e5-dg-bead543a888d-000127_ch3.wav,3DPrinter/train/section_00_source_train_normal_000914.wav,fae60b83672adc9947de123fdbd83ae2b510c447671a40641504a5ac781eabae,960044,522496800,522976800,a11c9edf7d30e209b00dfc804588b4d2d286457d32725853a26985138bfe0fb7,0,0,23262abea4a78a15730cb9a904377c1f1d1cf4547ae64d53542b914fb33ec930,saved_rule_based,1.79
section_00_source_train_normal_000915,train,source,normal,B,20260904T172511Z-ad415a2a4c50dc17545694e5,20260904T172511Z-ad415a2a4c50dc17545694e5-dg-bead543a888d-000128,3,none,none,slow,normal-slow-2,front,normal,clipped/audio_event_clean/normal/20260904T172511Z-ad415a2a4c50dc17545694e5-dg-bead543a888d-000128_ch3.wav,3DPrinter/train/section_00_source_train_normal_000915.wav,6bda20a63e338728a56c37496e52fc9e8468120ef731ccc12c0c6d57eeec1e4d,960044,522976800,523456800,a11c9edf7d30e209b00dfc804588b4d2d286457d32725853a26985138bfe0fb7,0,0,23262abea4a78a15730cb9a904377c1f1d1cf4547ae64d53542b914fb33ec930,saved_rule_based,1.79
section_00_source_train_normal_000916,train,source,normal,B,20260904T172511Z-ad415a2a4c50dc17545694e5,20260904T172511Z-ad415a2a4c50dc17545694e5-dg-bead543a888d-000131,3,none,none,slow,normal-slow-2,front,normal,clipped/audio_event_clean/normal/20260904T172511Z-ad415a2a4c50dc17545694e5-dg-bead543a888d-000131_ch3.wav,3DPrinter/train/section_00_source_train_normal_000916.wav,bcbb995ffbc5972cfa702f9d6b7c8f738c22c0db9ecf8a6dd78f1e1d19df2bb7,960044,524416800,524896800,a11c9edf7d30e209b00dfc804588b4d2d286457d32725853a26985138bfe0fb7,0,0,23262abea4a78a15730cb9a904377c1f1d1cf4547ae64d53542b914fb33ec930,saved_rule_based,1.79
section_00_source_train_normal_000917,train,source,normal,B,20260904T172511Z-ad415a2a4c50dc17545694e5,20260904T172511Z-ad415a2a4c50dc17545694e5-dg-bead543a888d-000134,3,none,none,slow,normal-slow-2,front,normal,clipped/audio_event_clean/normal/20260904T172511Z-ad415a2a4c50dc17545694e5-dg-bead543a888d-000134_ch3.wav,3DPrinter/train/section_00_source_train_normal_000917.wav,6a6211f3f2e7d068938d2c2bebf498f84814fb68a57040e203beb05737daba98,960044,525856800,526336800,a11c9edf7d30e209b00dfc804588b4d2d286457d32725853a26985138bfe0fb7,0,0,23262abea4a78a15730cb9a904377c1f1d1cf4547ae64d53542b914fb33ec930,saved_rule_based,1.79
section_00_source_train_normal_000918,train,source,normal,B,20260904T172511Z-ad415a2a4c50dc17545694e5,20260904T172511Z-ad415a2a4c50dc17545694e5-dg-bead543a888d-000136,3,none,none,slow,normal-slow-2,front,normal,clipped/audio_event_clean/normal/20260904T172511Z-ad415a2a4c50dc17545694e5-dg-bead543a888d-000136_ch3.wav,3DPrinter/train/section_00_source_train_normal_000918.wav,147c9f6884fcf559f70279a5f5dec1b4385fd71492132d901e02425751d7e0ce,960044,526816800,527296800,a11c9edf7d30e209b00dfc804588b4d2d286457d32725853a26985138bfe0fb7,0,0,23262abea4a78a15730cb9a904377c1f1d1cf4547ae64d53542b914fb33ec930,saved_rule_based,1.79
section_00_source_train_normal_000919,train,source,normal,B,20260904T172511Z-ad415a2a4c50dc17545694e5,20260904T172511Z-ad415a2a4c50dc17545694e5-dg-bead543a888d-000137,3,none,none,slow,normal-slow-2,front,normal,clipped/audio_event_clean/normal/20260904T172511Z-ad415a2a4c50dc17545694e5-dg-bead543a888d-000137_ch3.wav,3DPrinter/train/section_00_source_train_normal_000919.wav,c3816f7bbbf931beb1be818515113593fce38dce3c19c2759630e74271b15ae1,960044,527296800,527776800,a11c9edf7d30e209b00dfc804588b4d2d286457d32725853a26985138bfe0fb7,0,0,23262abea4a78a15730cb9a904377c1f1d1cf4547ae64d53542b914fb33ec930,saved_rule_based,1.79
section_00_source_train_normal_000920,train,source,normal,B,20260904T172511Z-ad415a2a4c50dc17545694e5,20260904T172511Z-ad415a2a4c50dc17545694e5-dg-bead543a888d-000140,3,none,none,slow,normal-slow-2,front,normal,clipped/audio_event_clean/normal/20260904T172511Z-ad415a2a4c50dc17545694e5-dg-bead543a888d-000140_ch3.wav,3DPrinter/train/section_00_source_train_normal_000920.wav,23493138d2181e1096b0245c93b5abacc6b786afa4f7819deb6d028edb0ca060,960044,528736800,529216800,a11c9edf7d30e209b00dfc804588b4d2d286457d32725853a26985138bfe0fb7,0,0,23262abea4a78a15730cb9a904377c1f1d1cf4547ae64d53542b914fb33ec930,saved_rule_based,1.79
section_00_source_train_normal_000921,train,source,normal,B,20260904T172511Z-ad415a2a4c50dc17545694e5,20260904T172511Z-ad415a2a4c50dc17545694e5-dg-bead543a888d-000141,3,none,none,slow,normal-slow-2,front,normal,clipped/audio_event_clean/normal/20260904T172511Z-ad415a2a4c50dc17545694e5-dg-bead543a888d-000141_ch3.wav,3DPrinter/train/section_00_source_train_normal_000921.wav,ea9b1f337c86a7a6c69dcee651cdef82420ab75669c3e778b12e46f9de13973e,960044,529216800,529696800,a11c9edf7d30e209b00dfc804588b4d2d286457d32725853a26985138bfe0fb7,0,0,23262abea4a78a15730cb9a904377c1f1d1cf4547ae64d53542b914fb33ec930,saved_rule_based,1.79
section_00_source_train_normal_000922,train,source,normal,B,20260904T172511Z-ad415a2a4c50dc17545694e5,20260904T172511Z-ad415a2a4c50dc17545694e5-dg-bead543a888d-000143,3,none,none,slow,normal-slow-2,front,normal,clipped/audio_event_clean/normal/20260904T172511Z-ad415a2a4c50dc17545694e5-dg-bead543a888d-000143_ch3.wav,3DPrinter/train/section_00_source_train_normal_000922.wav,c022ddbccf93ff175ff23d6f87fec46d833995a5d6a8b3a585788f9e214c9183,960044,530176800,530656800,a11c9edf7d30e209b00dfc804588b4d2d286457d32725853a26985138bfe0fb7,0,0,23262abea4a78a15730cb9a904377c1f1d1cf4547ae64d53542b914fb33ec930,saved_rule_based,1.79
section_00_source_train_normal_000923,train,source,normal,B,20260904T172511Z-ad415a2a4c50dc17545694e5,20260904T172511Z-ad415a2a4c50dc17545694e5-dg-bead543a888d-000147,3,none,none,slow,normal-slow-2,front,normal,clipped/audio_event_clean/normal/20260904T172511Z-ad415a2a4c50dc17545694e5-dg-bead543a888d-000147_ch3.wav,3DPrinter/train/section_00_source_train_normal_000923.wav,812636bf8e675658f035097e2143a46ef669ebf4b08f0e938170fb3acc351265,960044,532096800,532576800,a11c9edf7d30e209b00dfc804588b4d2d286457d32725853a26985138bfe0fb7,0,0,23262abea4a78a15730cb9a904377c1f1d1cf4547ae64d53542b914fb33ec930,saved_rule_based,1.79
section_00_source_train_normal_000924,train,source,normal,B,20260904T172511Z-ad415a2a4c50dc17545694e5,20260904T172511Z-ad415a2a4c50dc17545694e5-dg-bead543a888d-000148,3,none,none,slow,normal-slow-2,front,normal,clipped/audio_event_clean/normal/20260904T172511Z-ad415a2a4c50dc17545694e5-dg-bead543a888d-000148_ch3.wav,3DPrinter/train/section_00_source_train_normal_000924.wav,408c51419ad2be673b4ee5fe14d510aaaa13b45d93b619e54da830916104744c,960044,532576800,533056800,a11c9edf7d30e209b00dfc804588b4d2d286457d32725853a26985138bfe0fb7,0,0,23262abea4a78a15730cb9a904377c1f1d1cf4547ae64d53542b914fb33ec930,saved_rule_based,1.79
section_00_source_train_normal_000925,train,source,normal,B,20260904T172511Z-ad415a2a4c50dc17545694e5,20260904T172511Z-ad415a2a4c50dc17545694e5-dg-bead543a888d-000150,3,none,none,slow,normal-slow-2,front,normal,clipped/audio_event_clean/normal/20260904T172511Z-ad415a2a4c50dc17545694e5-dg-bead543a888d-000150_ch3.wav,3DPrinter/train/section_00_source_train_normal_000925.wav,23a8b62c1abd401917cc63dd009da36ce943c24061bbe7098f264c9ef19e654d,960044,533536800,534016800,a11c9edf7d30e209b00dfc804588b4d2d286457d32725853a26985138bfe0fb7,0,0,23262abea4a78a15730cb9a904377c1f1d1cf4547ae64d53542b914fb33ec930,saved_rule_based,1.79
section_00_source_train_normal_000926,train,source,normal,B,20260904T172511Z-ad415a2a4c50dc17545694e5,20260904T172511Z-ad415a2a4c50dc17545694e5-dg-bead543a888d-000151,3,none,none,slow,normal-slow-2,front,normal,clipped/audio_event_clean/normal/20260904T172511Z-ad415a2a4c50dc17545694e5-dg-bead543a888d-000151_ch3.wav,3DPrinter/train/section_00_source_train_normal_000926.wav,b6740ba17504ec814f5cb8c3a28919d53a39f43de4432d7bf739c3695fc7ce09,960044,534016800,534496800,a11c9edf7d30e209b00dfc804588b4d2d286457d32725853a26985138bfe0fb7,0,0,23262abea4a78a15730cb9a904377c1f1d1cf4547ae64d53542b914fb33ec930,saved_rule_based,1.79
section_00_source_train_normal_000927,train,source,normal,B,20260904T172511Z-ad415a2a4c50dc17545694e5,20260904T172511Z-ad415a2a4c50dc17545694e5-dg-bead543a888d-000162,3,none,none,slow,normal-slow-2,front,normal,clipped/audio_event_clean/normal/20260904T172511Z-ad415a2a4c50dc17545694e5-dg-bead543a888d-000162_ch3.wav,3DPrinter/train/section_00_source_train_normal_000927.wav,a82a56bfc9709391284a72b8e2baf36c5d16fc5dcd1edbd64204b57d5e86bb0c,960044,539296800,539776800,a11c9edf7d30e209b00dfc804588b4d2d286457d32725853a26985138bfe0fb7,0,0,23262abea4a78a15730cb9a904377c1f1d1cf4547ae64d53542b914fb33ec930,saved_rule_based,1.79
section_00_source_train_normal_000928,train,source,normal,B,20260904T172511Z-ad415a2a4c50dc17545694e5,20260904T172511Z-ad415a2a4c50dc17545694e5-dg-bead543a888d-000163,3,none,none,slow,normal-slow-2,front,normal,clipped/audio_event_clean/normal/20260904T172511Z-ad415a2a4c50dc17545694e5-dg-bead543a888d-000163_ch3.wav,3DPrinter/train/section_00_source_train_normal_000928.wav,de641c07abf8ee2a8d5a024e1958fb33d0d99f8e2d7fa5ae84a40a97a3fa38f8,960044,539776800,540256800,a11c9edf7d30e209b00dfc804588b4d2d286457d32725853a26985138bfe0fb7,0,0,23262abea4a78a15730cb9a904377c1f1d1cf4547ae64d53542b914fb33ec930,saved_rule_based,1.79
section_00_source_train_normal_000929,train,source,normal,B,20260904T172511Z-ad415a2a4c50dc17545694e5,20260904T172511Z-ad415a2a4c50dc17545694e5-dg-bead543a888d-000164,3,none,none,slow,normal-slow-2,front,normal,clipped/audio_event_clean/normal/20260904T172511Z-ad415a2a4c50dc17545694e5-dg-bead543a888d-000164_ch3.wav,3DPrinter/train/section_00_source_train_normal_000929.wav,89b206dc699b80a35e73385742d6daf09a29a740468465ccd6fe4b82f763738a,960044,540256800,540736800,a11c9edf7d30e209b00dfc804588b4d2d286457d32725853a26985138bfe0fb7,0,0,23262abea4a78a15730cb9a904377c1f1d1cf4547ae64d53542b914fb33ec930,saved_rule_based,1.79
section_00_source_train_normal_000930,train,source,normal,B,20260904T172511Z-ad415a2a4c50dc17545694e5,20260904T172511Z-ad415a2a4c50dc17545694e5-dg-bead543a888d-000171,3,none,none,slow,normal-slow-2,front,normal,clipped/audio_event_clean/normal/20260904T172511Z-ad415a2a4c50dc17545694e5-dg-bead543a888d-000171_ch3.wav,3DPrinter/train/section_00_source_train_normal_000930.wav,21e55c43ce5cb24da4cf00d16ab10449b099d3e870099cb1ca6fd4dbbc7dc15d,960044,543616800,544096800,a11c9edf7d30e209b00dfc804588b4d2d286457d32725853a26985138bfe0fb7,0,0,23262abea4a78a15730cb9a904377c1f1d1cf4547ae64d53542b914fb33ec930,saved_rule_based,1.79
section_00_source_train_normal_000931,train,source,normal,B,20260904T172511Z-ad415a2a4c50dc17545694e5,20260904T172511Z-ad415a2a4c50dc17545694e5-dg-bead543a888d-000172,3,none,none,slow,normal-slow-2,front,normal,clipped/audio_event_clean/normal/20260904T172511Z-ad415a2a4c50dc17545694e5-dg-bead543a888d-000172_ch3.wav,3DPrinter/train/section_00_source_train_normal_000931.wav,8ad5e10f211def23e3d64dab227e1ddcd67820a6b6a3482e47f971ee256312e7,960044,544096800,544576800,a11c9edf7d30e209b00dfc804588b4d2d286457d32725853a26985138bfe0fb7,0,0,23262abea4a78a15730cb9a904377c1f1d1cf4547ae64d53542b914fb33ec930,saved_rule_based,1.79
section_00_source_train_normal_000932,train,source,normal,B,20260904T172511Z-ad415a2a4c50dc17545694e5,20260904T172511Z-ad415a2a4c50dc17545694e5-dg-bead543a888d-000173,3,none,none,slow,normal-slow-2,front,normal,clipped/audio_event_clean/normal/20260904T172511Z-ad415a2a4c50dc17545694e5-dg-bead543a888d-000173_ch3.wav,3DPrinter/train/section_00_source_train_normal_000932.wav,aafeac479b46a9f5f90fceee13a7e182fe688f87d817bff9f11e191e093614f4,960044,544576800,545056800,a11c9edf7d30e209b00dfc804588b4d2d286457d32725853a26985138bfe0fb7,0,0,23262abea4a78a15730cb9a904377c1f1d1cf4547ae64d53542b914fb33ec930,saved_rule_based,1.79
section_00_source_train_normal_000933,train,source,normal,B,20260904T172511Z-ad415a2a4c50dc17545694e5,20260904T172511Z-ad415a2a4c50dc17545694e5-dg-bead543a888d-000177,3,none,none,slow,normal-slow-2,front,normal,clipped/audio_event_clean/normal/20260904T172511Z-ad415a2a4c50dc17545694e5-dg-bead543a888d-000177_ch3.wav,3DPrinter/train/section_00_source_train_normal_000933.wav,6e694cb48959ac8a7504dfcaca033a35df414144aa9a1d0680c61990b5f7a395,960044,546496800,546976800,a11c9edf7d30e209b00dfc804588b4d2d286457d32725853a26985138bfe0fb7,0,0,23262abea4a78a15730cb9a904377c1f1d1cf4547ae64d53542b914fb33ec930,saved_rule_based,1.79
section_00_source_train_normal_000934,train,source,normal,B,20260904T172511Z-ad415a2a4c50dc17545694e5,20260904T172511Z-ad415a2a4c50dc17545694e5-dg-bead543a888d-000178,3,none,none,slow,normal-slow-2,front,normal,clipped/audio_event_clean/normal/20260904T172511Z-ad415a2a4c50dc17545694e5-dg-bead543a888d-000178_ch3.wav,3DPrinter/train/section_00_source_train_normal_000934.wav,b9a358a52279fef6b8fe51fa3e846f5cf26961e0874e57d1c198efb91cbed57b,960044,546976800,547456800,a11c9edf7d30e209b00dfc804588b4d2d286457d32725853a26985138bfe0fb7,0,0,23262abea4a78a15730cb9a904377c1f1d1cf4547ae64d53542b914fb33ec930,saved_rule_based,1.79
section_00_source_train_normal_000935,train,source,normal,B,20260904T172511Z-ad415a2a4c50dc17545694e5,20260904T172511Z-ad415a2a4c50dc17545694e5-dg-bead543a888d-000180,3,none,none,slow,normal-slow-2,front,normal,clipped/audio_event_clean/normal/20260904T172511Z-ad415a2a4c50dc17545694e5-dg-bead543a888d-000180_ch3.wav,3DPrinter/train/section_00_source_train_normal_000935.wav,6423a2530f24ec663caac756ba6cde1c66171c3eda77f3920194e35445d62d60,960044,547936800,548416800,a11c9edf7d30e209b00dfc804588b4d2d286457d32725853a26985138bfe0fb7,0,0,23262abea4a78a15730cb9a904377c1f1d1cf4547ae64d53542b914fb33ec930,saved_rule_based,1.79
section_00_source_train_normal_000936,train,source,normal,B,20260904T172511Z-ad415a2a4c50dc17545694e5,20260904T172511Z-ad415a2a4c50dc17545694e5-dg-bead543a888d-000186,3,none,none,slow,normal-slow-2,front,normal,clipped/audio_event_clean/normal/20260904T172511Z-ad415a2a4c50dc17545694e5-dg-bead543a888d-000186_ch3.wav,3DPrinter/train/section_00_source_train_normal_000936.wav,1de078cb7f29b60aa42521a4735b1f4761a779cf9c352da3cb40dddbe732805b,960044,550816800,551296800,a11c9edf7d30e209b00dfc804588b4d2d286457d32725853a26985138bfe0fb7,0,0,23262abea4a78a15730cb9a904377c1f1d1cf4547ae64d53542b914fb33ec930,saved_rule_based,1.79
section_00_source_train_normal_000937,train,source,normal,B,20260904T172511Z-ad415a2a4c50dc17545694e5,20260904T172511Z-ad415a2a4c50dc17545694e5-dg-bead543a888d-000187,3,none,none,slow,normal-slow-2,front,normal,clipped/audio_event_clean/normal/20260904T172511Z-ad415a2a4c50dc17545694e5-dg-bead543a888d-000187_ch3.wav,3DPrinter/train/section_00_source_train_normal_000937.wav,cf3af62ca08f10a33fdc7eddd2be1c3d1cccf7ea1f3f35b4d9b2c801d5c00bae,960044,551296800,551776800,a11c9edf7d30e209b00dfc804588b4d2d286457d32725853a26985138bfe0fb7,0,0,23262abea4a78a15730cb9a904377c1f1d1cf4547ae64d53542b914fb33ec930,saved_rule_based,1.79
section_00_source_train_normal_000938,train,source,normal,B,20260904T172511Z-ad415a2a4c50dc17545694e5,20260904T172511Z-ad415a2a4c50dc17545694e5-dg-bead543a888d-000189,3,none,none,slow,normal-slow-2,front,normal,clipped/audio_event_clean/normal/20260904T172511Z-ad415a2a4c50dc17545694e5-dg-bead543a888d-000189_ch3.wav,3DPrinter/train/section_00_source_train_normal_000938.wav,ce78c160722f167baeb4c5b74c8a6f5ee042d4cff25203c82c240bb42544b14d,960044,552256800,552736800,a11c9edf7d30e209b00dfc804588b4d2d286457d32725853a26985138bfe0fb7,0,0,23262abea4a78a15730cb9a904377c1f1d1cf4547ae64d53542b914fb33ec930,saved_rule_based,1.79
section_00_source_train_normal_000939,train,source,normal,B,20260904T172511Z-ad415a2a4c50dc17545694e5,20260904T172511Z-ad415a2a4c50dc17545694e5-dg-bead543a888d-000191,3,none,none,slow,normal-slow-2,front,normal,clipped/audio_event_clean/normal/20260904T172511Z-ad415a2a4c50dc17545694e5-dg-bead543a888d-000191_ch3.wav,3DPrinter/train/section_00_source_train_normal_000939.wav,5ae239f4a922be51d910d60c2c5de86273359750c29804d9bf3024f33196f597,960044,553216800,553696800,a11c9edf7d30e209b00dfc804588b4d2d286457d32725853a26985138bfe0fb7,0,0,23262abea4a78a15730cb9a904377c1f1d1cf4547ae64d53542b914fb33ec930,saved_rule_based,1.79
section_00_source_train_normal_000940,train,source,normal,B,20260904T172511Z-ad415a2a4c50dc17545694e5,20260904T172511Z-ad415a2a4c50dc17545694e5-dg-bead543a888d-000193,3,none,none,slow,normal-slow-2,front,normal,clipped/audio_event_clean/normal/20260904T172511Z-ad415a2a4c50dc17545694e5-dg-bead543a888d-000193_ch3.wav,3DPrinter/train/section_00_source_train_normal_000940.wav,bcfcfa2c4f824f3152a0892038c55adfb52ac92ef0b182ece80e8fc91a9057b0,960044,554176800,554656800,a11c9edf7d30e209b00dfc804588b4d2d286457d32725853a26985138bfe0fb7,0,0,23262abea4a78a15730cb9a904377c1f1d1cf4547ae64d53542b914fb33ec930,saved_rule_based,1.79
section_00_source_train_normal_000941,train,source,normal,B,20260904T172511Z-ad415a2a4c50dc17545694e5,20260904T172511Z-ad415a2a4c50dc17545694e5-dg-bead543a888d-000195,3,none,none,slow,normal-slow-2,front,normal,clipped/audio_event_clean/normal/20260904T172511Z-ad415a2a4c50dc17545694e5-dg-bead543a888d-000195_ch3.wav,3DPrinter/train/section_00_source_train_normal_000941.wav,9a95a829c095d22dff66d437dc280db8d97ea3c4ebc03aec50f3fd8978fc9a1a,960044,555136800,555616800,a11c9edf7d30e209b00dfc804588b4d2d286457d32725853a26985138bfe0fb7,0,0,23262abea4a78a15730cb9a904377c1f1d1cf4547ae64d53542b914fb33ec930,saved_rule_based,1.79
section_00_source_train_normal_000942,train,source,normal,B,20260904T172511Z-ad415a2a4c50dc17545694e5,20260904T172511Z-ad415a2a4c50dc17545694e5-dg-bead543a888d-000197,3,none,none,slow,normal-slow-2,front,normal,clipped/audio_event_clean/normal/20260904T172511Z-ad415a2a4c50dc17545694e5-dg-bead543a888d-000197_ch3.wav,3DPrinter/train/section_00_source_train_normal_000942.wav,d1bcb26016a4a805ddcb3acb99f0d3f511714de76c28ceef67f9d8cd3c095422,960044,556096800,556576800,a11c9edf7d30e209b00dfc804588b4d2d286457d32725853a26985138bfe0fb7,0,0,23262abea4a78a15730cb9a904377c1f1d1cf4547ae64d53542b914fb33ec930,saved_rule_based,1.79
section_00_source_train_normal_000943,train,source,normal,B,20260904T172511Z-ad415a2a4c50dc17545694e5,20260904T172511Z-ad415a2a4c50dc17545694e5-dg-bead543a888d-000205,3,none,none,slow,normal-slow-2,front,normal,clipped/audio_event_clean/normal/20260904T172511Z-ad415a2a4c50dc17545694e5-dg-bead543a888d-000205_ch3.wav,3DPrinter/train/section_00_source_train_normal_000943.wav,c8520d62c60d19e91c8ab562ecfc6fd7fb6ffba74a09ec77fbd8faac94be6010,960044,559936800,560416800,a11c9edf7d30e209b00dfc804588b4d2d286457d32725853a26985138bfe0fb7,0,0,23262abea4a78a15730cb9a904377c1f1d1cf4547ae64d53542b914fb33ec930,saved_rule_based,1.79
section_00_source_train_normal_000944,train,source,normal,B,20260904T172511Z-ad415a2a4c50dc17545694e5,20260904T172511Z-ad415a2a4c50dc17545694e5-dg-bead543a888d-000206,3,none,none,slow,normal-slow-2,front,normal,clipped/audio_event_clean/normal/20260904T172511Z-ad415a2a4c50dc17545694e5-dg-bead543a888d-000206_ch3.wav,3DPrinter/train/section_00_source_train_normal_000944.wav,747acf58850102ec197fb3dff4e0848cc28a5f62fd4b0d9c3bb1d23035a9dcca,960044,560416800,560896800,a11c9edf7d30e209b00dfc804588b4d2d286457d32725853a26985138bfe0fb7,0,0,23262abea4a78a15730cb9a904377c1f1d1cf4547ae64d53542b914fb33ec930,saved_rule_based,1.79
section_00_source_train_normal_000945,train,source,normal,B,20260904T172511Z-ad415a2a4c50dc17545694e5,20260904T172511Z-ad415a2a4c50dc17545694e5-dg-bead543a888d-000208,3,none,none,slow,normal-slow-2,front,normal,clipped/audio_event_clean/normal/20260904T172511Z-ad415a2a4c50dc17545694e5-dg-bead543a888d-000208_ch3.wav,3DPrinter/train/section_00_source_train_normal_000945.wav,03bb5be2babda1d97b0af81d3544bd73c9cdf8ea01d621a182e36d3196d778ae,960044,561376800,561856800,a11c9edf7d30e209b00dfc804588b4d2d286457d32725853a26985138bfe0fb7,0,0,23262abea4a78a15730cb9a904377c1f1d1cf4547ae64d53542b914fb33ec930,saved_rule_based,1.79
section_00_source_train_normal_000946,train,source,normal,B,20260904T172511Z-ad415a2a4c50dc17545694e5,20260904T172511Z-ad415a2a4c50dc17545694e5-dg-bead543a888d-000211,3,none,none,slow,normal-slow-2,front,normal,clipped/audio_event_clean/normal/20260904T172511Z-ad415a2a4c50dc17545694e5-dg-bead543a888d-000211_ch3.wav,3DPrinter/train/section_00_source_train_normal_000946.wav,ee4d0e952face3450656c526208ad60ef30404895e11a431605967bdf9fdbf4e,960044,562816800,563296800,a11c9edf7d30e209b00dfc804588b4d2d286457d32725853a26985138bfe0fb7,0,0,23262abea4a78a15730cb9a904377c1f1d1cf4547ae64d53542b914fb33ec930,saved_rule_based,1.79
section_00_source_train_normal_000947,train,source,normal,B,20260904T172511Z-ad415a2a4c50dc17545694e5,20260904T172511Z-ad415a2a4c50dc17545694e5-dg-bead543a888d-000212,3,none,none,slow,normal-slow-2,front,normal,clipped/audio_event_clean/normal/20260904T172511Z-ad415a2a4c50dc17545694e5-dg-bead543a888d-000212_ch3.wav,3DPrinter/train/section_00_source_train_normal_000947.wav,76880a62f6dd0ac0b3b84960893897bc9f218af44bc5041b39c5cd55b7bac19e,960044,563296800,563776800,a11c9edf7d30e209b00dfc804588b4d2d286457d32725853a26985138bfe0fb7,0,0,23262abea4a78a15730cb9a904377c1f1d1cf4547ae64d53542b914fb33ec930,saved_rule_based,1.79
section_00_source_train_normal_000948,train,source,normal,B,20260904T172511Z-ad415a2a4c50dc17545694e5,20260904T172511Z-ad415a2a4c50dc17545694e5-dg-bead543a888d-000213,3,none,none,slow,normal-slow-2,front,normal,clipped/audio_event_clean/normal/20260904T172511Z-ad415a2a4c50dc17545694e5-dg-bead543a888d-000213_ch3.wav,3DPrinter/train/section_00_source_train_normal_000948.wav,83c3f7ae2e6ec24c8545a88f8e31b9bece10236cddf2e82614c798cfed76b6cc,960044,563776800,564256800,a11c9edf7d30e209b00dfc804588b4d2d286457d32725853a26985138bfe0fb7,0,0,23262abea4a78a15730cb9a904377c1f1d1cf4547ae64d53542b914fb33ec930,saved_rule_based,1.79
section_00_source_train_normal_000949,train,source,normal,B,20260904T172511Z-ad415a2a4c50dc17545694e5,20260904T172511Z-ad415a2a4c50dc17545694e5-dg-bead543a888d-000214,3,none,none,slow,normal-slow-2,front,normal,clipped/audio_event_clean/normal/20260904T172511Z-ad415a2a4c50dc17545694e5-dg-bead543a888d-000214_ch3.wav,3DPrinter/train/section_00_source_train_normal_000949.wav,9c3dc9e98d998988fe02a2bf7c8a430f5851705c18ed75e9d1a4475869424804,960044,564256800,564736800,a11c9edf7d30e209b00dfc804588b4d2d286457d32725853a26985138bfe0fb7,0,0,23262abea4a78a15730cb9a904377c1f1d1cf4547ae64d53542b914fb33ec930,saved_rule_based,1.79
section_00_source_train_normal_000950,train,source,normal,B,20260904T172511Z-ad415a2a4c50dc17545694e5,20260904T172511Z-ad415a2a4c50dc17545694e5-dg-bead543a888d-000215,3,none,none,slow,normal-slow-2,front,normal,clipped/audio_event_clean/normal/20260904T172511Z-ad415a2a4c50dc17545694e5-dg-bead543a888d-000215_ch3.wav,3DPrinter/train/section_00_source_train_normal_000950.wav,24ec89c3be31445d6e3afc834a7582b3cbec73abceab4ff87f1413482d23bf1e,960044,564736800,565216800,a11c9edf7d30e209b00dfc804588b4d2d286457d32725853a26985138bfe0fb7,0,0,23262abea4a78a15730cb9a904377c1f1d1cf4547ae64d53542b914fb33ec930,saved_rule_based,1.79
section_00_source_train_normal_000951,train,source,normal,B,20260904T172511Z-ad415a2a4c50dc17545694e5,20260904T172511Z-ad415a2a4c50dc17545694e5-dg-bead543a888d-000216,3,none,none,slow,normal-slow-2,front,normal,clipped/audio_event_clean/normal/20260904T172511Z-ad415a2a4c50dc17545694e5-dg-bead543a888d-000216_ch3.wav,3DPrinter/train/section_00_source_train_normal_000951.wav,1ebee18f261ff3460a8a2bf5eb9522482af43bc28e897614cbd66df37fc1e70f,960044,565216800,565696800,a11c9edf7d30e209b00dfc804588b4d2d286457d32725853a26985138bfe0fb7,0,0,23262abea4a78a15730cb9a904377c1f1d1cf4547ae64d53542b914fb33ec930,saved_rule_based,1.79
section_00_source_train_normal_000952,train,source,normal,B,20260904T172511Z-ad415a2a4c50dc17545694e5,20260904T172511Z-ad415a2a4c50dc17545694e5-dg-bead543a888d-000220,3,none,none,slow,normal-slow-2,front,normal,clipped/audio_event_clean/normal/20260904T172511Z-ad415a2a4c50dc17545694e5-dg-bead543a888d-000220_ch3.wav,3DPrinter/train/section_00_source_train_normal_000952.wav,c0ab0dc4f312a58db55aa067b5fafa0088e670d56546b3d731eb3566768f9db6,960044,567136800,567616800,a11c9edf7d30e209b00dfc804588b4d2d286457d32725853a26985138bfe0fb7,0,0,23262abea4a78a15730cb9a904377c1f1d1cf4547ae64d53542b914fb33ec930,saved_rule_based,1.79
section_00_source_train_normal_000953,train,source,normal,B,20260904T172511Z-ad415a2a4c50dc17545694e5,20260904T172511Z-ad415a2a4c50dc17545694e5-dg-bead543a888d-000221,3,none,none,slow,normal-slow-2,front,normal,clipped/audio_event_clean/normal/20260904T172511Z-ad415a2a4c50dc17545694e5-dg-bead543a888d-000221_ch3.wav,3DPrinter/train/section_00_source_train_normal_000953.wav,c0266894631584a8a8be1f80e9be67eacd4323c14ac0fe0cd0bb0b7a23c12961,960044,567616800,568096800,a11c9edf7d30e209b00dfc804588b4d2d286457d32725853a26985138bfe0fb7,0,0,23262abea4a78a15730cb9a904377c1f1d1cf4547ae64d53542b914fb33ec930,saved_rule_based,1.79
section_00_source_train_normal_000954,train,source,normal,B,20260904T172511Z-ad415a2a4c50dc17545694e5,20260904T172511Z-ad415a2a4c50dc17545694e5-dg-bead543a888d-000222,3,none,none,slow,normal-slow-2,front,normal,clipped/audio_event_clean/normal/20260904T172511Z-ad415a2a4c50dc17545694e5-dg-bead543a888d-000222_ch3.wav,3DPrinter/train/section_00_source_train_normal_000954.wav,9e2b8bdbc3133db8092b0e2ce1d87f0b485ba75df3e40679415aa3097e05692e,960044,568096800,568576800,a11c9edf7d30e209b00dfc804588b4d2d286457d32725853a26985138bfe0fb7,0,0,23262abea4a78a15730cb9a904377c1f1d1cf4547ae64d53542b914fb33ec930,saved_rule_based,1.79
section_00_source_train_normal_000955,train,source,normal,B,20260904T172511Z-ad415a2a4c50dc17545694e5,20260904T172511Z-ad415a2a4c50dc17545694e5-dg-bead543a888d-000224,3,none,none,slow,normal-slow-2,front,normal,clipped/audio_event_clean/normal/20260904T172511Z-ad415a2a4c50dc17545694e5-dg-bead543a888d-000224_ch3.wav,3DPrinter/train/section_00_source_train_normal_000955.wav,9af3f4b42715fa57a4a5fdc58b6f34a85564ccfcadfacc159596346c646b3a68,960044,569056800,569536800,a11c9edf7d30e209b00dfc804588b4d2d286457d32725853a26985138bfe0fb7,0,0,23262abea4a78a15730cb9a904377c1f1d1cf4547ae64d53542b914fb33ec930,saved_rule_based,1.79
section_00_source_train_normal_000956,train,source,normal,B,20260904T172511Z-ad415a2a4c50dc17545694e5,20260904T172511Z-ad415a2a4c50dc17545694e5-dg-bead543a888d-000225,3,none,none,slow,normal-slow-2,front,normal,clipped/audio_event_clean/normal/20260904T172511Z-ad415a2a4c50dc17545694e5-dg-bead543a888d-000225_ch3.wav,3DPrinter/train/section_00_source_train_normal_000956.wav,4503b91c2776f3cd49e039218bac651c2e13b657479aeadadd560eaf4b859adb,960044,569536800,570016800,a11c9edf7d30e209b00dfc804588b4d2d286457d32725853a26985138bfe0fb7,0,0,23262abea4a78a15730cb9a904377c1f1d1cf4547ae64d53542b914fb33ec930,saved_rule_based,1.79
section_00_source_train_normal_000957,train,source,normal,B,20260904T172511Z-ad415a2a4c50dc17545694e5,20260904T172511Z-ad415a2a4c50dc17545694e5-dg-bead543a888d-000226,3,none,none,slow,normal-slow-2,front,normal,clipped/audio_event_clean/normal/20260904T172511Z-ad415a2a4c50dc17545694e5-dg-bead543a888d-000226_ch3.wav,3DPrinter/train/section_00_source_train_normal_000957.wav,c6726fb603761c8b2bc9890f79997e1178855afec1503c05165f080fe443a86c,960044,570016800,570496800,a11c9edf7d30e209b00dfc804588b4d2d286457d32725853a26985138bfe0fb7,0,0,23262abea4a78a15730cb9a904377c1f1d1cf4547ae64d53542b914fb33ec930,saved_rule_based,1.79
section_00_source_train_normal_000958,train,source,normal,B,20260904T172511Z-ad415a2a4c50dc17545694e5,20260904T172511Z-ad415a2a4c50dc17545694e5-dg-bead543a888d-000229,3,none,none,slow,normal-slow-2,front,normal,clipped/audio_event_clean/normal/20260904T172511Z-ad415a2a4c50dc17545694e5-dg-bead543a888d-000229_ch3.wav,3DPrinter/train/section_00_source_train_normal_000958.wav,ed3461fa7429fd35c8efe42e0862590f1123a91cd3cd2c888b9b07c739daf451,960044,571456800,571936800,a11c9edf7d30e209b00dfc804588b4d2d286457d32725853a26985138bfe0fb7,0,0,23262abea4a78a15730cb9a904377c1f1d1cf4547ae64d53542b914fb33ec930,saved_rule_based,1.79
section_00_source_train_normal_000959,train,source,normal,B,20260904T172511Z-ad415a2a4c50dc17545694e5,20260904T172511Z-ad415a2a4c50dc17545694e5-dg-bead543a888d-000230,3,none,none,slow,normal-slow-2,front,normal,clipped/audio_event_clean/normal/20260904T172511Z-ad415a2a4c50dc17545694e5-dg-bead543a888d-000230_ch3.wav,3DPrinter/train/section_00_source_train_normal_000959.wav,6dc298e981dc04f53478ddac138ba1394925b7ffb81a617cca7382dece737f71,960044,571936800,572416800,a11c9edf7d30e209b00dfc804588b4d2d286457d32725853a26985138bfe0fb7,0,0,23262abea4a78a15730cb9a904377c1f1d1cf4547ae64d53542b914fb33ec930,saved_rule_based,1.79
section_00_source_train_normal_000960,train,source,normal,B,20260904T172511Z-ad415a2a4c50dc17545694e5,20260904T172511Z-ad415a2a4c50dc17545694e5-dg-bead543a888d-000231,3,none,none,slow,normal-slow-2,front,normal,clipped/audio_event_clean/normal/20260904T172511Z-ad415a2a4c50dc17545694e5-dg-bead543a888d-000231_ch3.wav,3DPrinter/train/section_00_source_train_normal_000960.wav,5372e1940e167ac8b1d0cda3b85a8cfa30ff5f1da165a608453f7519473a2203,960044,572416800,572896800,a11c9edf7d30e209b00dfc804588b4d2d286457d32725853a26985138bfe0fb7,0,0,23262abea4a78a15730cb9a904377c1f1d1cf4547ae64d53542b914fb33ec930,saved_rule_based,1.79
section_00_source_train_normal_000961,train,source,normal,B,20260904T172511Z-ad415a2a4c50dc17545694e5,20260904T172511Z-ad415a2a4c50dc17545694e5-dg-bead543a888d-000233,3,none,none,slow,normal-slow-2,front,normal,clipped/audio_event_clean/normal/20260904T172511Z-ad415a2a4c50dc17545694e5-dg-bead543a888d-000233_ch3.wav,3DPrinter/train/section_00_source_train_normal_000961.wav,442f77caf5baa5661f293a35ca875d0967aca637006ec6f0c6a54540b5020048,960044,573376800,573856800,a11c9edf7d30e209b00dfc804588b4d2d286457d32725853a26985138bfe0fb7,0,0,23262abea4a78a15730cb9a904377c1f1d1cf4547ae64d53542b914fb33ec930,saved_rule_based,1.79
section_00_source_train_normal_000962,train,source,normal,B,20260904T172511Z-ad415a2a4c50dc17545694e5,20260904T172511Z-ad415a2a4c50dc17545694e5-dg-bead543a888d-000235,3,none,none,slow,normal-slow-2,front,normal,clipped/audio_event_clean/normal/20260904T172511Z-ad415a2a4c50dc17545694e5-dg-bead543a888d-000235_ch3.wav,3DPrinter/train/section_00_source_train_normal_000962.wav,73c27f10abf919baec6062c9ac7e9bc7f792b1b67244a8c8dde9e4ea48d2ee85,960044,574336800,574816800,a11c9edf7d30e209b00dfc804588b4d2d286457d32725853a26985138bfe0fb7,0,0,23262abea4a78a15730cb9a904377c1f1d1cf4547ae64d53542b914fb33ec930,saved_rule_based,1.79
section_00_source_train_normal_000963,train,source,normal,B,20260904T172511Z-ad415a2a4c50dc17545694e5,20260904T172511Z-ad415a2a4c50dc17545694e5-dg-bead543a888d-000239,3,none,none,slow,normal-slow-2,front,normal,clipped/audio_event_clean/normal/20260904T172511Z-ad415a2a4c50dc17545694e5-dg-bead543a888d-000239_ch3.wav,3DPrinter/train/section_00_source_train_normal_000963.wav,60f1b47d1e14d1843e78e26cd6d1551f21af00c0aca312502cffd45fb83f07d9,960044,576256800,576736800,a11c9edf7d30e209b00dfc804588b4d2d286457d32725853a26985138bfe0fb7,0,0,23262abea4a78a15730cb9a904377c1f1d1cf4547ae64d53542b914fb33ec930,saved_rule_based,1.79
section_00_source_train_normal_000964,train,source,normal,B,20260904T172511Z-ad415a2a4c50dc17545694e5,20260904T172511Z-ad415a2a4c50dc17545694e5-dg-bead543a888d-000244,3,none,none,slow,normal-slow-2,front,normal,clipped/audio_event_clean/normal/20260904T172511Z-ad415a2a4c50dc17545694e5-dg-bead543a888d-000244_ch3.wav,3DPrinter/train/section_00_source_train_normal_000964.wav,f7788ba719495181039d1f382ce3d3f93443e50cffac166844dc0119575b1b6e,960044,578656800,579136800,a11c9edf7d30e209b00dfc804588b4d2d286457d32725853a26985138bfe0fb7,0,0,23262abea4a78a15730cb9a904377c1f1d1cf4547ae64d53542b914fb33ec930,saved_rule_based,1.79
section_00_source_train_normal_000965,train,source,normal,B,20260904T172511Z-ad415a2a4c50dc17545694e5,20260904T172511Z-ad415a2a4c50dc17545694e5-dg-bead543a888d-000245,3,none,none,slow,normal-slow-2,front,normal,clipped/audio_event_clean/normal/20260904T172511Z-ad415a2a4c50dc17545694e5-dg-bead543a888d-000245_ch3.wav,3DPrinter/train/section_00_source_train_normal_000965.wav,c53d797d3ffa19cd47796e853e57f9cecae4dffae0300aecf3505fb41b53a703,960044,579136800,579616800,a11c9edf7d30e209b00dfc804588b4d2d286457d32725853a26985138bfe0fb7,0,0,23262abea4a78a15730cb9a904377c1f1d1cf4547ae64d53542b914fb33ec930,saved_rule_based,1.79
section_00_source_train_normal_000966,train,source,normal,B,20260904T172511Z-ad415a2a4c50dc17545694e5,20260904T172511Z-ad415a2a4c50dc17545694e5-dg-bead543a888d-000246,3,none,none,slow,normal-slow-2,front,normal,clipped/audio_event_clean/normal/20260904T172511Z-ad415a2a4c50dc17545694e5-dg-bead543a888d-000246_ch3.wav,3DPrinter/train/section_00_source_train_normal_000966.wav,7fde4a1b8f557dc43db29df08bfb9adce1236be2480c1b40832d0ba4dffb22d8,960044,579616800,580096800,a11c9edf7d30e209b00dfc804588b4d2d286457d32725853a26985138bfe0fb7,0,0,23262abea4a78a15730cb9a904377c1f1d1cf4547ae64d53542b914fb33ec930,saved_rule_based,1.79
section_00_source_train_normal_000967,train,source,normal,B,20260904T172511Z-ad415a2a4c50dc17545694e5,20260904T172511Z-ad415a2a4c50dc17545694e5-dg-bead543a888d-000247,3,none,none,slow,normal-slow-2,front,normal,clipped/audio_event_clean/normal/20260904T172511Z-ad415a2a4c50dc17545694e5-dg-bead543a888d-000247_ch3.wav,3DPrinter/train/section_00_source_train_normal_000967.wav,c2c5897a0f4a823499db89f1109589c66b45f05e1758d59ead417ec7a08e7f9b,960044,580096800,580576800,a11c9edf7d30e209b00dfc804588b4d2d286457d32725853a26985138bfe0fb7,0,0,23262abea4a78a15730cb9a904377c1f1d1cf4547ae64d53542b914fb33ec930,saved_rule_based,1.79
section_00_source_train_normal_000968,train,source,normal,B,20260904T172511Z-ad415a2a4c50dc17545694e5,20260904T172511Z-ad415a2a4c50dc17545694e5-dg-bead543a888d-000249,3,none,none,slow,normal-slow-2,front,normal,clipped/audio_event_clean/normal/20260904T172511Z-ad415a2a4c50dc17545694e5-dg-bead543a888d-000249_ch3.wav,3DPrinter/train/section_00_source_train_normal_000968.wav,72d47df2daf737f9f00da469a7c9424487c3d09110994a5733f8b8c0cfc2ef58,960044,581056800,581536800,a11c9edf7d30e209b00dfc804588b4d2d286457d32725853a26985138bfe0fb7,0,0,23262abea4a78a15730cb9a904377c1f1d1cf4547ae64d53542b914fb33ec930,saved_rule_based,1.79
section_00_source_train_normal_000969,train,source,normal,B,20260904T172511Z-ad415a2a4c50dc17545694e5,20260904T172511Z-ad415a2a4c50dc17545694e5-dg-bead543a888d-000250,3,none,none,slow,normal-slow-2,front,normal,clipped/audio_event_clean/normal/20260904T172511Z-ad415a2a4c50dc17545694e5-dg-bead543a888d-000250_ch3.wav,3DPrinter/train/section_00_source_train_normal_000969.wav,ed9453df5db78a82a3f4d9c2f95fc8050af8c243752a49ce33e3e5ce6180062d,960044,581536800,582016800,a11c9edf7d30e209b00dfc804588b4d2d286457d32725853a26985138bfe0fb7,0,0,23262abea4a78a15730cb9a904377c1f1d1cf4547ae64d53542b914fb33ec930,saved_rule_based,1.79
section_00_source_train_normal_000970,train,source,normal,B,20260904T172511Z-ad415a2a4c50dc17545694e5,20260904T172511Z-ad415a2a4c50dc17545694e5-dg-bead543a888d-000252,3,none,none,slow,normal-slow-2,front,normal,clipped/audio_event_clean/normal/20260904T172511Z-ad415a2a4c50dc17545694e5-dg-bead543a888d-000252_ch3.wav,3DPrinter/train/section_00_source_train_normal_000970.wav,453c96ebc42d35e80cad379df7979da92f91248e3622aa94d698de5b29fb0ea5,960044,582496800,582976800,a11c9edf7d30e209b00dfc804588b4d2d286457d32725853a26985138bfe0fb7,0,0,23262abea4a78a15730cb9a904377c1f1d1cf4547ae64d53542b914fb33ec930,saved_rule_based,1.79
section_00_source_train_normal_000971,train,source,normal,B,20260904T172511Z-ad415a2a4c50dc17545694e5,20260904T172511Z-ad415a2a4c50dc17545694e5-dg-bead543a888d-000253,3,none,none,slow,normal-slow-2,front,normal,clipped/audio_event_clean/normal/20260904T172511Z-ad415a2a4c50dc17545694e5-dg-bead543a888d-000253_ch3.wav,3DPrinter/train/section_00_source_train_normal_000971.wav,22b36a57e03213f0eba905d8f837805f585ff9b5af0deae8f4677b49a185e787,960044,582976800,583456800,a11c9edf7d30e209b00dfc804588b4d2d286457d32725853a26985138bfe0fb7,0,0,23262abea4a78a15730cb9a904377c1f1d1cf4547ae64d53542b914fb33ec930,saved_rule_based,1.79
section_00_source_train_normal_000972,train,source,normal,B,20260904T172511Z-ad415a2a4c50dc17545694e5,20260904T172511Z-ad415a2a4c50dc17545694e5-dg-bead543a888d-000254,3,none,none,slow,normal-slow-2,front,normal,clipped/audio_event_clean/normal/20260904T172511Z-ad415a2a4c50dc17545694e5-dg-bead543a888d-000254_ch3.wav,3DPrinter/train/section_00_source_train_normal_000972.wav,7e377752b3ed1c976973c5c31083a35e540590bc180fbe2adbec2e1d82c79994,960044,583456800,583936800,a11c9edf7d30e209b00dfc804588b4d2d286457d32725853a26985138bfe0fb7,0,0,23262abea4a78a15730cb9a904377c1f1d1cf4547ae64d53542b914fb33ec930,saved_rule_based,1.79
section_00_source_train_normal_000973,train,source,normal,B,20260904T172511Z-ad415a2a4c50dc17545694e5,20260904T172511Z-ad415a2a4c50dc17545694e5-dg-bead543a888d-000255,3,none,none,slow,normal-slow-2,front,normal,clipped/audio_event_clean/normal/20260904T172511Z-ad415a2a4c50dc17545694e5-dg-bead543a888d-000255_ch3.wav,3DPrinter/train/section_00_source_train_normal_000973.wav,9282ba6b7222d6732607a55e733a0ec59e31b2828e5f6f1e97504e3eafdec84e,960044,583936800,584416800,a11c9edf7d30e209b00dfc804588b4d2d286457d32725853a26985138bfe0fb7,0,0,23262abea4a78a15730cb9a904377c1f1d1cf4547ae64d53542b914fb33ec930,saved_rule_based,1.79
section_00_source_train_normal_000974,train,source,normal,B,20260904T172511Z-ad415a2a4c50dc17545694e5,20260904T172511Z-ad415a2a4c50dc17545694e5-dg-bead543a888d-000258,3,none,none,slow,normal-slow-2,front,normal,clipped/audio_event_clean/normal/20260904T172511Z-ad415a2a4c50dc17545694e5-dg-bead543a888d-000258_ch3.wav,3DPrinter/train/section_00_source_train_normal_000974.wav,1cc1adbbfc05da9e8b165277f11d9e92d7530a5903f80d5b6be775b05fd431a6,960044,585376800,585856800,a11c9edf7d30e209b00dfc804588b4d2d286457d32725853a26985138bfe0fb7,0,0,23262abea4a78a15730cb9a904377c1f1d1cf4547ae64d53542b914fb33ec930,saved_rule_based,1.79
section_00_source_train_normal_000975,train,source,normal,B,20260904T172511Z-ad415a2a4c50dc17545694e5,20260904T172511Z-ad415a2a4c50dc17545694e5-dg-bead543a888d-000261,3,none,none,slow,normal-slow-2,front,normal,clipped/audio_event_clean/normal/20260904T172511Z-ad415a2a4c50dc17545694e5-dg-bead543a888d-000261_ch3.wav,3DPrinter/train/section_00_source_train_normal_000975.wav,b8bf1a0f0a6a4114e12c9924d0c4b8217f309c2a4caaafe150195f32fa6f680b,960044,586816800,587296800,a11c9edf7d30e209b00dfc804588b4d2d286457d32725853a26985138bfe0fb7,0,0,23262abea4a78a15730cb9a904377c1f1d1cf4547ae64d53542b914fb33ec930,saved_rule_based,1.79
section_00_source_train_normal_000976,train,source,normal,B,20260904T172511Z-ad415a2a4c50dc17545694e5,20260904T172511Z-ad415a2a4c50dc17545694e5-dg-bead543a888d-000262,3,none,none,slow,normal-slow-2,front,normal,clipped/audio_event_clean/normal/20260904T172511Z-ad415a2a4c50dc17545694e5-dg-bead543a888d-000262_ch3.wav,3DPrinter/train/section_00_source_train_normal_000976.wav,54de8bef71e43d0eabacbf4be62ce6b92cc2efbf75e9b4dc42ce40be46cff1df,960044,587296800,587776800,a11c9edf7d30e209b00dfc804588b4d2d286457d32725853a26985138bfe0fb7,0,0,23262abea4a78a15730cb9a904377c1f1d1cf4547ae64d53542b914fb33ec930,saved_rule_based,1.79
section_00_source_train_normal_000977,train,source,normal,B,20260904T172511Z-ad415a2a4c50dc17545694e5,20260904T172511Z-ad415a2a4c50dc17545694e5-dg-bead543a888d-000264,3,none,none,slow,normal-slow-2,front,normal,clipped/audio_event_clean/normal/20260904T172511Z-ad415a2a4c50dc17545694e5-dg-bead543a888d-000264_ch3.wav,3DPrinter/train/section_00_source_train_normal_000977.wav,106578071ea714e468adb47f29136751613ba75a570b083b9d22a9acfb915ab5,960044,588256800,588736800,a11c9edf7d30e209b00dfc804588b4d2d286457d32725853a26985138bfe0fb7,0,0,23262abea4a78a15730cb9a904377c1f1d1cf4547ae64d53542b914fb33ec930,saved_rule_based,1.79
section_00_source_train_normal_000978,train,source,normal,B,20260904T172511Z-ad415a2a4c50dc17545694e5,20260904T172511Z-ad415a2a4c50dc17545694e5-dg-bead543a888d-000267,3,none,none,slow,normal-slow-2,front,normal,clipped/audio_event_clean/normal/20260904T172511Z-ad415a2a4c50dc17545694e5-dg-bead543a888d-000267_ch3.wav,3DPrinter/train/section_00_source_train_normal_000978.wav,bb9f58fdae11b21407bd4005b603e96350e81689185beb2845864c63d20d97bc,960044,589696800,590176800,a11c9edf7d30e209b00dfc804588b4d2d286457d32725853a26985138bfe0fb7,0,0,23262abea4a78a15730cb9a904377c1f1d1cf4547ae64d53542b914fb33ec930,saved_rule_based,1.79
section_00_source_train_normal_000979,train,source,normal,B,20260904T172511Z-ad415a2a4c50dc17545694e5,20260904T172511Z-ad415a2a4c50dc17545694e5-dg-bead543a888d-000268,3,none,none,slow,normal-slow-2,front,normal,clipped/audio_event_clean/normal/20260904T172511Z-ad415a2a4c50dc17545694e5-dg-bead543a888d-000268_ch3.wav,3DPrinter/train/section_00_source_train_normal_000979.wav,f8c76f0bcb0ff8c3f916dc490e77eb3679c1f79fd41b075e99e3ae04a4556aa8,960044,590176800,590656800,a11c9edf7d30e209b00dfc804588b4d2d286457d32725853a26985138bfe0fb7,0,0,23262abea4a78a15730cb9a904377c1f1d1cf4547ae64d53542b914fb33ec930,saved_rule_based,1.79
section_00_source_train_normal_000980,train,source,normal,B,20260904T172511Z-ad415a2a4c50dc17545694e5,20260904T172511Z-ad415a2a4c50dc17545694e5-dg-bead543a888d-000273,3,none,none,slow,normal-slow-2,front,normal,clipped/audio_event_clean/normal/20260904T172511Z-ad415a2a4c50dc17545694e5-dg-bead543a888d-000273_ch3.wav,3DPrinter/train/section_00_source_train_normal_000980.wav,f399fa0496214a0a95509490e44864370e20291a7fb0de34a61d334c68e918e0,960044,592576800,593056800,a11c9edf7d30e209b00dfc804588b4d2d286457d32725853a26985138bfe0fb7,0,0,23262abea4a78a15730cb9a904377c1f1d1cf4547ae64d53542b914fb33ec930,saved_rule_based,1.79
section_00_source_train_normal_000981,train,source,normal,B,20260904T172511Z-ad415a2a4c50dc17545694e5,20260904T172511Z-ad415a2a4c50dc17545694e5-dg-bead543a888d-000274,3,none,none,slow,normal-slow-2,front,normal,clipped/audio_event_clean/normal/20260904T172511Z-ad415a2a4c50dc17545694e5-dg-bead543a888d-000274_ch3.wav,3DPrinter/train/section_00_source_train_normal_000981.wav,888fba00125bf925b650130b21a1794973369e76d9556047ac560d56e45bbac5,960044,593056800,593536800,a11c9edf7d30e209b00dfc804588b4d2d286457d32725853a26985138bfe0fb7,0,0,23262abea4a78a15730cb9a904377c1f1d1cf4547ae64d53542b914fb33ec930,saved_rule_based,1.79
section_00_source_train_normal_000982,train,source,normal,B,20260904T172511Z-ad415a2a4c50dc17545694e5,20260904T172511Z-ad415a2a4c50dc17545694e5-dg-bead543a888d-000275,3,none,none,slow,normal-slow-2,front,normal,clipped/audio_event_clean/normal/20260904T172511Z-ad415a2a4c50dc17545694e5-dg-bead543a888d-000275_ch3.wav,3DPrinter/train/section_00_source_train_normal_000982.wav,d07d547996e3a30dd7dc189a07718efefead9ee7b2b9d3a2ca6ee32509a4cd4f,960044,593536800,594016800,a11c9edf7d30e209b00dfc804588b4d2d286457d32725853a26985138bfe0fb7,0,0,23262abea4a78a15730cb9a904377c1f1d1cf4547ae64d53542b914fb33ec930,saved_rule_based,1.79
section_00_source_train_normal_000983,train,source,normal,B,20260904T172511Z-ad415a2a4c50dc17545694e5,20260904T172511Z-ad415a2a4c50dc17545694e5-dg-bead543a888d-000280,3,none,none,slow,normal-slow-2,front,normal,clipped/audio_event_clean/normal/20260904T172511Z-ad415a2a4c50dc17545694e5-dg-bead543a888d-000280_ch3.wav,3DPrinter/train/section_00_source_train_normal_000983.wav,2fa547cc72cce97799ba28bacff3a28f554168e7b7974e2740670ec67be17f6b,960044,595936800,596416800,a11c9edf7d30e209b00dfc804588b4d2d286457d32725853a26985138bfe0fb7,0,0,23262abea4a78a15730cb9a904377c1f1d1cf4547ae64d53542b914fb33ec930,saved_rule_based,1.79
section_00_source_train_normal_000984,train,source,normal,B,20260904T172511Z-ad415a2a4c50dc17545694e5,20260904T172511Z-ad415a2a4c50dc17545694e5-dg-bead543a888d-000281,3,none,none,slow,normal-slow-2,front,normal,clipped/audio_event_clean/normal/20260904T172511Z-ad415a2a4c50dc17545694e5-dg-bead543a888d-000281_ch3.wav,3DPrinter/train/section_00_source_train_normal_000984.wav,ca6e9a1229f3b7184fc16e905303ec862cc96355e7435edd49d14e44e96c851c,960044,596416800,596896800,a11c9edf7d30e209b00dfc804588b4d2d286457d32725853a26985138bfe0fb7,0,0,23262abea4a78a15730cb9a904377c1f1d1cf4547ae64d53542b914fb33ec930,saved_rule_based,1.79
section_00_source_train_normal_000985,train,source,normal,B,20260904T172511Z-ad415a2a4c50dc17545694e5,20260904T172511Z-ad415a2a4c50dc17545694e5-dg-bead543a888d-000287,3,none,none,slow,normal-slow-2,front,normal,clipped/audio_event_clean/normal/20260904T172511Z-ad415a2a4c50dc17545694e5-dg-bead543a888d-000287_ch3.wav,3DPrinter/train/section_00_source_train_normal_000985.wav,6491e558a341a215e477cbc37a7f7d5b345972b331c86568cd3ee1d2be9c2d20,960044,599296800,599776800,a11c9edf7d30e209b00dfc804588b4d2d286457d32725853a26985138bfe0fb7,0,0,23262abea4a78a15730cb9a904377c1f1d1cf4547ae64d53542b914fb33ec930,saved_rule_based,1.79
section_00_source_train_normal_000986,train,source,normal,B,20260904T172511Z-ad415a2a4c50dc17545694e5,20260904T172511Z-ad415a2a4c50dc17545694e5-dg-bead543a888d-000288,3,none,none,slow,normal-slow-2,front,normal,clipped/audio_event_clean/normal/20260904T172511Z-ad415a2a4c50dc17545694e5-dg-bead543a888d-000288_ch3.wav,3DPrinter/train/section_00_source_train_normal_000986.wav,519845a74a5ba80dac196c91e8c4d47811270ec725cd712b8958ea8946fe1580,960044,599776800,600256800,a11c9edf7d30e209b00dfc804588b4d2d286457d32725853a26985138bfe0fb7,0,0,23262abea4a78a15730cb9a904377c1f1d1cf4547ae64d53542b914fb33ec930,saved_rule_based,1.79
section_00_source_train_normal_000987,train,source,normal,B,20260904T172511Z-ad415a2a4c50dc17545694e5,20260904T172511Z-ad415a2a4c50dc17545694e5-dg-bead543a888d-000293,3,none,none,slow,normal-slow-2,front,normal,clipped/audio_event_clean/normal/20260904T172511Z-ad415a2a4c50dc17545694e5-dg-bead543a888d-000293_ch3.wav,3DPrinter/train/section_00_source_train_normal_000987.wav,2fca89b43977666eddc170b0638c62165869b4bc651e1f61fd2c2acb65bb0ae5,960044,602176800,602656800,a11c9edf7d30e209b00dfc804588b4d2d286457d32725853a26985138bfe0fb7,0,0,23262abea4a78a15730cb9a904377c1f1d1cf4547ae64d53542b914fb33ec930,saved_rule_based,1.79
section_00_source_train_normal_000988,train,source,normal,B,20260904T172511Z-ad415a2a4c50dc17545694e5,20260904T172511Z-ad415a2a4c50dc17545694e5-dg-bead543a888d-000296,3,none,none,slow,normal-slow-2,front,normal,clipped/audio_event_clean/normal/20260904T172511Z-ad415a2a4c50dc17545694e5-dg-bead543a888d-000296_ch3.wav,3DPrinter/train/section_00_source_train_normal_000988.wav,664129a0046598984b0416f9c41a61094ee3cd457c39af0f635c86ed3083fbb4,960044,603616800,604096800,a11c9edf7d30e209b00dfc804588b4d2d286457d32725853a26985138bfe0fb7,0,0,23262abea4a78a15730cb9a904377c1f1d1cf4547ae64d53542b914fb33ec930,saved_rule_based,1.79
section_00_source_train_normal_000989,train,source,normal,B,20260904T172511Z-ad415a2a4c50dc17545694e5,20260904T172511Z-ad415a2a4c50dc17545694e5-dg-bead543a888d-000300,3,none,none,slow,normal-slow-2,front,normal,clipped/audio_event_clean/normal/20260904T172511Z-ad415a2a4c50dc17545694e5-dg-bead543a888d-000300_ch3.wav,3DPrinter/train/section_00_source_train_normal_000989.wav,c198a9a9c2b5b5aee4bb450de12547cf6fb11d36f43c81b0002751479e6f187b,960044,605536800,606016800,a11c9edf7d30e209b00dfc804588b4d2d286457d32725853a26985138bfe0fb7,0,0,23262abea4a78a15730cb9a904377c1f1d1cf4547ae64d53542b914fb33ec930,saved_rule_based,1.79
section_00_target_train_normal_000000,train,target,normal,C,20260909T155236Z-a0fa60aee1428d67003bdca8,20260909T155236Z-a0fa60aee1428d67003bdca8-dg-9878555e9c6b-000007,2,none,none,fast,normal-fast-1,left,normal,clipped/audio_event_clean/normal/20260909T155236Z-a0fa60aee1428d67003bdca8-dg-9878555e9c6b-000007_ch2.wav,3DPrinter/train/section_00_target_train_normal_000000.wav,2570d221c592abaad0b5628b69b72201c7265317afb2512069d6b3628f744298,960044,8740680000,8741160000,78f98c5f5432ba2b5d65e9dd0f425927e6887fdd70398caaa584f2ea6f8df998,0,0,492d9582ed6119a46f059d4340ad88a9ac43922b010c379d81763026002e3f12,saved_rule_based,1.61
section_00_target_train_normal_000001,train,target,normal,C,20260909T155236Z-a0fa60aee1428d67003bdca8,20260909T155236Z-a0fa60aee1428d67003bdca8-dg-9878555e9c6b-000053,2,none,none,fast,normal-fast-1,left,normal,clipped/audio_event_clean/normal/20260909T155236Z-a0fa60aee1428d67003bdca8-dg-9878555e9c6b-000053_ch2.wav,3DPrinter/train/section_00_target_train_normal_000001.wav,9c58462475fd7e736ebb7a28873ad5131679a99ec642e377a5c181cb8558beb4,960044,8762760000,8763240000,78f98c5f5432ba2b5d65e9dd0f425927e6887fdd70398caaa584f2ea6f8df998,0,0,492d9582ed6119a46f059d4340ad88a9ac43922b010c379d81763026002e3f12,saved_rule_based,1.61
section_00_target_train_normal_000002,train,target,normal,C,20260909T164559Z-450e1b8ddfcd90341ac5829f,20260909T164559Z-450e1b8ddfcd90341ac5829f-dg-cc6b2caad0c5-000082,2,none,none,fast,normal-fast-2,left,normal,clipped/audio_event_clean/normal/20260909T164559Z-450e1b8ddfcd90341ac5829f-dg-cc6b2caad0c5-000082_ch2.wav,3DPrinter/train/section_00_target_train_normal_000002.wav,b07b5f9649ddd42d64a411d85b5f5221e60f3ca65cd187e41538d291b80ad482,960044,8930464800,8930944800,d11a3b2cc14c313c08423b63ff9b801febb04d49d0830ce346facabf792b4b3b,0,0,3ddfe7072f331f88c55733fd4c9c460f53310a266050b0da57d0f9f267c393a7,saved_rule_based,1.63
section_00_target_train_normal_000003,train,target,normal,C,20260909T164559Z-450e1b8ddfcd90341ac5829f,20260909T164559Z-450e1b8ddfcd90341ac5829f-dg-cc6b2caad0c5-000093,2,none,none,fast,normal-fast-2,left,normal,clipped/audio_event_clean/normal/20260909T164559Z-450e1b8ddfcd90341ac5829f-dg-cc6b2caad0c5-000093_ch2.wav,3DPrinter/train/section_00_target_train_normal_000003.wav,967333204fbe662d21404dfd14ea8ba2a749eb5f1b50af86d58f5b22f6abddcd,960044,8935744800,8936224800,d11a3b2cc14c313c08423b63ff9b801febb04d49d0830ce346facabf792b4b3b,0,0,3ddfe7072f331f88c55733fd4c9c460f53310a266050b0da57d0f9f267c393a7,saved_rule_based,1.63
section_00_target_train_normal_000004,train,target,normal,C,20260909T164559Z-450e1b8ddfcd90341ac5829f,20260909T164559Z-450e1b8ddfcd90341ac5829f-dg-cc6b2caad0c5-000164,2,none,none,fast,normal-fast-2,left,normal,clipped/audio_event_clean/normal/20260909T164559Z-450e1b8ddfcd90341ac5829f-dg-cc6b2caad0c5-000164_ch2.wav,3DPrinter/train/section_00_target_train_normal_000004.wav,0746a15845f835b68a8cc69fe720175c04e95c7518cfd7f3cc848b77da83bc0e,960044,8969824800,8970304800,d11a3b2cc14c313c08423b63ff9b801febb04d49d0830ce346facabf792b4b3b,0,0,3ddfe7072f331f88c55733fd4c9c460f53310a266050b0da57d0f9f267c393a7,saved_rule_based,1.63
section_00_target_train_normal_000005,train,target,normal,C,20260909T155236Z-a0fa60aee1428d67003bdca8,20260909T155236Z-a0fa60aee1428d67003bdca8-dg-9878555e9c6b-000002,4,none,none,fast,normal-fast-1,right,normal,clipped/audio_event_clean/normal/20260909T155236Z-a0fa60aee1428d67003bdca8-dg-9878555e9c6b-000002_ch4.wav,3DPrinter/train/section_00_target_train_normal_000005.wav,75efa42888caf1a5fd9794500808a6990a90ebdbe8b7d961ecc93729096cc46b,960044,8738280000,8738760000,78f98c5f5432ba2b5d65e9dd0f425927e6887fdd70398caaa584f2ea6f8df998,0,0,492d9582ed6119a46f059d4340ad88a9ac43922b010c379d81763026002e3f12,saved_rule_based,1.61
section_00_target_train_normal_000006,train,target,normal,C,20260909T155236Z-a0fa60aee1428d67003bdca8,20260909T155236Z-a0fa60aee1428d67003bdca8-dg-9878555e9c6b-000122,4,none,none,fast,normal-fast-1,right,normal,clipped/audio_event_clean/normal/20260909T155236Z-a0fa60aee1428d67003bdca8-dg-9878555e9c6b-000122_ch4.wav,3DPrinter/train/section_00_target_train_normal_000006.wav,597f6ca914130fa095133a3b45cbc400c8e27f776d0d30a8c5204f16216243a0,960044,8795880000,8796360000,78f98c5f5432ba2b5d65e9dd0f425927e6887fdd70398caaa584f2ea6f8df998,0,0,492d9582ed6119a46f059d4340ad88a9ac43922b010c379d81763026002e3f12,saved_rule_based,1.61
section_00_target_train_normal_000007,train,target,normal,C,20260909T155236Z-a0fa60aee1428d67003bdca8,20260909T155236Z-a0fa60aee1428d67003bdca8-dg-9878555e9c6b-000159,4,none,none,fast,normal-fast-1,right,normal,clipped/audio_event_clean/normal/20260909T155236Z-a0fa60aee1428d67003bdca8-dg-9878555e9c6b-000159_ch4.wav,3DPrinter/train/section_00_target_train_normal_000007.wav,604ef711adc63ff6ed356dedb9ff19ad437650b6e29172763915ae0da8a8d72d,960044,8813640000,8814120000,78f98c5f5432ba2b5d65e9dd0f425927e6887fdd70398caaa584f2ea6f8df998,0,0,492d9582ed6119a46f059d4340ad88a9ac43922b010c379d81763026002e3f12,saved_rule_based,1.61
section_00_target_train_normal_000008,train,target,normal,C,20260909T155236Z-a0fa60aee1428d67003bdca8,20260909T155236Z-a0fa60aee1428d67003bdca8-dg-9878555e9c6b-000164,4,none,none,fast,normal-fast-1,right,normal,clipped/audio_event_clean/normal/20260909T155236Z-a0fa60aee1428d67003bdca8-dg-9878555e9c6b-000164_ch4.wav,3DPrinter/train/section_00_target_train_normal_000008.wav,a22d170666a88d6631a3f1d9f637f0dd314142ae6bb9a3a9de079fa72844537e,960044,8816040000,8816520000,78f98c5f5432ba2b5d65e9dd0f425927e6887fdd70398caaa584f2ea6f8df998,0,0,492d9582ed6119a46f059d4340ad88a9ac43922b010c379d81763026002e3f12,saved_rule_based,1.61
section_00_target_train_normal_000009,train,target,normal,C,20260909T164559Z-450e1b8ddfcd90341ac5829f,20260909T164559Z-450e1b8ddfcd90341ac5829f-dg-cc6b2caad0c5-000024,4,none,none,fast,normal-fast-2,right,normal,clipped/audio_event_clean/normal/20260909T164559Z-450e1b8ddfcd90341ac5829f-dg-cc6b2caad0c5-000024_ch4.wav,3DPrinter/train/section_00_target_train_normal_000009.wav,7d59e857a1726aa66279b4d43d220222f9307d254e9d2caacee937aa3adeaee4,960044,8902624800,8903104800,d11a3b2cc14c313c08423b63ff9b801febb04d49d0830ce346facabf792b4b3b,0,0,3ddfe7072f331f88c55733fd4c9c460f53310a266050b0da57d0f9f267c393a7,saved_rule_based,1.63
